

================================================================
== Vitis HLS Report for 'matg_kernel'
================================================================
* Date:           Wed Jul 15 02:16:40 2026

* Version:        2023.2 (Build 4023990 on Oct 11 2023)
* Project:        hls_component
* Solution:       hls (Vitis Kernel Flow Target)
* Product family: virtexuplusHBM
* Target device:  xcu280-fsvh2892-2L-e


================================================================
== Performance Estimates
================================================================
+ Timing: 
    * Summary: 
    +--------+---------+----------+------------+
    |  Clock |  Target | Estimated| Uncertainty|
    +--------+---------+----------+------------+
    |ap_clk  |  4.44 ns|  5.271 ns|     1.20 ns|
    +--------+---------+----------+------------+

+ Latency: 
    * Summary: 
    +---------+---------+----------+-----------+-----+---------+---------+
    |  Latency (cycles) |  Latency (absolute)  |    Interval   | Pipeline|
    |   min   |   max   |    min   |    max    | min |   max   |   Type  |
    +---------+---------+----------+-----------+-----+---------+---------+
    |      192|  5209276|  1.012 us|  27.459 ms|  193|  5209277|       no|
    +---------+---------+----------+-----------+-----+---------+---------+

    + Detail: 
        * Instance: 
        +------------------------------------------------------------+------------------------------------------------+---------+---------+-----------+-----------+-----+------+---------+
        |                                                            |                                                |  Latency (cycles) |   Latency (absolute)  |  Interval  | Pipeline|
        |                          Instance                          |                     Module                     |   min   |   max   |    min    |    max    | min |  max |   Type  |
        +------------------------------------------------------------+------------------------------------------------+---------+---------+-----------+-----------+-----+------+---------+
        |grp_matg_kernel_Pipeline_baseline_clear_stats_loop_fu_1376  |matg_kernel_Pipeline_baseline_clear_stats_loop  |       18|       18|  79.992 ns|  79.992 ns|   18|    18|       no|
        |grp_matg_kernel_Pipeline_matg_load_weights_fu_1383          |matg_kernel_Pipeline_matg_load_weights          |       10|       10|  44.440 ns|  44.440 ns|   10|    10|       no|
        |grp_matg_kernel_Pipeline_matg_scan_recent_fu_1423           |matg_kernel_Pipeline_matg_scan_recent           |        3|     4625|  15.813 ns|  24.379 us|    3|  4625|       no|
        |grp_matg_kernel_Pipeline_matg_aggregate_neighbors_fu_1486   |matg_kernel_Pipeline_matg_aggregate_neighbors   |        2|       81|   8.888 ns|   0.360 us|    2|    81|       no|
        +------------------------------------------------------------+------------------------------------------------+---------+---------+-----------+-----------+-----+------+---------+

        * Loop: 
        +----------------+---------+---------+----------+-----------+-----------+----------+----------+
        |                |  Latency (cycles) | Iteration|  Initiation Interval  |   Trip   |          |
        |    Loop Name   |   min   |   max   |  Latency |  achieved |   target  |   Count  | Pipelined|
        +----------------+---------+---------+----------+-----------+-----------+----------+----------+
        |- matg_targets  |        5|  5209089|  4 ~ 5087|          -|          -|  1 ~ 1024|        no|
        +----------------+---------+---------+----------+-----------+-----------+----------+----------+



================================================================
== Utilization Estimates
================================================================
* Summary: 
+---------------------+---------+------+---------+---------+-----+
|         Name        | BRAM_18K|  DSP |    FF   |   LUT   | URAM|
+---------------------+---------+------+---------+---------+-----+
|DSP                  |        -|    24|        -|        -|    -|
|Expression           |        -|     -|        0|    45474|    -|
|FIFO                 |        -|     -|        -|        -|    -|
|Instance             |       73|    48|    28490|    25848|    0|
|Memory               |        -|     -|        -|        -|    -|
|Multiplexer          |        -|     -|        -|     3477|    -|
|Register             |        -|     -|    17585|        -|    -|
+---------------------+---------+------+---------+---------+-----+
|Total                |       73|    72|    46075|    74799|    0|
+---------------------+---------+------+---------+---------+-----+
|Available SLR        |     1344|  3008|   869120|   434560|  320|
+---------------------+---------+------+---------+---------+-----+
|Utilization SLR (%)  |        5|     2|        5|       17|    0|
+---------------------+---------+------+---------+---------+-----+
|Available            |     4032|  9024|  2607360|  1303680|  960|
+---------------------+---------+------+---------+---------+-----+
|Utilization (%)      |        1|    ~0|        1|        5|    0|
+---------------------+---------+------+---------+---------+-----+

+ Detail: 
    * Instance: 
    +------------------------------------------------------------+------------------------------------------------+---------+----+------+------+-----+
    |                          Instance                          |                     Module                     | BRAM_18K| DSP|  FF  |  LUT | URAM|
    +------------------------------------------------------------+------------------------------------------------+---------+----+------+------+-----+
    |control_s_axi_U                                             |control_s_axi                                   |        0|   0|  1460|  2600|    0|
    |gmem0_m_axi_U                                               |gmem0_m_axi                                     |        2|   0|   696|   720|    0|
    |gmem10_m_axi_U                                              |gmem10_m_axi                                    |        8|   0|  1181|  1117|    0|
    |gmem11_m_axi_U                                              |gmem11_m_axi                                    |        2|   0|   696|   720|    0|
    |gmem12_m_axi_U                                              |gmem12_m_axi                                    |       30|   0|  3521|  2695|    0|
    |gmem1_m_axi_U                                               |gmem1_m_axi                                     |        2|   0|   696|   720|    0|
    |gmem2_m_axi_U                                               |gmem2_m_axi                                     |        2|   0|   696|   720|    0|
    |gmem3_m_axi_U                                               |gmem3_m_axi                                     |        2|   0|   696|   720|    0|
    |gmem4_m_axi_U                                               |gmem4_m_axi                                     |        2|   0|   696|   720|    0|
    |gmem5_m_axi_U                                               |gmem5_m_axi                                     |        2|   0|   696|   720|    0|
    |gmem6_m_axi_U                                               |gmem6_m_axi                                     |        2|   0|   696|   720|    0|
    |gmem7_m_axi_U                                               |gmem7_m_axi                                     |        2|   0|   696|   720|    0|
    |gmem8_m_axi_U                                               |gmem8_m_axi                                     |        8|   0|  1181|  1117|    0|
    |gmem9_m_axi_U                                               |gmem9_m_axi                                     |        8|   0|  1181|  1117|    0|
    |grp_matg_kernel_Pipeline_baseline_clear_stats_loop_fu_1376  |matg_kernel_Pipeline_baseline_clear_stats_loop  |        0|   0|     9|    86|    0|
    |grp_matg_kernel_Pipeline_matg_aggregate_neighbors_fu_1486   |matg_kernel_Pipeline_matg_aggregate_neighbors   |        0|  32|  1841|  2328|    0|
    |grp_matg_kernel_Pipeline_matg_load_weights_fu_1383          |matg_kernel_Pipeline_matg_load_weights          |        0|   0|  1031|    89|    0|
    |grp_matg_kernel_Pipeline_matg_scan_recent_fu_1423           |matg_kernel_Pipeline_matg_scan_recent           |        1|   0|  4517|  4331|    0|
    |mul_11ns_16s_27_1_1_U209                                    |mul_11ns_16s_27_1_1                             |        0|   1|     0|     5|    0|
    |mul_11ns_16s_27_1_1_U210                                    |mul_11ns_16s_27_1_1                             |        0|   1|     0|     5|    0|
    |mul_11ns_16s_27_1_1_U211                                    |mul_11ns_16s_27_1_1                             |        0|   1|     0|     5|    0|
    |mul_11ns_16s_27_1_1_U212                                    |mul_11ns_16s_27_1_1                             |        0|   1|     0|     5|    0|
    |mul_11ns_16s_27_1_1_U213                                    |mul_11ns_16s_27_1_1                             |        0|   1|     0|     5|    0|
    |mul_11ns_16s_27_1_1_U214                                    |mul_11ns_16s_27_1_1                             |        0|   1|     0|     5|    0|
    |mul_11ns_16s_27_1_1_U215                                    |mul_11ns_16s_27_1_1                             |        0|   1|     0|     5|    0|
    |mul_11ns_16s_27_1_1_U216                                    |mul_11ns_16s_27_1_1                             |        0|   1|     0|     5|    0|
    |mul_16s_16s_32_1_1_U201                                     |mul_16s_16s_32_1_1                              |        0|   1|     0|     5|    0|
    |mul_16s_16s_32_1_1_U202                                     |mul_16s_16s_32_1_1                              |        0|   1|     0|     5|    0|
    |mul_16s_16s_32_1_1_U203                                     |mul_16s_16s_32_1_1                              |        0|   1|     0|     5|    0|
    |mul_16s_16s_32_1_1_U204                                     |mul_16s_16s_32_1_1                              |        0|   1|     0|     5|    0|
    |mul_16s_16s_32_1_1_U205                                     |mul_16s_16s_32_1_1                              |        0|   1|     0|     5|    0|
    |mul_16s_16s_32_1_1_U206                                     |mul_16s_16s_32_1_1                              |        0|   1|     0|     5|    0|
    |mul_16s_16s_32_1_1_U207                                     |mul_16s_16s_32_1_1                              |        0|   1|     0|     5|    0|
    |mul_16s_16s_32_1_1_U208                                     |mul_16s_16s_32_1_1                              |        0|   1|     0|     5|    0|
    |sdiv_32s_32s_16_36_seq_1_U185                               |sdiv_32s_32s_16_36_seq_1                        |        0|   0|   394|   238|    0|
    |sdiv_32s_32s_16_36_seq_1_U186                               |sdiv_32s_32s_16_36_seq_1                        |        0|   0|   394|   238|    0|
    |sdiv_32s_32s_16_36_seq_1_U187                               |sdiv_32s_32s_16_36_seq_1                        |        0|   0|   394|   238|    0|
    |sdiv_32s_32s_16_36_seq_1_U188                               |sdiv_32s_32s_16_36_seq_1                        |        0|   0|   394|   238|    0|
    |sdiv_32s_32s_16_36_seq_1_U189                               |sdiv_32s_32s_16_36_seq_1                        |        0|   0|   394|   238|    0|
    |sdiv_32s_32s_16_36_seq_1_U190                               |sdiv_32s_32s_16_36_seq_1                        |        0|   0|   394|   238|    0|
    |sdiv_32s_32s_16_36_seq_1_U191                               |sdiv_32s_32s_16_36_seq_1                        |        0|   0|   394|   238|    0|
    |sdiv_32s_32s_16_36_seq_1_U192                               |sdiv_32s_32s_16_36_seq_1                        |        0|   0|   394|   238|    0|
    |sdiv_32s_32s_16_36_seq_1_U193                               |sdiv_32s_32s_16_36_seq_1                        |        0|   0|   394|   238|    0|
    |sdiv_32s_32s_16_36_seq_1_U194                               |sdiv_32s_32s_16_36_seq_1                        |        0|   0|   394|   238|    0|
    |sdiv_32s_32s_16_36_seq_1_U195                               |sdiv_32s_32s_16_36_seq_1                        |        0|   0|   394|   238|    0|
    |sdiv_32s_32s_16_36_seq_1_U196                               |sdiv_32s_32s_16_36_seq_1                        |        0|   0|   394|   238|    0|
    |sdiv_32s_32s_16_36_seq_1_U197                               |sdiv_32s_32s_16_36_seq_1                        |        0|   0|   394|   238|    0|
    |sdiv_32s_32s_16_36_seq_1_U198                               |sdiv_32s_32s_16_36_seq_1                        |        0|   0|   394|   238|    0|
    |sdiv_32s_32s_16_36_seq_1_U199                               |sdiv_32s_32s_16_36_seq_1                        |        0|   0|   394|   238|    0|
    |sdiv_32s_32s_16_36_seq_1_U200                               |sdiv_32s_32s_16_36_seq_1                        |        0|   0|   394|   238|    0|
    +------------------------------------------------------------+------------------------------------------------+---------+----+------+------+-----+
    |Total                                                       |                                                |       73|  48| 28490| 25848|    0|
    +------------------------------------------------------------+------------------------------------------------+---------+----+------+------+-----+

    * DSP: 
    +-------------------------------------+--------------------------------+--------------+
    |               Instance              |             Module             |  Expression  |
    +-------------------------------------+--------------------------------+--------------+
    |mac_muladd_11ns_12s_27s_27_4_1_U233  |mac_muladd_11ns_12s_27s_27_4_1  |  i0 + i1 * i2|
    |mac_muladd_11ns_12s_27s_27_4_1_U234  |mac_muladd_11ns_12s_27s_27_4_1  |  i0 + i1 * i2|
    |mac_muladd_11ns_12s_27s_27_4_1_U235  |mac_muladd_11ns_12s_27s_27_4_1  |  i0 + i1 * i2|
    |mac_muladd_11ns_12s_27s_27_4_1_U236  |mac_muladd_11ns_12s_27s_27_4_1  |  i0 + i1 * i2|
    |mac_muladd_11ns_12s_27s_27_4_1_U237  |mac_muladd_11ns_12s_27s_27_4_1  |  i0 + i1 * i2|
    |mac_muladd_11ns_12s_27s_27_4_1_U238  |mac_muladd_11ns_12s_27s_27_4_1  |  i0 + i1 * i2|
    |mac_muladd_11ns_12s_27s_27_4_1_U239  |mac_muladd_11ns_12s_27s_27_4_1  |  i0 + i1 * i2|
    |mac_muladd_11ns_12s_27s_27_4_1_U240  |mac_muladd_11ns_12s_27s_27_4_1  |  i0 + i1 * i2|
    |mac_muladd_16s_16s_32ns_32_4_1_U219  |mac_muladd_16s_16s_32ns_32_4_1  |  i0 + i1 * i2|
    |mac_muladd_16s_16s_32ns_32_4_1_U220  |mac_muladd_16s_16s_32ns_32_4_1  |  i0 + i1 * i2|
    |mac_muladd_16s_16s_32ns_32_4_1_U223  |mac_muladd_16s_16s_32ns_32_4_1  |  i0 + i1 * i2|
    |mac_muladd_16s_16s_32ns_32_4_1_U224  |mac_muladd_16s_16s_32ns_32_4_1  |  i0 + i1 * i2|
    |mac_muladd_16s_16s_32ns_32_4_1_U227  |mac_muladd_16s_16s_32ns_32_4_1  |  i0 + i1 * i2|
    |mac_muladd_16s_16s_32ns_32_4_1_U228  |mac_muladd_16s_16s_32ns_32_4_1  |  i0 + i1 * i2|
    |mac_muladd_16s_16s_32ns_32_4_1_U231  |mac_muladd_16s_16s_32ns_32_4_1  |  i0 + i1 * i2|
    |mac_muladd_16s_16s_32ns_32_4_1_U232  |mac_muladd_16s_16s_32ns_32_4_1  |  i0 + i1 * i2|
    |mac_muladd_16s_16s_32s_32_4_1_U217   |mac_muladd_16s_16s_32s_32_4_1   |  i0 + i1 * i2|
    |mac_muladd_16s_16s_32s_32_4_1_U218   |mac_muladd_16s_16s_32s_32_4_1   |  i0 + i1 * i2|
    |mac_muladd_16s_16s_32s_32_4_1_U221   |mac_muladd_16s_16s_32s_32_4_1   |  i0 + i1 * i2|
    |mac_muladd_16s_16s_32s_32_4_1_U222   |mac_muladd_16s_16s_32s_32_4_1   |  i0 + i1 * i2|
    |mac_muladd_16s_16s_32s_32_4_1_U225   |mac_muladd_16s_16s_32s_32_4_1   |  i0 + i1 * i2|
    |mac_muladd_16s_16s_32s_32_4_1_U226   |mac_muladd_16s_16s_32s_32_4_1   |  i0 + i1 * i2|
    |mac_muladd_16s_16s_32s_32_4_1_U229   |mac_muladd_16s_16s_32s_32_4_1   |  i0 + i1 * i2|
    |mac_muladd_16s_16s_32s_32_4_1_U230   |mac_muladd_16s_16s_32s_32_4_1   |  i0 + i1 * i2|
    +-------------------------------------+--------------------------------+--------------+

    * Memory: 
    N/A

    * FIFO: 
    N/A

    * Expression: 
    +-----------------------------+----------+----+---+------+------------+------------+
    |        Variable Name        | Operation| DSP| FF|  LUT | Bitwidth P0| Bitwidth P1|
    +-----------------------------+----------+----+---+------+------------+------------+
    |add_ln112_10_fu_9960_p2      |         +|   0|  0|    71|          64|          64|
    |add_ln112_11_fu_10242_p2     |         +|   0|  0|    64|          64|          64|
    |add_ln112_12_fu_10300_p2     |         +|   0|  0|    64|          64|          64|
    |add_ln112_13_fu_10282_p2     |         +|   0|  0|    71|          64|          64|
    |add_ln112_14_fu_10306_p2     |         +|   0|  0|    64|          64|          64|
    |add_ln112_15_fu_10357_p2     |         +|   0|  0|    64|          64|          64|
    |add_ln112_16_fu_10346_p2     |         +|   0|  0|    71|          64|          64|
    |add_ln112_17_fu_10363_p2     |         +|   0|  0|    64|          64|          64|
    |add_ln112_18_fu_10409_p2     |         +|   0|  0|    64|          64|          64|
    |add_ln112_19_fu_10415_p2     |         +|   0|  0|    71|          64|          64|
    |add_ln112_1_fu_7827_p2       |         +|   0|  0|    71|          64|          64|
    |add_ln112_20_fu_10421_p2     |         +|   0|  0|    64|          64|          64|
    |add_ln112_21_fu_10467_p2     |         +|   0|  0|    64|          64|          64|
    |add_ln112_22_fu_10473_p2     |         +|   0|  0|    71|          64|          64|
    |add_ln112_23_fu_10479_p2     |         +|   0|  0|    64|          64|          64|
    |add_ln112_2_fu_8351_p2       |         +|   0|  0|    64|          64|          64|
    |add_ln112_3_fu_9162_p2       |         +|   0|  0|    64|          64|          64|
    |add_ln112_4_fu_8391_p2       |         +|   0|  0|    71|          64|          64|
    |add_ln112_5_fu_9168_p2       |         +|   0|  0|    64|          64|          64|
    |add_ln112_6_fu_9914_p2       |         +|   0|  0|    64|          64|          64|
    |add_ln112_7_fu_9208_p2       |         +|   0|  0|    71|          64|          64|
    |add_ln112_8_fu_9920_p2       |         +|   0|  0|    64|          64|          64|
    |add_ln112_9_fu_10236_p2      |         +|   0|  0|    64|          64|          64|
    |add_ln112_fu_8345_p2         |         +|   0|  0|    64|          64|          64|
    |add_ln168_fu_2033_p2         |         +|   0|  0|    39|          32|           1|
    |add_ln170_1_fu_2089_p2       |         +|   0|  0|    71|          64|          64|
    |add_ln170_2_fu_2104_p2       |         +|   0|  0|    71|          64|          64|
    |add_ln170_3_fu_2129_p2       |         +|   0|  0|    71|          64|          64|
    |add_ln170_fu_2074_p2         |         +|   0|  0|    71|          64|          64|
    |add_ln176_fu_2169_p2         |         +|   0|  0|    71|          64|          64|
    |add_ln177_fu_2216_p2         |         +|   0|  0|    71|          64|          64|
    |add_ln241_1_fu_2693_p2       |         +|   0|  0|    71|          64|          64|
    |add_ln241_2_fu_2739_p2       |         +|   0|  0|    71|          64|          64|
    |add_ln241_3_fu_2775_p2       |         +|   0|  0|    71|          64|          64|
    |add_ln241_fu_2645_p2         |         +|   0|  0|    71|          64|          64|
    |add_ln259_fu_10506_p2        |         +|   0|  0|    71|          64|          64|
    |add_ln260_fu_10531_p2        |         +|   0|  0|    71|          64|          64|
    |add_ln278_10_fu_11186_p2     |         +|   0|  0|    71|          64|           7|
    |add_ln278_1_fu_10653_p2      |         +|   0|  0|    71|          64|           6|
    |add_ln278_2_fu_10711_p2      |         +|   0|  0|    71|          64|           6|
    |add_ln278_3_fu_10766_p2      |         +|   0|  0|    71|          64|           7|
    |add_ln278_4_fu_10824_p2      |         +|   0|  0|    71|          64|           7|
    |add_ln278_5_fu_10894_p2      |         +|   0|  0|    71|          64|           7|
    |add_ln278_6_fu_10953_p2      |         +|   0|  0|    71|          64|           7|
    |add_ln278_7_fu_11012_p2      |         +|   0|  0|    71|          64|           7|
    |add_ln278_8_fu_11070_p2      |         +|   0|  0|    71|          64|           7|
    |add_ln278_9_fu_11128_p2      |         +|   0|  0|    71|          64|           7|
    |add_ln278_fu_2038_p2         |         +|   0|  0|    71|          64|           6|
    |add_ln78_1_fu_7390_p2        |         +|   0|  0|    32|          25|          25|
    |add_ln78_2_fu_8433_p2        |         +|   0|  0|    32|          25|          25|
    |add_ln78_3_fu_8568_p2        |         +|   0|  0|    32|          25|          25|
    |add_ln78_4_fu_9257_p2        |         +|   0|  0|    32|          25|          25|
    |add_ln78_5_fu_9392_p2        |         +|   0|  0|    32|          25|          25|
    |add_ln78_6_fu_10009_p2       |         +|   0|  0|    32|          25|          25|
    |add_ln78_7_fu_10138_p2       |         +|   0|  0|    32|          25|          25|
    |add_ln78_fu_7255_p2          |         +|   0|  0|    32|          25|          25|
    |add_ln82_10_fu_8324_p2       |         +|   0|  0|    19|          19|          19|
    |add_ln82_11_fu_8941_p2       |         +|   0|  0|    31|          24|          24|
    |add_ln82_12_fu_9110_p2       |         +|   0|  0|    19|          19|          19|
    |add_ln82_13_fu_9561_p2       |         +|   0|  0|    31|          24|          24|
    |add_ln82_14_fu_9151_p2       |         +|   0|  0|    19|          19|          19|
    |add_ln82_15_fu_9770_p2       |         +|   0|  0|    31|          24|          24|
    |add_ln82_1_fu_6439_p2        |         +|   0|  0|    31|          24|          24|
    |add_ln82_2_fu_5791_p2        |         +|   0|  0|    19|          19|          19|
    |add_ln82_3_fu_6643_p2        |         +|   0|  0|    31|          24|          24|
    |add_ln82_4_fu_7524_p2        |         +|   0|  0|    19|          19|          19|
    |add_ln82_5_fu_7910_p2        |         +|   0|  0|    31|          24|          24|
    |add_ln82_6_fu_7565_p2        |         +|   0|  0|    19|          19|          19|
    |add_ln82_7_fu_8114_p2        |         +|   0|  0|    31|          24|          24|
    |add_ln82_8_fu_8283_p2        |         +|   0|  0|    19|          19|          19|
    |add_ln82_9_fu_8737_p2        |         +|   0|  0|    31|          24|          24|
    |add_ln82_fu_5750_p2          |         +|   0|  0|    19|          19|          19|
    |add_ln85_1_fu_5162_p2        |         +|   0|  0|    31|          24|          24|
    |add_ln85_2_fu_5856_p2        |         +|   0|  0|    31|          24|          24|
    |add_ln85_3_fu_5966_p2        |         +|   0|  0|    31|          24|          24|
    |add_ln85_4_fu_6846_p2        |         +|   0|  0|    31|          24|          24|
    |add_ln85_5_fu_6956_p2        |         +|   0|  0|    31|          24|          24|
    |add_ln85_6_fu_7640_p2        |         +|   0|  0|    31|          24|          24|
    |add_ln85_7_fu_7750_p2        |         +|   0|  0|    31|          24|          24|
    |add_ln85_fu_5052_p2          |         +|   0|  0|    31|          24|          24|
    |invalid_inputs_1_fu_2194_p2  |         +|   0|  0|    71|          64|           1|
    |linear_1_fu_4700_p2          |         +|   0|  0|    31|          24|          24|
    |linear_2_fu_5270_p2          |         +|   0|  0|    31|          24|          24|
    |linear_3_fu_5340_p2          |         +|   0|  0|    31|          24|          24|
    |linear_4_fu_5632_p2          |         +|   0|  0|    31|          24|          24|
    |linear_5_fu_5702_p2          |         +|   0|  0|    31|          24|          24|
    |linear_6_fu_6286_p2          |         +|   0|  0|    31|          24|          24|
    |linear_7_fu_6356_p2          |         +|   0|  0|    31|          24|          24|
    |linear_fu_4630_p2            |         +|   0|  0|    31|          24|          24|
    |result_10_fu_6172_p2         |         +|   0|  0|    31|          24|          10|
    |result_12_fu_7056_p2         |         +|   0|  0|    31|          24|          10|
    |result_14_fu_7162_p2         |         +|   0|  0|    31|          24|          10|
    |result_2_fu_4920_p2          |         +|   0|  0|    31|          24|          10|
    |result_4_fu_5412_p2          |         +|   0|  0|    31|          24|          10|
    |result_6_fu_5518_p2          |         +|   0|  0|    31|          24|          10|
    |result_8_fu_6066_p2          |         +|   0|  0|    31|          24|          10|
    |result_fu_4814_p2            |         +|   0|  0|    31|          24|          10|
    |selected_total_1_fu_2529_p2  |         +|   0|  0|    71|          64|          64|
    |sub50_fu_2395_p2             |         +|   0|  0|    39|          32|           2|
    |sub_fu_2390_p2               |         -|   0|  0|    39|          32|          32|
    |sub_ln73_10_fu_5652_p2       |         -|   0|  0|    39|           1|          32|
    |sub_ln73_11_fu_5671_p2       |         -|   0|  0|    30|           1|          23|
    |sub_ln73_12_fu_6236_p2       |         -|   0|  0|    39|           1|          32|
    |sub_ln73_13_fu_6255_p2       |         -|   0|  0|    30|           1|          23|
    |sub_ln73_14_fu_6306_p2       |         -|   0|  0|    39|           1|          32|
    |sub_ln73_15_fu_6325_p2       |         -|   0|  0|    30|           1|          23|
    |sub_ln73_1_fu_4599_p2        |         -|   0|  0|    30|           1|          23|
    |sub_ln73_2_fu_4650_p2        |         -|   0|  0|    39|           1|          32|
    |sub_ln73_3_fu_4669_p2        |         -|   0|  0|    30|           1|          23|
    |sub_ln73_4_fu_5220_p2        |         -|   0|  0|    39|           1|          32|
    |sub_ln73_5_fu_5239_p2        |         -|   0|  0|    30|           1|          23|
    |sub_ln73_6_fu_5290_p2        |         -|   0|  0|    39|           1|          32|
    |sub_ln73_7_fu_5309_p2        |         -|   0|  0|    30|           1|          23|
    |sub_ln73_8_fu_5582_p2        |         -|   0|  0|    39|           1|          32|
    |sub_ln73_9_fu_5601_p2        |         -|   0|  0|    30|           1|          23|
    |sub_ln73_fu_4580_p2          |         -|   0|  0|    39|           1|          32|
    |sub_ln75_1_fu_2923_p2        |         -|   0|  0|    49|          49|          49|
    |sub_ln75_fu_2917_p2          |         -|   0|  0|    49|           1|          49|
    |sub_ln78_1_fu_7360_p2        |         -|   0|  0|    31|           1|          24|
    |sub_ln78_2_fu_8403_p2        |         -|   0|  0|    31|           1|          24|
    |sub_ln78_3_fu_8538_p2        |         -|   0|  0|    31|           1|          24|
    |sub_ln78_4_fu_9227_p2        |         -|   0|  0|    31|           1|          24|
    |sub_ln78_5_fu_9362_p2        |         -|   0|  0|    31|           1|          24|
    |sub_ln78_6_fu_9979_p2        |         -|   0|  0|    31|           1|          24|
    |sub_ln78_7_fu_10108_p2       |         -|   0|  0|    31|           1|          24|
    |sub_ln78_fu_7225_p2          |         -|   0|  0|    31|           1|          24|
    |sub_ln82_10_fu_8131_p2       |         -|   0|  0|    25|           1|          18|
    |sub_ln82_11_fu_8147_p2       |         -|   0|  0|    23|           1|          16|
    |sub_ln82_12_fu_8277_p2       |         -|   0|  0|    19|          19|          19|
    |sub_ln82_13_fu_8754_p2       |         -|   0|  0|    25|           1|          18|
    |sub_ln82_14_fu_8770_p2       |         -|   0|  0|    23|           1|          16|
    |sub_ln82_15_fu_8318_p2       |         -|   0|  0|    19|          19|          19|
    |sub_ln82_16_fu_8958_p2       |         -|   0|  0|    25|           1|          18|
    |sub_ln82_17_fu_8974_p2       |         -|   0|  0|    23|           1|          16|
    |sub_ln82_18_fu_9104_p2       |         -|   0|  0|    19|          19|          19|
    |sub_ln82_19_fu_9578_p2       |         -|   0|  0|    25|           1|          18|
    |sub_ln82_1_fu_6456_p2        |         -|   0|  0|    25|           1|          18|
    |sub_ln82_20_fu_9594_p2       |         -|   0|  0|    23|           1|          16|
    |sub_ln82_21_fu_9145_p2       |         -|   0|  0|    19|          19|          19|
    |sub_ln82_22_fu_9787_p2       |         -|   0|  0|    25|           1|          18|
    |sub_ln82_23_fu_9803_p2       |         -|   0|  0|    23|           1|          16|
    |sub_ln82_2_fu_6472_p2        |         -|   0|  0|    23|           1|          16|
    |sub_ln82_3_fu_5785_p2        |         -|   0|  0|    19|          19|          19|
    |sub_ln82_4_fu_6660_p2        |         -|   0|  0|    25|           1|          18|
    |sub_ln82_5_fu_6676_p2        |         -|   0|  0|    23|           1|          16|
    |sub_ln82_6_fu_7518_p2        |         -|   0|  0|    19|          19|          19|
    |sub_ln82_7_fu_7927_p2        |         -|   0|  0|    25|           1|          18|
    |sub_ln82_8_fu_7943_p2        |         -|   0|  0|    23|           1|          16|
    |sub_ln82_9_fu_7559_p2        |         -|   0|  0|    19|          19|          19|
    |sub_ln82_fu_5744_p2          |         -|   0|  0|    19|          19|          19|
    |sub_ln85_10_fu_6193_p2       |         -|   0|  0|    24|           1|          17|
    |sub_ln85_11_fu_6213_p2       |         -|   0|  0|    24|           1|          17|
    |sub_ln85_12_fu_7077_p2       |         -|   0|  0|    24|           1|          17|
    |sub_ln85_13_fu_7097_p2       |         -|   0|  0|    24|           1|          17|
    |sub_ln85_14_fu_7183_p2       |         -|   0|  0|    24|           1|          17|
    |sub_ln85_15_fu_7203_p2       |         -|   0|  0|    24|           1|          17|
    |sub_ln85_1_fu_4855_p2        |         -|   0|  0|    24|           1|          17|
    |sub_ln85_2_fu_4941_p2        |         -|   0|  0|    24|           1|          17|
    |sub_ln85_3_fu_4961_p2        |         -|   0|  0|    24|           1|          17|
    |sub_ln85_4_fu_5433_p2        |         -|   0|  0|    24|           1|          17|
    |sub_ln85_5_fu_5453_p2        |         -|   0|  0|    24|           1|          17|
    |sub_ln85_6_fu_5539_p2        |         -|   0|  0|    24|           1|          17|
    |sub_ln85_7_fu_5559_p2        |         -|   0|  0|    24|           1|          17|
    |sub_ln85_8_fu_6087_p2        |         -|   0|  0|    24|           1|          17|
    |sub_ln85_9_fu_6107_p2        |         -|   0|  0|    24|           1|          17|
    |sub_ln85_fu_4835_p2          |         -|   0|  0|    24|           1|          17|
    |sub_ln86_1_fu_5358_p2        |         -|   0|  0|    19|          12|          11|
    |sub_ln86_2_fu_6777_p2        |         -|   0|  0|    19|          12|          11|
    |sub_ln86_3_fu_6782_p2        |         -|   0|  0|    19|          12|          11|
    |sub_ln86_4_fu_7571_p2        |         -|   0|  0|    19|          12|          11|
    |sub_ln86_5_fu_7576_p2        |         -|   0|  0|    19|          12|          11|
    |sub_ln86_6_fu_8330_p2        |         -|   0|  0|    19|          12|          11|
    |sub_ln86_7_fu_8335_p2        |         -|   0|  0|    19|          12|          11|
    |sub_ln86_fu_5353_p2          |         -|   0|  0|    19|          12|          11|
    |sub_ln87_10_fu_8884_p2       |         -|   0|  0|    33|           1|          26|
    |sub_ln87_11_fu_8900_p2       |         -|   0|  0|    23|           1|          16|
    |sub_ln87_12_fu_9504_p2       |         -|   0|  0|    33|           1|          26|
    |sub_ln87_13_fu_9520_p2       |         -|   0|  0|    23|           1|          16|
    |sub_ln87_14_fu_9713_p2       |         -|   0|  0|    33|           1|          26|
    |sub_ln87_15_fu_9729_p2       |         -|   0|  0|    23|           1|          16|
    |sub_ln87_1_fu_6398_p2        |         -|   0|  0|    23|           1|          16|
    |sub_ln87_2_fu_6586_p2        |         -|   0|  0|    33|           1|          26|
    |sub_ln87_3_fu_6602_p2        |         -|   0|  0|    23|           1|          16|
    |sub_ln87_4_fu_7853_p2        |         -|   0|  0|    33|           1|          26|
    |sub_ln87_5_fu_7869_p2        |         -|   0|  0|    23|           1|          16|
    |sub_ln87_6_fu_8057_p2        |         -|   0|  0|    33|           1|          26|
    |sub_ln87_7_fu_8073_p2        |         -|   0|  0|    23|           1|          16|
    |sub_ln87_8_fu_8680_p2        |         -|   0|  0|    33|           1|          26|
    |sub_ln87_9_fu_8696_p2        |         -|   0|  0|    23|           1|          16|
    |sub_ln87_fu_6382_p2          |         -|   0|  0|    33|           1|          26|
    |sub_ln94_10_fu_6123_p2       |         -|   0|  0|    31|           1|          24|
    |sub_ln94_11_fu_6142_p2       |         -|   0|  0|    30|           1|          23|
    |sub_ln94_12_fu_7007_p2       |         -|   0|  0|    31|           1|          24|
    |sub_ln94_13_fu_7026_p2       |         -|   0|  0|    30|           1|          23|
    |sub_ln94_14_fu_7113_p2       |         -|   0|  0|    31|           1|          24|
    |sub_ln94_15_fu_7132_p2       |         -|   0|  0|    30|           1|          23|
    |sub_ln94_1_fu_4784_p2        |         -|   0|  0|    30|           1|          23|
    |sub_ln94_2_fu_4871_p2        |         -|   0|  0|    31|           1|          24|
    |sub_ln94_3_fu_4890_p2        |         -|   0|  0|    30|           1|          23|
    |sub_ln94_4_fu_5363_p2        |         -|   0|  0|    31|           1|          24|
    |sub_ln94_5_fu_5382_p2        |         -|   0|  0|    30|           1|          23|
    |sub_ln94_6_fu_5469_p2        |         -|   0|  0|    31|           1|          24|
    |sub_ln94_7_fu_5488_p2        |         -|   0|  0|    30|           1|          23|
    |sub_ln94_8_fu_6017_p2        |         -|   0|  0|    31|           1|          24|
    |sub_ln94_9_fu_6036_p2        |         -|   0|  0|    30|           1|          23|
    |sub_ln94_fu_4765_p2          |         -|   0|  0|    31|           1|          24|
    |and_ln72_1_fu_7463_p2        |       and|   0|  0|     2|           1|           1|
    |and_ln72_2_fu_8506_p2        |       and|   0|  0|     2|           1|           1|
    |and_ln72_3_fu_8641_p2        |       and|   0|  0|     2|           1|           1|
    |and_ln72_4_fu_9330_p2        |       and|   0|  0|     2|           1|           1|
    |and_ln72_5_fu_9465_p2        |       and|   0|  0|     2|           1|           1|
    |and_ln72_6_fu_9695_p2        |       and|   0|  0|     2|           1|           1|
    |and_ln72_7_fu_9904_p2        |       and|   0|  0|     2|           1|           1|
    |and_ln72_fu_7328_p2          |       and|   0|  0|     2|           1|           1|
    |and_ln76_1_fu_2019_p2        |       and|   0|  0|     2|           1|           1|
    |and_ln76_fu_2013_p2          |       and|   0|  0|     2|           1|           1|
    |and_ln83_10_fu_7443_p2       |       and|   0|  0|     2|           1|           1|
    |and_ln83_11_fu_7447_p2       |       and|   0|  0|     2|           1|           1|
    |and_ln83_12_fu_8013_p2       |       and|   0|  0|     2|           1|           1|
    |and_ln83_13_fu_8031_p2       |       and|   0|  0|     2|           1|           1|
    |and_ln83_14_fu_8469_p2       |       and|   0|  0|     2|           1|           1|
    |and_ln83_15_fu_8481_p2       |       and|   0|  0|     2|           1|           1|
    |and_ln83_16_fu_8486_p2       |       and|   0|  0|     2|           1|           1|
    |and_ln83_17_fu_8490_p2       |       and|   0|  0|     2|           1|           1|
    |and_ln83_18_fu_8217_p2       |       and|   0|  0|     2|           1|           1|
    |and_ln83_19_fu_8235_p2       |       and|   0|  0|     2|           1|           1|
    |and_ln83_1_fu_6560_p2        |       and|   0|  0|     2|           1|           1|
    |and_ln83_20_fu_8604_p2       |       and|   0|  0|     2|           1|           1|
    |and_ln83_21_fu_8616_p2       |       and|   0|  0|     2|           1|           1|
    |and_ln83_22_fu_8621_p2       |       and|   0|  0|     2|           1|           1|
    |and_ln83_23_fu_8625_p2       |       and|   0|  0|     2|           1|           1|
    |and_ln83_24_fu_8840_p2       |       and|   0|  0|     2|           1|           1|
    |and_ln83_25_fu_8858_p2       |       and|   0|  0|     2|           1|           1|
    |and_ln83_26_fu_9293_p2       |       and|   0|  0|     2|           1|           1|
    |and_ln83_27_fu_9305_p2       |       and|   0|  0|     2|           1|           1|
    |and_ln83_28_fu_9310_p2       |       and|   0|  0|     2|           1|           1|
    |and_ln83_29_fu_9314_p2       |       and|   0|  0|     2|           1|           1|
    |and_ln83_2_fu_7291_p2        |       and|   0|  0|     2|           1|           1|
    |and_ln83_30_fu_9044_p2       |       and|   0|  0|     2|           1|           1|
    |and_ln83_31_fu_9062_p2       |       and|   0|  0|     2|           1|           1|
    |and_ln83_32_fu_9428_p2       |       and|   0|  0|     2|           1|           1|
    |and_ln83_33_fu_9440_p2       |       and|   0|  0|     2|           1|           1|
    |and_ln83_34_fu_9445_p2       |       and|   0|  0|     2|           1|           1|
    |and_ln83_35_fu_9449_p2       |       and|   0|  0|     2|           1|           1|
    |and_ln83_36_fu_9664_p2       |       and|   0|  0|     2|           1|           1|
    |and_ln83_37_fu_9682_p2       |       and|   0|  0|     2|           1|           1|
    |and_ln83_38_fu_10045_p2      |       and|   0|  0|     2|           1|           1|
    |and_ln83_39_fu_10057_p2      |       and|   0|  0|     2|           1|           1|
    |and_ln83_3_fu_7303_p2        |       and|   0|  0|     2|           1|           1|
    |and_ln83_40_fu_10062_p2      |       and|   0|  0|     2|           1|           1|
    |and_ln83_41_fu_10066_p2      |       and|   0|  0|     2|           1|           1|
    |and_ln83_42_fu_9873_p2       |       and|   0|  0|     2|           1|           1|
    |and_ln83_43_fu_9891_p2       |       and|   0|  0|     2|           1|           1|
    |and_ln83_44_fu_10174_p2      |       and|   0|  0|     2|           1|           1|
    |and_ln83_45_fu_10186_p2      |       and|   0|  0|     2|           1|           1|
    |and_ln83_46_fu_10191_p2      |       and|   0|  0|     2|           1|           1|
    |and_ln83_47_fu_10195_p2      |       and|   0|  0|     2|           1|           1|
    |and_ln83_4_fu_7308_p2        |       and|   0|  0|     2|           1|           1|
    |and_ln83_5_fu_7312_p2        |       and|   0|  0|     2|           1|           1|
    |and_ln83_6_fu_6746_p2        |       and|   0|  0|     2|           1|           1|
    |and_ln83_7_fu_6764_p2        |       and|   0|  0|     2|           1|           1|
    |and_ln83_8_fu_7426_p2        |       and|   0|  0|     2|           1|           1|
    |and_ln83_9_fu_7438_p2        |       and|   0|  0|     2|           1|           1|
    |and_ln83_fu_6542_p2          |       and|   0|  0|     2|           1|           1|
    |ap_block_state81_io          |       and|   0|  0|     2|           1|           1|
    |icmp_ln106_fu_1813_p2        |      icmp|   0|  0|    39|          32|           5|
    |icmp_ln160_fu_1827_p2        |      icmp|   0|  0|     9|           2|           1|
    |icmp_ln162_fu_1833_p2        |      icmp|   0|  0|    10|           2|           3|
    |icmp_ln168_fu_2028_p2        |      icmp|   0|  0|    39|          32|          32|
    |icmp_ln172_1_fu_2144_p2      |      icmp|   0|  0|    39|          32|          32|
    |icmp_ln172_fu_2134_p2        |      icmp|   0|  0|    39|          32|          32|
    |icmp_ln176_fu_2154_p2        |      icmp|   0|  0|    39|          32|          32|
    |icmp_ln233_fu_2823_p2        |      icmp|   0|  0|    39|          32|           1|
    |icmp_ln72_10_fu_3248_p2      |      icmp|   0|  0|    54|          47|          47|
    |icmp_ln72_11_fu_3259_p2      |      icmp|   0|  0|    54|          47|          47|
    |icmp_ln72_12_fu_3114_p2      |      icmp|   0|  0|    54|          47|          47|
    |icmp_ln72_13_fu_3125_p2      |      icmp|   0|  0|    54|          47|          47|
    |icmp_ln72_14_fu_7901_p2      |      icmp|   0|  0|     9|           2|           1|
    |icmp_ln72_15_fu_3300_p2      |      icmp|   0|  0|    54|          47|          47|
    |icmp_ln72_16_fu_3311_p2      |      icmp|   0|  0|    54|          47|          47|
    |icmp_ln72_17_fu_3166_p2      |      icmp|   0|  0|    54|          47|          47|
    |icmp_ln72_18_fu_3177_p2      |      icmp|   0|  0|    54|          47|          47|
    |icmp_ln72_19_fu_8105_p2      |      icmp|   0|  0|     9|           2|           1|
    |icmp_ln72_1_fu_2891_p2       |      icmp|   0|  0|    54|          47|          47|
    |icmp_ln72_20_fu_3352_p2      |      icmp|   0|  0|    54|          47|          47|
    |icmp_ln72_21_fu_3363_p2      |      icmp|   0|  0|    54|          47|          47|
    |icmp_ln72_22_fu_3404_p2      |      icmp|   0|  0|    54|          47|          47|
    |icmp_ln72_23_fu_3415_p2      |      icmp|   0|  0|    54|          47|          47|
    |icmp_ln72_24_fu_8728_p2      |      icmp|   0|  0|     9|           2|           1|
    |icmp_ln72_25_fu_3456_p2      |      icmp|   0|  0|    54|          47|          47|
    |icmp_ln72_26_fu_3467_p2      |      icmp|   0|  0|    54|          47|          47|
    |icmp_ln72_27_fu_3508_p2      |      icmp|   0|  0|    54|          47|          47|
    |icmp_ln72_28_fu_3519_p2      |      icmp|   0|  0|    54|          47|          47|
    |icmp_ln72_29_fu_8932_p2      |      icmp|   0|  0|     9|           2|           1|
    |icmp_ln72_2_fu_2948_p2       |      icmp|   0|  0|    54|          47|          47|
    |icmp_ln72_30_fu_3560_p2      |      icmp|   0|  0|    54|          47|          47|
    |icmp_ln72_31_fu_3571_p2      |      icmp|   0|  0|    54|          47|          47|
    |icmp_ln72_32_fu_3612_p2      |      icmp|   0|  0|    54|          47|          47|
    |icmp_ln72_33_fu_3623_p2      |      icmp|   0|  0|    54|          47|          47|
    |icmp_ln72_34_fu_9552_p2      |      icmp|   0|  0|     9|           2|           1|
    |icmp_ln72_35_fu_3664_p2      |      icmp|   0|  0|    54|          47|          47|
    |icmp_ln72_36_fu_3675_p2      |      icmp|   0|  0|    54|          47|          47|
    |icmp_ln72_37_fu_3716_p2      |      icmp|   0|  0|    54|          47|          47|
    |icmp_ln72_38_fu_3727_p2      |      icmp|   0|  0|    54|          47|          47|
    |icmp_ln72_39_fu_9761_p2      |      icmp|   0|  0|     9|           2|           1|
    |icmp_ln72_3_fu_2960_p2       |      icmp|   0|  0|    54|          47|          47|
    |icmp_ln72_4_fu_6430_p2       |      icmp|   0|  0|     9|           2|           1|
    |icmp_ln72_5_fu_3003_p2       |      icmp|   0|  0|    54|          47|          47|
    |icmp_ln72_6_fu_3015_p2       |      icmp|   0|  0|    54|          47|          47|
    |icmp_ln72_7_fu_3053_p2       |      icmp|   0|  0|    54|          47|          47|
    |icmp_ln72_8_fu_3065_p2       |      icmp|   0|  0|    54|          47|          47|
    |icmp_ln72_9_fu_6634_p2       |      icmp|   0|  0|     9|           2|           1|
    |icmp_ln72_fu_2879_p2         |      icmp|   0|  0|    54|          47|          47|
    |icmp_ln75_10_fu_3093_p2      |      icmp|   0|  0|    56|          49|          49|
    |icmp_ln75_11_fu_8177_p2      |      icmp|   0|  0|    34|          27|          27|
    |icmp_ln75_12_fu_3281_p2      |      icmp|   0|  0|    56|          49|          49|
    |icmp_ln75_13_fu_3286_p2      |      icmp|   0|  0|    56|          49|          49|
    |icmp_ln75_14_fu_8800_p2      |      icmp|   0|  0|    34|          27|          27|
    |icmp_ln75_15_fu_3147_p2      |      icmp|   0|  0|    56|          49|          49|
    |icmp_ln75_16_fu_3152_p2      |      icmp|   0|  0|    56|          49|          49|
    |icmp_ln75_17_fu_9004_p2      |      icmp|   0|  0|    34|          27|          27|
    |icmp_ln75_18_fu_3333_p2      |      icmp|   0|  0|    56|          49|          49|
    |icmp_ln75_19_fu_3338_p2      |      icmp|   0|  0|    56|          49|          49|
    |icmp_ln75_1_fu_2939_p2       |      icmp|   0|  0|    56|          49|          49|
    |icmp_ln75_20_fu_9624_p2      |      icmp|   0|  0|    34|          27|          27|
    |icmp_ln75_21_fu_3199_p2      |      icmp|   0|  0|    56|          49|          49|
    |icmp_ln75_22_fu_3204_p2      |      icmp|   0|  0|    56|          49|          49|
    |icmp_ln75_23_fu_9833_p2      |      icmp|   0|  0|    34|          27|          27|
    |icmp_ln75_24_fu_3385_p2      |      icmp|   0|  0|    56|          49|          49|
    |icmp_ln75_25_fu_3390_p2      |      icmp|   0|  0|    56|          49|          49|
    |icmp_ln75_26_fu_3437_p2      |      icmp|   0|  0|    56|          49|          49|
    |icmp_ln75_27_fu_3442_p2      |      icmp|   0|  0|    56|          49|          49|
    |icmp_ln75_28_fu_3489_p2      |      icmp|   0|  0|    56|          49|          49|
    |icmp_ln75_29_fu_3494_p2      |      icmp|   0|  0|    56|          49|          49|
    |icmp_ln75_2_fu_6502_p2       |      icmp|   0|  0|    34|          27|          27|
    |icmp_ln75_30_fu_3541_p2      |      icmp|   0|  0|    56|          49|          49|
    |icmp_ln75_31_fu_3546_p2      |      icmp|   0|  0|    56|          49|          49|
    |icmp_ln75_32_fu_3593_p2      |      icmp|   0|  0|    56|          49|          49|
    |icmp_ln75_33_fu_3598_p2      |      icmp|   0|  0|    56|          49|          49|
    |icmp_ln75_34_fu_3645_p2      |      icmp|   0|  0|    56|          49|          49|
    |icmp_ln75_35_fu_3650_p2      |      icmp|   0|  0|    56|          49|          49|
    |icmp_ln75_36_fu_3697_p2      |      icmp|   0|  0|    56|          49|          49|
    |icmp_ln75_37_fu_3702_p2      |      icmp|   0|  0|    56|          49|          49|
    |icmp_ln75_38_fu_3749_p2      |      icmp|   0|  0|    56|          49|          49|
    |icmp_ln75_39_fu_3754_p2      |      icmp|   0|  0|    56|          49|          49|
    |icmp_ln75_3_fu_2982_p2       |      icmp|   0|  0|    56|          49|          49|
    |icmp_ln75_4_fu_2988_p2       |      icmp|   0|  0|    56|          49|          49|
    |icmp_ln75_5_fu_6706_p2       |      icmp|   0|  0|    34|          27|          27|
    |icmp_ln75_6_fu_3038_p2       |      icmp|   0|  0|    56|          49|          49|
    |icmp_ln75_7_fu_3044_p2       |      icmp|   0|  0|    56|          49|          49|
    |icmp_ln75_8_fu_7973_p2       |      icmp|   0|  0|    34|          27|          27|
    |icmp_ln75_9_fu_3087_p2       |      icmp|   0|  0|    56|          49|          49|
    |icmp_ln75_fu_2933_p2         |      icmp|   0|  0|    56|          49|          49|
    |icmp_ln76_1_fu_1995_p2       |      icmp|   0|  0|     9|           2|           1|
    |icmp_ln76_2_fu_2001_p2       |      icmp|   0|  0|    10|           2|           3|
    |icmp_ln76_3_fu_2007_p2       |      icmp|   0|  0|     9|           2|           2|
    |icmp_ln76_fu_1989_p2         |      icmp|   0|  0|     9|           2|           2|
    |icmp_ln83_10_fu_8574_p2      |      icmp|   0|  0|    32|          25|          11|
    |icmp_ln83_11_fu_8171_p2      |      icmp|   0|  0|    31|          24|          13|
    |icmp_ln83_12_fu_6851_p2      |      icmp|   0|  0|    31|          24|          11|
    |icmp_ln83_13_fu_9263_p2      |      icmp|   0|  0|    32|          25|          11|
    |icmp_ln83_14_fu_8794_p2      |      icmp|   0|  0|    31|          24|          13|
    |icmp_ln83_15_fu_6961_p2      |      icmp|   0|  0|    31|          24|          11|
    |icmp_ln83_16_fu_9398_p2      |      icmp|   0|  0|    32|          25|          11|
    |icmp_ln83_17_fu_8998_p2      |      icmp|   0|  0|    31|          24|          13|
    |icmp_ln83_18_fu_7645_p2      |      icmp|   0|  0|    31|          24|          11|
    |icmp_ln83_19_fu_10015_p2     |      icmp|   0|  0|    32|          25|          11|
    |icmp_ln83_1_fu_7261_p2       |      icmp|   0|  0|    32|          25|          11|
    |icmp_ln83_20_fu_9618_p2      |      icmp|   0|  0|    31|          24|          13|
    |icmp_ln83_21_fu_7755_p2      |      icmp|   0|  0|    31|          24|          11|
    |icmp_ln83_22_fu_10144_p2     |      icmp|   0|  0|    32|          25|          11|
    |icmp_ln83_23_fu_9827_p2      |      icmp|   0|  0|    31|          24|          13|
    |icmp_ln83_2_fu_6496_p2       |      icmp|   0|  0|    31|          24|          13|
    |icmp_ln83_3_fu_5167_p2       |      icmp|   0|  0|    31|          24|          11|
    |icmp_ln83_4_fu_7396_p2       |      icmp|   0|  0|    32|          25|          11|
    |icmp_ln83_5_fu_6700_p2       |      icmp|   0|  0|    31|          24|          13|
    |icmp_ln83_6_fu_5861_p2       |      icmp|   0|  0|    31|          24|          11|
    |icmp_ln83_7_fu_8439_p2       |      icmp|   0|  0|    32|          25|          11|
    |icmp_ln83_8_fu_7967_p2       |      icmp|   0|  0|    31|          24|          13|
    |icmp_ln83_9_fu_5971_p2       |      icmp|   0|  0|    31|          24|          11|
    |icmp_ln83_fu_5057_p2         |      icmp|   0|  0|    31|          24|          11|
    |icmp_ln86_10_fu_8580_p2      |      icmp|   0|  0|    32|          25|          12|
    |icmp_ln86_11_fu_8197_p2      |      icmp|   0|  0|    31|          24|          14|
    |icmp_ln86_12_fu_6857_p2      |      icmp|   0|  0|    31|          24|          12|
    |icmp_ln86_13_fu_9269_p2      |      icmp|   0|  0|    32|          25|          12|
    |icmp_ln86_14_fu_8820_p2      |      icmp|   0|  0|    31|          24|          14|
    |icmp_ln86_15_fu_6967_p2      |      icmp|   0|  0|    31|          24|          12|
    |icmp_ln86_16_fu_9404_p2      |      icmp|   0|  0|    32|          25|          12|
    |icmp_ln86_17_fu_9024_p2      |      icmp|   0|  0|    31|          24|          14|
    |icmp_ln86_18_fu_7651_p2      |      icmp|   0|  0|    31|          24|          12|
    |icmp_ln86_19_fu_10021_p2     |      icmp|   0|  0|    32|          25|          12|
    |icmp_ln86_1_fu_7267_p2       |      icmp|   0|  0|    32|          25|          12|
    |icmp_ln86_20_fu_9644_p2      |      icmp|   0|  0|    31|          24|          14|
    |icmp_ln86_21_fu_7761_p2      |      icmp|   0|  0|    31|          24|          12|
    |icmp_ln86_22_fu_10150_p2     |      icmp|   0|  0|    32|          25|          12|
    |icmp_ln86_23_fu_9853_p2      |      icmp|   0|  0|    31|          24|          14|
    |icmp_ln86_2_fu_6522_p2       |      icmp|   0|  0|    31|          24|          14|
    |icmp_ln86_3_fu_5173_p2       |      icmp|   0|  0|    31|          24|          12|
    |icmp_ln86_4_fu_7402_p2       |      icmp|   0|  0|    32|          25|          12|
    |icmp_ln86_5_fu_6726_p2       |      icmp|   0|  0|    31|          24|          14|
    |icmp_ln86_6_fu_5867_p2       |      icmp|   0|  0|    31|          24|          12|
    |icmp_ln86_7_fu_8445_p2       |      icmp|   0|  0|    32|          25|          12|
    |icmp_ln86_8_fu_7993_p2       |      icmp|   0|  0|    31|          24|          14|
    |icmp_ln86_9_fu_5977_p2       |      icmp|   0|  0|    31|          24|          12|
    |icmp_ln86_fu_5063_p2         |      icmp|   0|  0|    31|          24|          12|
    |icmp_ln98_1_fu_5109_p2       |      icmp|   0|  0|    30|          23|          11|
    |icmp_ln98_2_fu_5803_p2       |      icmp|   0|  0|    30|          23|          11|
    |icmp_ln98_3_fu_5913_p2       |      icmp|   0|  0|    30|          23|          11|
    |icmp_ln98_4_fu_6793_p2       |      icmp|   0|  0|    30|          23|          11|
    |icmp_ln98_5_fu_6903_p2       |      icmp|   0|  0|    30|          23|          11|
    |icmp_ln98_6_fu_7587_p2       |      icmp|   0|  0|    30|          23|          11|
    |icmp_ln98_7_fu_7697_p2       |      icmp|   0|  0|    30|          23|          11|
    |icmp_ln98_fu_4999_p2         |      icmp|   0|  0|    30|          23|          11|
    |lshr_ln241_1_fu_4542_p2      |      lshr|   0|  0|   423|         128|         128|
    |lshr_ln241_2_fu_4740_p2      |      lshr|   0|  0|   423|         128|         128|
    |lshr_ln241_fu_4070_p2        |      lshr|   0|  0|   423|         128|         128|
    |ap_block_state1              |        or|   0|  0|     2|           1|           1|
    |ap_block_state2_io           |        or|   0|  0|     2|           1|           1|
    |ap_block_state388_io         |        or|   0|  0|     2|           1|           1|
    |ap_block_state3_io           |        or|   0|  0|     2|           1|           1|
    |ap_block_state459            |        or|   0|  0|     2|           1|           1|
    |ap_block_state461_io         |        or|   0|  0|     2|           1|           1|
    |ap_block_state73             |        or|   0|  0|     2|           1|           1|
    |ap_block_state81             |        or|   0|  0|     2|           1|           1|
    |or_ln160_fu_1847_p2          |        or|   0|  0|     2|           1|           1|
    |or_ln170_1_fu_2079_p2        |        or|   0|  0|    36|          36|           4|
    |or_ln170_2_fu_2094_p2        |        or|   0|  0|    36|          36|           3|
    |or_ln170_fu_2064_p2          |        or|   0|  0|    36|          36|           4|
    |or_ln172_fu_2148_p2          |        or|   0|  0|     2|           1|           1|
    |or_ln241_1_fu_2722_p2        |        or|   0|  0|    32|          32|           3|
    |or_ln241_2_fu_2758_p2        |        or|   0|  0|    32|          32|           3|
    |or_ln241_fu_2675_p2          |        or|   0|  0|    32|          32|           2|
    |or_ln253_1_fu_9178_p2        |        or|   0|  0|    32|          32|           2|
    |or_ln253_2_fu_9930_p2        |        or|   0|  0|    32|          32|           2|
    |or_ln253_3_fu_10252_p2       |        or|   0|  0|    32|          32|           3|
    |or_ln253_4_fu_10316_p2       |        or|   0|  0|    32|          32|           3|
    |or_ln253_5_fu_10373_p2       |        or|   0|  0|    32|          32|           3|
    |or_ln253_6_fu_10431_p2       |        or|   0|  0|    32|          32|           3|
    |or_ln253_fu_8361_p2          |        or|   0|  0|    32|          32|           1|
    |or_ln72_10_fu_4293_p2        |        or|   0|  0|     2|           1|           1|
    |or_ln72_11_fu_4334_p2        |        or|   0|  0|     2|           1|           1|
    |or_ln72_12_fu_4379_p2        |        or|   0|  0|     2|           1|           1|
    |or_ln72_13_fu_4420_p2        |        or|   0|  0|     2|           1|           1|
    |or_ln72_14_fu_4461_p2        |        or|   0|  0|     2|           1|           1|
    |or_ln72_15_fu_4502_p2        |        or|   0|  0|     2|           1|           1|
    |or_ln72_16_fu_7340_p2        |        or|   0|  0|     2|           1|           1|
    |or_ln72_17_fu_7475_p2        |        or|   0|  0|     2|           1|           1|
    |or_ln72_18_fu_8518_p2        |        or|   0|  0|     2|           1|           1|
    |or_ln72_19_fu_8653_p2        |        or|   0|  0|     2|           1|           1|
    |or_ln72_1_fu_3787_p2         |        or|   0|  0|     2|           1|           1|
    |or_ln72_20_fu_9342_p2        |        or|   0|  0|     2|           1|           1|
    |or_ln72_21_fu_9477_p2        |        or|   0|  0|     2|           1|           1|
    |or_ln72_22_fu_10089_p2       |        or|   0|  0|     2|           1|           1|
    |or_ln72_23_fu_10218_p2       |        or|   0|  0|     2|           1|           1|
    |or_ln72_2_fu_3936_p2         |        or|   0|  0|     2|           1|           1|
    |or_ln72_3_fu_3832_p2         |        or|   0|  0|     2|           1|           1|
    |or_ln72_4_fu_4117_p2         |        or|   0|  0|     2|           1|           1|
    |or_ln72_5_fu_3997_p2         |        or|   0|  0|     2|           1|           1|
    |or_ln72_6_fu_4162_p2         |        or|   0|  0|     2|           1|           1|
    |or_ln72_7_fu_4042_p2         |        or|   0|  0|     2|           1|           1|
    |or_ln72_8_fu_4207_p2         |        or|   0|  0|     2|           1|           1|
    |or_ln72_9_fu_4248_p2         |        or|   0|  0|     2|           1|           1|
    |or_ln72_fu_3891_p2           |        or|   0|  0|     2|           1|           1|
    |or_ln83_10_fu_7451_p2        |        or|   0|  0|     2|           1|           1|
    |or_ln83_11_fu_7457_p2        |        or|   0|  0|     2|           1|           1|
    |or_ln83_12_fu_8494_p2        |        or|   0|  0|     2|           1|           1|
    |or_ln83_13_fu_8500_p2        |        or|   0|  0|     2|           1|           1|
    |or_ln83_14_fu_8629_p2        |        or|   0|  0|     2|           1|           1|
    |or_ln83_15_fu_8635_p2        |        or|   0|  0|     2|           1|           1|
    |or_ln83_16_fu_9318_p2        |        or|   0|  0|     2|           1|           1|
    |or_ln83_17_fu_9324_p2        |        or|   0|  0|     2|           1|           1|
    |or_ln83_18_fu_9453_p2        |        or|   0|  0|     2|           1|           1|
    |or_ln83_19_fu_9459_p2        |        or|   0|  0|     2|           1|           1|
    |or_ln83_1_fu_5191_p2         |        or|   0|  0|     2|           1|           1|
    |or_ln83_20_fu_10070_p2       |        or|   0|  0|     2|           1|           1|
    |or_ln83_21_fu_10076_p2       |        or|   0|  0|     2|           1|           1|
    |or_ln83_22_fu_10199_p2       |        or|   0|  0|     2|           1|           1|
    |or_ln83_23_fu_10205_p2       |        or|   0|  0|     2|           1|           1|
    |or_ln83_2_fu_5885_p2         |        or|   0|  0|     2|           1|           1|
    |or_ln83_3_fu_5995_p2         |        or|   0|  0|     2|           1|           1|
    |or_ln83_4_fu_6875_p2         |        or|   0|  0|     2|           1|           1|
    |or_ln83_5_fu_6985_p2         |        or|   0|  0|     2|           1|           1|
    |or_ln83_6_fu_7669_p2         |        or|   0|  0|     2|           1|           1|
    |or_ln83_7_fu_7779_p2         |        or|   0|  0|     2|           1|           1|
    |or_ln83_8_fu_7316_p2         |        or|   0|  0|     2|           1|           1|
    |or_ln83_9_fu_7322_p2         |        or|   0|  0|     2|           1|           1|
    |or_ln83_fu_5081_p2           |        or|   0|  0|     2|           1|           1|
    |candidate_1_fu_5197_p3       |    select|   0|  0|    12|           1|          12|
    |candidate_2_fu_5891_p3       |    select|   0|  0|    12|           1|          12|
    |candidate_3_fu_6001_p3       |    select|   0|  0|    12|           1|          12|
    |candidate_4_fu_6881_p3       |    select|   0|  0|    12|           1|          12|
    |candidate_5_fu_6991_p3       |    select|   0|  0|    12|           1|          12|
    |candidate_6_fu_7675_p3       |    select|   0|  0|    12|           1|          12|
    |candidate_7_fu_7785_p3       |    select|   0|  0|    12|           1|          12|
    |candidate_fu_5087_p3         |    select|   0|  0|    12|           1|          12|
    |event_value_1_fu_3837_p3     |    select|   0|  0|    16|           1|          16|
    |event_value_2_fu_4002_p3     |    select|   0|  0|    16|           1|          16|
    |event_value_3_fu_4047_p3     |    select|   0|  0|    16|           1|          16|
    |event_value_4_fu_4253_p3     |    select|   0|  0|    16|           1|          16|
    |event_value_5_fu_4339_p3     |    select|   0|  0|    16|           1|          16|
    |event_value_6_fu_4425_p3     |    select|   0|  0|    16|           1|          16|
    |event_value_7_fu_4507_p3     |    select|   0|  0|    16|           1|          16|
    |event_value_fu_3792_p3       |    select|   0|  0|    16|           1|          16|
    |message_1_fu_3941_p3         |    select|   0|  0|    16|           1|          16|
    |message_2_fu_4122_p3         |    select|   0|  0|    16|           1|          16|
    |message_3_fu_4167_p3         |    select|   0|  0|    16|           1|          16|
    |message_4_fu_4212_p3         |    select|   0|  0|    16|           1|          16|
    |message_5_fu_4298_p3         |    select|   0|  0|    16|           1|          16|
    |message_6_fu_4384_p3         |    select|   0|  0|    16|           1|          16|
    |message_7_fu_4466_p3         |    select|   0|  0|    16|           1|          16|
    |message_fu_3896_p3           |    select|   0|  0|    16|           1|          16|
    |output_1_fu_7481_p3          |    select|   0|  0|    16|           1|          16|
    |output_2_fu_8524_p3          |    select|   0|  0|    16|           1|          16|
    |output_3_fu_8659_p3          |    select|   0|  0|    16|           1|          16|
    |output_4_fu_9348_p3          |    select|   0|  0|    16|           1|          16|
    |output_5_fu_9483_p3          |    select|   0|  0|    16|           1|          16|
    |output_6_fu_10094_p3         |    select|   0|  0|    16|           1|          16|
    |output_7_fu_10223_p3         |    select|   0|  0|    16|           1|          16|
    |output_fu_7346_p3            |    select|   0|  0|    16|           1|          16|
    |prune_budget_fu_1853_p3      |    select|   0|  0|     4|           1|           3|
    |result_11_fu_6897_p3         |    select|   0|  0|    23|           1|           1|
    |result_13_fu_7581_p3         |    select|   0|  0|    23|           1|           1|
    |result_15_fu_7691_p3         |    select|   0|  0|    23|           1|           1|
    |result_1_fu_4993_p3          |    select|   0|  0|    23|           1|           1|
    |result_3_fu_5103_p3          |    select|   0|  0|    23|           1|           1|
    |result_5_fu_5797_p3          |    select|   0|  0|    23|           1|           1|
    |result_7_fu_5907_p3          |    select|   0|  0|    23|           1|           1|
    |result_9_fu_6787_p3          |    select|   0|  0|    23|           1|           1|
    |scan_budget_fu_1819_p3       |    select|   0|  0|     5|           1|           5|
    |score_sum_fu_2829_p3         |    select|   0|  0|    32|           1|           1|
    |select_ln160_fu_1839_p3      |    select|   0|  0|     3|           1|           2|
    |select_ln72_10_fu_3990_p3    |    select|   0|  0|    17|           1|          15|
    |select_ln72_12_fu_4155_p3    |    select|   0|  0|    17|           1|          15|
    |select_ln72_13_fu_3027_p3    |    select|   0|  0|     2|           1|           1|
    |select_ln72_14_fu_4035_p3    |    select|   0|  0|    17|           1|          15|
    |select_ln72_16_fu_4200_p3    |    select|   0|  0|    17|           1|          15|
    |select_ln72_17_fu_3077_p3    |    select|   0|  0|     2|           1|           1|
    |select_ln72_18_fu_4241_p3    |    select|   0|  0|    17|           1|          15|
    |select_ln72_1_fu_2903_p3     |    select|   0|  0|     2|           1|           1|
    |select_ln72_20_fu_4286_p3    |    select|   0|  0|    17|           1|          15|
    |select_ln72_21_fu_7467_p3    |    select|   0|  0|    15|           1|          15|
    |select_ln72_22_fu_4327_p3    |    select|   0|  0|    17|           1|          15|
    |select_ln72_24_fu_4372_p3    |    select|   0|  0|    17|           1|          15|
    |select_ln72_25_fu_3270_p3    |    select|   0|  0|     2|           1|           1|
    |select_ln72_26_fu_4413_p3    |    select|   0|  0|    17|           1|          15|
    |select_ln72_28_fu_4454_p3    |    select|   0|  0|    17|           1|          15|
    |select_ln72_29_fu_3136_p3    |    select|   0|  0|     2|           1|           1|
    |select_ln72_2_fu_3780_p3     |    select|   0|  0|    17|           1|          15|
    |select_ln72_30_fu_4495_p3    |    select|   0|  0|    17|           1|          15|
    |select_ln72_32_fu_8510_p3    |    select|   0|  0|    15|           1|          15|
    |select_ln72_34_fu_3322_p3    |    select|   0|  0|     2|           1|           1|
    |select_ln72_36_fu_3188_p3    |    select|   0|  0|     2|           1|           1|
    |select_ln72_38_fu_8645_p3    |    select|   0|  0|    15|           1|          15|
    |select_ln72_40_fu_3374_p3    |    select|   0|  0|     2|           1|           1|
    |select_ln72_42_fu_3426_p3    |    select|   0|  0|     2|           1|           1|
    |select_ln72_44_fu_9334_p3    |    select|   0|  0|    15|           1|          15|
    |select_ln72_46_fu_3478_p3    |    select|   0|  0|     2|           1|           1|
    |select_ln72_48_fu_3530_p3    |    select|   0|  0|     2|           1|           1|
    |select_ln72_4_fu_3929_p3     |    select|   0|  0|    17|           1|          15|
    |select_ln72_50_fu_9469_p3    |    select|   0|  0|    15|           1|          15|
    |select_ln72_52_fu_3582_p3    |    select|   0|  0|     2|           1|           1|
    |select_ln72_54_fu_3634_p3    |    select|   0|  0|     2|           1|           1|
    |select_ln72_56_fu_10082_p3   |    select|   0|  0|    15|           1|          15|
    |select_ln72_58_fu_3686_p3    |    select|   0|  0|     2|           1|           1|
    |select_ln72_5_fu_2972_p3     |    select|   0|  0|     2|           1|           1|
    |select_ln72_60_fu_3738_p3    |    select|   0|  0|     2|           1|           1|
    |select_ln72_62_fu_10211_p3   |    select|   0|  0|    15|           1|          15|
    |select_ln72_6_fu_3825_p3     |    select|   0|  0|    17|           1|          15|
    |select_ln72_8_fu_4110_p3     |    select|   0|  0|    17|           1|          15|
    |select_ln72_9_fu_7332_p3     |    select|   0|  0|    15|           1|          15|
    |select_ln72_fu_3884_p3       |    select|   0|  0|    17|           1|          15|
    |select_ln73_1_fu_4688_p3     |    select|   0|  0|    23|           1|          23|
    |select_ln73_2_fu_5258_p3     |    select|   0|  0|    23|           1|          23|
    |select_ln73_3_fu_5328_p3     |    select|   0|  0|    23|           1|          23|
    |select_ln73_4_fu_5620_p3     |    select|   0|  0|    23|           1|          23|
    |select_ln73_5_fu_5690_p3     |    select|   0|  0|    23|           1|          23|
    |select_ln73_6_fu_6274_p3     |    select|   0|  0|    23|           1|          23|
    |select_ln73_7_fu_6344_p3     |    select|   0|  0|    23|           1|          23|
    |select_ln73_fu_4618_p3       |    select|   0|  0|    23|           1|          23|
    |select_ln75_10_fu_3918_p3    |    select|   0|  0|     2|           1|           1|
    |select_ln75_11_fu_3814_p3    |    select|   0|  0|     2|           1|           1|
    |select_ln75_12_fu_4099_p3    |    select|   0|  0|     2|           1|           1|
    |select_ln75_13_fu_3979_p3    |    select|   0|  0|     2|           1|           1|
    |select_ln75_14_fu_4144_p3    |    select|   0|  0|     2|           1|           1|
    |select_ln75_15_fu_4024_p3    |    select|   0|  0|     2|           1|           1|
    |select_ln75_16_fu_4189_p3    |    select|   0|  0|     2|           1|           1|
    |select_ln75_17_fu_4230_p3    |    select|   0|  0|     2|           1|           1|
    |select_ln75_18_fu_4275_p3    |    select|   0|  0|     2|           1|           1|
    |select_ln75_19_fu_4316_p3    |    select|   0|  0|     2|           1|           1|
    |select_ln75_1_fu_6711_p3     |    select|   0|  0|    17|           1|          17|
    |select_ln75_20_fu_4361_p3    |    select|   0|  0|     2|           1|           1|
    |select_ln75_21_fu_4402_p3    |    select|   0|  0|     2|           1|           1|
    |select_ln75_22_fu_4443_p3    |    select|   0|  0|     2|           1|           1|
    |select_ln75_23_fu_4484_p3    |    select|   0|  0|     2|           1|           1|
    |select_ln75_2_fu_7978_p3     |    select|   0|  0|    17|           1|          17|
    |select_ln75_3_fu_8182_p3     |    select|   0|  0|    17|           1|          17|
    |select_ln75_4_fu_8805_p3     |    select|   0|  0|    17|           1|          17|
    |select_ln75_5_fu_9009_p3     |    select|   0|  0|    17|           1|          17|
    |select_ln75_6_fu_9629_p3     |    select|   0|  0|    17|           1|          17|
    |select_ln75_7_fu_9838_p3     |    select|   0|  0|    17|           1|          17|
    |select_ln75_8_fu_3873_p3     |    select|   0|  0|     2|           1|           1|
    |select_ln75_9_fu_3769_p3     |    select|   0|  0|     2|           1|           1|
    |select_ln75_fu_6507_p3       |    select|   0|  0|    17|           1|          17|
    |select_ln78_1_fu_7379_p3     |    select|   0|  0|    24|           1|          24|
    |select_ln78_2_fu_8422_p3     |    select|   0|  0|    24|           1|          24|
    |select_ln78_3_fu_8557_p3     |    select|   0|  0|    24|           1|          24|
    |select_ln78_4_fu_9246_p3     |    select|   0|  0|    24|           1|          24|
    |select_ln78_5_fu_9381_p3     |    select|   0|  0|    24|           1|          24|
    |select_ln78_6_fu_9998_p3     |    select|   0|  0|    24|           1|          24|
    |select_ln78_7_fu_10127_p3    |    select|   0|  0|    24|           1|          24|
    |select_ln78_fu_7244_p3       |    select|   0|  0|    24|           1|          24|
    |select_ln82_1_fu_6692_p3     |    select|   0|  0|    16|           1|          16|
    |select_ln82_2_fu_7959_p3     |    select|   0|  0|    16|           1|          16|
    |select_ln82_3_fu_8163_p3     |    select|   0|  0|    16|           1|          16|
    |select_ln82_4_fu_8786_p3     |    select|   0|  0|    16|           1|          16|
    |select_ln82_5_fu_8990_p3     |    select|   0|  0|    16|           1|          16|
    |select_ln82_6_fu_9610_p3     |    select|   0|  0|    16|           1|          16|
    |select_ln82_7_fu_9819_p3     |    select|   0|  0|    16|           1|          16|
    |select_ln82_fu_6488_p3       |    select|   0|  0|    16|           1|          16|
    |select_ln83_10_fu_6977_p3    |    select|   0|  0|    12|           1|          11|
    |select_ln83_11_fu_6751_p3    |    select|   0|  0|    16|           1|          16|
    |select_ln83_12_fu_7661_p3    |    select|   0|  0|    12|           1|          11|
    |select_ln83_13_fu_6769_p3    |    select|   0|  0|    16|           1|          16|
    |select_ln83_14_fu_7771_p3    |    select|   0|  0|    12|           1|          11|
    |select_ln83_15_fu_7431_p3    |    select|   0|  0|    16|           1|          16|
    |select_ln83_17_fu_8018_p3    |    select|   0|  0|    16|           1|          16|
    |select_ln83_18_fu_8036_p3    |    select|   0|  0|    16|           1|          16|
    |select_ln83_19_fu_8474_p3    |    select|   0|  0|    16|           1|          16|
    |select_ln83_21_fu_8222_p3    |    select|   0|  0|    16|           1|          16|
    |select_ln83_22_fu_8240_p3    |    select|   0|  0|    16|           1|          16|
    |select_ln83_23_fu_8609_p3    |    select|   0|  0|    16|           1|          16|
    |select_ln83_25_fu_8845_p3    |    select|   0|  0|    16|           1|          16|
    |select_ln83_26_fu_8863_p3    |    select|   0|  0|    16|           1|          16|
    |select_ln83_27_fu_9298_p3    |    select|   0|  0|    16|           1|          16|
    |select_ln83_29_fu_9049_p3    |    select|   0|  0|    16|           1|          16|
    |select_ln83_2_fu_5183_p3     |    select|   0|  0|    12|           1|          11|
    |select_ln83_30_fu_9067_p3    |    select|   0|  0|    16|           1|          16|
    |select_ln83_31_fu_9433_p3    |    select|   0|  0|    16|           1|          16|
    |select_ln83_33_fu_9669_p3    |    select|   0|  0|    16|           1|          16|
    |select_ln83_34_fu_9687_p3    |    select|   0|  0|    16|           1|          16|
    |select_ln83_35_fu_10050_p3   |    select|   0|  0|    16|           1|          16|
    |select_ln83_37_fu_9878_p3    |    select|   0|  0|    16|           1|          16|
    |select_ln83_38_fu_9896_p3    |    select|   0|  0|    16|           1|          16|
    |select_ln83_39_fu_10179_p3   |    select|   0|  0|    16|           1|          16|
    |select_ln83_3_fu_6547_p3     |    select|   0|  0|    16|           1|          16|
    |select_ln83_4_fu_5877_p3     |    select|   0|  0|    12|           1|          11|
    |select_ln83_5_fu_6565_p3     |    select|   0|  0|    16|           1|          16|
    |select_ln83_6_fu_5987_p3     |    select|   0|  0|    12|           1|          11|
    |select_ln83_7_fu_7296_p3     |    select|   0|  0|    16|           1|          16|
    |select_ln83_8_fu_6867_p3     |    select|   0|  0|    12|           1|          11|
    |select_ln83_fu_5073_p3       |    select|   0|  0|    12|           1|          11|
    |select_ln85_1_fu_5151_p3     |    select|   0|  0|    17|           1|          17|
    |select_ln85_2_fu_5845_p3     |    select|   0|  0|    17|           1|          17|
    |select_ln85_3_fu_5955_p3     |    select|   0|  0|    17|           1|          17|
    |select_ln85_4_fu_6835_p3     |    select|   0|  0|    17|           1|          17|
    |select_ln85_5_fu_6945_p3     |    select|   0|  0|    17|           1|          17|
    |select_ln85_6_fu_7629_p3     |    select|   0|  0|    17|           1|          17|
    |select_ln85_7_fu_7739_p3     |    select|   0|  0|    17|           1|          17|
    |select_ln85_fu_5041_p3       |    select|   0|  0|    17|           1|          17|
    |select_ln86_10_fu_8190_p3    |    select|   0|  0|    16|           1|          12|
    |select_ln86_11_fu_8203_p3    |    select|   0|  0|    16|           1|          12|
    |select_ln86_12_fu_9279_p3    |    select|   0|  0|    16|           1|          12|
    |select_ln86_13_fu_8813_p3    |    select|   0|  0|    16|           1|          12|
    |select_ln86_14_fu_8826_p3    |    select|   0|  0|    16|           1|          12|
    |select_ln86_15_fu_9414_p3    |    select|   0|  0|    16|           1|          12|
    |select_ln86_16_fu_9017_p3    |    select|   0|  0|    16|           1|          12|
    |select_ln86_17_fu_9030_p3    |    select|   0|  0|    16|           1|          12|
    |select_ln86_18_fu_10031_p3   |    select|   0|  0|    16|           1|          12|
    |select_ln86_19_fu_9637_p3    |    select|   0|  0|    16|           1|          12|
    |select_ln86_1_fu_6515_p3     |    select|   0|  0|    16|           1|          12|
    |select_ln86_20_fu_9650_p3    |    select|   0|  0|    16|           1|          12|
    |select_ln86_21_fu_10160_p3   |    select|   0|  0|    16|           1|          12|
    |select_ln86_22_fu_9846_p3    |    select|   0|  0|    16|           1|          12|
    |select_ln86_23_fu_9859_p3    |    select|   0|  0|    16|           1|          12|
    |select_ln86_2_fu_6528_p3     |    select|   0|  0|    16|           1|          12|
    |select_ln86_3_fu_7412_p3     |    select|   0|  0|    16|           1|          12|
    |select_ln86_4_fu_6719_p3     |    select|   0|  0|    16|           1|          12|
    |select_ln86_5_fu_6732_p3     |    select|   0|  0|    16|           1|          12|
    |select_ln86_6_fu_8455_p3     |    select|   0|  0|    16|           1|          12|
    |select_ln86_7_fu_7986_p3     |    select|   0|  0|    16|           1|          12|
    |select_ln86_8_fu_7999_p3     |    select|   0|  0|    16|           1|          12|
    |select_ln86_9_fu_8590_p3     |    select|   0|  0|    16|           1|          12|
    |select_ln86_fu_7277_p3       |    select|   0|  0|    16|           1|          12|
    |select_ln87_1_fu_6617_p3     |    select|   0|  0|    16|           1|          16|
    |select_ln87_2_fu_7884_p3     |    select|   0|  0|    16|           1|          16|
    |select_ln87_3_fu_8088_p3     |    select|   0|  0|    16|           1|          16|
    |select_ln87_4_fu_8711_p3     |    select|   0|  0|    16|           1|          16|
    |select_ln87_5_fu_8915_p3     |    select|   0|  0|    16|           1|          16|
    |select_ln87_6_fu_9535_p3     |    select|   0|  0|    16|           1|          16|
    |select_ln87_7_fu_9744_p3     |    select|   0|  0|    16|           1|          16|
    |select_ln87_fu_6413_p3       |    select|   0|  0|    16|           1|          16|
    |select_ln94_1_fu_4909_p3     |    select|   0|  0|    23|           1|          23|
    |select_ln94_2_fu_5401_p3     |    select|   0|  0|    23|           1|          23|
    |select_ln94_3_fu_5507_p3     |    select|   0|  0|    23|           1|          23|
    |select_ln94_4_fu_6055_p3     |    select|   0|  0|    23|           1|          23|
    |select_ln94_5_fu_6161_p3     |    select|   0|  0|    23|           1|          23|
    |select_ln94_6_fu_7045_p3     |    select|   0|  0|    23|           1|          23|
    |select_ln94_7_fu_7151_p3     |    select|   0|  0|    23|           1|          23|
    |select_ln94_fu_4803_p3       |    select|   0|  0|    23|           1|          23|
    |update_1_fu_5119_p3          |    select|   0|  0|    12|           1|          12|
    |update_2_fu_5813_p3          |    select|   0|  0|    12|           1|          12|
    |update_3_fu_5923_p3          |    select|   0|  0|    12|           1|          12|
    |update_4_fu_6803_p3          |    select|   0|  0|    12|           1|          12|
    |update_5_fu_6913_p3          |    select|   0|  0|    12|           1|          12|
    |update_6_fu_7597_p3          |    select|   0|  0|    12|           1|          12|
    |update_7_fu_7707_p3          |    select|   0|  0|    12|           1|          12|
    |update_fu_5009_p3            |    select|   0|  0|    12|           1|          12|
    |shl_ln278_10_fu_10808_p2     |       shl|   0|  0|  2147|         507|         507|
    |shl_ln278_11_fu_10861_p2     |       shl|   0|  0|   182|           8|          64|
    |shl_ln278_13_fu_10878_p2     |       shl|   0|  0|  2171|         512|         512|
    |shl_ln278_14_fu_10920_p2     |       shl|   0|  0|   182|           8|          64|
    |shl_ln278_16_fu_10937_p2     |       shl|   0|  0|  2171|         512|         512|
    |shl_ln278_17_fu_10979_p2     |       shl|   0|  0|   182|           8|          64|
    |shl_ln278_19_fu_10996_p2     |       shl|   0|  0|  2171|         512|         512|
    |shl_ln278_20_fu_11037_p2     |       shl|   0|  0|   182|           8|          64|
    |shl_ln278_22_fu_11054_p2     |       shl|   0|  0|  2171|         512|         512|
    |shl_ln278_23_fu_11095_p2     |       shl|   0|  0|   182|           8|          64|
    |shl_ln278_25_fu_11112_p2     |       shl|   0|  0|  2171|         512|         512|
    |shl_ln278_26_fu_11153_p2     |       shl|   0|  0|   182|           8|          64|
    |shl_ln278_28_fu_11170_p2     |       shl|   0|  0|  2171|         512|         512|
    |shl_ln278_29_fu_11208_p2     |       shl|   0|  0|   182|           8|          64|
    |shl_ln278_2_fu_10637_p2      |       shl|   0|  0|  2171|         512|         512|
    |shl_ln278_31_fu_11225_p2     |       shl|   0|  0|  2137|           1|         505|
    |shl_ln278_3_fu_10678_p2      |       shl|   0|  0|   182|           8|          64|
    |shl_ln278_5_fu_10695_p2      |       shl|   0|  0|  2171|         512|         512|
    |shl_ln278_6_fu_10733_p2      |       shl|   0|  0|   182|           8|          64|
    |shl_ln278_8_fu_10750_p2      |       shl|   0|  0|  2171|           8|         512|
    |shl_ln278_9_fu_10791_p2      |       shl|   0|  0|   182|           8|          64|
    |shl_ln278_fu_10620_p2        |       shl|   0|  0|   182|           8|          64|
    |checksum_1_fu_8356_p2        |       xor|   0|  0|    64|          64|          64|
    |checksum_2_fu_9173_p2        |       xor|   0|  0|    64|          64|          64|
    |checksum_3_fu_9925_p2        |       xor|   0|  0|    64|          64|          64|
    |checksum_4_fu_10247_p2       |       xor|   0|  0|    64|          64|          64|
    |checksum_5_fu_10311_p2       |       xor|   0|  0|    64|          64|          64|
    |checksum_6_fu_10368_p2       |       xor|   0|  0|    64|          64|          64|
    |checksum_7_fu_10427_p2       |       xor|   0|  0|    64|          64|          64|
    |checksum_8_fu_10485_p2       |       xor|   0|  0|    64|          64|          64|
    |checksum_9_fu_10583_p2       |       xor|   0|  0|    64|          64|          64|
    |xor_ln172_fu_2138_p2         |       xor|   0|  0|     2|           1|           2|
    |xor_ln260_fu_10578_p2        |       xor|   0|  0|    64|          64|          64|
    |xor_ln72_10_fu_3119_p2       |       xor|   0|  0|     2|           1|           2|
    |xor_ln72_11_fu_3130_p2       |       xor|   0|  0|     2|           1|           2|
    |xor_ln72_12_fu_3305_p2       |       xor|   0|  0|     2|           1|           2|
    |xor_ln72_13_fu_3316_p2       |       xor|   0|  0|     2|           1|           2|
    |xor_ln72_14_fu_3171_p2       |       xor|   0|  0|     2|           1|           2|
    |xor_ln72_15_fu_3182_p2       |       xor|   0|  0|     2|           1|           2|
    |xor_ln72_16_fu_3357_p2       |       xor|   0|  0|     2|           1|           2|
    |xor_ln72_17_fu_3368_p2       |       xor|   0|  0|     2|           1|           2|
    |xor_ln72_18_fu_3409_p2       |       xor|   0|  0|     2|           1|           2|
    |xor_ln72_19_fu_3420_p2       |       xor|   0|  0|     2|           1|           2|
    |xor_ln72_1_fu_2897_p2        |       xor|   0|  0|     2|           1|           2|
    |xor_ln72_20_fu_3461_p2       |       xor|   0|  0|     2|           1|           2|
    |xor_ln72_21_fu_3472_p2       |       xor|   0|  0|     2|           1|           2|
    |xor_ln72_22_fu_3513_p2       |       xor|   0|  0|     2|           1|           2|
    |xor_ln72_23_fu_3524_p2       |       xor|   0|  0|     2|           1|           2|
    |xor_ln72_24_fu_3565_p2       |       xor|   0|  0|     2|           1|           2|
    |xor_ln72_25_fu_3576_p2       |       xor|   0|  0|     2|           1|           2|
    |xor_ln72_26_fu_3617_p2       |       xor|   0|  0|     2|           1|           2|
    |xor_ln72_27_fu_3628_p2       |       xor|   0|  0|     2|           1|           2|
    |xor_ln72_28_fu_3669_p2       |       xor|   0|  0|     2|           1|           2|
    |xor_ln72_29_fu_3680_p2       |       xor|   0|  0|     2|           1|           2|
    |xor_ln72_2_fu_2954_p2        |       xor|   0|  0|     2|           1|           2|
    |xor_ln72_30_fu_3721_p2       |       xor|   0|  0|     2|           1|           2|
    |xor_ln72_31_fu_3732_p2       |       xor|   0|  0|     2|           1|           2|
    |xor_ln72_3_fu_2966_p2        |       xor|   0|  0|     2|           1|           2|
    |xor_ln72_4_fu_3009_p2        |       xor|   0|  0|     2|           1|           2|
    |xor_ln72_5_fu_3021_p2        |       xor|   0|  0|     2|           1|           2|
    |xor_ln72_6_fu_3059_p2        |       xor|   0|  0|     2|           1|           2|
    |xor_ln72_7_fu_3071_p2        |       xor|   0|  0|     2|           1|           2|
    |xor_ln72_8_fu_3253_p2        |       xor|   0|  0|     2|           1|           2|
    |xor_ln72_9_fu_3264_p2        |       xor|   0|  0|     2|           1|           2|
    |xor_ln72_fu_2885_p2          |       xor|   0|  0|     2|           1|           2|
    |xor_ln75_10_fu_3969_p2       |       xor|   0|  0|     2|           1|           2|
    |xor_ln75_11_fu_3974_p2       |       xor|   0|  0|     2|           1|           2|
    |xor_ln75_12_fu_4134_p2       |       xor|   0|  0|     2|           1|           2|
    |xor_ln75_13_fu_4139_p2       |       xor|   0|  0|     2|           1|           2|
    |xor_ln75_14_fu_4014_p2       |       xor|   0|  0|     2|           1|           2|
    |xor_ln75_15_fu_4019_p2       |       xor|   0|  0|     2|           1|           2|
    |xor_ln75_16_fu_4179_p2       |       xor|   0|  0|     2|           1|           2|
    |xor_ln75_17_fu_4184_p2       |       xor|   0|  0|     2|           1|           2|
    |xor_ln75_18_fu_4220_p2       |       xor|   0|  0|     2|           1|           2|
    |xor_ln75_19_fu_4225_p2       |       xor|   0|  0|     2|           1|           2|
    |xor_ln75_1_fu_3868_p2        |       xor|   0|  0|     2|           1|           2|
    |xor_ln75_20_fu_4265_p2       |       xor|   0|  0|     2|           1|           2|
    |xor_ln75_21_fu_4270_p2       |       xor|   0|  0|     2|           1|           2|
    |xor_ln75_22_fu_4306_p2       |       xor|   0|  0|     2|           1|           2|
    |xor_ln75_23_fu_4311_p2       |       xor|   0|  0|     2|           1|           2|
    |xor_ln75_24_fu_4351_p2       |       xor|   0|  0|     2|           1|           2|
    |xor_ln75_25_fu_4356_p2       |       xor|   0|  0|     2|           1|           2|
    |xor_ln75_26_fu_4392_p2       |       xor|   0|  0|     2|           1|           2|
    |xor_ln75_27_fu_4397_p2       |       xor|   0|  0|     2|           1|           2|
    |xor_ln75_28_fu_4433_p2       |       xor|   0|  0|     2|           1|           2|
    |xor_ln75_29_fu_4438_p2       |       xor|   0|  0|     2|           1|           2|
    |xor_ln75_2_fu_3759_p2        |       xor|   0|  0|     2|           1|           2|
    |xor_ln75_30_fu_4474_p2       |       xor|   0|  0|     2|           1|           2|
    |xor_ln75_31_fu_4479_p2       |       xor|   0|  0|     2|           1|           2|
    |xor_ln75_3_fu_3764_p2        |       xor|   0|  0|     2|           1|           2|
    |xor_ln75_4_fu_3908_p2        |       xor|   0|  0|     2|           1|           2|
    |xor_ln75_5_fu_3913_p2        |       xor|   0|  0|     2|           1|           2|
    |xor_ln75_6_fu_3804_p2        |       xor|   0|  0|     2|           1|           2|
    |xor_ln75_7_fu_3809_p2        |       xor|   0|  0|     2|           1|           2|
    |xor_ln75_8_fu_4089_p2        |       xor|   0|  0|     2|           1|           2|
    |xor_ln75_9_fu_4094_p2        |       xor|   0|  0|     2|           1|           2|
    |xor_ln75_fu_3863_p2          |       xor|   0|  0|     2|           1|           2|
    |xor_ln83_10_fu_8230_p2       |       xor|   0|  0|     2|           1|           2|
    |xor_ln83_11_fu_8598_p2       |       xor|   0|  0|     2|           1|           2|
    |xor_ln83_12_fu_8834_p2       |       xor|   0|  0|     2|           1|           2|
    |xor_ln83_13_fu_8853_p2       |       xor|   0|  0|     2|           1|           2|
    |xor_ln83_14_fu_9287_p2       |       xor|   0|  0|     2|           1|           2|
    |xor_ln83_15_fu_9038_p2       |       xor|   0|  0|     2|           1|           2|
    |xor_ln83_16_fu_9057_p2       |       xor|   0|  0|     2|           1|           2|
    |xor_ln83_17_fu_9422_p2       |       xor|   0|  0|     2|           1|           2|
    |xor_ln83_18_fu_9658_p2       |       xor|   0|  0|     2|           1|           2|
    |xor_ln83_19_fu_9677_p2       |       xor|   0|  0|     2|           1|           2|
    |xor_ln83_1_fu_6555_p2        |       xor|   0|  0|     2|           1|           2|
    |xor_ln83_20_fu_10039_p2      |       xor|   0|  0|     2|           1|           2|
    |xor_ln83_21_fu_9867_p2       |       xor|   0|  0|     2|           1|           2|
    |xor_ln83_22_fu_9886_p2       |       xor|   0|  0|     2|           1|           2|
    |xor_ln83_23_fu_10168_p2      |       xor|   0|  0|     2|           1|           2|
    |xor_ln83_2_fu_7285_p2        |       xor|   0|  0|     2|           1|           2|
    |xor_ln83_3_fu_6740_p2        |       xor|   0|  0|     2|           1|           2|
    |xor_ln83_4_fu_6759_p2        |       xor|   0|  0|     2|           1|           2|
    |xor_ln83_5_fu_7420_p2        |       xor|   0|  0|     2|           1|           2|
    |xor_ln83_6_fu_8007_p2        |       xor|   0|  0|     2|           1|           2|
    |xor_ln83_7_fu_8026_p2        |       xor|   0|  0|     2|           1|           2|
    |xor_ln83_8_fu_8463_p2        |       xor|   0|  0|     2|           1|           2|
    |xor_ln83_9_fu_8211_p2        |       xor|   0|  0|     2|           1|           2|
    |xor_ln83_fu_6536_p2          |       xor|   0|  0|     2|           1|           2|
    +-----------------------------+----------+----+---+------+------------+------------+
    |Total                        |          |   0|  0| 45474|       16176|       20340|
    +-----------------------------+----------+----+---+------+------------+------------+

    * Multiplexer: 
    +-----------------------+------+-----------+-----+-----------+
    |          Name         |  LUT | Input Size| Bits| Total Bits|
    +-----------------------+------+-----------+-----+-----------+
    |ap_NS_fsm              |  2693|        541|    1|        541|
    |ap_done                |     9|          2|    1|          2|
    |checksum_fu_462        |    14|          3|   64|        192|
    |gmem0_blk_n_AR         |     9|          2|    1|          2|
    |gmem0_blk_n_R          |     9|          2|    1|          2|
    |gmem10_ARADDR          |    26|          5|   64|        320|
    |gmem10_blk_n_AR        |     9|          2|    1|          2|
    |gmem10_blk_n_R         |     9|          2|    1|          2|
    |gmem11_AWADDR          |    26|          5|   64|        320|
    |gmem11_WDATA           |    26|          5|   32|        160|
    |gmem11_blk_n_AW        |     9|          2|    1|          2|
    |gmem11_blk_n_B         |     9|          2|    1|          2|
    |gmem11_blk_n_W         |     9|          2|    1|          2|
    |gmem12_AWADDR          |    65|         15|   64|        960|
    |gmem12_AWLEN           |    20|          4|   32|        128|
    |gmem12_AWVALID         |    14|          3|    1|          3|
    |gmem12_BREADY          |    14|          3|    1|          3|
    |gmem12_WDATA           |    65|         14|  512|       7168|
    |gmem12_WSTRB           |    65|         14|   64|        896|
    |gmem12_WVALID          |    14|          3|    1|          3|
    |gmem12_blk_n_AW        |     9|          2|    1|          2|
    |gmem12_blk_n_B         |     9|          2|    1|          2|
    |gmem12_blk_n_W         |     9|          2|    1|          2|
    |gmem1_blk_n_AR         |     9|          2|    1|          2|
    |gmem1_blk_n_R          |     9|          2|    1|          2|
    |gmem2_ARADDR           |    14|          3|   64|        192|
    |gmem2_ARLEN            |    14|          3|   32|         96|
    |gmem2_ARVALID          |    14|          3|    1|          3|
    |gmem2_RREADY           |    14|          3|    1|          3|
    |gmem2_blk_n_AR         |     9|          2|    1|          2|
    |gmem2_blk_n_R          |     9|          2|    1|          2|
    |gmem3_blk_n_AR         |     9|          2|    1|          2|
    |gmem3_blk_n_R          |     9|          2|    1|          2|
    |gmem4_ARVALID          |     9|          2|    1|          2|
    |gmem4_RREADY           |     9|          2|    1|          2|
    |gmem5_ARVALID          |     9|          2|    1|          2|
    |gmem5_RREADY           |     9|          2|    1|          2|
    |gmem6_blk_n_AR         |     9|          2|    1|          2|
    |gmem6_blk_n_R          |     9|          2|    1|          2|
    |gmem7_blk_n_AR         |     9|          2|    1|          2|
    |gmem7_blk_n_R          |     9|          2|    1|          2|
    |gmem8_ARADDR           |    31|          6|   64|        384|
    |gmem8_ARLEN            |    14|          3|   32|         96|
    |gmem8_ARVALID          |    14|          3|    1|          3|
    |gmem8_RREADY           |    14|          3|    1|          3|
    |gmem8_blk_n_AR         |     9|          2|    1|          2|
    |gmem8_blk_n_R          |     9|          2|    1|          2|
    |gmem9_ARVALID          |     9|          2|    1|          2|
    |gmem9_RREADY           |     9|          2|    1|          2|
    |invalid_inputs_fu_450  |     9|          2|   64|        128|
    |scanned_total_fu_454   |     9|          2|   64|        128|
    |selected_total_fu_458  |     9|          2|   64|        128|
    |target_fu_446          |     9|          2|   32|         64|
    |target_time_reg_1366   |     9|          2|   32|         64|
    +-----------------------+------+-----------+-----+-----------+
    |Total                  |  3477|        710| 1381|      12044|
    +-----------------------+------+-----------+-----+-----------+

    * Register: 
    +-------------------------------------------------------------------------+-----+----+-----+-----------+
    |                                   Name                                  |  FF | LUT| Bits| Const Bits|
    +-------------------------------------------------------------------------+-----+----+-----+-----------+
    |Ny_reg_12881                                                             |   32|   0|   47|         15|
    |add_ln112_10_reg_14455                                                   |   64|   0|   64|          0|
    |add_ln112_13_reg_14478                                                   |   64|   0|   64|          0|
    |add_ln112_16_reg_14489                                                   |   64|   0|   64|          0|
    |add_ln112_1_reg_14256                                                    |   64|   0|   64|          0|
    |add_ln112_20_reg_14499                                                   |   64|   0|   64|          0|
    |add_ln112_4_reg_14327                                                    |   64|   0|   64|          0|
    |add_ln112_7_reg_14400                                                    |   64|   0|   64|          0|
    |add_ln168_reg_12467                                                      |   32|   0|   32|          0|
    |add_ln170_1_reg_12505                                                    |   64|   0|   64|          0|
    |add_ln170_2_reg_12510                                                    |   64|   0|   64|          0|
    |add_ln170_3_reg_12531                                                    |   64|   0|   64|          0|
    |add_ln170_reg_12500                                                      |   64|   0|   64|          0|
    |add_ln72_11_reg_13741                                                    |   32|   0|   32|          0|
    |add_ln72_13_reg_13838                                                    |   32|   0|   32|          0|
    |add_ln72_15_reg_13845                                                    |   32|   0|   32|          0|
    |add_ln72_1_reg_13423                                                     |   32|   0|   32|          0|
    |add_ln72_3_reg_13430                                                     |   32|   0|   32|          0|
    |add_ln72_5_reg_13608                                                     |   32|   0|   32|          0|
    |add_ln72_7_reg_13615                                                     |   32|   0|   32|          0|
    |add_ln72_9_reg_13734                                                     |   32|   0|   32|          0|
    |add_ln82_10_reg_14306                                                    |   19|   0|   19|          0|
    |add_ln82_12_reg_14379                                                    |   19|   0|   19|          0|
    |add_ln82_14_reg_14389                                                    |   19|   0|   19|          0|
    |add_ln82_2_reg_13867                                                     |   19|   0|   19|          0|
    |add_ln82_4_reg_14163                                                     |   19|   0|   19|          0|
    |add_ln82_6_reg_14173                                                     |   19|   0|   19|          0|
    |add_ln82_8_reg_14296                                                     |   19|   0|   19|          0|
    |add_ln82_reg_13857                                                       |   19|   0|   19|          0|
    |add_ln85_1_reg_13678                                                     |   24|   0|   24|          0|
    |add_ln85_2_reg_13877                                                     |   24|   0|   24|          0|
    |add_ln85_3_reg_13908                                                     |   24|   0|   24|          0|
    |add_ln85_4_reg_14049                                                     |   24|   0|   24|          0|
    |add_ln85_5_reg_14080                                                     |   24|   0|   24|          0|
    |add_ln85_6_reg_14193                                                     |   24|   0|   24|          0|
    |add_ln85_7_reg_14224                                                     |   24|   0|   24|          0|
    |add_ln85_reg_13647                                                       |   24|   0|   24|          0|
    |and_ln72_6_reg_14427                                                     |    1|   0|    1|          0|
    |and_ln72_7_reg_14443                                                     |    1|   0|    1|          0|
    |and_ln76_1_reg_12448                                                     |    1|   0|    1|          0|
    |ap_CS_fsm                                                                |  540|   0|  540|          0|
    |ap_done_reg                                                              |    1|   0|    1|          0|
    |ap_rst_n_inv                                                             |    1|   0|    1|          0|
    |ap_rst_reg_1                                                             |    1|   0|    1|          0|
    |ap_rst_reg_2                                                             |    1|   0|    1|          0|
    |before_event_reg_12480                                                   |   32|   0|   32|          0|
    |begin_reg_12585                                                          |   32|   0|   32|          0|
    |checksum_1_reg_14321                                                     |   64|   0|   64|          0|
    |checksum_2_reg_14394                                                     |   64|   0|   64|          0|
    |checksum_3_reg_14449                                                     |   64|   0|   64|          0|
    |checksum_4_reg_14472                                                     |   64|   0|   64|          0|
    |checksum_5_reg_14483                                                     |   64|   0|   64|          0|
    |checksum_6_reg_14494                                                     |   64|   0|   64|          0|
    |checksum_8_reg_14504                                                     |   64|   0|   64|          0|
    |checksum_fu_462                                                          |   64|   0|   64|          0|
    |checksum_load_reg_14250                                                  |   64|   0|   64|          0|
    |conv1_i6_1_reg_12288                                                     |   32|   0|   32|          0|
    |conv1_i6_2_reg_12308                                                     |   32|   0|   32|          0|
    |conv1_i6_3_reg_12328                                                     |   32|   0|   32|          0|
    |conv1_i6_4_reg_12348                                                     |   32|   0|   32|          0|
    |conv1_i6_5_reg_12368                                                     |   32|   0|   32|          0|
    |conv1_i6_6_reg_12388                                                     |   32|   0|   32|          0|
    |conv1_i6_7_reg_12408                                                     |   32|   0|   32|          0|
    |conv1_i6_reg_12268                                                       |   32|   0|   32|          0|
    |conv3_i_1_reg_12293                                                      |   32|   0|   32|          0|
    |conv3_i_2_reg_12313                                                      |   32|   0|   32|          0|
    |conv3_i_3_reg_12333                                                      |   32|   0|   32|          0|
    |conv3_i_4_reg_12353                                                      |   32|   0|   32|          0|
    |conv3_i_5_reg_12373                                                      |   32|   0|   32|          0|
    |conv3_i_6_reg_12393                                                      |   32|   0|   32|          0|
    |conv3_i_7_reg_12413                                                      |   32|   0|   32|          0|
    |conv3_i_reg_12273                                                        |   32|   0|   32|          0|
    |conv6_i_1_reg_12298                                                      |   32|   0|   32|          0|
    |conv6_i_2_reg_12318                                                      |   32|   0|   32|          0|
    |conv6_i_3_reg_12338                                                      |   32|   0|   32|          0|
    |conv6_i_4_reg_12358                                                      |   32|   0|   32|          0|
    |conv6_i_5_reg_12378                                                      |   32|   0|   32|          0|
    |conv6_i_6_reg_12398                                                      |   32|   0|   32|          0|
    |conv6_i_7_reg_12418                                                      |   32|   0|   32|          0|
    |conv6_i_reg_12278                                                        |   32|   0|   32|          0|
    |embedding_out_read_reg_11620                                             |   64|   0|   64|          0|
    |empty_116_reg_12751                                                      |   29|   0|   32|          3|
    |end_reg_12595                                                            |   32|   0|   32|          0|
    |event_dst_read_reg_11672                                                 |   64|   0|   64|          0|
    |event_features_read_reg_11628                                            |   64|   0|   64|          0|
    |event_src_read_reg_11677                                                 |   64|   0|   64|          0|
    |event_ts_read_reg_11666                                                  |   64|   0|   64|          0|
    |event_value_6_reg_13404                                                  |   16|   0|   16|          0|
    |event_value_7_reg_13418                                                  |   16|   0|   16|          0|
    |gmem0_addr_read_reg_14522                                                |   32|   0|   32|          0|
    |gmem0_addr_reg_14510                                                     |   64|   0|   64|          0|
    |gmem10_addr_1_read_reg_12163                                             |  128|   0|  128|          0|
    |gmem10_addr_2_read_reg_12168                                             |  128|   0|  128|          0|
    |gmem10_addr_3_read_reg_12173                                             |  128|   0|  128|          0|
    |gmem10_addr_read_reg_12158                                               |  128|   0|  128|          0|
    |gmem11_addr_1_reg_12567                                                  |   64|   0|   64|          0|
    |gmem11_addr_2_reg_12573                                                  |   64|   0|   64|          0|
    |gmem11_addr_3_reg_12579                                                  |   64|   0|   64|          0|
    |gmem12_addr_reg_12134                                                    |   64|   0|   64|          0|
    |gmem1_addr_read_reg_14527                                                |   32|   0|   32|          0|
    |gmem1_addr_reg_14516                                                     |   64|   0|   64|          0|
    |gmem2_addr_read_reg_12550                                                |   32|   0|   32|          0|
    |gmem2_addr_reg_12544                                                     |   64|   0|   64|          0|
    |gmem3_addr_reg_12555                                                     |   64|   0|   64|          0|
    |gmem6_addr_reg_12116                                                     |   64|   0|   64|          0|
    |gmem7_addr_reg_12122                                                     |   64|   0|   64|          0|
    |gmem8_addr_1_read_reg_13293                                              |  128|   0|  128|          0|
    |gmem8_addr_2_read_reg_13362                                              |  128|   0|  128|          0|
    |gmem8_addr_3_read_reg_13475                                              |  128|   0|  128|          0|
    |grp_matg_kernel_Pipeline_baseline_clear_stats_loop_fu_1376_ap_start_reg  |    1|   0|    1|          0|
    |grp_matg_kernel_Pipeline_matg_aggregate_neighbors_fu_1486_ap_start_reg   |    1|   0|    1|          0|
    |grp_matg_kernel_Pipeline_matg_load_weights_fu_1383_ap_start_reg          |    1|   0|    1|          0|
    |grp_matg_kernel_Pipeline_matg_scan_recent_fu_1423_ap_start_reg           |    1|   0|    1|          0|
    |history_event_idx_read_reg_11656                                         |   64|   0|   64|          0|
    |history_peer_read_reg_11651                                              |   64|   0|   64|          0|
    |icmp_ln160_reg_12222                                                     |    1|   0|    1|          0|
    |icmp_ln162_reg_12242                                                     |    1|   0|    1|          0|
    |icmp_ln168_reg_12463                                                     |    1|   0|    1|          0|
    |icmp_ln176_reg_12540                                                     |    1|   0|    1|          0|
    |icmp_ln72_14_reg_14261                                                   |    1|   0|    1|          0|
    |icmp_ln72_19_reg_14276                                                   |    1|   0|    1|          0|
    |icmp_ln72_24_reg_14344                                                   |    1|   0|    1|          0|
    |icmp_ln72_29_reg_14359                                                   |    1|   0|    1|          0|
    |icmp_ln72_4_reg_14004                                                    |    1|   0|    1|          0|
    |icmp_ln72_9_reg_14019                                                    |    1|   0|    1|          0|
    |icmp_ln75_10_reg_12996                                                   |    1|   0|    1|          0|
    |icmp_ln75_12_reg_13075                                                   |    1|   0|    1|          0|
    |icmp_ln75_13_reg_13080                                                   |    1|   0|    1|          0|
    |icmp_ln75_15_reg_13013                                                   |    1|   0|    1|          0|
    |icmp_ln75_16_reg_13018                                                   |    1|   0|    1|          0|
    |icmp_ln75_18_reg_13091                                                   |    1|   0|    1|          0|
    |icmp_ln75_19_reg_13096                                                   |    1|   0|    1|          0|
    |icmp_ln75_1_reg_12948                                                    |    1|   0|    1|          0|
    |icmp_ln75_21_reg_13029                                                   |    1|   0|    1|          0|
    |icmp_ln75_22_reg_13034                                                   |    1|   0|    1|          0|
    |icmp_ln75_24_reg_13107                                                   |    1|   0|    1|          0|
    |icmp_ln75_25_reg_13112                                                   |    1|   0|    1|          0|
    |icmp_ln75_26_reg_13123                                                   |    1|   0|    1|          0|
    |icmp_ln75_27_reg_13128                                                   |    1|   0|    1|          0|
    |icmp_ln75_28_reg_13139                                                   |    1|   0|    1|          0|
    |icmp_ln75_29_reg_13144                                                   |    1|   0|    1|          0|
    |icmp_ln75_30_reg_13155                                                   |    1|   0|    1|          0|
    |icmp_ln75_31_reg_13160                                                   |    1|   0|    1|          0|
    |icmp_ln75_32_reg_13171                                                   |    1|   0|    1|          0|
    |icmp_ln75_33_reg_13176                                                   |    1|   0|    1|          0|
    |icmp_ln75_34_reg_13187                                                   |    1|   0|    1|          0|
    |icmp_ln75_35_reg_13192                                                   |    1|   0|    1|          0|
    |icmp_ln75_36_reg_13203                                                   |    1|   0|    1|          0|
    |icmp_ln75_37_reg_13208                                                   |    1|   0|    1|          0|
    |icmp_ln75_38_reg_13219                                                   |    1|   0|    1|          0|
    |icmp_ln75_39_reg_13224                                                   |    1|   0|    1|          0|
    |icmp_ln75_3_reg_12959                                                    |    1|   0|    1|          0|
    |icmp_ln75_4_reg_12964                                                    |    1|   0|    1|          0|
    |icmp_ln75_6_reg_12975                                                    |    1|   0|    1|          0|
    |icmp_ln75_7_reg_12980                                                    |    1|   0|    1|          0|
    |icmp_ln75_9_reg_12991                                                    |    1|   0|    1|          0|
    |icmp_ln75_reg_12943                                                      |    1|   0|    1|          0|
    |icmp_ln76_reg_12428                                                      |    1|   0|    1|          0|
    |icmp_ln83_11_reg_14281                                                   |    1|   0|    1|          0|
    |icmp_ln83_12_reg_14054                                                   |    1|   0|    1|          0|
    |icmp_ln83_14_reg_14349                                                   |    1|   0|    1|          0|
    |icmp_ln83_15_reg_14085                                                   |    1|   0|    1|          0|
    |icmp_ln83_17_reg_14364                                                   |    1|   0|    1|          0|
    |icmp_ln83_18_reg_14198                                                   |    1|   0|    1|          0|
    |icmp_ln83_20_reg_14417                                                   |    1|   0|    1|          0|
    |icmp_ln83_21_reg_14229                                                   |    1|   0|    1|          0|
    |icmp_ln83_23_reg_14433                                                   |    1|   0|    1|          0|
    |icmp_ln83_2_reg_14009                                                    |    1|   0|    1|          0|
    |icmp_ln83_3_reg_13683                                                    |    1|   0|    1|          0|
    |icmp_ln83_5_reg_14024                                                    |    1|   0|    1|          0|
    |icmp_ln83_6_reg_13882                                                    |    1|   0|    1|          0|
    |icmp_ln83_8_reg_14266                                                    |    1|   0|    1|          0|
    |icmp_ln83_9_reg_13913                                                    |    1|   0|    1|          0|
    |icmp_ln83_reg_13652                                                      |    1|   0|    1|          0|
    |icmp_ln86_12_reg_14060                                                   |    1|   0|    1|          0|
    |icmp_ln86_15_reg_14091                                                   |    1|   0|    1|          0|
    |icmp_ln86_18_reg_14204                                                   |    1|   0|    1|          0|
    |icmp_ln86_21_reg_14235                                                   |    1|   0|    1|          0|
    |icmp_ln86_3_reg_13689                                                    |    1|   0|    1|          0|
    |icmp_ln86_6_reg_13888                                                    |    1|   0|    1|          0|
    |icmp_ln86_9_reg_13919                                                    |    1|   0|    1|          0|
    |icmp_ln86_reg_13658                                                      |    1|   0|    1|          0|
    |initial_memory_read_reg_11633                                            |   64|   0|   64|          0|
    |invalid_inputs_fu_450                                                    |   64|   0|   64|          0|
    |linear_1_reg_13505                                                       |   24|   0|   24|          0|
    |linear_2_reg_13704                                                       |   24|   0|   24|          0|
    |linear_3_reg_13719                                                       |   24|   0|   24|          0|
    |linear_4_reg_13808                                                       |   24|   0|   24|          0|
    |linear_5_reg_13823                                                       |   24|   0|   24|          0|
    |linear_6_reg_13974                                                       |   24|   0|   24|          0|
    |linear_7_reg_13989                                                       |   24|   0|   24|          0|
    |linear_reg_13490                                                         |   24|   0|   24|          0|
    |lshr_ln4_reg_13583                                                       |   23|   0|   23|          0|
    |lshr_ln78_11_reg_14121                                                   |   23|   0|   23|          0|
    |lshr_ln78_13_reg_14141                                                   |   23|   0|   23|          0|
    |lshr_ln78_2_reg_13603                                                    |   23|   0|   23|          0|
    |lshr_ln78_4_reg_13783                                                    |   23|   0|   23|          0|
    |lshr_ln78_6_reg_13803                                                    |   23|   0|   23|          0|
    |lshr_ln78_8_reg_13949                                                    |   23|   0|   23|          0|
    |lshr_ln78_s_reg_13969                                                    |   23|   0|   23|          0|
    |message_1_reg_13270                                                      |   16|   0|   16|          0|
    |message_2_reg_13336                                                      |   16|   0|   16|          0|
    |message_3_reg_13349                                                      |   16|   0|   16|          0|
    |message_4_reg_13367                                                      |   16|   0|   16|          0|
    |message_5_reg_13381                                                      |   16|   0|   16|          0|
    |message_6_reg_13395                                                      |   16|   0|   16|          0|
    |message_7_reg_13409                                                      |   16|   0|   16|          0|
    |message_reg_13257                                                        |   16|   0|   16|          0|
    |or_ln172_reg_12536                                                       |    1|   0|    1|          0|
    |output_1_reg_14152                                                       |   16|   0|   16|          0|
    |output_2_reg_14332                                                       |   16|   0|   16|          0|
    |output_3_reg_14338                                                       |   16|   0|   16|          0|
    |output_4_reg_14405                                                       |   16|   0|   16|          0|
    |output_5_reg_14411                                                       |   16|   0|   16|          0|
    |output_6_reg_14460                                                       |   16|   0|   16|          0|
    |output_7_reg_14466                                                       |   16|   0|   16|          0|
    |output_reg_14146                                                         |   16|   0|   16|          0|
    |p_cast295_reg_12303                                                      |   24|   0|   24|          0|
    |p_cast300_reg_12323                                                      |   24|   0|   24|          0|
    |p_cast305_reg_12343                                                      |   24|   0|   24|          0|
    |p_cast310_reg_12363                                                      |   24|   0|   24|          0|
    |p_cast315_reg_12383                                                      |   24|   0|   24|          0|
    |p_cast320_reg_12403                                                      |   24|   0|   24|          0|
    |p_cast_reg_12283                                                         |   24|   0|   24|          0|
    |p_loc611_fu_602                                                          |   32|   0|   32|          0|
    |p_loc612_fu_598                                                          |   32|   0|   32|          0|
    |p_loc613_fu_594                                                          |   32|   0|   32|          0|
    |p_loc614_fu_590                                                          |   32|   0|   32|          0|
    |p_loc615_fu_586                                                          |   32|   0|   32|          0|
    |p_loc616_fu_582                                                          |   32|   0|   32|          0|
    |p_loc617_fu_578                                                          |   32|   0|   32|          0|
    |p_loc618_fu_574                                                          |   32|   0|   32|          0|
    |p_loc619_fu_570                                                          |   32|   0|   32|          0|
    |p_loc620_fu_566                                                          |   32|   0|   32|          0|
    |p_loc621_fu_562                                                          |   32|   0|   32|          0|
    |p_loc622_fu_558                                                          |   32|   0|   32|          0|
    |p_loc623_fu_554                                                          |   32|   0|   32|          0|
    |p_loc624_fu_550                                                          |   32|   0|   32|          0|
    |p_loc625_fu_546                                                          |   32|   0|   32|          0|
    |p_loc626_fu_542                                                          |   32|   0|   32|          0|
    |prune_budget_reg_12262                                                   |    2|   0|    3|          1|
    |scan_budget_reg_12217                                                    |    5|   0|    5|          0|
    |scanned_total_fu_454                                                     |   64|   0|   64|          0|
    |scanned_total_load_reg_12590                                             |   64|   0|   64|          0|
    |score_sum_loc_fu_538                                                     |   32|   0|   32|          0|
    |score_sum_reg_12817                                                      |   32|   0|   32|          0|
    |select_ln72_13_reg_12969                                                 |    1|   0|    1|          0|
    |select_ln72_17_reg_12985                                                 |    1|   0|    1|          0|
    |select_ln72_1_reg_12909                                                  |    1|   0|    1|          0|
    |select_ln72_25_reg_13069                                                 |    1|   0|    1|          0|
    |select_ln72_29_reg_13007                                                 |    1|   0|    1|          0|
    |select_ln72_34_reg_13085                                                 |    1|   0|    1|          0|
    |select_ln72_36_reg_13023                                                 |    1|   0|    1|          0|
    |select_ln72_40_reg_13101                                                 |    1|   0|    1|          0|
    |select_ln72_42_reg_13117                                                 |    1|   0|    1|          0|
    |select_ln72_46_reg_13133                                                 |    1|   0|    1|          0|
    |select_ln72_48_reg_13149                                                 |    1|   0|    1|          0|
    |select_ln72_52_reg_13165                                                 |    1|   0|    1|          0|
    |select_ln72_54_reg_13181                                                 |    1|   0|    1|          0|
    |select_ln72_58_reg_13197                                                 |    1|   0|    1|          0|
    |select_ln72_5_reg_12953                                                  |    1|   0|    1|          0|
    |select_ln72_60_reg_13213                                                 |    1|   0|    1|          0|
    |select_ln83_13_reg_14029                                                 |   16|   0|   16|          0|
    |select_ln83_18_reg_14271                                                 |   16|   0|   16|          0|
    |select_ln83_22_reg_14286                                                 |   16|   0|   16|          0|
    |select_ln83_26_reg_14354                                                 |   16|   0|   16|          0|
    |select_ln83_30_reg_14369                                                 |   16|   0|   16|          0|
    |select_ln83_34_reg_14422                                                 |   16|   0|   16|          0|
    |select_ln83_38_reg_14438                                                 |   16|   0|   16|          0|
    |select_ln83_5_reg_14014                                                  |   16|   0|   16|          0|
    |selected_total_fu_458                                                    |   64|   0|   64|          0|
    |self_1_reg_13248                                                         |   16|   0|   16|          0|
    |self_2_reg_13318                                                         |   16|   0|   16|          0|
    |self_3_reg_13327                                                         |   16|   0|   16|          0|
    |self_4_reg_13447                                                         |   16|   0|   16|          0|
    |self_5_reg_13456                                                         |   16|   0|   16|          0|
    |self_6_reg_13540                                                         |   16|   0|   16|          0|
    |self_7_reg_13549                                                         |   16|   0|   16|          0|
    |self_reg_13239                                                           |   16|   0|   16|          0|
    |sext_ln168_2_reg_12423                                                   |   24|   0|   24|          0|
    |shl_ln170_reg_12520                                                      |   29|   0|   32|          3|
    |shl_ln278_10_reg_14618                                                   |  507|   0|  507|          0|
    |shl_ln278_11_reg_14640                                                   |   64|   0|   64|          0|
    |shl_ln278_13_reg_14645                                                   |  512|   0|  512|          0|
    |shl_ln278_14_reg_14667                                                   |   64|   0|   64|          0|
    |shl_ln278_16_reg_14672                                                   |  512|   0|  512|          0|
    |shl_ln278_17_reg_14694                                                   |   64|   0|   64|          0|
    |shl_ln278_19_reg_14699                                                   |  512|   0|  512|          0|
    |shl_ln278_20_reg_14721                                                   |   64|   0|   64|          0|
    |shl_ln278_22_reg_14726                                                   |  512|   0|  512|          0|
    |shl_ln278_23_reg_14748                                                   |   64|   0|   64|          0|
    |shl_ln278_25_reg_14753                                                   |  512|   0|  512|          0|
    |shl_ln278_26_reg_14775                                                   |   64|   0|   64|          0|
    |shl_ln278_28_reg_14780                                                   |  512|   0|  512|          0|
    |shl_ln278_29_reg_14802                                                   |   64|   0|   64|          0|
    |shl_ln278_2_reg_14537                                                    |  512|   0|  512|          0|
    |shl_ln278_31_reg_14807                                                   |  505|   0|  505|          0|
    |shl_ln278_3_reg_14559                                                    |   64|   0|   64|          0|
    |shl_ln278_5_reg_14564                                                    |  512|   0|  512|          0|
    |shl_ln278_6_reg_14586                                                    |   64|   0|   64|          0|
    |shl_ln278_8_reg_14591                                                    |  512|   0|  512|          0|
    |shl_ln278_9_reg_14613                                                    |   64|   0|   64|          0|
    |shl_ln278_reg_14532                                                      |   64|   0|   64|          0|
    |stats_out_read_reg_11605                                                 |   64|   0|   64|          0|
    |sub50_reg_12660                                                          |   32|   0|   32|          0|
    |sub_ln75_1_reg_12915                                                     |   49|   0|   49|          0|
    |sub_ln85_11_reg_13964                                                    |   17|   0|   17|          0|
    |sub_ln85_13_reg_14116                                                    |   17|   0|   17|          0|
    |sub_ln85_15_reg_14136                                                    |   17|   0|   17|          0|
    |sub_ln85_1_reg_13578                                                     |   17|   0|   17|          0|
    |sub_ln85_3_reg_13598                                                     |   17|   0|   17|          0|
    |sub_ln85_5_reg_13778                                                     |   17|   0|   17|          0|
    |sub_ln85_7_reg_13798                                                     |   17|   0|   17|          0|
    |sub_ln85_9_reg_13944                                                     |   17|   0|   17|          0|
    |sub_ln86_1_reg_13763                                                     |   11|   0|   11|          0|
    |sub_ln86_2_reg_14034                                                     |   11|   0|   11|          0|
    |sub_ln86_3_reg_14039                                                     |   11|   0|   11|          0|
    |sub_ln86_4_reg_14178                                                     |   11|   0|   11|          0|
    |sub_ln86_5_reg_14183                                                     |   11|   0|   11|          0|
    |sub_ln86_6_reg_14311                                                     |   11|   0|   11|          0|
    |sub_ln86_7_reg_14316                                                     |   11|   0|   11|          0|
    |sub_ln86_reg_13758                                                       |   11|   0|   11|          0|
    |sub_reg_12655                                                            |   32|   0|   32|          0|
    |target_fu_446                                                            |   32|   0|   32|          0|
    |target_time_reg_1366                                                     |   32|   0|   32|          0|
    |tmp_16_reg_13499                                                         |    1|   0|    1|          0|
    |tmp_17_reg_13573                                                         |    1|   0|    1|          0|
    |tmp_23_reg_13514                                                         |    1|   0|    1|          0|
    |tmp_24_reg_13593                                                         |    1|   0|    1|          0|
    |tmp_30_reg_13713                                                         |    1|   0|    1|          0|
    |tmp_32_reg_13773                                                         |    1|   0|    1|          0|
    |tmp_40_reg_13728                                                         |    1|   0|    1|          0|
    |tmp_43_reg_13793                                                         |    1|   0|    1|          0|
    |tmp_57_reg_13817                                                         |    1|   0|    1|          0|
    |tmp_58_reg_13939                                                         |    1|   0|    1|          0|
    |tmp_72_reg_13832                                                         |    1|   0|    1|          0|
    |tmp_73_reg_13959                                                         |    1|   0|    1|          0|
    |tmp_79_reg_13983                                                         |    1|   0|    1|          0|
    |tmp_80_reg_14111                                                         |    1|   0|    1|          0|
    |tmp_86_reg_13998                                                         |    1|   0|    1|          0|
    |tmp_87_reg_14131                                                         |    1|   0|    1|          0|
    |tmp_reg_12839                                                            |    1|   0|    1|          0|
    |top_count_0_loc_fu_678                                                   |   32|   0|   32|          0|
    |top_event_idx_027_fu_466                                                 |   32|   0|   32|          0|
    |top_event_idx_128_loc_fu_606                                             |   32|   0|   32|          0|
    |top_event_idx_1_031_fu_470                                               |   32|   0|   32|          0|
    |top_event_idx_1_1_loc_fu_610                                             |   32|   0|   32|          0|
    |top_event_idx_2_032_fu_474                                               |   32|   0|   32|          0|
    |top_event_idx_2_1_loc_fu_614                                             |   32|   0|   32|          0|
    |top_event_idx_3_033_fu_478                                               |   32|   0|   32|          0|
    |top_event_idx_3_1_loc_fu_618                                             |   32|   0|   32|          0|
    |top_event_idx_4_034_fu_482                                               |   32|   0|   32|          0|
    |top_event_idx_4_1_loc_fu_622                                             |   32|   0|   32|          0|
    |top_event_idx_5_035_fu_486                                               |   32|   0|   32|          0|
    |top_event_idx_5_1_loc_fu_626                                             |   32|   0|   32|          0|
    |top_peer_036_fu_490                                                      |   32|   0|   32|          0|
    |top_peer_137_loc_fu_630                                                  |   32|   0|   32|          0|
    |top_peer_1_040_fu_494                                                    |   32|   0|   32|          0|
    |top_peer_1_1_loc_fu_634                                                  |   32|   0|   32|          0|
    |top_peer_2_041_fu_498                                                    |   32|   0|   32|          0|
    |top_peer_2_1_loc_fu_638                                                  |   32|   0|   32|          0|
    |top_peer_3_042_fu_502                                                    |   32|   0|   32|          0|
    |top_peer_3_1_loc_fu_642                                                  |   32|   0|   32|          0|
    |top_peer_4_043_fu_506                                                    |   32|   0|   32|          0|
    |top_peer_4_1_loc_fu_646                                                  |   32|   0|   32|          0|
    |top_peer_5_044_fu_510                                                    |   32|   0|   32|          0|
    |top_peer_5_1_loc_fu_650                                                  |   32|   0|   32|          0|
    |top_score_045_fu_514                                                     |   32|   0|   32|          0|
    |top_score_146_loc_fu_654                                                 |   32|   0|   32|          0|
    |top_score_1_049_fu_518                                                   |   32|   0|   32|          0|
    |top_score_1_1_loc_fu_658                                                 |   32|   0|   32|          0|
    |top_score_2_050_fu_522                                                   |   32|   0|   32|          0|
    |top_score_2_1_loc_fu_662                                                 |   32|   0|   32|          0|
    |top_score_3_051_fu_526                                                   |   32|   0|   32|          0|
    |top_score_3_1_loc_fu_666                                                 |   32|   0|   32|          0|
    |top_score_4_052_fu_530                                                   |   32|   0|   32|          0|
    |top_score_4_1_loc_fu_670                                                 |   32|   0|   32|          0|
    |top_score_5_053_fu_534                                                   |   32|   0|   32|          0|
    |top_score_5_1_loc_fu_674                                                 |   32|   0|   32|          0|
    |trunc_ln151_1_reg_12096                                                  |   60|   0|   60|          0|
    |trunc_ln151_2_reg_12101                                                  |   60|   0|   60|          0|
    |trunc_ln151_3_reg_12106                                                  |   60|   0|   60|          0|
    |trunc_ln151_4_reg_12111                                                  |   60|   0|   60|          0|
    |trunc_ln170_reg_12515                                                    |   29|   0|   29|          0|
    |trunc_ln185_10_reg_12736                                                 |   29|   0|   29|          0|
    |trunc_ln185_11_reg_12741                                                 |   29|   0|   29|          0|
    |trunc_ln185_1_reg_12691                                                  |   29|   0|   29|          0|
    |trunc_ln185_2_reg_12696                                                  |   29|   0|   29|          0|
    |trunc_ln185_3_reg_12701                                                  |   29|   0|   29|          0|
    |trunc_ln185_4_reg_12706                                                  |   29|   0|   29|          0|
    |trunc_ln185_5_reg_12711                                                  |   29|   0|   29|          0|
    |trunc_ln185_6_reg_12716                                                  |   29|   0|   29|          0|
    |trunc_ln185_7_reg_12721                                                  |   29|   0|   29|          0|
    |trunc_ln185_8_reg_12726                                                  |   29|   0|   29|          0|
    |trunc_ln185_9_reg_12731                                                  |   29|   0|   29|          0|
    |trunc_ln185_reg_12686                                                    |   29|   0|   29|          0|
    |trunc_ln241_1_reg_12746                                                  |   60|   0|   60|          0|
    |trunc_ln241_2_reg_12789                                                  |   60|   0|   60|          0|
    |trunc_ln241_4_reg_12784                                                  |    4|   0|    4|          0|
    |trunc_ln241_6_reg_12763                                                  |   60|   0|   60|          0|
    |trunc_ln241_7_reg_12794                                                  |    4|   0|    4|          0|
    |trunc_ln241_reg_12768                                                    |    4|   0|    4|          0|
    |trunc_ln241_s_reg_12779                                                  |   60|   0|   60|          0|
    |trunc_ln278_10_reg_14662                                                 |   58|   0|   58|          0|
    |trunc_ln278_11_reg_14683                                                 |    6|   0|    6|          0|
    |trunc_ln278_12_reg_14689                                                 |   58|   0|   58|          0|
    |trunc_ln278_13_reg_14710                                                 |    6|   0|    6|          0|
    |trunc_ln278_14_reg_14716                                                 |   58|   0|   58|          0|
    |trunc_ln278_15_reg_14737                                                 |    6|   0|    6|          0|
    |trunc_ln278_16_reg_14743                                                 |   58|   0|   58|          0|
    |trunc_ln278_17_reg_14764                                                 |    6|   0|    6|          0|
    |trunc_ln278_18_reg_14770                                                 |   58|   0|   58|          0|
    |trunc_ln278_19_reg_14791                                                 |    6|   0|    6|          0|
    |trunc_ln278_1_reg_14548                                                  |    6|   0|    6|          0|
    |trunc_ln278_20_reg_14797                                                 |   58|   0|   58|          0|
    |trunc_ln278_2_reg_14554                                                  |   58|   0|   58|          0|
    |trunc_ln278_3_reg_14575                                                  |    6|   0|    6|          0|
    |trunc_ln278_4_reg_14581                                                  |   58|   0|   58|          0|
    |trunc_ln278_5_reg_14602                                                  |    6|   0|    6|          0|
    |trunc_ln278_6_reg_14608                                                  |   58|   0|   58|          0|
    |trunc_ln278_7_reg_14629                                                  |    6|   0|    6|          0|
    |trunc_ln278_8_reg_14635                                                  |   58|   0|   58|          0|
    |trunc_ln278_9_reg_14656                                                  |    6|   0|    6|          0|
    |trunc_ln278_reg_12489                                                    |    6|   0|    6|          0|
    |trunc_ln278_s_reg_12495                                                  |   58|   0|   58|          0|
    |trunc_ln94_2_reg_13568                                                   |   23|   0|   23|          0|
    |trunc_ln94_3_reg_13588                                                   |   23|   0|   23|          0|
    |trunc_ln94_4_reg_13768                                                   |   23|   0|   23|          0|
    |trunc_ln94_5_reg_13788                                                   |   23|   0|   23|          0|
    |trunc_ln94_6_reg_13934                                                   |   23|   0|   23|          0|
    |trunc_ln94_7_reg_13954                                                   |   23|   0|   23|          0|
    |trunc_ln94_8_reg_14106                                                   |   23|   0|   23|          0|
    |trunc_ln94_9_reg_14126                                                   |   23|   0|   23|          0|
    |trunc_ln_reg_12090                                                       |   58|   0|   58|          0|
    |update_1_reg_13673                                                       |   11|   0|   11|          0|
    |update_2_reg_13872                                                       |   11|   0|   11|          0|
    |update_3_reg_13903                                                       |   11|   0|   11|          0|
    |update_4_reg_14044                                                       |   11|   0|   11|          0|
    |update_5_reg_14075                                                       |   11|   0|   11|          0|
    |update_6_reg_14188                                                       |   11|   0|   11|          0|
    |update_7_reg_14219                                                       |   11|   0|   11|          0|
    |update_reg_13642                                                         |   11|   0|   11|          0|
    |vertex_offsets_read_reg_11661                                            |   64|   0|   64|          0|
    |vertex_reg_12472                                                         |   32|   0|   32|          0|
    +-------------------------------------------------------------------------+-----+----+-----+-----------+
    |Total                                                                    |17585|   0|17607|         22|
    +-------------------------------------------------------------------------+-----+----+-----+-----------+



================================================================
== Interface
================================================================
* Summary: 
+-----------------------+-----+-----+---------------+--------------+--------------+
|       RTL Ports       | Dir | Bits|    Protocol   | Source Object|    C Type    |
+-----------------------+-----+-----+---------------+--------------+--------------+
|s_axi_control_AWVALID  |   in|    1|          s_axi|       control|        scalar|
|s_axi_control_AWREADY  |  out|    1|          s_axi|       control|        scalar|
|s_axi_control_AWADDR   |   in|    9|          s_axi|       control|        scalar|
|s_axi_control_WVALID   |   in|    1|          s_axi|       control|        scalar|
|s_axi_control_WREADY   |  out|    1|          s_axi|       control|        scalar|
|s_axi_control_WDATA    |   in|   32|          s_axi|       control|        scalar|
|s_axi_control_WSTRB    |   in|    4|          s_axi|       control|        scalar|
|s_axi_control_ARVALID  |   in|    1|          s_axi|       control|        scalar|
|s_axi_control_ARREADY  |  out|    1|          s_axi|       control|        scalar|
|s_axi_control_ARADDR   |   in|    9|          s_axi|       control|        scalar|
|s_axi_control_RVALID   |  out|    1|          s_axi|       control|        scalar|
|s_axi_control_RREADY   |   in|    1|          s_axi|       control|        scalar|
|s_axi_control_RDATA    |  out|   32|          s_axi|       control|        scalar|
|s_axi_control_RRESP    |  out|    2|          s_axi|       control|        scalar|
|s_axi_control_BVALID   |  out|    1|          s_axi|       control|        scalar|
|s_axi_control_BREADY   |   in|    1|          s_axi|       control|        scalar|
|s_axi_control_BRESP    |  out|    2|          s_axi|       control|        scalar|
|ap_clk                 |   in|    1|  ap_ctrl_chain|   matg_kernel|  return value|
|ap_rst_n               |   in|    1|  ap_ctrl_chain|   matg_kernel|  return value|
|interrupt              |  out|    1|  ap_ctrl_chain|   matg_kernel|  return value|
|m_axi_gmem0_AWVALID    |  out|    1|          m_axi|         gmem0|       pointer|
|m_axi_gmem0_AWREADY    |   in|    1|          m_axi|         gmem0|       pointer|
|m_axi_gmem0_AWADDR     |  out|   64|          m_axi|         gmem0|       pointer|
|m_axi_gmem0_AWID       |  out|    1|          m_axi|         gmem0|       pointer|
|m_axi_gmem0_AWLEN      |  out|    8|          m_axi|         gmem0|       pointer|
|m_axi_gmem0_AWSIZE     |  out|    3|          m_axi|         gmem0|       pointer|
|m_axi_gmem0_AWBURST    |  out|    2|          m_axi|         gmem0|       pointer|
|m_axi_gmem0_AWLOCK     |  out|    2|          m_axi|         gmem0|       pointer|
|m_axi_gmem0_AWCACHE    |  out|    4|          m_axi|         gmem0|       pointer|
|m_axi_gmem0_AWPROT     |  out|    3|          m_axi|         gmem0|       pointer|
|m_axi_gmem0_AWQOS      |  out|    4|          m_axi|         gmem0|       pointer|
|m_axi_gmem0_AWREGION   |  out|    4|          m_axi|         gmem0|       pointer|
|m_axi_gmem0_AWUSER     |  out|    1|          m_axi|         gmem0|       pointer|
|m_axi_gmem0_WVALID     |  out|    1|          m_axi|         gmem0|       pointer|
|m_axi_gmem0_WREADY     |   in|    1|          m_axi|         gmem0|       pointer|
|m_axi_gmem0_WDATA      |  out|   32|          m_axi|         gmem0|       pointer|
|m_axi_gmem0_WSTRB      |  out|    4|          m_axi|         gmem0|       pointer|
|m_axi_gmem0_WLAST      |  out|    1|          m_axi|         gmem0|       pointer|
|m_axi_gmem0_WID        |  out|    1|          m_axi|         gmem0|       pointer|
|m_axi_gmem0_WUSER      |  out|    1|          m_axi|         gmem0|       pointer|
|m_axi_gmem0_ARVALID    |  out|    1|          m_axi|         gmem0|       pointer|
|m_axi_gmem0_ARREADY    |   in|    1|          m_axi|         gmem0|       pointer|
|m_axi_gmem0_ARADDR     |  out|   64|          m_axi|         gmem0|       pointer|
|m_axi_gmem0_ARID       |  out|    1|          m_axi|         gmem0|       pointer|
|m_axi_gmem0_ARLEN      |  out|    8|          m_axi|         gmem0|       pointer|
|m_axi_gmem0_ARSIZE     |  out|    3|          m_axi|         gmem0|       pointer|
|m_axi_gmem0_ARBURST    |  out|    2|          m_axi|         gmem0|       pointer|
|m_axi_gmem0_ARLOCK     |  out|    2|          m_axi|         gmem0|       pointer|
|m_axi_gmem0_ARCACHE    |  out|    4|          m_axi|         gmem0|       pointer|
|m_axi_gmem0_ARPROT     |  out|    3|          m_axi|         gmem0|       pointer|
|m_axi_gmem0_ARQOS      |  out|    4|          m_axi|         gmem0|       pointer|
|m_axi_gmem0_ARREGION   |  out|    4|          m_axi|         gmem0|       pointer|
|m_axi_gmem0_ARUSER     |  out|    1|          m_axi|         gmem0|       pointer|
|m_axi_gmem0_RVALID     |   in|    1|          m_axi|         gmem0|       pointer|
|m_axi_gmem0_RREADY     |  out|    1|          m_axi|         gmem0|       pointer|
|m_axi_gmem0_RDATA      |   in|   32|          m_axi|         gmem0|       pointer|
|m_axi_gmem0_RLAST      |   in|    1|          m_axi|         gmem0|       pointer|
|m_axi_gmem0_RID        |   in|    1|          m_axi|         gmem0|       pointer|
|m_axi_gmem0_RUSER      |   in|    1|          m_axi|         gmem0|       pointer|
|m_axi_gmem0_RRESP      |   in|    2|          m_axi|         gmem0|       pointer|
|m_axi_gmem0_BVALID     |   in|    1|          m_axi|         gmem0|       pointer|
|m_axi_gmem0_BREADY     |  out|    1|          m_axi|         gmem0|       pointer|
|m_axi_gmem0_BRESP      |   in|    2|          m_axi|         gmem0|       pointer|
|m_axi_gmem0_BID        |   in|    1|          m_axi|         gmem0|       pointer|
|m_axi_gmem0_BUSER      |   in|    1|          m_axi|         gmem0|       pointer|
|m_axi_gmem1_AWVALID    |  out|    1|          m_axi|         gmem1|       pointer|
|m_axi_gmem1_AWREADY    |   in|    1|          m_axi|         gmem1|       pointer|
|m_axi_gmem1_AWADDR     |  out|   64|          m_axi|         gmem1|       pointer|
|m_axi_gmem1_AWID       |  out|    1|          m_axi|         gmem1|       pointer|
|m_axi_gmem1_AWLEN      |  out|    8|          m_axi|         gmem1|       pointer|
|m_axi_gmem1_AWSIZE     |  out|    3|          m_axi|         gmem1|       pointer|
|m_axi_gmem1_AWBURST    |  out|    2|          m_axi|         gmem1|       pointer|
|m_axi_gmem1_AWLOCK     |  out|    2|          m_axi|         gmem1|       pointer|
|m_axi_gmem1_AWCACHE    |  out|    4|          m_axi|         gmem1|       pointer|
|m_axi_gmem1_AWPROT     |  out|    3|          m_axi|         gmem1|       pointer|
|m_axi_gmem1_AWQOS      |  out|    4|          m_axi|         gmem1|       pointer|
|m_axi_gmem1_AWREGION   |  out|    4|          m_axi|         gmem1|       pointer|
|m_axi_gmem1_AWUSER     |  out|    1|          m_axi|         gmem1|       pointer|
|m_axi_gmem1_WVALID     |  out|    1|          m_axi|         gmem1|       pointer|
|m_axi_gmem1_WREADY     |   in|    1|          m_axi|         gmem1|       pointer|
|m_axi_gmem1_WDATA      |  out|   32|          m_axi|         gmem1|       pointer|
|m_axi_gmem1_WSTRB      |  out|    4|          m_axi|         gmem1|       pointer|
|m_axi_gmem1_WLAST      |  out|    1|          m_axi|         gmem1|       pointer|
|m_axi_gmem1_WID        |  out|    1|          m_axi|         gmem1|       pointer|
|m_axi_gmem1_WUSER      |  out|    1|          m_axi|         gmem1|       pointer|
|m_axi_gmem1_ARVALID    |  out|    1|          m_axi|         gmem1|       pointer|
|m_axi_gmem1_ARREADY    |   in|    1|          m_axi|         gmem1|       pointer|
|m_axi_gmem1_ARADDR     |  out|   64|          m_axi|         gmem1|       pointer|
|m_axi_gmem1_ARID       |  out|    1|          m_axi|         gmem1|       pointer|
|m_axi_gmem1_ARLEN      |  out|    8|          m_axi|         gmem1|       pointer|
|m_axi_gmem1_ARSIZE     |  out|    3|          m_axi|         gmem1|       pointer|
|m_axi_gmem1_ARBURST    |  out|    2|          m_axi|         gmem1|       pointer|
|m_axi_gmem1_ARLOCK     |  out|    2|          m_axi|         gmem1|       pointer|
|m_axi_gmem1_ARCACHE    |  out|    4|          m_axi|         gmem1|       pointer|
|m_axi_gmem1_ARPROT     |  out|    3|          m_axi|         gmem1|       pointer|
|m_axi_gmem1_ARQOS      |  out|    4|          m_axi|         gmem1|       pointer|
|m_axi_gmem1_ARREGION   |  out|    4|          m_axi|         gmem1|       pointer|
|m_axi_gmem1_ARUSER     |  out|    1|          m_axi|         gmem1|       pointer|
|m_axi_gmem1_RVALID     |   in|    1|          m_axi|         gmem1|       pointer|
|m_axi_gmem1_RREADY     |  out|    1|          m_axi|         gmem1|       pointer|
|m_axi_gmem1_RDATA      |   in|   32|          m_axi|         gmem1|       pointer|
|m_axi_gmem1_RLAST      |   in|    1|          m_axi|         gmem1|       pointer|
|m_axi_gmem1_RID        |   in|    1|          m_axi|         gmem1|       pointer|
|m_axi_gmem1_RUSER      |   in|    1|          m_axi|         gmem1|       pointer|
|m_axi_gmem1_RRESP      |   in|    2|          m_axi|         gmem1|       pointer|
|m_axi_gmem1_BVALID     |   in|    1|          m_axi|         gmem1|       pointer|
|m_axi_gmem1_BREADY     |  out|    1|          m_axi|         gmem1|       pointer|
|m_axi_gmem1_BRESP      |   in|    2|          m_axi|         gmem1|       pointer|
|m_axi_gmem1_BID        |   in|    1|          m_axi|         gmem1|       pointer|
|m_axi_gmem1_BUSER      |   in|    1|          m_axi|         gmem1|       pointer|
|m_axi_gmem2_AWVALID    |  out|    1|          m_axi|         gmem2|       pointer|
|m_axi_gmem2_AWREADY    |   in|    1|          m_axi|         gmem2|       pointer|
|m_axi_gmem2_AWADDR     |  out|   64|          m_axi|         gmem2|       pointer|
|m_axi_gmem2_AWID       |  out|    1|          m_axi|         gmem2|       pointer|
|m_axi_gmem2_AWLEN      |  out|    8|          m_axi|         gmem2|       pointer|
|m_axi_gmem2_AWSIZE     |  out|    3|          m_axi|         gmem2|       pointer|
|m_axi_gmem2_AWBURST    |  out|    2|          m_axi|         gmem2|       pointer|
|m_axi_gmem2_AWLOCK     |  out|    2|          m_axi|         gmem2|       pointer|
|m_axi_gmem2_AWCACHE    |  out|    4|          m_axi|         gmem2|       pointer|
|m_axi_gmem2_AWPROT     |  out|    3|          m_axi|         gmem2|       pointer|
|m_axi_gmem2_AWQOS      |  out|    4|          m_axi|         gmem2|       pointer|
|m_axi_gmem2_AWREGION   |  out|    4|          m_axi|         gmem2|       pointer|
|m_axi_gmem2_AWUSER     |  out|    1|          m_axi|         gmem2|       pointer|
|m_axi_gmem2_WVALID     |  out|    1|          m_axi|         gmem2|       pointer|
|m_axi_gmem2_WREADY     |   in|    1|          m_axi|         gmem2|       pointer|
|m_axi_gmem2_WDATA      |  out|   32|          m_axi|         gmem2|       pointer|
|m_axi_gmem2_WSTRB      |  out|    4|          m_axi|         gmem2|       pointer|
|m_axi_gmem2_WLAST      |  out|    1|          m_axi|         gmem2|       pointer|
|m_axi_gmem2_WID        |  out|    1|          m_axi|         gmem2|       pointer|
|m_axi_gmem2_WUSER      |  out|    1|          m_axi|         gmem2|       pointer|
|m_axi_gmem2_ARVALID    |  out|    1|          m_axi|         gmem2|       pointer|
|m_axi_gmem2_ARREADY    |   in|    1|          m_axi|         gmem2|       pointer|
|m_axi_gmem2_ARADDR     |  out|   64|          m_axi|         gmem2|       pointer|
|m_axi_gmem2_ARID       |  out|    1|          m_axi|         gmem2|       pointer|
|m_axi_gmem2_ARLEN      |  out|    8|          m_axi|         gmem2|       pointer|
|m_axi_gmem2_ARSIZE     |  out|    3|          m_axi|         gmem2|       pointer|
|m_axi_gmem2_ARBURST    |  out|    2|          m_axi|         gmem2|       pointer|
|m_axi_gmem2_ARLOCK     |  out|    2|          m_axi|         gmem2|       pointer|
|m_axi_gmem2_ARCACHE    |  out|    4|          m_axi|         gmem2|       pointer|
|m_axi_gmem2_ARPROT     |  out|    3|          m_axi|         gmem2|       pointer|
|m_axi_gmem2_ARQOS      |  out|    4|          m_axi|         gmem2|       pointer|
|m_axi_gmem2_ARREGION   |  out|    4|          m_axi|         gmem2|       pointer|
|m_axi_gmem2_ARUSER     |  out|    1|          m_axi|         gmem2|       pointer|
|m_axi_gmem2_RVALID     |   in|    1|          m_axi|         gmem2|       pointer|
|m_axi_gmem2_RREADY     |  out|    1|          m_axi|         gmem2|       pointer|
|m_axi_gmem2_RDATA      |   in|   32|          m_axi|         gmem2|       pointer|
|m_axi_gmem2_RLAST      |   in|    1|          m_axi|         gmem2|       pointer|
|m_axi_gmem2_RID        |   in|    1|          m_axi|         gmem2|       pointer|
|m_axi_gmem2_RUSER      |   in|    1|          m_axi|         gmem2|       pointer|
|m_axi_gmem2_RRESP      |   in|    2|          m_axi|         gmem2|       pointer|
|m_axi_gmem2_BVALID     |   in|    1|          m_axi|         gmem2|       pointer|
|m_axi_gmem2_BREADY     |  out|    1|          m_axi|         gmem2|       pointer|
|m_axi_gmem2_BRESP      |   in|    2|          m_axi|         gmem2|       pointer|
|m_axi_gmem2_BID        |   in|    1|          m_axi|         gmem2|       pointer|
|m_axi_gmem2_BUSER      |   in|    1|          m_axi|         gmem2|       pointer|
|m_axi_gmem3_AWVALID    |  out|    1|          m_axi|         gmem3|       pointer|
|m_axi_gmem3_AWREADY    |   in|    1|          m_axi|         gmem3|       pointer|
|m_axi_gmem3_AWADDR     |  out|   64|          m_axi|         gmem3|       pointer|
|m_axi_gmem3_AWID       |  out|    1|          m_axi|         gmem3|       pointer|
|m_axi_gmem3_AWLEN      |  out|    8|          m_axi|         gmem3|       pointer|
|m_axi_gmem3_AWSIZE     |  out|    3|          m_axi|         gmem3|       pointer|
|m_axi_gmem3_AWBURST    |  out|    2|          m_axi|         gmem3|       pointer|
|m_axi_gmem3_AWLOCK     |  out|    2|          m_axi|         gmem3|       pointer|
|m_axi_gmem3_AWCACHE    |  out|    4|          m_axi|         gmem3|       pointer|
|m_axi_gmem3_AWPROT     |  out|    3|          m_axi|         gmem3|       pointer|
|m_axi_gmem3_AWQOS      |  out|    4|          m_axi|         gmem3|       pointer|
|m_axi_gmem3_AWREGION   |  out|    4|          m_axi|         gmem3|       pointer|
|m_axi_gmem3_AWUSER     |  out|    1|          m_axi|         gmem3|       pointer|
|m_axi_gmem3_WVALID     |  out|    1|          m_axi|         gmem3|       pointer|
|m_axi_gmem3_WREADY     |   in|    1|          m_axi|         gmem3|       pointer|
|m_axi_gmem3_WDATA      |  out|   32|          m_axi|         gmem3|       pointer|
|m_axi_gmem3_WSTRB      |  out|    4|          m_axi|         gmem3|       pointer|
|m_axi_gmem3_WLAST      |  out|    1|          m_axi|         gmem3|       pointer|
|m_axi_gmem3_WID        |  out|    1|          m_axi|         gmem3|       pointer|
|m_axi_gmem3_WUSER      |  out|    1|          m_axi|         gmem3|       pointer|
|m_axi_gmem3_ARVALID    |  out|    1|          m_axi|         gmem3|       pointer|
|m_axi_gmem3_ARREADY    |   in|    1|          m_axi|         gmem3|       pointer|
|m_axi_gmem3_ARADDR     |  out|   64|          m_axi|         gmem3|       pointer|
|m_axi_gmem3_ARID       |  out|    1|          m_axi|         gmem3|       pointer|
|m_axi_gmem3_ARLEN      |  out|    8|          m_axi|         gmem3|       pointer|
|m_axi_gmem3_ARSIZE     |  out|    3|          m_axi|         gmem3|       pointer|
|m_axi_gmem3_ARBURST    |  out|    2|          m_axi|         gmem3|       pointer|
|m_axi_gmem3_ARLOCK     |  out|    2|          m_axi|         gmem3|       pointer|
|m_axi_gmem3_ARCACHE    |  out|    4|          m_axi|         gmem3|       pointer|
|m_axi_gmem3_ARPROT     |  out|    3|          m_axi|         gmem3|       pointer|
|m_axi_gmem3_ARQOS      |  out|    4|          m_axi|         gmem3|       pointer|
|m_axi_gmem3_ARREGION   |  out|    4|          m_axi|         gmem3|       pointer|
|m_axi_gmem3_ARUSER     |  out|    1|          m_axi|         gmem3|       pointer|
|m_axi_gmem3_RVALID     |   in|    1|          m_axi|         gmem3|       pointer|
|m_axi_gmem3_RREADY     |  out|    1|          m_axi|         gmem3|       pointer|
|m_axi_gmem3_RDATA      |   in|   32|          m_axi|         gmem3|       pointer|
|m_axi_gmem3_RLAST      |   in|    1|          m_axi|         gmem3|       pointer|
|m_axi_gmem3_RID        |   in|    1|          m_axi|         gmem3|       pointer|
|m_axi_gmem3_RUSER      |   in|    1|          m_axi|         gmem3|       pointer|
|m_axi_gmem3_RRESP      |   in|    2|          m_axi|         gmem3|       pointer|
|m_axi_gmem3_BVALID     |   in|    1|          m_axi|         gmem3|       pointer|
|m_axi_gmem3_BREADY     |  out|    1|          m_axi|         gmem3|       pointer|
|m_axi_gmem3_BRESP      |   in|    2|          m_axi|         gmem3|       pointer|
|m_axi_gmem3_BID        |   in|    1|          m_axi|         gmem3|       pointer|
|m_axi_gmem3_BUSER      |   in|    1|          m_axi|         gmem3|       pointer|
|m_axi_gmem4_AWVALID    |  out|    1|          m_axi|         gmem4|       pointer|
|m_axi_gmem4_AWREADY    |   in|    1|          m_axi|         gmem4|       pointer|
|m_axi_gmem4_AWADDR     |  out|   64|          m_axi|         gmem4|       pointer|
|m_axi_gmem4_AWID       |  out|    1|          m_axi|         gmem4|       pointer|
|m_axi_gmem4_AWLEN      |  out|    8|          m_axi|         gmem4|       pointer|
|m_axi_gmem4_AWSIZE     |  out|    3|          m_axi|         gmem4|       pointer|
|m_axi_gmem4_AWBURST    |  out|    2|          m_axi|         gmem4|       pointer|
|m_axi_gmem4_AWLOCK     |  out|    2|          m_axi|         gmem4|       pointer|
|m_axi_gmem4_AWCACHE    |  out|    4|          m_axi|         gmem4|       pointer|
|m_axi_gmem4_AWPROT     |  out|    3|          m_axi|         gmem4|       pointer|
|m_axi_gmem4_AWQOS      |  out|    4|          m_axi|         gmem4|       pointer|
|m_axi_gmem4_AWREGION   |  out|    4|          m_axi|         gmem4|       pointer|
|m_axi_gmem4_AWUSER     |  out|    1|          m_axi|         gmem4|       pointer|
|m_axi_gmem4_WVALID     |  out|    1|          m_axi|         gmem4|       pointer|
|m_axi_gmem4_WREADY     |   in|    1|          m_axi|         gmem4|       pointer|
|m_axi_gmem4_WDATA      |  out|   32|          m_axi|         gmem4|       pointer|
|m_axi_gmem4_WSTRB      |  out|    4|          m_axi|         gmem4|       pointer|
|m_axi_gmem4_WLAST      |  out|    1|          m_axi|         gmem4|       pointer|
|m_axi_gmem4_WID        |  out|    1|          m_axi|         gmem4|       pointer|
|m_axi_gmem4_WUSER      |  out|    1|          m_axi|         gmem4|       pointer|
|m_axi_gmem4_ARVALID    |  out|    1|          m_axi|         gmem4|       pointer|
|m_axi_gmem4_ARREADY    |   in|    1|          m_axi|         gmem4|       pointer|
|m_axi_gmem4_ARADDR     |  out|   64|          m_axi|         gmem4|       pointer|
|m_axi_gmem4_ARID       |  out|    1|          m_axi|         gmem4|       pointer|
|m_axi_gmem4_ARLEN      |  out|    8|          m_axi|         gmem4|       pointer|
|m_axi_gmem4_ARSIZE     |  out|    3|          m_axi|         gmem4|       pointer|
|m_axi_gmem4_ARBURST    |  out|    2|          m_axi|         gmem4|       pointer|
|m_axi_gmem4_ARLOCK     |  out|    2|          m_axi|         gmem4|       pointer|
|m_axi_gmem4_ARCACHE    |  out|    4|          m_axi|         gmem4|       pointer|
|m_axi_gmem4_ARPROT     |  out|    3|          m_axi|         gmem4|       pointer|
|m_axi_gmem4_ARQOS      |  out|    4|          m_axi|         gmem4|       pointer|
|m_axi_gmem4_ARREGION   |  out|    4|          m_axi|         gmem4|       pointer|
|m_axi_gmem4_ARUSER     |  out|    1|          m_axi|         gmem4|       pointer|
|m_axi_gmem4_RVALID     |   in|    1|          m_axi|         gmem4|       pointer|
|m_axi_gmem4_RREADY     |  out|    1|          m_axi|         gmem4|       pointer|
|m_axi_gmem4_RDATA      |   in|   32|          m_axi|         gmem4|       pointer|
|m_axi_gmem4_RLAST      |   in|    1|          m_axi|         gmem4|       pointer|
|m_axi_gmem4_RID        |   in|    1|          m_axi|         gmem4|       pointer|
|m_axi_gmem4_RUSER      |   in|    1|          m_axi|         gmem4|       pointer|
|m_axi_gmem4_RRESP      |   in|    2|          m_axi|         gmem4|       pointer|
|m_axi_gmem4_BVALID     |   in|    1|          m_axi|         gmem4|       pointer|
|m_axi_gmem4_BREADY     |  out|    1|          m_axi|         gmem4|       pointer|
|m_axi_gmem4_BRESP      |   in|    2|          m_axi|         gmem4|       pointer|
|m_axi_gmem4_BID        |   in|    1|          m_axi|         gmem4|       pointer|
|m_axi_gmem4_BUSER      |   in|    1|          m_axi|         gmem4|       pointer|
|m_axi_gmem5_AWVALID    |  out|    1|          m_axi|         gmem5|       pointer|
|m_axi_gmem5_AWREADY    |   in|    1|          m_axi|         gmem5|       pointer|
|m_axi_gmem5_AWADDR     |  out|   64|          m_axi|         gmem5|       pointer|
|m_axi_gmem5_AWID       |  out|    1|          m_axi|         gmem5|       pointer|
|m_axi_gmem5_AWLEN      |  out|    8|          m_axi|         gmem5|       pointer|
|m_axi_gmem5_AWSIZE     |  out|    3|          m_axi|         gmem5|       pointer|
|m_axi_gmem5_AWBURST    |  out|    2|          m_axi|         gmem5|       pointer|
|m_axi_gmem5_AWLOCK     |  out|    2|          m_axi|         gmem5|       pointer|
|m_axi_gmem5_AWCACHE    |  out|    4|          m_axi|         gmem5|       pointer|
|m_axi_gmem5_AWPROT     |  out|    3|          m_axi|         gmem5|       pointer|
|m_axi_gmem5_AWQOS      |  out|    4|          m_axi|         gmem5|       pointer|
|m_axi_gmem5_AWREGION   |  out|    4|          m_axi|         gmem5|       pointer|
|m_axi_gmem5_AWUSER     |  out|    1|          m_axi|         gmem5|       pointer|
|m_axi_gmem5_WVALID     |  out|    1|          m_axi|         gmem5|       pointer|
|m_axi_gmem5_WREADY     |   in|    1|          m_axi|         gmem5|       pointer|
|m_axi_gmem5_WDATA      |  out|   32|          m_axi|         gmem5|       pointer|
|m_axi_gmem5_WSTRB      |  out|    4|          m_axi|         gmem5|       pointer|
|m_axi_gmem5_WLAST      |  out|    1|          m_axi|         gmem5|       pointer|
|m_axi_gmem5_WID        |  out|    1|          m_axi|         gmem5|       pointer|
|m_axi_gmem5_WUSER      |  out|    1|          m_axi|         gmem5|       pointer|
|m_axi_gmem5_ARVALID    |  out|    1|          m_axi|         gmem5|       pointer|
|m_axi_gmem5_ARREADY    |   in|    1|          m_axi|         gmem5|       pointer|
|m_axi_gmem5_ARADDR     |  out|   64|          m_axi|         gmem5|       pointer|
|m_axi_gmem5_ARID       |  out|    1|          m_axi|         gmem5|       pointer|
|m_axi_gmem5_ARLEN      |  out|    8|          m_axi|         gmem5|       pointer|
|m_axi_gmem5_ARSIZE     |  out|    3|          m_axi|         gmem5|       pointer|
|m_axi_gmem5_ARBURST    |  out|    2|          m_axi|         gmem5|       pointer|
|m_axi_gmem5_ARLOCK     |  out|    2|          m_axi|         gmem5|       pointer|
|m_axi_gmem5_ARCACHE    |  out|    4|          m_axi|         gmem5|       pointer|
|m_axi_gmem5_ARPROT     |  out|    3|          m_axi|         gmem5|       pointer|
|m_axi_gmem5_ARQOS      |  out|    4|          m_axi|         gmem5|       pointer|
|m_axi_gmem5_ARREGION   |  out|    4|          m_axi|         gmem5|       pointer|
|m_axi_gmem5_ARUSER     |  out|    1|          m_axi|         gmem5|       pointer|
|m_axi_gmem5_RVALID     |   in|    1|          m_axi|         gmem5|       pointer|
|m_axi_gmem5_RREADY     |  out|    1|          m_axi|         gmem5|       pointer|
|m_axi_gmem5_RDATA      |   in|   32|          m_axi|         gmem5|       pointer|
|m_axi_gmem5_RLAST      |   in|    1|          m_axi|         gmem5|       pointer|
|m_axi_gmem5_RID        |   in|    1|          m_axi|         gmem5|       pointer|
|m_axi_gmem5_RUSER      |   in|    1|          m_axi|         gmem5|       pointer|
|m_axi_gmem5_RRESP      |   in|    2|          m_axi|         gmem5|       pointer|
|m_axi_gmem5_BVALID     |   in|    1|          m_axi|         gmem5|       pointer|
|m_axi_gmem5_BREADY     |  out|    1|          m_axi|         gmem5|       pointer|
|m_axi_gmem5_BRESP      |   in|    2|          m_axi|         gmem5|       pointer|
|m_axi_gmem5_BID        |   in|    1|          m_axi|         gmem5|       pointer|
|m_axi_gmem5_BUSER      |   in|    1|          m_axi|         gmem5|       pointer|
|m_axi_gmem6_AWVALID    |  out|    1|          m_axi|         gmem6|       pointer|
|m_axi_gmem6_AWREADY    |   in|    1|          m_axi|         gmem6|       pointer|
|m_axi_gmem6_AWADDR     |  out|   64|          m_axi|         gmem6|       pointer|
|m_axi_gmem6_AWID       |  out|    1|          m_axi|         gmem6|       pointer|
|m_axi_gmem6_AWLEN      |  out|    8|          m_axi|         gmem6|       pointer|
|m_axi_gmem6_AWSIZE     |  out|    3|          m_axi|         gmem6|       pointer|
|m_axi_gmem6_AWBURST    |  out|    2|          m_axi|         gmem6|       pointer|
|m_axi_gmem6_AWLOCK     |  out|    2|          m_axi|         gmem6|       pointer|
|m_axi_gmem6_AWCACHE    |  out|    4|          m_axi|         gmem6|       pointer|
|m_axi_gmem6_AWPROT     |  out|    3|          m_axi|         gmem6|       pointer|
|m_axi_gmem6_AWQOS      |  out|    4|          m_axi|         gmem6|       pointer|
|m_axi_gmem6_AWREGION   |  out|    4|          m_axi|         gmem6|       pointer|
|m_axi_gmem6_AWUSER     |  out|    1|          m_axi|         gmem6|       pointer|
|m_axi_gmem6_WVALID     |  out|    1|          m_axi|         gmem6|       pointer|
|m_axi_gmem6_WREADY     |   in|    1|          m_axi|         gmem6|       pointer|
|m_axi_gmem6_WDATA      |  out|   32|          m_axi|         gmem6|       pointer|
|m_axi_gmem6_WSTRB      |  out|    4|          m_axi|         gmem6|       pointer|
|m_axi_gmem6_WLAST      |  out|    1|          m_axi|         gmem6|       pointer|
|m_axi_gmem6_WID        |  out|    1|          m_axi|         gmem6|       pointer|
|m_axi_gmem6_WUSER      |  out|    1|          m_axi|         gmem6|       pointer|
|m_axi_gmem6_ARVALID    |  out|    1|          m_axi|         gmem6|       pointer|
|m_axi_gmem6_ARREADY    |   in|    1|          m_axi|         gmem6|       pointer|
|m_axi_gmem6_ARADDR     |  out|   64|          m_axi|         gmem6|       pointer|
|m_axi_gmem6_ARID       |  out|    1|          m_axi|         gmem6|       pointer|
|m_axi_gmem6_ARLEN      |  out|    8|          m_axi|         gmem6|       pointer|
|m_axi_gmem6_ARSIZE     |  out|    3|          m_axi|         gmem6|       pointer|
|m_axi_gmem6_ARBURST    |  out|    2|          m_axi|         gmem6|       pointer|
|m_axi_gmem6_ARLOCK     |  out|    2|          m_axi|         gmem6|       pointer|
|m_axi_gmem6_ARCACHE    |  out|    4|          m_axi|         gmem6|       pointer|
|m_axi_gmem6_ARPROT     |  out|    3|          m_axi|         gmem6|       pointer|
|m_axi_gmem6_ARQOS      |  out|    4|          m_axi|         gmem6|       pointer|
|m_axi_gmem6_ARREGION   |  out|    4|          m_axi|         gmem6|       pointer|
|m_axi_gmem6_ARUSER     |  out|    1|          m_axi|         gmem6|       pointer|
|m_axi_gmem6_RVALID     |   in|    1|          m_axi|         gmem6|       pointer|
|m_axi_gmem6_RREADY     |  out|    1|          m_axi|         gmem6|       pointer|
|m_axi_gmem6_RDATA      |   in|   32|          m_axi|         gmem6|       pointer|
|m_axi_gmem6_RLAST      |   in|    1|          m_axi|         gmem6|       pointer|
|m_axi_gmem6_RID        |   in|    1|          m_axi|         gmem6|       pointer|
|m_axi_gmem6_RUSER      |   in|    1|          m_axi|         gmem6|       pointer|
|m_axi_gmem6_RRESP      |   in|    2|          m_axi|         gmem6|       pointer|
|m_axi_gmem6_BVALID     |   in|    1|          m_axi|         gmem6|       pointer|
|m_axi_gmem6_BREADY     |  out|    1|          m_axi|         gmem6|       pointer|
|m_axi_gmem6_BRESP      |   in|    2|          m_axi|         gmem6|       pointer|
|m_axi_gmem6_BID        |   in|    1|          m_axi|         gmem6|       pointer|
|m_axi_gmem6_BUSER      |   in|    1|          m_axi|         gmem6|       pointer|
|m_axi_gmem7_AWVALID    |  out|    1|          m_axi|         gmem7|       pointer|
|m_axi_gmem7_AWREADY    |   in|    1|          m_axi|         gmem7|       pointer|
|m_axi_gmem7_AWADDR     |  out|   64|          m_axi|         gmem7|       pointer|
|m_axi_gmem7_AWID       |  out|    1|          m_axi|         gmem7|       pointer|
|m_axi_gmem7_AWLEN      |  out|    8|          m_axi|         gmem7|       pointer|
|m_axi_gmem7_AWSIZE     |  out|    3|          m_axi|         gmem7|       pointer|
|m_axi_gmem7_AWBURST    |  out|    2|          m_axi|         gmem7|       pointer|
|m_axi_gmem7_AWLOCK     |  out|    2|          m_axi|         gmem7|       pointer|
|m_axi_gmem7_AWCACHE    |  out|    4|          m_axi|         gmem7|       pointer|
|m_axi_gmem7_AWPROT     |  out|    3|          m_axi|         gmem7|       pointer|
|m_axi_gmem7_AWQOS      |  out|    4|          m_axi|         gmem7|       pointer|
|m_axi_gmem7_AWREGION   |  out|    4|          m_axi|         gmem7|       pointer|
|m_axi_gmem7_AWUSER     |  out|    1|          m_axi|         gmem7|       pointer|
|m_axi_gmem7_WVALID     |  out|    1|          m_axi|         gmem7|       pointer|
|m_axi_gmem7_WREADY     |   in|    1|          m_axi|         gmem7|       pointer|
|m_axi_gmem7_WDATA      |  out|   32|          m_axi|         gmem7|       pointer|
|m_axi_gmem7_WSTRB      |  out|    4|          m_axi|         gmem7|       pointer|
|m_axi_gmem7_WLAST      |  out|    1|          m_axi|         gmem7|       pointer|
|m_axi_gmem7_WID        |  out|    1|          m_axi|         gmem7|       pointer|
|m_axi_gmem7_WUSER      |  out|    1|          m_axi|         gmem7|       pointer|
|m_axi_gmem7_ARVALID    |  out|    1|          m_axi|         gmem7|       pointer|
|m_axi_gmem7_ARREADY    |   in|    1|          m_axi|         gmem7|       pointer|
|m_axi_gmem7_ARADDR     |  out|   64|          m_axi|         gmem7|       pointer|
|m_axi_gmem7_ARID       |  out|    1|          m_axi|         gmem7|       pointer|
|m_axi_gmem7_ARLEN      |  out|    8|          m_axi|         gmem7|       pointer|
|m_axi_gmem7_ARSIZE     |  out|    3|          m_axi|         gmem7|       pointer|
|m_axi_gmem7_ARBURST    |  out|    2|          m_axi|         gmem7|       pointer|
|m_axi_gmem7_ARLOCK     |  out|    2|          m_axi|         gmem7|       pointer|
|m_axi_gmem7_ARCACHE    |  out|    4|          m_axi|         gmem7|       pointer|
|m_axi_gmem7_ARPROT     |  out|    3|          m_axi|         gmem7|       pointer|
|m_axi_gmem7_ARQOS      |  out|    4|          m_axi|         gmem7|       pointer|
|m_axi_gmem7_ARREGION   |  out|    4|          m_axi|         gmem7|       pointer|
|m_axi_gmem7_ARUSER     |  out|    1|          m_axi|         gmem7|       pointer|
|m_axi_gmem7_RVALID     |   in|    1|          m_axi|         gmem7|       pointer|
|m_axi_gmem7_RREADY     |  out|    1|          m_axi|         gmem7|       pointer|
|m_axi_gmem7_RDATA      |   in|   32|          m_axi|         gmem7|       pointer|
|m_axi_gmem7_RLAST      |   in|    1|          m_axi|         gmem7|       pointer|
|m_axi_gmem7_RID        |   in|    1|          m_axi|         gmem7|       pointer|
|m_axi_gmem7_RUSER      |   in|    1|          m_axi|         gmem7|       pointer|
|m_axi_gmem7_RRESP      |   in|    2|          m_axi|         gmem7|       pointer|
|m_axi_gmem7_BVALID     |   in|    1|          m_axi|         gmem7|       pointer|
|m_axi_gmem7_BREADY     |  out|    1|          m_axi|         gmem7|       pointer|
|m_axi_gmem7_BRESP      |   in|    2|          m_axi|         gmem7|       pointer|
|m_axi_gmem7_BID        |   in|    1|          m_axi|         gmem7|       pointer|
|m_axi_gmem7_BUSER      |   in|    1|          m_axi|         gmem7|       pointer|
|m_axi_gmem8_AWVALID    |  out|    1|          m_axi|         gmem8|       pointer|
|m_axi_gmem8_AWREADY    |   in|    1|          m_axi|         gmem8|       pointer|
|m_axi_gmem8_AWADDR     |  out|   64|          m_axi|         gmem8|       pointer|
|m_axi_gmem8_AWID       |  out|    1|          m_axi|         gmem8|       pointer|
|m_axi_gmem8_AWLEN      |  out|    8|          m_axi|         gmem8|       pointer|
|m_axi_gmem8_AWSIZE     |  out|    3|          m_axi|         gmem8|       pointer|
|m_axi_gmem8_AWBURST    |  out|    2|          m_axi|         gmem8|       pointer|
|m_axi_gmem8_AWLOCK     |  out|    2|          m_axi|         gmem8|       pointer|
|m_axi_gmem8_AWCACHE    |  out|    4|          m_axi|         gmem8|       pointer|
|m_axi_gmem8_AWPROT     |  out|    3|          m_axi|         gmem8|       pointer|
|m_axi_gmem8_AWQOS      |  out|    4|          m_axi|         gmem8|       pointer|
|m_axi_gmem8_AWREGION   |  out|    4|          m_axi|         gmem8|       pointer|
|m_axi_gmem8_AWUSER     |  out|    1|          m_axi|         gmem8|       pointer|
|m_axi_gmem8_WVALID     |  out|    1|          m_axi|         gmem8|       pointer|
|m_axi_gmem8_WREADY     |   in|    1|          m_axi|         gmem8|       pointer|
|m_axi_gmem8_WDATA      |  out|  128|          m_axi|         gmem8|       pointer|
|m_axi_gmem8_WSTRB      |  out|   16|          m_axi|         gmem8|       pointer|
|m_axi_gmem8_WLAST      |  out|    1|          m_axi|         gmem8|       pointer|
|m_axi_gmem8_WID        |  out|    1|          m_axi|         gmem8|       pointer|
|m_axi_gmem8_WUSER      |  out|    1|          m_axi|         gmem8|       pointer|
|m_axi_gmem8_ARVALID    |  out|    1|          m_axi|         gmem8|       pointer|
|m_axi_gmem8_ARREADY    |   in|    1|          m_axi|         gmem8|       pointer|
|m_axi_gmem8_ARADDR     |  out|   64|          m_axi|         gmem8|       pointer|
|m_axi_gmem8_ARID       |  out|    1|          m_axi|         gmem8|       pointer|
|m_axi_gmem8_ARLEN      |  out|    8|          m_axi|         gmem8|       pointer|
|m_axi_gmem8_ARSIZE     |  out|    3|          m_axi|         gmem8|       pointer|
|m_axi_gmem8_ARBURST    |  out|    2|          m_axi|         gmem8|       pointer|
|m_axi_gmem8_ARLOCK     |  out|    2|          m_axi|         gmem8|       pointer|
|m_axi_gmem8_ARCACHE    |  out|    4|          m_axi|         gmem8|       pointer|
|m_axi_gmem8_ARPROT     |  out|    3|          m_axi|         gmem8|       pointer|
|m_axi_gmem8_ARQOS      |  out|    4|          m_axi|         gmem8|       pointer|
|m_axi_gmem8_ARREGION   |  out|    4|          m_axi|         gmem8|       pointer|
|m_axi_gmem8_ARUSER     |  out|    1|          m_axi|         gmem8|       pointer|
|m_axi_gmem8_RVALID     |   in|    1|          m_axi|         gmem8|       pointer|
|m_axi_gmem8_RREADY     |  out|    1|          m_axi|         gmem8|       pointer|
|m_axi_gmem8_RDATA      |   in|  128|          m_axi|         gmem8|       pointer|
|m_axi_gmem8_RLAST      |   in|    1|          m_axi|         gmem8|       pointer|
|m_axi_gmem8_RID        |   in|    1|          m_axi|         gmem8|       pointer|
|m_axi_gmem8_RUSER      |   in|    1|          m_axi|         gmem8|       pointer|
|m_axi_gmem8_RRESP      |   in|    2|          m_axi|         gmem8|       pointer|
|m_axi_gmem8_BVALID     |   in|    1|          m_axi|         gmem8|       pointer|
|m_axi_gmem8_BREADY     |  out|    1|          m_axi|         gmem8|       pointer|
|m_axi_gmem8_BRESP      |   in|    2|          m_axi|         gmem8|       pointer|
|m_axi_gmem8_BID        |   in|    1|          m_axi|         gmem8|       pointer|
|m_axi_gmem8_BUSER      |   in|    1|          m_axi|         gmem8|       pointer|
|m_axi_gmem9_AWVALID    |  out|    1|          m_axi|         gmem9|       pointer|
|m_axi_gmem9_AWREADY    |   in|    1|          m_axi|         gmem9|       pointer|
|m_axi_gmem9_AWADDR     |  out|   64|          m_axi|         gmem9|       pointer|
|m_axi_gmem9_AWID       |  out|    1|          m_axi|         gmem9|       pointer|
|m_axi_gmem9_AWLEN      |  out|    8|          m_axi|         gmem9|       pointer|
|m_axi_gmem9_AWSIZE     |  out|    3|          m_axi|         gmem9|       pointer|
|m_axi_gmem9_AWBURST    |  out|    2|          m_axi|         gmem9|       pointer|
|m_axi_gmem9_AWLOCK     |  out|    2|          m_axi|         gmem9|       pointer|
|m_axi_gmem9_AWCACHE    |  out|    4|          m_axi|         gmem9|       pointer|
|m_axi_gmem9_AWPROT     |  out|    3|          m_axi|         gmem9|       pointer|
|m_axi_gmem9_AWQOS      |  out|    4|          m_axi|         gmem9|       pointer|
|m_axi_gmem9_AWREGION   |  out|    4|          m_axi|         gmem9|       pointer|
|m_axi_gmem9_AWUSER     |  out|    1|          m_axi|         gmem9|       pointer|
|m_axi_gmem9_WVALID     |  out|    1|          m_axi|         gmem9|       pointer|
|m_axi_gmem9_WREADY     |   in|    1|          m_axi|         gmem9|       pointer|
|m_axi_gmem9_WDATA      |  out|  128|          m_axi|         gmem9|       pointer|
|m_axi_gmem9_WSTRB      |  out|   16|          m_axi|         gmem9|       pointer|
|m_axi_gmem9_WLAST      |  out|    1|          m_axi|         gmem9|       pointer|
|m_axi_gmem9_WID        |  out|    1|          m_axi|         gmem9|       pointer|
|m_axi_gmem9_WUSER      |  out|    1|          m_axi|         gmem9|       pointer|
|m_axi_gmem9_ARVALID    |  out|    1|          m_axi|         gmem9|       pointer|
|m_axi_gmem9_ARREADY    |   in|    1|          m_axi|         gmem9|       pointer|
|m_axi_gmem9_ARADDR     |  out|   64|          m_axi|         gmem9|       pointer|
|m_axi_gmem9_ARID       |  out|    1|          m_axi|         gmem9|       pointer|
|m_axi_gmem9_ARLEN      |  out|    8|          m_axi|         gmem9|       pointer|
|m_axi_gmem9_ARSIZE     |  out|    3|          m_axi|         gmem9|       pointer|
|m_axi_gmem9_ARBURST    |  out|    2|          m_axi|         gmem9|       pointer|
|m_axi_gmem9_ARLOCK     |  out|    2|          m_axi|         gmem9|       pointer|
|m_axi_gmem9_ARCACHE    |  out|    4|          m_axi|         gmem9|       pointer|
|m_axi_gmem9_ARPROT     |  out|    3|          m_axi|         gmem9|       pointer|
|m_axi_gmem9_ARQOS      |  out|    4|          m_axi|         gmem9|       pointer|
|m_axi_gmem9_ARREGION   |  out|    4|          m_axi|         gmem9|       pointer|
|m_axi_gmem9_ARUSER     |  out|    1|          m_axi|         gmem9|       pointer|
|m_axi_gmem9_RVALID     |   in|    1|          m_axi|         gmem9|       pointer|
|m_axi_gmem9_RREADY     |  out|    1|          m_axi|         gmem9|       pointer|
|m_axi_gmem9_RDATA      |   in|  128|          m_axi|         gmem9|       pointer|
|m_axi_gmem9_RLAST      |   in|    1|          m_axi|         gmem9|       pointer|
|m_axi_gmem9_RID        |   in|    1|          m_axi|         gmem9|       pointer|
|m_axi_gmem9_RUSER      |   in|    1|          m_axi|         gmem9|       pointer|
|m_axi_gmem9_RRESP      |   in|    2|          m_axi|         gmem9|       pointer|
|m_axi_gmem9_BVALID     |   in|    1|          m_axi|         gmem9|       pointer|
|m_axi_gmem9_BREADY     |  out|    1|          m_axi|         gmem9|       pointer|
|m_axi_gmem9_BRESP      |   in|    2|          m_axi|         gmem9|       pointer|
|m_axi_gmem9_BID        |   in|    1|          m_axi|         gmem9|       pointer|
|m_axi_gmem9_BUSER      |   in|    1|          m_axi|         gmem9|       pointer|
|m_axi_gmem10_AWVALID   |  out|    1|          m_axi|        gmem10|       pointer|
|m_axi_gmem10_AWREADY   |   in|    1|          m_axi|        gmem10|       pointer|
|m_axi_gmem10_AWADDR    |  out|   64|          m_axi|        gmem10|       pointer|
|m_axi_gmem10_AWID      |  out|    1|          m_axi|        gmem10|       pointer|
|m_axi_gmem10_AWLEN     |  out|    8|          m_axi|        gmem10|       pointer|
|m_axi_gmem10_AWSIZE    |  out|    3|          m_axi|        gmem10|       pointer|
|m_axi_gmem10_AWBURST   |  out|    2|          m_axi|        gmem10|       pointer|
|m_axi_gmem10_AWLOCK    |  out|    2|          m_axi|        gmem10|       pointer|
|m_axi_gmem10_AWCACHE   |  out|    4|          m_axi|        gmem10|       pointer|
|m_axi_gmem10_AWPROT    |  out|    3|          m_axi|        gmem10|       pointer|
|m_axi_gmem10_AWQOS     |  out|    4|          m_axi|        gmem10|       pointer|
|m_axi_gmem10_AWREGION  |  out|    4|          m_axi|        gmem10|       pointer|
|m_axi_gmem10_AWUSER    |  out|    1|          m_axi|        gmem10|       pointer|
|m_axi_gmem10_WVALID    |  out|    1|          m_axi|        gmem10|       pointer|
|m_axi_gmem10_WREADY    |   in|    1|          m_axi|        gmem10|       pointer|
|m_axi_gmem10_WDATA     |  out|  128|          m_axi|        gmem10|       pointer|
|m_axi_gmem10_WSTRB     |  out|   16|          m_axi|        gmem10|       pointer|
|m_axi_gmem10_WLAST     |  out|    1|          m_axi|        gmem10|       pointer|
|m_axi_gmem10_WID       |  out|    1|          m_axi|        gmem10|       pointer|
|m_axi_gmem10_WUSER     |  out|    1|          m_axi|        gmem10|       pointer|
|m_axi_gmem10_ARVALID   |  out|    1|          m_axi|        gmem10|       pointer|
|m_axi_gmem10_ARREADY   |   in|    1|          m_axi|        gmem10|       pointer|
|m_axi_gmem10_ARADDR    |  out|   64|          m_axi|        gmem10|       pointer|
|m_axi_gmem10_ARID      |  out|    1|          m_axi|        gmem10|       pointer|
|m_axi_gmem10_ARLEN     |  out|    8|          m_axi|        gmem10|       pointer|
|m_axi_gmem10_ARSIZE    |  out|    3|          m_axi|        gmem10|       pointer|
|m_axi_gmem10_ARBURST   |  out|    2|          m_axi|        gmem10|       pointer|
|m_axi_gmem10_ARLOCK    |  out|    2|          m_axi|        gmem10|       pointer|
|m_axi_gmem10_ARCACHE   |  out|    4|          m_axi|        gmem10|       pointer|
|m_axi_gmem10_ARPROT    |  out|    3|          m_axi|        gmem10|       pointer|
|m_axi_gmem10_ARQOS     |  out|    4|          m_axi|        gmem10|       pointer|
|m_axi_gmem10_ARREGION  |  out|    4|          m_axi|        gmem10|       pointer|
|m_axi_gmem10_ARUSER    |  out|    1|          m_axi|        gmem10|       pointer|
|m_axi_gmem10_RVALID    |   in|    1|          m_axi|        gmem10|       pointer|
|m_axi_gmem10_RREADY    |  out|    1|          m_axi|        gmem10|       pointer|
|m_axi_gmem10_RDATA     |   in|  128|          m_axi|        gmem10|       pointer|
|m_axi_gmem10_RLAST     |   in|    1|          m_axi|        gmem10|       pointer|
|m_axi_gmem10_RID       |   in|    1|          m_axi|        gmem10|       pointer|
|m_axi_gmem10_RUSER     |   in|    1|          m_axi|        gmem10|       pointer|
|m_axi_gmem10_RRESP     |   in|    2|          m_axi|        gmem10|       pointer|
|m_axi_gmem10_BVALID    |   in|    1|          m_axi|        gmem10|       pointer|
|m_axi_gmem10_BREADY    |  out|    1|          m_axi|        gmem10|       pointer|
|m_axi_gmem10_BRESP     |   in|    2|          m_axi|        gmem10|       pointer|
|m_axi_gmem10_BID       |   in|    1|          m_axi|        gmem10|       pointer|
|m_axi_gmem10_BUSER     |   in|    1|          m_axi|        gmem10|       pointer|
|m_axi_gmem11_AWVALID   |  out|    1|          m_axi|        gmem11|       pointer|
|m_axi_gmem11_AWREADY   |   in|    1|          m_axi|        gmem11|       pointer|
|m_axi_gmem11_AWADDR    |  out|   64|          m_axi|        gmem11|       pointer|
|m_axi_gmem11_AWID      |  out|    1|          m_axi|        gmem11|       pointer|
|m_axi_gmem11_AWLEN     |  out|    8|          m_axi|        gmem11|       pointer|
|m_axi_gmem11_AWSIZE    |  out|    3|          m_axi|        gmem11|       pointer|
|m_axi_gmem11_AWBURST   |  out|    2|          m_axi|        gmem11|       pointer|
|m_axi_gmem11_AWLOCK    |  out|    2|          m_axi|        gmem11|       pointer|
|m_axi_gmem11_AWCACHE   |  out|    4|          m_axi|        gmem11|       pointer|
|m_axi_gmem11_AWPROT    |  out|    3|          m_axi|        gmem11|       pointer|
|m_axi_gmem11_AWQOS     |  out|    4|          m_axi|        gmem11|       pointer|
|m_axi_gmem11_AWREGION  |  out|    4|          m_axi|        gmem11|       pointer|
|m_axi_gmem11_AWUSER    |  out|    1|          m_axi|        gmem11|       pointer|
|m_axi_gmem11_WVALID    |  out|    1|          m_axi|        gmem11|       pointer|
|m_axi_gmem11_WREADY    |   in|    1|          m_axi|        gmem11|       pointer|
|m_axi_gmem11_WDATA     |  out|   32|          m_axi|        gmem11|       pointer|
|m_axi_gmem11_WSTRB     |  out|    4|          m_axi|        gmem11|       pointer|
|m_axi_gmem11_WLAST     |  out|    1|          m_axi|        gmem11|       pointer|
|m_axi_gmem11_WID       |  out|    1|          m_axi|        gmem11|       pointer|
|m_axi_gmem11_WUSER     |  out|    1|          m_axi|        gmem11|       pointer|
|m_axi_gmem11_ARVALID   |  out|    1|          m_axi|        gmem11|       pointer|
|m_axi_gmem11_ARREADY   |   in|    1|          m_axi|        gmem11|       pointer|
|m_axi_gmem11_ARADDR    |  out|   64|          m_axi|        gmem11|       pointer|
|m_axi_gmem11_ARID      |  out|    1|          m_axi|        gmem11|       pointer|
|m_axi_gmem11_ARLEN     |  out|    8|          m_axi|        gmem11|       pointer|
|m_axi_gmem11_ARSIZE    |  out|    3|          m_axi|        gmem11|       pointer|
|m_axi_gmem11_ARBURST   |  out|    2|          m_axi|        gmem11|       pointer|
|m_axi_gmem11_ARLOCK    |  out|    2|          m_axi|        gmem11|       pointer|
|m_axi_gmem11_ARCACHE   |  out|    4|          m_axi|        gmem11|       pointer|
|m_axi_gmem11_ARPROT    |  out|    3|          m_axi|        gmem11|       pointer|
|m_axi_gmem11_ARQOS     |  out|    4|          m_axi|        gmem11|       pointer|
|m_axi_gmem11_ARREGION  |  out|    4|          m_axi|        gmem11|       pointer|
|m_axi_gmem11_ARUSER    |  out|    1|          m_axi|        gmem11|       pointer|
|m_axi_gmem11_RVALID    |   in|    1|          m_axi|        gmem11|       pointer|
|m_axi_gmem11_RREADY    |  out|    1|          m_axi|        gmem11|       pointer|
|m_axi_gmem11_RDATA     |   in|   32|          m_axi|        gmem11|       pointer|
|m_axi_gmem11_RLAST     |   in|    1|          m_axi|        gmem11|       pointer|
|m_axi_gmem11_RID       |   in|    1|          m_axi|        gmem11|       pointer|
|m_axi_gmem11_RUSER     |   in|    1|          m_axi|        gmem11|       pointer|
|m_axi_gmem11_RRESP     |   in|    2|          m_axi|        gmem11|       pointer|
|m_axi_gmem11_BVALID    |   in|    1|          m_axi|        gmem11|       pointer|
|m_axi_gmem11_BREADY    |  out|    1|          m_axi|        gmem11|       pointer|
|m_axi_gmem11_BRESP     |   in|    2|          m_axi|        gmem11|       pointer|
|m_axi_gmem11_BID       |   in|    1|          m_axi|        gmem11|       pointer|
|m_axi_gmem11_BUSER     |   in|    1|          m_axi|        gmem11|       pointer|
|m_axi_gmem12_AWVALID   |  out|    1|          m_axi|        gmem12|       pointer|
|m_axi_gmem12_AWREADY   |   in|    1|          m_axi|        gmem12|       pointer|
|m_axi_gmem12_AWADDR    |  out|   64|          m_axi|        gmem12|       pointer|
|m_axi_gmem12_AWID      |  out|    1|          m_axi|        gmem12|       pointer|
|m_axi_gmem12_AWLEN     |  out|    8|          m_axi|        gmem12|       pointer|
|m_axi_gmem12_AWSIZE    |  out|    3|          m_axi|        gmem12|       pointer|
|m_axi_gmem12_AWBURST   |  out|    2|          m_axi|        gmem12|       pointer|
|m_axi_gmem12_AWLOCK    |  out|    2|          m_axi|        gmem12|       pointer|
|m_axi_gmem12_AWCACHE   |  out|    4|          m_axi|        gmem12|       pointer|
|m_axi_gmem12_AWPROT    |  out|    3|          m_axi|        gmem12|       pointer|
|m_axi_gmem12_AWQOS     |  out|    4|          m_axi|        gmem12|       pointer|
|m_axi_gmem12_AWREGION  |  out|    4|          m_axi|        gmem12|       pointer|
|m_axi_gmem12_AWUSER    |  out|    1|          m_axi|        gmem12|       pointer|
|m_axi_gmem12_WVALID    |  out|    1|          m_axi|        gmem12|       pointer|
|m_axi_gmem12_WREADY    |   in|    1|          m_axi|        gmem12|       pointer|
|m_axi_gmem12_WDATA     |  out|  512|          m_axi|        gmem12|       pointer|
|m_axi_gmem12_WSTRB     |  out|   64|          m_axi|        gmem12|       pointer|
|m_axi_gmem12_WLAST     |  out|    1|          m_axi|        gmem12|       pointer|
|m_axi_gmem12_WID       |  out|    1|          m_axi|        gmem12|       pointer|
|m_axi_gmem12_WUSER     |  out|    1|          m_axi|        gmem12|       pointer|
|m_axi_gmem12_ARVALID   |  out|    1|          m_axi|        gmem12|       pointer|
|m_axi_gmem12_ARREADY   |   in|    1|          m_axi|        gmem12|       pointer|
|m_axi_gmem12_ARADDR    |  out|   64|          m_axi|        gmem12|       pointer|
|m_axi_gmem12_ARID      |  out|    1|          m_axi|        gmem12|       pointer|
|m_axi_gmem12_ARLEN     |  out|    8|          m_axi|        gmem12|       pointer|
|m_axi_gmem12_ARSIZE    |  out|    3|          m_axi|        gmem12|       pointer|
|m_axi_gmem12_ARBURST   |  out|    2|          m_axi|        gmem12|       pointer|
|m_axi_gmem12_ARLOCK    |  out|    2|          m_axi|        gmem12|       pointer|
|m_axi_gmem12_ARCACHE   |  out|    4|          m_axi|        gmem12|       pointer|
|m_axi_gmem12_ARPROT    |  out|    3|          m_axi|        gmem12|       pointer|
|m_axi_gmem12_ARQOS     |  out|    4|          m_axi|        gmem12|       pointer|
|m_axi_gmem12_ARREGION  |  out|    4|          m_axi|        gmem12|       pointer|
|m_axi_gmem12_ARUSER    |  out|    1|          m_axi|        gmem12|       pointer|
|m_axi_gmem12_RVALID    |   in|    1|          m_axi|        gmem12|       pointer|
|m_axi_gmem12_RREADY    |  out|    1|          m_axi|        gmem12|       pointer|
|m_axi_gmem12_RDATA     |   in|  512|          m_axi|        gmem12|       pointer|
|m_axi_gmem12_RLAST     |   in|    1|          m_axi|        gmem12|       pointer|
|m_axi_gmem12_RID       |   in|    1|          m_axi|        gmem12|       pointer|
|m_axi_gmem12_RUSER     |   in|    1|          m_axi|        gmem12|       pointer|
|m_axi_gmem12_RRESP     |   in|    2|          m_axi|        gmem12|       pointer|
|m_axi_gmem12_BVALID    |   in|    1|          m_axi|        gmem12|       pointer|
|m_axi_gmem12_BREADY    |  out|    1|          m_axi|        gmem12|       pointer|
|m_axi_gmem12_BRESP     |   in|    2|          m_axi|        gmem12|       pointer|
|m_axi_gmem12_BID       |   in|    1|          m_axi|        gmem12|       pointer|
|m_axi_gmem12_BUSER     |   in|    1|          m_axi|        gmem12|       pointer|
+-----------------------+-----+-----+---------------+--------------+--------------+

