figure,model,dataset,solution,x,value,source_id,source_kind,source_locator,source_sha256,value_note
fig2_execution_breakdown,JODIE,WK,TGS (%),,6.5,workbook_a,exact_workbook_value,Sheet1!C2,b1435a8afb1f73b7049922076ab87c8a0d3822f6c7372ccb67044f153784177f,Exact numeric cell from the author plotting workbook.
fig2_execution_breakdown,JODIE,WK,MG (%),,4.8,workbook_a,exact_workbook_value,Sheet1!D2,b1435a8afb1f73b7049922076ab87c8a0d3822f6c7372ccb67044f153784177f,Exact numeric cell from the author plotting workbook.
fig2_execution_breakdown,JODIE,WK,VMU (%),,81.5,workbook_a,exact_workbook_value,Sheet1!E2,b1435a8afb1f73b7049922076ab87c8a0d3822f6c7372ccb67044f153784177f,Exact numeric cell from the author plotting workbook.
fig2_execution_breakdown,JODIE,WK,TA (%),,7.2,workbook_a,exact_workbook_value,Sheet1!F2,b1435a8afb1f73b7049922076ab87c8a0d3822f6c7372ccb67044f153784177f,Exact numeric cell from the author plotting workbook.
fig2_execution_breakdown,JODIE,MC,TGS (%),,5.2,workbook_a,exact_workbook_value,Sheet1!C3,b1435a8afb1f73b7049922076ab87c8a0d3822f6c7372ccb67044f153784177f,Exact numeric cell from the author plotting workbook.
fig2_execution_breakdown,JODIE,MC,MG (%),,5.1,workbook_a,exact_workbook_value,Sheet1!D3,b1435a8afb1f73b7049922076ab87c8a0d3822f6c7372ccb67044f153784177f,Exact numeric cell from the author plotting workbook.
fig2_execution_breakdown,JODIE,MC,VMU (%),,80.8,workbook_a,exact_workbook_value,Sheet1!E3,b1435a8afb1f73b7049922076ab87c8a0d3822f6c7372ccb67044f153784177f,Exact numeric cell from the author plotting workbook.
fig2_execution_breakdown,JODIE,MC,TA (%),,8.9,workbook_a,exact_workbook_value,Sheet1!F3,b1435a8afb1f73b7049922076ab87c8a0d3822f6c7372ccb67044f153784177f,Exact numeric cell from the author plotting workbook.
fig2_execution_breakdown,JODIE,RT,TGS (%),,6.1,workbook_a,exact_workbook_value,Sheet1!C4,b1435a8afb1f73b7049922076ab87c8a0d3822f6c7372ccb67044f153784177f,Exact numeric cell from the author plotting workbook.
fig2_execution_breakdown,JODIE,RT,MG (%),,4.5,workbook_a,exact_workbook_value,Sheet1!D4,b1435a8afb1f73b7049922076ab87c8a0d3822f6c7372ccb67044f153784177f,Exact numeric cell from the author plotting workbook.
fig2_execution_breakdown,JODIE,RT,VMU (%),,82.2,workbook_a,exact_workbook_value,Sheet1!E4,b1435a8afb1f73b7049922076ab87c8a0d3822f6c7372ccb67044f153784177f,Exact numeric cell from the author plotting workbook.
fig2_execution_breakdown,JODIE,RT,TA (%),,7.2,workbook_a,exact_workbook_value,Sheet1!F4,b1435a8afb1f73b7049922076ab87c8a0d3822f6c7372ccb67044f153784177f,Exact numeric cell from the author plotting workbook.
fig2_execution_breakdown,JODIE,LM,TGS (%),,6.8,workbook_a,exact_workbook_value,Sheet1!C5,b1435a8afb1f73b7049922076ab87c8a0d3822f6c7372ccb67044f153784177f,Exact numeric cell from the author plotting workbook.
fig2_execution_breakdown,JODIE,LM,MG (%),,5.5,workbook_a,exact_workbook_value,Sheet1!D5,b1435a8afb1f73b7049922076ab87c8a0d3822f6c7372ccb67044f153784177f,Exact numeric cell from the author plotting workbook.
fig2_execution_breakdown,JODIE,LM,VMU (%),,78.5,workbook_a,exact_workbook_value,Sheet1!E5,b1435a8afb1f73b7049922076ab87c8a0d3822f6c7372ccb67044f153784177f,Exact numeric cell from the author plotting workbook.
fig2_execution_breakdown,JODIE,LM,TA (%),,9.2,workbook_a,exact_workbook_value,Sheet1!F5,b1435a8afb1f73b7049922076ab87c8a0d3822f6c7372ccb67044f153784177f,Exact numeric cell from the author plotting workbook.
fig2_execution_breakdown,JODIE,WT,TGS (%),,10.5,workbook_a,exact_workbook_value,Sheet1!C6,b1435a8afb1f73b7049922076ab87c8a0d3822f6c7372ccb67044f153784177f,Exact numeric cell from the author plotting workbook.
fig2_execution_breakdown,JODIE,WT,MG (%),,3.2,workbook_a,exact_workbook_value,Sheet1!D6,b1435a8afb1f73b7049922076ab87c8a0d3822f6c7372ccb67044f153784177f,Exact numeric cell from the author plotting workbook.
fig2_execution_breakdown,JODIE,WT,VMU (%),,81.1,workbook_a,exact_workbook_value,Sheet1!E6,b1435a8afb1f73b7049922076ab87c8a0d3822f6c7372ccb67044f153784177f,Exact numeric cell from the author plotting workbook.
fig2_execution_breakdown,JODIE,WT,TA (%),,5.2,workbook_a,exact_workbook_value,Sheet1!F6,b1435a8afb1f73b7049922076ab87c8a0d3822f6c7372ccb67044f153784177f,Exact numeric cell from the author plotting workbook.
fig2_execution_breakdown,JODIE,GT,TGS (%),,14.2,workbook_a,exact_workbook_value,Sheet1!C7,b1435a8afb1f73b7049922076ab87c8a0d3822f6c7372ccb67044f153784177f,Exact numeric cell from the author plotting workbook.
fig2_execution_breakdown,JODIE,GT,MG (%),,2.8,workbook_a,exact_workbook_value,Sheet1!D7,b1435a8afb1f73b7049922076ab87c8a0d3822f6c7372ccb67044f153784177f,Exact numeric cell from the author plotting workbook.
fig2_execution_breakdown,JODIE,GT,VMU (%),,78.5,workbook_a,exact_workbook_value,Sheet1!E7,b1435a8afb1f73b7049922076ab87c8a0d3822f6c7372ccb67044f153784177f,Exact numeric cell from the author plotting workbook.
fig2_execution_breakdown,JODIE,GT,TA (%),,4.5,workbook_a,exact_workbook_value,Sheet1!F7,b1435a8afb1f73b7049922076ab87c8a0d3822f6c7372ccb67044f153784177f,Exact numeric cell from the author plotting workbook.
fig2_execution_breakdown,TGAT,WK,TGS (%),,72.5,workbook_a,exact_workbook_value,Sheet1!C8,b1435a8afb1f73b7049922076ab87c8a0d3822f6c7372ccb67044f153784177f,Exact numeric cell from the author plotting workbook.
fig2_execution_breakdown,TGAT,WK,MG (%),,4.2,workbook_a,exact_workbook_value,Sheet1!D8,b1435a8afb1f73b7049922076ab87c8a0d3822f6c7372ccb67044f153784177f,Exact numeric cell from the author plotting workbook.
fig2_execution_breakdown,TGAT,WK,VMU (%),,1.8,workbook_a,exact_workbook_value,Sheet1!E8,b1435a8afb1f73b7049922076ab87c8a0d3822f6c7372ccb67044f153784177f,Exact numeric cell from the author plotting workbook.
fig2_execution_breakdown,TGAT,WK,TA (%),,21.5,workbook_a,exact_workbook_value,Sheet1!F8,b1435a8afb1f73b7049922076ab87c8a0d3822f6c7372ccb67044f153784177f,Exact numeric cell from the author plotting workbook.
fig2_execution_breakdown,TGAT,MC,TGS (%),,68.8,workbook_a,exact_workbook_value,Sheet1!C9,b1435a8afb1f73b7049922076ab87c8a0d3822f6c7372ccb67044f153784177f,Exact numeric cell from the author plotting workbook.
fig2_execution_breakdown,TGAT,MC,MG (%),,4.8,workbook_a,exact_workbook_value,Sheet1!D9,b1435a8afb1f73b7049922076ab87c8a0d3822f6c7372ccb67044f153784177f,Exact numeric cell from the author plotting workbook.
fig2_execution_breakdown,TGAT,MC,VMU (%),,2.1,workbook_a,exact_workbook_value,Sheet1!E9,b1435a8afb1f73b7049922076ab87c8a0d3822f6c7372ccb67044f153784177f,Exact numeric cell from the author plotting workbook.
fig2_execution_breakdown,TGAT,MC,TA (%),,24.3,workbook_a,exact_workbook_value,Sheet1!F9,b1435a8afb1f73b7049922076ab87c8a0d3822f6c7372ccb67044f153784177f,Exact numeric cell from the author plotting workbook.
fig2_execution_breakdown,TGAT,RT,TGS (%),,74.1,workbook_a,exact_workbook_value,Sheet1!C10,b1435a8afb1f73b7049922076ab87c8a0d3822f6c7372ccb67044f153784177f,Exact numeric cell from the author plotting workbook.
fig2_execution_breakdown,TGAT,RT,MG (%),,3.9,workbook_a,exact_workbook_value,Sheet1!D10,b1435a8afb1f73b7049922076ab87c8a0d3822f6c7372ccb67044f153784177f,Exact numeric cell from the author plotting workbook.
fig2_execution_breakdown,TGAT,RT,VMU (%),,1.5,workbook_a,exact_workbook_value,Sheet1!E10,b1435a8afb1f73b7049922076ab87c8a0d3822f6c7372ccb67044f153784177f,Exact numeric cell from the author plotting workbook.
fig2_execution_breakdown,TGAT,RT,TA (%),,20.5,workbook_a,exact_workbook_value,Sheet1!F10,b1435a8afb1f73b7049922076ab87c8a0d3822f6c7372ccb67044f153784177f,Exact numeric cell from the author plotting workbook.
fig2_execution_breakdown,TGAT,LM,TGS (%),,65.5,workbook_a,exact_workbook_value,Sheet1!C11,b1435a8afb1f73b7049922076ab87c8a0d3822f6c7372ccb67044f153784177f,Exact numeric cell from the author plotting workbook.
fig2_execution_breakdown,TGAT,LM,MG (%),,5.2,workbook_a,exact_workbook_value,Sheet1!D11,b1435a8afb1f73b7049922076ab87c8a0d3822f6c7372ccb67044f153784177f,Exact numeric cell from the author plotting workbook.
fig2_execution_breakdown,TGAT,LM,VMU (%),,2.5,workbook_a,exact_workbook_value,Sheet1!E11,b1435a8afb1f73b7049922076ab87c8a0d3822f6c7372ccb67044f153784177f,Exact numeric cell from the author plotting workbook.
fig2_execution_breakdown,TGAT,LM,TA (%),,26.8,workbook_a,exact_workbook_value,Sheet1!F11,b1435a8afb1f73b7049922076ab87c8a0d3822f6c7372ccb67044f153784177f,Exact numeric cell from the author plotting workbook.
fig2_execution_breakdown,TGAT,WT,TGS (%),,80.2,workbook_a,exact_workbook_value,Sheet1!C12,b1435a8afb1f73b7049922076ab87c8a0d3822f6c7372ccb67044f153784177f,Exact numeric cell from the author plotting workbook.
fig2_execution_breakdown,TGAT,WT,MG (%),,3.1,workbook_a,exact_workbook_value,Sheet1!D12,b1435a8afb1f73b7049922076ab87c8a0d3822f6c7372ccb67044f153784177f,Exact numeric cell from the author plotting workbook.
fig2_execution_breakdown,TGAT,WT,VMU (%),,1.2,workbook_a,exact_workbook_value,Sheet1!E12,b1435a8afb1f73b7049922076ab87c8a0d3822f6c7372ccb67044f153784177f,Exact numeric cell from the author plotting workbook.
fig2_execution_breakdown,TGAT,WT,TA (%),,15.5,workbook_a,exact_workbook_value,Sheet1!F12,b1435a8afb1f73b7049922076ab87c8a0d3822f6c7372ccb67044f153784177f,Exact numeric cell from the author plotting workbook.
fig2_execution_breakdown,TGAT,GT,TGS (%),,84.5,workbook_a,exact_workbook_value,Sheet1!C13,b1435a8afb1f73b7049922076ab87c8a0d3822f6c7372ccb67044f153784177f,Exact numeric cell from the author plotting workbook.
fig2_execution_breakdown,TGAT,GT,MG (%),,2.5,workbook_a,exact_workbook_value,Sheet1!D13,b1435a8afb1f73b7049922076ab87c8a0d3822f6c7372ccb67044f153784177f,Exact numeric cell from the author plotting workbook.
fig2_execution_breakdown,TGAT,GT,VMU (%),,1.1,workbook_a,exact_workbook_value,Sheet1!E13,b1435a8afb1f73b7049922076ab87c8a0d3822f6c7372ccb67044f153784177f,Exact numeric cell from the author plotting workbook.
fig2_execution_breakdown,TGAT,GT,TA (%),,11.9,workbook_a,exact_workbook_value,Sheet1!F13,b1435a8afb1f73b7049922076ab87c8a0d3822f6c7372ccb67044f153784177f,Exact numeric cell from the author plotting workbook.
fig2_execution_breakdown,TGN,WK,TGS (%),,44.5,workbook_a,exact_workbook_value,Sheet1!C14,b1435a8afb1f73b7049922076ab87c8a0d3822f6c7372ccb67044f153784177f,Exact numeric cell from the author plotting workbook.
fig2_execution_breakdown,TGN,WK,MG (%),,5.8,workbook_a,exact_workbook_value,Sheet1!D14,b1435a8afb1f73b7049922076ab87c8a0d3822f6c7372ccb67044f153784177f,Exact numeric cell from the author plotting workbook.
fig2_execution_breakdown,TGN,WK,VMU (%),,34.2,workbook_a,exact_workbook_value,Sheet1!E14,b1435a8afb1f73b7049922076ab87c8a0d3822f6c7372ccb67044f153784177f,Exact numeric cell from the author plotting workbook.
fig2_execution_breakdown,TGN,WK,TA (%),,15.5,workbook_a,exact_workbook_value,Sheet1!F14,b1435a8afb1f73b7049922076ab87c8a0d3822f6c7372ccb67044f153784177f,Exact numeric cell from the author plotting workbook.
fig2_execution_breakdown,TGN,MC,TGS (%),,41.2,workbook_a,exact_workbook_value,Sheet1!C15,b1435a8afb1f73b7049922076ab87c8a0d3822f6c7372ccb67044f153784177f,Exact numeric cell from the author plotting workbook.
fig2_execution_breakdown,TGN,MC,MG (%),,6.5,workbook_a,exact_workbook_value,Sheet1!D15,b1435a8afb1f73b7049922076ab87c8a0d3822f6c7372ccb67044f153784177f,Exact numeric cell from the author plotting workbook.
fig2_execution_breakdown,TGN,MC,VMU (%),,33.5,workbook_a,exact_workbook_value,Sheet1!E15,b1435a8afb1f73b7049922076ab87c8a0d3822f6c7372ccb67044f153784177f,Exact numeric cell from the author plotting workbook.
fig2_execution_breakdown,TGN,MC,TA (%),,18.8,workbook_a,exact_workbook_value,Sheet1!F15,b1435a8afb1f73b7049922076ab87c8a0d3822f6c7372ccb67044f153784177f,Exact numeric cell from the author plotting workbook.
fig2_execution_breakdown,TGN,RT,TGS (%),,46.8,workbook_a,exact_workbook_value,Sheet1!C16,b1435a8afb1f73b7049922076ab87c8a0d3822f6c7372ccb67044f153784177f,Exact numeric cell from the author plotting workbook.
fig2_execution_breakdown,TGN,RT,MG (%),,5.2,workbook_a,exact_workbook_value,Sheet1!D16,b1435a8afb1f73b7049922076ab87c8a0d3822f6c7372ccb67044f153784177f,Exact numeric cell from the author plotting workbook.
fig2_execution_breakdown,TGN,RT,VMU (%),,34.8,workbook_a,exact_workbook_value,Sheet1!E16,b1435a8afb1f73b7049922076ab87c8a0d3822f6c7372ccb67044f153784177f,Exact numeric cell from the author plotting workbook.
fig2_execution_breakdown,TGN,RT,TA (%),,13.2,workbook_a,exact_workbook_value,Sheet1!F16,b1435a8afb1f73b7049922076ab87c8a0d3822f6c7372ccb67044f153784177f,Exact numeric cell from the author plotting workbook.
fig2_execution_breakdown,TGN,LM,TGS (%),,42.5,workbook_a,exact_workbook_value,Sheet1!C17,b1435a8afb1f73b7049922076ab87c8a0d3822f6c7372ccb67044f153784177f,Exact numeric cell from the author plotting workbook.
fig2_execution_breakdown,TGN,LM,MG (%),,6.1,workbook_a,exact_workbook_value,Sheet1!D17,b1435a8afb1f73b7049922076ab87c8a0d3822f6c7372ccb67044f153784177f,Exact numeric cell from the author plotting workbook.
fig2_execution_breakdown,TGN,LM,VMU (%),,32.5,workbook_a,exact_workbook_value,Sheet1!E17,b1435a8afb1f73b7049922076ab87c8a0d3822f6c7372ccb67044f153784177f,Exact numeric cell from the author plotting workbook.
fig2_execution_breakdown,TGN,LM,TA (%),,18.9,workbook_a,exact_workbook_value,Sheet1!F17,b1435a8afb1f73b7049922076ab87c8a0d3822f6c7372ccb67044f153784177f,Exact numeric cell from the author plotting workbook.
fig2_execution_breakdown,TGN,WT,TGS (%),,55.4,workbook_a,exact_workbook_value,Sheet1!C18,b1435a8afb1f73b7049922076ab87c8a0d3822f6c7372ccb67044f153784177f,Exact numeric cell from the author plotting workbook.
fig2_execution_breakdown,TGN,WT,MG (%),,4.2,workbook_a,exact_workbook_value,Sheet1!D18,b1435a8afb1f73b7049922076ab87c8a0d3822f6c7372ccb67044f153784177f,Exact numeric cell from the author plotting workbook.
fig2_execution_breakdown,TGN,WT,VMU (%),,29.8,workbook_a,exact_workbook_value,Sheet1!E18,b1435a8afb1f73b7049922076ab87c8a0d3822f6c7372ccb67044f153784177f,Exact numeric cell from the author plotting workbook.
fig2_execution_breakdown,TGN,WT,TA (%),,10.6,workbook_a,exact_workbook_value,Sheet1!F18,b1435a8afb1f73b7049922076ab87c8a0d3822f6c7372ccb67044f153784177f,Exact numeric cell from the author plotting workbook.
fig2_execution_breakdown,TGN,GT,TGS (%),,61.2,workbook_a,exact_workbook_value,Sheet1!C19,b1435a8afb1f73b7049922076ab87c8a0d3822f6c7372ccb67044f153784177f,Exact numeric cell from the author plotting workbook.
fig2_execution_breakdown,TGN,GT,MG (%),,3.5,workbook_a,exact_workbook_value,Sheet1!D19,b1435a8afb1f73b7049922076ab87c8a0d3822f6c7372ccb67044f153784177f,Exact numeric cell from the author plotting workbook.
fig2_execution_breakdown,TGN,GT,VMU (%),,27.5,workbook_a,exact_workbook_value,Sheet1!E19,b1435a8afb1f73b7049922076ab87c8a0d3822f6c7372ccb67044f153784177f,Exact numeric cell from the author plotting workbook.
fig2_execution_breakdown,TGN,GT,TA (%),,7.8,workbook_a,exact_workbook_value,Sheet1!F19,b1435a8afb1f73b7049922076ab87c8a0d3822f6c7372ccb67044f153784177f,Exact numeric cell from the author plotting workbook.
fig2_execution_breakdown,APAN,WK,TGS (%),,54.5,workbook_a,exact_workbook_value,Sheet1!C20,b1435a8afb1f73b7049922076ab87c8a0d3822f6c7372ccb67044f153784177f,Exact numeric cell from the author plotting workbook.
fig2_execution_breakdown,APAN,WK,MG (%),,5.8,workbook_a,exact_workbook_value,Sheet1!D20,b1435a8afb1f73b7049922076ab87c8a0d3822f6c7372ccb67044f153784177f,Exact numeric cell from the author plotting workbook.
fig2_execution_breakdown,APAN,WK,VMU (%),,18.2,workbook_a,exact_workbook_value,Sheet1!E20,b1435a8afb1f73b7049922076ab87c8a0d3822f6c7372ccb67044f153784177f,Exact numeric cell from the author plotting workbook.
fig2_execution_breakdown,APAN,WK,TA (%),,21.5,workbook_a,exact_workbook_value,Sheet1!F20,b1435a8afb1f73b7049922076ab87c8a0d3822f6c7372ccb67044f153784177f,Exact numeric cell from the author plotting workbook.
fig2_execution_breakdown,APAN,MC,TGS (%),,50.2,workbook_a,exact_workbook_value,Sheet1!C21,b1435a8afb1f73b7049922076ab87c8a0d3822f6c7372ccb67044f153784177f,Exact numeric cell from the author plotting workbook.
fig2_execution_breakdown,APAN,MC,MG (%),,6.5,workbook_a,exact_workbook_value,Sheet1!D21,b1435a8afb1f73b7049922076ab87c8a0d3822f6c7372ccb67044f153784177f,Exact numeric cell from the author plotting workbook.
fig2_execution_breakdown,APAN,MC,VMU (%),,17.5,workbook_a,exact_workbook_value,Sheet1!E21,b1435a8afb1f73b7049922076ab87c8a0d3822f6c7372ccb67044f153784177f,Exact numeric cell from the author plotting workbook.
fig2_execution_breakdown,APAN,MC,TA (%),,25.8,workbook_a,exact_workbook_value,Sheet1!F21,b1435a8afb1f73b7049922076ab87c8a0d3822f6c7372ccb67044f153784177f,Exact numeric cell from the author plotting workbook.
fig2_execution_breakdown,APAN,RT,TGS (%),,56.8,workbook_a,exact_workbook_value,Sheet1!C22,b1435a8afb1f73b7049922076ab87c8a0d3822f6c7372ccb67044f153784177f,Exact numeric cell from the author plotting workbook.
fig2_execution_breakdown,APAN,RT,MG (%),,5.2,workbook_a,exact_workbook_value,Sheet1!D22,b1435a8afb1f73b7049922076ab87c8a0d3822f6c7372ccb67044f153784177f,Exact numeric cell from the author plotting workbook.
fig2_execution_breakdown,APAN,RT,VMU (%),,19.5,workbook_a,exact_workbook_value,Sheet1!E22,b1435a8afb1f73b7049922076ab87c8a0d3822f6c7372ccb67044f153784177f,Exact numeric cell from the author plotting workbook.
fig2_execution_breakdown,APAN,RT,TA (%),,18.5,workbook_a,exact_workbook_value,Sheet1!F22,b1435a8afb1f73b7049922076ab87c8a0d3822f6c7372ccb67044f153784177f,Exact numeric cell from the author plotting workbook.
fig2_execution_breakdown,APAN,LM,TGS (%),,52.5,workbook_a,exact_workbook_value,Sheet1!C23,b1435a8afb1f73b7049922076ab87c8a0d3822f6c7372ccb67044f153784177f,Exact numeric cell from the author plotting workbook.
fig2_execution_breakdown,APAN,LM,MG (%),,6.1,workbook_a,exact_workbook_value,Sheet1!D23,b1435a8afb1f73b7049922076ab87c8a0d3822f6c7372ccb67044f153784177f,Exact numeric cell from the author plotting workbook.
fig2_execution_breakdown,APAN,LM,VMU (%),,16.8,workbook_a,exact_workbook_value,Sheet1!E23,b1435a8afb1f73b7049922076ab87c8a0d3822f6c7372ccb67044f153784177f,Exact numeric cell from the author plotting workbook.
fig2_execution_breakdown,APAN,LM,TA (%),,24.6,workbook_a,exact_workbook_value,Sheet1!F23,b1435a8afb1f73b7049922076ab87c8a0d3822f6c7372ccb67044f153784177f,Exact numeric cell from the author plotting workbook.
fig2_execution_breakdown,APAN,WT,TGS (%),,62.4,workbook_a,exact_workbook_value,Sheet1!C24,b1435a8afb1f73b7049922076ab87c8a0d3822f6c7372ccb67044f153784177f,Exact numeric cell from the author plotting workbook.
fig2_execution_breakdown,APAN,WT,MG (%),,4.2,workbook_a,exact_workbook_value,Sheet1!D24,b1435a8afb1f73b7049922076ab87c8a0d3822f6c7372ccb67044f153784177f,Exact numeric cell from the author plotting workbook.
fig2_execution_breakdown,APAN,WT,VMU (%),,18.2,workbook_a,exact_workbook_value,Sheet1!E24,b1435a8afb1f73b7049922076ab87c8a0d3822f6c7372ccb67044f153784177f,Exact numeric cell from the author plotting workbook.
fig2_execution_breakdown,APAN,WT,TA (%),,15.2,workbook_a,exact_workbook_value,Sheet1!F24,b1435a8afb1f73b7049922076ab87c8a0d3822f6c7372ccb67044f153784177f,Exact numeric cell from the author plotting workbook.
fig2_execution_breakdown,APAN,GT,TGS (%),,68.5,workbook_a,exact_workbook_value,Sheet1!C25,b1435a8afb1f73b7049922076ab87c8a0d3822f6c7372ccb67044f153784177f,Exact numeric cell from the author plotting workbook.
fig2_execution_breakdown,APAN,GT,MG (%),,3.5,workbook_a,exact_workbook_value,Sheet1!D25,b1435a8afb1f73b7049922076ab87c8a0d3822f6c7372ccb67044f153784177f,Exact numeric cell from the author plotting workbook.
fig2_execution_breakdown,APAN,GT,VMU (%),,15.8,workbook_a,exact_workbook_value,Sheet1!E25,b1435a8afb1f73b7049922076ab87c8a0d3822f6c7372ccb67044f153784177f,Exact numeric cell from the author plotting workbook.
fig2_execution_breakdown,APAN,GT,TA (%),,12.2,workbook_a,exact_workbook_value,Sheet1!F25,b1435a8afb1f73b7049922076ab87c8a0d3822f6c7372ccb67044f153784177f,Exact numeric cell from the author plotting workbook.
fig2_execution_breakdown,AVG,AVG,TGS (%),,47.1,workbook_a,exact_workbook_value,Sheet1!C26,b1435a8afb1f73b7049922076ab87c8a0d3822f6c7372ccb67044f153784177f,Explicit average cell from the author plotting workbook.
fig2_execution_breakdown,AVG,AVG,MG (%),,4.7,workbook_a,exact_workbook_value,Sheet1!D26,b1435a8afb1f73b7049922076ab87c8a0d3822f6c7372ccb67044f153784177f,Explicit average cell from the author plotting workbook.
fig2_execution_breakdown,AVG,AVG,VMU (%),,33.0,workbook_a,exact_workbook_value,Sheet1!E26,b1435a8afb1f73b7049922076ab87c8a0d3822f6c7372ccb67044f153784177f,Explicit average cell from the author plotting workbook.
fig2_execution_breakdown,AVG,AVG,TA (%),,15.2,workbook_a,exact_workbook_value,Sheet1!F26,b1435a8afb1f73b7049922076ab87c8a0d3822f6c7372ccb67044f153784177f,Explicit average cell from the author plotting workbook.
fig4a_branch_parallelism_ratio,ALL,WK,BPR (%),,79.4,vector_fig4,vector_geometry_digitization,Fig.4(a) bar:WK,c97190cf681525f096318bf78da17ddedc9d0c440b8544665953c792405acf5f2,Digitized from the vector bar boundary and calibrated axis; rounded to 0.1 percentage point.
fig4a_branch_parallelism_ratio,ALL,MC,BPR (%),,73.3,vector_fig4,vector_geometry_digitization,Fig.4(a) bar:MC,c97190cf681525f096318bf78da17ddedc9d0c440b8544665953c792405acf5f2,Digitized from the vector bar boundary and calibrated axis; rounded to 0.1 percentage point.
fig4a_branch_parallelism_ratio,ALL,RT,BPR (%),,76.8,vector_fig4,vector_geometry_digitization,Fig.4(a) bar:RT,c97190cf681525f096318bf78da17ddedc9d0c440b8544665953c792405acf5f2,Digitized from the vector bar boundary and calibrated axis; rounded to 0.1 percentage point.
fig4a_branch_parallelism_ratio,ALL,LM,BPR (%),,68.3,vector_fig4,vector_geometry_digitization,Fig.4(a) bar:LM,c97190cf681525f096318bf78da17ddedc9d0c440b8544665953c792405acf5f2,Digitized from the vector bar boundary and calibrated axis; rounded to 0.1 percentage point.
fig4a_branch_parallelism_ratio,ALL,WT,BPR (%),,88.6,vector_fig4,vector_geometry_digitization,Fig.4(a) bar:WT,c97190cf681525f096318bf78da17ddedc9d0c440b8544665953c792405acf5f2,Digitized from the vector bar boundary and calibrated axis; rounded to 0.1 percentage point.
fig4a_branch_parallelism_ratio,ALL,GT,BPR (%),,91.2,vector_fig4,vector_geometry_digitization,Fig.4(a) bar:GT,c97190cf681525f096318bf78da17ddedc9d0c440b8544665953c792405acf5f2,Digitized from the vector bar boundary and calibrated axis; rounded to 0.1 percentage point.
fig9b_gpu_overhead_breakdown,JODIE,WK,Warp divergence,,38.2,workbook_b,exact_workbook_value,Sheet1!J3,fb9c95a3e356b9e2c601c612941d7e66ee9c3fa7d1b92392c77ac57fa3d768cf,Exact numeric cell from the author plotting workbook.
fig9b_gpu_overhead_breakdown,JODIE,WK,Dependency synchronization,,37.5,workbook_b,exact_workbook_value,Sheet1!K3,fb9c95a3e356b9e2c601c612941d7e66ee9c3fa7d1b92392c77ac57fa3d768cf,Exact numeric cell from the author plotting workbook.
fig9b_gpu_overhead_breakdown,JODIE,WK,Dynamic dependency bookkeeping,,24.3,workbook_b,exact_workbook_value,Sheet1!L3,fb9c95a3e356b9e2c601c612941d7e66ee9c3fa7d1b92392c77ac57fa3d768cf,Exact numeric cell from the author plotting workbook.
fig9b_gpu_overhead_breakdown,JODIE,MC,Warp divergence,,40.5,workbook_b,exact_workbook_value,Sheet1!J4,fb9c95a3e356b9e2c601c612941d7e66ee9c3fa7d1b92392c77ac57fa3d768cf,Exact numeric cell from the author plotting workbook.
fig9b_gpu_overhead_breakdown,JODIE,MC,Dependency synchronization,,36.2,workbook_b,exact_workbook_value,Sheet1!K4,fb9c95a3e356b9e2c601c612941d7e66ee9c3fa7d1b92392c77ac57fa3d768cf,Exact numeric cell from the author plotting workbook.
fig9b_gpu_overhead_breakdown,JODIE,MC,Dynamic dependency bookkeeping,,23.3,workbook_b,exact_workbook_value,Sheet1!L4,fb9c95a3e356b9e2c601c612941d7e66ee9c3fa7d1b92392c77ac57fa3d768cf,Exact numeric cell from the author plotting workbook.
fig9b_gpu_overhead_breakdown,JODIE,RT,Warp divergence,,42.1,workbook_b,exact_workbook_value,Sheet1!J5,fb9c95a3e356b9e2c601c612941d7e66ee9c3fa7d1b92392c77ac57fa3d768cf,Exact numeric cell from the author plotting workbook.
fig9b_gpu_overhead_breakdown,JODIE,RT,Dependency synchronization,,34.8,workbook_b,exact_workbook_value,Sheet1!K5,fb9c95a3e356b9e2c601c612941d7e66ee9c3fa7d1b92392c77ac57fa3d768cf,Exact numeric cell from the author plotting workbook.
fig9b_gpu_overhead_breakdown,JODIE,RT,Dynamic dependency bookkeeping,,23.1,workbook_b,exact_workbook_value,Sheet1!L5,fb9c95a3e356b9e2c601c612941d7e66ee9c3fa7d1b92392c77ac57fa3d768cf,Exact numeric cell from the author plotting workbook.
fig9b_gpu_overhead_breakdown,JODIE,LM,Warp divergence,,55.4,workbook_b,exact_workbook_value,Sheet1!J6,fb9c95a3e356b9e2c601c612941d7e66ee9c3fa7d1b92392c77ac57fa3d768cf,Exact numeric cell from the author plotting workbook.
fig9b_gpu_overhead_breakdown,JODIE,LM,Dependency synchronization,,27.5,workbook_b,exact_workbook_value,Sheet1!K6,fb9c95a3e356b9e2c601c612941d7e66ee9c3fa7d1b92392c77ac57fa3d768cf,Exact numeric cell from the author plotting workbook.
fig9b_gpu_overhead_breakdown,JODIE,LM,Dynamic dependency bookkeeping,,17.1,workbook_b,exact_workbook_value,Sheet1!L6,fb9c95a3e356b9e2c601c612941d7e66ee9c3fa7d1b92392c77ac57fa3d768cf,Exact numeric cell from the author plotting workbook.
fig9b_gpu_overhead_breakdown,JODIE,WT,Warp divergence,,34.6,workbook_b,exact_workbook_value,Sheet1!J7,fb9c95a3e356b9e2c601c612941d7e66ee9c3fa7d1b92392c77ac57fa3d768cf,Exact numeric cell from the author plotting workbook.
fig9b_gpu_overhead_breakdown,JODIE,WT,Dependency synchronization,,38.5,workbook_b,exact_workbook_value,Sheet1!K7,fb9c95a3e356b9e2c601c612941d7e66ee9c3fa7d1b92392c77ac57fa3d768cf,Exact numeric cell from the author plotting workbook.
fig9b_gpu_overhead_breakdown,JODIE,WT,Dynamic dependency bookkeeping,,26.9,workbook_b,exact_workbook_value,Sheet1!L7,fb9c95a3e356b9e2c601c612941d7e66ee9c3fa7d1b92392c77ac57fa3d768cf,Exact numeric cell from the author plotting workbook.
fig9b_gpu_overhead_breakdown,JODIE,GT,Warp divergence,,29.3,workbook_b,exact_workbook_value,Sheet1!J8,fb9c95a3e356b9e2c601c612941d7e66ee9c3fa7d1b92392c77ac57fa3d768cf,Exact numeric cell from the author plotting workbook.
fig9b_gpu_overhead_breakdown,JODIE,GT,Dependency synchronization,,51.5,workbook_b,exact_workbook_value,Sheet1!K8,fb9c95a3e356b9e2c601c612941d7e66ee9c3fa7d1b92392c77ac57fa3d768cf,Exact numeric cell from the author plotting workbook.
fig9b_gpu_overhead_breakdown,JODIE,GT,Dynamic dependency bookkeeping,,19.2,workbook_b,exact_workbook_value,Sheet1!L8,fb9c95a3e356b9e2c601c612941d7e66ee9c3fa7d1b92392c77ac57fa3d768cf,Exact numeric cell from the author plotting workbook.
fig9b_gpu_overhead_breakdown,TGN,WK,Warp divergence,,35.8,workbook_b,exact_workbook_value,Sheet1!J9,fb9c95a3e356b9e2c601c612941d7e66ee9c3fa7d1b92392c77ac57fa3d768cf,Exact numeric cell from the author plotting workbook.
fig9b_gpu_overhead_breakdown,TGN,WK,Dependency synchronization,,34.8,workbook_b,exact_workbook_value,Sheet1!K9,fb9c95a3e356b9e2c601c612941d7e66ee9c3fa7d1b92392c77ac57fa3d768cf,Exact numeric cell from the author plotting workbook.
fig9b_gpu_overhead_breakdown,TGN,WK,Dynamic dependency bookkeeping,,29.4,workbook_b,exact_workbook_value,Sheet1!L9,fb9c95a3e356b9e2c601c612941d7e66ee9c3fa7d1b92392c77ac57fa3d768cf,Exact numeric cell from the author plotting workbook.
fig9b_gpu_overhead_breakdown,TGN,MC,Warp divergence,,38.2,workbook_b,exact_workbook_value,Sheet1!J10,fb9c95a3e356b9e2c601c612941d7e66ee9c3fa7d1b92392c77ac57fa3d768cf,Exact numeric cell from the author plotting workbook.
fig9b_gpu_overhead_breakdown,TGN,MC,Dependency synchronization,,33.6,workbook_b,exact_workbook_value,Sheet1!K10,fb9c95a3e356b9e2c601c612941d7e66ee9c3fa7d1b92392c77ac57fa3d768cf,Exact numeric cell from the author plotting workbook.
fig9b_gpu_overhead_breakdown,TGN,MC,Dynamic dependency bookkeeping,,28.2,workbook_b,exact_workbook_value,Sheet1!L10,fb9c95a3e356b9e2c601c612941d7e66ee9c3fa7d1b92392c77ac57fa3d768cf,Exact numeric cell from the author plotting workbook.
fig9b_gpu_overhead_breakdown,TGN,RT,Warp divergence,,40.5,workbook_b,exact_workbook_value,Sheet1!J11,fb9c95a3e356b9e2c601c612941d7e66ee9c3fa7d1b92392c77ac57fa3d768cf,Exact numeric cell from the author plotting workbook.
fig9b_gpu_overhead_breakdown,TGN,RT,Dependency synchronization,,31.5,workbook_b,exact_workbook_value,Sheet1!K11,fb9c95a3e356b9e2c601c612941d7e66ee9c3fa7d1b92392c77ac57fa3d768cf,Exact numeric cell from the author plotting workbook.
fig9b_gpu_overhead_breakdown,TGN,RT,Dynamic dependency bookkeeping,,28.0,workbook_b,exact_workbook_value,Sheet1!L11,fb9c95a3e356b9e2c601c612941d7e66ee9c3fa7d1b92392c77ac57fa3d768cf,Exact numeric cell from the author plotting workbook.
fig9b_gpu_overhead_breakdown,TGN,LM,Warp divergence,,52.6,workbook_b,exact_workbook_value,Sheet1!J12,fb9c95a3e356b9e2c601c612941d7e66ee9c3fa7d1b92392c77ac57fa3d768cf,Exact numeric cell from the author plotting workbook.
fig9b_gpu_overhead_breakdown,TGN,LM,Dependency synchronization,,25.4,workbook_b,exact_workbook_value,Sheet1!K12,fb9c95a3e356b9e2c601c612941d7e66ee9c3fa7d1b92392c77ac57fa3d768cf,Exact numeric cell from the author plotting workbook.
fig9b_gpu_overhead_breakdown,TGN,LM,Dynamic dependency bookkeeping,,22.0,workbook_b,exact_workbook_value,Sheet1!L12,fb9c95a3e356b9e2c601c612941d7e66ee9c3fa7d1b92392c77ac57fa3d768cf,Exact numeric cell from the author plotting workbook.
fig9b_gpu_overhead_breakdown,TGN,WT,Warp divergence,,32.1,workbook_b,exact_workbook_value,Sheet1!J13,fb9c95a3e356b9e2c601c612941d7e66ee9c3fa7d1b92392c77ac57fa3d768cf,Exact numeric cell from the author plotting workbook.
fig9b_gpu_overhead_breakdown,TGN,WT,Dependency synchronization,,35.5,workbook_b,exact_workbook_value,Sheet1!K13,fb9c95a3e356b9e2c601c612941d7e66ee9c3fa7d1b92392c77ac57fa3d768cf,Exact numeric cell from the author plotting workbook.
fig9b_gpu_overhead_breakdown,TGN,WT,Dynamic dependency bookkeeping,,32.4,workbook_b,exact_workbook_value,Sheet1!L13,fb9c95a3e356b9e2c601c612941d7e66ee9c3fa7d1b92392c77ac57fa3d768cf,Exact numeric cell from the author plotting workbook.
fig9b_gpu_overhead_breakdown,TGN,GT,Warp divergence,,26.8,workbook_b,exact_workbook_value,Sheet1!J14,fb9c95a3e356b9e2c601c612941d7e66ee9c3fa7d1b92392c77ac57fa3d768cf,Exact numeric cell from the author plotting workbook.
fig9b_gpu_overhead_breakdown,TGN,GT,Dependency synchronization,,48.7,workbook_b,exact_workbook_value,Sheet1!K14,fb9c95a3e356b9e2c601c612941d7e66ee9c3fa7d1b92392c77ac57fa3d768cf,Exact numeric cell from the author plotting workbook.
fig9b_gpu_overhead_breakdown,TGN,GT,Dynamic dependency bookkeeping,,24.5,workbook_b,exact_workbook_value,Sheet1!L14,fb9c95a3e356b9e2c601c612941d7e66ee9c3fa7d1b92392c77ac57fa3d768cf,Exact numeric cell from the author plotting workbook.
fig9b_gpu_overhead_breakdown,TGAT,WK,Warp divergence,,74.8,workbook_b,exact_workbook_value,Sheet1!J15,fb9c95a3e356b9e2c601c612941d7e66ee9c3fa7d1b92392c77ac57fa3d768cf,Exact numeric cell from the author plotting workbook.
fig9b_gpu_overhead_breakdown,TGAT,WK,Dependency synchronization,,8.1,workbook_b,exact_workbook_value,Sheet1!K15,fb9c95a3e356b9e2c601c612941d7e66ee9c3fa7d1b92392c77ac57fa3d768cf,Exact numeric cell from the author plotting workbook.
fig9b_gpu_overhead_breakdown,TGAT,WK,Dynamic dependency bookkeeping,,17.1,workbook_b,exact_workbook_value,Sheet1!L15,fb9c95a3e356b9e2c601c612941d7e66ee9c3fa7d1b92392c77ac57fa3d768cf,Exact numeric cell from the author plotting workbook.
fig9b_gpu_overhead_breakdown,TGAT,MC,Warp divergence,,76.5,workbook_b,exact_workbook_value,Sheet1!J16,fb9c95a3e356b9e2c601c612941d7e66ee9c3fa7d1b92392c77ac57fa3d768cf,Exact numeric cell from the author plotting workbook.
fig9b_gpu_overhead_breakdown,TGAT,MC,Dependency synchronization,,7.4,workbook_b,exact_workbook_value,Sheet1!K16,fb9c95a3e356b9e2c601c612941d7e66ee9c3fa7d1b92392c77ac57fa3d768cf,Exact numeric cell from the author plotting workbook.
fig9b_gpu_overhead_breakdown,TGAT,MC,Dynamic dependency bookkeeping,,16.1,workbook_b,exact_workbook_value,Sheet1!L16,fb9c95a3e356b9e2c601c612941d7e66ee9c3fa7d1b92392c77ac57fa3d768cf,Exact numeric cell from the author plotting workbook.
fig9b_gpu_overhead_breakdown,TGAT,RT,Warp divergence,,78.2,workbook_b,exact_workbook_value,Sheet1!J17,fb9c95a3e356b9e2c601c612941d7e66ee9c3fa7d1b92392c77ac57fa3d768cf,Exact numeric cell from the author plotting workbook.
fig9b_gpu_overhead_breakdown,TGAT,RT,Dependency synchronization,,6.5,workbook_b,exact_workbook_value,Sheet1!K17,fb9c95a3e356b9e2c601c612941d7e66ee9c3fa7d1b92392c77ac57fa3d768cf,Exact numeric cell from the author plotting workbook.
fig9b_gpu_overhead_breakdown,TGAT,RT,Dynamic dependency bookkeeping,,15.3,workbook_b,exact_workbook_value,Sheet1!L17,fb9c95a3e356b9e2c601c612941d7e66ee9c3fa7d1b92392c77ac57fa3d768cf,Exact numeric cell from the author plotting workbook.
fig9b_gpu_overhead_breakdown,TGAT,LM,Warp divergence,,84.6,workbook_b,exact_workbook_value,Sheet1!J18,fb9c95a3e356b9e2c601c612941d7e66ee9c3fa7d1b92392c77ac57fa3d768cf,Exact numeric cell from the author plotting workbook.
fig9b_gpu_overhead_breakdown,TGAT,LM,Dependency synchronization,,5.2,workbook_b,exact_workbook_value,Sheet1!K18,fb9c95a3e356b9e2c601c612941d7e66ee9c3fa7d1b92392c77ac57fa3d768cf,Exact numeric cell from the author plotting workbook.
fig9b_gpu_overhead_breakdown,TGAT,LM,Dynamic dependency bookkeeping,,10.2,workbook_b,exact_workbook_value,Sheet1!L18,fb9c95a3e356b9e2c601c612941d7e66ee9c3fa7d1b92392c77ac57fa3d768cf,Exact numeric cell from the author plotting workbook.
fig9b_gpu_overhead_breakdown,TGAT,WT,Warp divergence,,70.4,workbook_b,exact_workbook_value,Sheet1!J19,fb9c95a3e356b9e2c601c612941d7e66ee9c3fa7d1b92392c77ac57fa3d768cf,Exact numeric cell from the author plotting workbook.
fig9b_gpu_overhead_breakdown,TGAT,WT,Dependency synchronization,,10.6,workbook_b,exact_workbook_value,Sheet1!K19,fb9c95a3e356b9e2c601c612941d7e66ee9c3fa7d1b92392c77ac57fa3d768cf,Exact numeric cell from the author plotting workbook.
fig9b_gpu_overhead_breakdown,TGAT,WT,Dynamic dependency bookkeeping,,19.0,workbook_b,exact_workbook_value,Sheet1!L19,fb9c95a3e356b9e2c601c612941d7e66ee9c3fa7d1b92392c77ac57fa3d768cf,Exact numeric cell from the author plotting workbook.
fig9b_gpu_overhead_breakdown,TGAT,GT,Warp divergence,,64.5,workbook_b,exact_workbook_value,Sheet1!J20,fb9c95a3e356b9e2c601c612941d7e66ee9c3fa7d1b92392c77ac57fa3d768cf,Exact numeric cell from the author plotting workbook.
fig9b_gpu_overhead_breakdown,TGAT,GT,Dependency synchronization,,15.3,workbook_b,exact_workbook_value,Sheet1!K20,fb9c95a3e356b9e2c601c612941d7e66ee9c3fa7d1b92392c77ac57fa3d768cf,Exact numeric cell from the author plotting workbook.
fig9b_gpu_overhead_breakdown,TGAT,GT,Dynamic dependency bookkeeping,,20.2,workbook_b,exact_workbook_value,Sheet1!L20,fb9c95a3e356b9e2c601c612941d7e66ee9c3fa7d1b92392c77ac57fa3d768cf,Exact numeric cell from the author plotting workbook.
fig9b_gpu_overhead_breakdown,APAN,WK,Warp divergence,,41.5,workbook_b,exact_workbook_value,Sheet1!J21,fb9c95a3e356b9e2c601c612941d7e66ee9c3fa7d1b92392c77ac57fa3d768cf,Exact numeric cell from the author plotting workbook.
fig9b_gpu_overhead_breakdown,APAN,WK,Dependency synchronization,,36.2,workbook_b,exact_workbook_value,Sheet1!K21,fb9c95a3e356b9e2c601c612941d7e66ee9c3fa7d1b92392c77ac57fa3d768cf,Exact numeric cell from the author plotting workbook.
fig9b_gpu_overhead_breakdown,APAN,WK,Dynamic dependency bookkeeping,,22.3,workbook_b,exact_workbook_value,Sheet1!L21,fb9c95a3e356b9e2c601c612941d7e66ee9c3fa7d1b92392c77ac57fa3d768cf,Exact numeric cell from the author plotting workbook.
fig9b_gpu_overhead_breakdown,APAN,MC,Warp divergence,,44.8,workbook_b,exact_workbook_value,Sheet1!J22,fb9c95a3e356b9e2c601c612941d7e66ee9c3fa7d1b92392c77ac57fa3d768cf,Exact numeric cell from the author plotting workbook.
fig9b_gpu_overhead_breakdown,APAN,MC,Dependency synchronization,,34.1,workbook_b,exact_workbook_value,Sheet1!K22,fb9c95a3e356b9e2c601c612941d7e66ee9c3fa7d1b92392c77ac57fa3d768cf,Exact numeric cell from the author plotting workbook.
fig9b_gpu_overhead_breakdown,APAN,MC,Dynamic dependency bookkeeping,,21.1,workbook_b,exact_workbook_value,Sheet1!L22,fb9c95a3e356b9e2c601c612941d7e66ee9c3fa7d1b92392c77ac57fa3d768cf,Exact numeric cell from the author plotting workbook.
fig9b_gpu_overhead_breakdown,APAN,RT,Warp divergence,,46.7,workbook_b,exact_workbook_value,Sheet1!J23,fb9c95a3e356b9e2c601c612941d7e66ee9c3fa7d1b92392c77ac57fa3d768cf,Exact numeric cell from the author plotting workbook.
fig9b_gpu_overhead_breakdown,APAN,RT,Dependency synchronization,,32.5,workbook_b,exact_workbook_value,Sheet1!K23,fb9c95a3e356b9e2c601c612941d7e66ee9c3fa7d1b92392c77ac57fa3d768cf,Exact numeric cell from the author plotting workbook.
fig9b_gpu_overhead_breakdown,APAN,RT,Dynamic dependency bookkeeping,,20.8,workbook_b,exact_workbook_value,Sheet1!L23,fb9c95a3e356b9e2c601c612941d7e66ee9c3fa7d1b92392c77ac57fa3d768cf,Exact numeric cell from the author plotting workbook.
fig9b_gpu_overhead_breakdown,APAN,LM,Warp divergence,,58.2,workbook_b,exact_workbook_value,Sheet1!J24,fb9c95a3e356b9e2c601c612941d7e66ee9c3fa7d1b92392c77ac57fa3d768cf,Exact numeric cell from the author plotting workbook.
fig9b_gpu_overhead_breakdown,APAN,LM,Dependency synchronization,,25.6,workbook_b,exact_workbook_value,Sheet1!K24,fb9c95a3e356b9e2c601c612941d7e66ee9c3fa7d1b92392c77ac57fa3d768cf,Exact numeric cell from the author plotting workbook.
fig9b_gpu_overhead_breakdown,APAN,LM,Dynamic dependency bookkeeping,,16.2,workbook_b,exact_workbook_value,Sheet1!L24,fb9c95a3e356b9e2c601c612941d7e66ee9c3fa7d1b92392c77ac57fa3d768cf,Exact numeric cell from the author plotting workbook.
fig9b_gpu_overhead_breakdown,APAN,WT,Warp divergence,,37.8,workbook_b,exact_workbook_value,Sheet1!J25,fb9c95a3e356b9e2c601c612941d7e66ee9c3fa7d1b92392c77ac57fa3d768cf,Exact numeric cell from the author plotting workbook.
fig9b_gpu_overhead_breakdown,APAN,WT,Dependency synchronization,,39.8,workbook_b,exact_workbook_value,Sheet1!K25,fb9c95a3e356b9e2c601c612941d7e66ee9c3fa7d1b92392c77ac57fa3d768cf,Exact numeric cell from the author plotting workbook.
fig9b_gpu_overhead_breakdown,APAN,WT,Dynamic dependency bookkeeping,,22.4,workbook_b,exact_workbook_value,Sheet1!L25,fb9c95a3e356b9e2c601c612941d7e66ee9c3fa7d1b92392c77ac57fa3d768cf,Exact numeric cell from the author plotting workbook.
fig9b_gpu_overhead_breakdown,APAN,GT,Warp divergence,,32.5,workbook_b,exact_workbook_value,Sheet1!J26,fb9c95a3e356b9e2c601c612941d7e66ee9c3fa7d1b92392c77ac57fa3d768cf,Exact numeric cell from the author plotting workbook.
fig9b_gpu_overhead_breakdown,APAN,GT,Dependency synchronization,,48.2,workbook_b,exact_workbook_value,Sheet1!K26,fb9c95a3e356b9e2c601c612941d7e66ee9c3fa7d1b92392c77ac57fa3d768cf,Exact numeric cell from the author plotting workbook.
fig9b_gpu_overhead_breakdown,APAN,GT,Dynamic dependency bookkeeping,,19.3,workbook_b,exact_workbook_value,Sheet1!L26,fb9c95a3e356b9e2c601c612941d7e66ee9c3fa7d1b92392c77ac57fa3d768cf,Exact numeric cell from the author plotting workbook.
fig9b_gpu_overhead_breakdown,AVG,AVG,Warp divergence,,49.1,workbook_b,exact_workbook_value,Sheet1!J27,fb9c95a3e356b9e2c601c612941d7e66ee9c3fa7d1b92392c77ac57fa3d768cf,Explicit average cell from the author plotting workbook.
fig9b_gpu_overhead_breakdown,AVG,AVG,Dependency synchronization,,29.4,workbook_b,exact_workbook_value,Sheet1!K27,fb9c95a3e356b9e2c601c612941d7e66ee9c3fa7d1b92392c77ac57fa3d768cf,Explicit average cell from the author plotting workbook.
fig9b_gpu_overhead_breakdown,AVG,AVG,Dynamic dependency bookkeeping,,21.5,workbook_b,exact_workbook_value,Sheet1!L27,fb9c95a3e356b9e2c601c612941d7e66ee9c3fa7d1b92392c77ac57fa3d768cf,Explicit average cell from the author plotting workbook.
fig10_speedup_tglite_cpu,JODIE,WK,TGLite-CPU,,1.0,workbook_b,exact_workbook_value,Sheet1!S31,fb9c95a3e356b9e2c601c612941d7e66ee9c3fa7d1b92392c77ac57fa3d768cf,"Exact workbook value. Model blocks follow the published figure axis (JODIE, TGN, TGAT, APAN); two neighboring workbook labels are swapped."
fig10_speedup_tglite_cpu,JODIE,WK,Cascade,,5.42,workbook_b,exact_workbook_value,Sheet1!T31,fb9c95a3e356b9e2c601c612941d7e66ee9c3fa7d1b92392c77ac57fa3d768cf,"Exact workbook value. Model blocks follow the published figure axis (JODIE, TGN, TGAT, APAN); two neighboring workbook labels are swapped."
fig10_speedup_tglite_cpu,JODIE,WK,TempGNN-G,,11.15,workbook_b,exact_workbook_value,Sheet1!U31,fb9c95a3e356b9e2c601c612941d7e66ee9c3fa7d1b92392c77ac57fa3d768cf,"Exact workbook value. Model blocks follow the published figure axis (JODIE, TGN, TGAT, APAN); two neighboring workbook labels are swapped."
fig10_speedup_tglite_cpu,JODIE,WK,TempGNN,,128.4,workbook_b,exact_workbook_value,Sheet1!V31,fb9c95a3e356b9e2c601c612941d7e66ee9c3fa7d1b92392c77ac57fa3d768cf,"Exact workbook value. Model blocks follow the published figure axis (JODIE, TGN, TGAT, APAN); two neighboring workbook labels are swapped."
fig10_speedup_tglite_cpu,JODIE,MC,TGLite-CPU,,1.0,workbook_b,exact_workbook_value,Sheet1!S32,fb9c95a3e356b9e2c601c612941d7e66ee9c3fa7d1b92392c77ac57fa3d768cf,"Exact workbook value. Model blocks follow the published figure axis (JODIE, TGN, TGAT, APAN); two neighboring workbook labels are swapped."
fig10_speedup_tglite_cpu,JODIE,MC,Cascade,,4.88,workbook_b,exact_workbook_value,Sheet1!T32,fb9c95a3e356b9e2c601c612941d7e66ee9c3fa7d1b92392c77ac57fa3d768cf,"Exact workbook value. Model blocks follow the published figure axis (JODIE, TGN, TGAT, APAN); two neighboring workbook labels are swapped."
fig10_speedup_tglite_cpu,JODIE,MC,TempGNN-G,,9.64,workbook_b,exact_workbook_value,Sheet1!U32,fb9c95a3e356b9e2c601c612941d7e66ee9c3fa7d1b92392c77ac57fa3d768cf,"Exact workbook value. Model blocks follow the published figure axis (JODIE, TGN, TGAT, APAN); two neighboring workbook labels are swapped."
fig10_speedup_tglite_cpu,JODIE,MC,TempGNN,,121.5,workbook_b,exact_workbook_value,Sheet1!V32,fb9c95a3e356b9e2c601c612941d7e66ee9c3fa7d1b92392c77ac57fa3d768cf,"Exact workbook value. Model blocks follow the published figure axis (JODIE, TGN, TGAT, APAN); two neighboring workbook labels are swapped."
fig10_speedup_tglite_cpu,JODIE,RT,TGLite-CPU,,1.0,workbook_b,exact_workbook_value,Sheet1!S33,fb9c95a3e356b9e2c601c612941d7e66ee9c3fa7d1b92392c77ac57fa3d768cf,"Exact workbook value. Model blocks follow the published figure axis (JODIE, TGN, TGAT, APAN); two neighboring workbook labels are swapped."
fig10_speedup_tglite_cpu,JODIE,RT,Cascade,,5.12,workbook_b,exact_workbook_value,Sheet1!T33,fb9c95a3e356b9e2c601c612941d7e66ee9c3fa7d1b92392c77ac57fa3d768cf,"Exact workbook value. Model blocks follow the published figure axis (JODIE, TGN, TGAT, APAN); two neighboring workbook labels are swapped."
fig10_speedup_tglite_cpu,JODIE,RT,TempGNN-G,,10.25,workbook_b,exact_workbook_value,Sheet1!U33,fb9c95a3e356b9e2c601c612941d7e66ee9c3fa7d1b92392c77ac57fa3d768cf,"Exact workbook value. Model blocks follow the published figure axis (JODIE, TGN, TGAT, APAN); two neighboring workbook labels are swapped."
fig10_speedup_tglite_cpu,JODIE,RT,TempGNN,,131.2,workbook_b,exact_workbook_value,Sheet1!V33,fb9c95a3e356b9e2c601c612941d7e66ee9c3fa7d1b92392c77ac57fa3d768cf,"Exact workbook value. Model blocks follow the published figure axis (JODIE, TGN, TGAT, APAN); two neighboring workbook labels are swapped."
fig10_speedup_tglite_cpu,JODIE,LM,TGLite-CPU,,1.0,workbook_b,exact_workbook_value,Sheet1!S34,fb9c95a3e356b9e2c601c612941d7e66ee9c3fa7d1b92392c77ac57fa3d768cf,"Exact workbook value. Model blocks follow the published figure axis (JODIE, TGN, TGAT, APAN); two neighboring workbook labels are swapped."
fig10_speedup_tglite_cpu,JODIE,LM,Cascade,,4.65,workbook_b,exact_workbook_value,Sheet1!T34,fb9c95a3e356b9e2c601c612941d7e66ee9c3fa7d1b92392c77ac57fa3d768cf,"Exact workbook value. Model blocks follow the published figure axis (JODIE, TGN, TGAT, APAN); two neighboring workbook labels are swapped."
fig10_speedup_tglite_cpu,JODIE,LM,TempGNN-G,,8.84,workbook_b,exact_workbook_value,Sheet1!U34,fb9c95a3e356b9e2c601c612941d7e66ee9c3fa7d1b92392c77ac57fa3d768cf,"Exact workbook value. Model blocks follow the published figure axis (JODIE, TGN, TGAT, APAN); two neighboring workbook labels are swapped."
fig10_speedup_tglite_cpu,JODIE,LM,TempGNN,,108.6,workbook_b,exact_workbook_value,Sheet1!V34,fb9c95a3e356b9e2c601c612941d7e66ee9c3fa7d1b92392c77ac57fa3d768cf,"Exact workbook value. Model blocks follow the published figure axis (JODIE, TGN, TGAT, APAN); two neighboring workbook labels are swapped."
fig10_speedup_tglite_cpu,JODIE,WT,TGLite-CPU,,1.0,workbook_b,exact_workbook_value,Sheet1!S35,fb9c95a3e356b9e2c601c612941d7e66ee9c3fa7d1b92392c77ac57fa3d768cf,"Exact workbook value. Model blocks follow the published figure axis (JODIE, TGN, TGAT, APAN); two neighboring workbook labels are swapped."
fig10_speedup_tglite_cpu,JODIE,WT,Cascade,,3.95,workbook_b,exact_workbook_value,Sheet1!T35,fb9c95a3e356b9e2c601c612941d7e66ee9c3fa7d1b92392c77ac57fa3d768cf,"Exact workbook value. Model blocks follow the published figure axis (JODIE, TGN, TGAT, APAN); two neighboring workbook labels are swapped."
fig10_speedup_tglite_cpu,JODIE,WT,TempGNN-G,,9.12,workbook_b,exact_workbook_value,Sheet1!U35,fb9c95a3e356b9e2c601c612941d7e66ee9c3fa7d1b92392c77ac57fa3d768cf,"Exact workbook value. Model blocks follow the published figure axis (JODIE, TGN, TGAT, APAN); two neighboring workbook labels are swapped."
fig10_speedup_tglite_cpu,JODIE,WT,TempGNN,,152.4,workbook_b,exact_workbook_value,Sheet1!V35,fb9c95a3e356b9e2c601c612941d7e66ee9c3fa7d1b92392c77ac57fa3d768cf,"Exact workbook value. Model blocks follow the published figure axis (JODIE, TGN, TGAT, APAN); two neighboring workbook labels are swapped."
fig10_speedup_tglite_cpu,JODIE,GT,TGLite-CPU,,1.0,workbook_b,exact_workbook_value,Sheet1!S36,fb9c95a3e356b9e2c601c612941d7e66ee9c3fa7d1b92392c77ac57fa3d768cf,"Exact workbook value. Model blocks follow the published figure axis (JODIE, TGN, TGAT, APAN); two neighboring workbook labels are swapped."
fig10_speedup_tglite_cpu,JODIE,GT,Cascade,,3.82,workbook_b,exact_workbook_value,Sheet1!T36,fb9c95a3e356b9e2c601c612941d7e66ee9c3fa7d1b92392c77ac57fa3d768cf,"Exact workbook value. Model blocks follow the published figure axis (JODIE, TGN, TGAT, APAN); two neighboring workbook labels are swapped."
fig10_speedup_tglite_cpu,JODIE,GT,TempGNN-G,,9.55,workbook_b,exact_workbook_value,Sheet1!U36,fb9c95a3e356b9e2c601c612941d7e66ee9c3fa7d1b92392c77ac57fa3d768cf,"Exact workbook value. Model blocks follow the published figure axis (JODIE, TGN, TGAT, APAN); two neighboring workbook labels are swapped."
fig10_speedup_tglite_cpu,JODIE,GT,TempGNN,,168.5,workbook_b,exact_workbook_value,Sheet1!V36,fb9c95a3e356b9e2c601c612941d7e66ee9c3fa7d1b92392c77ac57fa3d768cf,"Exact workbook value. Model blocks follow the published figure axis (JODIE, TGN, TGAT, APAN); two neighboring workbook labels are swapped."
fig10_speedup_tglite_cpu,TGN,WK,TGLite-CPU,,1.0,workbook_b,exact_workbook_value,Sheet1!S37,fb9c95a3e356b9e2c601c612941d7e66ee9c3fa7d1b92392c77ac57fa3d768cf,"Exact workbook value. Model blocks follow the published figure axis (JODIE, TGN, TGAT, APAN); two neighboring workbook labels are swapped."
fig10_speedup_tglite_cpu,TGN,WK,Cascade,,4.95,workbook_b,exact_workbook_value,Sheet1!T37,fb9c95a3e356b9e2c601c612941d7e66ee9c3fa7d1b92392c77ac57fa3d768cf,"Exact workbook value. Model blocks follow the published figure axis (JODIE, TGN, TGAT, APAN); two neighboring workbook labels are swapped."
fig10_speedup_tglite_cpu,TGN,WK,TempGNN-G,,10.22,workbook_b,exact_workbook_value,Sheet1!U37,fb9c95a3e356b9e2c601c612941d7e66ee9c3fa7d1b92392c77ac57fa3d768cf,"Exact workbook value. Model blocks follow the published figure axis (JODIE, TGN, TGAT, APAN); two neighboring workbook labels are swapped."
fig10_speedup_tglite_cpu,TGN,WK,TempGNN,,132.8,workbook_b,exact_workbook_value,Sheet1!V37,fb9c95a3e356b9e2c601c612941d7e66ee9c3fa7d1b92392c77ac57fa3d768cf,"Exact workbook value. Model blocks follow the published figure axis (JODIE, TGN, TGAT, APAN); two neighboring workbook labels are swapped."
fig10_speedup_tglite_cpu,TGN,MC,TGLite-CPU,,1.0,workbook_b,exact_workbook_value,Sheet1!S38,fb9c95a3e356b9e2c601c612941d7e66ee9c3fa7d1b92392c77ac57fa3d768cf,"Exact workbook value. Model blocks follow the published figure axis (JODIE, TGN, TGAT, APAN); two neighboring workbook labels are swapped."
fig10_speedup_tglite_cpu,TGN,MC,Cascade,,4.54,workbook_b,exact_workbook_value,Sheet1!T38,fb9c95a3e356b9e2c601c612941d7e66ee9c3fa7d1b92392c77ac57fa3d768cf,"Exact workbook value. Model blocks follow the published figure axis (JODIE, TGN, TGAT, APAN); two neighboring workbook labels are swapped."
fig10_speedup_tglite_cpu,TGN,MC,TempGNN-G,,8.95,workbook_b,exact_workbook_value,Sheet1!U38,fb9c95a3e356b9e2c601c612941d7e66ee9c3fa7d1b92392c77ac57fa3d768cf,"Exact workbook value. Model blocks follow the published figure axis (JODIE, TGN, TGAT, APAN); two neighboring workbook labels are swapped."
fig10_speedup_tglite_cpu,TGN,MC,TempGNN,,125.4,workbook_b,exact_workbook_value,Sheet1!V38,fb9c95a3e356b9e2c601c612941d7e66ee9c3fa7d1b92392c77ac57fa3d768cf,"Exact workbook value. Model blocks follow the published figure axis (JODIE, TGN, TGAT, APAN); two neighboring workbook labels are swapped."
fig10_speedup_tglite_cpu,TGN,RT,TGLite-CPU,,1.0,workbook_b,exact_workbook_value,Sheet1!S39,fb9c95a3e356b9e2c601c612941d7e66ee9c3fa7d1b92392c77ac57fa3d768cf,"Exact workbook value. Model blocks follow the published figure axis (JODIE, TGN, TGAT, APAN); two neighboring workbook labels are swapped."
fig10_speedup_tglite_cpu,TGN,RT,Cascade,,4.76,workbook_b,exact_workbook_value,Sheet1!T39,fb9c95a3e356b9e2c601c612941d7e66ee9c3fa7d1b92392c77ac57fa3d768cf,"Exact workbook value. Model blocks follow the published figure axis (JODIE, TGN, TGAT, APAN); two neighboring workbook labels are swapped."
fig10_speedup_tglite_cpu,TGN,RT,TempGNN-G,,9.42,workbook_b,exact_workbook_value,Sheet1!U39,fb9c95a3e356b9e2c601c612941d7e66ee9c3fa7d1b92392c77ac57fa3d768cf,"Exact workbook value. Model blocks follow the published figure axis (JODIE, TGN, TGAT, APAN); two neighboring workbook labels are swapped."
fig10_speedup_tglite_cpu,TGN,RT,TempGNN,,135.2,workbook_b,exact_workbook_value,Sheet1!V39,fb9c95a3e356b9e2c601c612941d7e66ee9c3fa7d1b92392c77ac57fa3d768cf,"Exact workbook value. Model blocks follow the published figure axis (JODIE, TGN, TGAT, APAN); two neighboring workbook labels are swapped."
fig10_speedup_tglite_cpu,TGN,LM,TGLite-CPU,,1.0,workbook_b,exact_workbook_value,Sheet1!S40,fb9c95a3e356b9e2c601c612941d7e66ee9c3fa7d1b92392c77ac57fa3d768cf,"Exact workbook value. Model blocks follow the published figure axis (JODIE, TGN, TGAT, APAN); two neighboring workbook labels are swapped."
fig10_speedup_tglite_cpu,TGN,LM,Cascade,,4.25,workbook_b,exact_workbook_value,Sheet1!T40,fb9c95a3e356b9e2c601c612941d7e66ee9c3fa7d1b92392c77ac57fa3d768cf,"Exact workbook value. Model blocks follow the published figure axis (JODIE, TGN, TGAT, APAN); two neighboring workbook labels are swapped."
fig10_speedup_tglite_cpu,TGN,LM,TempGNN-G,,8.15,workbook_b,exact_workbook_value,Sheet1!U40,fb9c95a3e356b9e2c601c612941d7e66ee9c3fa7d1b92392c77ac57fa3d768cf,"Exact workbook value. Model blocks follow the published figure axis (JODIE, TGN, TGAT, APAN); two neighboring workbook labels are swapped."
fig10_speedup_tglite_cpu,TGN,LM,TempGNN,,112.5,workbook_b,exact_workbook_value,Sheet1!V40,fb9c95a3e356b9e2c601c612941d7e66ee9c3fa7d1b92392c77ac57fa3d768cf,"Exact workbook value. Model blocks follow the published figure axis (JODIE, TGN, TGAT, APAN); two neighboring workbook labels are swapped."
fig10_speedup_tglite_cpu,TGN,WT,TGLite-CPU,,1.0,workbook_b,exact_workbook_value,Sheet1!S41,fb9c95a3e356b9e2c601c612941d7e66ee9c3fa7d1b92392c77ac57fa3d768cf,"Exact workbook value. Model blocks follow the published figure axis (JODIE, TGN, TGAT, APAN); two neighboring workbook labels are swapped."
fig10_speedup_tglite_cpu,TGN,WT,Cascade,,3.65,workbook_b,exact_workbook_value,Sheet1!T41,fb9c95a3e356b9e2c601c612941d7e66ee9c3fa7d1b92392c77ac57fa3d768cf,"Exact workbook value. Model blocks follow the published figure axis (JODIE, TGN, TGAT, APAN); two neighboring workbook labels are swapped."
fig10_speedup_tglite_cpu,TGN,WT,TempGNN-G,,8.45,workbook_b,exact_workbook_value,Sheet1!U41,fb9c95a3e356b9e2c601c612941d7e66ee9c3fa7d1b92392c77ac57fa3d768cf,"Exact workbook value. Model blocks follow the published figure axis (JODIE, TGN, TGAT, APAN); two neighboring workbook labels are swapped."
fig10_speedup_tglite_cpu,TGN,WT,TempGNN,,158.6,workbook_b,exact_workbook_value,Sheet1!V41,fb9c95a3e356b9e2c601c612941d7e66ee9c3fa7d1b92392c77ac57fa3d768cf,"Exact workbook value. Model blocks follow the published figure axis (JODIE, TGN, TGAT, APAN); two neighboring workbook labels are swapped."
fig10_speedup_tglite_cpu,TGN,GT,TGLite-CPU,,1.0,workbook_b,exact_workbook_value,Sheet1!S42,fb9c95a3e356b9e2c601c612941d7e66ee9c3fa7d1b92392c77ac57fa3d768cf,"Exact workbook value. Model blocks follow the published figure axis (JODIE, TGN, TGAT, APAN); two neighboring workbook labels are swapped."
fig10_speedup_tglite_cpu,TGN,GT,Cascade,,3.48,workbook_b,exact_workbook_value,Sheet1!T42,fb9c95a3e356b9e2c601c612941d7e66ee9c3fa7d1b92392c77ac57fa3d768cf,"Exact workbook value. Model blocks follow the published figure axis (JODIE, TGN, TGAT, APAN); two neighboring workbook labels are swapped."
fig10_speedup_tglite_cpu,TGN,GT,TempGNN-G,,8.86,workbook_b,exact_workbook_value,Sheet1!U42,fb9c95a3e356b9e2c601c612941d7e66ee9c3fa7d1b92392c77ac57fa3d768cf,"Exact workbook value. Model blocks follow the published figure axis (JODIE, TGN, TGAT, APAN); two neighboring workbook labels are swapped."
fig10_speedup_tglite_cpu,TGN,GT,TempGNN,,175.2,workbook_b,exact_workbook_value,Sheet1!V42,fb9c95a3e356b9e2c601c612941d7e66ee9c3fa7d1b92392c77ac57fa3d768cf,"Exact workbook value. Model blocks follow the published figure axis (JODIE, TGN, TGAT, APAN); two neighboring workbook labels are swapped."
fig10_speedup_tglite_cpu,TGAT,WK,TGLite-CPU,,1.0,workbook_b,exact_workbook_value,Sheet1!S43,fb9c95a3e356b9e2c601c612941d7e66ee9c3fa7d1b92392c77ac57fa3d768cf,"Exact workbook value. Model blocks follow the published figure axis (JODIE, TGN, TGAT, APAN); two neighboring workbook labels are swapped."
fig10_speedup_tglite_cpu,TGAT,WK,Cascade,,5.86,workbook_b,exact_workbook_value,Sheet1!T43,fb9c95a3e356b9e2c601c612941d7e66ee9c3fa7d1b92392c77ac57fa3d768cf,"Exact workbook value. Model blocks follow the published figure axis (JODIE, TGN, TGAT, APAN); two neighboring workbook labels are swapped."
fig10_speedup_tglite_cpu,TGAT,WK,TempGNN-G,,12.32,workbook_b,exact_workbook_value,Sheet1!U43,fb9c95a3e356b9e2c601c612941d7e66ee9c3fa7d1b92392c77ac57fa3d768cf,"Exact workbook value. Model blocks follow the published figure axis (JODIE, TGN, TGAT, APAN); two neighboring workbook labels are swapped."
fig10_speedup_tglite_cpu,TGAT,WK,TempGNN,,130.5,workbook_b,exact_workbook_value,Sheet1!V43,fb9c95a3e356b9e2c601c612941d7e66ee9c3fa7d1b92392c77ac57fa3d768cf,"Exact workbook value. Model blocks follow the published figure axis (JODIE, TGN, TGAT, APAN); two neighboring workbook labels are swapped."
fig10_speedup_tglite_cpu,TGAT,MC,TGLite-CPU,,1.0,workbook_b,exact_workbook_value,Sheet1!S44,fb9c95a3e356b9e2c601c612941d7e66ee9c3fa7d1b92392c77ac57fa3d768cf,"Exact workbook value. Model blocks follow the published figure axis (JODIE, TGN, TGAT, APAN); two neighboring workbook labels are swapped."
fig10_speedup_tglite_cpu,TGAT,MC,Cascade,,5.35,workbook_b,exact_workbook_value,Sheet1!T44,fb9c95a3e356b9e2c601c612941d7e66ee9c3fa7d1b92392c77ac57fa3d768cf,"Exact workbook value. Model blocks follow the published figure axis (JODIE, TGN, TGAT, APAN); two neighboring workbook labels are swapped."
fig10_speedup_tglite_cpu,TGAT,MC,TempGNN-G,,10.63,workbook_b,exact_workbook_value,Sheet1!U44,fb9c95a3e356b9e2c601c612941d7e66ee9c3fa7d1b92392c77ac57fa3d768cf,"Exact workbook value. Model blocks follow the published figure axis (JODIE, TGN, TGAT, APAN); two neighboring workbook labels are swapped."
fig10_speedup_tglite_cpu,TGAT,MC,TempGNN,,123.6,workbook_b,exact_workbook_value,Sheet1!V44,fb9c95a3e356b9e2c601c612941d7e66ee9c3fa7d1b92392c77ac57fa3d768cf,"Exact workbook value. Model blocks follow the published figure axis (JODIE, TGN, TGAT, APAN); two neighboring workbook labels are swapped."
fig10_speedup_tglite_cpu,TGAT,RT,TGLite-CPU,,1.0,workbook_b,exact_workbook_value,Sheet1!S45,fb9c95a3e356b9e2c601c612941d7e66ee9c3fa7d1b92392c77ac57fa3d768cf,"Exact workbook value. Model blocks follow the published figure axis (JODIE, TGN, TGAT, APAN); two neighboring workbook labels are swapped."
fig10_speedup_tglite_cpu,TGAT,RT,Cascade,,5.49,workbook_b,exact_workbook_value,Sheet1!T45,fb9c95a3e356b9e2c601c612941d7e66ee9c3fa7d1b92392c77ac57fa3d768cf,"Exact workbook value. Model blocks follow the published figure axis (JODIE, TGN, TGAT, APAN); two neighboring workbook labels are swapped."
fig10_speedup_tglite_cpu,TGAT,RT,TempGNN-G,,11.24,workbook_b,exact_workbook_value,Sheet1!U45,fb9c95a3e356b9e2c601c612941d7e66ee9c3fa7d1b92392c77ac57fa3d768cf,"Exact workbook value. Model blocks follow the published figure axis (JODIE, TGN, TGAT, APAN); two neighboring workbook labels are swapped."
fig10_speedup_tglite_cpu,TGAT,RT,TempGNN,,133.4,workbook_b,exact_workbook_value,Sheet1!V45,fb9c95a3e356b9e2c601c612941d7e66ee9c3fa7d1b92392c77ac57fa3d768cf,"Exact workbook value. Model blocks follow the published figure axis (JODIE, TGN, TGAT, APAN); two neighboring workbook labels are swapped."
fig10_speedup_tglite_cpu,TGAT,LM,TGLite-CPU,,1.0,workbook_b,exact_workbook_value,Sheet1!S46,fb9c95a3e356b9e2c601c612941d7e66ee9c3fa7d1b92392c77ac57fa3d768cf,"Exact workbook value. Model blocks follow the published figure axis (JODIE, TGN, TGAT, APAN); two neighboring workbook labels are swapped."
fig10_speedup_tglite_cpu,TGAT,LM,Cascade,,5.18,workbook_b,exact_workbook_value,Sheet1!T46,fb9c95a3e356b9e2c601c612941d7e66ee9c3fa7d1b92392c77ac57fa3d768cf,"Exact workbook value. Model blocks follow the published figure axis (JODIE, TGN, TGAT, APAN); two neighboring workbook labels are swapped."
fig10_speedup_tglite_cpu,TGAT,LM,TempGNN-G,,10.04,workbook_b,exact_workbook_value,Sheet1!U46,fb9c95a3e356b9e2c601c612941d7e66ee9c3fa7d1b92392c77ac57fa3d768cf,"Exact workbook value. Model blocks follow the published figure axis (JODIE, TGN, TGAT, APAN); two neighboring workbook labels are swapped."
fig10_speedup_tglite_cpu,TGAT,LM,TempGNN,,110.2,workbook_b,exact_workbook_value,Sheet1!V46,fb9c95a3e356b9e2c601c612941d7e66ee9c3fa7d1b92392c77ac57fa3d768cf,"Exact workbook value. Model blocks follow the published figure axis (JODIE, TGN, TGAT, APAN); two neighboring workbook labels are swapped."
fig10_speedup_tglite_cpu,TGAT,WT,TGLite-CPU,,1.0,workbook_b,exact_workbook_value,Sheet1!S47,fb9c95a3e356b9e2c601c612941d7e66ee9c3fa7d1b92392c77ac57fa3d768cf,"Exact workbook value. Model blocks follow the published figure axis (JODIE, TGN, TGAT, APAN); two neighboring workbook labels are swapped."
fig10_speedup_tglite_cpu,TGAT,WT,Cascade,,4.28,workbook_b,exact_workbook_value,Sheet1!T47,fb9c95a3e356b9e2c601c612941d7e66ee9c3fa7d1b92392c77ac57fa3d768cf,"Exact workbook value. Model blocks follow the published figure axis (JODIE, TGN, TGAT, APAN); two neighboring workbook labels are swapped."
fig10_speedup_tglite_cpu,TGAT,WT,TempGNN-G,,10.07,workbook_b,exact_workbook_value,Sheet1!U47,fb9c95a3e356b9e2c601c612941d7e66ee9c3fa7d1b92392c77ac57fa3d768cf,"Exact workbook value. Model blocks follow the published figure axis (JODIE, TGN, TGAT, APAN); two neighboring workbook labels are swapped."
fig10_speedup_tglite_cpu,TGAT,WT,TempGNN,,155.8,workbook_b,exact_workbook_value,Sheet1!V47,fb9c95a3e356b9e2c601c612941d7e66ee9c3fa7d1b92392c77ac57fa3d768cf,"Exact workbook value. Model blocks follow the published figure axis (JODIE, TGN, TGAT, APAN); two neighboring workbook labels are swapped."
fig10_speedup_tglite_cpu,TGAT,GT,TGLite-CPU,,1.0,workbook_b,exact_workbook_value,Sheet1!S48,fb9c95a3e356b9e2c601c612941d7e66ee9c3fa7d1b92392c77ac57fa3d768cf,"Exact workbook value. Model blocks follow the published figure axis (JODIE, TGN, TGAT, APAN); two neighboring workbook labels are swapped."
fig10_speedup_tglite_cpu,TGAT,GT,Cascade,,4.31,workbook_b,exact_workbook_value,Sheet1!T48,fb9c95a3e356b9e2c601c612941d7e66ee9c3fa7d1b92392c77ac57fa3d768cf,"Exact workbook value. Model blocks follow the published figure axis (JODIE, TGN, TGAT, APAN); two neighboring workbook labels are swapped."
fig10_speedup_tglite_cpu,TGAT,GT,TempGNN-G,,10.68,workbook_b,exact_workbook_value,Sheet1!U48,fb9c95a3e356b9e2c601c612941d7e66ee9c3fa7d1b92392c77ac57fa3d768cf,"Exact workbook value. Model blocks follow the published figure axis (JODIE, TGN, TGAT, APAN); two neighboring workbook labels are swapped."
fig10_speedup_tglite_cpu,TGAT,GT,TempGNN,,171.4,workbook_b,exact_workbook_value,Sheet1!V48,fb9c95a3e356b9e2c601c612941d7e66ee9c3fa7d1b92392c77ac57fa3d768cf,"Exact workbook value. Model blocks follow the published figure axis (JODIE, TGN, TGAT, APAN); two neighboring workbook labels are swapped."
fig10_speedup_tglite_cpu,APAN,WK,TGLite-CPU,,1.0,workbook_b,exact_workbook_value,Sheet1!S49,fb9c95a3e356b9e2c601c612941d7e66ee9c3fa7d1b92392c77ac57fa3d768cf,"Exact workbook value. Model blocks follow the published figure axis (JODIE, TGN, TGAT, APAN); two neighboring workbook labels are swapped."
fig10_speedup_tglite_cpu,APAN,WK,Cascade,,7.85,workbook_b,exact_workbook_value,Sheet1!T49,fb9c95a3e356b9e2c601c612941d7e66ee9c3fa7d1b92392c77ac57fa3d768cf,"Exact workbook value. Model blocks follow the published figure axis (JODIE, TGN, TGAT, APAN); two neighboring workbook labels are swapped."
fig10_speedup_tglite_cpu,APAN,WK,TempGNN-G,,15.42,workbook_b,exact_workbook_value,Sheet1!U49,fb9c95a3e356b9e2c601c612941d7e66ee9c3fa7d1b92392c77ac57fa3d768cf,"Exact workbook value. Model blocks follow the published figure axis (JODIE, TGN, TGAT, APAN); two neighboring workbook labels are swapped."
fig10_speedup_tglite_cpu,APAN,WK,TempGNN,,115.6,workbook_b,exact_workbook_value,Sheet1!V49,fb9c95a3e356b9e2c601c612941d7e66ee9c3fa7d1b92392c77ac57fa3d768cf,"Exact workbook value. Model blocks follow the published figure axis (JODIE, TGN, TGAT, APAN); two neighboring workbook labels are swapped."
fig10_speedup_tglite_cpu,APAN,MC,TGLite-CPU,,1.0,workbook_b,exact_workbook_value,Sheet1!S50,fb9c95a3e356b9e2c601c612941d7e66ee9c3fa7d1b92392c77ac57fa3d768cf,"Exact workbook value. Model blocks follow the published figure axis (JODIE, TGN, TGAT, APAN); two neighboring workbook labels are swapped."
fig10_speedup_tglite_cpu,APAN,MC,Cascade,,7.12,workbook_b,exact_workbook_value,Sheet1!T50,fb9c95a3e356b9e2c601c612941d7e66ee9c3fa7d1b92392c77ac57fa3d768cf,"Exact workbook value. Model blocks follow the published figure axis (JODIE, TGN, TGAT, APAN); two neighboring workbook labels are swapped."
fig10_speedup_tglite_cpu,APAN,MC,TempGNN-G,,13.85,workbook_b,exact_workbook_value,Sheet1!U50,fb9c95a3e356b9e2c601c612941d7e66ee9c3fa7d1b92392c77ac57fa3d768cf,"Exact workbook value. Model blocks follow the published figure axis (JODIE, TGN, TGAT, APAN); two neighboring workbook labels are swapped."
fig10_speedup_tglite_cpu,APAN,MC,TempGNN,,105.8,workbook_b,exact_workbook_value,Sheet1!V50,fb9c95a3e356b9e2c601c612941d7e66ee9c3fa7d1b92392c77ac57fa3d768cf,"Exact workbook value. Model blocks follow the published figure axis (JODIE, TGN, TGAT, APAN); two neighboring workbook labels are swapped."
fig10_speedup_tglite_cpu,APAN,RT,TGLite-CPU,,1.0,workbook_b,exact_workbook_value,Sheet1!S51,fb9c95a3e356b9e2c601c612941d7e66ee9c3fa7d1b92392c77ac57fa3d768cf,"Exact workbook value. Model blocks follow the published figure axis (JODIE, TGN, TGAT, APAN); two neighboring workbook labels are swapped."
fig10_speedup_tglite_cpu,APAN,RT,Cascade,,7.45,workbook_b,exact_workbook_value,Sheet1!T51,fb9c95a3e356b9e2c601c612941d7e66ee9c3fa7d1b92392c77ac57fa3d768cf,"Exact workbook value. Model blocks follow the published figure axis (JODIE, TGN, TGAT, APAN); two neighboring workbook labels are swapped."
fig10_speedup_tglite_cpu,APAN,RT,TempGNN-G,,14.62,workbook_b,exact_workbook_value,Sheet1!U51,fb9c95a3e356b9e2c601c612941d7e66ee9c3fa7d1b92392c77ac57fa3d768cf,"Exact workbook value. Model blocks follow the published figure axis (JODIE, TGN, TGAT, APAN); two neighboring workbook labels are swapped."
fig10_speedup_tglite_cpu,APAN,RT,TempGNN,,118.4,workbook_b,exact_workbook_value,Sheet1!V51,fb9c95a3e356b9e2c601c612941d7e66ee9c3fa7d1b92392c77ac57fa3d768cf,"Exact workbook value. Model blocks follow the published figure axis (JODIE, TGN, TGAT, APAN); two neighboring workbook labels are swapped."
fig10_speedup_tglite_cpu,APAN,LM,TGLite-CPU,,1.0,workbook_b,exact_workbook_value,Sheet1!S52,fb9c95a3e356b9e2c601c612941d7e66ee9c3fa7d1b92392c77ac57fa3d768cf,"Exact workbook value. Model blocks follow the published figure axis (JODIE, TGN, TGAT, APAN); two neighboring workbook labels are swapped."
fig10_speedup_tglite_cpu,APAN,LM,Cascade,,6.84,workbook_b,exact_workbook_value,Sheet1!T52,fb9c95a3e356b9e2c601c612941d7e66ee9c3fa7d1b92392c77ac57fa3d768cf,"Exact workbook value. Model blocks follow the published figure axis (JODIE, TGN, TGAT, APAN); two neighboring workbook labels are swapped."
fig10_speedup_tglite_cpu,APAN,LM,TempGNN-G,,12.54,workbook_b,exact_workbook_value,Sheet1!U52,fb9c95a3e356b9e2c601c612941d7e66ee9c3fa7d1b92392c77ac57fa3d768cf,"Exact workbook value. Model blocks follow the published figure axis (JODIE, TGN, TGAT, APAN); two neighboring workbook labels are swapped."
fig10_speedup_tglite_cpu,APAN,LM,TempGNN,,98.5,workbook_b,exact_workbook_value,Sheet1!V52,fb9c95a3e356b9e2c601c612941d7e66ee9c3fa7d1b92392c77ac57fa3d768cf,"Exact workbook value. Model blocks follow the published figure axis (JODIE, TGN, TGAT, APAN); two neighboring workbook labels are swapped."
fig10_speedup_tglite_cpu,APAN,WT,TGLite-CPU,,1.0,workbook_b,exact_workbook_value,Sheet1!S53,fb9c95a3e356b9e2c601c612941d7e66ee9c3fa7d1b92392c77ac57fa3d768cf,"Exact workbook value. Model blocks follow the published figure axis (JODIE, TGN, TGAT, APAN); two neighboring workbook labels are swapped."
fig10_speedup_tglite_cpu,APAN,WT,Cascade,,5.95,workbook_b,exact_workbook_value,Sheet1!T53,fb9c95a3e356b9e2c601c612941d7e66ee9c3fa7d1b92392c77ac57fa3d768cf,"Exact workbook value. Model blocks follow the published figure axis (JODIE, TGN, TGAT, APAN); two neighboring workbook labels are swapped."
fig10_speedup_tglite_cpu,APAN,WT,TempGNN-G,,12.85,workbook_b,exact_workbook_value,Sheet1!U53,fb9c95a3e356b9e2c601c612941d7e66ee9c3fa7d1b92392c77ac57fa3d768cf,"Exact workbook value. Model blocks follow the published figure axis (JODIE, TGN, TGAT, APAN); two neighboring workbook labels are swapped."
fig10_speedup_tglite_cpu,APAN,WT,TempGNN,,142.3,workbook_b,exact_workbook_value,Sheet1!V53,fb9c95a3e356b9e2c601c612941d7e66ee9c3fa7d1b92392c77ac57fa3d768cf,"Exact workbook value. Model blocks follow the published figure axis (JODIE, TGN, TGAT, APAN); two neighboring workbook labels are swapped."
fig10_speedup_tglite_cpu,APAN,GT,TGLite-CPU,,1.0,workbook_b,exact_workbook_value,Sheet1!S54,fb9c95a3e356b9e2c601c612941d7e66ee9c3fa7d1b92392c77ac57fa3d768cf,"Exact workbook value. Model blocks follow the published figure axis (JODIE, TGN, TGAT, APAN); two neighboring workbook labels are swapped."
fig10_speedup_tglite_cpu,APAN,GT,Cascade,,6.12,workbook_b,exact_workbook_value,Sheet1!T54,fb9c95a3e356b9e2c601c612941d7e66ee9c3fa7d1b92392c77ac57fa3d768cf,"Exact workbook value. Model blocks follow the published figure axis (JODIE, TGN, TGAT, APAN); two neighboring workbook labels are swapped."
fig10_speedup_tglite_cpu,APAN,GT,TempGNN-G,,13.45,workbook_b,exact_workbook_value,Sheet1!U54,fb9c95a3e356b9e2c601c612941d7e66ee9c3fa7d1b92392c77ac57fa3d768cf,"Exact workbook value. Model blocks follow the published figure axis (JODIE, TGN, TGAT, APAN); two neighboring workbook labels are swapped."
fig10_speedup_tglite_cpu,APAN,GT,TempGNN,,156.4,workbook_b,exact_workbook_value,Sheet1!V54,fb9c95a3e356b9e2c601c612941d7e66ee9c3fa7d1b92392c77ac57fa3d768cf,"Exact workbook value. Model blocks follow the published figure axis (JODIE, TGN, TGAT, APAN); two neighboring workbook labels are swapped."
fig10_speedup_tglite_cpu,AVG,AVG,TGLite-CPU,,1.0,workbook_b,exact_workbook_value,Sheet1!S55,fb9c95a3e356b9e2c601c612941d7e66ee9c3fa7d1b92392c77ac57fa3d768cf,Explicit overall cell from the author plotting workbook.
fig10_speedup_tglite_cpu,AVG,AVG,Cascade,,5.22,workbook_b,exact_workbook_value,Sheet1!T55,fb9c95a3e356b9e2c601c612941d7e66ee9c3fa7d1b92392c77ac57fa3d768cf,Explicit overall cell from the author plotting workbook.
fig10_speedup_tglite_cpu,AVG,AVG,TempGNN-G,,10.85,workbook_b,exact_workbook_value,Sheet1!U55,fb9c95a3e356b9e2c601c612941d7e66ee9c3fa7d1b92392c77ac57fa3d768cf,Explicit overall cell from the author plotting workbook.
fig10_speedup_tglite_cpu,AVG,AVG,TempGNN,,132.8,workbook_b,exact_workbook_value,Sheet1!V55,fb9c95a3e356b9e2c601c612941d7e66ee9c3fa7d1b92392c77ac57fa3d768cf,Explicit overall cell from the author plotting workbook.
fig11_speedup_matg,JODIE,WK,MATG,,1.0,vector_fig11,vector_geometry_digitization,Fig.11 bar:JODIE/WK/MATG,e2f655b815ea93b42fd8b4d07a3338108b05d526538a508a06911ee8a44f9699,Digitized from vector bar geometry; expected uncertainty is about +/-0.02 normalized unit.
fig11_speedup_matg,JODIE,MC,MATG,,1.0,vector_fig11,vector_geometry_digitization,Fig.11 bar:JODIE/MC/MATG,e2f655b815ea93b42fd8b4d07a3338108b05d526538a508a06911ee8a44f9699,Digitized from vector bar geometry; expected uncertainty is about +/-0.02 normalized unit.
fig11_speedup_matg,JODIE,RT,MATG,,1.0,vector_fig11,vector_geometry_digitization,Fig.11 bar:JODIE/RT/MATG,e2f655b815ea93b42fd8b4d07a3338108b05d526538a508a06911ee8a44f9699,Digitized from vector bar geometry; expected uncertainty is about +/-0.02 normalized unit.
fig11_speedup_matg,JODIE,LM,MATG,,1.0,vector_fig11,vector_geometry_digitization,Fig.11 bar:JODIE/LM/MATG,e2f655b815ea93b42fd8b4d07a3338108b05d526538a508a06911ee8a44f9699,Digitized from vector bar geometry; expected uncertainty is about +/-0.02 normalized unit.
fig11_speedup_matg,JODIE,WT,MATG,,1.0,vector_fig11,vector_geometry_digitization,Fig.11 bar:JODIE/WT/MATG,e2f655b815ea93b42fd8b4d07a3338108b05d526538a508a06911ee8a44f9699,Digitized from vector bar geometry; expected uncertainty is about +/-0.02 normalized unit.
fig11_speedup_matg,JODIE,GT,MATG,,1.0,vector_fig11,vector_geometry_digitization,Fig.11 bar:JODIE/GT/MATG,e2f655b815ea93b42fd8b4d07a3338108b05d526538a508a06911ee8a44f9699,Digitized from vector bar geometry; expected uncertainty is about +/-0.02 normalized unit.
fig11_speedup_matg,TGN,WK,MATG,,1.0,vector_fig11,vector_geometry_digitization,Fig.11 bar:TGN/WK/MATG,e2f655b815ea93b42fd8b4d07a3338108b05d526538a508a06911ee8a44f9699,Digitized from vector bar geometry; expected uncertainty is about +/-0.02 normalized unit.
fig11_speedup_matg,TGN,MC,MATG,,1.0,vector_fig11,vector_geometry_digitization,Fig.11 bar:TGN/MC/MATG,e2f655b815ea93b42fd8b4d07a3338108b05d526538a508a06911ee8a44f9699,Digitized from vector bar geometry; expected uncertainty is about +/-0.02 normalized unit.
fig11_speedup_matg,TGN,RT,MATG,,1.0,vector_fig11,vector_geometry_digitization,Fig.11 bar:TGN/RT/MATG,e2f655b815ea93b42fd8b4d07a3338108b05d526538a508a06911ee8a44f9699,Digitized from vector bar geometry; expected uncertainty is about +/-0.02 normalized unit.
fig11_speedup_matg,TGN,LM,MATG,,1.0,vector_fig11,vector_geometry_digitization,Fig.11 bar:TGN/LM/MATG,e2f655b815ea93b42fd8b4d07a3338108b05d526538a508a06911ee8a44f9699,Digitized from vector bar geometry; expected uncertainty is about +/-0.02 normalized unit.
fig11_speedup_matg,TGN,WT,MATG,,1.0,vector_fig11,vector_geometry_digitization,Fig.11 bar:TGN/WT/MATG,e2f655b815ea93b42fd8b4d07a3338108b05d526538a508a06911ee8a44f9699,Digitized from vector bar geometry; expected uncertainty is about +/-0.02 normalized unit.
fig11_speedup_matg,TGN,GT,MATG,,1.0,vector_fig11,vector_geometry_digitization,Fig.11 bar:TGN/GT/MATG,e2f655b815ea93b42fd8b4d07a3338108b05d526538a508a06911ee8a44f9699,Digitized from vector bar geometry; expected uncertainty is about +/-0.02 normalized unit.
fig11_speedup_matg,TGAT,WK,MATG,,1.0,vector_fig11,vector_geometry_digitization,Fig.11 bar:TGAT/WK/MATG,e2f655b815ea93b42fd8b4d07a3338108b05d526538a508a06911ee8a44f9699,Digitized from vector bar geometry; expected uncertainty is about +/-0.02 normalized unit.
fig11_speedup_matg,TGAT,MC,MATG,,1.0,vector_fig11,vector_geometry_digitization,Fig.11 bar:TGAT/MC/MATG,e2f655b815ea93b42fd8b4d07a3338108b05d526538a508a06911ee8a44f9699,Digitized from vector bar geometry; expected uncertainty is about +/-0.02 normalized unit.
fig11_speedup_matg,TGAT,RT,MATG,,1.0,vector_fig11,vector_geometry_digitization,Fig.11 bar:TGAT/RT/MATG,e2f655b815ea93b42fd8b4d07a3338108b05d526538a508a06911ee8a44f9699,Digitized from vector bar geometry; expected uncertainty is about +/-0.02 normalized unit.
fig11_speedup_matg,TGAT,LM,MATG,,1.0,vector_fig11,vector_geometry_digitization,Fig.11 bar:TGAT/LM/MATG,e2f655b815ea93b42fd8b4d07a3338108b05d526538a508a06911ee8a44f9699,Digitized from vector bar geometry; expected uncertainty is about +/-0.02 normalized unit.
fig11_speedup_matg,TGAT,WT,MATG,,1.0,vector_fig11,vector_geometry_digitization,Fig.11 bar:TGAT/WT/MATG,e2f655b815ea93b42fd8b4d07a3338108b05d526538a508a06911ee8a44f9699,Digitized from vector bar geometry; expected uncertainty is about +/-0.02 normalized unit.
fig11_speedup_matg,TGAT,GT,MATG,,1.0,vector_fig11,vector_geometry_digitization,Fig.11 bar:TGAT/GT/MATG,e2f655b815ea93b42fd8b4d07a3338108b05d526538a508a06911ee8a44f9699,Digitized from vector bar geometry; expected uncertainty is about +/-0.02 normalized unit.
fig11_speedup_matg,APAN,WK,MATG,,1.0,vector_fig11,vector_geometry_digitization,Fig.11 bar:APAN/WK/MATG,e2f655b815ea93b42fd8b4d07a3338108b05d526538a508a06911ee8a44f9699,Digitized from vector bar geometry; expected uncertainty is about +/-0.02 normalized unit.
fig11_speedup_matg,APAN,MC,MATG,,1.0,vector_fig11,vector_geometry_digitization,Fig.11 bar:APAN/MC/MATG,e2f655b815ea93b42fd8b4d07a3338108b05d526538a508a06911ee8a44f9699,Digitized from vector bar geometry; expected uncertainty is about +/-0.02 normalized unit.
fig11_speedup_matg,APAN,RT,MATG,,1.0,vector_fig11,vector_geometry_digitization,Fig.11 bar:APAN/RT/MATG,e2f655b815ea93b42fd8b4d07a3338108b05d526538a508a06911ee8a44f9699,Digitized from vector bar geometry; expected uncertainty is about +/-0.02 normalized unit.
fig11_speedup_matg,APAN,LM,MATG,,1.0,vector_fig11,vector_geometry_digitization,Fig.11 bar:APAN/LM/MATG,e2f655b815ea93b42fd8b4d07a3338108b05d526538a508a06911ee8a44f9699,Digitized from vector bar geometry; expected uncertainty is about +/-0.02 normalized unit.
fig11_speedup_matg,APAN,WT,MATG,,1.0,vector_fig11,vector_geometry_digitization,Fig.11 bar:APAN/WT/MATG,e2f655b815ea93b42fd8b4d07a3338108b05d526538a508a06911ee8a44f9699,Digitized from vector bar geometry; expected uncertainty is about +/-0.02 normalized unit.
fig11_speedup_matg,APAN,GT,MATG,,1.0,vector_fig11,vector_geometry_digitization,Fig.11 bar:APAN/GT/MATG,e2f655b815ea93b42fd8b4d07a3338108b05d526538a508a06911ee8a44f9699,Digitized from vector bar geometry; expected uncertainty is about +/-0.02 normalized unit.
fig11_speedup_matg,AVG,AVG,MATG,,1.0,vector_fig11,vector_geometry_digitization,Fig.11 AVG bar:MATG,e2f655b815ea93b42fd8b4d07a3338108b05d526538a508a06911ee8a44f9699,"Digitized from the explicit AVG bar, not recomputed from rounded point values."
fig11_speedup_matg,JODIE,WK,ViTeGNN,,1.4199,vector_fig11,vector_geometry_digitization,Fig.11 bar:JODIE/WK/ViTeGNN,e2f655b815ea93b42fd8b4d07a3338108b05d526538a508a06911ee8a44f9699,Digitized from vector bar geometry; expected uncertainty is about +/-0.02 normalized unit.
fig11_speedup_matg,JODIE,MC,ViTeGNN,,1.3789,vector_fig11,vector_geometry_digitization,Fig.11 bar:JODIE/MC/ViTeGNN,e2f655b815ea93b42fd8b4d07a3338108b05d526538a508a06911ee8a44f9699,Digitized from vector bar geometry; expected uncertainty is about +/-0.02 normalized unit.
fig11_speedup_matg,JODIE,RT,ViTeGNN,,1.4473,vector_fig11,vector_geometry_digitization,Fig.11 bar:JODIE/RT/ViTeGNN,e2f655b815ea93b42fd8b4d07a3338108b05d526538a508a06911ee8a44f9699,Digitized from vector bar geometry; expected uncertainty is about +/-0.02 normalized unit.
fig11_speedup_matg,JODIE,LM,ViTeGNN,,1.3469,vector_fig11,vector_geometry_digitization,Fig.11 bar:JODIE/LM/ViTeGNN,e2f655b815ea93b42fd8b4d07a3338108b05d526538a508a06911ee8a44f9699,Digitized from vector bar geometry; expected uncertainty is about +/-0.02 normalized unit.
fig11_speedup_matg,JODIE,WT,ViTeGNN,,1.5158,vector_fig11,vector_geometry_digitization,Fig.11 bar:JODIE/WT/ViTeGNN,e2f655b815ea93b42fd8b4d07a3338108b05d526538a508a06911ee8a44f9699,Digitized from vector bar geometry; expected uncertainty is about +/-0.02 normalized unit.
fig11_speedup_matg,JODIE,GT,ViTeGNN,,1.5981,vector_fig11,vector_geometry_digitization,Fig.11 bar:JODIE/GT/ViTeGNN,e2f655b815ea93b42fd8b4d07a3338108b05d526538a508a06911ee8a44f9699,Digitized from vector bar geometry; expected uncertainty is about +/-0.02 normalized unit.
fig11_speedup_matg,TGN,WK,ViTeGNN,,1.4382,vector_fig11,vector_geometry_digitization,Fig.11 bar:TGN/WK/ViTeGNN,e2f655b815ea93b42fd8b4d07a3338108b05d526538a508a06911ee8a44f9699,Digitized from vector bar geometry; expected uncertainty is about +/-0.02 normalized unit.
fig11_speedup_matg,TGN,MC,ViTeGNN,,1.3971,vector_fig11,vector_geometry_digitization,Fig.11 bar:TGN/MC/ViTeGNN,e2f655b815ea93b42fd8b4d07a3338108b05d526538a508a06911ee8a44f9699,Digitized from vector bar geometry; expected uncertainty is about +/-0.02 normalized unit.
fig11_speedup_matg,TGN,RT,ViTeGNN,,1.4701,vector_fig11,vector_geometry_digitization,Fig.11 bar:TGN/RT/ViTeGNN,e2f655b815ea93b42fd8b4d07a3338108b05d526538a508a06911ee8a44f9699,Digitized from vector bar geometry; expected uncertainty is about +/-0.02 normalized unit.
fig11_speedup_matg,TGN,LM,ViTeGNN,,1.3697,vector_fig11,vector_geometry_digitization,Fig.11 bar:TGN/LM/ViTeGNN,e2f655b815ea93b42fd8b4d07a3338108b05d526538a508a06911ee8a44f9699,Digitized from vector bar geometry; expected uncertainty is about +/-0.02 normalized unit.
fig11_speedup_matg,TGN,WT,ViTeGNN,,1.5386,vector_fig11,vector_geometry_digitization,Fig.11 bar:TGN/WT/ViTeGNN,e2f655b815ea93b42fd8b4d07a3338108b05d526538a508a06911ee8a44f9699,Digitized from vector bar geometry; expected uncertainty is about +/-0.02 normalized unit.
fig11_speedup_matg,TGN,GT,ViTeGNN,,1.6483,vector_fig11,vector_geometry_digitization,Fig.11 bar:TGN/GT/ViTeGNN,e2f655b815ea93b42fd8b4d07a3338108b05d526538a508a06911ee8a44f9699,Digitized from vector bar geometry; expected uncertainty is about +/-0.02 normalized unit.
fig11_speedup_matg,TGAT,WK,ViTeGNN,,1.3469,vector_fig11,vector_geometry_digitization,Fig.11 bar:TGAT/WK/ViTeGNN,e2f655b815ea93b42fd8b4d07a3338108b05d526538a508a06911ee8a44f9699,Digitized from vector bar geometry; expected uncertainty is about +/-0.02 normalized unit.
fig11_speedup_matg,TGAT,MC,ViTeGNN,,1.3195,vector_fig11,vector_geometry_digitization,Fig.11 bar:TGAT/MC/ViTeGNN,e2f655b815ea93b42fd8b4d07a3338108b05d526538a508a06911ee8a44f9699,Digitized from vector bar geometry; expected uncertainty is about +/-0.02 normalized unit.
fig11_speedup_matg,TGAT,RT,ViTeGNN,,1.3788,vector_fig11,vector_geometry_digitization,Fig.11 bar:TGAT/RT/ViTeGNN,e2f655b815ea93b42fd8b4d07a3338108b05d526538a508a06911ee8a44f9699,Digitized from vector bar geometry; expected uncertainty is about +/-0.02 normalized unit.
fig11_speedup_matg,TGAT,LM,ViTeGNN,,1.2784,vector_fig11,vector_geometry_digitization,Fig.11 bar:TGAT/LM/ViTeGNN,e2f655b815ea93b42fd8b4d07a3338108b05d526538a508a06911ee8a44f9699,Digitized from vector bar geometry; expected uncertainty is about +/-0.02 normalized unit.
fig11_speedup_matg,TGAT,WT,ViTeGNN,,1.4199,vector_fig11,vector_geometry_digitization,Fig.11 bar:TGAT/WT/ViTeGNN,e2f655b815ea93b42fd8b4d07a3338108b05d526538a508a06911ee8a44f9699,Digitized from vector bar geometry; expected uncertainty is about +/-0.02 normalized unit.
fig11_speedup_matg,TGAT,GT,ViTeGNN,,1.4793,vector_fig11,vector_geometry_digitization,Fig.11 bar:TGAT/GT/ViTeGNN,e2f655b815ea93b42fd8b4d07a3338108b05d526538a508a06911ee8a44f9699,Digitized from vector bar geometry; expected uncertainty is about +/-0.02 normalized unit.
fig11_speedup_matg,APAN,WK,ViTeGNN,,1.4473,vector_fig11,vector_geometry_digitization,Fig.11 bar:APAN/WK/ViTeGNN,e2f655b815ea93b42fd8b4d07a3338108b05d526538a508a06911ee8a44f9699,Digitized from vector bar geometry; expected uncertainty is about +/-0.02 normalized unit.
fig11_speedup_matg,APAN,MC,ViTeGNN,,1.4062,vector_fig11,vector_geometry_digitization,Fig.11 bar:APAN/MC/ViTeGNN,e2f655b815ea93b42fd8b4d07a3338108b05d526538a508a06911ee8a44f9699,Digitized from vector bar geometry; expected uncertainty is about +/-0.02 normalized unit.
fig11_speedup_matg,APAN,RT,ViTeGNN,,1.4884,vector_fig11,vector_geometry_digitization,Fig.11 bar:APAN/RT/ViTeGNN,e2f655b815ea93b42fd8b4d07a3338108b05d526538a508a06911ee8a44f9699,Digitized from vector bar geometry; expected uncertainty is about +/-0.02 normalized unit.
fig11_speedup_matg,APAN,LM,ViTeGNN,,1.388,vector_fig11,vector_geometry_digitization,Fig.11 bar:APAN/LM/ViTeGNN,e2f655b815ea93b42fd8b4d07a3338108b05d526538a508a06911ee8a44f9699,Digitized from vector bar geometry; expected uncertainty is about +/-0.02 normalized unit.
fig11_speedup_matg,APAN,WT,ViTeGNN,,1.5569,vector_fig11,vector_geometry_digitization,Fig.11 bar:APAN/WT/ViTeGNN,e2f655b815ea93b42fd8b4d07a3338108b05d526538a508a06911ee8a44f9699,Digitized from vector bar geometry; expected uncertainty is about +/-0.02 normalized unit.
fig11_speedup_matg,APAN,GT,ViTeGNN,,1.6757,vector_fig11,vector_geometry_digitization,Fig.11 bar:APAN/GT/ViTeGNN,e2f655b815ea93b42fd8b4d07a3338108b05d526538a508a06911ee8a44f9699,Digitized from vector bar geometry; expected uncertainty is about +/-0.02 normalized unit.
fig11_speedup_matg,AVG,AVG,ViTeGNN,,1.4473,vector_fig11,vector_geometry_digitization,Fig.11 AVG bar:ViTeGNN,e2f655b815ea93b42fd8b4d07a3338108b05d526538a508a06911ee8a44f9699,"Digitized from the explicit AVG bar, not recomputed from rounded point values."
fig11_speedup_matg,JODIE,WK,RTGA,,1.9495,vector_fig11,vector_geometry_digitization,Fig.11 bar:JODIE/WK/RTGA,e2f655b815ea93b42fd8b4d07a3338108b05d526538a508a06911ee8a44f9699,Digitized from vector bar geometry; expected uncertainty is about +/-0.02 normalized unit.
fig11_speedup_matg,JODIE,MC,RTGA,,1.8765,vector_fig11,vector_geometry_digitization,Fig.11 bar:JODIE/MC/RTGA,e2f655b815ea93b42fd8b4d07a3338108b05d526538a508a06911ee8a44f9699,Digitized from vector bar geometry; expected uncertainty is about +/-0.02 normalized unit.
fig11_speedup_matg,JODIE,RT,RTGA,,2.018,vector_fig11,vector_geometry_digitization,Fig.11 bar:JODIE/RT/RTGA,e2f655b815ea93b42fd8b4d07a3338108b05d526538a508a06911ee8a44f9699,Digitized from vector bar geometry; expected uncertainty is about +/-0.02 normalized unit.
fig11_speedup_matg,JODIE,LM,RTGA,,2.2464,vector_fig11,vector_geometry_digitization,Fig.11 bar:JODIE/LM/RTGA,e2f655b815ea93b42fd8b4d07a3338108b05d526538a508a06911ee8a44f9699,Digitized from vector bar geometry; expected uncertainty is about +/-0.02 normalized unit.
fig11_speedup_matg,JODIE,WT,RTGA,,2.1458,vector_fig11,vector_geometry_digitization,Fig.11 bar:JODIE/WT/RTGA,e2f655b815ea93b42fd8b4d07a3338108b05d526538a508a06911ee8a44f9699,Digitized from vector bar geometry; expected uncertainty is about +/-0.02 normalized unit.
fig11_speedup_matg,JODIE,GT,RTGA,,2.0956,vector_fig11,vector_geometry_digitization,Fig.11 bar:JODIE/GT/RTGA,e2f655b815ea93b42fd8b4d07a3338108b05d526538a508a06911ee8a44f9699,Digitized from vector bar geometry; expected uncertainty is about +/-0.02 normalized unit.
fig11_speedup_matg,TGN,WK,RTGA,,1.9769,vector_fig11,vector_geometry_digitization,Fig.11 bar:TGN/WK/RTGA,e2f655b815ea93b42fd8b4d07a3338108b05d526538a508a06911ee8a44f9699,Digitized from vector bar geometry; expected uncertainty is about +/-0.02 normalized unit.
fig11_speedup_matg,TGN,MC,RTGA,,1.9176,vector_fig11,vector_geometry_digitization,Fig.11 bar:TGN/MC/RTGA,e2f655b815ea93b42fd8b4d07a3338108b05d526538a508a06911ee8a44f9699,Digitized from vector bar geometry; expected uncertainty is about +/-0.02 normalized unit.
fig11_speedup_matg,TGN,RT,RTGA,,2.0454,vector_fig11,vector_geometry_digitization,Fig.11 bar:TGN/RT/RTGA,e2f655b815ea93b42fd8b4d07a3338108b05d526538a508a06911ee8a44f9699,Digitized from vector bar geometry; expected uncertainty is about +/-0.02 normalized unit.
fig11_speedup_matg,TGN,LM,RTGA,,2.2966,vector_fig11,vector_geometry_digitization,Fig.11 bar:TGN/LM/RTGA,e2f655b815ea93b42fd8b4d07a3338108b05d526538a508a06911ee8a44f9699,Digitized from vector bar geometry; expected uncertainty is about +/-0.02 normalized unit.
fig11_speedup_matg,TGN,WT,RTGA,,2.1962,vector_fig11,vector_geometry_digitization,Fig.11 bar:TGN/WT/RTGA,e2f655b815ea93b42fd8b4d07a3338108b05d526538a508a06911ee8a44f9699,Digitized from vector bar geometry; expected uncertainty is about +/-0.02 normalized unit.
fig11_speedup_matg,TGN,GT,RTGA,,2.1458,vector_fig11,vector_geometry_digitization,Fig.11 bar:TGN/GT/RTGA,e2f655b815ea93b42fd8b4d07a3338108b05d526538a508a06911ee8a44f9699,Digitized from vector bar geometry; expected uncertainty is about +/-0.02 normalized unit.
fig11_speedup_matg,TGAT,WK,RTGA,,1.8491,vector_fig11,vector_geometry_digitization,Fig.11 bar:TGAT/WK/RTGA,e2f655b815ea93b42fd8b4d07a3338108b05d526538a508a06911ee8a44f9699,Digitized from vector bar geometry; expected uncertainty is about +/-0.02 normalized unit.
fig11_speedup_matg,TGAT,MC,RTGA,,1.7989,vector_fig11,vector_geometry_digitization,Fig.11 bar:TGAT/MC/RTGA,e2f655b815ea93b42fd8b4d07a3338108b05d526538a508a06911ee8a44f9699,Digitized from vector bar geometry; expected uncertainty is about +/-0.02 normalized unit.
fig11_speedup_matg,TGAT,RT,RTGA,,1.8993,vector_fig11,vector_geometry_digitization,Fig.11 bar:TGAT/RT/RTGA,e2f655b815ea93b42fd8b4d07a3338108b05d526538a508a06911ee8a44f9699,Digitized from vector bar geometry; expected uncertainty is about +/-0.02 normalized unit.
fig11_speedup_matg,TGAT,LM,RTGA,,2.1458,vector_fig11,vector_geometry_digitization,Fig.11 bar:TGAT/LM/RTGA,e2f655b815ea93b42fd8b4d07a3338108b05d526538a508a06911ee8a44f9699,Digitized from vector bar geometry; expected uncertainty is about +/-0.02 normalized unit.
fig11_speedup_matg,TGAT,WT,RTGA,,1.9495,vector_fig11,vector_geometry_digitization,Fig.11 bar:TGAT/WT/RTGA,e2f655b815ea93b42fd8b4d07a3338108b05d526538a508a06911ee8a44f9699,Digitized from vector bar geometry; expected uncertainty is about +/-0.02 normalized unit.
fig11_speedup_matg,TGAT,GT,RTGA,,1.9952,vector_fig11,vector_geometry_digitization,Fig.11 bar:TGAT/GT/RTGA,e2f655b815ea93b42fd8b4d07a3338108b05d526538a508a06911ee8a44f9699,Digitized from vector bar geometry; expected uncertainty is about +/-0.02 normalized unit.
fig11_speedup_matg,APAN,WK,RTGA,,1.9952,vector_fig11,vector_geometry_digitization,Fig.11 bar:APAN/WK/RTGA,e2f655b815ea93b42fd8b4d07a3338108b05d526538a508a06911ee8a44f9699,Digitized from vector bar geometry; expected uncertainty is about +/-0.02 normalized unit.
fig11_speedup_matg,APAN,MC,RTGA,,1.9495,vector_fig11,vector_geometry_digitization,Fig.11 bar:APAN/MC/RTGA,e2f655b815ea93b42fd8b4d07a3338108b05d526538a508a06911ee8a44f9699,Digitized from vector bar geometry; expected uncertainty is about +/-0.02 normalized unit.
fig11_speedup_matg,APAN,RT,RTGA,,2.0773,vector_fig11,vector_geometry_digitization,Fig.11 bar:APAN/RT/RTGA,e2f655b815ea93b42fd8b4d07a3338108b05d526538a508a06911ee8a44f9699,Digitized from vector bar geometry; expected uncertainty is about +/-0.02 normalized unit.
fig11_speedup_matg,APAN,LM,RTGA,,2.3468,vector_fig11,vector_geometry_digitization,Fig.11 bar:APAN/LM/RTGA,e2f655b815ea93b42fd8b4d07a3338108b05d526538a508a06911ee8a44f9699,Digitized from vector bar geometry; expected uncertainty is about +/-0.02 normalized unit.
fig11_speedup_matg,APAN,WT,RTGA,,2.2464,vector_fig11,vector_geometry_digitization,Fig.11 bar:APAN/WT/RTGA,e2f655b815ea93b42fd8b4d07a3338108b05d526538a508a06911ee8a44f9699,Digitized from vector bar geometry; expected uncertainty is about +/-0.02 normalized unit.
fig11_speedup_matg,APAN,GT,RTGA,,2.1962,vector_fig11,vector_geometry_digitization,Fig.11 bar:APAN/GT/RTGA,e2f655b815ea93b42fd8b4d07a3338108b05d526538a508a06911ee8a44f9699,Digitized from vector bar geometry; expected uncertainty is about +/-0.02 normalized unit.
fig11_speedup_matg,AVG,AVG,RTGA,,2.0591,vector_fig11,vector_geometry_digitization,Fig.11 AVG bar:RTGA,e2f655b815ea93b42fd8b4d07a3338108b05d526538a508a06911ee8a44f9699,"Digitized from the explicit AVG bar, not recomputed from rounded point values."
fig11_speedup_matg,JODIE,WK,TempGNN,,7.8392,vector_fig11,vector_geometry_digitization,Fig.11 bar:JODIE/WK/TempGNN,e2f655b815ea93b42fd8b4d07a3338108b05d526538a508a06911ee8a44f9699,Digitized from vector bar geometry; expected uncertainty is about +/-0.02 normalized unit.
fig11_speedup_matg,JODIE,MC,TempGNN,,7.41,vector_fig11,vector_geometry_digitization,Fig.11 bar:JODIE/MC/TempGNN,e2f655b815ea93b42fd8b4d07a3338108b05d526538a508a06911ee8a44f9699,Digitized from vector bar geometry; expected uncertainty is about +/-0.02 normalized unit.
fig11_speedup_matg,JODIE,RT,TempGNN,,8.0902,vector_fig11,vector_geometry_digitization,Fig.11 bar:JODIE/RT/TempGNN,e2f655b815ea93b42fd8b4d07a3338108b05d526538a508a06911ee8a44f9699,Digitized from vector bar geometry; expected uncertainty is about +/-0.02 normalized unit.
fig11_speedup_matg,JODIE,LM,TempGNN,,6.1408,vector_fig11,vector_geometry_digitization,Fig.11 bar:JODIE/LM/TempGNN,e2f655b815ea93b42fd8b4d07a3338108b05d526538a508a06911ee8a44f9699,Digitized from vector bar geometry; expected uncertainty is about +/-0.02 normalized unit.
fig11_speedup_matg,JODIE,WT,TempGNN,,8.6381,vector_fig11,vector_geometry_digitization,Fig.11 bar:JODIE/WT/TempGNN,e2f655b815ea93b42fd8b4d07a3338108b05d526538a508a06911ee8a44f9699,Digitized from vector bar geometry; expected uncertainty is about +/-0.02 normalized unit.
fig11_speedup_matg,JODIE,GT,TempGNN,,10.2361,vector_fig11,vector_geometry_digitization,Fig.11 bar:JODIE/GT/TempGNN,e2f655b815ea93b42fd8b4d07a3338108b05d526538a508a06911ee8a44f9699,Digitized from vector bar geometry; expected uncertainty is about +/-0.02 normalized unit.
fig11_speedup_matg,TGN,WK,TempGNN,,7.9076,vector_fig11,vector_geometry_digitization,Fig.11 bar:TGN/WK/TempGNN,e2f655b815ea93b42fd8b4d07a3338108b05d526538a508a06911ee8a44f9699,Digitized from vector bar geometry; expected uncertainty is about +/-0.02 normalized unit.
fig11_speedup_matg,TGN,MC,TempGNN,,7.5425,vector_fig11,vector_geometry_digitization,Fig.11 bar:TGN/MC/TempGNN,e2f655b815ea93b42fd8b4d07a3338108b05d526538a508a06911ee8a44f9699,Digitized from vector bar geometry; expected uncertainty is about +/-0.02 normalized unit.
fig11_speedup_matg,TGN,RT,TempGNN,,8.241,vector_fig11,vector_geometry_digitization,Fig.11 bar:TGN/RT/TempGNN,e2f655b815ea93b42fd8b4d07a3338108b05d526538a508a06911ee8a44f9699,Digitized from vector bar geometry; expected uncertainty is about +/-0.02 normalized unit.
fig11_speedup_matg,TGN,LM,TempGNN,,6.3417,vector_fig11,vector_geometry_digitization,Fig.11 bar:TGN/LM/TempGNN,e2f655b815ea93b42fd8b4d07a3338108b05d526538a508a06911ee8a44f9699,Digitized from vector bar geometry; expected uncertainty is about +/-0.02 normalized unit.
fig11_speedup_matg,TGN,WT,TempGNN,,8.9395,vector_fig11,vector_geometry_digitization,Fig.11 bar:TGN/WT/TempGNN,e2f655b815ea93b42fd8b4d07a3338108b05d526538a508a06911ee8a44f9699,Digitized from vector bar geometry; expected uncertainty is about +/-0.02 normalized unit.
fig11_speedup_matg,TGN,GT,TempGNN,,10.6379,vector_fig11,vector_geometry_digitization,Fig.11 bar:TGN/GT/TempGNN,e2f655b815ea93b42fd8b4d07a3338108b05d526538a508a06911ee8a44f9699,Digitized from vector bar geometry; expected uncertainty is about +/-0.02 normalized unit.
fig11_speedup_matg,TGAT,WK,TempGNN,,6.2412,vector_fig11,vector_geometry_digitization,Fig.11 bar:TGAT/WK/TempGNN,e2f655b815ea93b42fd8b4d07a3338108b05d526538a508a06911ee8a44f9699,Digitized from vector bar geometry; expected uncertainty is about +/-0.02 normalized unit.
fig11_speedup_matg,TGAT,MC,TempGNN,,5.9445,vector_fig11,vector_geometry_digitization,Fig.11 bar:TGAT/MC/TempGNN,e2f655b815ea93b42fd8b4d07a3338108b05d526538a508a06911ee8a44f9699,Digitized from vector bar geometry; expected uncertainty is about +/-0.02 normalized unit.
fig11_speedup_matg,TGAT,RT,TempGNN,,6.4421,vector_fig11,vector_geometry_digitization,Fig.11 bar:TGAT/RT/TempGNN,e2f655b815ea93b42fd8b4d07a3338108b05d526538a508a06911ee8a44f9699,Digitized from vector bar geometry; expected uncertainty is about +/-0.02 normalized unit.
fig11_speedup_matg,TGAT,LM,TempGNN,,5.1455,vector_fig11,vector_geometry_digitization,Fig.11 bar:TGAT/LM/TempGNN,e2f655b815ea93b42fd8b4d07a3338108b05d526538a508a06911ee8a44f9699,Digitized from vector bar geometry; expected uncertainty is about +/-0.02 normalized unit.
fig11_speedup_matg,TGAT,WT,TempGNN,,6.8392,vector_fig11,vector_geometry_digitization,Fig.11 bar:TGAT/WT/TempGNN,e2f655b815ea93b42fd8b4d07a3338108b05d526538a508a06911ee8a44f9699,Digitized from vector bar geometry; expected uncertainty is about +/-0.02 normalized unit.
fig11_speedup_matg,TGAT,GT,TempGNN,,7.5425,vector_fig11,vector_geometry_digitization,Fig.11 bar:TGAT/GT/TempGNN,e2f655b815ea93b42fd8b4d07a3338108b05d526538a508a06911ee8a44f9699,Digitized from vector bar geometry; expected uncertainty is about +/-0.02 normalized unit.
fig11_speedup_matg,APAN,WK,TempGNN,,8.1406,vector_fig11,vector_geometry_digitization,Fig.11 bar:APAN/WK/TempGNN,e2f655b815ea93b42fd8b4d07a3338108b05d526538a508a06911ee8a44f9699,Digitized from vector bar geometry; expected uncertainty is about +/-0.02 normalized unit.
fig11_speedup_matg,APAN,MC,TempGNN,,7.7387,vector_fig11,vector_geometry_digitization,Fig.11 bar:APAN/MC/TempGNN,e2f655b815ea93b42fd8b4d07a3338108b05d526538a508a06911ee8a44f9699,Digitized from vector bar geometry; expected uncertainty is about +/-0.02 normalized unit.
fig11_speedup_matg,APAN,RT,TempGNN,,8.4373,vector_fig11,vector_geometry_digitization,Fig.11 bar:APAN/RT/TempGNN,e2f655b815ea93b42fd8b4d07a3338108b05d526538a508a06911ee8a44f9699,Digitized from vector bar geometry; expected uncertainty is about +/-0.02 normalized unit.
fig11_speedup_matg,APAN,LM,TempGNN,,6.5425,vector_fig11,vector_geometry_digitization,Fig.11 bar:APAN/LM/TempGNN,e2f655b815ea93b42fd8b4d07a3338108b05d526538a508a06911ee8a44f9699,Digitized from vector bar geometry; expected uncertainty is about +/-0.02 normalized unit.
fig11_speedup_matg,APAN,WT,TempGNN,,9.1403,vector_fig11,vector_geometry_digitization,Fig.11 bar:APAN/WT/TempGNN,e2f655b815ea93b42fd8b4d07a3338108b05d526538a508a06911ee8a44f9699,Digitized from vector bar geometry; expected uncertainty is about +/-0.02 normalized unit.
fig11_speedup_matg,APAN,GT,TempGNN,,10.8342,vector_fig11,vector_geometry_digitization,Fig.11 bar:APAN/GT/TempGNN,e2f655b815ea93b42fd8b4d07a3338108b05d526538a508a06911ee8a44f9699,Digitized from vector bar geometry; expected uncertainty is about +/-0.02 normalized unit.
fig11_speedup_matg,AVG,AVG,TempGNN,,7.7889,vector_fig11,vector_geometry_digitization,Fig.11 AVG bar:TempGNN,e2f655b815ea93b42fd8b4d07a3338108b05d526538a508a06911ee8a44f9699,"Digitized from the explicit AVG bar, not recomputed from rounded point values."
fig12_energy_tempgnn,JODIE,WK,TGLite-CPU,,160.472,vector_fig12,vector_geometry_digitization,Fig.12 bar:JODIE/WK/TGLite-CPU,03631bb354c124578afb69b94bca09c584300e28db6692d3f08578ea1bbc7051,Digitized from the vector bar geometry using the plotted broken-axis calibration.
fig12_energy_tempgnn,JODIE,MC,TGLite-CPU,,150.236,vector_fig12,vector_geometry_digitization,Fig.12 bar:JODIE/MC/TGLite-CPU,03631bb354c124578afb69b94bca09c584300e28db6692d3f08578ea1bbc7051,Digitized from the vector bar geometry using the plotted broken-axis calibration.
fig12_energy_tempgnn,JODIE,RT,TGLite-CPU,,170.788,vector_fig12,vector_geometry_digitization,Fig.12 bar:JODIE/RT/TGLite-CPU,03631bb354c124578afb69b94bca09c584300e28db6692d3f08578ea1bbc7051,Digitized from the vector bar geometry using the plotted broken-axis calibration.
fig12_energy_tempgnn,JODIE,LM,TGLite-CPU,,190.474,vector_fig12,vector_geometry_digitization,Fig.12 bar:JODIE/LM/TGLite-CPU,03631bb354c124578afb69b94bca09c584300e28db6692d3f08578ea1bbc7051,Digitized from the vector bar geometry using the plotted broken-axis calibration.
fig12_energy_tempgnn,JODIE,WT,TGLite-CPU,,185.432,vector_fig12,vector_geometry_digitization,Fig.12 bar:JODIE/WT/TGLite-CPU,03631bb354c124578afb69b94bca09c584300e28db6692d3f08578ea1bbc7051,Digitized from the vector bar geometry using the plotted broken-axis calibration.
fig12_energy_tempgnn,JODIE,GT,TGLite-CPU,,216.615,vector_fig12,vector_geometry_digitization,Fig.12 bar:JODIE/GT/TGLite-CPU,03631bb354c124578afb69b94bca09c584300e28db6692d3f08578ea1bbc7051,Digitized from the vector bar geometry using the plotted broken-axis calibration.
fig12_energy_tempgnn,TGN,WK,TGLite-CPU,,165.51,vector_fig12,vector_geometry_digitization,Fig.12 bar:TGN/WK/TGLite-CPU,03631bb354c124578afb69b94bca09c584300e28db6692d3f08578ea1bbc7051,Digitized from the vector bar geometry using the plotted broken-axis calibration.
fig12_energy_tempgnn,TGN,MC,TGLite-CPU,,155.196,vector_fig12,vector_geometry_digitization,Fig.12 bar:TGN/MC/TGLite-CPU,03631bb354c124578afb69b94bca09c584300e28db6692d3f08578ea1bbc7051,Digitized from the vector bar geometry using the plotted broken-axis calibration.
fig12_energy_tempgnn,TGN,RT,TGLite-CPU,,175.826,vector_fig12,vector_geometry_digitization,Fig.12 bar:TGN/RT/TGLite-CPU,03631bb354c124578afb69b94bca09c584300e28db6692d3f08578ea1bbc7051,Digitized from the vector bar geometry using the plotted broken-axis calibration.
fig12_energy_tempgnn,TGN,LM,TGLite-CPU,,195.512,vector_fig12,vector_geometry_digitization,Fig.12 bar:TGN/LM/TGLite-CPU,03631bb354c124578afb69b94bca09c584300e28db6692d3f08578ea1bbc7051,Digitized from the vector bar geometry using the plotted broken-axis calibration.
fig12_energy_tempgnn,TGN,WT,TGLite-CPU,,190.395,vector_fig12,vector_geometry_digitization,Fig.12 bar:TGN/WT/TGLite-CPU,03631bb354c124578afb69b94bca09c584300e28db6692d3f08578ea1bbc7051,Digitized from the vector bar geometry using the plotted broken-axis calibration.
fig12_energy_tempgnn,TGN,GT,TGLite-CPU,,221.577,vector_fig12,vector_geometry_digitization,Fig.12 bar:TGN/GT/TGLite-CPU,03631bb354c124578afb69b94bca09c584300e28db6692d3f08578ea1bbc7051,Digitized from the vector bar geometry using the plotted broken-axis calibration.
fig12_energy_tempgnn,TGAT,WK,TGLite-CPU,,115.511,vector_fig12,vector_geometry_digitization,Fig.12 bar:TGAT/WK/TGLite-CPU,03631bb354c124578afb69b94bca09c584300e28db6692d3f08578ea1bbc7051,Digitized from the vector bar geometry using the plotted broken-axis calibration.
fig12_energy_tempgnn,TGAT,MC,TGLite-CPU,,110.236,vector_fig12,vector_geometry_digitization,Fig.12 bar:TGAT/MC/TGLite-CPU,03631bb354c124578afb69b94bca09c584300e28db6692d3f08578ea1bbc7051,Digitized from the vector bar geometry using the plotted broken-axis calibration.
fig12_energy_tempgnn,TGAT,RT,TGLite-CPU,,120.787,vector_fig12,vector_geometry_digitization,Fig.12 bar:TGAT/RT/TGLite-CPU,03631bb354c124578afb69b94bca09c584300e28db6692d3f08578ea1bbc7051,Digitized from the vector bar geometry using the plotted broken-axis calibration.
fig12_energy_tempgnn,TGAT,LM,TGLite-CPU,,140.551,vector_fig12,vector_geometry_digitization,Fig.12 bar:TGAT/LM/TGLite-CPU,03631bb354c124578afb69b94bca09c584300e28db6692d3f08578ea1bbc7051,Digitized from the vector bar geometry using the plotted broken-axis calibration.
fig12_energy_tempgnn,TGAT,WT,TGLite-CPU,,135.432,vector_fig12,vector_geometry_digitization,Fig.12 bar:TGAT/WT/TGLite-CPU,03631bb354c124578afb69b94bca09c584300e28db6692d3f08578ea1bbc7051,Digitized from the vector bar geometry using the plotted broken-axis calibration.
fig12_energy_tempgnn,TGAT,GT,TGLite-CPU,,150.393,vector_fig12,vector_geometry_digitization,Fig.12 bar:TGAT/GT/TGLite-CPU,03631bb354c124578afb69b94bca09c584300e28db6692d3f08578ea1bbc7051,Digitized from the vector bar geometry using the plotted broken-axis calibration.
fig12_energy_tempgnn,APAN,WK,TGLite-CPU,,162.519,vector_fig12,vector_geometry_digitization,Fig.12 bar:APAN/WK/TGLite-CPU,03631bb354c124578afb69b94bca09c584300e28db6692d3f08578ea1bbc7051,Digitized from the vector bar geometry using the plotted broken-axis calibration.
fig12_energy_tempgnn,APAN,MC,TGLite-CPU,,152.204,vector_fig12,vector_geometry_digitization,Fig.12 bar:APAN/MC/TGLite-CPU,03631bb354c124578afb69b94bca09c584300e28db6692d3f08578ea1bbc7051,Digitized from the vector bar geometry using the plotted broken-axis calibration.
fig12_energy_tempgnn,APAN,RT,TGLite-CPU,,172.834,vector_fig12,vector_geometry_digitization,Fig.12 bar:APAN/RT/TGLite-CPU,03631bb354c124578afb69b94bca09c584300e28db6692d3f08578ea1bbc7051,Digitized from the vector bar geometry using the plotted broken-axis calibration.
fig12_energy_tempgnn,APAN,LM,TGLite-CPU,,192.52,vector_fig12,vector_geometry_digitization,Fig.12 bar:APAN/LM/TGLite-CPU,03631bb354c124578afb69b94bca09c584300e28db6692d3f08578ea1bbc7051,Digitized from the vector bar geometry using the plotted broken-axis calibration.
fig12_energy_tempgnn,APAN,WT,TGLite-CPU,,187.4,vector_fig12,vector_geometry_digitization,Fig.12 bar:APAN/WT/TGLite-CPU,03631bb354c124578afb69b94bca09c584300e28db6692d3f08578ea1bbc7051,Digitized from the vector bar geometry using the plotted broken-axis calibration.
fig12_energy_tempgnn,APAN,GT,TGLite-CPU,,218.583,vector_fig12,vector_geometry_digitization,Fig.12 bar:APAN/GT/TGLite-CPU,03631bb354c124578afb69b94bca09c584300e28db6692d3f08578ea1bbc7051,Digitized from the vector bar geometry using the plotted broken-axis calibration.
fig12_energy_tempgnn,AVG,AVG,TGLite-CPU,,168.186,vector_fig12,vector_geometry_digitization,Fig.12 AVG bar:TGLite-CPU,03631bb354c124578afb69b94bca09c584300e28db6692d3f08578ea1bbc7051,"Digitized from the explicit AVG bar, not recomputed from rounded point values."
fig12_energy_tempgnn,JODIE,WK,Cascade,,30.475,vector_fig12,vector_geometry_digitization,Fig.12 bar:JODIE/WK/Cascade,03631bb354c124578afb69b94bca09c584300e28db6692d3f08578ea1bbc7051,Digitized from the vector bar geometry using the plotted broken-axis calibration.
fig12_energy_tempgnn,JODIE,MC,Cascade,,28.505,vector_fig12,vector_geometry_digitization,Fig.12 bar:JODIE/MC/Cascade,03631bb354c124578afb69b94bca09c584300e28db6692d3f08578ea1bbc7051,Digitized from the vector bar geometry using the plotted broken-axis calibration.
fig12_energy_tempgnn,JODIE,RT,Cascade,,32.522,vector_fig12,vector_geometry_digitization,Fig.12 bar:JODIE/RT/Cascade,03631bb354c124578afb69b94bca09c584300e28db6692d3f08578ea1bbc7051,Digitized from the vector bar geometry using the plotted broken-axis calibration.
fig12_energy_tempgnn,JODIE,LM,Cascade,,39.528,vector_fig12,vector_geometry_digitization,Fig.12 bar:JODIE/LM/Cascade,03631bb354c124578afb69b94bca09c584300e28db6692d3f08578ea1bbc7051,Digitized from the vector bar geometry using the plotted broken-axis calibration.
fig12_energy_tempgnn,JODIE,WT,Cascade,,37.481,vector_fig12,vector_geometry_digitization,Fig.12 bar:JODIE/WT/Cascade,03631bb354c124578afb69b94bca09c584300e28db6692d3f08578ea1bbc7051,Digitized from the vector bar geometry using the plotted broken-axis calibration.
fig12_energy_tempgnn,JODIE,GT,Cascade,,49.472,vector_fig12,vector_geometry_digitization,Fig.12 bar:JODIE/GT/Cascade,03631bb354c124578afb69b94bca09c584300e28db6692d3f08578ea1bbc7051,Digitized from the vector bar geometry using the plotted broken-axis calibration.
fig12_energy_tempgnn,TGN,WK,Cascade,,31.971,vector_fig12,vector_geometry_digitization,Fig.12 bar:TGN/WK/Cascade,03631bb354c124578afb69b94bca09c584300e28db6692d3f08578ea1bbc7051,Digitized from the vector bar geometry using the plotted broken-axis calibration.
fig12_energy_tempgnn,TGN,MC,Cascade,,30.0,vector_fig12,vector_geometry_digitization,Fig.12 bar:TGN/MC/Cascade,03631bb354c124578afb69b94bca09c584300e28db6692d3f08578ea1bbc7051,Digitized from the vector bar geometry using the plotted broken-axis calibration.
fig12_energy_tempgnn,TGN,RT,Cascade,,34.017,vector_fig12,vector_geometry_digitization,Fig.12 bar:TGN/RT/Cascade,03631bb354c124578afb69b94bca09c584300e28db6692d3f08578ea1bbc7051,Digitized from the vector bar geometry using the plotted broken-axis calibration.
fig12_energy_tempgnn,TGN,LM,Cascade,,42.165,vector_fig12,vector_geometry_digitization,Fig.12 bar:TGN/LM/Cascade,03631bb354c124578afb69b94bca09c584300e28db6692d3f08578ea1bbc7051,Digitized from the vector bar geometry using the plotted broken-axis calibration.
fig12_energy_tempgnn,TGN,WT,Cascade,,38.977,vector_fig12,vector_geometry_digitization,Fig.12 bar:TGN/WT/Cascade,03631bb354c124578afb69b94bca09c584300e28db6692d3f08578ea1bbc7051,Digitized from the vector bar geometry using the plotted broken-axis calibration.
fig12_energy_tempgnn,TGN,GT,Cascade,,52.627,vector_fig12,vector_geometry_digitization,Fig.12 bar:TGN/GT/Cascade,03631bb354c124578afb69b94bca09c584300e28db6692d3f08578ea1bbc7051,Digitized from the vector bar geometry using the plotted broken-axis calibration.
fig12_energy_tempgnn,TGAT,WK,Cascade,,21.499,vector_fig12,vector_geometry_digitization,Fig.12 bar:TGAT/WK/Cascade,03631bb354c124578afb69b94bca09c584300e28db6692d3f08578ea1bbc7051,Digitized from the vector bar geometry using the plotted broken-axis calibration.
fig12_energy_tempgnn,TGAT,MC,Cascade,,20.239,vector_fig12,vector_geometry_digitization,Fig.12 bar:TGAT/MC/Cascade,03631bb354c124578afb69b94bca09c584300e28db6692d3f08578ea1bbc7051,Digitized from the vector bar geometry using the plotted broken-axis calibration.
fig12_energy_tempgnn,TGAT,RT,Cascade,,23.073,vector_fig12,vector_geometry_digitization,Fig.12 bar:TGAT/RT/Cascade,03631bb354c124578afb69b94bca09c584300e28db6692d3f08578ea1bbc7051,Digitized from the vector bar geometry using the plotted broken-axis calibration.
fig12_energy_tempgnn,TGAT,LM,Cascade,,28.505,vector_fig12,vector_geometry_digitization,Fig.12 bar:TGAT/LM/Cascade,03631bb354c124578afb69b94bca09c584300e28db6692d3f08578ea1bbc7051,Digitized from the vector bar geometry using the plotted broken-axis calibration.
fig12_energy_tempgnn,TGAT,WT,Cascade,,26.537,vector_fig12,vector_geometry_digitization,Fig.12 bar:TGAT/WT/Cascade,03631bb354c124578afb69b94bca09c584300e28db6692d3f08578ea1bbc7051,Digitized from the vector bar geometry using the plotted broken-axis calibration.
fig12_energy_tempgnn,TGAT,GT,Cascade,,31.97,vector_fig12,vector_geometry_digitization,Fig.12 bar:TGAT/GT/Cascade,03631bb354c124578afb69b94bca09c584300e28db6692d3f08578ea1bbc7051,Digitized from the vector bar geometry using the plotted broken-axis calibration.
fig12_energy_tempgnn,APAN,WK,Cascade,,31.183,vector_fig12,vector_geometry_digitization,Fig.12 bar:APAN/WK/Cascade,03631bb354c124578afb69b94bca09c584300e28db6692d3f08578ea1bbc7051,Digitized from the vector bar geometry using the plotted broken-axis calibration.
fig12_energy_tempgnn,APAN,MC,Cascade,,29.213,vector_fig12,vector_geometry_digitization,Fig.12 bar:APAN/MC/Cascade,03631bb354c124578afb69b94bca09c584300e28db6692d3f08578ea1bbc7051,Digitized from the vector bar geometry using the plotted broken-axis calibration.
fig12_energy_tempgnn,APAN,RT,Cascade,,33.23,vector_fig12,vector_geometry_digitization,Fig.12 bar:APAN/RT/Cascade,03631bb354c124578afb69b94bca09c584300e28db6692d3f08578ea1bbc7051,Digitized from the vector bar geometry using the plotted broken-axis calibration.
fig12_energy_tempgnn,APAN,LM,Cascade,,40.498,vector_fig12,vector_geometry_digitization,Fig.12 bar:APAN/LM/Cascade,03631bb354c124578afb69b94bca09c584300e28db6692d3f08578ea1bbc7051,Digitized from the vector bar geometry using the plotted broken-axis calibration.
fig12_energy_tempgnn,APAN,WT,Cascade,,38.189,vector_fig12,vector_geometry_digitization,Fig.12 bar:APAN/WT/Cascade,03631bb354c124578afb69b94bca09c584300e28db6692d3f08578ea1bbc7051,Digitized from the vector bar geometry using the plotted broken-axis calibration.
fig12_energy_tempgnn,APAN,GT,Cascade,,50.966,vector_fig12,vector_geometry_digitization,Fig.12 bar:APAN/GT/Cascade,03631bb354c124578afb69b94bca09c584300e28db6692d3f08578ea1bbc7051,Digitized from the vector bar geometry using the plotted broken-axis calibration.
fig12_energy_tempgnn,AVG,AVG,Cascade,,33.545,vector_fig12,vector_geometry_digitization,Fig.12 AVG bar:Cascade,03631bb354c124578afb69b94bca09c584300e28db6692d3f08578ea1bbc7051,"Digitized from the explicit AVG bar, not recomputed from rounded point values."
fig12_energy_tempgnn,JODIE,WK,MATG,,9.29,vector_fig12,vector_geometry_digitization,Fig.12 bar:JODIE/WK/MATG,03631bb354c124578afb69b94bca09c584300e28db6692d3f08578ea1bbc7051,Digitized from the vector bar geometry using the plotted broken-axis calibration.
fig12_energy_tempgnn,JODIE,MC,MATG,,8.975,vector_fig12,vector_geometry_digitization,Fig.12 bar:JODIE/MC/MATG,03631bb354c124578afb69b94bca09c584300e28db6692d3f08578ea1bbc7051,Digitized from the vector bar geometry using the plotted broken-axis calibration.
fig12_energy_tempgnn,JODIE,RT,MATG,,9.922,vector_fig12,vector_geometry_digitization,Fig.12 bar:JODIE/RT/MATG,03631bb354c124578afb69b94bca09c584300e28db6692d3f08578ea1bbc7051,Digitized from the vector bar geometry using the plotted broken-axis calibration.
fig12_energy_tempgnn,JODIE,LM,MATG,,12.284,vector_fig12,vector_geometry_digitization,Fig.12 bar:JODIE/LM/MATG,03631bb354c124578afb69b94bca09c584300e28db6692d3f08578ea1bbc7051,Digitized from the vector bar geometry using the plotted broken-axis calibration.
fig12_energy_tempgnn,JODIE,WT,MATG,,11.576,vector_fig12,vector_geometry_digitization,Fig.12 bar:JODIE/WT/MATG,03631bb354c124578afb69b94bca09c584300e28db6692d3f08578ea1bbc7051,Digitized from the vector bar geometry using the plotted broken-axis calibration.
fig12_energy_tempgnn,JODIE,GT,MATG,,14.331,vector_fig12,vector_geometry_digitization,Fig.12 bar:JODIE/GT/MATG,03631bb354c124578afb69b94bca09c584300e28db6692d3f08578ea1bbc7051,Digitized from the vector bar geometry using the plotted broken-axis calibration.
fig12_energy_tempgnn,TGN,WK,MATG,,9.605,vector_fig12,vector_geometry_digitization,Fig.12 bar:TGN/WK/MATG,03631bb354c124578afb69b94bca09c584300e28db6692d3f08578ea1bbc7051,Digitized from the vector bar geometry using the plotted broken-axis calibration.
fig12_energy_tempgnn,TGN,MC,MATG,,9.212,vector_fig12,vector_geometry_digitization,Fig.12 bar:TGN/MC/MATG,03631bb354c124578afb69b94bca09c584300e28db6692d3f08578ea1bbc7051,Digitized from the vector bar geometry using the plotted broken-axis calibration.
fig12_energy_tempgnn,TGN,RT,MATG,,10.237,vector_fig12,vector_geometry_digitization,Fig.12 bar:TGN/RT/MATG,03631bb354c124578afb69b94bca09c584300e28db6692d3f08578ea1bbc7051,Digitized from the vector bar geometry using the plotted broken-axis calibration.
fig12_energy_tempgnn,TGN,LM,MATG,,12.599,vector_fig12,vector_geometry_digitization,Fig.12 bar:TGN/LM/MATG,03631bb354c124578afb69b94bca09c584300e28db6692d3f08578ea1bbc7051,Digitized from the vector bar geometry using the plotted broken-axis calibration.
fig12_energy_tempgnn,TGN,WT,MATG,,11.891,vector_fig12,vector_geometry_digitization,Fig.12 bar:TGN/WT/MATG,03631bb354c124578afb69b94bca09c584300e28db6692d3f08578ea1bbc7051,Digitized from the vector bar geometry using the plotted broken-axis calibration.
fig12_energy_tempgnn,TGN,GT,MATG,,14.567,vector_fig12,vector_geometry_digitization,Fig.12 bar:TGN/GT/MATG,03631bb354c124578afb69b94bca09c584300e28db6692d3f08578ea1bbc7051,Digitized from the vector bar geometry using the plotted broken-axis calibration.
fig12_energy_tempgnn,TGAT,WK,MATG,,6.377,vector_fig12,vector_geometry_digitization,Fig.12 bar:TGAT/WK/MATG,03631bb354c124578afb69b94bca09c584300e28db6692d3f08578ea1bbc7051,Digitized from the vector bar geometry using the plotted broken-axis calibration.
fig12_energy_tempgnn,TGAT,MC,MATG,,6.062,vector_fig12,vector_geometry_digitization,Fig.12 bar:TGAT/MC/MATG,03631bb354c124578afb69b94bca09c584300e28db6692d3f08578ea1bbc7051,Digitized from the vector bar geometry using the plotted broken-axis calibration.
fig12_energy_tempgnn,TGAT,RT,MATG,,6.692,vector_fig12,vector_geometry_digitization,Fig.12 bar:TGAT/RT/MATG,03631bb354c124578afb69b94bca09c584300e28db6692d3f08578ea1bbc7051,Digitized from the vector bar geometry using the plotted broken-axis calibration.
fig12_energy_tempgnn,TGAT,LM,MATG,,8.109,vector_fig12,vector_geometry_digitization,Fig.12 bar:TGAT/LM/MATG,03631bb354c124578afb69b94bca09c584300e28db6692d3f08578ea1bbc7051,Digitized from the vector bar geometry using the plotted broken-axis calibration.
fig12_energy_tempgnn,TGAT,WT,MATG,,7.401,vector_fig12,vector_geometry_digitization,Fig.12 bar:TGAT/WT/MATG,03631bb354c124578afb69b94bca09c584300e28db6692d3f08578ea1bbc7051,Digitized from the vector bar geometry using the plotted broken-axis calibration.
fig12_energy_tempgnn,TGAT,GT,MATG,,8.739,vector_fig12,vector_geometry_digitization,Fig.12 bar:TGAT/GT/MATG,03631bb354c124578afb69b94bca09c584300e28db6692d3f08578ea1bbc7051,Digitized from the vector bar geometry using the plotted broken-axis calibration.
fig12_energy_tempgnn,APAN,WK,MATG,,9.369,vector_fig12,vector_geometry_digitization,Fig.12 bar:APAN/WK/MATG,03631bb354c124578afb69b94bca09c584300e28db6692d3f08578ea1bbc7051,Digitized from the vector bar geometry using the plotted broken-axis calibration.
fig12_energy_tempgnn,APAN,MC,MATG,,9.133,vector_fig12,vector_geometry_digitization,Fig.12 bar:APAN/MC/MATG,03631bb354c124578afb69b94bca09c584300e28db6692d3f08578ea1bbc7051,Digitized from the vector bar geometry using the plotted broken-axis calibration.
fig12_energy_tempgnn,APAN,RT,MATG,,10.001,vector_fig12,vector_geometry_digitization,Fig.12 bar:APAN/RT/MATG,03631bb354c124578afb69b94bca09c584300e28db6692d3f08578ea1bbc7051,Digitized from the vector bar geometry using the plotted broken-axis calibration.
fig12_energy_tempgnn,APAN,LM,MATG,,12.363,vector_fig12,vector_geometry_digitization,Fig.12 bar:APAN/LM/MATG,03631bb354c124578afb69b94bca09c584300e28db6692d3f08578ea1bbc7051,Digitized from the vector bar geometry using the plotted broken-axis calibration.
fig12_energy_tempgnn,APAN,WT,MATG,,11.733,vector_fig12,vector_geometry_digitization,Fig.12 bar:APAN/WT/MATG,03631bb354c124578afb69b94bca09c584300e28db6692d3f08578ea1bbc7051,Digitized from the vector bar geometry using the plotted broken-axis calibration.
fig12_energy_tempgnn,APAN,GT,MATG,,14.41,vector_fig12,vector_geometry_digitization,Fig.12 bar:APAN/GT/MATG,03631bb354c124578afb69b94bca09c584300e28db6692d3f08578ea1bbc7051,Digitized from the vector bar geometry using the plotted broken-axis calibration.
fig12_energy_tempgnn,AVG,AVG,MATG,,10.237,vector_fig12,vector_geometry_digitization,Fig.12 AVG bar:MATG,03631bb354c124578afb69b94bca09c584300e28db6692d3f08578ea1bbc7051,"Digitized from the explicit AVG bar, not recomputed from rounded point values."
fig12_energy_tempgnn,JODIE,WK,ViTeGNN,,8.109,vector_fig12,vector_geometry_digitization,Fig.12 bar:JODIE/WK/ViTeGNN,03631bb354c124578afb69b94bca09c584300e28db6692d3f08578ea1bbc7051,Digitized from the vector bar geometry using the plotted broken-axis calibration.
fig12_energy_tempgnn,JODIE,MC,ViTeGNN,,7.873,vector_fig12,vector_geometry_digitization,Fig.12 bar:JODIE/MC/ViTeGNN,03631bb354c124578afb69b94bca09c584300e28db6692d3f08578ea1bbc7051,Digitized from the vector bar geometry using the plotted broken-axis calibration.
fig12_energy_tempgnn,JODIE,RT,ViTeGNN,,8.739,vector_fig12,vector_geometry_digitization,Fig.12 bar:JODIE/RT/ViTeGNN,03631bb354c124578afb69b94bca09c584300e28db6692d3f08578ea1bbc7051,Digitized from the vector bar geometry using the plotted broken-axis calibration.
fig12_energy_tempgnn,JODIE,LM,ViTeGNN,,10.867,vector_fig12,vector_geometry_digitization,Fig.12 bar:JODIE/LM/ViTeGNN,03631bb354c124578afb69b94bca09c584300e28db6692d3f08578ea1bbc7051,Digitized from the vector bar geometry using the plotted broken-axis calibration.
fig12_energy_tempgnn,JODIE,WT,ViTeGNN,,10.08,vector_fig12,vector_geometry_digitization,Fig.12 bar:JODIE/WT/ViTeGNN,03631bb354c124578afb69b94bca09c584300e28db6692d3f08578ea1bbc7051,Digitized from the vector bar geometry using the plotted broken-axis calibration.
fig12_energy_tempgnn,JODIE,GT,ViTeGNN,,11.891,vector_fig12,vector_geometry_digitization,Fig.12 bar:JODIE/GT/ViTeGNN,03631bb354c124578afb69b94bca09c584300e28db6692d3f08578ea1bbc7051,Digitized from the vector bar geometry using the plotted broken-axis calibration.
fig12_energy_tempgnn,TGN,WK,ViTeGNN,,8.424,vector_fig12,vector_geometry_digitization,Fig.12 bar:TGN/WK/ViTeGNN,03631bb354c124578afb69b94bca09c584300e28db6692d3f08578ea1bbc7051,Digitized from the vector bar geometry using the plotted broken-axis calibration.
fig12_energy_tempgnn,TGN,MC,ViTeGNN,,8.188,vector_fig12,vector_geometry_digitization,Fig.12 bar:TGN/MC/ViTeGNN,03631bb354c124578afb69b94bca09c584300e28db6692d3f08578ea1bbc7051,Digitized from the vector bar geometry using the plotted broken-axis calibration.
fig12_energy_tempgnn,TGN,RT,ViTeGNN,,8.975,vector_fig12,vector_geometry_digitization,Fig.12 bar:TGN/RT/ViTeGNN,03631bb354c124578afb69b94bca09c584300e28db6692d3f08578ea1bbc7051,Digitized from the vector bar geometry using the plotted broken-axis calibration.
fig12_energy_tempgnn,TGN,LM,ViTeGNN,,11.182,vector_fig12,vector_geometry_digitization,Fig.12 bar:TGN/LM/ViTeGNN,03631bb354c124578afb69b94bca09c584300e28db6692d3f08578ea1bbc7051,Digitized from the vector bar geometry using the plotted broken-axis calibration.
fig12_energy_tempgnn,TGN,WT,ViTeGNN,,10.395,vector_fig12,vector_geometry_digitization,Fig.12 bar:TGN/WT/ViTeGNN,03631bb354c124578afb69b94bca09c584300e28db6692d3f08578ea1bbc7051,Digitized from the vector bar geometry using the plotted broken-axis calibration.
fig12_energy_tempgnn,TGN,GT,ViTeGNN,,12.205,vector_fig12,vector_geometry_digitization,Fig.12 bar:TGN/GT/ViTeGNN,03631bb354c124578afb69b94bca09c584300e28db6692d3f08578ea1bbc7051,Digitized from the vector bar geometry using the plotted broken-axis calibration.
fig12_energy_tempgnn,TGAT,WK,ViTeGNN,,5.432,vector_fig12,vector_geometry_digitization,Fig.12 bar:TGAT/WK/ViTeGNN,03631bb354c124578afb69b94bca09c584300e28db6692d3f08578ea1bbc7051,Digitized from the vector bar geometry using the plotted broken-axis calibration.
fig12_energy_tempgnn,TGAT,MC,ViTeGNN,,5.117,vector_fig12,vector_geometry_digitization,Fig.12 bar:TGAT/MC/ViTeGNN,03631bb354c124578afb69b94bca09c584300e28db6692d3f08578ea1bbc7051,Digitized from the vector bar geometry using the plotted broken-axis calibration.
fig12_energy_tempgnn,TGAT,RT,ViTeGNN,,5.669,vector_fig12,vector_geometry_digitization,Fig.12 bar:TGAT/RT/ViTeGNN,03631bb354c124578afb69b94bca09c584300e28db6692d3f08578ea1bbc7051,Digitized from the vector bar geometry using the plotted broken-axis calibration.
fig12_energy_tempgnn,TGAT,LM,ViTeGNN,,6.928,vector_fig12,vector_geometry_digitization,Fig.12 bar:TGAT/LM/ViTeGNN,03631bb354c124578afb69b94bca09c584300e28db6692d3f08578ea1bbc7051,Digitized from the vector bar geometry using the plotted broken-axis calibration.
fig12_energy_tempgnn,TGAT,WT,ViTeGNN,,6.377,vector_fig12,vector_geometry_digitization,Fig.12 bar:TGAT/WT/ViTeGNN,03631bb354c124578afb69b94bca09c584300e28db6692d3f08578ea1bbc7051,Digitized from the vector bar geometry using the plotted broken-axis calibration.
fig12_energy_tempgnn,TGAT,GT,ViTeGNN,,8.897,vector_fig12,vector_geometry_digitization,Fig.12 bar:TGAT/GT/ViTeGNN,03631bb354c124578afb69b94bca09c584300e28db6692d3f08578ea1bbc7051,Digitized from the vector bar geometry using the plotted broken-axis calibration.
fig12_energy_tempgnn,APAN,WK,ViTeGNN,,8.188,vector_fig12,vector_geometry_digitization,Fig.12 bar:APAN/WK/ViTeGNN,03631bb354c124578afb69b94bca09c584300e28db6692d3f08578ea1bbc7051,Digitized from the vector bar geometry using the plotted broken-axis calibration.
fig12_energy_tempgnn,APAN,MC,ViTeGNN,,8.03,vector_fig12,vector_geometry_digitization,Fig.12 bar:APAN/MC/ViTeGNN,03631bb354c124578afb69b94bca09c584300e28db6692d3f08578ea1bbc7051,Digitized from the vector bar geometry using the plotted broken-axis calibration.
fig12_energy_tempgnn,APAN,RT,ViTeGNN,,8.818,vector_fig12,vector_geometry_digitization,Fig.12 bar:APAN/RT/ViTeGNN,03631bb354c124578afb69b94bca09c584300e28db6692d3f08578ea1bbc7051,Digitized from the vector bar geometry using the plotted broken-axis calibration.
fig12_energy_tempgnn,APAN,LM,ViTeGNN,,11.024,vector_fig12,vector_geometry_digitization,Fig.12 bar:APAN/LM/ViTeGNN,03631bb354c124578afb69b94bca09c584300e28db6692d3f08578ea1bbc7051,Digitized from the vector bar geometry using the plotted broken-axis calibration.
fig12_energy_tempgnn,APAN,WT,ViTeGNN,,10.237,vector_fig12,vector_geometry_digitization,Fig.12 bar:APAN/WT/ViTeGNN,03631bb354c124578afb69b94bca09c584300e28db6692d3f08578ea1bbc7051,Digitized from the vector bar geometry using the plotted broken-axis calibration.
fig12_energy_tempgnn,APAN,GT,ViTeGNN,,11.969,vector_fig12,vector_geometry_digitization,Fig.12 bar:APAN/GT/ViTeGNN,03631bb354c124578afb69b94bca09c584300e28db6692d3f08578ea1bbc7051,Digitized from the vector bar geometry using the plotted broken-axis calibration.
fig12_energy_tempgnn,AVG,AVG,ViTeGNN,,8.897,vector_fig12,vector_geometry_digitization,Fig.12 AVG bar:ViTeGNN,03631bb354c124578afb69b94bca09c584300e28db6692d3f08578ea1bbc7051,"Digitized from the explicit AVG bar, not recomputed from rounded point values."
fig12_energy_tempgnn,JODIE,WK,RTGA,,5.905,vector_fig12,vector_geometry_digitization,Fig.12 bar:JODIE/WK/RTGA,03631bb354c124578afb69b94bca09c584300e28db6692d3f08578ea1bbc7051,Digitized from the vector bar geometry using the plotted broken-axis calibration.
fig12_energy_tempgnn,JODIE,MC,RTGA,,5.59,vector_fig12,vector_geometry_digitization,Fig.12 bar:JODIE/MC/RTGA,03631bb354c124578afb69b94bca09c584300e28db6692d3f08578ea1bbc7051,Digitized from the vector bar geometry using the plotted broken-axis calibration.
fig12_energy_tempgnn,JODIE,RT,RTGA,,6.299,vector_fig12,vector_geometry_digitization,Fig.12 bar:JODIE/RT/RTGA,03631bb354c124578afb69b94bca09c584300e28db6692d3f08578ea1bbc7051,Digitized from the vector bar geometry using the plotted broken-axis calibration.
fig12_energy_tempgnn,JODIE,LM,RTGA,,8.031,vector_fig12,vector_geometry_digitization,Fig.12 bar:JODIE/LM/RTGA,03631bb354c124578afb69b94bca09c584300e28db6692d3f08578ea1bbc7051,Digitized from the vector bar geometry using the plotted broken-axis calibration.
fig12_energy_tempgnn,JODIE,WT,RTGA,,7.401,vector_fig12,vector_geometry_digitization,Fig.12 bar:JODIE/WT/RTGA,03631bb354c124578afb69b94bca09c584300e28db6692d3f08578ea1bbc7051,Digitized from the vector bar geometry using the plotted broken-axis calibration.
fig12_energy_tempgnn,JODIE,GT,RTGA,,8.975,vector_fig12,vector_geometry_digitization,Fig.12 bar:JODIE/GT/RTGA,03631bb354c124578afb69b94bca09c584300e28db6692d3f08578ea1bbc7051,Digitized from the vector bar geometry using the plotted broken-axis calibration.
fig12_energy_tempgnn,TGN,WK,RTGA,,6.062,vector_fig12,vector_geometry_digitization,Fig.12 bar:TGN/WK/RTGA,03631bb354c124578afb69b94bca09c584300e28db6692d3f08578ea1bbc7051,Digitized from the vector bar geometry using the plotted broken-axis calibration.
fig12_energy_tempgnn,TGN,MC,RTGA,,5.826,vector_fig12,vector_geometry_digitization,Fig.12 bar:TGN/MC/RTGA,03631bb354c124578afb69b94bca09c584300e28db6692d3f08578ea1bbc7051,Digitized from the vector bar geometry using the plotted broken-axis calibration.
fig12_energy_tempgnn,TGN,RT,RTGA,,6.535,vector_fig12,vector_geometry_digitization,Fig.12 bar:TGN/RT/RTGA,03631bb354c124578afb69b94bca09c584300e28db6692d3f08578ea1bbc7051,Digitized from the vector bar geometry using the plotted broken-axis calibration.
fig12_energy_tempgnn,TGN,LM,RTGA,,8.188,vector_fig12,vector_geometry_digitization,Fig.12 bar:TGN/LM/RTGA,03631bb354c124578afb69b94bca09c584300e28db6692d3f08578ea1bbc7051,Digitized from the vector bar geometry using the plotted broken-axis calibration.
fig12_energy_tempgnn,TGN,WT,RTGA,,7.637,vector_fig12,vector_geometry_digitization,Fig.12 bar:TGN/WT/RTGA,03631bb354c124578afb69b94bca09c584300e28db6692d3f08578ea1bbc7051,Digitized from the vector bar geometry using the plotted broken-axis calibration.
fig12_energy_tempgnn,TGN,GT,RTGA,,9.212,vector_fig12,vector_geometry_digitization,Fig.12 bar:TGN/GT/RTGA,03631bb354c124578afb69b94bca09c584300e28db6692d3f08578ea1bbc7051,Digitized from the vector bar geometry using the plotted broken-axis calibration.
fig12_energy_tempgnn,TGAT,WK,RTGA,,4.015,vector_fig12,vector_geometry_digitization,Fig.12 bar:TGAT/WK/RTGA,03631bb354c124578afb69b94bca09c584300e28db6692d3f08578ea1bbc7051,Digitized from the vector bar geometry using the plotted broken-axis calibration.
fig12_energy_tempgnn,TGAT,MC,RTGA,,3.779,vector_fig12,vector_geometry_digitization,Fig.12 bar:TGAT/MC/RTGA,03631bb354c124578afb69b94bca09c584300e28db6692d3f08578ea1bbc7051,Digitized from the vector bar geometry using the plotted broken-axis calibration.
fig12_energy_tempgnn,TGAT,RT,RTGA,,4.33,vector_fig12,vector_geometry_digitization,Fig.12 bar:TGAT/RT/RTGA,03631bb354c124578afb69b94bca09c584300e28db6692d3f08578ea1bbc7051,Digitized from the vector bar geometry using the plotted broken-axis calibration.
fig12_energy_tempgnn,TGAT,LM,RTGA,,5.275,vector_fig12,vector_geometry_digitization,Fig.12 bar:TGAT/LM/RTGA,03631bb354c124578afb69b94bca09c584300e28db6692d3f08578ea1bbc7051,Digitized from the vector bar geometry using the plotted broken-axis calibration.
fig12_energy_tempgnn,TGAT,WT,RTGA,,4.724,vector_fig12,vector_geometry_digitization,Fig.12 bar:TGAT/WT/RTGA,03631bb354c124578afb69b94bca09c584300e28db6692d3f08578ea1bbc7051,Digitized from the vector bar geometry using the plotted broken-axis calibration.
fig12_energy_tempgnn,TGAT,GT,RTGA,,5.511,vector_fig12,vector_geometry_digitization,Fig.12 bar:TGAT/GT/RTGA,03631bb354c124578afb69b94bca09c584300e28db6692d3f08578ea1bbc7051,Digitized from the vector bar geometry using the plotted broken-axis calibration.
fig12_energy_tempgnn,APAN,WK,RTGA,,5.983,vector_fig12,vector_geometry_digitization,Fig.12 bar:APAN/WK/RTGA,03631bb354c124578afb69b94bca09c584300e28db6692d3f08578ea1bbc7051,Digitized from the vector bar geometry using the plotted broken-axis calibration.
fig12_energy_tempgnn,APAN,MC,RTGA,,5.669,vector_fig12,vector_geometry_digitization,Fig.12 bar:APAN/MC/RTGA,03631bb354c124578afb69b94bca09c584300e28db6692d3f08578ea1bbc7051,Digitized from the vector bar geometry using the plotted broken-axis calibration.
fig12_energy_tempgnn,APAN,RT,RTGA,,6.377,vector_fig12,vector_geometry_digitization,Fig.12 bar:APAN/RT/RTGA,03631bb354c124578afb69b94bca09c584300e28db6692d3f08578ea1bbc7051,Digitized from the vector bar geometry using the plotted broken-axis calibration.
fig12_energy_tempgnn,APAN,LM,RTGA,,8.109,vector_fig12,vector_geometry_digitization,Fig.12 bar:APAN/LM/RTGA,03631bb354c124578afb69b94bca09c584300e28db6692d3f08578ea1bbc7051,Digitized from the vector bar geometry using the plotted broken-axis calibration.
fig12_energy_tempgnn,APAN,WT,RTGA,,7.479,vector_fig12,vector_geometry_digitization,Fig.12 bar:APAN/WT/RTGA,03631bb354c124578afb69b94bca09c584300e28db6692d3f08578ea1bbc7051,Digitized from the vector bar geometry using the plotted broken-axis calibration.
fig12_energy_tempgnn,APAN,GT,RTGA,,9.133,vector_fig12,vector_geometry_digitization,Fig.12 bar:APAN/GT/RTGA,03631bb354c124578afb69b94bca09c584300e28db6692d3f08578ea1bbc7051,Digitized from the vector bar geometry using the plotted broken-axis calibration.
fig12_energy_tempgnn,AVG,AVG,RTGA,,6.535,vector_fig12,vector_geometry_digitization,Fig.12 AVG bar:RTGA,03631bb354c124578afb69b94bca09c584300e28db6692d3f08578ea1bbc7051,"Digitized from the explicit AVG bar, not recomputed from rounded point values."
fig12_energy_tempgnn,JODIE,WK,TempGNN,,1.0,vector_fig12,vector_geometry_digitization,Fig.12 bar:JODIE/WK/TempGNN,03631bb354c124578afb69b94bca09c584300e28db6692d3f08578ea1bbc7051,Digitized from the vector bar geometry using the plotted broken-axis calibration.
fig12_energy_tempgnn,JODIE,MC,TempGNN,,1.0,vector_fig12,vector_geometry_digitization,Fig.12 bar:JODIE/MC/TempGNN,03631bb354c124578afb69b94bca09c584300e28db6692d3f08578ea1bbc7051,Digitized from the vector bar geometry using the plotted broken-axis calibration.
fig12_energy_tempgnn,JODIE,RT,TempGNN,,1.0,vector_fig12,vector_geometry_digitization,Fig.12 bar:JODIE/RT/TempGNN,03631bb354c124578afb69b94bca09c584300e28db6692d3f08578ea1bbc7051,Digitized from the vector bar geometry using the plotted broken-axis calibration.
fig12_energy_tempgnn,JODIE,LM,TempGNN,,1.0,vector_fig12,vector_geometry_digitization,Fig.12 bar:JODIE/LM/TempGNN,03631bb354c124578afb69b94bca09c584300e28db6692d3f08578ea1bbc7051,Digitized from the vector bar geometry using the plotted broken-axis calibration.
fig12_energy_tempgnn,JODIE,WT,TempGNN,,1.0,vector_fig12,vector_geometry_digitization,Fig.12 bar:JODIE/WT/TempGNN,03631bb354c124578afb69b94bca09c584300e28db6692d3f08578ea1bbc7051,Digitized from the vector bar geometry using the plotted broken-axis calibration.
fig12_energy_tempgnn,JODIE,GT,TempGNN,,1.0,vector_fig12,vector_geometry_digitization,Fig.12 bar:JODIE/GT/TempGNN,03631bb354c124578afb69b94bca09c584300e28db6692d3f08578ea1bbc7051,Digitized from the vector bar geometry using the plotted broken-axis calibration.
fig12_energy_tempgnn,TGN,WK,TempGNN,,1.0,vector_fig12,vector_geometry_digitization,Fig.12 bar:TGN/WK/TempGNN,03631bb354c124578afb69b94bca09c584300e28db6692d3f08578ea1bbc7051,Digitized from the vector bar geometry using the plotted broken-axis calibration.
fig12_energy_tempgnn,TGN,MC,TempGNN,,1.0,vector_fig12,vector_geometry_digitization,Fig.12 bar:TGN/MC/TempGNN,03631bb354c124578afb69b94bca09c584300e28db6692d3f08578ea1bbc7051,Digitized from the vector bar geometry using the plotted broken-axis calibration.
fig12_energy_tempgnn,TGN,RT,TempGNN,,1.0,vector_fig12,vector_geometry_digitization,Fig.12 bar:TGN/RT/TempGNN,03631bb354c124578afb69b94bca09c584300e28db6692d3f08578ea1bbc7051,Digitized from the vector bar geometry using the plotted broken-axis calibration.
fig12_energy_tempgnn,TGN,LM,TempGNN,,1.0,vector_fig12,vector_geometry_digitization,Fig.12 bar:TGN/LM/TempGNN,03631bb354c124578afb69b94bca09c584300e28db6692d3f08578ea1bbc7051,Digitized from the vector bar geometry using the plotted broken-axis calibration.
fig12_energy_tempgnn,TGN,WT,TempGNN,,1.0,vector_fig12,vector_geometry_digitization,Fig.12 bar:TGN/WT/TempGNN,03631bb354c124578afb69b94bca09c584300e28db6692d3f08578ea1bbc7051,Digitized from the vector bar geometry using the plotted broken-axis calibration.
fig12_energy_tempgnn,TGN,GT,TempGNN,,1.0,vector_fig12,vector_geometry_digitization,Fig.12 bar:TGN/GT/TempGNN,03631bb354c124578afb69b94bca09c584300e28db6692d3f08578ea1bbc7051,Digitized from the vector bar geometry using the plotted broken-axis calibration.
fig12_energy_tempgnn,TGAT,WK,TempGNN,,1.0,vector_fig12,vector_geometry_digitization,Fig.12 bar:TGAT/WK/TempGNN,03631bb354c124578afb69b94bca09c584300e28db6692d3f08578ea1bbc7051,Digitized from the vector bar geometry using the plotted broken-axis calibration.
fig12_energy_tempgnn,TGAT,MC,TempGNN,,1.0,vector_fig12,vector_geometry_digitization,Fig.12 bar:TGAT/MC/TempGNN,03631bb354c124578afb69b94bca09c584300e28db6692d3f08578ea1bbc7051,Digitized from the vector bar geometry using the plotted broken-axis calibration.
fig12_energy_tempgnn,TGAT,RT,TempGNN,,1.0,vector_fig12,vector_geometry_digitization,Fig.12 bar:TGAT/RT/TempGNN,03631bb354c124578afb69b94bca09c584300e28db6692d3f08578ea1bbc7051,Digitized from the vector bar geometry using the plotted broken-axis calibration.
fig12_energy_tempgnn,TGAT,LM,TempGNN,,1.0,vector_fig12,vector_geometry_digitization,Fig.12 bar:TGAT/LM/TempGNN,03631bb354c124578afb69b94bca09c584300e28db6692d3f08578ea1bbc7051,Digitized from the vector bar geometry using the plotted broken-axis calibration.
fig12_energy_tempgnn,TGAT,WT,TempGNN,,1.0,vector_fig12,vector_geometry_digitization,Fig.12 bar:TGAT/WT/TempGNN,03631bb354c124578afb69b94bca09c584300e28db6692d3f08578ea1bbc7051,Digitized from the vector bar geometry using the plotted broken-axis calibration.
fig12_energy_tempgnn,TGAT,GT,TempGNN,,1.0,vector_fig12,vector_geometry_digitization,Fig.12 bar:TGAT/GT/TempGNN,03631bb354c124578afb69b94bca09c584300e28db6692d3f08578ea1bbc7051,Digitized from the vector bar geometry using the plotted broken-axis calibration.
fig12_energy_tempgnn,APAN,WK,TempGNN,,1.0,vector_fig12,vector_geometry_digitization,Fig.12 bar:APAN/WK/TempGNN,03631bb354c124578afb69b94bca09c584300e28db6692d3f08578ea1bbc7051,Digitized from the vector bar geometry using the plotted broken-axis calibration.
fig12_energy_tempgnn,APAN,MC,TempGNN,,1.0,vector_fig12,vector_geometry_digitization,Fig.12 bar:APAN/MC/TempGNN,03631bb354c124578afb69b94bca09c584300e28db6692d3f08578ea1bbc7051,Digitized from the vector bar geometry using the plotted broken-axis calibration.
fig12_energy_tempgnn,APAN,RT,TempGNN,,1.0,vector_fig12,vector_geometry_digitization,Fig.12 bar:APAN/RT/TempGNN,03631bb354c124578afb69b94bca09c584300e28db6692d3f08578ea1bbc7051,Digitized from the vector bar geometry using the plotted broken-axis calibration.
fig12_energy_tempgnn,APAN,LM,TempGNN,,1.0,vector_fig12,vector_geometry_digitization,Fig.12 bar:APAN/LM/TempGNN,03631bb354c124578afb69b94bca09c584300e28db6692d3f08578ea1bbc7051,Digitized from the vector bar geometry using the plotted broken-axis calibration.
fig12_energy_tempgnn,APAN,WT,TempGNN,,1.0,vector_fig12,vector_geometry_digitization,Fig.12 bar:APAN/WT/TempGNN,03631bb354c124578afb69b94bca09c584300e28db6692d3f08578ea1bbc7051,Digitized from the vector bar geometry using the plotted broken-axis calibration.
fig12_energy_tempgnn,APAN,GT,TempGNN,,1.0,vector_fig12,vector_geometry_digitization,Fig.12 bar:APAN/GT/TempGNN,03631bb354c124578afb69b94bca09c584300e28db6692d3f08578ea1bbc7051,Digitized from the vector bar geometry using the plotted broken-axis calibration.
fig12_energy_tempgnn,AVG,AVG,TempGNN,,1.0,vector_fig12,vector_geometry_digitization,Fig.12 AVG bar:TempGNN,03631bb354c124578afb69b94bca09c584300e28db6692d3f08578ea1bbc7051,"Digitized from the explicit AVG bar, not recomputed from rounded point values."
fig13_ablation_time,JODIE,WK,TempGNN,,1.0,workbook_b,exact_workbook_value,Sheet1!J31,fb9c95a3e356b9e2c601c612941d7e66ee9c3fa7d1b92392c77ac57fa3d768cf,Exact workbook value; workbook label WO/OASC is normalized to the paper label WO/OATS.
fig13_ablation_time,JODIE,WK,WO/DDTC,,3.1,workbook_b,exact_workbook_value,Sheet1!K31,fb9c95a3e356b9e2c601c612941d7e66ee9c3fa7d1b92392c77ac57fa3d768cf,Exact workbook value; workbook label WO/OASC is normalized to the paper label WO/OATS.
fig13_ablation_time,JODIE,WK,WO/OATS,,1.75,workbook_b,exact_workbook_value,Sheet1!L31,fb9c95a3e356b9e2c601c612941d7e66ee9c3fa7d1b92392c77ac57fa3d768cf,Exact workbook value; workbook label WO/OASC is normalized to the paper label WO/OATS.
fig13_ablation_time,JODIE,MC,TempGNN,,1.0,workbook_b,exact_workbook_value,Sheet1!J32,fb9c95a3e356b9e2c601c612941d7e66ee9c3fa7d1b92392c77ac57fa3d768cf,Exact workbook value; workbook label WO/OASC is normalized to the paper label WO/OATS.
fig13_ablation_time,JODIE,MC,WO/DDTC,,2.95,workbook_b,exact_workbook_value,Sheet1!K32,fb9c95a3e356b9e2c601c612941d7e66ee9c3fa7d1b92392c77ac57fa3d768cf,Exact workbook value; workbook label WO/OASC is normalized to the paper label WO/OATS.
fig13_ablation_time,JODIE,MC,WO/OATS,,1.68,workbook_b,exact_workbook_value,Sheet1!L32,fb9c95a3e356b9e2c601c612941d7e66ee9c3fa7d1b92392c77ac57fa3d768cf,Exact workbook value; workbook label WO/OASC is normalized to the paper label WO/OATS.
fig13_ablation_time,JODIE,RT,TempGNN,,1.0,workbook_b,exact_workbook_value,Sheet1!J33,fb9c95a3e356b9e2c601c612941d7e66ee9c3fa7d1b92392c77ac57fa3d768cf,Exact workbook value; workbook label WO/OASC is normalized to the paper label WO/OATS.
fig13_ablation_time,JODIE,RT,WO/DDTC,,3.25,workbook_b,exact_workbook_value,Sheet1!K33,fb9c95a3e356b9e2c601c612941d7e66ee9c3fa7d1b92392c77ac57fa3d768cf,Exact workbook value; workbook label WO/OASC is normalized to the paper label WO/OATS.
fig13_ablation_time,JODIE,RT,WO/OATS,,1.82,workbook_b,exact_workbook_value,Sheet1!L33,fb9c95a3e356b9e2c601c612941d7e66ee9c3fa7d1b92392c77ac57fa3d768cf,Exact workbook value; workbook label WO/OASC is normalized to the paper label WO/OATS.
fig13_ablation_time,JODIE,LM,TempGNN,,1.0,workbook_b,exact_workbook_value,Sheet1!J34,fb9c95a3e356b9e2c601c612941d7e66ee9c3fa7d1b92392c77ac57fa3d768cf,Exact workbook value; workbook label WO/OASC is normalized to the paper label WO/OATS.
fig13_ablation_time,JODIE,LM,WO/DDTC,,2.65,workbook_b,exact_workbook_value,Sheet1!K34,fb9c95a3e356b9e2c601c612941d7e66ee9c3fa7d1b92392c77ac57fa3d768cf,Exact workbook value; workbook label WO/OASC is normalized to the paper label WO/OATS.
fig13_ablation_time,JODIE,LM,WO/OATS,,1.55,workbook_b,exact_workbook_value,Sheet1!L34,fb9c95a3e356b9e2c601c612941d7e66ee9c3fa7d1b92392c77ac57fa3d768cf,Exact workbook value; workbook label WO/OASC is normalized to the paper label WO/OATS.
fig13_ablation_time,JODIE,WT,TempGNN,,1.0,workbook_b,exact_workbook_value,Sheet1!J35,fb9c95a3e356b9e2c601c612941d7e66ee9c3fa7d1b92392c77ac57fa3d768cf,Exact workbook value; workbook label WO/OASC is normalized to the paper label WO/OATS.
fig13_ablation_time,JODIE,WT,WO/DDTC,,3.65,workbook_b,exact_workbook_value,Sheet1!K35,fb9c95a3e356b9e2c601c612941d7e66ee9c3fa7d1b92392c77ac57fa3d768cf,Exact workbook value; workbook label WO/OASC is normalized to the paper label WO/OATS.
fig13_ablation_time,JODIE,WT,WO/OATS,,1.95,workbook_b,exact_workbook_value,Sheet1!L35,fb9c95a3e356b9e2c601c612941d7e66ee9c3fa7d1b92392c77ac57fa3d768cf,Exact workbook value; workbook label WO/OASC is normalized to the paper label WO/OATS.
fig13_ablation_time,JODIE,GT,TempGNN,,1.0,workbook_b,exact_workbook_value,Sheet1!J36,fb9c95a3e356b9e2c601c612941d7e66ee9c3fa7d1b92392c77ac57fa3d768cf,Exact workbook value; workbook label WO/OASC is normalized to the paper label WO/OATS.
fig13_ablation_time,JODIE,GT,WO/DDTC,,4.25,workbook_b,exact_workbook_value,Sheet1!K36,fb9c95a3e356b9e2c601c612941d7e66ee9c3fa7d1b92392c77ac57fa3d768cf,Exact workbook value; workbook label WO/OASC is normalized to the paper label WO/OATS.
fig13_ablation_time,JODIE,GT,WO/OATS,,2.45,workbook_b,exact_workbook_value,Sheet1!L36,fb9c95a3e356b9e2c601c612941d7e66ee9c3fa7d1b92392c77ac57fa3d768cf,Exact workbook value; workbook label WO/OASC is normalized to the paper label WO/OATS.
fig13_ablation_time,TGN,WK,TempGNN,,1.0,workbook_b,exact_workbook_value,Sheet1!J37,fb9c95a3e356b9e2c601c612941d7e66ee9c3fa7d1b92392c77ac57fa3d768cf,Exact workbook value; workbook label WO/OASC is normalized to the paper label WO/OATS.
fig13_ablation_time,TGN,WK,WO/DDTC,,3.2,workbook_b,exact_workbook_value,Sheet1!K37,fb9c95a3e356b9e2c601c612941d7e66ee9c3fa7d1b92392c77ac57fa3d768cf,Exact workbook value; workbook label WO/OASC is normalized to the paper label WO/OATS.
fig13_ablation_time,TGN,WK,WO/OATS,,1.8,workbook_b,exact_workbook_value,Sheet1!L37,fb9c95a3e356b9e2c601c612941d7e66ee9c3fa7d1b92392c77ac57fa3d768cf,Exact workbook value; workbook label WO/OASC is normalized to the paper label WO/OATS.
fig13_ablation_time,TGN,MC,TempGNN,,1.0,workbook_b,exact_workbook_value,Sheet1!J38,fb9c95a3e356b9e2c601c612941d7e66ee9c3fa7d1b92392c77ac57fa3d768cf,Exact workbook value; workbook label WO/OASC is normalized to the paper label WO/OATS.
fig13_ablation_time,TGN,MC,WO/DDTC,,3.05,workbook_b,exact_workbook_value,Sheet1!K38,fb9c95a3e356b9e2c601c612941d7e66ee9c3fa7d1b92392c77ac57fa3d768cf,Exact workbook value; workbook label WO/OASC is normalized to the paper label WO/OATS.
fig13_ablation_time,TGN,MC,WO/OATS,,1.75,workbook_b,exact_workbook_value,Sheet1!L38,fb9c95a3e356b9e2c601c612941d7e66ee9c3fa7d1b92392c77ac57fa3d768cf,Exact workbook value; workbook label WO/OASC is normalized to the paper label WO/OATS.
fig13_ablation_time,TGN,RT,TempGNN,,1.0,workbook_b,exact_workbook_value,Sheet1!J39,fb9c95a3e356b9e2c601c612941d7e66ee9c3fa7d1b92392c77ac57fa3d768cf,Exact workbook value; workbook label WO/OASC is normalized to the paper label WO/OATS.
fig13_ablation_time,TGN,RT,WO/DDTC,,3.35,workbook_b,exact_workbook_value,Sheet1!K39,fb9c95a3e356b9e2c601c612941d7e66ee9c3fa7d1b92392c77ac57fa3d768cf,Exact workbook value; workbook label WO/OASC is normalized to the paper label WO/OATS.
fig13_ablation_time,TGN,RT,WO/OATS,,1.88,workbook_b,exact_workbook_value,Sheet1!L39,fb9c95a3e356b9e2c601c612941d7e66ee9c3fa7d1b92392c77ac57fa3d768cf,Exact workbook value; workbook label WO/OASC is normalized to the paper label WO/OATS.
fig13_ablation_time,TGN,LM,TempGNN,,1.0,workbook_b,exact_workbook_value,Sheet1!J40,fb9c95a3e356b9e2c601c612941d7e66ee9c3fa7d1b92392c77ac57fa3d768cf,Exact workbook value; workbook label WO/OASC is normalized to the paper label WO/OATS.
fig13_ablation_time,TGN,LM,WO/DDTC,,2.75,workbook_b,exact_workbook_value,Sheet1!K40,fb9c95a3e356b9e2c601c612941d7e66ee9c3fa7d1b92392c77ac57fa3d768cf,Exact workbook value; workbook label WO/OASC is normalized to the paper label WO/OATS.
fig13_ablation_time,TGN,LM,WO/OATS,,1.62,workbook_b,exact_workbook_value,Sheet1!L40,fb9c95a3e356b9e2c601c612941d7e66ee9c3fa7d1b92392c77ac57fa3d768cf,Exact workbook value; workbook label WO/OASC is normalized to the paper label WO/OATS.
fig13_ablation_time,TGN,WT,TempGNN,,1.0,workbook_b,exact_workbook_value,Sheet1!J41,fb9c95a3e356b9e2c601c612941d7e66ee9c3fa7d1b92392c77ac57fa3d768cf,Exact workbook value; workbook label WO/OASC is normalized to the paper label WO/OATS.
fig13_ablation_time,TGN,WT,WO/DDTC,,3.85,workbook_b,exact_workbook_value,Sheet1!K41,fb9c95a3e356b9e2c601c612941d7e66ee9c3fa7d1b92392c77ac57fa3d768cf,Exact workbook value; workbook label WO/OASC is normalized to the paper label WO/OATS.
fig13_ablation_time,TGN,WT,WO/OATS,,2.05,workbook_b,exact_workbook_value,Sheet1!L41,fb9c95a3e356b9e2c601c612941d7e66ee9c3fa7d1b92392c77ac57fa3d768cf,Exact workbook value; workbook label WO/OASC is normalized to the paper label WO/OATS.
fig13_ablation_time,TGN,GT,TempGNN,,1.0,workbook_b,exact_workbook_value,Sheet1!J42,fb9c95a3e356b9e2c601c612941d7e66ee9c3fa7d1b92392c77ac57fa3d768cf,Exact workbook value; workbook label WO/OASC is normalized to the paper label WO/OATS.
fig13_ablation_time,TGN,GT,WO/DDTC,,4.45,workbook_b,exact_workbook_value,Sheet1!K42,fb9c95a3e356b9e2c601c612941d7e66ee9c3fa7d1b92392c77ac57fa3d768cf,Exact workbook value; workbook label WO/OASC is normalized to the paper label WO/OATS.
fig13_ablation_time,TGN,GT,WO/OATS,,2.55,workbook_b,exact_workbook_value,Sheet1!L42,fb9c95a3e356b9e2c601c612941d7e66ee9c3fa7d1b92392c77ac57fa3d768cf,Exact workbook value; workbook label WO/OASC is normalized to the paper label WO/OATS.
fig13_ablation_time,TGAT,WK,TempGNN,,1.0,workbook_b,exact_workbook_value,Sheet1!J43,fb9c95a3e356b9e2c601c612941d7e66ee9c3fa7d1b92392c77ac57fa3d768cf,Exact workbook value; workbook label WO/OASC is normalized to the paper label WO/OATS.
fig13_ablation_time,TGAT,WK,WO/DDTC,,2.15,workbook_b,exact_workbook_value,Sheet1!K43,fb9c95a3e356b9e2c601c612941d7e66ee9c3fa7d1b92392c77ac57fa3d768cf,Exact workbook value; workbook label WO/OASC is normalized to the paper label WO/OATS.
fig13_ablation_time,TGAT,WK,WO/OATS,,1.12,workbook_b,exact_workbook_value,Sheet1!L43,fb9c95a3e356b9e2c601c612941d7e66ee9c3fa7d1b92392c77ac57fa3d768cf,Exact workbook value; workbook label WO/OASC is normalized to the paper label WO/OATS.
fig13_ablation_time,TGAT,MC,TempGNN,,1.0,workbook_b,exact_workbook_value,Sheet1!J44,fb9c95a3e356b9e2c601c612941d7e66ee9c3fa7d1b92392c77ac57fa3d768cf,Exact workbook value; workbook label WO/OASC is normalized to the paper label WO/OATS.
fig13_ablation_time,TGAT,MC,WO/DDTC,,2.05,workbook_b,exact_workbook_value,Sheet1!K44,fb9c95a3e356b9e2c601c612941d7e66ee9c3fa7d1b92392c77ac57fa3d768cf,Exact workbook value; workbook label WO/OASC is normalized to the paper label WO/OATS.
fig13_ablation_time,TGAT,MC,WO/OATS,,1.08,workbook_b,exact_workbook_value,Sheet1!L44,fb9c95a3e356b9e2c601c612941d7e66ee9c3fa7d1b92392c77ac57fa3d768cf,Exact workbook value; workbook label WO/OASC is normalized to the paper label WO/OATS.
fig13_ablation_time,TGAT,RT,TempGNN,,1.0,workbook_b,exact_workbook_value,Sheet1!J45,fb9c95a3e356b9e2c601c612941d7e66ee9c3fa7d1b92392c77ac57fa3d768cf,Exact workbook value; workbook label WO/OASC is normalized to the paper label WO/OATS.
fig13_ablation_time,TGAT,RT,WO/DDTC,,2.25,workbook_b,exact_workbook_value,Sheet1!K45,fb9c95a3e356b9e2c601c612941d7e66ee9c3fa7d1b92392c77ac57fa3d768cf,Exact workbook value; workbook label WO/OASC is normalized to the paper label WO/OATS.
fig13_ablation_time,TGAT,RT,WO/OATS,,1.15,workbook_b,exact_workbook_value,Sheet1!L45,fb9c95a3e356b9e2c601c612941d7e66ee9c3fa7d1b92392c77ac57fa3d768cf,Exact workbook value; workbook label WO/OASC is normalized to the paper label WO/OATS.
fig13_ablation_time,TGAT,LM,TempGNN,,1.0,workbook_b,exact_workbook_value,Sheet1!J46,fb9c95a3e356b9e2c601c612941d7e66ee9c3fa7d1b92392c77ac57fa3d768cf,Exact workbook value; workbook label WO/OASC is normalized to the paper label WO/OATS.
fig13_ablation_time,TGAT,LM,WO/DDTC,,1.85,workbook_b,exact_workbook_value,Sheet1!K46,fb9c95a3e356b9e2c601c612941d7e66ee9c3fa7d1b92392c77ac57fa3d768cf,Exact workbook value; workbook label WO/OASC is normalized to the paper label WO/OATS.
fig13_ablation_time,TGAT,LM,WO/OATS,,1.05,workbook_b,exact_workbook_value,Sheet1!L46,fb9c95a3e356b9e2c601c612941d7e66ee9c3fa7d1b92392c77ac57fa3d768cf,Exact workbook value; workbook label WO/OASC is normalized to the paper label WO/OATS.
fig13_ablation_time,TGAT,WT,TempGNN,,1.0,workbook_b,exact_workbook_value,Sheet1!J47,fb9c95a3e356b9e2c601c612941d7e66ee9c3fa7d1b92392c77ac57fa3d768cf,Exact workbook value; workbook label WO/OASC is normalized to the paper label WO/OATS.
fig13_ablation_time,TGAT,WT,WO/DDTC,,2.45,workbook_b,exact_workbook_value,Sheet1!K47,fb9c95a3e356b9e2c601c612941d7e66ee9c3fa7d1b92392c77ac57fa3d768cf,Exact workbook value; workbook label WO/OASC is normalized to the paper label WO/OATS.
fig13_ablation_time,TGAT,WT,WO/OATS,,1.18,workbook_b,exact_workbook_value,Sheet1!L47,fb9c95a3e356b9e2c601c612941d7e66ee9c3fa7d1b92392c77ac57fa3d768cf,Exact workbook value; workbook label WO/OASC is normalized to the paper label WO/OATS.
fig13_ablation_time,TGAT,GT,TempGNN,,1.0,workbook_b,exact_workbook_value,Sheet1!J48,fb9c95a3e356b9e2c601c612941d7e66ee9c3fa7d1b92392c77ac57fa3d768cf,Exact workbook value; workbook label WO/OASC is normalized to the paper label WO/OATS.
fig13_ablation_time,TGAT,GT,WO/DDTC,,2.65,workbook_b,exact_workbook_value,Sheet1!K48,fb9c95a3e356b9e2c601c612941d7e66ee9c3fa7d1b92392c77ac57fa3d768cf,Exact workbook value; workbook label WO/OASC is normalized to the paper label WO/OATS.
fig13_ablation_time,TGAT,GT,WO/OATS,,1.25,workbook_b,exact_workbook_value,Sheet1!L48,fb9c95a3e356b9e2c601c612941d7e66ee9c3fa7d1b92392c77ac57fa3d768cf,Exact workbook value; workbook label WO/OASC is normalized to the paper label WO/OATS.
fig13_ablation_time,APAN,WK,TempGNN,,1.0,workbook_b,exact_workbook_value,Sheet1!J49,fb9c95a3e356b9e2c601c612941d7e66ee9c3fa7d1b92392c77ac57fa3d768cf,Exact workbook value; workbook label WO/OASC is normalized to the paper label WO/OATS.
fig13_ablation_time,APAN,WK,WO/DDTC,,3.25,workbook_b,exact_workbook_value,Sheet1!K49,fb9c95a3e356b9e2c601c612941d7e66ee9c3fa7d1b92392c77ac57fa3d768cf,Exact workbook value; workbook label WO/OASC is normalized to the paper label WO/OATS.
fig13_ablation_time,APAN,WK,WO/OATS,,1.85,workbook_b,exact_workbook_value,Sheet1!L49,fb9c95a3e356b9e2c601c612941d7e66ee9c3fa7d1b92392c77ac57fa3d768cf,Exact workbook value; workbook label WO/OASC is normalized to the paper label WO/OATS.
fig13_ablation_time,APAN,MC,TempGNN,,1.0,workbook_b,exact_workbook_value,Sheet1!J50,fb9c95a3e356b9e2c601c612941d7e66ee9c3fa7d1b92392c77ac57fa3d768cf,Exact workbook value; workbook label WO/OASC is normalized to the paper label WO/OATS.
fig13_ablation_time,APAN,MC,WO/DDTC,,3.12,workbook_b,exact_workbook_value,Sheet1!K50,fb9c95a3e356b9e2c601c612941d7e66ee9c3fa7d1b92392c77ac57fa3d768cf,Exact workbook value; workbook label WO/OASC is normalized to the paper label WO/OATS.
fig13_ablation_time,APAN,MC,WO/OATS,,1.78,workbook_b,exact_workbook_value,Sheet1!L50,fb9c95a3e356b9e2c601c612941d7e66ee9c3fa7d1b92392c77ac57fa3d768cf,Exact workbook value; workbook label WO/OASC is normalized to the paper label WO/OATS.
fig13_ablation_time,APAN,RT,TempGNN,,1.0,workbook_b,exact_workbook_value,Sheet1!J51,fb9c95a3e356b9e2c601c612941d7e66ee9c3fa7d1b92392c77ac57fa3d768cf,Exact workbook value; workbook label WO/OASC is normalized to the paper label WO/OATS.
fig13_ablation_time,APAN,RT,WO/DDTC,,3.42,workbook_b,exact_workbook_value,Sheet1!K51,fb9c95a3e356b9e2c601c612941d7e66ee9c3fa7d1b92392c77ac57fa3d768cf,Exact workbook value; workbook label WO/OASC is normalized to the paper label WO/OATS.
fig13_ablation_time,APAN,RT,WO/OATS,,1.92,workbook_b,exact_workbook_value,Sheet1!L51,fb9c95a3e356b9e2c601c612941d7e66ee9c3fa7d1b92392c77ac57fa3d768cf,Exact workbook value; workbook label WO/OASC is normalized to the paper label WO/OATS.
fig13_ablation_time,APAN,LM,TempGNN,,1.0,workbook_b,exact_workbook_value,Sheet1!J52,fb9c95a3e356b9e2c601c612941d7e66ee9c3fa7d1b92392c77ac57fa3d768cf,Exact workbook value; workbook label WO/OASC is normalized to the paper label WO/OATS.
fig13_ablation_time,APAN,LM,WO/DDTC,,2.82,workbook_b,exact_workbook_value,Sheet1!K52,fb9c95a3e356b9e2c601c612941d7e66ee9c3fa7d1b92392c77ac57fa3d768cf,Exact workbook value; workbook label WO/OASC is normalized to the paper label WO/OATS.
fig13_ablation_time,APAN,LM,WO/OATS,,1.65,workbook_b,exact_workbook_value,Sheet1!L52,fb9c95a3e356b9e2c601c612941d7e66ee9c3fa7d1b92392c77ac57fa3d768cf,Exact workbook value; workbook label WO/OASC is normalized to the paper label WO/OATS.
fig13_ablation_time,APAN,WT,TempGNN,,1.0,workbook_b,exact_workbook_value,Sheet1!J53,fb9c95a3e356b9e2c601c612941d7e66ee9c3fa7d1b92392c77ac57fa3d768cf,Exact workbook value; workbook label WO/OASC is normalized to the paper label WO/OATS.
fig13_ablation_time,APAN,WT,WO/DDTC,,3.95,workbook_b,exact_workbook_value,Sheet1!K53,fb9c95a3e356b9e2c601c612941d7e66ee9c3fa7d1b92392c77ac57fa3d768cf,Exact workbook value; workbook label WO/OASC is normalized to the paper label WO/OATS.
fig13_ablation_time,APAN,WT,WO/OATS,,2.12,workbook_b,exact_workbook_value,Sheet1!L53,fb9c95a3e356b9e2c601c612941d7e66ee9c3fa7d1b92392c77ac57fa3d768cf,Exact workbook value; workbook label WO/OASC is normalized to the paper label WO/OATS.
fig13_ablation_time,APAN,GT,TempGNN,,1.0,workbook_b,exact_workbook_value,Sheet1!J54,fb9c95a3e356b9e2c601c612941d7e66ee9c3fa7d1b92392c77ac57fa3d768cf,Exact workbook value; workbook label WO/OASC is normalized to the paper label WO/OATS.
fig13_ablation_time,APAN,GT,WO/DDTC,,4.55,workbook_b,exact_workbook_value,Sheet1!K54,fb9c95a3e356b9e2c601c612941d7e66ee9c3fa7d1b92392c77ac57fa3d768cf,Exact workbook value; workbook label WO/OASC is normalized to the paper label WO/OATS.
fig13_ablation_time,APAN,GT,WO/OATS,,2.65,workbook_b,exact_workbook_value,Sheet1!L54,fb9c95a3e356b9e2c601c612941d7e66ee9c3fa7d1b92392c77ac57fa3d768cf,Exact workbook value; workbook label WO/OASC is normalized to the paper label WO/OATS.
fig13_ablation_time,AVG,AVG,TempGNN,,1.0,workbook_b,exact_workbook_value,Sheet1!J55,fb9c95a3e356b9e2c601c612941d7e66ee9c3fa7d1b92392c77ac57fa3d768cf,Explicit average cell from the author plotting workbook.
fig13_ablation_time,AVG,AVG,WO/DDTC,,3.08,workbook_b,exact_workbook_value,Sheet1!K55,fb9c95a3e356b9e2c601c612941d7e66ee9c3fa7d1b92392c77ac57fa3d768cf,Explicit average cell from the author plotting workbook.
fig13_ablation_time,AVG,AVG,WO/OATS,,1.77,workbook_b,exact_workbook_value,Sheet1!L55,fb9c95a3e356b9e2c601c612941d7e66ee9c3fa7d1b92392c77ac57fa3d768cf,Explicit average cell from the author plotting workbook.
fig14a_batch_sensitivity,ALL,AVG,MATG,400,1.0,vector_fig14,vector_geometry_digitization,Fig.14(a) marker:MATG/400,7899270127476690fd8215bb6c8a7fc329563deca39c9a447654f1c5d9018d70,Digitized from the vector line-marker geometry; expected uncertainty is about +/-0.002.
fig14a_batch_sensitivity,ALL,AVG,MATG,600,0.9201,vector_fig14,vector_geometry_digitization,Fig.14(a) marker:MATG/600,7899270127476690fd8215bb6c8a7fc329563deca39c9a447654f1c5d9018d70,Digitized from the vector line-marker geometry; expected uncertainty is about +/-0.002.
fig14a_batch_sensitivity,ALL,AVG,MATG,800,0.865,vector_fig14,vector_geometry_digitization,Fig.14(a) marker:MATG/800,7899270127476690fd8215bb6c8a7fc329563deca39c9a447654f1c5d9018d70,Digitized from the vector line-marker geometry; expected uncertainty is about +/-0.002.
fig14a_batch_sensitivity,ALL,AVG,MATG,1000,0.82,vector_fig14,vector_geometry_digitization,Fig.14(a) marker:MATG/1000,7899270127476690fd8215bb6c8a7fc329563deca39c9a447654f1c5d9018d70,Digitized from the vector line-marker geometry; expected uncertainty is about +/-0.002.
fig14a_batch_sensitivity,ALL,AVG,MATG,1200,0.7952,vector_fig14,vector_geometry_digitization,Fig.14(a) marker:MATG/1200,7899270127476690fd8215bb6c8a7fc329563deca39c9a447654f1c5d9018d70,Digitized from the vector line-marker geometry; expected uncertainty is about +/-0.002.
fig14a_batch_sensitivity,ALL,AVG,ViTeGNN,400,0.7801,vector_fig14,vector_geometry_digitization,Fig.14(a) marker:ViTeGNN/400,7899270127476690fd8215bb6c8a7fc329563deca39c9a447654f1c5d9018d70,Digitized from the vector line-marker geometry; expected uncertainty is about +/-0.002.
fig14a_batch_sensitivity,ALL,AVG,ViTeGNN,600,0.685,vector_fig14,vector_geometry_digitization,Fig.14(a) marker:ViTeGNN/600,7899270127476690fd8215bb6c8a7fc329563deca39c9a447654f1c5d9018d70,Digitized from the vector line-marker geometry; expected uncertainty is about +/-0.002.
fig14a_batch_sensitivity,ALL,AVG,ViTeGNN,800,0.6249,vector_fig14,vector_geometry_digitization,Fig.14(a) marker:ViTeGNN/800,7899270127476690fd8215bb6c8a7fc329563deca39c9a447654f1c5d9018d70,Digitized from the vector line-marker geometry; expected uncertainty is about +/-0.002.
fig14a_batch_sensitivity,ALL,AVG,ViTeGNN,1000,0.5672,vector_fig14,vector_geometry_digitization,Fig.14(a) marker:ViTeGNN/1000,7899270127476690fd8215bb6c8a7fc329563deca39c9a447654f1c5d9018d70,Digitized from the vector line-marker geometry; expected uncertainty is about +/-0.002.
fig14a_batch_sensitivity,ALL,AVG,ViTeGNN,1200,0.545,vector_fig14,vector_geometry_digitization,Fig.14(a) marker:ViTeGNN/1200,7899270127476690fd8215bb6c8a7fc329563deca39c9a447654f1c5d9018d70,Digitized from the vector line-marker geometry; expected uncertainty is about +/-0.002.
fig14a_batch_sensitivity,ALL,AVG,RTGA,400,0.585,vector_fig14,vector_geometry_digitization,Fig.14(a) marker:RTGA/400,7899270127476690fd8215bb6c8a7fc329563deca39c9a447654f1c5d9018d70,Digitized from the vector line-marker geometry; expected uncertainty is about +/-0.002.
fig14a_batch_sensitivity,ALL,AVG,RTGA,600,0.505,vector_fig14,vector_geometry_digitization,Fig.14(a) marker:RTGA/600,7899270127476690fd8215bb6c8a7fc329563deca39c9a447654f1c5d9018d70,Digitized from the vector line-marker geometry; expected uncertainty is about +/-0.002.
fig14a_batch_sensitivity,ALL,AVG,RTGA,800,0.4449,vector_fig14,vector_geometry_digitization,Fig.14(a) marker:RTGA/800,7899270127476690fd8215bb6c8a7fc329563deca39c9a447654f1c5d9018d70,Digitized from the vector line-marker geometry; expected uncertainty is about +/-0.002.
fig14a_batch_sensitivity,ALL,AVG,RTGA,1000,0.3989,vector_fig14,vector_geometry_digitization,Fig.14(a) marker:RTGA/1000,7899270127476690fd8215bb6c8a7fc329563deca39c9a447654f1c5d9018d70,Digitized from the vector line-marker geometry; expected uncertainty is about +/-0.002.
fig14a_batch_sensitivity,ALL,AVG,RTGA,1200,0.3801,vector_fig14,vector_geometry_digitization,Fig.14(a) marker:RTGA/1200,7899270127476690fd8215bb6c8a7fc329563deca39c9a447654f1c5d9018d70,Digitized from the vector line-marker geometry; expected uncertainty is about +/-0.002.
fig14a_batch_sensitivity,ALL,AVG,TempGNN,400,0.225,vector_fig14,vector_geometry_digitization,Fig.14(a) marker:TempGNN/400,7899270127476690fd8215bb6c8a7fc329563deca39c9a447654f1c5d9018d70,Digitized from the vector line-marker geometry; expected uncertainty is about +/-0.002.
fig14a_batch_sensitivity,ALL,AVG,TempGNN,600,0.1649,vector_fig14,vector_geometry_digitization,Fig.14(a) marker:TempGNN/600,7899270127476690fd8215bb6c8a7fc329563deca39c9a447654f1c5d9018d70,Digitized from the vector line-marker geometry; expected uncertainty is about +/-0.002.
fig14a_batch_sensitivity,ALL,AVG,TempGNN,800,0.1249,vector_fig14,vector_geometry_digitization,Fig.14(a) marker:TempGNN/800,7899270127476690fd8215bb6c8a7fc329563deca39c9a447654f1c5d9018d70,Digitized from the vector line-marker geometry; expected uncertainty is about +/-0.002.
fig14a_batch_sensitivity,ALL,AVG,TempGNN,1000,0.1051,vector_fig14,vector_geometry_digitization,Fig.14(a) marker:TempGNN/1000,7899270127476690fd8215bb6c8a7fc329563deca39c9a447654f1c5d9018d70,Digitized from the vector line-marker geometry; expected uncertainty is about +/-0.002.
fig14a_batch_sensitivity,ALL,AVG,TempGNN,1200,0.1021,vector_fig14,vector_geometry_digitization,Fig.14(a) marker:TempGNN/1200,7899270127476690fd8215bb6c8a7fc329563deca39c9a447654f1c5d9018d70,Digitized from the vector line-marker geometry; expected uncertainty is about +/-0.002.
fig14b_tdp_entries,ALL,WK,TempGNN,2,0.9989,vector_fig14,vector_geometry_digitization,Fig.14(b) marker:WK/2,7899270127476690fd8215bb6c8a7fc329563deca39c9a447654f1c5d9018d70,Digitized from the vector line-marker geometry; expected uncertainty is about +/-0.01 speedup.
fig14b_tdp_entries,ALL,WK,TempGNN,4,1.5194,vector_fig14,vector_geometry_digitization,Fig.14(b) marker:WK/4,7899270127476690fd8215bb6c8a7fc329563deca39c9a447654f1c5d9018d70,Digitized from the vector line-marker geometry; expected uncertainty is about +/-0.01 speedup.
fig14b_tdp_entries,ALL,WK,TempGNN,6,1.8493,vector_fig14,vector_geometry_digitization,Fig.14(b) marker:WK/6,7899270127476690fd8215bb6c8a7fc329563deca39c9a447654f1c5d9018d70,Digitized from the vector line-marker geometry; expected uncertainty is about +/-0.01 speedup.
fig14b_tdp_entries,ALL,WK,TempGNN,8,2.1493,vector_fig14,vector_geometry_digitization,Fig.14(b) marker:WK/8,7899270127476690fd8215bb6c8a7fc329563deca39c9a447654f1c5d9018d70,Digitized from the vector line-marker geometry; expected uncertainty is about +/-0.01 speedup.
fig14b_tdp_entries,ALL,WK,TempGNN,16,2.5489,vector_fig14,vector_geometry_digitization,Fig.14(b) marker:WK/16,7899270127476690fd8215bb6c8a7fc329563deca39c9a447654f1c5d9018d70,Digitized from the vector line-marker geometry; expected uncertainty is about +/-0.01 speedup.
fig14b_tdp_entries,ALL,WK,TempGNN,32,2.5987,vector_fig14,vector_geometry_digitization,Fig.14(b) marker:WK/32,7899270127476690fd8215bb6c8a7fc329563deca39c9a447654f1c5d9018d70,Digitized from the vector line-marker geometry; expected uncertainty is about +/-0.01 speedup.
fig14b_tdp_entries,ALL,WK,TempGNN,64,2.5788,vector_fig14,vector_geometry_digitization,Fig.14(b) marker:WK/64,7899270127476690fd8215bb6c8a7fc329563deca39c9a447654f1c5d9018d70,Digitized from the vector line-marker geometry; expected uncertainty is about +/-0.01 speedup.
fig14b_tdp_entries,ALL,MC,TempGNN,2,1.0004,vector_fig14,vector_geometry_digitization,Fig.14(b) marker:MC/2,7899270127476690fd8215bb6c8a7fc329563deca39c9a447654f1c5d9018d70,Digitized from the vector line-marker geometry; expected uncertainty is about +/-0.01 speedup.
fig14b_tdp_entries,ALL,MC,TempGNN,4,1.5507,vector_fig14,vector_geometry_digitization,Fig.14(b) marker:MC/4,7899270127476690fd8215bb6c8a7fc329563deca39c9a447654f1c5d9018d70,Digitized from the vector line-marker geometry; expected uncertainty is about +/-0.01 speedup.
fig14b_tdp_entries,ALL,MC,TempGNN,6,1.8806,vector_fig14,vector_geometry_digitization,Fig.14(b) marker:MC/6,7899270127476690fd8215bb6c8a7fc329563deca39c9a447654f1c5d9018d70,Digitized from the vector line-marker geometry; expected uncertainty is about +/-0.01 speedup.
fig14b_tdp_entries,ALL,MC,TempGNN,8,2.1806,vector_fig14,vector_geometry_digitization,Fig.14(b) marker:MC/8,7899270127476690fd8215bb6c8a7fc329563deca39c9a447654f1c5d9018d70,Digitized from the vector line-marker geometry; expected uncertainty is about +/-0.01 speedup.
fig14b_tdp_entries,ALL,MC,TempGNN,16,2.6214,vector_fig14,vector_geometry_digitization,Fig.14(b) marker:MC/16,7899270127476690fd8215bb6c8a7fc329563deca39c9a447654f1c5d9018d70,Digitized from the vector line-marker geometry; expected uncertainty is about +/-0.01 speedup.
fig14b_tdp_entries,ALL,MC,TempGNN,32,2.6612,vector_fig14,vector_geometry_digitization,Fig.14(b) marker:MC/32,7899270127476690fd8215bb6c8a7fc329563deca39c9a447654f1c5d9018d70,Digitized from the vector line-marker geometry; expected uncertainty is about +/-0.01 speedup.
fig14b_tdp_entries,ALL,MC,TempGNN,64,2.6513,vector_fig14,vector_geometry_digitization,Fig.14(b) marker:MC/64,7899270127476690fd8215bb6c8a7fc329563deca39c9a447654f1c5d9018d70,Digitized from the vector line-marker geometry; expected uncertainty is about +/-0.01 speedup.
fig14b_tdp_entries,ALL,RT,TempGNN,2,0.9818,vector_fig14,vector_geometry_digitization,Fig.14(b) marker:RT/2,7899270127476690fd8215bb6c8a7fc329563deca39c9a447654f1c5d9018d70,Digitized from the vector line-marker geometry; expected uncertainty is about +/-0.01 speedup.
fig14b_tdp_entries,ALL,RT,TempGNN,4,1.562,vector_fig14,vector_geometry_digitization,Fig.14(b) marker:RT/4,7899270127476690fd8215bb6c8a7fc329563deca39c9a447654f1c5d9018d70,Digitized from the vector line-marker geometry; expected uncertainty is about +/-0.01 speedup.
fig14b_tdp_entries,ALL,RT,TempGNN,6,1.9019,vector_fig14,vector_geometry_digitization,Fig.14(b) marker:RT/6,7899270127476690fd8215bb6c8a7fc329563deca39c9a447654f1c5d9018d70,Digitized from the vector line-marker geometry; expected uncertainty is about +/-0.01 speedup.
fig14b_tdp_entries,ALL,RT,TempGNN,8,2.2318,vector_fig14,vector_geometry_digitization,Fig.14(b) marker:RT/8,7899270127476690fd8215bb6c8a7fc329563deca39c9a447654f1c5d9018d70,Digitized from the vector line-marker geometry; expected uncertainty is about +/-0.01 speedup.
fig14b_tdp_entries,ALL,RT,TempGNN,16,2.6825,vector_fig14,vector_geometry_digitization,Fig.14(b) marker:RT/16,7899270127476690fd8215bb6c8a7fc329563deca39c9a447654f1c5d9018d70,Digitized from the vector line-marker geometry; expected uncertainty is about +/-0.01 speedup.
fig14b_tdp_entries,ALL,RT,TempGNN,32,2.7323,vector_fig14,vector_geometry_digitization,Fig.14(b) marker:RT/32,7899270127476690fd8215bb6c8a7fc329563deca39c9a447654f1c5d9018d70,Digitized from the vector line-marker geometry; expected uncertainty is about +/-0.01 speedup.
fig14b_tdp_entries,ALL,RT,TempGNN,64,2.7024,vector_fig14,vector_geometry_digitization,Fig.14(b) marker:RT/64,7899270127476690fd8215bb6c8a7fc329563deca39c9a447654f1c5d9018d70,Digitized from the vector line-marker geometry; expected uncertainty is about +/-0.01 speedup.
fig14b_tdp_entries,ALL,LM,TempGNN,2,0.9996,vector_fig14,vector_geometry_digitization,Fig.14(b) marker:LM/2,7899270127476690fd8215bb6c8a7fc329563deca39c9a447654f1c5d9018d70,Digitized from the vector line-marker geometry; expected uncertainty is about +/-0.01 speedup.
fig14b_tdp_entries,ALL,LM,TempGNN,4,1.4205,vector_fig14,vector_geometry_digitization,Fig.14(b) marker:LM/4,7899270127476690fd8215bb6c8a7fc329563deca39c9a447654f1c5d9018d70,Digitized from the vector line-marker geometry; expected uncertainty is about +/-0.01 speedup.
fig14b_tdp_entries,ALL,LM,TempGNN,6,1.6793,vector_fig14,vector_geometry_digitization,Fig.14(b) marker:LM/6,7899270127476690fd8215bb6c8a7fc329563deca39c9a447654f1c5d9018d70,Digitized from the vector line-marker geometry; expected uncertainty is about +/-0.01 speedup.
fig14b_tdp_entries,ALL,LM,TempGNN,8,1.8201,vector_fig14,vector_geometry_digitization,Fig.14(b) marker:LM/8,7899270127476690fd8215bb6c8a7fc329563deca39c9a447654f1c5d9018d70,Digitized from the vector line-marker geometry; expected uncertainty is about +/-0.01 speedup.
fig14b_tdp_entries,ALL,LM,TempGNN,16,1.9495,vector_fig14,vector_geometry_digitization,Fig.14(b) marker:LM/16,7899270127476690fd8215bb6c8a7fc329563deca39c9a447654f1c5d9018d70,Digitized from the vector line-marker geometry; expected uncertainty is about +/-0.01 speedup.
fig14b_tdp_entries,ALL,LM,TempGNN,32,1.9794,vector_fig14,vector_geometry_digitization,Fig.14(b) marker:LM/32,7899270127476690fd8215bb6c8a7fc329563deca39c9a447654f1c5d9018d70,Digitized from the vector line-marker geometry; expected uncertainty is about +/-0.01 speedup.
fig14b_tdp_entries,ALL,LM,TempGNN,64,1.9396,vector_fig14,vector_geometry_digitization,Fig.14(b) marker:LM/64,7899270127476690fd8215bb6c8a7fc329563deca39c9a447654f1c5d9018d70,Digitized from the vector line-marker geometry; expected uncertainty is about +/-0.01 speedup.
fig14b_tdp_entries,ALL,WT,TempGNN,2,1.0174,vector_fig14,vector_geometry_digitization,Fig.14(b) marker:WT/2,7899270127476690fd8215bb6c8a7fc329563deca39c9a447654f1c5d9018d70,Digitized from the vector line-marker geometry; expected uncertainty is about +/-0.01 speedup.
fig14b_tdp_entries,ALL,WT,TempGNN,4,1.6672,vector_fig14,vector_geometry_digitization,Fig.14(b) marker:WT/4,7899270127476690fd8215bb6c8a7fc329563deca39c9a447654f1c5d9018d70,Digitized from the vector line-marker geometry; expected uncertainty is about +/-0.01 speedup.
fig14b_tdp_entries,ALL,WT,TempGNN,6,2.1678,vector_fig14,vector_geometry_digitization,Fig.14(b) marker:WT/6,7899270127476690fd8215bb6c8a7fc329563deca39c9a447654f1c5d9018d70,Digitized from the vector line-marker geometry; expected uncertainty is about +/-0.01 speedup.
fig14b_tdp_entries,ALL,WT,TempGNN,8,2.5674,vector_fig14,vector_geometry_digitization,Fig.14(b) marker:WT/8,7899270127476690fd8215bb6c8a7fc329563deca39c9a447654f1c5d9018d70,Digitized from the vector line-marker geometry; expected uncertainty is about +/-0.01 speedup.
fig14b_tdp_entries,ALL,WT,TempGNN,16,3.1674,vector_fig14,vector_geometry_digitization,Fig.14(b) marker:WT/16,7899270127476690fd8215bb6c8a7fc329563deca39c9a447654f1c5d9018d70,Digitized from the vector line-marker geometry; expected uncertainty is about +/-0.01 speedup.
fig14b_tdp_entries,ALL,WT,TempGNN,32,3.2371,vector_fig14,vector_geometry_digitization,Fig.14(b) marker:WT/32,7899270127476690fd8215bb6c8a7fc329563deca39c9a447654f1c5d9018d70,Digitized from the vector line-marker geometry; expected uncertainty is about +/-0.01 speedup.
fig14b_tdp_entries,ALL,WT,TempGNN,64,3.1973,vector_fig14,vector_geometry_digitization,Fig.14(b) marker:WT/64,7899270127476690fd8215bb6c8a7fc329563deca39c9a447654f1c5d9018d70,Digitized from the vector line-marker geometry; expected uncertainty is about +/-0.01 speedup.
fig14b_tdp_entries,ALL,GT,TempGNN,2,1.0004,vector_fig14,vector_geometry_digitization,Fig.14(b) marker:GT/2,7899270127476690fd8215bb6c8a7fc329563deca39c9a447654f1c5d9018d70,Digitized from the vector line-marker geometry; expected uncertainty is about +/-0.01 speedup.
fig14b_tdp_entries,ALL,GT,TempGNN,4,1.7213,vector_fig14,vector_geometry_digitization,Fig.14(b) marker:GT/4,7899270127476690fd8215bb6c8a7fc329563deca39c9a447654f1c5d9018d70,Digitized from the vector line-marker geometry; expected uncertainty is about +/-0.01 speedup.
fig14b_tdp_entries,ALL,GT,TempGNN,6,2.3512,vector_fig14,vector_geometry_digitization,Fig.14(b) marker:GT/6,7899270127476690fd8215bb6c8a7fc329563deca39c9a447654f1c5d9018d70,Digitized from the vector line-marker geometry; expected uncertainty is about +/-0.01 speedup.
fig14b_tdp_entries,ALL,GT,TempGNN,8,2.8503,vector_fig14,vector_geometry_digitization,Fig.14(b) marker:GT/8,7899270127476690fd8215bb6c8a7fc329563deca39c9a447654f1c5d9018d70,Digitized from the vector line-marker geometry; expected uncertainty is about +/-0.01 speedup.
fig14b_tdp_entries,ALL,GT,TempGNN,16,3.5514,vector_fig14,vector_geometry_digitization,Fig.14(b) marker:GT/16,7899270127476690fd8215bb6c8a7fc329563deca39c9a447654f1c5d9018d70,Digitized from the vector line-marker geometry; expected uncertainty is about +/-0.01 speedup.
fig14b_tdp_entries,ALL,GT,TempGNN,32,3.6509,vector_fig14,vector_geometry_digitization,Fig.14(b) marker:GT/32,7899270127476690fd8215bb6c8a7fc329563deca39c9a447654f1c5d9018d70,Digitized from the vector line-marker geometry; expected uncertainty is about +/-0.01 speedup.
fig14b_tdp_entries,ALL,GT,TempGNN,64,3.6111,vector_fig14,vector_geometry_digitization,Fig.14(b) marker:GT/64,7899270127476690fd8215bb6c8a7fc329563deca39c9a447654f1c5d9018d70,Digitized from the vector line-marker geometry; expected uncertainty is about +/-0.01 speedup.
