src,dst,time
59,59,999130846
37,38,1002859878
0,1,1003638700
47,47,1004506363
47,47,1004507576
41,42,1006205605
42,42,1006206270
42,42,1006206443
35,42,1006206853
19,20,1007186550
53,51,1007818179
54,51,1008159299
56,57,1008168135
43,43,1008810635
43,43,1008964604
43,43,1008964699
51,51,1009196373
44,43,1009862824
43,43,1009934184
36,51,1010209117
55,51,1010297983
39,38,1010484233
33,33,1010526830
34,33,1010557723
9,10,1010753617
11,10,1010786949
33,33,1011061722
33,33,1011061797
33,33,1011061843
35,33,1011154923
36,33,1011156696
28,28,1011942794
103,103,1012144871
106,106,1012150572
104,103,1012152741
104,103,1012163575
105,103,1012165202
487,487,1012193108
111,111,1012272923
1260,316,1012431144
106,103,1012522993
104,103,1012617155
316,316,1012621343
106,106,1012686619
106,106,1012745448
111,106,1012749049
486,486,1012776071
487,486,1012779004
111,111,1012932978
43,111,1012973443
97,97,1013132389
564,111,1013216340
565,111,1013216399
565,111,1013216467
565,111,1013356544
566,111,1013385061
111,111,1013468524
107,103,1013468850
111,111,1013587078
111,111,1013594629
55,487,1013613992
55,487,1013615340
567,111,1013628770
487,487,1013637503
97,98,1013804433
97,98,1013809802
111,111,1013905688
111,111,1013905714
106,106,1013980382
492,492,1014101924
83,83,1014131487
56,83,1014200584
111,111,1014238488
111,111,1014239277
111,111,1014274554
111,111,1014274581
111,111,1014284791
111,111,1014394404
107,97,1014508703
111,111,1014540258
97,97,1014563505
97,97,1014573463
568,111,1014585195
148,111,1014585388
55,487,1014609802
55,487,1014610514
487,487,1014662290
55,487,1014662821
28,28,1014681075
83,83,1014681075
93,94,1014681075
97,98,1014681075
108,103,1014681075
485,485,1014681075
106,106,1014681075
487,487,1014681075
559,559,1014681075
485,562,1014681075
111,111,1014681075
488,488,1014681075
1229,1230,1014681075
1236,1236,1014681075
1247,1247,1014681075
56,316,1014681075
486,486,1014690568
486,486,1014690748
111,486,1014691642
486,486,1014691847
52,111,1014700043
486,486,1014737966
488,486,1014743363
636,1231,1014823986
1231,1231,1014831094
113,1231,1014976744
97,97,1015093728
97,487,1015177183
487,487,1015178948
55,487,1015182139
315,97,1015183004
111,111,1015201584
97,111,1015207236
111,111,1015218688
315,487,1015342742
487,487,1015347060
315,487,1015348575
315,487,1015349806
316,97,1015455157
317,97,1015457483
317,97,1015457521
97,97,1015458329
51,316,1015541316
55,487,1015542550
55,487,1015543702
487,487,1015547934
55,487,1015558109
486,487,1015590249
315,111,1015608206
316,316,1015613877
316,316,1015616261
316,316,1015616890
148,316,1015617267
148,316,1015617326
111,316,1015617449
111,316,1015617475
1261,316,1015617760
316,316,1015618025
55,316,1015619156
316,316,1015619768
93,111,1015631632
111,111,1015641678
83,111,1015643619
51,111,1015687979
111,111,1015748713
111,111,1015748836
58,59,1015768453
44,316,1015789533
44,316,1015790866
44,316,1015790944
44,316,1015791455
569,111,1015831782
111,111,1015833502
316,316,1015871136
317,111,1015897284
104,106,1015905480
106,106,1015923652
104,106,1015942943
106,106,1015943495
316,492,1016034857
486,486,1016052445
570,111,1016071048
570,316,1016234278
109,487,1016303668
111,111,1016575293
1147,488,1016583850
552,487,1016584211
111,111,1016695266
97,106,1016843104
106,106,1016875773
106,106,1016891952
106,106,1016898590
503,106,1016899947
58,106,1016903626
58,106,1016903703
97,106,1017079737
316,316,1017241784
109,103,1017287932
110,103,1017288986
103,103,1017303466
316,486,1017334685
486,486,1017335188
111,111,1017475344
103,103,1017606517
110,103,1017610795
103,103,1017611699
110,103,1017612787
52,98,1017616641
50,51,1017618211
50,97,1017619742
50,103,1017619786
50,103,1017620414
50,98,1017647269
50,98,1017647366
50,98,1017647443
111,111,1017701496
36,97,1017770727
97,97,1017772588
97,97,1017787767
36,97,1017788294
97,97,1017790817
570,111,1017801982
52,111,1017802216
111,111,1017819035
111,111,1017819083
106,106,1017922757
316,111,1018058640
316,111,1018059512
111,111,1018066208
60,111,1018083520
60,111,1018083586
60,111,1018083687
571,111,1018088353
111,111,1018094728
111,111,1018094915
60,111,1018151744
572,111,1018154389
111,111,1018154921
572,111,1018156098
111,111,1018159565
52,51,1018162051
111,111,1018162131
111,111,1018163725
111,111,1018163764
111,111,1018199305
318,97,1018236026
35,111,1018373694
111,111,1018385945
319,97,1018493332
113,1231,1018508701
316,111,1018530107
571,111,1018565919
316,106,1018642772
106,106,1018643219
55,316,1018893787
55,111,1018933636
111,111,1018938310
60,111,1019181350
111,111,1019194146
111,111,1019194791
60,111,1019196272
111,111,1019199674
52,316,1019288799
52,103,1019288961
111,111,1019372645
44,111,1019413214
111,111,1019415152
52,97,1019420046
52,83,1019420451
97,97,1019420605
97,97,1019420833
44,111,1019424904
111,111,1019447266
111,111,1019452376
83,83,1019483068
113,111,1019719658
58,316,1019783582
111,111,1019794808
111,111,1019799965
113,111,1019803508
111,111,1019807433
109,111,1019948468
109,111,1019948680
111,111,1019956289
109,111,1020002295
109,111,1020004568
60,59,1020036969
60,59,1020036991
60,488,1020054919
60,488,1020054993
111,111,1020128344
107,111,1020397102
111,111,1020404544
93,111,1020474322
111,111,1020477071
97,111,1020484764
111,111,1020485211
111,111,1020485587
316,316,1020881928
322,316,1020897547
111,111,1020909311
83,83,1021165513
13,111,1021421821
55,111,1021773983
111,111,1021788811
55,111,1021920862
58,111,1022027487
492,492,1022065547
321,488,1022065860
573,111,1022108512
573,111,1022108596
111,111,1022136429
55,111,1022166276
492,492,1022169320
111,111,1022173292
50,111,1022310889
50,111,1022350110
13,28,1022460237
52,111,1022489133
126,111,1022612067
574,111,1022626072
50,97,1022693409
107,486,1022719939
488,488,1022863513
575,111,1022873125
320,97,1022909409
52,97,1022959439
111,111,1023003524
494,111,1023069339
494,111,1023224869
576,111,1023250011
44,111,1023308590
44,111,1023313235
316,111,1023380686
108,111,1023388371
97,106,1023417672
494,111,1023517480
493,492,1023523128
492,492,1023524314
494,492,1023532416
492,492,1023533012
106,106,1023610355
97,106,1023642956
577,111,1023648861
108,111,1023723762
111,106,1023737684
106,106,1023741199
321,97,1023780323
97,97,1023855782
332,111,1023862261
332,111,1023862358
332,111,1023863603
111,111,1023863778
316,97,1023900703
110,111,1023939011
13,14,1023986684
111,111,1024033780
111,111,1024034778
111,111,1024035556
111,111,1024035680
111,111,1024035806
494,316,1024098281
110,111,1024265584
110,111,1024266521
111,111,1024267539
111,103,1024268020
111,97,1024268131
50,111,1024270374
113,111,1024300407
578,111,1024331726
111,316,1024348507
393,111,1024383423
111,111,1024384450
579,111,1024458502
579,111,1024458563
579,111,1024458595
579,111,1024458619
579,111,1024458744
579,111,1024458813
332,111,1024468614
332,111,1024468849
113,111,1024471574
113,111,1024557401
111,111,1024558933
318,492,1024586963
492,492,1024596242
113,111,1024645259
316,492,1024673581
492,492,1024674231
316,492,1024674419
492,492,1024685640
111,492,1024692429
322,97,1024799076
111,111,1024883374
113,111,1024900898
321,488,1024913853
111,111,1025070287
316,111,1025112881
111,111,1025147288
113,111,1025165105
111,111,1025167694
52,111,1025408152
111,111,1025409483
111,111,1025410883
52,111,1025412119
52,111,1025412407
111,111,1025412682
52,111,1025414473
111,111,1025427864
13,22,1025516754
579,111,1025580105
579,111,1025580184
579,111,1025580273
50,111,1025676384
111,111,1025677210
50,111,1025677943
111,111,1025678585
58,111,1026061888
148,111,1026160625
111,111,1026179076
111,111,1026290648
580,111,1026370573
111,111,1026378552
488,488,1026424458
580,111,1026429929
580,488,1026440420
580,488,1026440662
580,488,1026440739
162,111,1026610238
58,111,1026631544
581,111,1026684566
58,111,1026694676
58,111,1026721077
58,111,1026721172
55,111,1027026234
582,111,1027147611
583,111,1027157112
111,111,1027159761
110,111,1027290387
111,111,1027290559
148,111,1027310761
110,111,1027365127
162,111,1027389401
110,111,1027389714
111,111,1027410702
113,111,1027410998
111,111,1027412468
113,111,1027424584
322,316,1027428372
162,111,1027433771
55,111,1027441144
316,111,1027441551
36,316,1027442417
111,111,1027443172
113,111,1027443264
316,111,1027444050
55,111,1027444389
111,111,1027445169
111,316,1027448015
316,316,1027449571
492,492,1027452395
113,111,1027496554
111,111,1027496949
113,111,1027497274
111,111,1027497402
113,111,1027520092
162,316,1027529718
316,316,1027529855
162,111,1027565077
111,111,1027567019
162,111,1027570407
115,111,1027611128
316,111,1027626196
162,111,1027626674
50,111,1027626967
162,111,1027627419
111,111,1027646090
113,111,1027691887
50,111,1027699248
110,111,1027725791
162,111,1027787853
111,111,1027818921
111,111,1027819654
50,111,1027822386
50,111,1027823503
111,111,1027824033
111,111,1027824084
50,111,1027824574
162,111,1027826973
60,111,1027833433
50,97,1027872681
110,111,1027892571
111,111,1027893124
110,111,1027894128
36,111,1027894157
111,111,1027894981
110,111,1027896598
36,111,1027897157
323,111,1027900717
162,111,1027903381
110,111,1027903749
36,111,1027904128
111,111,1027904653
111,111,1027904697
110,111,1027904927
50,111,1027905005
111,111,1027905801
36,111,1027906037
111,111,1027906586
60,111,1027909527
111,111,1027912446
584,111,1027921262
318,316,1027965682
316,111,1027966958
111,111,1027967126
111,316,1027969595
111,316,1027969646
316,316,1027970506
581,111,1027971730
110,111,1027973721
316,492,1027977246
492,492,1027977366
316,492,1027978097
492,492,1027978710
113,111,1027979748
581,111,1027980768
50,111,1027980971
581,111,1028022644
110,111,1028023342
316,97,1028035275
148,111,1028046750
111,111,1028046812
321,97,1028050904
1262,316,1028054304
321,97,1028054364
316,316,1028054604
1262,316,1028055001
316,492,1028059498
36,111,1028072259
111,111,1028089407
111,111,1028089442
111,316,1028091946
148,111,1028092798
316,111,1028122315
316,492,1028143562
316,316,1028149614
148,316,1028153681
111,316,1028174859
585,111,1028175198
50,111,1028183775
113,111,1028183876
50,111,1028185407
111,111,1028186730
50,111,1028186804
111,111,1028188074
50,111,1028204100
113,316,1028207203
316,316,1028207260
162,111,1028222099
111,111,1028223356
111,111,1028223514
50,111,1028227080
111,111,1028231024
50,111,1028292448
586,111,1028297894
50,111,1028334224
111,111,1028600369
111,111,1028601506
50,111,1028602691
3,111,1028602824
111,111,1028602985
50,111,1028603071
50,111,1028603114
316,492,1028670212
492,492,1028670869
316,492,1028671281
36,111,1028693999
36,111,1028694894
111,111,1028695340
36,111,1028697359
111,111,1028698263
111,111,1028698293
36,111,1028699528
321,97,1028709579
587,111,1028720552
588,111,1028721591
111,111,1028737346
111,111,1028739759
587,316,1028746652
332,316,1028748851
44,488,1028749660
111,111,1028779196
589,111,1028815085
316,492,1028834315
492,492,1028835896
492,492,1028836065
113,111,1028875665
111,111,1028951610
590,111,1028966007
126,111,1028966924
590,111,1028979329
111,111,1028982284
590,111,1028982784
126,111,1028982936
111,111,1028983519
126,111,1029011725
111,111,1029029603
93,97,1029083548
162,111,1029084539
111,97,1029097536
97,97,1029098372
97,97,1029099258
143,97,1029099492
126,97,1029107049
115,97,1029108237
115,97,1029108306
115,97,1029108463
323,97,1029108954
162,97,1029120348
93,97,1029120878
321,97,1029145321
321,111,1029204641
111,111,1029212610
321,111,1029220272
58,111,1029226222
492,492,1029274495
492,492,1029275403
338,111,1029349357
111,111,1029353705
111,111,1029353851
148,316,1029354672
55,316,1029358903
321,111,1029394028
321,316,1029401627
111,111,1029436483
113,111,1029480740
111,111,1029482093
113,111,1029482258
111,111,1029482951
113,111,1029483145
111,111,1029483377
113,111,1029483573
111,111,1029483711
321,111,1029488720
489,111,1029490896
113,111,1029496970
316,316,1029506895
316,316,1029507778
111,111,1029548398
50,111,1029656445
111,111,1029656971
50,111,1029657581
113,111,1029658379
111,111,1029659747
591,111,1029660861
591,111,1029662355
111,111,1029662538
591,111,1029662923
111,111,1029664862
587,111,1029681537
587,111,1029681620
58,111,1029695987
587,111,1029728829
591,111,1029766202
111,111,1029775863
107,97,1029810784
107,97,1029810852
97,97,1029811607
324,97,1029812917
592,111,1029823438
111,111,1029825957
489,488,1029834188
489,488,1029835619
488,488,1029861656
489,488,1029863582
44,111,1029864654
488,488,1029864766
111,111,1029865163
489,488,1029865235
111,316,1029870881
36,316,1029871458
316,316,1029871695
316,316,1029872597
316,492,1029873483
1263,316,1029878397
321,316,1029880493
111,316,1029881496
110,111,1029905495
110,111,1029906132
110,111,1029906997
111,111,1029907520
111,97,1029913011
113,111,1029913904
38,316,1029916852
316,316,1029934260
316,316,1029935291
316,316,1029935490
316,316,1029938340
316,316,1029938405
1263,316,1029943759
316,492,1030036712
1263,316,1030136632
1263,316,1030136742
316,316,1030137052
1263,316,1030137751
36,111,1030166007
111,111,1030252486
111,111,1030252617
111,111,1030252731
111,103,1030350749
111,103,1030350777
50,103,1030352124
103,103,1030353655
321,111,1030469237
497,111,1030476239
497,111,1030476543
1263,316,1030516669
36,111,1030571234
111,111,1030578232
107,111,1030600536
111,111,1030601599
107,111,1030603497
316,97,1030656783
316,97,1030656816
111,486,1030660525
486,486,1030661038
489,486,1030676163
113,111,1030707886
486,486,1030724260
489,486,1030725028
593,111,1030787651
111,111,1030787822
593,111,1030788796
497,316,1030805414
2,1,1030807083
593,111,1030836520
111,111,1030837138
110,111,1030838701
111,111,1030839177
50,111,1030852852
111,111,1030853036
111,111,1030853094
50,111,1030853395
50,111,1030853494
50,111,1030855174
111,111,1030936957
50,111,1030937469
111,111,1030938138
50,111,1030938551
111,111,1030938844
50,111,1030944911
111,111,1030945859
50,111,1030946087
50,111,1030946181
111,111,1030946692
50,111,1030946873
111,111,1030947317
50,111,1030948594
50,111,1030974772
50,111,1030978565
46,47,1031013928
316,316,1031079225
46,316,1031080832
2,97,1031243651
497,316,1031247040
497,316,1031247593
497,316,1031247968
316,316,1031248568
393,111,1031253000
111,111,1031253660
111,111,1031253793
3,111,1031265541
322,111,1031266399
36,111,1031266591
36,111,1031267500
36,111,1031267569
36,316,1031271437
111,111,1031316847
111,111,1031316987
11,111,1031320004
111,111,1031320193
594,111,1031362051
1264,316,1031373951
110,111,1031396967
111,111,1031397133
393,111,1031420594
50,111,1031431859
110,111,1031467277
111,111,1031488384
111,111,1031488463
111,111,1031489076
110,111,1031490647
111,111,1031491477
110,111,1031492092
111,111,1031492239
111,111,1031502075
111,111,1031502403
44,316,1031626205
316,97,1031702398
97,97,1031707133
111,111,1031746174
595,111,1031747731
111,111,1031748154
111,111,1031748838
111,492,1031836712
11,492,1031838220
111,492,1031838643
110,111,1031839968
111,111,1031840112
316,488,1031879389
126,111,1031965106
111,111,1031965463
126,111,1031965719
111,111,1031965962
596,111,1031966765
111,111,1031968045
596,111,1031969202
111,111,1031969582
148,97,1032081806
97,97,1032143949
336,111,1032310872
119,111,1032319497
36,111,1032319730
111,111,1032320412
111,111,1032320667
119,488,1032324112
514,111,1032332051
111,111,1032332527
111,111,1032332629
514,111,1032333572
488,488,1032381558
119,488,1032385767
97,106,1032392939
111,111,1032419141
111,111,1032439229
13,47,1032475755
597,111,1032598877
598,111,1032599030
111,111,1032599420
599,111,1032642382
111,111,1032660800
171,111,1032668935
111,111,1032669322
340,111,1032673620
340,111,1032673669
111,111,1032673887
110,111,1032674613
111,111,1032674794
50,111,1032682658
111,111,1032689291
50,111,1032689532
111,111,1032693729
111,111,1032693751
111,111,1032693825
111,111,1032695030
51,111,1032701098
111,111,1032702631
111,111,1032702936
600,111,1032706859
111,111,1032707709
601,111,1032715625
111,111,1032715836
111,111,1032716350
50,97,1032730452
13,18,1032736453
583,111,1032741411
111,111,1032748431
50,111,1032753661
50,97,1032754069
111,111,1032754259
393,111,1032756268
97,97,1032756679
111,111,1032757079
111,111,1032757158
51,111,1032761197
393,111,1032761582
111,111,1032761837
51,111,1032788094
51,111,1032788138
113,111,1032788512
111,111,1032789018
111,111,1032789116
111,111,1032789407
110,111,1032790217
113,111,1032790500
111,111,1032791284
110,111,1032794162
111,111,1032794589
111,111,1032795075
110,111,1032795604
602,111,1032797026
50,97,1032808358
97,97,1032814007
2,111,1032814591
603,111,1032819790
2,111,1032822212
13,316,1032827812
316,316,1032828825
13,316,1032830003
316,316,1032830093
13,316,1032830698
97,316,1032832414
316,316,1032832628
111,111,1032834593
602,111,1032834921
110,316,1032834979
316,316,1032835475
318,316,1032835933
316,316,1032836328
316,316,1032837778
51,316,1032839388
316,316,1032841187
51,111,1032841855
111,111,1032944555
604,111,1032950442
111,111,1032950903
50,111,1032951038
111,111,1032951262
50,111,1032951593
492,492,1032971208
171,111,1033027853
111,111,1033029306
171,111,1033029884
111,111,1033031861
171,111,1033031972
111,111,1033032718
13,29,1033071084
41,97,1033143365
488,316,1033174203
1148,488,1033175858
1148,488,1033175879
488,488,1033177094
1148,488,1033177648
488,488,1033177848
316,492,1033182344
488,488,1033183701
488,488,1033184576
316,488,1033185988
492,492,1033186676
107,111,1033188115
107,111,1033188150
107,111,1033188548
107,111,1033189107
111,111,1033224309
111,111,1033224705
111,97,1033277633
50,111,1033283981
111,111,1033284155
50,111,1033284324
50,111,1033285566
111,103,1033300457
111,97,1033300570
489,111,1033310272
111,111,1033310825
126,111,1033314841
111,111,1033315598
111,111,1033315666
2,111,1033323764
50,111,1033332616
50,111,1033332636
111,111,1033349747
575,111,1033424210
575,111,1033424247
605,111,1033425163
575,111,1033434744
111,97,1033466392
50,97,1033466541
97,97,1033468251
111,103,1033479184
111,111,1033485229
103,103,1033486123
111,111,1033486147
113,111,1033486241
111,111,1033486579
111,103,1033486761
2,111,1033488807
13,485,1033514251
171,316,1033531900
110,316,1033534399
107,111,1033540699
111,111,1033540995
393,111,1033561853
111,111,1033562341
50,111,1033583016
13,97,1033597634
316,316,1033601289
605,316,1033602384
316,316,1033604363
605,316,1033607577
318,316,1033613754
114,316,1033615076
114,316,1033617203
316,316,1033617374
316,316,1033682063
316,316,1033682746
316,316,1033685114
316,316,1033694126
340,111,1033707579
340,111,1033707743
111,111,1033708568
340,111,1033708717
111,111,1033708923
316,488,1033783451
488,488,1033783549
336,488,1033787593
316,488,1033787762
606,111,1033787987
606,111,1033789460
111,111,1033793270
606,111,1033793572
606,111,1033793625
606,111,1033794635
114,111,1033849300
114,111,1033849340
111,111,1033849693
111,111,1033862774
111,111,1033862789
111,111,1033862832
111,111,1033907329
50,111,1033907687
110,111,1033907815
111,111,1033908170
50,111,1033908367
111,111,1033909727
50,111,1033910111
111,111,1033910250
111,111,1033991013
325,97,1033995248
97,97,1034032758
316,492,1034034060
492,492,1034049355
1265,316,1034053091
36,111,1034053512
111,111,1034053751
38,111,1034063631
111,111,1034064633
607,111,1034072337
607,111,1034072414
111,111,1034073811
316,492,1034110824
316,316,1034111072
162,316,1034115299
162,316,1034115477
111,316,1034131668
111,111,1034132345
316,316,1034134348
340,111,1034134761
316,111,1034136336
111,111,1034136523
340,111,1034136633
316,111,1034139437
111,111,1034139632
326,97,1034155928
326,97,1034156050
97,97,1034156884
734,316,1034207225
316,316,1034211801
112,103,1034239503
112,103,1034239640
111,111,1034240242
110,111,1034240541
111,111,1034240715
110,111,1034241034
111,111,1034241287
103,103,1034262785
113,103,1034276211
44,316,1034293452
103,103,1034294491
112,103,1034300161
112,103,1034300250
112,103,1034319168
50,111,1034327187
111,111,1034327891
50,111,1034328740
50,111,1034328791
111,111,1034329342
111,111,1034341879
489,111,1034344292
111,111,1034345116
489,111,1034345831
316,316,1034386207
97,97,1034393563
93,111,1034512044
111,111,1034512437
93,111,1034552097
111,111,1034560744
50,111,1034592049
50,111,1034592077
111,111,1034592379
50,111,1034592744
608,111,1034619606
316,316,1034634679
111,111,1034645839
111,111,1034653485
316,316,1034727611
113,316,1034804856
171,316,1034817953
316,316,1034819138
316,316,1034819190
316,316,1034819265
171,316,1034986679
171,488,1034996012
171,111,1034998177
111,111,1035001466
114,111,1035004144
111,111,1035004425
114,111,1035004940
114,111,1035005150
114,111,1035005160
58,111,1035006902
114,111,1035010320
111,111,1035010558
1148,488,1035041606
171,111,1035091344
111,111,1035091469
601,111,1035174212
111,111,1035175324
111,111,1035175498
601,111,1035178832
601,111,1035178909
111,111,1035179743
338,111,1035195309
111,111,1035197272
488,488,1035244242
111,316,1035247351
316,316,1035247604
111,316,1035248475
171,111,1035269455
1148,488,1035291164
601,111,1035293437
111,111,1035294013
488,488,1035345839
107,316,1035348991
1266,316,1035351853
114,316,1035352807
316,316,1035353983
111,111,1035379592
111,111,1035379666
44,316,1035429969
316,316,1035585834
336,316,1035596527
316,316,1035600203
1267,316,1035668792
336,316,1035684505
327,97,1035702654
97,97,1035704299
58,111,1035768134
111,111,1035775532
609,111,1035779176
51,111,1035805350
111,111,1035805853
51,111,1035806205
111,111,1035806928
318,316,1035941984
316,316,1035942458
318,316,1035942678
610,111,1035945115
114,316,1035958522
316,316,1035959207
316,492,1036014593
316,492,1036014772
492,492,1036027901
97,106,1036057768
111,111,1036072849
106,106,1036085173
321,97,1036107921
97,97,1036109476
316,316,1036119144
44,316,1036132045
44,316,1036133026
316,316,1036134077
44,316,1036136432
1268,316,1036190637
316,316,1036190875
44,316,1036209250
44,316,1036209539
316,316,1036212295
447,316,1036219907
44,316,1036220130
1148,488,1036233678
611,111,1036257626
612,111,1036284138
111,111,1036292303
1148,488,1036296001
321,97,1036329131
321,97,1036329682
610,111,1036346049
111,111,1036346286
114,111,1036371780
111,111,1036379341
111,111,1036379422
114,111,1036379458
111,111,1036379772
114,111,1036379984
323,111,1036382980
492,316,1036385304
1148,488,1036385636
50,316,1036386030
111,111,1036387084
447,316,1036392094
50,316,1036392429
612,111,1036394346
111,111,1036397633
111,111,1036398744
111,111,1036399432
612,111,1036406890
613,111,1036424441
111,111,1036424638
613,111,1036424733
613,111,1036424786
316,316,1036449766
316,316,1036449942
316,492,1036450640
492,492,1036452513
97,97,1036454622
488,488,1036458039
114,97,1036459757
114,316,1036460028
1148,488,1036469021
3,111,1036479191
316,316,1036649654
393,316,1036650796
393,316,1036650876
111,111,1036651608
3,316,1036655819
114,316,1036656280
316,316,1036710906
614,111,1036723957
110,111,1036725539
111,111,1036725638
614,111,1036727901
114,316,1036739471
316,316,1036739858
2,111,1036783067
51,316,1036820132
316,316,1036820894
113,111,1036870397
114,97,1036900243
111,111,1036901444
111,111,1036901489
113,111,1036901687
111,111,1036902780
114,103,1036961315
30,29,1036982215
44,111,1036984802
114,111,1036984888
103,103,1036985077
114,103,1036985299
113,111,1036986340
103,103,1036988982
114,103,1036989221
111,111,1036989397
114,111,1036992043
111,111,1036992163
114,111,1036992227
111,111,1036992456
111,111,1036992471
114,111,1036992694
111,111,1036993658
612,111,1037005688
111,111,1037006655
3,111,1037014810
3,111,1037014945
111,111,1037015142
611,111,1037040252
111,111,1037040910
103,103,1037049882
114,111,1037110512
111,111,1037110699
114,111,1037110807
111,111,1037111030
52,111,1037112737
111,111,1037112970
114,111,1037113208
111,111,1037113404
114,111,1037113548
111,111,1037113675
114,111,1037113995
111,111,1037114282
114,111,1037114329
52,111,1037114566
114,111,1037115005
111,111,1037115259
114,111,1037115626
111,111,1037115732
114,111,1037116318
610,111,1037150566
111,111,1037161176
336,316,1037177396
114,111,1037196836
111,111,1037197679
336,111,1037200935
111,111,1037202252
114,111,1037204681
111,111,1037205740
114,111,1037207192
111,111,1037207795
111,111,1037207833
114,111,1037208345
111,111,1037208523
114,111,1037208568
111,111,1037208628
1148,488,1037210972
488,488,1037223122
1148,488,1037226652
316,316,1037234397
54,316,1037235470
447,316,1037236077
1265,316,1037236489
316,316,1037244782
393,316,1037246221
316,316,1037320062
328,97,1037339608
1268,316,1037340133
1268,316,1037340175
316,316,1037343504
114,316,1037343550
316,316,1037344746
114,316,1037344920
316,316,1037345198
612,111,1037397669
3,316,1037428841
612,111,1037429077
111,111,1037430367
13,316,1037431697
612,111,1037433838
393,316,1037555178
609,111,1037588158
606,111,1037590618
327,97,1037606353
327,111,1037606480
111,111,1037610602
114,111,1037630742
111,111,1037630868
114,111,1037631128
114,111,1037631182
111,111,1037631342
114,111,1037631456
121,111,1037633954
111,111,1037634143
114,111,1037634357
111,111,1037634491
114,111,1037635757
111,111,1037635808
114,111,1037636289
111,111,1037636738
114,111,1037636858
111,111,1037637118
114,111,1037637188
114,111,1037637209
111,111,1037637282
114,111,1037637361
114,111,1037638419
111,111,1037638519
111,111,1037638535
114,111,1037638581
111,111,1037638674
114,111,1037638978
111,111,1037639068
114,111,1037639983
111,111,1037640086
114,111,1037640123
111,111,1037640354
114,111,1037640487
111,111,1037640828
111,111,1037640905
51,111,1037641925
111,111,1037642274
2,111,1037650153
114,111,1037650448
316,316,1037662936
126,111,1037667841
111,111,1037670934
50,111,1037671139
610,111,1037676496
316,111,1037681509
111,111,1037687115
316,316,1037688194
111,316,1037688392
1268,316,1037688467
1268,316,1037688495
393,316,1037716113
316,316,1037744748
1268,316,1037747544
1268,316,1037747575
316,316,1037747891
97,97,1037750062
488,488,1037756991
488,488,1037762285
1148,488,1037763646
488,488,1037763959
111,316,1037766502
44,316,1037772329
488,488,1037772693
1148,488,1037774390
126,316,1037776863
114,316,1037777282
316,316,1037832014
162,316,1037844279
316,316,1037855512
316,316,1037855743
316,316,1037855789
114,316,1037865537
111,111,1037884127
316,316,1037925279
1149,316,1037927374
50,316,1037929225
1149,316,1037929350
316,316,1037930823
669,316,1038009909
50,316,1038033088
316,316,1038033291
3,316,1038038101
50,316,1038038556
447,316,1038045597
615,111,1038059720
111,111,1038060303
669,316,1038075881
329,97,1038122084
1269,316,1038178399
171,111,1038191167
514,316,1038251287
1149,316,1038251437
54,316,1038251570
1270,316,1038278036
316,316,1038289094
120,316,1038293136
316,97,1038303299
120,111,1038304382
111,111,1038304555
111,111,1038304604
120,111,1038304695
111,111,1038304974
120,111,1038305274
111,111,1038305730
111,111,1038306018
111,111,1038306078
504,106,1038343713
106,106,1038346010
120,316,1038425052
54,316,1038425159
316,316,1038425389
54,316,1038425557
120,316,1038426006
316,316,1038426295
120,316,1038426747
120,316,1038426803
1149,316,1038427016
316,316,1038427151
120,316,1038427251
316,316,1038427699
120,316,1038427993
321,97,1038530080
616,111,1038547357
616,111,1038547487
111,111,1038548861
111,111,1038549190
116,111,1038655955
58,111,1038681901
111,111,1038682272
13,316,1038735543
13,111,1038775139
111,111,1038775413
327,106,1038807801
330,97,1038819751
97,97,1038821665
50,111,1038841399
111,111,1038842194
50,111,1038842312
489,488,1038849300
488,488,1038871459
316,316,1038872045
115,103,1038893197
1271,316,1038904163
330,97,1038907909
1272,316,1038969622
54,316,1038969829
54,316,1038970521
316,316,1038970880
120,111,1038985909
111,111,1038986373
316,111,1038986614
316,111,1038986933
110,111,1038987073
336,316,1038991654
111,111,1039017384
316,97,1039043965
1269,316,1039071725
316,316,1039071855
1148,488,1039072838
120,111,1039078876
111,111,1039079211
120,111,1039079984
111,111,1039080577
111,111,1039080679
120,111,1039080905
329,316,1039089581
111,111,1039104017
512,111,1039133969
512,316,1039134289
316,111,1039134346
488,488,1039154538
111,316,1039160509
316,111,1039160655
120,316,1039167099
316,316,1039167275
120,316,1039167341
50,316,1039168377
111,111,1039182206
58,111,1039193536
111,111,1039193750
120,111,1039206266
1273,316,1039219290
1273,316,1039219303
316,316,1039219747
1273,316,1039220949
316,316,1039222124
316,316,1039227031
111,111,1039229552
111,111,1039229590
111,111,1039229908
111,111,1039229910
111,111,1039229952
120,111,1039242543
111,111,1039243025
120,316,1039243038
590,111,1039243157
120,111,1039243225
590,111,1039243453
120,111,1039243584
590,111,1039243707
148,316,1039252315
148,316,1039252836
316,316,1039253163
323,316,1039253662
323,316,1039253761
148,316,1039254412
316,316,1039254681
323,316,1039255927
316,316,1039256080
50,316,1039256241
13,316,1039256489
50,316,1039257303
316,316,1039257546
50,316,1039257873
316,316,1039258059
126,316,1039298447
171,111,1039303535
171,111,1039307396
111,111,1039320923
171,111,1039325962
111,111,1039326337
171,111,1039330890
111,111,1039331773
171,111,1039335731
617,111,1039408427
111,111,1039408631
617,111,1039408762
111,111,1039408903
50,111,1039446053
111,111,1039447816
171,111,1039485412
110,111,1039497764
316,111,1039499943
171,111,1039503092
171,111,1039503347
1148,488,1039513643
512,316,1039520993
505,111,1039526186
111,111,1039526326
331,97,1039553992
316,316,1039571812
111,316,1039578991
121,316,1039584133
171,111,1039586256
316,316,1039586843
111,111,1039586875
171,111,1039587058
1149,316,1039587422
111,111,1039587611
316,316,1039643758
316,316,1039645986
54,316,1039646472
316,316,1039647172
54,316,1039647330
54,316,1039656778
316,316,1039662754
1148,316,1039663663
54,316,1039664159
593,111,1039679920
111,111,1039679999
54,316,1039715716
1273,316,1039758961
610,111,1039782835
610,111,1039782967
50,111,1039790390
111,111,1039792027
316,316,1039821797
3,111,1039950410
13,111,1039951023
50,111,1040049073
111,111,1040049290
110,111,1040049585
111,111,1040049755
332,97,1040118227
97,97,1040118892
1149,488,1040169308
111,111,1040170360
610,111,1040179616
111,111,1040181688
593,111,1040186128
111,111,1040186701
593,111,1040187137
111,111,1040195852
110,111,1040200238
111,111,1040202409
50,111,1040217705
111,111,1040217987
50,111,1040218144
111,111,1040218587
488,488,1040261477
50,111,1040274029
50,97,1040274247
618,111,1040274354
111,111,1040274506
619,111,1040274678
111,111,1040274886
50,111,1040274959
111,111,1040275143
620,111,1040276785
50,111,1040277398
50,111,1040277447
97,98,1040277717
111,111,1040277930
110,111,1040279998
110,111,1040280832
110,111,1040281755
621,111,1040296516
111,111,1040296873
620,111,1040298487
110,111,1040299128
620,111,1040300479
620,111,1040361109
110,111,1040365369
110,111,1040367523
110,111,1040399218
111,111,1040400030
1149,488,1040430841
617,111,1040431920
488,488,1040432153
111,111,1040436258
610,111,1040445667
111,111,1040446093
110,111,1040463606
111,111,1040464455
110,111,1040486992
111,111,1040488570
110,111,1040490012
110,111,1040490138
111,111,1040490304
110,111,1040491019
111,111,1040491432
110,111,1040491694
111,111,1040492015
622,111,1040496955
111,111,1040497076
111,111,1040572959
111,111,1040573406
623,111,1040578807
623,111,1040578863
111,111,1040578941
489,111,1040579310
111,111,1040579427
106,111,1040583493
111,111,1040583688
600,111,1040588032
111,111,1040588361
333,111,1040588987
611,111,1040591190
111,111,1040619387
624,111,1040636506
111,111,1040637294
111,111,1040637424
110,111,1040637963
111,111,1040638023
143,111,1040652444
111,111,1040652974
623,111,1040653704
623,111,1040653761
623,111,1040654454
143,111,1040665840
617,111,1040704505
111,111,1040704807
617,111,1040704983
617,111,1040704995
126,111,1040705084
617,111,1040705180
111,111,1040705259
617,111,1040710791
111,111,1040711070
340,111,1040750947
340,111,1040770370
111,111,1040780014
3,111,1040786194
111,111,1040786348
111,111,1041006849
3,111,1041055484
111,111,1041055845
3,111,1041056606
111,111,1041056834
143,111,1041058634
111,111,1041058917
111,111,1041058937
143,111,1041059324
111,111,1041059800
143,111,1041060281
143,111,1041060324
143,111,1041060375
111,111,1041060438
111,111,1041061288
143,111,1041061444
339,316,1041063179
58,111,1041078982
58,111,1041079117
111,111,1041100291
126,111,1041110872
617,111,1041119049
617,111,1041119067
111,111,1041120080
617,111,1041153680
111,111,1041153984
617,111,1041154419
316,111,1041178224
316,316,1041178300
111,111,1041178387
625,111,1041228432
111,111,1041228627
626,111,1041232596
617,111,1041233098
116,111,1041318128
627,111,1041319387
332,111,1041320588
111,111,1041321944
3,103,1041322576
620,111,1041324432
111,111,1041324521
111,111,1041328271
111,111,1041328330
620,111,1041329640
103,103,1041368218
111,111,1041370100
111,111,1041389375
159,111,1041450026
126,111,1041450167
111,111,1041450280
126,111,1041450391
111,111,1041450544
103,103,1041463106
116,103,1041482569
628,111,1041483018
111,111,1041489936
3,111,1041493742
111,111,1041493999
3,111,1041497394
111,111,1041497549
111,111,1041497991
121,111,1041514033
111,111,1041514404
121,111,1041515242
489,111,1041579616
111,111,1041580866
111,111,1041581165
489,111,1041581611
629,111,1041581840
489,111,1041582653
111,111,1041582814
630,111,1041586271
631,111,1041586844
630,111,1041587002
111,111,1041587215
630,111,1041587411
111,111,1041587718
630,111,1041587799
630,111,1041588133
111,111,1041588176
111,111,1041589223
110,111,1041601610
111,111,1041601784
54,97,1041635054
117,103,1041748531
117,103,1041748588
54,103,1041748903
126,97,1041791375
617,111,1041831612
617,111,1041831645
617,111,1041831890
617,111,1041832046
617,111,1041832113
617,111,1041832424
111,111,1041834134
111,111,1041837022
111,111,1041847579
617,111,1041847865
617,111,1041847907
111,111,1041848120
117,103,1041848611
617,111,1041848791
111,111,1041849335
50,111,1041855704
111,111,1041855840
50,111,1041856160
111,111,1041857395
339,316,1041861598
617,111,1041866948
617,111,1041868002
617,111,1041937609
506,111,1041949238
506,111,1041949319
111,111,1041952615
111,103,1041968005
103,103,1041969133
617,111,1041993283
111,111,1041993691
617,111,1041993751
111,111,1041993858
617,111,1041993998
58,106,1042000806
58,106,1042000849
106,106,1042002530
506,111,1042017872
111,111,1042018765
617,111,1042019334
506,111,1042020390
111,111,1042020459
337,111,1042021638
111,111,1042023808
337,111,1042024305
617,111,1042027594
111,111,1042027687
617,111,1042027933
111,111,1042028553
617,111,1042028616
111,111,1042028881
106,106,1042044168
617,111,1042121569
632,111,1042135128
111,111,1042135219
632,111,1042136464
111,111,1042136751
126,111,1042137153
632,111,1042143487
50,111,1042181643
50,316,1042181674
110,316,1042182075
50,316,1042182390
50,111,1042182456
111,111,1042182684
110,111,1042185658
633,111,1042253538
506,111,1042255185
110,111,1042256071
110,111,1042256161
506,111,1042259415
110,111,1042261646
121,111,1042262066
121,111,1042262170
126,111,1042262338
111,111,1042262647
506,111,1042352754
506,111,1042404084
111,111,1042433744
610,111,1042472865
111,111,1042473767
111,97,1042474823
610,111,1042476690
333,97,1042490756
333,111,1042505503
97,111,1042521940
316,316,1042525224
590,316,1042525328
336,316,1042525609
111,316,1042525958
162,316,1042526005
340,111,1042563233
111,111,1042563667
159,111,1042563985
111,111,1042564855
19,111,1042565302
19,111,1042565827
19,111,1042566240
111,111,1042566713
19,111,1042567159
617,111,1042567618
111,111,1042568114
115,97,1042615926
634,111,1042618833
111,111,1042621120
97,97,1042624728
126,111,1042659257
111,111,1042659849
50,103,1042668276
115,97,1042692598
111,103,1042694343
103,111,1042699512
111,111,1042700006
111,111,1042701643
111,111,1042701704
111,111,1042703049
111,111,1042703434
111,111,1042704255
111,111,1042704289
631,111,1042704806
631,111,1042704831
111,111,1042705037
3,111,1042705398
631,111,1042705773
54,316,1042735430
103,111,1042762924
54,103,1042764215
143,316,1042768573
103,103,1042776775
333,111,1042792120
111,111,1042800342
333,111,1042808325
333,111,1042808779
19,111,1042832586
316,316,1042858774
617,316,1042866929
316,316,1042867213
316,316,1042867255
512,111,1042873895
126,316,1042874939
111,111,1042880829
143,111,1042889900
111,111,1042890164
489,316,1042966673
617,316,1042966795
489,316,1042967060
617,316,1042967127
3,316,1042967172
489,316,1042967259
617,111,1042968472
617,111,1042969091
111,111,1042970451
617,111,1042970660
111,111,1042970890
111,111,1042971152
617,111,1042971561
111,111,1042971803
50,111,1042972008
617,111,1042972564
111,111,1042973062
148,111,1042973807
111,111,1042975832
617,111,1042976196
333,111,1042985188
333,111,1042985291
111,111,1042985392
111,111,1042985430
333,111,1042986451
111,111,1042986957
111,111,1042986995
111,111,1042991659
336,111,1042996057
111,111,1042996322
111,111,1043003231
44,111,1043028326
44,111,1043028566
50,111,1043030225
111,111,1043048668
506,111,1043069200
339,111,1043077649
339,111,1043077662
111,111,1043078178
132,316,1043081827
635,111,1043090878
617,316,1043106899
44,111,1043119629
506,111,1043122685
84,83,1043126413
111,111,1043133818
506,111,1043134792
636,111,1043135035
111,111,1043135503
50,111,1043159768
111,111,1043159891
339,111,1043167095
54,111,1043168173
54,111,1043168947
111,111,1043169018
635,111,1043169747
316,316,1043190650
316,316,1043197705
339,111,1043244947
50,111,1043257510
111,111,1043258274
50,111,1043262692
111,111,1043262870
50,111,1043263243
50,111,1043263243
637,111,1043282726
50,111,1043287421
83,83,1043292251
143,111,1043329988
339,111,1043331302
339,111,1043331431
111,111,1043331592
143,111,1043331972
339,111,1043332098
50,111,1043335311
339,111,1043335519
111,111,1043336895
116,111,1043337804
637,111,1043353275
111,111,1043353469
116,111,1043354344
316,316,1043374040
316,316,1043374115
132,316,1043374506
1274,316,1043393462
610,111,1043412562
638,111,1043419821
637,111,1043420880
1275,316,1043421001
111,111,1043421163
610,111,1043424743
111,111,1043425404
111,111,1043425423
54,111,1043445409
316,316,1043446952
638,111,1043458410
638,111,1043458677
1274,316,1043463616
50,111,1043475349
50,316,1043475480
638,111,1043508930
111,111,1043521345
162,111,1043587345
111,111,1043587709
637,111,1043591251
111,111,1043592798
111,111,1043592989
50,111,1043633725
111,111,1043635655
126,111,1043642177
111,111,1043657802
111,316,1043728876
316,316,1043730495
316,111,1043731441
111,111,1043731600
316,316,1043731663
316,316,1043734810
148,316,1043840111
316,316,1043880446
111,111,1043889221
590,111,1043895324
639,111,1043899336
111,111,1043900320
639,111,1043900987
640,111,1043919618
641,111,1043922628
642,111,1043927846
642,111,1043927938
111,111,1043934653
643,111,1043936256
111,111,1043936389
643,111,1043936918
111,111,1043937188
643,111,1043939191
111,111,1043939685
50,111,1043940255
643,111,1043941272
643,111,1043941458
643,111,1043941523
111,111,1043942098
643,111,1043944391
111,111,1043944717
643,111,1043945480
111,111,1043946066
111,111,1043948462
54,111,1043950203
111,111,1043971705
644,111,1043977692
590,111,1043994362
590,111,1043995115
590,111,1043995440
111,111,1043997430
506,111,1044006787
111,111,1044007514
336,316,1044067903
50,111,1044076151
617,111,1044085472
617,111,1044085672
617,111,1044085703
617,111,1044085890
617,111,1044085976
617,111,1044086092
617,111,1044086169
162,97,1044090508
506,111,1044107748
126,111,1044150824
111,111,1044151112
590,111,1044161347
111,111,1044161462
590,111,1044161601
111,111,1044161832
590,111,1044162083
111,111,1044162472
3,111,1044174132
111,111,1044174181
645,111,1044182004
506,111,1044184492
111,111,1044185419
329,111,1044187479
111,111,1044187585
646,111,1044191445
111,111,1044193144
647,111,1044200606
111,111,1044200906
111,111,1044290474
111,111,1044291101
590,111,1044291222
111,111,1044292343
316,316,1044311570
54,316,1044313546
159,316,1044316283
159,316,1044316481
132,316,1044318119
132,316,1044318119
132,316,1044318119
132,316,1044318119
132,316,1044318119
489,316,1044326322
590,316,1044327162
316,316,1044327403
143,316,1044327541
143,316,1044401350
143,316,1044401457
316,316,1044401756
54,316,1044401846
316,316,1044402432
54,316,1044402605
316,316,1044403522
54,316,1044405314
316,316,1044405652
54,316,1044406251
316,316,1044411339
1269,316,1044411623
316,316,1044411980
54,316,1044412899
316,316,1044413217
13,316,1044413995
316,316,1044414676
13,316,1044418554
316,316,1044418975
54,316,1044419473
111,111,1044422648
340,111,1044428012
111,111,1044428237
340,111,1044428550
340,111,1044428709
340,111,1044430884
340,111,1044431211
54,111,1044431573
638,111,1044466391
638,111,1044466509
132,316,1044487981
316,316,1044489796
329,316,1044494023
13,111,1044505470
111,111,1044508338
317,111,1044523383
111,111,1044523554
107,111,1044529230
111,111,1044529427
44,111,1044589279
111,111,1044589458
44,111,1044589632
1269,316,1044592551
316,316,1044594413
1269,316,1044596525
316,316,1044597543
1269,316,1044597910
44,316,1044598294
316,316,1044598680
316,316,1044599102
44,316,1044599467
1269,316,1044600054
159,316,1044603835
159,316,1044603893
506,111,1044612782
506,111,1044613491
316,316,1044660914
159,316,1044662851
54,316,1044663435
1269,316,1044664304
316,316,1044666741
110,316,1044675198
111,111,1044675407
316,316,1044676561
512,111,1044684815
316,111,1044685109
111,111,1044689016
512,111,1044689637
111,111,1044689771
506,111,1044714717
337,111,1044714782
121,111,1044721435
111,111,1044721965
648,111,1044722815
111,111,1044723044
111,111,1044723047
393,111,1044726838
111,111,1044726932
393,111,1044727288
649,111,1044727666
111,111,1044727814
52,111,1044730427
650,111,1044730456
52,111,1044730556
650,111,1044730722
52,111,1044730749
650,111,1044730776
52,111,1044730788
52,111,1044730809
593,111,1044733058
111,111,1044733244
651,111,1044733532
652,111,1044733563
653,111,1044734480
111,111,1044734751
653,111,1044734881
654,111,1044735762
111,111,1044736048
655,111,1044736748
631,111,1044736803
111,111,1044736851
656,111,1044736890
657,111,1044737958
658,111,1044738065
658,111,1044738065
111,111,1044738199
111,111,1044738254
37,111,1044738421
162,111,1044745352
111,111,1044745562
143,111,1044746075
111,111,1044746195
143,111,1044746604
333,111,1044746738
111,111,1044746972
111,111,1044753228
111,111,1044753290
111,111,1044753537
44,111,1044782806
44,111,1044783408
506,111,1044789350
111,111,1044790505
121,111,1044791484
111,111,1044791696
111,111,1044791743
159,111,1044792724
111,111,1044792944
111,111,1044793068
610,111,1044806819
111,111,1044807108
111,111,1044807170
97,98,1044845946
638,111,1044852673
638,111,1044854618
659,111,1044855654
111,111,1044855723
506,111,1044871438
111,97,1044936028
340,111,1044937239
340,111,1044948452
143,111,1044964860
111,111,1044965193
317,111,1044965476
111,111,1044965664
3,111,1044967068
111,111,1044967154
506,111,1045026873
111,111,1045027125
110,111,1045028667
318,111,1045028960
110,111,1045029185
318,111,1045029255
111,111,1045030341
159,316,1045087871
329,316,1045095458
329,316,1045099323
1272,316,1045104417
316,316,1045110304
329,316,1045111307
385,111,1045128473
111,111,1045129254
385,111,1045129813
333,97,1045179452
50,111,1045268045
50,111,1045268085
111,111,1045274611
146,106,1045285894
50,111,1045363568
111,111,1045363708
346,111,1045406589
3,111,1045407028
3,111,1045407051
111,111,1045407314
111,111,1045407466
3,111,1045407930
111,111,1045408194
3,111,1045411159
111,111,1045411255
346,111,1045411487
111,111,1045411930
111,111,1045412083
336,111,1045412300
159,111,1045421990
111,111,1045422566
111,111,1045422615
346,111,1045422755
111,111,1045422931
340,111,1045426637
334,97,1045460593
334,97,1045460635
111,111,1045461111
110,316,1045490917
50,316,1045491122
393,316,1045491340
50,316,1045491477
340,111,1045499438
111,111,1045504349
340,111,1045524552
316,316,1045527284
132,316,1045528252
660,111,1045540661
316,316,1045613651
316,316,1045614116
335,97,1045618457
316,316,1045621195
316,316,1045622234
316,316,1045622621
316,316,1045622659
316,316,1045623171
50,316,1045623193
316,316,1045623251
316,316,1045623321
329,316,1045624119
316,316,1045624489
329,316,1045625342
316,316,1045625869
121,97,1045629245
121,97,1045661101
121,97,1045662410
336,97,1045663250
143,111,1045685628
111,111,1045685873
669,316,1045707974
336,316,1045720473
50,316,1045721645
159,316,1045723039
506,316,1045731953
143,316,1045732819
506,316,1045733395
146,111,1045768929
146,111,1045769435
111,111,1045769554
44,316,1045813716
316,316,1045813802
44,316,1045813890
111,111,1045835075
610,111,1045843324
111,111,1045844007
146,106,1045857233
106,106,1045862034
346,111,1045862557
316,316,1045866390
669,316,1045875864
327,97,1045882357
506,111,1045903777
337,111,1045917584
337,111,1045917631
337,111,1045917677
111,111,1045918765
337,111,1045919045
111,111,1045921598
346,111,1045926902
340,111,1045965787
111,111,1045988570
340,111,1045989088
111,111,1045989196
143,111,1045996597
143,111,1045996695
111,111,1045996839
143,111,1045997890
143,111,1045997948
148,111,1046001184
338,111,1046012111
111,111,1046012306
121,111,1046017444
111,111,1046017638
610,111,1046018441
111,111,1046018558
3,111,1046079178
110,111,1046079277
111,111,1046079368
3,111,1046079569
661,111,1046082973
111,111,1046083460
447,111,1046173941
337,111,1046174434
662,111,1046212868
111,111,1046225853
488,316,1046241156
506,111,1046273895
111,111,1046274725
316,488,1046296471
316,316,1046296693
488,316,1046297160
316,316,1046303866
54,316,1046312296
111,111,1046361070
54,488,1046373221
488,488,1046381665
403,488,1046400757
590,111,1046403153
447,111,1046403212
111,111,1046406506
318,111,1046408530
111,111,1046409658
111,111,1046409829
447,111,1046427399
111,111,1046432084
337,111,1046436304
337,316,1046436940
337,97,1046437060
506,316,1046438642
111,111,1046455468
663,111,1046469394
316,316,1046486344
506,111,1046489505
506,316,1046490469
116,111,1046496875
323,559,1046520286
323,559,1046520706
159,559,1046520796
159,559,1046520834
110,559,1046522018
111,111,1046524453
664,111,1046525577
116,111,1046526079
111,111,1046529036
111,111,1046529072
111,111,1046530348
3,111,1046531869
111,111,1046532541
51,111,1046589482
111,111,1046589605
329,111,1046608666
111,111,1046608745
110,111,1046608821
329,111,1046609364
110,111,1046609835
506,111,1046617756
111,111,1046618136
121,97,1046626915
97,103,1046662671
131,111,1046669665
51,111,1046670623
111,111,1046670886
131,111,1046671447
111,111,1046672056
131,111,1046672474
111,111,1046673097
610,111,1046678242
111,111,1046679466
53,111,1046681696
111,111,1046681840
338,97,1046685564
337,111,1046690784
337,111,1046690808
610,111,1046704101
1276,316,1046749411
119,111,1046766432
119,111,1046766515
568,111,1046786996
316,316,1046813843
44,488,1046831548
590,111,1046832267
488,488,1046833096
44,488,1046833268
97,106,1046837201
590,111,1046838637
44,488,1046846573
111,111,1046890595
590,111,1046891649
403,106,1046913261
106,106,1046914907
337,316,1046928431
506,316,1046930555
111,111,1047013212
132,111,1047013595
126,316,1047014007
316,316,1047014652
126,316,1047015227
316,316,1047015370
339,97,1047048208
340,111,1047052234
340,111,1047052412
111,111,1047052967
340,111,1047053008
340,111,1047053273
111,111,1047053650
340,111,1047053919
340,111,1047053952
340,111,1047054117
111,111,1047054288
126,316,1047095581
132,316,1047103271
665,111,1047117320
665,111,1047117759
111,111,1047117876
665,111,1047117987
111,111,1047118133
647,111,1047232188
111,111,1047232267
111,111,1047291963
111,111,1047291988
665,111,1047295841
665,111,1047298974
665,111,1047308722
343,111,1047375139
335,111,1047375979
643,111,1047383660
111,111,1047385310
621,111,1047388738
339,111,1047394675
126,111,1047452890
111,111,1047467757
111,111,1047467773
340,97,1047486629
132,111,1047539998
339,316,1047570845
316,316,1047603290
506,111,1047637569
647,111,1047640141
610,111,1047657396
340,111,1047660810
111,111,1047729798
666,111,1047730286
111,111,1047730467
148,111,1047730529
639,111,1047745633
111,111,1047746394
639,111,1047747462
111,111,1047748305
639,111,1047749011
111,111,1047749260
667,111,1047772656
111,111,1047796373
3,111,1047820411
111,111,1047820724
111,111,1047839398
3,111,1047889623
111,111,1047890106
346,111,1047913258
147,111,1047953163
665,111,1048014544
111,111,1048014669
553,111,1048071361
111,111,1048072300
126,111,1048097353
111,111,1048097503
126,111,1048097579
668,111,1048137946
44,316,1048220916
132,316,1048221354
111,316,1048232205
44,316,1048239515
646,111,1048272894
646,111,1048272966
316,111,1048284710
346,111,1048298078
346,111,1048352206
111,111,1048354416
506,111,1048408686
111,111,1048408916
111,111,1048408947
111,111,1048410796
506,111,1048411937
111,111,1048413770
506,111,1048416635
111,111,1048418025
111,111,1048418064
121,111,1048433387
111,111,1048433744
323,111,1048450480
111,111,1048482850
323,111,1048496775
111,111,1048500711
118,103,1048527001
103,103,1048527686
654,111,1048530516
111,111,1048530796
654,111,1048531556
111,111,1048531660
346,111,1048536001
654,111,1048536965
654,111,1048537178
669,111,1048568837
121,97,1048573524
44,111,1048598100
121,111,1048607377
111,111,1048607864
610,111,1048650380
143,316,1048666987
143,316,1048667562
316,316,1048667914
143,316,1048668112
111,111,1048686557
329,316,1048753340
1148,488,1048777676
488,488,1048813695
1148,488,1048819768
488,488,1048827817
610,111,1048828314
51,316,1048830068
111,111,1048831686
506,316,1048831704
316,316,1048831899
13,316,1048832500
51,316,1048832613
51,316,1048833999
670,111,1048839035
671,316,1048840282
506,316,1048845491
111,111,1048848232
316,316,1048891396
335,316,1048903833
670,111,1048905226
670,111,1048905244
323,316,1048913226
316,316,1048913457
316,316,1048913587
323,316,1048913913
316,316,1048914435
323,316,1048914970
316,316,1048916016
506,316,1048917768
316,316,1048918301
51,316,1048923939
111,111,1048963983
111,111,1048964055
111,111,1048970153
671,111,1048973819
672,111,1048974576
13,316,1048977134
323,316,1048978540
610,111,1048989343
610,111,1048989406
111,111,1048999459
148,111,1048999868
53,111,1049007040
3,111,1049018668
111,111,1049019339
671,111,1049019838
111,111,1049020033
316,111,1049053673
111,111,1049053944
316,111,1049054411
111,111,1049054744
111,111,1049054753
50,111,1049077319
110,111,1049078232
590,111,1049079344
673,111,1049080236
506,111,1049082041
674,111,1049085291
111,111,1049088093
342,111,1049088659
111,111,1049089176
111,111,1049089410
111,111,1049089458
111,111,1049096688
111,111,1049097192
97,111,1049102742
111,111,1049103157
148,97,1049103336
148,111,1049103452
506,111,1049111567
111,111,1049112680
506,111,1049113013
3,111,1049113149
111,111,1049113244
675,111,1049121259
340,111,1049123853
111,111,1049124089
610,111,1049127880
111,111,1049128116
610,111,1049128762
44,111,1049178581
506,111,1049180209
111,111,1049180460
341,111,1049231862
341,111,1049231930
341,111,1049232100
673,111,1049245376
111,111,1049268530
673,111,1049273989
111,111,1049297717
341,111,1049341527
50,111,1049348115
506,111,1049349631
506,111,1049356843
111,111,1049358571
506,111,1049358894
316,111,1049358942
159,316,1049359584
316,316,1049359718
159,316,1049361158
123,316,1049361404
506,316,1049364601
506,316,1049365906
316,316,1049366016
349,316,1049366391
506,316,1049369656
316,316,1049370246
111,111,1049385416
332,111,1049387892
111,111,1049388420
332,111,1049389443
341,97,1049411525
316,316,1049438712
316,316,1049439639
506,111,1049445731
111,111,1049468394
676,111,1049474432
342,97,1049515540
506,111,1049516925
506,316,1049518951
111,111,1049524083
316,316,1049525450
677,111,1049525670
678,111,1049526069
111,111,1049526683
506,316,1049527171
677,111,1049527627
111,111,1049527693
677,111,1049528092
111,111,1049540268
506,111,1049687777
111,111,1049689375
111,111,1049690137
341,97,1049692183
341,97,1049692442
97,97,1049693704
50,111,1049698700
111,111,1049698842
677,316,1049769968
677,316,1049770030
679,111,1049819434
111,111,1049820320
341,97,1049851110
1277,316,1049853736
316,316,1049854099
323,316,1049854474
1277,316,1049854693
54,316,1049854770
323,316,1049855083
323,316,1049855186
1277,316,1049855305
506,316,1049855454
316,316,1049855491
44,316,1049855568
506,111,1049865159
111,111,1049867081
316,111,1049867485
506,316,1049868212
674,111,1049900815
316,316,1049920587
393,316,1049945968
393,316,1049946169
316,316,1049946492
393,316,1049949321
121,111,1049977431
111,111,1049977544
121,111,1049977713
103,316,1050004092
316,316,1050004935
1278,316,1050008447
316,316,1050010887
143,316,1050117167
316,316,1050120643
506,111,1050161243
341,97,1050258637
343,97,1050312964
316,316,1050382702
316,316,1050382824
316,316,1050382858
103,103,1050424208
159,316,1050441126
316,316,1050441334
344,97,1050450688
136,316,1050483901
733,316,1050484402
136,316,1050484472
1279,316,1050494066
316,316,1050525005
316,316,1050525169
50,316,1050526014
316,316,1050528380
316,316,1050528831
50,316,1050531661
339,316,1050589358
1280,316,1050589575
339,316,1050590506
1280,316,1050590851
678,316,1050591113
50,316,1050608988
1279,316,1050633407
606,111,1050760607
111,111,1050760840
336,111,1050760918
111,111,1050761037
606,111,1050761493
50,111,1050788245
111,111,1050793193
44,488,1050798743
44,488,1050798769
44,111,1050884400
44,111,1050885071
111,111,1050888737
44,111,1050889738
3,111,1050914672
111,111,1050914740
159,111,1050918245
111,111,1050918503
111,111,1050923791
44,488,1050964619
606,111,1051021625
610,111,1051073476
50,111,1051081624
44,111,1051159536
111,111,1051173335
610,111,1051189182
393,111,1051234546
393,111,1051234581
111,111,1051234691
393,111,1051234858
111,111,1051235131
111,111,1051235174
44,111,1051244623
44,97,1051263567
680,111,1051267112
97,97,1051271142
44,97,1051271310
506,111,1051279419
678,111,1051336765
111,111,1051336860
506,111,1051338214
111,111,1051345595
111,111,1051348854
3,111,1051364199
111,111,1051364324
506,111,1051415116
3,111,1051428578
111,111,1051428629
159,111,1051441046
3,111,1051441174
159,111,1051441347
506,111,1051443459
111,111,1051447269
681,111,1051448908
111,111,1051449197
148,111,1051449425
506,111,1051449555
111,111,1051450201
506,111,1051450677
346,111,1051453886
111,111,1051454327
682,111,1051468521
676,111,1051530125
111,111,1051530208
606,111,1051535760
681,111,1051540131
111,111,1051540364
506,111,1051550341
506,111,1051551950
111,111,1051582534
683,111,1051596690
606,111,1051600275
684,111,1051603233
684,111,1051603258
111,111,1051611536
148,111,1051611700
111,111,1051613004
148,111,1051613256
111,111,1051613507
506,111,1051613785
506,111,1051613846
148,111,1051614383
590,111,1051664652
111,111,1051665597
590,111,1051672615
132,111,1051677322
590,111,1051678392
685,111,1051689655
590,111,1051720443
111,111,1051732269
111,111,1051734603
590,111,1051745230
506,111,1051749294
132,111,1051765938
685,111,1051778621
590,111,1051841374
111,111,1051841886
120,111,1051842424
590,111,1051843157
590,111,1051844216
111,111,1051844602
590,111,1051845147
590,111,1051845380
111,111,1051845545
159,111,1051861152
506,111,1051862384
678,111,1051875838
113,111,1051924825
111,111,1051925162
113,111,1051925406
329,111,1051953240
686,111,1052196099
111,111,1052196322
44,488,1052196487
136,111,1052218662
111,111,1052218780
50,111,1052219766
111,111,1052220460
50,111,1052220723
50,111,1052220879
111,111,1052221348
50,111,1052221481
111,111,1052222457
111,111,1052226748
687,111,1052227122
111,111,1052227915
385,111,1052234498
385,111,1052234907
1150,488,1052234926
1150,488,1052235179
687,111,1052239042
53,111,1052262183
111,111,1052265648
111,111,1052265758
506,488,1052285588
44,488,1052356567
44,488,1052372491
506,111,1052373897
506,111,1052373965
111,111,1052374284
111,111,1052374706
678,111,1052403507
111,111,1052403952
111,111,1052404046
678,111,1052405167
111,111,1052405290
345,97,1052419822
44,488,1052440464
688,111,1052606274
1148,488,1052622114
111,111,1052628963
506,111,1052632788
111,111,1052632994
506,111,1052634782
111,111,1052635005
3,1,1052654678
506,111,1052660569
111,111,1052661604
506,111,1052713793
111,111,1052713855
111,111,1052715069
506,111,1052722498
111,111,1052727981
111,111,1052728273
506,111,1052732459
111,111,1052737543
111,111,1052738024
159,111,1052738641
689,111,1052796855
111,111,1052801678
50,111,1052809961
50,111,1052810067
111,111,1052812284
54,111,1052813065
54,111,1052813118
111,111,1052813343
111,111,1052813658
50,111,1052816181
50,111,1052825705
111,111,1052827054
506,111,1052832813
111,111,1052834244
111,111,1052834704
122,97,1052878534
122,97,1052878692
122,97,1052879405
97,97,1052883990
639,111,1052888792
111,111,1052890117
403,111,1052898350
159,111,1052898833
111,111,1052906041
111,111,1052906543
111,111,1052906725
159,111,1052912189
136,316,1052918417
639,111,1052919401
639,111,1052921150
50,111,1052925161
111,111,1052925296
120,111,1052929945
111,111,1052930058
120,111,1052930197
120,111,1052930280
111,111,1052930565
111,111,1052930921
687,111,1052930930
351,111,1052931745
120,111,1052931835
120,111,1052932521
111,111,1052932903
159,111,1052933096
159,111,1052933130
120,111,1052933203
111,111,1052933983
111,111,1052934145
119,316,1052947618
119,111,1052951706
687,111,1052968548
111,111,1052968721
687,111,1052969174
111,111,1052969272
1148,488,1052973878
1148,488,1052974189
111,111,1052978980
111,111,1052979206
111,111,1052979212
111,111,1052980040
506,111,1052984848
506,111,1052984909
119,316,1052991306
119,103,1052991346
690,111,1053027054
690,111,1053027079
690,111,1053027123
54,111,1053032959
316,316,1053037891
316,316,1053038053
50,316,1053038088
316,316,1053038209
316,316,1053038486
111,111,1053042896
346,97,1053044716
1148,488,1053045421
122,97,1053054946
97,97,1053056351
610,111,1053090988
610,111,1053091035
553,111,1053099042
111,111,1053099102
146,97,1053125317
506,111,1053179868
339,111,1053185184
111,111,1053185756
691,111,1053249818
506,111,1053252848
111,111,1053256505
506,111,1053258247
50,111,1053319629
136,111,1053319787
111,111,1053320071
111,111,1053320245
50,111,1053320450
506,111,1053326807
50,111,1053336707
590,111,1053365655
44,111,1053395468
678,111,1053395763
146,111,1053398204
692,111,1053410656
111,111,1053410797
159,97,1053463380
159,97,1053472156
119,488,1053489488
119,488,1053489533
488,488,1053489641
347,97,1053533194
351,106,1053533198
106,106,1053533748
351,106,1053534260
106,106,1053534652
351,106,1053534747
106,106,1053537682
106,106,1053537977
351,106,1053543635
351,106,1053543659
97,97,1053569522
347,97,1053592294
136,111,1053607729
111,111,1053608299
111,111,1053608320
136,111,1053609975
111,111,1053610092
136,111,1053610191
111,111,1053610255
258,111,1053613407
111,111,1053613547
44,111,1053663071
44,111,1053667824
111,111,1053675975
171,111,1053676138
44,111,1053676825
111,111,1053698045
2,485,1053706065
50,111,1053772177
111,111,1053772407
50,111,1053772504
50,111,1053773160
111,111,1053773858
111,111,1053773874
693,111,1053867211
693,111,1053867251
111,111,1053867516
693,111,1053867586
693,111,1053897714
694,111,1053928888
111,111,1053929200
693,111,1053929582
55,111,1053929707
111,111,1053929870
694,111,1053945718
111,111,1053946382
159,111,1053946810
111,111,1053947338
329,111,1053972277
111,111,1053999968
329,111,1054000386
111,111,1054001082
329,111,1054001785
505,106,1054007093
106,106,1054049414
492,492,1054079719
3,111,1054120453
111,111,1054120735
55,111,1054125320
111,111,1054125517
348,97,1054191396
348,97,1054193339
506,111,1054195830
678,111,1054220753
111,111,1054220905
111,111,1054220919
111,111,1054244807
695,111,1054247785
111,111,1054248925
111,111,1054249162
55,111,1054258787
696,111,1054378515
111,111,1054379510
50,111,1054384875
332,111,1054392024
349,97,1054420292
50,97,1054420975
697,111,1054440757
111,111,1054442102
698,111,1054442153
678,111,1054449672
121,111,1054451081
111,111,1054468245
111,111,1054468293
350,97,1054749003
119,316,1054773623
119,103,1054773654
97,97,1054775044
121,97,1054784995
119,316,1054852314
119,103,1054852334
121,97,1054879922
699,111,1054886719
700,111,1054960995
700,111,1054961096
316,316,1054963127
50,316,1054963258
316,316,1054963362
50,316,1054963416
316,316,1054963471
120,103,1054999085
506,106,1055037978
106,106,1055039372
506,106,1055042664
507,106,1055044405
106,106,1055047766
506,106,1055048598
507,106,1055051595
50,316,1055062469
50,103,1055062624
506,111,1055066957
111,111,1055074434
506,111,1055080320
132,97,1055113809
50,111,1055122651
111,111,1055124426
693,111,1055133174
111,111,1055133296
50,111,1055133698
111,111,1055136104
506,111,1055151022
111,111,1055152013
325,111,1055215830
111,111,1055223955
348,97,1055224453
121,97,1055227949
506,111,1055242863
111,111,1055243225
553,111,1055252223
50,111,1055253232
111,111,1055253878
50,111,1055253985
50,111,1055254440
50,111,1055254661
590,111,1055257206
590,111,1055257241
111,111,1055258251
678,111,1055260879
590,111,1055261050
111,111,1055261135
120,111,1055265431
111,111,1055265632
678,111,1055268849
111,111,1055268970
147,563,1055286004
316,316,1055288450
316,316,1055289490
316,316,1055289555
50,316,1055290551
54,316,1055301324
53,111,1055302648
111,111,1055302738
111,111,1055302914
111,316,1055303913
50,111,1055309856
609,111,1055311929
122,106,1055392447
1281,316,1055397757
678,316,1055397768
148,316,1055401573
50,97,1055421554
50,111,1055421603
106,106,1055430542
506,316,1055460008
506,316,1055460048
316,316,1055460300
132,316,1055462550
506,111,1055468263
111,111,1055470968
111,111,1055471160
50,316,1055476080
50,97,1055476639
506,111,1055487259
111,111,1055487795
506,111,1055490111
111,111,1055490405
677,111,1055490637
111,111,1055491891
677,111,1055495038
677,111,1055495411
346,111,1055508839
111,111,1055512096
346,111,1055515373
346,111,1055515389
111,111,1055515984
701,111,1055517294
111,111,1055517455
111,111,1055517970
316,111,1055536705
111,111,1055585731
346,111,1055598671
506,111,1055602704
111,111,1055607961
111,111,1055608030
702,111,1055627360
111,111,1055630959
506,111,1055678060
703,111,1055683184
111,111,1055683908
393,111,1055685143
111,111,1055685439
346,111,1055685587
111,111,1055686548
506,111,1055690713
346,111,1055690992
111,111,1055691974
329,111,1055694694
506,111,1055736243
111,111,1055749299
506,111,1055760233
111,111,1055760356
346,111,1055774821
329,111,1055775012
111,111,1055775355
329,111,1055776909
111,111,1055777620
346,111,1055779720
346,111,1055781376
111,111,1055781706
704,111,1055814506
111,111,1055814815
704,111,1055815136
111,111,1055815540
704,111,1055815682
111,111,1055816103
111,111,1055816138
704,111,1055816760
111,111,1055816997
131,111,1055822742
111,111,1055829868
705,111,1055831793
705,111,1055832442
111,111,1055833316
705,111,1055834749
506,111,1055846721
393,111,1055851163
393,111,1055852308
3,111,1055852384
393,111,1055853570
3,111,1055853757
393,111,1055854007
111,111,1055854082
3,111,1055854512
111,111,1055854652
506,111,1055854787
3,111,1055855176
393,111,1055855422
131,111,1055856975
506,111,1055857592
506,111,1055921193
506,111,1055921322
111,111,1055925687
706,111,1055944081
707,111,1055982198
351,97,1055994940
351,97,1055996193
351,97,1055996253
351,97,1055996324
97,97,1055996700
142,106,1056005932
506,111,1056009786
708,111,1056010313
50,111,1056010559
50,111,1056010573
111,111,1056014991
506,111,1056019487
106,106,1056036308
351,97,1056055095
351,97,1056056472
351,97,1056056551
351,97,1056056591
97,97,1056061630
142,106,1056069467
121,103,1056103356
506,111,1056104179
111,111,1056104421
553,111,1056105680
506,111,1056106359
506,111,1056106462
103,103,1056123951
54,111,1056127266
506,111,1056158308
590,111,1056158725
111,111,1056159217
590,111,1056159467
111,111,1056159819
54,111,1056161856
111,111,1056162098
111,111,1056163914
111,111,1056163989
54,111,1056164402
351,97,1056186568
97,97,1056194283
709,111,1056208994
111,111,1056209147
154,111,1056233889
351,97,1056235897
351,97,1056235926
346,111,1056238247
346,111,1056238269
44,111,1056242754
506,111,1056256434
54,111,1056257434
111,111,1056264438
54,111,1056264738
111,111,1056265254
54,111,1056265623
111,111,1056265827
710,111,1056266098
54,111,1056266428
132,111,1056270437
506,111,1056274604
153,111,1056330703
153,111,1056330785
111,111,1056345940
676,111,1056347586
111,111,1056347738
97,97,1056350615
131,111,1056376645
111,111,1056376972
131,111,1056380209
508,106,1056382414
711,111,1056403644
711,111,1056418550
509,106,1056428198
712,111,1056428529
50,111,1056445673
111,111,1056445930
506,111,1056454095
54,111,1056461039
111,111,1056461905
54,111,1056463611
111,111,1056464103
54,111,1056464664
111,111,1056465140
54,111,1056465257
54,111,1056465275
54,111,1056465367
111,111,1056465682
111,111,1056465724
111,111,1056466887
106,106,1056467722
346,111,1056469705
111,111,1056469850
1282,316,1056485190
154,111,1056494486
111,111,1056496929
678,111,1056514943
705,111,1056517570
678,111,1056519031
121,111,1056519484
705,111,1056520747
121,111,1056524505
159,111,1056526041
111,111,1056541852
506,111,1056610239
711,111,1056652344
111,111,1056654234
131,111,1056659033
678,111,1056673731
154,111,1056675559
713,111,1056710439
711,111,1056718281
506,111,1056718879
1148,488,1056784768
132,111,1056950798
111,111,1056962567
590,111,1056984112
132,111,1056993070
590,111,1056993411
111,111,1057011686
693,111,1057013595
119,111,1057030888
111,111,1057031400
119,316,1057031738
171,111,1057052138
50,487,1057058578
553,487,1057063187
50,486,1057063667
131,111,1057095326
111,111,1057102270
761,488,1057108955
50,316,1057112354
171,111,1057126407
508,111,1057156544
351,106,1057181353
106,106,1057182157
351,106,1057182674
351,106,1057182737
351,106,1057182831
106,106,1057183459
106,106,1057184375
106,106,1057185446
106,106,1057185731
488,488,1057188082
508,111,1057188749
352,97,1057189100
761,488,1057205304
761,488,1057206137
393,111,1057297852
111,111,1057299055
171,111,1057311010
111,111,1057312391
111,111,1057329696
506,111,1057396275
111,111,1057459966
714,111,1057467926
111,111,1057468321
714,111,1057468492
714,111,1057469068
715,111,1057470357
715,111,1057470417
111,111,1057491137
716,111,1057503572
111,111,1057506086
393,111,1057513361
50,111,1057554576
715,111,1057556186
111,111,1057556720
111,111,1057556754
715,111,1057558716
717,111,1057662728
111,111,1057663035
718,111,1057692715
718,111,1057711258
111,111,1057711660
50,111,1057791903
111,111,1057793611
119,97,1057799311
698,111,1057810160
111,111,1057810226
698,111,1057810365
719,111,1057826657
111,111,1057826833
719,111,1057827183
123,111,1057847614
111,111,1057847767
120,111,1057893250
111,111,1057893411
120,111,1057894148
111,111,1057895561
590,111,1057900794
111,111,1057901013
506,111,1057909788
111,111,1057910102
506,111,1057918599
121,111,1057923279
111,111,1057923603
121,111,1057923709
121,111,1057926466
111,111,1057926859
693,111,1057994091
685,111,1057994310
111,111,1058004232
693,111,1058005298
506,111,1058008871
506,111,1058009254
111,111,1058015656
50,111,1058042753
316,316,1058097144
111,111,1058098588
50,316,1058109460
720,111,1058158908
111,111,1058159122
19,103,1058159691
720,111,1058159783
111,111,1058160029
111,111,1058160044
123,111,1058191979
111,111,1058193078
553,111,1058193888
111,111,1058194215
50,111,1058195429
111,111,1058195731
721,111,1058199616
111,111,1058199722
721,111,1058200286
19,103,1058210806
722,111,1058238435
111,111,1058240727
506,111,1058256293
50,97,1058260880
50,97,1058260917
723,111,1058265120
119,111,1058269551
111,111,1058277464
590,111,1058281788
590,111,1058283193
610,111,1058288585
111,111,1058312054
654,111,1058317243
590,111,1058322004
590,111,1058322096
111,111,1058322134
654,111,1058323151
724,111,1058351136
724,111,1058351435
111,111,1058352762
346,111,1058361289
111,111,1058361662
346,111,1058362449
590,111,1058367147
159,111,1058370230
111,111,1058371087
54,111,1058372248
159,111,1058372948
351,111,1058383576
154,111,1058394466
111,111,1058411628
722,111,1058413047
722,111,1058413132
699,111,1058427196
506,111,1058427319
699,111,1058428286
19,103,1058463631
154,111,1058471034
685,111,1058490543
111,111,1058492036
590,111,1058499418
111,111,1058499673
111,111,1058499725
590,111,1058499832
111,111,1058500771
54,111,1058534804
111,111,1058535195
54,111,1058535582
111,111,1058535939
610,111,1058536325
111,111,1058536474
54,111,1058536697
111,111,1058537152
54,111,1058537612
111,111,1058538030
54,111,1058538311
111,111,1058538472
54,111,1058538818
111,111,1058539715
54,111,1058540382
111,111,1058541109
725,111,1058543092
590,111,1058543429
725,111,1058553998
669,111,1058554761
111,111,1058573370
508,111,1058649977
111,111,1058691197
553,111,1058692839
111,111,1058693251
726,111,1058862950
111,111,1058863393
111,111,1058870495
111,111,1058871560
111,111,1058871577
111,111,1058876889
577,111,1058878270
111,111,1058878731
727,111,1058888923
727,111,1058888984
723,316,1058889058
111,111,1058889650
316,316,1058904193
50,111,1058940296
111,111,1058940431
50,111,1058940657
111,111,1058941085
50,111,1058941325
351,111,1058958239
111,111,1058959436
351,111,1058959586
693,111,1059003129
693,111,1059011078
606,111,1059029320
606,111,1059029378
351,111,1059029777
111,111,1059033454
111,111,1059039568
728,111,1059046234
111,111,1059048421
123,111,1059055370
729,111,1059092080
50,111,1059106396
111,111,1059108981
709,111,1059109090
111,111,1059109243
709,111,1059109450
50,111,1059112545
709,111,1059112800
506,111,1059124513
728,111,1059127297
50,111,1059143393
111,111,1059143533
111,111,1059143652
111,111,1059144282
50,111,1059144633
351,111,1059172982
506,111,1059275427
730,111,1059279404
111,111,1059280640
111,111,1059280684
111,111,1059280867
553,111,1059280962
111,111,1059281037
111,111,1059281373
111,111,1059281390
506,111,1059283670
111,111,1059293616
111,111,1059310999
508,111,1059313646
111,111,1059313749
508,111,1059314181
111,111,1059314241
654,111,1059334693
111,111,1059341624
654,111,1059345488
506,111,1059377774
111,111,1059378100
731,111,1059379367
111,111,1059380219
731,111,1059381524
111,111,1059478046
111,111,1059478100
508,111,1059507282
731,111,1059507415
111,111,1059507657
688,111,1059508324
111,111,1059508468
111,111,1059508468
111,111,1059508468
688,111,1059508701
709,111,1059508884
111,111,1059509173
54,111,1059513789
111,111,1059514314
732,111,1059539434
111,111,1059541002
508,111,1059544456
132,111,1059545940
688,111,1059617036
688,111,1059617303
111,111,1059617595
688,111,1059618219
132,111,1059621304
121,111,1059654300
111,111,1059654509
121,111,1059654781
122,103,1059660614
351,111,1059700124
111,111,1059701807
351,111,1059702442
351,111,1059702458
351,111,1059702478
351,111,1059702542
639,111,1059713591
111,111,1059713753
121,111,1059713983
110,111,1059747817
111,111,1059832969
123,111,1059843132
688,111,1059848118
688,111,1059848160
688,111,1059848206
111,111,1059849139
111,111,1059849214
593,111,1059850476
593,111,1059851447
593,111,1059851584
111,111,1059885385
121,111,1059887257
111,111,1059887683
111,111,1059887743
121,111,1059888176
111,111,1059888478
111,111,1059888511
121,111,1059888897
111,111,1059888968
121,111,1059889407
593,111,1059893549
111,111,1059904353
346,111,1059923196
121,111,1059923396
346,111,1059923763
111,111,1059926666
593,111,1059929258
600,111,1059962856
54,111,1059966566
111,111,1059978768
111,111,1059979116
111,111,1059979367
54,111,1059987473
111,111,1059987897
610,316,1060008777
610,316,1060008839
723,316,1060009202
121,111,1060024558
111,111,1060049108
343,111,1060049236
111,111,1060049458
132,111,1060057936
54,111,1060088998
111,111,1060089172
553,111,1060089270
679,111,1060094264
111,111,1060096214
679,111,1060096849
111,111,1060097188
679,111,1060097487
143,111,1060147455
119,316,1060151011
123,111,1060168085
111,111,1060168252
111,111,1060168379
506,111,1060189714
506,111,1060191143
506,111,1060191217
506,111,1060191372
38,97,1060261061
733,111,1060307607
111,111,1060307899
734,111,1060308269
50,111,1060329081
111,111,1060337588
353,97,1060368936
735,111,1060387707
50,111,1060399596
111,111,1060399782
50,111,1060400022
111,111,1060400205
50,111,1060400434
50,111,1060400552
134,111,1060403348
608,111,1060406906
111,111,1060407901
506,111,1060424525
111,111,1060439394
111,111,1060439550
54,111,1060450608
736,111,1060536461
111,111,1060537136
736,111,1060537653
736,111,1060547020
506,111,1060578524
111,111,1060578790
110,111,1060585405
121,111,1060613668
50,111,1060618709
354,97,1060710724
354,97,1060710773
358,316,1060723716
126,316,1060724041
316,316,1060724164
50,111,1060785961
506,316,1060813352
316,316,1060813707
506,316,1060815133
1269,316,1060817910
316,316,1060818476
316,316,1060820690
737,111,1060822613
1269,316,1060823677
111,111,1060826629
737,111,1060830559
111,111,1060832373
316,316,1060834899
316,316,1060835983
111,111,1060838557
119,111,1060840219
111,111,1060840427
506,111,1060844415
506,111,1060846767
111,111,1060870833
738,111,1060874098
132,111,1060879263
316,316,1060891213
739,111,1060897744
316,316,1060899569
126,316,1060903619
316,316,1060904482
506,111,1060913595
111,111,1060916110
590,111,1060917281
111,111,1060917719
698,316,1060919196
337,316,1060940192
111,111,1060957171
111,111,1060959805
111,111,1060961413
111,111,1060962176
131,111,1060970753
131,111,1060970824
111,111,1061002622
111,111,1061002668
337,316,1061004151
506,111,1061004455
111,111,1061004967
5,111,1061007133
111,111,1061014936
506,111,1061019165
111,111,1061019618
676,111,1061021440
111,111,1061024244
111,111,1061028296
506,111,1061028459
111,111,1061028588
346,111,1061039908
111,111,1061040016
131,111,1061057530
111,111,1061057771
111,111,1061096376
337,316,1061100320
337,111,1061100384
111,111,1061100615
337,111,1061101116
111,111,1061101256
134,111,1061103655
111,111,1061103798
740,111,1061108145
111,111,1061108761
741,111,1061109267
111,111,1061109551
742,111,1061158722
119,111,1061176160
50,111,1061188020
111,111,1061189285
111,111,1061210855
111,111,1061218265
134,111,1061238130
743,111,1061238305
1283,316,1061271573
590,111,1061273281
337,316,1061295593
316,316,1061325439
654,316,1061327518
337,316,1061360483
337,316,1061363608
337,316,1061363654
38,316,1061375047
5,111,1061379397
131,111,1061393456
316,316,1061411433
1284,316,1061423481
1284,316,1061423594
316,316,1061428102
337,316,1061449229
123,97,1061458012
120,316,1061607339
1284,316,1061611822
723,316,1061626681
723,316,1061627843
723,316,1061627992
120,316,1061636207
120,316,1061636295
120,316,1061636331
393,316,1061775612
393,316,1061775655
132,316,1061780301
132,487,1061843295
316,316,1061845474
316,316,1061846077
723,316,1061855491
1148,488,1061859260
393,316,1061885272
744,111,1061889664
111,111,1061899960
111,111,1061900069
111,111,1061901994
132,316,1061939598
590,111,1061963131
393,111,1062009068
50,316,1062016767
316,316,1062017042
50,316,1062017253
316,316,1062018312
111,111,1062038562
1285,316,1062050302
123,103,1062063105
123,316,1062063366
123,97,1062063468
679,316,1062105576
50,316,1062106341
679,316,1062107169
50,316,1062117260
316,316,1062128866
50,316,1062130699
123,103,1062144197
123,316,1062184039
1148,316,1062200881
111,111,1062207675
316,316,1062209701
354,97,1062212204
1284,316,1062220521
393,111,1062258693
111,111,1062262972
126,111,1062300416
111,111,1062301194
126,111,1062302115
111,111,1062307777
111,111,1062307806
126,111,1062308007
111,111,1062308158
703,111,1062331679
690,111,1062336126
744,111,1062437845
744,111,1062438114
703,111,1062489776
159,111,1062515257
316,316,1062534300
1286,316,1062551237
133,316,1062552194
316,316,1062552568
5,316,1062559262
393,316,1062559734
5,316,1062560333
316,316,1062560578
393,316,1062561290
316,316,1062562147
316,316,1062562424
5,316,1062562966
5,111,1062563534
693,111,1062676862
693,111,1062677140
693,111,1062677174
693,111,1062677750
553,316,1062721731
316,316,1062722008
316,316,1062729067
590,316,1062730474
316,316,1062731058
590,316,1062731275
590,316,1062731322
294,316,1062733256
111,111,1062735980
147,111,1062742115
111,111,1062742573
123,316,1062744659
123,316,1062745242
693,111,1062761277
111,111,1062763932
693,111,1062764890
111,111,1062765843
111,111,1062765866
693,111,1062765959
693,111,1062766080
693,111,1062766191
111,111,1062766294
111,111,1062766388
693,111,1062766633
693,111,1062767432
111,111,1062767749
693,111,1062767880
111,111,1062768183
693,111,1062768548
393,111,1062769366
111,111,1062769533
111,111,1062769551
393,111,1062769711
316,316,1062794373
133,316,1062812636
316,316,1062812854
21,20,1063130276
159,111,1063293807
590,111,1063295089
111,111,1063295299
126,97,1063306956
126,97,1063306983
124,103,1063308752
126,97,1063317604
126,97,1063317685
685,111,1063323816
745,111,1063462936
510,106,1063538609
577,111,1063609772
606,111,1063671941
1148,488,1063683362
693,111,1063711819
111,111,1063712147
488,488,1063756091
1148,488,1063867280
346,111,1063898006
111,111,1063900340
393,316,1064021353
125,316,1064031807
125,316,1064031876
125,103,1064032358
126,103,1064247429
127,103,1064248246
316,316,1064281257
316,316,1064281708
393,316,1064286169
316,316,1064287637
134,111,1064323521
393,316,1064343274
693,111,1064402361
346,111,1064407895
111,111,1064408624
1206,316,1064439003
393,111,1064493952
111,111,1064514093
159,316,1064522369
1287,316,1064547716
316,316,1064547947
132,316,1064552351
316,316,1064552507
132,316,1064552730
393,316,1064556389
506,316,1064561565
114,316,1064568182
506,316,1064569488
132,316,1064589858
316,316,1064617838
343,316,1064620346
762,316,1064624416
316,316,1064625199
132,316,1064629673
316,316,1064630288
703,111,1064819387
343,97,1064825562
97,97,1064857384
54,316,1064986105
393,111,1065006805
393,111,1065007560
111,111,1065008613
393,111,1065008963
111,111,1065009689
393,111,1065010687
337,316,1065054109
99,316,1065083502
121,111,1065105106
590,111,1065105493
111,111,1065106118
316,316,1065128121
746,111,1065141557
111,111,1065155428
134,316,1065172734
590,111,1065193511
111,111,1065223915
861,316,1065246013
147,316,1065249581
132,316,1065250107
1288,316,1065254757
1289,316,1065255372
316,316,1065255695
1289,316,1065255797
1289,316,1065256407
316,316,1065256686
1289,316,1065257271
1290,316,1065259607
1291,316,1065262255
1291,316,1065262271
316,316,1065262416
1291,316,1065262514
1286,316,1065262571
1291,316,1065262617
1286,316,1065262645
316,316,1065262760
1288,316,1065273134
1292,316,1065276588
746,111,1065287374
54,111,1065428035
553,111,1065496715
553,111,1065497705
690,111,1065524386
111,111,1065524685
111,111,1065531328
316,316,1065675257
99,98,1065688586
134,316,1065764858
747,111,1065792151
134,111,1065815566
1293,316,1065825497
111,111,1065841453
132,111,1065844779
748,111,1065851522
124,111,1065852459
748,111,1065853017
134,111,1065853492
123,111,1065854441
803,316,1065939000
1294,316,1065986219
121,111,1066015107
111,111,1066017321
590,111,1066056171
316,316,1066095280
316,316,1066100895
403,106,1066103430
393,316,1066103922
1295,316,1066104767
106,106,1066107288
1294,316,1066122529
1295,316,1066123321
698,316,1066123899
703,111,1066224698
703,111,1066224792
111,111,1066224982
703,111,1066225414
111,111,1066225699
703,111,1066225945
111,111,1066226328
2,97,1066248732
2,97,1066248983
97,97,1066250456
1206,316,1066266539
316,316,1066272390
1290,316,1066275415
316,316,1066275824
1290,316,1066275961
316,316,1066280219
693,111,1066414487
698,316,1066434263
134,111,1066588012
111,111,1066651846
749,111,1066657338
111,111,1066658947
134,111,1066698941
896,488,1066699454
111,111,1066723933
750,111,1066730722
111,111,1066731361
750,111,1066732376
631,316,1066782790
128,103,1066785236
725,111,1066795893
725,111,1066796427
111,111,1066802860
114,488,1066996654
114,488,1066997151
698,316,1067037240
316,316,1067042015
669,316,1067049444
751,111,1067138892
54,97,1067243532
97,97,1067244085
54,97,1067245228
97,97,1067249317
54,97,1067250238
506,316,1067259695
97,97,1067292136
54,97,1067293061
316,316,1067294159
669,316,1067360176
316,316,1067380584
316,316,1067380832
669,316,1067383098
316,316,1067384071
654,316,1067389325
316,316,1067397527
654,316,1067399230
140,97,1067421746
97,97,1067452570
140,97,1067454360
97,97,1067454950
316,316,1067471369
123,111,1067532390
752,316,1067635047
1296,316,1067644343
752,316,1067648214
752,316,1067648232
752,316,1067648264
752,111,1067858502
111,111,1067861823
752,111,1067863177
752,111,1067863189
111,111,1067864218
111,111,1067864453
111,111,1067864508
121,111,1067867925
111,111,1067868189
121,111,1067868359
1297,316,1067985072
134,316,1067988287
316,316,1067989219
134,316,1067991271
316,316,1067991631
134,316,1067992105
134,111,1068018101
753,111,1068045332
111,111,1068082588
653,111,1068156886
1298,316,1068159870
316,316,1068160281
754,111,1068222550
1206,316,1068248251
316,316,1068248500
698,316,1068251115
316,316,1068252900
111,111,1068257298
679,111,1068259262
99,316,1068271775
99,316,1068271966
1299,316,1068276618
114,111,1068292181
111,111,1068292352
755,111,1068306418
134,111,1068317040
121,97,1068339635
146,111,1068402368
111,111,1068403823
134,111,1068417387
111,111,1068447950
703,111,1068460182
111,111,1068461056
110,111,1068462962
110,111,1068462976
111,111,1068463209
111,111,1068463241
134,111,1068465641
151,111,1068525453
756,111,1068563233
111,111,1068563599
756,111,1068570214
111,111,1068570420
756,111,1068570573
756,111,1068570639
111,111,1068570789
756,111,1068571282
756,111,1068571327
111,111,1068572543
756,111,1068574217
756,111,1068574295
111,111,1068574482
111,111,1068574514
756,111,1068574904
756,111,1068574995
132,111,1068619566
355,97,1068633333
757,111,1068637219
758,111,1068650209
758,111,1068650640
758,111,1068650923
111,111,1068651080
111,111,1068651142
654,111,1068652433
111,111,1068652698
131,111,1068673806
97,97,1068675363
512,488,1068705971
114,111,1068723261
114,111,1068723295
511,106,1068785225
512,106,1068790017
512,106,1068790994
506,111,1068793064
512,111,1068817688
759,111,1068828578
759,111,1068828720
759,111,1068829135
148,97,1068867457
513,106,1068870324
97,97,1068872253
132,111,1068881621
132,111,1068938519
146,97,1069005236
146,97,1069005784
97,97,1069021073
97,97,1069021398
134,111,1069064498
111,111,1069064666
134,111,1069065063
760,111,1069133269
111,111,1069133621
761,111,1069306339
111,111,1069309729
356,97,1069397050
356,97,1069397089
136,111,1069419017
753,111,1069419611
762,111,1069460148
111,111,1069467466
97,97,1069471933
134,111,1069476403
761,111,1069477725
129,103,1069481850
740,111,1069756836
111,111,1069772421
111,111,1069772607
751,111,1069809939
111,111,1069830880
111,111,1069939050
146,111,1069952203
111,111,1069952502
136,111,1069952826
159,111,1069953750
111,111,1069954182
136,111,1069957171
111,111,1069992451
130,106,1069994469
106,106,1070036504
763,111,1070076602
749,111,1070216819
111,111,1070216970
111,111,1070217009
763,111,1070290443
111,111,1070292397
146,111,1070381791
111,111,1070381957
110,111,1070525701
111,111,1070526636
693,111,1070638263
703,111,1070638541
111,111,1070638736
693,111,1070672051
130,103,1070674152
130,103,1070677800
1151,488,1070678398
134,111,1070732391
111,111,1070732580
99,97,1070881577
131,103,1070920846
131,103,1071018522
512,106,1071022411
131,103,1071030860
131,103,1071031492
134,111,1071132341
1148,488,1071281300
1148,488,1071283814
132,103,1071372855
140,111,1071417397
111,111,1071417789
140,111,1071418344
111,111,1071418838
140,111,1071419623
103,103,1071437911
134,111,1071448559
111,111,1071453621
764,111,1071551367
758,111,1071559763
393,111,1071562572
758,111,1071574147
758,111,1071574347
758,111,1071578258
758,111,1071629916
111,111,1071630101
342,111,1071646263
133,103,1071652792
130,97,1071662212
134,111,1071663507
765,111,1071675953
111,111,1071681314
97,97,1071690775
134,103,1071714815
134,103,1071780927
134,103,1071780986
1148,488,1071817076
766,111,1071825071
111,111,1071825595
357,97,1071883433
110,103,1071916466
1152,488,1071940059
358,97,1071979345
488,488,1072067221
488,488,1072067295
1152,488,1072160088
358,97,1072312357
358,97,1072327871
767,111,1072573701
767,111,1072573758
111,111,1072582042
768,111,1072796687
111,111,1072802496
129,111,1072806763
111,111,1072807346
111,111,1072807365
768,111,1072813508
342,111,1072819350
342,111,1072819755
134,111,1072820921
111,111,1072887872
769,111,1073003900
770,111,1073024595
771,111,1073067771
111,111,1073104855
403,106,1073117011
403,106,1073117194
111,111,1073131155
335,111,1073133475
111,111,1073133715
335,111,1073133987
771,111,1073141921
111,111,1073142575
772,111,1073147743
111,111,1073147894
772,111,1073148621
111,111,1073148842
106,106,1073151878
772,111,1073162280
114,111,1073162546
111,111,1073193969
54,111,1073196823
690,111,1073267217
111,111,1073285514
335,111,1073364530
752,111,1073384337
346,111,1073398584
111,111,1073398875
514,106,1073442080
106,106,1073445388
773,111,1073470826
773,111,1073471050
111,111,1073472782
359,97,1073513281
690,111,1073562140
39,488,1073685229
360,97,1073719635
488,488,1073822394
360,97,1073832987
335,111,1073904255
111,111,1073904969
111,111,1073912317
123,111,1074015740
111,111,1074016907
767,111,1074172995
767,111,1074173008
514,106,1074225137
137,111,1074243711
111,111,1074251169
111,111,1074251446
767,111,1074267811
44,111,1074299307
690,111,1074304618
134,111,1074335654
772,111,1074336524
111,111,1074338786
339,111,1074361475
336,111,1074430360
335,111,1074433344
740,111,1074434117
111,111,1074437905
343,111,1074478690
343,111,1074479837
343,111,1074480210
740,111,1074495008
740,111,1074495407
111,111,1074506996
111,111,1074507030
774,111,1074507817
690,111,1074512993
111,111,1074516794
111,111,1074516963
775,111,1074546454
111,111,1074578313
111,111,1074578615
361,97,1074581700
361,97,1074581998
361,97,1074582496
361,97,1074582794
361,97,1074583101
361,97,1074583109
361,97,1074583259
361,97,1074583330
361,97,1074583449
690,111,1074633319
151,111,1074657008
111,111,1074669533
135,103,1074760473
776,111,1074846365
690,111,1074941872
703,111,1074957512
111,111,1074957715
97,106,1074974789
106,106,1074989192
767,111,1074996882
767,111,1074997067
111,111,1075019039
136,103,1075035980
136,103,1075035999
777,111,1075068497
111,111,1075068692
777,111,1075070594
111,111,1075070887
111,111,1075070957
777,111,1075075154
704,111,1075079551
111,111,1075079718
758,111,1075102074
111,111,1075128839
137,103,1075185415
138,103,1075185583
103,103,1075229659
778,111,1075428537
778,111,1075428746
610,111,1075457558
610,111,1075457844
111,111,1075462388
337,111,1075470734
610,111,1075477887
114,111,1075532151
111,111,1075533046
114,111,1075533364
111,111,1075533683
114,111,1075533982
111,111,1075534483
111,111,1075534843
114,111,1075534924
111,111,1075535241
114,111,1075535352
114,111,1075535390
111,111,1075535507
114,111,1075535632
778,111,1075542595
111,111,1075543408
778,111,1075548547
610,111,1075552796
111,111,1075552923
779,111,1075627322
779,111,1075627410
111,111,1075651390
779,111,1075675347
354,97,1075681292
111,111,1075705558
779,111,1075706383
111,111,1075706523
779,111,1075706921
111,111,1075707176
779,111,1075707333
111,111,1075707499
779,111,1075707651
111,111,1075707837
779,111,1075708145
111,111,1075708536
635,111,1075717106
111,111,1075717279
635,111,1075717931
111,111,1075718113
111,111,1075718132
111,111,1075718146
97,97,1075767247
778,111,1075815060
111,111,1075826284
780,111,1075844450
781,111,1075845031
778,111,1075853072
778,111,1075853091
778,111,1075853303
111,111,1075871157
111,111,1075871266
111,111,1075871310
778,111,1075878709
778,111,1075878764
111,111,1075882304
778,111,1075882848
778,111,1075882905
111,111,1075883139
778,111,1075883729
111,111,1075883990
690,111,1075884264
778,111,1075884881
145,111,1075952290
778,111,1075971630
111,111,1075971787
778,111,1075972510
778,111,1075972546
778,111,1075973694
134,111,1075974628
111,111,1075975999
134,111,1075976252
111,111,1075977016
111,111,1075977069
782,111,1075980559
111,111,1075994850
151,111,1076000392
159,111,1076003426
111,111,1076003557
139,103,1076030105
783,111,1076076947
778,111,1076077598
111,111,1076077727
784,111,1076090355
111,111,1076090604
693,111,1076163443
693,111,1076165225
111,111,1076165384
120,111,1076165510
111,111,1076165871
111,111,1076165878
693,111,1076167418
785,111,1076192462
786,111,1076194193
58,111,1076205778
120,111,1076218348
2,111,1076272584
787,111,1076287467
111,111,1076345709
788,111,1076351034
788,111,1076361727
362,97,1076365708
97,97,1076367495
111,111,1076397986
134,111,1076401054
346,111,1076429693
111,111,1076431104
111,111,1076431566
363,97,1076432597
1153,488,1076483146
97,97,1076495934
52,111,1076592430
151,97,1076638883
335,111,1076643309
778,111,1076671528
111,111,1076677315
778,111,1076680277
111,111,1076681288
336,111,1076682665
111,111,1076688141
154,111,1076717408
789,111,1076740663
111,111,1076741486
337,111,1076747122
111,111,1076748791
111,111,1076749488
111,111,1076749525
790,111,1076749675
111,111,1076749987
791,111,1076752296
111,111,1076753177
791,111,1076753784
111,111,1076754272
791,111,1076754562
111,111,1076754691
791,111,1076755737
138,1236,1076777569
134,111,1076814908
111,111,1076815280
364,97,1076832230
97,97,1076834799
792,111,1076844417
111,111,1076844976
792,111,1076845056
111,111,1076845206
134,97,1076933337
1236,1236,1076945600
1236,1236,1076946984
140,103,1076952646
788,111,1076965301
97,97,1076969479
495,492,1076970915
495,492,1076970978
759,111,1076994051
111,111,1076995440
151,111,1076996939
111,111,1076997188
151,111,1077000086
111,111,1077001980
783,111,1077003547
111,111,1077003718
138,1236,1077147985
111,111,1077177438
778,111,1077180310
111,111,1077180379
793,111,1077181331
372,111,1077189214
372,111,1077189256
111,111,1077189539
151,111,1077196672
1236,1236,1077198512
794,111,1077200820
111,111,1077214699
372,111,1077234808
372,111,1077266445
111,111,1077266533
372,111,1077266621
111,111,1077266783
111,111,1077266910
372,111,1077267076
794,111,1077268546
693,111,1077289869
111,111,1077290059
791,111,1077295761
791,111,1077295904
111,111,1077299814
791,111,1077311032
393,111,1077419261
111,111,1077425435
54,111,1077475858
795,111,1077476013
111,111,1077476491
796,111,1077486705
748,111,1077498547
132,111,1077499316
54,111,1077504777
111,111,1077512470
54,111,1077513497
12,111,1077537167
111,111,1077537693
797,111,1077577607
111,111,1077578340
363,97,1077602042
798,111,1077635947
111,111,1077636158
610,111,1077641623
111,111,1077641842
799,111,1077661639
799,111,1077661650
111,111,1077661865
798,111,1077662513
111,111,1077662695
799,111,1077663614
111,111,1077664071
800,111,1077671308
111,111,1077671593
1148,488,1077672384
800,111,1077672828
111,111,1077673006
800,111,1077674327
111,111,1077674751
123,111,1077699621
744,111,1077733538
111,111,1077733774
744,111,1077734224
111,111,1077734305
744,111,1077736454
111,111,1077736729
365,97,1077751556
137,111,1077759548
12,10,1077764121
728,111,1077809414
744,111,1077812028
111,111,1077816194
143,111,1077818044
111,111,1077818270
97,97,1077830925
365,97,1077840201
1148,488,1077882006
801,111,1077886044
488,488,1077888687
151,111,1077890185
111,111,1077896293
85,83,1077919309
111,111,1077944894
690,111,1077970915
111,111,1077973711
136,111,1078060434
111,111,1078073865
679,111,1078082277
111,111,1078082487
679,111,1078082737
151,111,1078129335
111,111,1078129459
217,111,1078160092
111,111,1078167111
138,111,1078212580
132,111,1078213602
799,111,1078225094
111,111,1078225229
661,111,1078231025
111,111,1078232105
138,111,1078244602
151,111,1078265503
132,111,1078297537
111,111,1078330764
802,111,1078337642
803,111,1078367255
803,111,1078367316
803,111,1078367443
792,111,1078367941
1153,488,1078369707
804,111,1078382900
111,111,1078384734
111,111,1078385043
137,488,1078470633
776,111,1078636888
776,111,1078637512
776,111,1078637547
111,111,1078637595
776,111,1078638027
805,111,1078694355
663,111,1078695197
111,111,1078695328
111,111,1078695564
749,111,1078695833
806,111,1078696237
111,111,1078696329
806,111,1078696473
806,111,1078696513
111,111,1078696613
337,111,1078697217
337,111,1078697278
337,111,1078700042
111,111,1078700532
337,111,1078701047
111,111,1078701349
141,103,1078702124
142,103,1078702247
142,103,1078703523
44,488,1078709697
776,111,1078724194
44,488,1078732539
111,111,1078736507
1152,488,1078790258
44,488,1078803374
44,488,1078804963
488,488,1078813282
44,488,1078816821
488,488,1078835620
497,111,1078837121
136,111,1078933561
111,111,1078933704
136,111,1078934504
111,111,1078934764
807,111,1078939509
111,111,1078940157
807,111,1078985390
807,111,1078985849
497,111,1079013421
111,111,1079018625
106,106,1079038217
106,106,1079038517
136,488,1079057534
610,111,1079072896
143,103,1079073619
111,111,1079079773
610,111,1079094443
111,111,1079102217
337,111,1079144007
31,29,1079146299
800,111,1079228981
693,111,1079297707
693,111,1079298283
693,111,1079299702
111,111,1079327493
111,111,1079327564
54,111,1079329950
111,111,1079330375
54,111,1079332945
111,111,1079333979
740,111,1079334823
111,111,1079334970
111,111,1079341830
111,111,1079365079
111,111,1079367988
111,111,1079368880
111,111,1079376366
808,111,1079409805
808,111,1079413374
809,111,1079435814
111,111,1079444081
111,111,1079444232
111,111,1079444490
809,111,1079459512
111,111,1079459873
809,111,1079461488
111,111,1079539285
111,111,1079539387
679,111,1079555513
39,111,1079569080
124,111,1079569653
39,111,1079569830
800,111,1079595656
111,111,1079610381
111,111,1079610650
679,111,1079628907
144,103,1079652122
111,111,1079657601
798,111,1079765880
111,111,1079766072
366,97,1079773691
810,111,1079780844
111,111,1079791175
111,111,1079792712
97,97,1079817293
685,111,1079878765
111,111,1079887084
142,111,1079953576
111,111,1079962601
193,111,1079969754
111,111,1079970815
193,111,1079972370
145,103,1080012743
111,111,1080048541
811,111,1080059334
146,103,1080106696
146,103,1080109448
145,103,1080112571
810,111,1080114700
610,111,1080125269
111,111,1080125502
111,111,1080125673
812,111,1080147781
111,111,1080147997
812,111,1080155780
515,106,1080156078
147,103,1080167785
111,111,1080176941
147,103,1080177322
812,111,1080182377
367,97,1080187428
366,97,1080201320
813,111,1080213877
366,97,1080214833
111,111,1080220082
813,111,1080221255
111,111,1080221833
703,111,1080226304
111,111,1080228119
148,103,1080247112
97,97,1080250839
149,103,1080253056
149,103,1080255398
800,111,1080274230
800,111,1080278319
151,111,1080290574
151,111,1080290694
111,111,1080297036
111,111,1080311740
111,111,1080311951
814,111,1080317311
138,111,1080358920
111,111,1080367939
800,111,1080401629
814,111,1080402041
143,103,1080421606
143,103,1080429986
143,103,1080430017
143,103,1080431523
143,103,1080432737
143,103,1080432764
143,103,1080440320
150,103,1080443011
800,111,1080454684
111,111,1080455505
111,111,1080455567
800,111,1080457280
111,111,1080458615
111,111,1080458630
800,111,1080460174
146,103,1080495279
805,111,1080509114
805,111,1080524458
111,111,1080535149
111,111,1080550892
800,111,1080557039
111,111,1080561363
146,103,1080704617
814,111,1080741774
111,111,1080751613
752,111,1080891962
111,111,1080900787
752,111,1080901041
134,111,1080908646
111,111,1080909602
610,111,1080924420
111,111,1080930577
134,111,1080941289
111,111,1080960452
791,111,1081017983
111,111,1081057613
132,111,1081070860
132,111,1081107229
496,492,1081136549
44,111,1081156184
111,111,1081157530
44,111,1081157921
44,111,1081158029
123,111,1081158956
111,111,1081159186
123,111,1081159860
749,111,1081165706
111,111,1081165875
815,111,1081166269
815,111,1081166340
111,111,1081167051
693,111,1081169967
815,111,1081172824
111,111,1081184830
123,111,1081236043
111,111,1081244069
123,111,1081248044
393,111,1081253300
40,38,1081267132
111,111,1081310983
151,103,1081344208
792,111,1081347658
134,111,1081411799
749,111,1081616307
816,111,1081692979
816,111,1081693107
817,111,1081850972
111,111,1081852869
818,111,1081945406
152,111,1081995046
152,97,1082010818
152,103,1082012057
148,103,1082022006
146,103,1082046534
1152,488,1082155808
1152,488,1082156447
488,488,1082158551
1152,488,1082166745
819,111,1082216839
339,111,1082226078
134,111,1082272028
516,106,1082357101
820,111,1082485295
800,111,1082501552
7,47,1082519149
800,111,1082520922
7,22,1082520928
7,1231,1082522112
111,111,1082522273
800,111,1082523455
821,111,1082529033
111,111,1082530307
497,492,1082538625
134,111,1082547197
111,111,1082548873
153,103,1082608073
111,103,1082633933
814,111,1082645546
153,103,1082673127
111,111,1082734052
111,111,1082734115
814,111,1082734353
368,97,1082825451
368,97,1082826353
133,111,1082845070
103,103,1082856907
152,111,1082916582
111,111,1082917190
716,111,1082933443
152,111,1082953328
7,485,1083026910
7,487,1083034072
368,97,1083065125
7,487,1083105822
7,487,1083105929
7,18,1083109348
798,111,1083136529
798,111,1083136799
111,111,1083162179
791,111,1083177597
171,111,1083178131
822,111,1083194543
111,111,1083206525
111,111,1083206537
111,111,1083206635
791,111,1083212262
805,111,1083217566
111,111,1083280203
823,111,1083342619
823,111,1083342663
111,111,1083366912
823,111,1083373707
102,111,1083481167
111,111,1083576476
111,111,1083579785
111,111,1083579867
823,111,1083611772
823,111,1083636629
823,111,1083638734
7,38,1083644863
111,111,1083648392
716,111,1083674726
111,111,1083675151
111,111,1083675219
716,111,1083676854
716,111,1083676910
111,111,1083681071
716,111,1083683850
716,111,1083683896
7,18,1083708663
111,111,1083762602
824,111,1083777227
824,111,1083777326
517,106,1083808830
106,106,1083813068
111,111,1083815826
814,111,1083904758
7,492,1083907146
800,111,1083909036
824,111,1083989194
518,106,1084076096
111,111,1084083091
111,111,1084083188
749,111,1084099641
106,106,1084114259
106,106,1084115213
111,111,1084117816
824,111,1084124995
518,106,1084140293
740,111,1084181839
146,111,1084200149
111,111,1084256952
111,111,1084257014
86,83,1084260529
154,103,1084301265
154,103,1084311614
154,103,1084311692
154,103,1084323842
154,103,1084324540
825,111,1084634077
393,111,1084703241
111,111,1084704198
496,111,1084795292
393,111,1084796943
826,111,1085110414
111,111,1085154182
111,111,1085155483
111,111,1085155586
826,111,1085161222
111,111,1085194390
827,111,1085326321
827,111,1085331168
111,111,1085332342
111,111,1085333797
111,111,1085333885
111,111,1085334290
827,111,1085339140
111,111,1085397779
610,111,1085412134
828,111,1085486247
800,111,1085632026
111,111,1085660624
668,488,1085743973
488,488,1085788672
1154,488,1085802627
1154,488,1085803892
488,488,1085820057
829,111,1085992412
693,111,1085992779
111,111,1085992978
111,111,1085993392
829,111,1085993592
111,111,1085993652
693,111,1085994783
111,111,1085995088
829,111,1085995548
693,111,1085996505
111,111,1085996885
693,111,1085998508
693,111,1085998519
785,111,1085999536
111,111,1085999806
800,111,1086000506
111,111,1086001128
134,111,1086006869
800,111,1086009757
137,111,1086218840
111,111,1086225903
137,111,1086324054
111,111,1086335357
137,111,1086350510
111,111,1086350730
151,111,1086351319
111,111,1086351415
830,111,1086390017
111,111,1086394208
830,111,1086396571
831,111,1086514091
111,111,1086514265
831,111,1086519659
832,111,1086533248
111,111,1086533595
146,103,1086728119
369,97,1086809607
111,111,1086869210
97,97,1086887470
833,111,1086919590
111,111,1086933566
155,103,1087018582
155,103,1087018656
155,103,1087018687
704,111,1087112218
111,111,1087113105
704,111,1087114309
111,111,1087121133
159,111,1087202469
111,111,1087203035
137,111,1087262244
111,111,1087269734
833,111,1087271127
151,111,1087297321
111,111,1087297646
111,111,1087297690
151,111,1087297757
111,111,1087297940
834,111,1087298077
111,111,1087298195
835,111,1087337219
156,103,1087350182
151,97,1087442869
693,111,1087474388
836,111,1087544083
111,111,1087544226
111,111,1087544245
740,111,1087562133
111,111,1087588003
693,111,1087593544
693,111,1087594383
693,111,1087594480
693,111,1087594727
111,111,1087617647
837,111,1087778408
157,103,1087779250
835,111,1087860482
173,97,1087867071
97,97,1087868488
111,111,1087875853
661,111,1087879201
111,111,1087887136
835,111,1087890338
693,111,1087903691
111,111,1087923829
111,111,1087925896
388,111,1087990333
838,111,1087990550
111,111,1087990610
388,111,1087991906
111,111,1087992111
111,111,1087992175
553,111,1087999356
111,111,1088000103
835,111,1088039736
111,111,1088044871
835,111,1088044926
158,103,1088098578
839,111,1088155645
388,111,1088162218
137,111,1088229049
111,111,1088248172
839,111,1088250955
111,111,1088251288
111,111,1088251902
111,111,1088253882
839,111,1088255055
831,111,1088255209
111,111,1088255940
839,111,1088256290
221,111,1088288700
693,111,1088315018
111,111,1088329926
111,111,1088331958
693,111,1088377754
111,111,1088393883
693,111,1088421875
693,111,1088421899
693,111,1088422096
111,111,1088424618
693,111,1088424946
111,111,1088427433
840,111,1088473877
840,111,1088495680
159,103,1088625346
159,103,1088631940
159,103,1088639024
159,103,1088668233
610,111,1088742312
111,111,1088744338
800,111,1088768406
7,20,1088819625
7,20,1088819651
7,10,1088820621
7,43,1088823260
841,111,1088825672
111,111,1088827044
842,111,1088869497
842,111,1088870699
842,111,1088871413
111,111,1088871888
111,111,1089202751
806,111,1089223350
843,111,1089506699
111,111,1089507999
1232,1231,1089591435
828,111,1089646046
828,111,1089646236
111,111,1089772577
111,111,1089772623
610,111,1089784184
519,106,1089881617
111,111,1089892861
111,111,1089892978
844,111,1089895301
844,111,1089895624
111,111,1089896257
106,106,1089903963
1155,488,1089991447
488,488,1090020893
845,111,1090024941
111,111,1090026287
1155,488,1090039714
1155,488,1090046031
554,487,1090065725
134,111,1090093827
160,103,1090197933
488,488,1090235109
500,111,1090270554
835,111,1090286616
111,111,1090421390
111,111,1090465932
111,111,1090465992
835,111,1090466027
124,111,1090511769
111,111,1090512171
124,111,1090512382
846,111,1090547955
105,111,1090664970
126,111,1090682966
111,111,1090686057
111,111,1090686248
111,111,1090686373
846,111,1090693898
512,111,1090749186
111,111,1090750333
370,97,1090850147
610,111,1090863118
610,111,1090863228
97,97,1090867758
834,488,1090890284
555,487,1090954009
847,111,1090957328
488,488,1090972426
111,111,1090973924
896,488,1091058178
488,488,1091058970
161,103,1091061342
161,103,1091061633
1148,488,1091173905
749,111,1091199519
111,111,1091199882
848,111,1091217984
111,111,1091268680
846,111,1091291919
111,111,1091295250
896,488,1091309172
849,111,1091384275
111,111,1091440697
749,111,1091455237
111,111,1091455474
749,111,1091463315
7,8,1091491739
132,111,1091493857
560,559,1091499066
132,111,1091513422
850,111,1091526935
850,111,1091526974
850,111,1091526991
850,111,1091527441
850,111,1091534048
111,111,1091580719
610,111,1091681692
560,111,1091750533
111,111,1091754372
7,33,1091754451
7,29,1091756180
851,111,1091880198
111,111,1091880717
851,111,1091881416
111,111,1091881546
851,111,1091885207
805,111,1091895227
111,111,1091895313
1156,488,1091925918
111,111,1091989081
371,97,1092025762
111,111,1092033504
162,103,1092049947
7,22,1092102657
7,43,1092114796
610,111,1092125944
111,111,1092132747
828,111,1092136062
111,111,1092136833
852,111,1092160864
372,97,1092185518
853,111,1092214106
853,111,1092214225
853,111,1092214445
111,111,1092230212
854,111,1092263740
854,111,1092263788
111,111,1092306303
1155,488,1092310911
354,97,1092339924
97,97,1092340729
143,111,1092413420
143,111,1092413449
163,103,1092424178
855,111,1092432383
164,103,1092588689
853,111,1092614382
132,111,1092633414
498,488,1092734459
827,111,1092754282
371,97,1092764591
97,97,1092767026
371,97,1092774781
856,111,1092786220
857,111,1092792939
857,111,1092793004
852,111,1092830269
165,103,1092847603
858,111,1092848814
111,111,1092923957
827,111,1092929420
143,111,1092930441
111,111,1092957568
111,111,1092957706
852,111,1092985197
859,111,1093009422
859,111,1093014697
1153,488,1093050613
488,488,1093062645
826,111,1093109739
843,111,1093126511
835,111,1093126574
134,111,1093147660
859,111,1093151945
111,111,1093181348
111,111,1093181369
111,111,1093181434
111,111,1093181555
111,111,1093181664
859,111,1093226574
835,111,1093226657
111,111,1093266606
111,111,1093266691
846,111,1093318626
860,111,1093337203
388,111,1093373182
156,111,1093384873
861,111,1093396805
111,111,1093412103
111,111,1093412122
111,111,1093412199
111,111,1093412243
835,111,1093412352
111,111,1093415943
106,106,1093580098
1153,488,1093588576
861,111,1093661337
488,488,1093683710
111,111,1093850940
728,111,1093853493
111,111,1093857248
53,111,1093857432
862,111,1093876412
863,111,1093899068
835,111,1093937855
160,106,1093943993
106,106,1093982885
864,111,1094010679
864,111,1094010841
864,111,1094010917
160,106,1094019412
106,106,1094048475
166,103,1094093678
393,111,1094101883
111,111,1094136049
111,111,1094136087
166,103,1094136165
111,111,1094136277
111,111,1094136405
111,111,1094136556
7,28,1094168723
864,111,1094178119
1153,488,1094274078
865,111,1094279680
865,111,1094280472
381,111,1094322090
864,111,1094439250
864,111,1094441184
4,33,1094521927
4,488,1094526089
488,488,1094600550
107,97,1094629962
97,97,1094634572
866,111,1094645072
111,111,1094645345
488,488,1094770843
1153,488,1094776333
173,97,1094793027
48,47,1094854118
1153,488,1094860397
97,97,1094871865
373,97,1094900814
145,111,1094981949
111,111,1094982237
111,111,1094982266
145,111,1094984749
111,111,1094984856
374,97,1094989359
4,1,1094996163
97,97,1095043555
4,97,1095050441
867,111,1095064100
111,111,1095064177
393,111,1095100998
373,97,1095125300
111,111,1095125602
373,97,1095126156
373,97,1095126272
373,97,1095126553
97,97,1095138871
375,97,1095222093
375,97,1095222235
97,97,1095312970
868,111,1095342583
111,111,1095344631
869,111,1095372902
111,111,1095376709
870,111,1095461728
5,1,1095491029
4,14,1095600924
868,111,1095638101
828,111,1095654384
375,97,1095712502
111,111,1095733692
97,97,1095742888
520,106,1095746543
106,106,1095782625
520,106,1095833925
106,106,1095864655
167,103,1095881397
167,103,1095884560
1157,488,1095890375
834,488,1095944275
488,488,1096016465
871,111,1096060721
871,111,1096060875
871,111,1096061159
168,103,1096066404
800,111,1096069843
111,111,1096070200
800,111,1096071101
498,492,1096100378
1153,488,1096365129
924,488,1096414699
924,488,1096416346
871,111,1096434821
1153,488,1096523139
488,488,1096584669
520,111,1096625457
499,492,1096823239
134,111,1096853308
499,492,1097058224
1153,488,1097110003
488,488,1097120773
872,111,1097287705
111,111,1097294594
873,488,1097370109
488,488,1097468119
87,111,1097503580
111,111,1097504071
137,111,1097558902
137,111,1097558990
610,111,1097606635
1153,488,1097712130
1153,488,1097718694
873,111,1097820756
1158,488,1097851106
1158,488,1097877748
376,97,1098001017
97,97,1098023358
103,103,1098034623
1158,488,1098095737
751,111,1098121165
488,488,1098139844
87,83,1098177118
5,111,1098233993
111,111,1098234144
166,97,1098248256
97,97,1098261340
521,106,1098607898
1158,488,1098719088
106,106,1098730377
874,111,1098831451
111,111,1098933811
875,111,1099027949
875,111,1099030094
1153,488,1099086821
488,488,1099096722
169,103,1099283555
169,103,1099283576
169,103,1099283612
852,111,1099377238
1159,488,1099495696
488,488,1099532753
316,111,1099542396
111,111,1099542547
876,111,1099545292
111,111,1099549105
316,111,1099549800
1158,488,1099582948
44,488,1099617481
488,488,1099617786
1160,488,1099642253
44,488,1099702240
488,488,1099704653
1161,488,1099761588
170,103,1099766086
800,111,1099837775
100,98,1099907510
1159,488,1099919933
1158,488,1099922910
488,488,1099964722
1159,488,1099992614
488,488,1099995505
1159,488,1100011753
103,103,1100024795
375,111,1100034325
375,111,1100034348
488,488,1100069436
137,488,1100070517
693,111,1100103315
693,111,1100119013
693,111,1100134882
1162,488,1100139256
171,111,1100166064
693,111,1100218414
740,111,1100320728
1162,488,1100328486
1162,488,1100328546
1163,488,1100333379
111,111,1100336286
111,111,1100336376
1162,488,1100340818
488,488,1100341979
1162,488,1100344928
388,111,1100354062
111,111,1100355002
877,111,1100360138
111,111,1100360646
1161,488,1100365289
878,111,1100391567
111,111,1100397023
44,488,1100411235
44,488,1100411268
44,488,1100411302
164,103,1100421339
377,97,1100446026
377,97,1100447040
97,97,1100488822
488,488,1100501329
88,83,1100538731
1161,488,1100539918
814,111,1100548472
103,103,1100561942
173,97,1100620111
173,97,1100620340
171,111,1100657152
111,111,1100657768
120,111,1100659886
120,111,1100660032
111,111,1100660862
120,111,1100660938
111,111,1100661031
120,111,1100661194
111,111,1100661448
111,111,1100661514
120,111,1100661654
111,111,1100662121
120,111,1100664356
879,111,1100665598
111,111,1100665692
111,111,1100665877
120,111,1100665923
880,111,1100697013
880,111,1100697061
103,103,1100711703
111,111,1100744542
111,111,1100744683
97,97,1100744748
881,111,1100759235
111,111,1100759398
378,97,1100845434
378,97,1100858310
882,111,1100887075
639,111,1100896285
44,488,1100921842
44,488,1100922581
44,488,1100928864
44,488,1100929003
814,111,1100954793
488,488,1100955913
488,488,1100959396
1163,488,1101008417
693,111,1101028787
693,111,1101096759
111,111,1101171762
693,111,1101198291
111,111,1101201835
44,488,1101214050
488,488,1101214718
883,111,1101306080
883,111,1101306087
884,111,1101342745
111,111,1101347742
885,111,1101431599
1162,488,1101529027
883,111,1101644369
111,111,1101727599
6,111,1101741216
886,111,1101775219
173,97,1101779996
171,103,1101792288
111,111,1101817064
1160,488,1101833156
488,488,1101848206
887,111,1101870489
111,111,1101873611
1164,488,1101885870
1165,488,1101889606
379,97,1101905392
887,111,1101915622
111,111,1101916634
888,111,1101917300
111,111,1101917582
97,97,1101952949
379,97,1101965195
97,97,1102067870
889,111,1102079538
171,106,1102112622
379,97,1102117995
97,97,1102214656
5,57,1102242298
1160,488,1102278468
111,111,1102294783
889,111,1102295146
111,111,1102295387
488,488,1102334808
1166,488,1102337188
488,488,1102337890
5,51,1102376595
44,488,1102387379
488,488,1102400423
5,47,1102422030
488,488,1102422713
890,111,1102454163
380,97,1102557292
1153,488,1102564498
1153,488,1102564539
1153,488,1102564580
1160,488,1102569408
1160,488,1102570457
172,103,1102577572
891,111,1102593602
171,488,1102633725
172,103,1102640396
89,486,1102645331
1153,488,1102649094
1153,488,1102649116
173,103,1102658005
1160,488,1102663258
174,103,1102664845
381,97,1102677639
174,103,1102683570
174,103,1102692840
488,488,1102707633
89,492,1102737533
175,103,1102745269
89,487,1102747524
89,1231,1102747710
89,98,1102747914
89,83,1102749718
174,103,1102771188
1167,488,1102825795
1167,488,1102826032
1167,488,1102826110
176,103,1102854427
176,103,1102855733
382,97,1102922759
382,97,1102922839
176,103,1102927464
6,28,1102938617
6,28,1102938883
97,97,1102942922
488,488,1102989431
175,103,1102990501
175,103,1102990551
177,103,1102995750
1160,488,1103013984
488,488,1103075182
1168,488,1103075594
488,488,1103077531
6,559,1103083626
6,1231,1103084869
610,111,1103088739
892,111,1103093022
892,111,1103093049
177,103,1103161268
208,111,1103169538
23,22,1103170506
178,103,1103173040
111,111,1103175424
111,111,1103175561
693,111,1103179234
111,111,1103180131
111,111,1103180392
693,111,1103181043
693,111,1103184565
693,111,1103184669
887,111,1103194498
834,488,1103204586
111,111,1103235049
488,488,1103247177
54,111,1103369536
383,97,1103393411
5,10,1103511350
5,10,1103511426
384,97,1103518144
381,488,1103530111
384,97,1103537243
833,111,1103602262
1169,488,1103604563
97,97,1103631749
385,97,1103668293
151,111,1103675094
97,97,1103693463
385,97,1103693728
893,111,1103793966
1166,488,1103870264
381,488,1103899550
894,111,1103899656
693,111,1103904567
381,488,1103904789
111,111,1103963951
890,111,1103964826
111,111,1103964890
111,111,1103965323
151,111,1103976560
111,111,1103976652
151,111,1103976781
174,103,1103979931
97,97,1104158483
883,111,1104404549
111,111,1104454309
6,1231,1104523954
6,485,1104524941
6,492,1104524954
6,106,1104525001
6,51,1104526268
895,111,1104534960
106,106,1104537996
179,103,1104550533
610,111,1104602820
896,111,1104620313
111,111,1104623688
111,111,1104623727
111,111,1104623786
896,111,1104627915
111,111,1104628021
386,97,1104657973
897,111,1104681543
897,111,1104681583
897,111,1104681630
97,97,1104807453
6,1,1104877706
6,51,1104878341
6,562,1104880199
180,103,1105053860
181,103,1105059418
182,103,1105066343
387,97,1105096424
97,97,1105109696
828,111,1105114080
396,111,1105133459
111,111,1105177484
898,111,1105253897
111,111,1105254058
111,111,1105435188
899,111,1105446138
900,111,1105464113
851,111,1105603909
889,111,1105702988
111,111,1105708094
890,111,1105723527
890,111,1105723676
889,111,1105732500
111,111,1105748901
111,111,1105749046
111,111,1105749212
901,111,1105767371
901,111,1105767420
902,111,1106130039
111,111,1106132376
903,111,1106206131
183,103,1106245339
111,111,1106308018
111,111,1106318702
111,111,1106318825
111,111,1106318856
111,111,1106318908
111,111,1106319176
159,111,1106327582
111,111,1106359427
904,111,1106522573
6,111,1106569211
111,111,1106569555
388,97,1106578581
97,97,1106579454
388,97,1106616048
97,97,1106623189
111,111,1106669919
905,111,1106816687
389,97,1106882874
44,488,1106983347
97,97,1107053272
389,97,1107056996
1160,488,1107057146
862,111,1107101091
111,111,1107105432
522,106,1107114265
106,106,1107117631
106,106,1107124637
106,106,1107124784
111,111,1107137179
111,111,1107137205
522,106,1107145415
44,111,1107162254
111,111,1107163688
111,111,1107163739
6,111,1107164400
111,111,1107222382
44,111,1107226902
44,488,1107227767
111,111,1107228639
44,111,1107228982
6,111,1107243882
111,111,1107244047
1153,488,1107320687
390,97,1107333238
390,97,1107333255
390,97,1107333461
906,111,1107337003
111,111,1107337144
381,111,1107347851
381,111,1107426191
381,111,1107426319
111,111,1107427541
44,488,1107502138
907,111,1107519647
500,492,1107545558
488,488,1107564936
1170,488,1107568308
488,488,1107568586
1170,488,1107569787
1153,488,1107573303
1153,488,1107573513
1153,488,1107573559
381,488,1107590152
1171,488,1107669836
381,488,1107711480
381,111,1107717007
908,111,1107831212
111,111,1107831357
488,488,1107870495
909,111,1107944477
111,111,1107944618
184,103,1108014308
111,111,1108048714
910,111,1108054228
111,111,1108054429
454,111,1108056265
881,111,1108058039
911,111,1108059302
912,111,1108061362
912,111,1108061943
912,111,1108061949
913,111,1108071334
914,111,1108080148
1172,488,1108085190
44,488,1108095427
111,111,1108096328
111,111,1108096371
111,111,1108096613
111,111,1108096650
111,111,1108096911
111,111,1108096982
111,111,1108097052
111,111,1108097178
914,111,1108108409
391,97,1108123065
161,111,1108128091
111,111,1108128429
792,111,1108130239
161,111,1108136437
161,111,1108154497
915,111,1108175950
111,111,1108179393
44,111,1108182626
44,111,1108182906
111,111,1108183196
111,111,1108189350
90,83,1108189929
454,111,1108195659
111,111,1108195795
454,111,1108195940
111,111,1108196028
454,111,1108196167
111,111,1108196300
454,111,1108196410
891,111,1108196680
111,111,1108196944
454,111,1108197609
914,111,1108198734
891,111,1108199203
111,111,1108199736
454,111,1108200250
111,111,1108200423
454,111,1108200854
111,111,1108201076
454,111,1108201248
914,111,1108201278
111,111,1108201366
111,111,1108201611
891,111,1108201776
111,111,1108202067
454,111,1108202897
454,111,1108202958
111,111,1108203070
454,111,1108204256
111,111,1108204651
916,111,1108205208
111,111,1108206761
90,83,1108228303
454,111,1108270682
111,111,1108301084
917,111,1108303218
329,111,1108404589
111,111,1108405208
111,111,1108405255
136,111,1108462637
111,111,1108473673
136,111,1108474136
111,111,1108474190
894,111,1108718278
894,111,1108718289
375,97,1108800603
375,97,1108800615
862,111,1109015001
862,111,1109015075
111,111,1109051445
111,111,1109051485
862,111,1109191104
556,487,1109407121
172,103,1109456000
1173,488,1109512075
488,488,1109643990
838,488,1109679234
185,103,1109918472
172,103,1109981171
172,103,1109989844
111,111,1109990769
172,103,1109996760
172,103,1109996866
523,111,1110058197
523,106,1110059574
845,111,1110070704
111,111,1110073682
111,111,1110073905
918,111,1110083812
111,111,1110086909
186,103,1110120261
186,103,1110120329
187,111,1110131723
845,111,1110172112
693,111,1110185943
187,103,1110227265
111,111,1110247643
693,111,1110248071
111,111,1110248278
606,111,1110254615
111,111,1110271034
693,111,1110287540
187,103,1110302103
187,103,1110336445
187,103,1110336628
187,103,1110340898
187,103,1110341680
187,103,1110348169
187,103,1110348443
187,103,1110349315
111,111,1110448070
111,111,1110535552
919,111,1110535624
693,111,1110535870
111,111,1110535963
920,111,1110563949
111,111,1110682233
215,97,1110763095
693,111,1111155021
693,111,1111155883
392,97,1111214462
921,111,1111257247
389,97,1111268664
693,111,1111274042
922,111,1111287233
1174,488,1111303605
1174,488,1111303721
97,97,1111308330
111,111,1111314001
796,111,1111364181
111,111,1111386222
796,111,1111389992
393,97,1111413671
389,97,1111423813
389,97,1111426840
185,103,1111939601
923,111,1112050887
111,111,1112051079
924,111,1112106898
111,111,1112129370
394,97,1112140278
394,97,1112140377
97,97,1112169283
394,97,1112176236
897,111,1112199122
395,97,1112201040
111,111,1112223786
862,111,1112233441
111,111,1112233842
897,111,1112237383
394,97,1112253442
97,97,1112258802
902,111,1112383972
925,111,1112384972
902,111,1112385355
902,111,1112388934
454,111,1112389654
111,111,1112389795
111,111,1112390183
776,111,1112431394
111,111,1112431797
188,111,1112461469
926,111,1112473074
111,111,1112481890
103,103,1112486088
530,111,1112520646
530,111,1112520731
610,111,1112521115
530,111,1112523003
927,111,1112568650
926,111,1112573738
903,111,1112590559
111,111,1112604459
111,111,1112604682
111,111,1112604923
111,111,1112605005
111,111,1112605410
111,111,1112605451
530,111,1112613789
530,111,1112614279
111,111,1112641237
188,103,1112661432
928,111,1112883715
751,111,1112886057
111,111,1112889457
111,111,1112889934
189,103,1112909860
751,111,1112950416
500,106,1112980456
908,111,1113015614
908,111,1113015628
929,111,1113299469
1175,488,1113354657
1175,488,1113399008
610,111,1113421325
155,111,1113446007
155,111,1113446868
930,111,1113524930
530,111,1113663338
530,111,1113663535
111,111,1113686201
111,111,1113686269
931,111,1113850033
932,111,1113869415
208,111,1113872424
208,111,1113874480
208,111,1113874578
933,111,1113887009
111,111,1113890999
890,111,1113930913
890,111,1113931144
890,111,1113934762
693,111,1114000317
934,111,1114046252
935,111,1114050020
936,111,1114055343
1153,488,1114085602
1176,488,1114093017
111,111,1114109533
337,111,1114143757
488,488,1114164645
1153,488,1114227317
396,97,1114313012
208,111,1114384340
369,111,1114389085
97,97,1114393494
111,111,1114408229
521,111,1114590265
937,111,1114622483
136,1231,1114755367
703,111,1114762940
901,111,1114836010
525,111,1114857634
111,111,1114857875
111,111,1114858274
151,111,1114858287
525,111,1114859147
111,111,1114859312
111,111,1114862582
111,111,1114862888
938,111,1114978450
938,111,1114978710
111,111,1114989464
897,111,1115034030
897,111,1115034226
693,111,1115037171
939,111,1115069148
939,111,1115069252
111,111,1115069543
940,111,1115077077
941,111,1115113957
693,111,1115127952
941,111,1115143350
941,111,1115276556
942,111,1115301618
941,111,1115315738
111,111,1115319875
111,111,1115319973
111,111,1115320282
1177,488,1115372940
610,111,1115396644
610,111,1115397028
111,111,1115411987
610,111,1115556053
610,111,1115556122
693,111,1115556180
610,111,1115556192
488,488,1115721933
943,111,1115792771
111,111,1115800150
111,111,1115800286
111,111,1115800333
1177,488,1115837884
1237,1236,1115899710
1177,488,1115923017
610,111,1115956268
488,488,1115981823
929,111,1116097081
44,488,1116108856
111,111,1116143914
943,111,1116145401
944,111,1116149917
945,111,1116250212
946,111,1116251735
111,111,1116269682
946,111,1116271274
946,111,1116272238
946,111,1116276378
946,111,1116292966
111,111,1116293500
947,111,1116402264
948,111,1116458436
111,111,1116470418
945,111,1116529356
929,111,1116549668
111,111,1116550683
610,111,1116606209
610,111,1116606749
926,111,1116607627
949,111,1116613827
111,111,1116614851
111,111,1116615053
111,111,1116616099
524,106,1116625570
524,106,1116625768
106,106,1116627969
1178,488,1116632656
1178,488,1116632701
1177,488,1116636837
828,111,1116670990
111,111,1116671651
926,111,1116707444
950,111,1116777502
951,111,1116818913
808,111,1116860364
111,111,1116874936
111,111,1116875609
111,111,1116875742
828,111,1116900897
191,111,1116911977
111,111,1116912126
294,111,1116933491
828,111,1116934878
828,111,1116938759
828,111,1116984781
828,111,1116984787
610,111,1117014625
610,111,1117015270
167,111,1117055983
111,111,1117056820
111,111,1117056975
111,111,1117057043
933,111,1117091753
111,111,1117092205
111,111,1117092373
862,111,1117096677
933,111,1117099121
111,111,1117099728
167,111,1117105545
818,111,1117109377
862,111,1117141213
54,111,1117149371
952,111,1117198139
953,111,1117227629
948,111,1117227959
111,111,1117231743
948,111,1117235510
948,111,1117282419
190,103,1117434525
954,111,1117458143
955,111,1117462785
948,111,1117466772
901,111,1117497989
948,111,1117508672
111,111,1117513952
956,111,1117517875
111,111,1117518542
957,111,1117529470
111,111,1117530074
167,111,1117537510
54,111,1117590615
54,111,1117590672
828,111,1117628346
828,111,1117628847
958,111,1117642352
111,111,1117651463
1157,488,1117656619
1179,488,1117734747
1179,488,1117734953
946,111,1117768725
946,111,1117773722
946,111,1117774698
111,111,1117775163
946,111,1117775516
946,111,1117775782
111,111,1117776154
111,111,1117776227
525,106,1117879031
945,111,1117902687
191,103,1118107677
888,111,1118150919
369,111,1118361421
959,111,1118691218
960,111,1118698792
190,103,1118720736
192,103,1118784981
193,103,1118826051
943,111,1118971596
111,111,1119001707
111,111,1119001831
111,111,1119001957
111,111,1119001978
194,103,1119012648
1180,488,1119125386
526,106,1119127799
527,106,1119136387
510,111,1119141645
510,111,1119149284
527,111,1119163176
527,111,1119242958
111,111,1119329943
111,111,1119348025
195,103,1119352129
190,111,1119379908
190,103,1119383196
961,111,1119392495
488,488,1119396392
1148,488,1119397979
1172,488,1119399565
1180,488,1119421015
166,97,1119452610
693,111,1119477805
1153,488,1119478036
111,111,1119481967
488,488,1119482533
1148,488,1119484554
97,97,1119487944
394,97,1119529006
1181,488,1119548987
962,111,1119573993
1153,488,1119576538
488,488,1119655262
1148,488,1119702026
1148,488,1119717136
396,111,1119722467
890,111,1119807319
963,111,1119960607
528,106,1119991640
394,97,1119998435
1148,488,1120101282
196,103,1120124546
196,103,1120194756
197,103,1120195142
197,103,1120195159
197,103,1120197075
925,111,1120202374
1012,488,1120273366
1177,488,1120290402
397,97,1120434241
397,97,1120434381
1148,488,1120545999
398,97,1120554087
1177,488,1120610401
1153,488,1120612531
1153,488,1120613171
1170,488,1120628917
1157,488,1120686931
1157,488,1120686988
217,106,1120696131
106,106,1120700044
1153,488,1120703626
698,111,1120762331
213,111,1120762382
111,111,1120762473
213,111,1120762660
748,111,1120762714
111,111,1120762786
698,111,1120762853
698,111,1120763220
111,111,1120763308
698,111,1120763434
111,111,1120766031
488,488,1120781383
1153,488,1120782883
528,111,1120857203
1012,488,1120947865
964,111,1120984670
965,111,1121020684
1012,488,1121037243
964,111,1121048689
488,488,1121170794
488,488,1121170930
488,488,1121171229
488,488,1121171380
966,111,1121476299
967,111,1121491000
1153,488,1121723888
1182,488,1121771829
488,488,1121813131
1170,488,1121831334
138,111,1121840486
198,103,1121940721
316,111,1121980574
1182,488,1121984511
488,488,1121987069
1170,488,1121990033
396,111,1121997357
488,488,1122006817
1170,488,1122013816
1170,488,1122013855
1170,488,1122014281
488,488,1122029663
199,103,1122041479
943,111,1122085588
1170,488,1122088715
138,111,1122094192
111,111,1122101948
199,103,1122126555
1012,488,1122168851
1012,488,1122276615
488,488,1122287201
200,103,1122335475
1182,488,1122340266
1182,488,1122340299
488,488,1122354341
968,111,1122356159
200,103,1122358674
199,103,1122360098
111,111,1122367135
1182,488,1122386781
1182,488,1122388117
200,103,1122397694
200,103,1122435759
200,103,1122443524
705,111,1122446315
200,103,1122480705
488,488,1122550556
1182,488,1122551685
488,488,1122553930
965,111,1122591065
111,111,1122592299
111,111,1122592572
1182,488,1122605519
1182,488,1122605592
1183,488,1122641731
964,111,1122701804
969,111,1122712472
218,111,1122785544
1184,488,1122800983
1177,488,1122935856
151,111,1123026763
151,111,1123026795
111,111,1123027063
970,111,1123058478
971,111,1123090075
111,111,1123103538
972,111,1123103835
710,111,1123104955
488,488,1123112204
973,111,1123112584
727,488,1123472311
727,488,1123472379
529,106,1123620424
201,103,1123629945
529,111,1123662064
974,111,1123720886
381,488,1123758771
693,111,1123770541
202,103,1123794363
974,111,1123805927
975,111,1123861190
610,111,1123869119
693,111,1123943674
693,111,1123943706
976,111,1124008318
111,111,1124015775
530,106,1124174165
693,111,1124195369
975,111,1124205405
964,111,1124277037
977,111,1124341497
1177,488,1124814301
978,111,1124848680
979,111,1124849200
980,111,1124850891
399,97,1124953679
981,111,1125060774
111,111,1125175046
203,103,1125180019
203,103,1125180069
1148,488,1125359679
202,103,1125373671
202,103,1125374594
103,103,1125412060
202,103,1125443384
202,103,1125443429
95,103,1125482876
95,97,1125483296
103,103,1125508228
982,111,1125538799
982,111,1125538907
1157,488,1125694841
400,97,1125833953
134,111,1126025017
111,111,1126045681
393,111,1126053854
728,111,1126054600
44,488,1126060212
1148,488,1126061568
111,111,1126071092
983,111,1126072325
111,111,1126081389
862,111,1126091266
111,111,1126091408
1185,488,1126149531
1185,1247,1126176240
1186,488,1126195038
488,488,1126222063
401,97,1126230051
97,97,1126244098
1148,488,1126253909
401,97,1126257291
402,97,1126258920
97,97,1126308491
401,97,1126310131
401,97,1126310448
97,97,1126312798
401,97,1126313962
97,97,1126315401
401,97,1126315845
984,111,1126433916
985,111,1126573075
985,111,1126577400
1148,488,1126687987
488,488,1126698770
986,111,1126760761
987,111,1126789134
201,103,1126913048
201,103,1126913129
201,103,1126913734
204,103,1126932102
205,103,1127125599
206,103,1127180407
202,103,1127438044
336,111,1127469532
111,111,1127473101
988,111,1127650856
936,111,1127660144
111,111,1127710772
525,111,1127822107
989,111,1127846036
990,111,1127882917
111,111,1127900082
557,487,1127969426
200,103,1128102092
1187,488,1128117143
1187,488,1128129918
207,103,1128176130
134,97,1128398225
991,111,1128547036
992,111,1128600768
207,103,1128605505
1177,488,1128622984
1177,488,1128649320
339,111,1128698093
339,111,1128698122
87,103,1128744801
207,103,1128833246
205,103,1128929261
205,103,1128983887
205,103,1129023859
205,103,1129024118
1177,488,1129059726
991,111,1129085283
207,103,1129189731
403,97,1129259852
403,97,1129259885
1188,488,1129332364
993,111,1129347428
1189,488,1129641161
208,103,1129812643
208,103,1129812679
208,103,1129812751
853,111,1129884417
994,111,1129884965
202,103,1129954036
1190,488,1129977670
208,103,1130091368
103,103,1130109296
209,103,1130124123
95,111,1130204840
210,111,1130209189
210,111,1130209266
210,103,1130295206
210,103,1130304194
210,103,1130363694
210,103,1130364230
209,103,1130415441
209,103,1130467913
381,488,1130533610
381,488,1130533620
381,488,1130533649
209,103,1130542282
488,488,1130543232
207,103,1130545998
202,103,1130553737
995,111,1130689618
828,111,1130776044
828,111,1130776083
111,111,1130791858
828,111,1130797457
211,103,1131063005
209,103,1131150872
404,97,1131271422
390,492,1131332390
405,97,1131364471
405,97,1131364568
406,97,1131430919
196,97,1131451874
404,97,1131497048
404,97,1131497489
996,111,1131499645
404,97,1131585105
124,111,1131905811
212,103,1132021946
997,111,1132176864
997,111,1132177325
111,111,1132177454
997,111,1132177541
997,111,1132178084
998,111,1132528597
407,97,1132754713
207,103,1132759144
408,97,1132814192
209,103,1132831001
209,103,1132835918
408,97,1132839808
409,97,1133037738
97,97,1133053211
1233,1231,1133100032
531,106,1133133186
106,106,1133137118
213,103,1133150712
531,106,1133164015
294,111,1133264452
409,97,1133307097
214,103,1133751859
506,111,1133772001
999,111,1133782150
610,111,1133884480
409,97,1133894776
1191,488,1134017268
44,488,1134030327
44,488,1134091993
488,488,1134092828
410,97,1134186294
410,97,1134187531
410,97,1134187651
44,488,1134192574
209,103,1134205942
209,103,1134207910
208,103,1134249187
1187,488,1134270383
488,488,1134333481
488,488,1134333797
215,103,1134364345
499,492,1134519265
499,492,1134519290
1000,111,1134538088
111,111,1134540977
407,97,1134551370
411,97,1134621922
411,97,1134621961
411,97,1134621986
97,97,1134629074
412,97,1134642486
412,97,1134643468
412,97,1134643797
413,97,1134676431
1177,488,1134681824
414,97,1134704303
210,103,1134783708
103,111,1134800290
828,111,1134909000
1001,111,1134918373
111,111,1134918409
111,111,1134918441
413,97,1135007955
151,111,1135056113
111,111,1135060675
415,97,1135177842
1177,488,1135197028
1002,111,1135216656
97,97,1135221277
416,97,1135274832
1169,488,1135331525
1003,111,1135421017
417,97,1135468863
417,97,1135468906
97,97,1135471206
1004,111,1135475950
1177,488,1135482367
111,111,1135501577
111,111,1135501637
1169,488,1135510880
1192,488,1135519156
610,111,1135526865
1005,111,1135576388
111,111,1135591275
111,111,1135591304
449,488,1135626214
216,103,1135661444
418,97,1135703078
418,97,1135785743
1157,488,1135820641
111,111,1135896803
97,97,1135904259
248,111,1135936845
610,111,1135955425
1006,111,1135959155
217,103,1135967019
111,111,1135983656
218,97,1136010160
218,97,1136022081
639,111,1136092686
639,111,1136092808
151,111,1136092828
449,488,1136240361
45,43,1136252550
393,97,1136305025
419,97,1136414112
419,97,1136414536
420,97,1136491193
339,111,1136567693
339,111,1136567718
1007,111,1136624068
421,97,1136625883
1193,488,1136700306
1169,488,1136716553
1169,488,1136716741
610,111,1136723638
111,111,1136731830
111,111,1136731850
111,111,1136731879
610,111,1136734174
1008,111,1136831503
111,111,1136846090
1009,111,1136890775
111,111,1136890902
1009,111,1136891129
111,111,1136891458
1009,111,1136892082
111,111,1136892327
1182,488,1136895810
1194,488,1136912200
1009,111,1136914954
1177,488,1136971225
1195,488,1137009759
1177,488,1137038743
207,103,1137056490
610,111,1137083701
1195,488,1137089205
111,111,1137126560
1010,111,1137177072
202,103,1137198889
210,103,1137209001
610,111,1137237158
1011,111,1137281320
202,103,1137335524
218,97,1137365199
218,103,1137366610
1012,111,1137378301
883,111,1137423929
449,488,1137437743
111,111,1137467389
111,111,1137467418
883,111,1137472374
1177,488,1137525266
422,97,1137671455
194,103,1137922247
1013,111,1138000869
1014,111,1138020383
423,97,1138022908
424,97,1138085228
424,97,1138171596
1196,488,1138248885
219,103,1138253297
220,103,1138255987
1177,488,1138272738
424,97,1138336600
424,97,1138342206
624,111,1138456767
1015,111,1138527830
111,111,1138528371
111,111,1138530117
1197,488,1138845728
1238,1236,1138856887
424,97,1138913073
1239,1236,1138944978
221,103,1138954652
1240,1236,1139016686
1236,1236,1139150764
1241,1236,1139257259
1153,488,1139267803
449,488,1139341880
996,111,1139400816
1198,488,1139421228
532,106,1139553766
106,106,1139591562
106,106,1139598316
425,97,1139698015
426,97,1139729182
427,97,1139729720
1016,111,1139743886
111,111,1139746966
425,97,1139751161
533,106,1139754644
704,111,1139787081
1177,488,1139799086
111,111,1139801895
1017,111,1139810547
111,111,1139810824
1017,111,1139811232
111,111,1139811726
991,111,1139811828
111,111,1139812140
991,111,1139812267
428,106,1139814546
428,97,1139814555
407,1247,1139828920
1247,1247,1139834455
222,103,1139969345
534,106,1140170606
992,111,1140266096
1018,111,1140297827
1018,111,1140297853
1177,488,1140510125
223,103,1140569654
1177,488,1140585285
396,111,1140589034
1177,488,1140591153
992,111,1140607159
992,111,1140607190
224,103,1140610623
185,103,1140634983
1199,488,1140731625
1199,488,1140733195
111,111,1140749020
1019,111,1140852608
988,111,1140966314
429,97,1140973799
211,97,1141058213
693,111,1141086326
111,111,1141093099
111,111,1141093210
211,97,1141123358
95,94,1141185682
1200,488,1141309810
97,97,1141457244
430,97,1141505602
431,97,1141672440
429,97,1141841971
97,97,1141867477
432,97,1141983642
535,106,1142120471
433,97,1142303480
97,97,1142305138
1240,1236,1142320091
1240,1236,1142320464
1020,111,1142422980
111,111,1142459908
1020,111,1142468000
1201,488,1142483606
1003,111,1142515605
111,111,1142551094
1170,488,1142555402
1170,488,1142576031
1021,111,1142759493
111,111,1142759724
434,97,1142827503
1022,111,1142834177
1022,111,1142834201
111,111,1142834530
1022,111,1142835567
1202,488,1142842164
1202,488,1142842251
1003,111,1142846365
449,488,1142893600
1203,488,1142924829
1203,488,1142925571
536,106,1142985845
106,106,1142998093
536,106,1143014802
228,111,1143020833
228,111,1143020906
228,111,1143021334
228,111,1143021517
228,111,1143021564
228,111,1143021724
106,106,1143067370
536,106,1143068387
106,106,1143074022
435,97,1143087125
1170,488,1143170602
1170,488,1143173346
97,97,1143177031
488,488,1143180108
926,111,1143200289
1021,111,1143223408
1204,488,1143257853
1023,111,1143442236
1024,111,1143442366
111,111,1143442647
1025,111,1143483002
436,97,1143522380
97,97,1143523414
1014,111,1143724340
437,97,1143845273
1026,111,1143866650
225,103,1143873469
1027,111,1143969100
1028,111,1144025761
111,111,1144040400
1028,111,1144045589
1026,111,1144135254
1029,111,1144138782
1205,488,1144299716
24,22,1144339242
226,103,1144561302
693,111,1144562064
227,103,1144585259
228,103,1144615517
228,103,1144615593
438,97,1144630288
439,97,1144718519
97,97,1144719920
435,97,1144720198
435,97,1144721855
440,97,1144723018
97,97,1144724237
441,97,1144858531
441,97,1144858792
97,97,1144875311
442,97,1144876969
1182,488,1144974692
1182,488,1144974714
1030,111,1145075977
443,97,1145215288
693,111,1145216683
97,97,1145228148
1242,1236,1145278992
207,103,1145281015
1236,1236,1145284700
443,97,1145406598
97,97,1145419699
1206,488,1145492073
444,97,1145500572
97,97,1145502101
444,97,1145506062
61,28,1145554758
443,97,1145562288
1031,111,1145642216
106,106,1145749939
1032,111,1145757668
445,97,1145921538
97,97,1145931560
445,97,1145997676
229,486,1146271419
229,486,1146271470
1031,111,1146272707
229,488,1146274303
1248,1247,1146296678
446,97,1146312879
97,97,1146359659
91,83,1146382587
1033,111,1146448169
447,97,1146448807
448,97,1146550082
1034,111,1146593371
1170,488,1146623477
1170,488,1146623562
1207,488,1146656147
1035,111,1146721540
1208,488,1146873977
207,103,1147004339
449,97,1147062284
450,97,1147064203
450,97,1147064277
97,97,1147067752
103,103,1147100533
97,97,1147124561
229,103,1147133521
229,111,1147143771
97,97,1147170500
862,111,1147303349
451,97,1147560294
230,103,1147623576
103,103,1147634012
101,98,1147680605
1157,488,1147737480
488,488,1147739438
889,111,1147831238
889,111,1147832247
337,97,1147835512
889,111,1147843372
1036,111,1148020318
111,111,1148068700
111,111,1148068716
1036,111,1148071142
111,111,1148072760
1037,111,1148161066
1037,111,1148161289
111,111,1148161433
1037,111,1148161584
111,111,1148161746
1037,111,1148161861
111,111,1148162112
1037,111,1148162241
1037,111,1148162623
111,111,1148163122
1037,111,1148169425
1209,488,1148179305
1038,111,1148252137
111,111,1148252312
488,488,1148340778
1039,111,1148365986
1210,488,1148495503
1035,111,1148515019
452,97,1148561081
70,106,1148599938
1040,111,1148629749
1040,111,1148629766
1040,111,1148629788
102,98,1148642611
453,97,1148690494
97,97,1148702426
1211,488,1148808928
1243,1236,1148822180
1236,1236,1148823292
454,97,1148855953
454,97,1148858188
454,97,1148858534
1041,111,1148868205
111,111,1148887048
455,97,1148906526
1039,111,1148944377
111,111,1148945616
111,111,1148945642
1212,488,1149035436
488,488,1149118155
1249,1247,1149254662
44,488,1149289195
537,106,1149595955
106,106,1149607475
537,106,1149650663
456,97,1149726303
97,97,1149761820
97,97,1149762620
231,103,1149775400
490,486,1149838728
1213,488,1150087769
534,106,1150110588
534,106,1150110600
534,106,1150110645
1042,111,1150146749
1042,111,1150163521
1169,488,1150345372
425,97,1150510986
220,111,1150517535
220,111,1150590403
457,97,1150595557
97,97,1150802893
457,97,1150843137
16,17,1150880273
232,103,1151051164
233,103,1151342409
233,103,1151348643
233,103,1151363083
233,103,1151372297
1043,111,1151456235
1044,111,1151532825
1170,488,1151546503
111,111,1151617350
1214,488,1151636427
1033,111,1151671309
458,97,1151740572
233,103,1151947762
1045,111,1152052261
1043,111,1152064314
234,103,1152210152
234,103,1152224152
235,103,1152236407
235,103,1152240914
1046,111,1152356034
62,28,1152472515
459,97,1152583938
236,103,1152593030
1047,111,1152621638
63,28,1152732802
237,103,1152957314
210,111,1153129891
96,94,1153181626
1048,111,1153346239
1048,111,1153346853
238,103,1153399812
238,103,1153399863
238,103,1153413978
1215,488,1153490351
239,103,1153537739
239,103,1153598096
239,103,1153598161
1215,488,1153614224
1049,111,1153681371
87,103,1153747203
240,103,1153769841
240,103,1153772897
64,28,1153780648
65,28,1153782030
65,28,1153782058
65,28,1153782322
1169,488,1153783978
65,28,1153784069
1169,488,1153785157
64,28,1153785170
66,28,1153786583
28,28,1153786713
1050,111,1153789217
1169,488,1153789953
87,103,1153827168
87,103,1153827280
1169,488,1153860883
1216,488,1153878329
1049,111,1153965205
241,103,1153979537
242,103,1154063046
243,103,1154146691
1048,111,1154410352
1217,488,1154453730
244,103,1154606963
1214,488,1154644684
1051,111,1154780247
111,111,1154812070
111,111,1154812156
111,111,1154812255
111,111,1154812316
889,111,1154926787
1218,488,1155139342
460,97,1155200962
461,97,1155203465
462,97,1155261254
245,103,1155316207
245,103,1155326971
1049,111,1155408951
828,111,1155424942
1217,488,1155477744
67,28,1155599692
1034,111,1155665002
25,22,1155680709
1169,488,1155787418
463,97,1155886662
97,97,1155889368
97,97,1155889783
463,97,1155891102
463,97,1155891166
463,97,1155891642
463,97,1155891672
97,97,1155894177
97,97,1155894322
463,97,1155896794
463,97,1155896826
463,97,1155897238
463,97,1155897717
653,111,1155907589
97,97,1155942447
1182,488,1155956956
44,97,1156132142
918,1247,1156158430
68,28,1156263281
1052,111,1156284286
69,28,1156288393
97,97,1156391616
44,97,1156392805
70,28,1156427697
70,492,1156428381
28,28,1156457226
1182,488,1156512291
246,103,1156542316
464,97,1156588567
97,97,1156589857
247,106,1156617059
1053,111,1156633357
1053,111,1156633479
1053,111,1156633600
1049,111,1156706791
538,106,1156805231
106,106,1156806374
247,103,1156870991
538,106,1156875324
248,103,1156905948
248,103,1156908730
71,28,1157072379
249,111,1157511105
249,103,1157511140
111,111,1157591939
791,111,1157594549
465,97,1157596074
465,97,1157599613
465,97,1157599669
465,97,1157641195
1219,488,1157646532
1054,111,1157780357
247,97,1157821257
1055,111,1157940880
1055,111,1157964979
1055,111,1157965385
466,97,1157990240
97,97,1158023548
310,111,1158067290
247,103,1158172393
250,103,1158423430
467,97,1158466605
467,97,1158466708
467,97,1158466817
467,97,1158466892
247,97,1158515434
468,97,1158578527
229,486,1158582377
229,486,1158582441
229,488,1158582550
229,488,1158582684
67,28,1158802306
469,97,1158822140
469,97,1158822205
111,111,1158907624
251,103,1159076632
19,103,1159200519
19,103,1159200604
252,103,1159237578
252,103,1159239781
470,97,1159244744
1049,111,1159324829
471,97,1159672702
471,97,1159673096
471,97,1159673597
472,97,1159683987
473,97,1159686058
473,97,1159686146
473,97,1159686251
97,97,1159687577
473,97,1159690232
473,97,1159690289
97,97,1159694186
473,97,1159696387
97,97,1159742647
1056,111,1159838189
1057,111,1159878764
111,111,1159918460
229,103,1159925161
229,103,1159925423
26,22,1159985653
229,103,1159997764
103,103,1160080225
1058,111,1160113151
1058,111,1160116781
111,111,1160125798
111,111,1160126139
111,111,1160126560
111,111,1160126788
103,103,1160156800
1250,1247,1160166439
1058,111,1160180616
1058,111,1160180884
111,111,1160192491
1251,1247,1160202104
1251,1247,1160202602
1182,488,1160284247
1247,1247,1160446918
1252,1247,1160457340
253,103,1160589217
97,97,1160616315
474,97,1160620006
1253,1247,1160731744
44,111,1160768951
111,111,1160769423
44,111,1160770711
558,487,1160789293
247,111,1160867270
1058,111,1160901987
1254,1247,1160933590
1254,1247,1160976371
71,28,1161115290
475,97,1161156585
491,486,1161158626
491,486,1161205186
254,103,1161215418
71,28,1161303400
1059,111,1161309638
1042,111,1161339390
103,103,1161358296
255,103,1161369582
256,103,1161387841
256,103,1161387857
255,103,1161402178
1255,1247,1161498371
1256,1247,1161638155
249,111,1161753929
1060,111,1161755831
1049,111,1161839667
1257,1247,1161848820
257,103,1162059675
476,97,1162071699
476,97,1162164659
477,97,1162177945
1061,111,1162210093
1061,111,1162210118
1061,111,1162210147
1061,111,1162210183
1061,111,1162210230
1061,111,1162210303
1061,111,1162210344
1061,111,1162210376
478,97,1162440671
1236,1236,1162455570
72,28,1162470819
1236,1236,1162630684
479,97,1162673259
97,97,1162686693
1236,1236,1162716849
67,28,1162785717
1236,1236,1162884824
72,28,1163008711
1236,1236,1163038341
258,103,1163099861
539,106,1163216375
1062,111,1163284796
258,103,1163287775
258,103,1163288066
931,111,1163293348
1061,111,1163330905
1063,111,1163378872
259,103,1163705166
103,103,1163710777
103,103,1163710920
259,103,1163724380
103,103,1163734423
260,103,1163931208
260,103,1163931240
693,111,1163950472
693,111,1163950494
1042,111,1164063350
1257,1247,1164079586
480,97,1164106045
1064,111,1164268480
1064,111,1164271674
1064,111,1164271765
501,111,1164343786
261,103,1164349811
262,103,1164353781
263,103,1164482110
481,97,1164504327
263,103,1164515243
1049,111,1164610113
483,111,1164690421
482,97,1164701451
97,97,1164716370
483,97,1164723082
483,97,1164723154
97,97,1164769184
236,103,1164811415
264,103,1164827780
264,103,1164827806
1220,488,1164828287
483,97,1164830109
261,103,1164943896
264,103,1164991754
264,103,1164992645
264,103,1165008545
73,28,1165029590
264,103,1165182795
475,97,1165365101
97,97,1165371478
97,97,1165371656
97,97,1165371697
1065,111,1165376143
1065,111,1165376163
1065,111,1165376236
1065,111,1165376500
74,28,1165427792
75,28,1165441252
75,28,1165450689
75,28,1165451283
76,28,1165451286
540,106,1165715214
106,106,1165719443
111,111,1165880381
77,28,1165910146
1034,111,1166114262
1066,111,1166119520
1066,111,1166119531
111,111,1166130245
15,14,1166340149
265,103,1166842934
265,103,1166844483
265,103,1166908480
1220,488,1167006002
1247,1247,1167020039
266,103,1167167165
1049,111,1167203022
1221,488,1167623653
1067,111,1167825626
541,106,1168107107
106,106,1168111826
268,111,1168142148
76,103,1168267634
103,103,1168316719
103,103,1168378053
1020,111,1168406903
267,103,1168740812
267,103,1168740875
313,111,1168816629
1034,111,1169031874
1068,111,1169519471
542,106,1169533459
1049,111,1169615027
268,103,1169639353
1069,111,1169766020
1069,111,1169766172
1069,111,1169766216
269,103,1169772856
111,111,1169773618
270,103,1169777939
270,103,1169777985
103,103,1169778571
103,103,1169781840
1042,111,1169894085
1070,111,1170008863
1070,111,1170010237
82,106,1170014995
106,106,1170025644
111,111,1170030762
1049,111,1170270712
1214,488,1170292542
1071,111,1170394013
690,111,1170430030
103,103,1170438054
1072,111,1170470363
690,111,1170472405
1072,111,1170488604
44,111,1170533763
82,111,1170593726
76,103,1170612887
103,103,1170619356
82,111,1170626411
103,103,1170696471
1073,111,1170759615
111,111,1170884207
76,111,1170892936
1074,111,1171209272
1074,111,1171209380
1074,111,1171209616
111,111,1171239604
1075,111,1171247998
1074,111,1171251379
111,111,1171251504
1074,111,1171251570
111,111,1171251782
111,111,1171252661
1049,111,1171492113
249,111,1171623963
82,111,1171624995
111,111,1171661711
543,106,1172225266
1076,111,1172310580
544,106,1172319586
106,106,1172333487
1148,488,1172384665
271,103,1172422872
1077,111,1172592860
111,111,1172642632
1077,111,1172681988
111,111,1172697450
1049,111,1172792879
111,111,1172801275
1078,111,1172999622
1079,111,1173406966
1079,111,1173408211
1222,488,1173490159
1080,111,1173509939
229,103,1173574159
111,111,1173617971
272,103,1173676378
272,103,1173676582
272,103,1173676646
1037,488,1173777838
273,103,1173848047
216,111,1174022731
76,488,1174028345
1234,1231,1174040737
274,103,1174125344
103,103,1174151722
274,103,1174188422
103,103,1174278052
78,28,1174365305
1081,111,1174423496
275,103,1174445214
103,103,1174535257
275,103,1174558735
103,103,1174670735
79,28,1174704513
1082,111,1174708795
276,103,1174840625
275,103,1174847939
1258,1247,1174854793
992,111,1174909405
276,103,1174936905
275,103,1174951096
275,103,1174952503
275,103,1174956924
1083,111,1174957509
103,103,1174962927
111,111,1174989823
1223,488,1174990043
275,103,1174994438
1108,488,1175071753
1224,488,1175072726
488,488,1175077431
1244,1236,1175123196
1244,1236,1175123215
162,111,1175134630
1084,111,1175235565
276,103,1175236829
1049,111,1175308640
847,111,1175476661
111,111,1175599107
111,111,1175599672
1223,488,1175685481
1223,488,1175727943
1071,111,1175766206
1220,488,1175871937
111,111,1175888922
545,106,1176009845
545,106,1176010075
106,106,1176045585
1085,111,1176061449
546,106,1176067831
106,106,1176069168
546,106,1176070264
106,106,1176071701
546,106,1176073075
277,103,1176193525
275,103,1176199637
254,103,1176234142
275,103,1176245070
1086,111,1176264296
1086,111,1176264306
111,111,1176329972
80,28,1176355300
80,28,1176355589
277,103,1176455105
275,103,1176499128
275,103,1176499168
693,111,1176547994
1087,111,1176788984
111,111,1176789574
1087,111,1176791948
76,111,1176806980
1225,488,1177135317
1088,111,1177221650
111,111,1177312720
1088,111,1177338334
278,103,1177692502
1223,1236,1177727767
81,28,1178069923
81,97,1178069942
81,488,1178069975
910,111,1178218724
1244,1236,1178317477
1236,1236,1178364478
279,103,1178452473
1049,111,1178486930
1089,111,1178554643
828,111,1178607954
1090,111,1178640219
249,106,1178924552
106,106,1178926054
249,106,1178928775
103,103,1179086735
103,103,1179095752
280,488,1179152655
103,103,1179201990
547,106,1179238233
76,106,1179238236
106,106,1179239649
106,106,1179241799
90,111,1179272394
280,103,1179324839
281,103,1179350181
280,111,1179354289
282,103,1179412817
283,103,1179445462
103,103,1179540753
283,103,1179553376
280,111,1179578462
282,103,1179582623
282,103,1179582704
78,111,1179651562
103,103,1179689729
284,103,1179767102
1091,111,1179778630
1034,111,1179865521
103,103,1179882841
1092,111,1180657397
285,103,1180658195
285,103,1180658213
103,103,1180660443
285,103,1180666086
1245,1236,1180692009
285,103,1180734294
283,103,1180740220
103,103,1180756490
103,103,1180758428
285,103,1180764267
32,111,1180781135
247,97,1180848110
247,106,1180848138
27,22,1180851647
1093,111,1180971972
1094,111,1181008608
78,111,1181108522
78,111,1181108536
286,103,1181112930
286,103,1181112986
78,111,1181144265
1095,111,1181264454
1096,111,1181271922
111,111,1181283057
286,103,1181381495
1049,111,1181427779
283,103,1181516640
1226,488,1181557437
1097,111,1181568473
1098,111,1181580257
103,103,1181612926
103,103,1181613205
103,103,1181614759
287,103,1181620107
286,103,1181620920
1099,111,1182148513
1100,111,1182158278
1101,111,1182193987
268,103,1182198317
268,103,1182198804
1094,111,1182205966
103,103,1182221075
1102,111,1182331101
1103,111,1182337171
288,103,1182374101
103,103,1182390532
111,111,1182433664
288,103,1182438241
1103,111,1182459947
111,111,1182482454
289,103,1182590281
289,103,1182590320
1223,1236,1182598738
1223,1236,1182598855
1223,1236,1182598952
1223,1236,1182599451
1223,1236,1182599537
1223,1236,1182599618
1223,1236,1182600012
1223,1236,1182600078
103,103,1182637589
1103,111,1182651633
1103,111,1182651667
1104,111,1182709874
111,111,1182844290
1103,111,1182861470
268,103,1182889077
103,103,1182910425
1236,1236,1182989044
111,111,1183004891
111,111,1183005171
111,111,1183005179
111,111,1183005183
111,111,1183005187
111,111,1183005192
111,111,1183005198
111,111,1183005205
111,111,1183005209
111,111,1183005218
111,111,1183005223
111,111,1183005229
111,111,1183005232
111,111,1183005237
111,111,1183005241
111,111,1183005370
1223,1236,1183017393
1223,1236,1183017699
1223,1236,1183018406
1223,1236,1183018504
1223,1236,1183018720
1236,1236,1183025697
1223,1236,1183189727
1223,1236,1183192102
1223,1236,1183192243
1223,1236,1183192301
1223,1236,1183192374
1223,1236,1183192505
1223,1236,1183193383
1223,1236,1183193826
1223,1236,1183200290
1223,1236,1183200387
1223,1236,1183200492
1223,1236,1183200799
1235,1231,1183212220
1236,1236,1183251956
1236,1236,1183252799
1223,1236,1183255671
1223,1236,1183256561
1223,1236,1183256589
1223,1236,1183256621
1236,1236,1183279992
1223,1236,1183358040
1223,1236,1183358236
1223,1236,1183358847
1223,1236,1183358943
1223,1236,1183359047
1223,1236,1183359174
1223,1236,1183359921
1236,1236,1183437317
32,29,1183512006
1223,1236,1183540955
1236,1236,1183555523
1223,1236,1183587877
1223,1236,1183587995
1236,1236,1183628636
1223,1236,1183663094
1236,1236,1183683470
1223,1236,1183700055
1223,1236,1183700069
1223,1236,1183700085
254,103,1183705216
254,103,1183755445
1105,111,1183760592
1105,111,1183762033
1223,1236,1183929526
1049,111,1183929744
1042,111,1183937754
1106,111,1184005169
1106,111,1184007445
1106,111,1184007510
1106,111,1184007528
1106,111,1184010063
1106,111,1184010073
111,111,1184012342
111,111,1184012378
1107,111,1184016412
1042,111,1184037254
78,111,1184128592
32,486,1184239364
32,486,1184239379
32,486,1184239393
32,486,1184239408
32,486,1184239422
32,486,1184239437
32,486,1184239452
32,486,1184239467
32,486,1184239482
32,486,1184239499
1259,1247,1184299690
1108,111,1184301021
254,103,1184306502
1109,111,1184325626
992,111,1184335616
103,103,1184343268
111,111,1184352589
111,111,1184352605
111,111,1184352643
111,111,1184352681
111,111,1184353186
111,111,1184353226
111,111,1184353249
254,103,1184358636
1109,111,1184361374
1110,111,1184369360
1111,111,1184371924
111,111,1184371999
992,111,1184388781
992,111,1184388906
693,111,1184556049
111,111,1184562364
32,103,1184700248
78,111,1184809917
78,111,1184812030
78,111,1184813370
111,111,1184833638
290,103,1184862109
78,111,1184881925
111,111,1184888610
1112,111,1184996108
111,111,1185005074
1113,111,1185017409
1113,111,1185017519
1113,111,1185082538
78,111,1185268047
111,111,1185302883
249,111,1185328443
111,111,1185348015
254,103,1185469442
291,103,1185514629
1227,488,1185515387
1114,111,1185558850
111,111,1185564244
1115,111,1185658233
1116,111,1185915259
78,106,1185949503
1117,111,1186098834
1118,111,1186131502
32,111,1186354310
1033,111,1186483452
1082,111,1186489380
548,106,1186512142
276,103,1186538663
1082,111,1186662206
49,47,1186736775
292,103,1186737086
287,103,1186782713
287,103,1186782786
1119,111,1186936303
1119,111,1186968279
1120,111,1187045186
1121,111,1187049742
1082,111,1187164300
1121,111,1187226514
1068,111,1187308895
293,103,1187313568
294,103,1187325939
339,111,1187430793
339,111,1187430823
111,111,1187472976
1068,111,1187494345
1068,111,1187494398
1122,111,1187610923
1068,111,1187755650
1068,111,1187755872
1123,111,1187756012
1123,111,1187756159
1123,111,1187756196
295,103,1187822899
296,103,1188020710
1082,111,1188115481
1005,111,1188203207
111,111,1188203454
1082,111,1188203575
111,111,1188203709
1124,111,1188204004
1124,111,1188213734
1182,488,1188297238
1125,111,1188446962
1125,111,1188447474
1124,111,1188557304
1068,111,1188689698
1075,111,1188690781
1126,111,1188798820
1246,1236,1188809963
1127,111,1188853413
111,111,1188859516
1049,111,1189011159
1128,111,1189217695
103,103,1189442834
49,488,1189508673
1228,488,1189508756
1129,111,1189544085
111,111,1189548306
1125,111,1189572273
297,103,1190012433
1130,111,1190013145
1130,111,1190013473
1113,111,1190092721
501,492,1190172940
662,111,1190184484
1125,111,1190255996
103,103,1190674145
103,103,1190674312
103,103,1190692503
298,103,1190720770
103,103,1190728438
298,103,1190742093
103,103,1190744085
103,103,1190774737
1131,111,1190797853
79,111,1191096300
1235,1231,1191193861
1130,111,1191441999
1223,1236,1191442874
286,103,1191461249
299,103,1191490600
103,103,1191512168
1049,111,1191862924
300,103,1191990787
300,103,1191990938
300,103,1191992261
300,103,1191992291
103,103,1191992327
1132,111,1192084715
1132,111,1192084858
111,111,1192163228
1132,111,1192172111
111,111,1192180770
301,103,1192203951
1125,111,1192497014
302,103,1192632491
103,103,1192636714
1133,111,1192641208
302,103,1192690982
111,111,1192691987
302,103,1192692000
111,111,1192692552
111,111,1192692783
303,103,1192763034
302,103,1192804317
302,103,1192804412
103,103,1192811552
302,103,1192811935
103,103,1192812931
302,103,1192813275
78,111,1192920375
111,111,1192920631
304,103,1192953265
302,103,1193117770
103,103,1193118384
1134,111,1193138387
111,111,1193138492
1134,111,1193138553
103,103,1193283176
103,103,1193284290
302,103,1193318691
103,103,1193326711
302,103,1193328393
103,103,1193332687
305,103,1193445559
1135,111,1193460937
306,103,1193470085
307,103,1193470184
306,103,1193470473
302,103,1193470830
103,103,1193502375
305,103,1193522031
103,103,1193560251
283,103,1193604368
103,103,1193605316
302,103,1193614059
103,103,1193621859
302,103,1193624913
302,103,1193635066
302,103,1193635157
103,103,1193635972
103,103,1193636155
302,103,1193636288
302,103,1193636457
308,103,1193667336
502,492,1193689371
1135,111,1193702902
103,103,1193713833
103,103,1193713982
302,103,1193715240
302,103,1193715389
302,103,1193715779
302,103,1193716010
103,103,1193856626
309,103,1193894602
310,103,1193985235
310,103,1193985284
196,111,1193990528
1049,111,1194125458
283,103,1194153055
103,103,1194203577
283,103,1194411774
1182,488,1194479592
484,97,1194485737
1223,1236,1194660052
1223,1236,1194660090
1223,1236,1194660120
1136,111,1194723505
111,111,1194840589
92,83,1194899116
283,103,1195019854
549,106,1195107300
549,106,1195107403
106,106,1195108394
103,103,1195112604
1137,111,1195326478
111,111,1195353798
111,111,1195353832
1137,111,1195365464
111,111,1195365892
1137,111,1195366394
111,111,1195366488
311,103,1195624426
103,103,1195681586
1138,111,1195788259
111,111,1195790341
572,111,1196092899
111,111,1196122197
550,106,1196132258
307,106,1196132370
307,111,1196419064
111,111,1196461087
111,111,1196461458
232,103,1196495045
551,106,1196527520
106,106,1196530894
1139,111,1196590387
103,103,1196710887
232,103,1196769724
103,103,1196804722
1140,111,1197151937
1140,111,1197219315
1140,111,1197219705
1140,111,1197220863
1140,111,1197220975
1141,111,1197284085
1140,111,1197348629
1140,111,1197348682
1075,111,1197429854
561,559,1197454935
561,1231,1197455053
1077,111,1197478788
1142,111,1197611766
312,103,1197674915
1143,111,1197761558
312,103,1197796017
312,103,1197853949
312,103,1197854058
312,103,1197854153
312,103,1197854180
312,103,1197854300
312,103,1197854386
312,103,1197854776
1144,111,1197854878
312,103,1197854933
1144,111,1197856185
1144,111,1197864949
1144,111,1197865030
111,111,1197865124
283,103,1197943967
548,106,1198035049
548,106,1198047129
106,106,1198092300
1145,111,1198228637
312,103,1198482323
1144,111,1198492580
111,111,1198492766
1140,111,1198744211
1140,111,1198748614
313,103,1198920901
82,28,1199025058
44,488,1199179429
44,488,1199219827
1146,111,1199244471
44,488,1199247416
103,103,1199316390
78,111,1199338396
111,111,1199414446
111,111,1199414684
1139,111,1199431258
314,103,1199461746
