src,dst,time
0.0,980.0,0.0
0.0,981.0,6.0
0.0,982.0,41.0
0.0,981.0,49.0
0.0,982.0,51.0
0.0,983.0,55.0
0.0,984.0,59.0
0.0,985.0,62.0
0.0,986.0,65.0
0.0,987.0,113.0
0.0,988.0,226.0
0.0,989.0,974.0
0.0,980.0,1000.0
0.0,989.0,1172.0
0.0,982.0,1182.0
0.0,981.0,1185.0
0.0,990.0,1687.0
1.0,990.0,7262.0
1.0,981.0,7266.0
1.0,982.0,7273.0
1.0,987.0,7289.0
1.0,980.0,7299.0
1.0,991.0,7319.0
1.0,992.0,7839.0
1.0,991.0,7846.0
2.0,981.0,37868.0
3.0,981.0,37953.0
4.0,981.0,37969.0
4.0,983.0,38018.0
3.0,990.0,38113.0
3.0,983.0,38126.0
5.0,981.0,38170.0
5.0,983.0,38184.0
6.0,981.0,38218.0
7.0,981.0,38219.0
5.0,988.0,38239.0
3.0,993.0,38246.0
8.0,981.0,38260.0
6.0,983.0,38261.0
7.0,981.0,38287.0
6.0,981.0,38308.0
6.0,982.0,38327.0
6.0,987.0,38340.0
9.0,981.0,38414.0
7.0,990.0,38455.0
7.0,989.0,38472.0
6.0,994.0,38581.0
7.0,983.0,38583.0
6.0,994.0,38597.0
6.0,987.0,38606.0
6.0,994.0,38615.0
6.0,989.0,38623.0
10.0,981.0,38680.0
6.0,988.0,38696.0
10.0,983.0,38700.0
6.0,983.0,38704.0
4.0,984.0,38724.0
4.0,993.0,38725.0
4.0,988.0,38736.0
4.0,985.0,38753.0
11.0,981.0,38819.0
12.0,981.0,38820.0
12.0,983.0,38826.0
11.0,981.0,38833.0
11.0,983.0,38842.0
13.0,981.0,38900.0
13.0,983.0,38905.0
12.0,989.0,38906.0
12.0,993.0,38906.0
12.0,989.0,38923.0
12.0,987.0,38931.0
12.0,988.0,38941.0
14.0,981.0,39047.0
14.0,982.0,39065.0
14.0,981.0,39073.0
13.0,984.0,39105.0
13.0,993.0,39105.0
14.0,983.0,39113.0
14.0,989.0,39133.0
14.0,993.0,39133.0
14.0,989.0,39157.0
13.0,988.0,39161.0
14.0,987.0,39162.0
15.0,981.0,39164.0
15.0,982.0,39190.0
13.0,995.0,39193.0
16.0,981.0,39193.0
15.0,983.0,39197.0
17.0,981.0,39220.0
13.0,988.0,39229.0
13.0,985.0,39232.0
15.0,993.0,39241.0
18.0,981.0,39251.0
13.0,984.0,39253.0
13.0,996.0,39254.0
17.0,990.0,39258.0
18.0,983.0,39273.0
19.0,981.0,39304.0
19.0,982.0,39313.0
19.0,983.0,39319.0
17.0,983.0,39320.0
14.0,988.0,39328.0
19.0,993.0,39329.0
14.0,988.0,39364.0
14.0,981.0,39370.0
10.0,984.0,39382.0
14.0,982.0,39382.0
14.0,983.0,39393.0
14.0,984.0,39423.0
14.0,981.0,39438.0
6.0,993.0,39445.0
14.0,981.0,39447.0
14.0,982.0,39513.0
14.0,990.0,39543.0
14.0,984.0,39586.0
13.0,987.0,39591.0
13.0,995.0,39591.0
20.0,981.0,39606.0
20.0,982.0,39610.0
20.0,981.0,39612.0
13.0,989.0,39623.0
14.0,984.0,39624.0
20.0,983.0,39624.0
14.0,984.0,39627.0
21.0,981.0,39627.0
4.0,985.0,39630.0
4.0,996.0,39630.0
21.0,982.0,39637.0
21.0,983.0,39642.0
21.0,987.0,39648.0
21.0,993.0,39649.0
13.0,989.0,39667.0
11.0,984.0,39708.0
11.0,993.0,39708.0
10.0,985.0,39816.0
4.0,996.0,39882.0
18.0,984.0,39957.0
18.0,993.0,39958.0
21.0,994.0,40004.0
21.0,989.0,40026.0
21.0,988.0,40103.0
17.0,993.0,40167.0
22.0,982.0,40214.0
22.0,983.0,40221.0
20.0,989.0,40236.0
20.0,993.0,40237.0
20.0,984.0,40276.0
18.0,985.0,40285.0
18.0,995.0,40285.0
17.0,988.0,40287.0
23.0,981.0,40325.0
23.0,983.0,40339.0
17.0,984.0,40412.0
11.0,987.0,40651.0
11.0,995.0,40652.0
24.0,981.0,40670.0
24.0,984.0,40684.0
18.0,985.0,40686.0
18.0,996.0,40687.0
20.0,985.0,40726.0
20.0,995.0,40726.0
20.0,986.0,40731.0
20.0,996.0,40732.0
22.0,988.0,40733.0
22.0,993.0,40734.0
20.0,997.0,40739.0
20.0,998.0,40740.0
22.0,987.0,40745.0
20.0,986.0,40756.0
20.0,999.0,40757.0
23.0,989.0,40764.0
20.0,985.0,40773.0
20.0,998.0,40773.0
23.0,989.0,40784.0
20.0,996.0,40790.0
23.0,989.0,40791.0
10.0,986.0,40830.0
25.0,981.0,41049.0
25.0,982.0,41059.0
25.0,983.0,41068.0
18.0,986.0,41096.0
18.0,996.0,41097.0
25.0,983.0,41103.0
23.0,984.0,41157.0
23.0,993.0,41158.0
17.0,985.0,41267.0
17.0,995.0,41267.0
17.0,984.0,41309.0
17.0,996.0,41310.0
17.0,983.0,41319.0
17.0,995.0,41319.0
17.0,985.0,41323.0
17.0,993.0,41324.0
10.0,997.0,41378.0
18.0,997.0,41463.0
18.0,998.0,41464.0
23.0,989.0,41536.0
23.0,987.0,41563.0
16.0,990.0,41600.0
16.0,981.0,41604.0
24.0,985.0,41608.0
24.0,995.0,41608.0
16.0,982.0,41611.0
16.0,987.0,41620.0
23.0,985.0,41631.0
23.0,995.0,41632.0
17.0,985.0,41646.0
17.0,996.0,41646.0
16.0,989.0,41646.0
24.0,988.0,41647.0
24.0,985.0,41651.0
16.0,989.0,41665.0
25.0,984.0,41790.0
25.0,995.0,41868.0
26.0,981.0,41882.0
26.0,982.0,41892.0
26.0,989.0,41910.0
27.0,981.0,41934.0
26.0,987.0,41936.0
27.0,982.0,41937.0
26.0,989.0,41943.0
27.0,982.0,41944.0
26.0,989.0,41946.0
27.0,981.0,41947.0
26.0,988.0,41964.0
17.0,989.0,41979.0
17.0,996.0,41979.0
17.0,989.0,42010.0
18.0,987.0,42053.0
18.0,999.0,42053.0
18.0,994.0,42120.0
18.0,989.0,42133.0
18.0,988.0,42189.0
28.0,981.0,42489.0
24.0,986.0,42632.0
24.0,996.0,42633.0
24.0,988.0,43218.0
24.0,998.0,43219.0
24.0,997.0,43223.0
29.0,981.0,43615.0
29.0,982.0,43629.0
29.0,981.0,43662.0
29.0,990.0,43691.0
29.0,989.0,43697.0
30.0,981.0,45092.0
30.0,982.0,45116.0
30.0,983.0,45126.0
30.0,987.0,45132.0
30.0,983.0,45139.0
31.0,981.0,45708.0
31.0,987.0,45731.0
30.0,984.0,45858.0
31.0,994.0,45929.0
31.0,989.0,46021.0
30.0,985.0,46295.0
23.0,989.0,47169.0
32.0,981.0,47359.0
23.0,989.0,47628.0
32.0,987.0,48257.0
32.0,989.0,48272.0
32.0,988.0,48834.0
23.0,986.0,48950.0
23.0,996.0,48951.0
23.0,981.0,49040.0
23.0,998.0,49041.0
23.0,982.0,49044.0
23.0,994.0,49131.0
33.0,981.0,49692.0
34.0,981.0,53894.0
34.0,983.0,53909.0
35.0,981.0,54663.0
35.0,982.0,54705.0
35.0,987.0,54763.0
35.0,989.0,54972.0
35.0,983.0,55061.0
35.0,987.0,55090.0
31.0,988.0,55471.0
34.0,981.0,55632.0
34.0,993.0,55634.0
34.0,990.0,55750.0
36.0,981.0,57325.0
36.0,983.0,57370.0
37.0,981.0,58318.0
37.0,990.0,58364.0
37.0,981.0,58372.0
38.0,981.0,60105.0
38.0,982.0,60119.0
39.0,981.0,60435.0
39.0,982.0,60453.0
39.0,983.0,60463.0
38.0,990.0,61020.0
38.0,983.0,61036.0
40.0,981.0,61340.0
40.0,983.0,61356.0
40.0,984.0,61501.0
40.0,993.0,61501.0
40.0,983.0,61514.0
40.0,995.0,61515.0
40.0,983.0,61610.0
40.0,993.0,61610.0
41.0,981.0,61669.0
42.0,981.0,61683.0
42.0,989.0,61688.0
42.0,987.0,61702.0
41.0,990.0,61782.0
42.0,994.0,61790.0
41.0,983.0,61795.0
42.0,994.0,61818.0
41.0,984.0,62487.0
43.0,981.0,62555.0
44.0,981.0,62596.0
44.0,984.0,62604.0
43.0,990.0,62607.0
43.0,984.0,62626.0
44.0,995.0,62630.0
45.0,981.0,62655.0
45.0,987.0,62670.0
45.0,994.0,62777.0
46.0,981.0,62918.0
46.0,983.0,62948.0
41.0,985.0,62960.0
41.0,984.0,62970.0
41.0,986.0,62975.0
41.0,985.0,62980.0
39.0,993.0,63073.0
43.0,983.0,63076.0
43.0,995.0,63076.0
46.0,983.0,63301.0
45.0,994.0,63327.0
47.0,981.0,63343.0
45.0,983.0,63345.0
47.0,983.0,63362.0
45.0,997.0,63396.0
45.0,986.0,63416.0
48.0,981.0,63440.0
48.0,982.0,63449.0
48.0,983.0,63453.0
45.0,986.0,63474.0
47.0,984.0,63477.0
47.0,993.0,63478.0
47.0,983.0,63502.0
47.0,981.0,63503.0
46.0,988.0,63745.0
46.0,983.0,63760.0
43.0,985.0,63761.0
43.0,993.0,63761.0
45.0,988.0,63888.0
45.0,983.0,63906.0
49.0,989.0,63936.0
41.0,986.0,63959.0
49.0,988.0,64037.0
50.0,981.0,64267.0
51.0,981.0,64307.0
51.0,983.0,64337.0
41.0,997.0,64429.0
41.0,986.0,64435.0
46.0,985.0,64474.0
46.0,984.0,64477.0
46.0,985.0,64478.0
46.0,984.0,64487.0
41.0,989.0,64501.0
41.0,997.0,64510.0
45.0,988.0,64739.0
45.0,989.0,64752.0
38.0,989.0,64776.0
38.0,993.0,64777.0
46.0,984.0,64936.0
46.0,995.0,64936.0
52.0,981.0,64988.0
52.0,982.0,65005.0
52.0,983.0,65010.0
52.0,989.0,65043.0
52.0,987.0,65159.0
53.0,981.0,65328.0
52.0,994.0,65333.0
41.0,987.0,65337.0
52.0,994.0,65352.0
53.0,987.0,65353.0
41.0,989.0,65356.0
52.0,994.0,65363.0
53.0,989.0,65381.0
46.0,985.0,65572.0
54.0,981.0,65865.0
55.0,983.0,65872.0
54.0,983.0,65878.0
55.0,987.0,65885.0
55.0,993.0,65886.0
54.0,993.0,65888.0
55.0,984.0,65896.0
53.0,983.0,65968.0
55.0,983.0,65985.0
55.0,995.0,65986.0
55.0,983.0,65991.0
52.0,988.0,66104.0
52.0,984.0,66112.0
56.0,981.0,66182.0
56.0,983.0,66199.0
57.0,981.0,66284.0
57.0,983.0,66306.0
58.0,981.0,66470.0
59.0,981.0,66492.0
60.0,981.0,66497.0
58.0,981.0,66500.0
59.0,982.0,66528.0
60.0,983.0,66538.0
58.0,990.0,66602.0
53.0,984.0,66653.0
8.0,990.0,66653.0
61.0,981.0,66680.0
62.0,981.0,66712.0
62.0,983.0,66724.0
8.0,990.0,66729.0
63.0,981.0,66752.0
59.0,990.0,66758.0
59.0,983.0,66765.0
63.0,984.0,66773.0
8.0,990.0,66775.0
8.0,983.0,66786.0
64.0,981.0,66876.0
64.0,990.0,66889.0
65.0,983.0,66892.0
58.0,990.0,66892.0
64.0,981.0,66895.0
65.0,988.0,66903.0
65.0,993.0,66903.0
65.0,983.0,66910.0
65.0,984.0,66931.0
65.0,993.0,66932.0
65.0,995.0,66941.0
58.0,990.0,66952.0
62.0,984.0,66956.0
62.0,993.0,66957.0
62.0,983.0,66961.0
62.0,995.0,66961.0
62.0,993.0,66966.0
66.0,981.0,66978.0
58.0,983.0,66981.0
67.0,981.0,66984.0
62.0,988.0,66988.0
62.0,983.0,66993.0
68.0,981.0,67029.0
68.0,982.0,67037.0
68.0,987.0,67044.0
67.0,983.0,67056.0
64.0,990.0,67075.0
64.0,981.0,67078.0
15.0,988.0,67089.0
53.0,985.0,67090.0
15.0,985.0,67094.0
69.0,981.0,67114.0
52.0,985.0,67121.0
68.0,994.0,67133.0
69.0,990.0,67143.0
69.0,981.0,67149.0
68.0,987.0,67149.0
69.0,982.0,67157.0
68.0,994.0,67160.0
69.0,983.0,67164.0
68.0,987.0,67165.0
68.0,989.0,67169.0
69.0,989.0,67201.0
69.0,993.0,67202.0
69.0,989.0,67224.0
70.0,981.0,67247.0
70.0,982.0,67256.0
70.0,983.0,67263.0
69.0,988.0,67307.0
54.0,988.0,67318.0
54.0,983.0,67322.0
67.0,993.0,67365.0
59.0,993.0,67452.0
71.0,981.0,67473.0
71.0,990.0,67503.0
71.0,983.0,67521.0
72.0,981.0,67596.0
72.0,983.0,67622.0
59.0,984.0,67640.0
58.0,984.0,67679.0
73.0,981.0,67733.0
73.0,982.0,67745.0
73.0,989.0,67753.0
73.0,983.0,67779.0
74.0,981.0,67868.0
70.0,983.0,67891.0
70.0,993.0,67891.0
75.0,981.0,67934.0
75.0,982.0,67979.0
70.0,984.0,67980.0
70.0,993.0,67981.0
75.0,983.0,67987.0
76.0,981.0,67999.0
76.0,982.0,68007.0
74.0,982.0,68021.0
74.0,983.0,68030.0
59.0,985.0,68046.0
59.0,995.0,68047.0
63.0,989.0,68051.0
63.0,995.0,68052.0
77.0,981.0,68055.0
63.0,989.0,68063.0
62.0,984.0,68067.0
62.0,993.0,68068.0
15.0,986.0,68075.0
15.0,996.0,68075.0
77.0,990.0,68079.0
77.0,981.0,68082.0
78.0,981.0,68082.0
54.0,984.0,68089.0
54.0,993.0,68089.0
63.0,984.0,68094.0
78.0,984.0,68103.0
79.0,981.0,68104.0
78.0,983.0,68109.0
78.0,995.0,68109.0
79.0,982.0,68114.0
52.0,986.0,68122.0
79.0,983.0,68125.0
80.0,981.0,68145.0
81.0,981.0,68163.0
58.0,985.0,68199.0
81.0,990.0,68232.0
80.0,990.0,68244.0
82.0,981.0,68259.0
82.0,982.0,68266.0
80.0,983.0,68274.0
53.0,986.0,68322.0
71.0,984.0,68410.0
71.0,993.0,68411.0
83.0,984.0,68412.0
83.0,983.0,68417.0
83.0,987.0,68421.0
83.0,989.0,68426.0
83.0,987.0,68427.0
83.0,993.0,68428.0
59.0,996.0,68519.0
84.0,981.0,68575.0
83.0,994.0,68579.0
84.0,982.0,68588.0
83.0,987.0,68594.0
84.0,981.0,68594.0
83.0,994.0,68600.0
84.0,983.0,68601.0
83.0,994.0,68602.0
84.0,983.0,68605.0
85.0,981.0,68608.0
83.0,994.0,68610.0
15.0,997.0,68611.0
15.0,998.0,68611.0
83.0,994.0,68617.0
83.0,997.0,68626.0
83.0,987.0,68630.0
83.0,986.0,68633.0
83.0,997.0,68636.0
83.0,998.0,68637.0
83.0,989.0,68639.0
85.0,982.0,68642.0
75.0,984.0,68679.0
78.0,989.0,68684.0
78.0,993.0,68685.0
63.0,985.0,68697.0
63.0,995.0,68698.0
78.0,983.0,68698.0
83.0,989.0,68704.0
86.0,981.0,68709.0
83.0,989.0,68709.0
86.0,983.0,68719.0
83.0,985.0,68719.0
78.0,987.0,68723.0
78.0,993.0,68723.0
70.0,985.0,68727.0
70.0,995.0,68728.0
83.0,989.0,68732.0
83.0,996.0,68732.0
83.0,987.0,68734.0
83.0,989.0,68743.0
83.0,988.0,68746.0
85.0,987.0,68759.0
85.0,989.0,68761.0
85.0,983.0,68772.0
78.0,983.0,68773.0
78.0,989.0,68777.0
78.0,993.0,68778.0
78.0,983.0,68788.0
78.0,993.0,68794.0
85.0,983.0,68807.0
80.0,988.0,68811.0
87.0,981.0,68833.0
54.0,985.0,68863.0
54.0,995.0,68864.0
54.0,985.0,68868.0
80.0,988.0,68868.0
53.0,997.0,68870.0
87.0,981.0,68875.0
80.0,983.0,68879.0
79.0,984.0,68880.0
79.0,993.0,68881.0
87.0,981.0,68882.0
79.0,984.0,68882.0
87.0,981.0,68884.0
87.0,982.0,68888.0
85.0,984.0,68892.0
85.0,993.0,68893.0
87.0,983.0,68897.0
74.0,984.0,68915.0
85.0,985.0,68933.0
88.0,981.0,68944.0
54.0,985.0,68945.0
54.0,996.0,68946.0
85.0,986.0,68953.0
88.0,981.0,68959.0
71.0,985.0,68967.0
71.0,995.0,68967.0
85.0,997.0,68970.0
85.0,998.0,68971.0
78.0,988.0,68982.0
78.0,983.0,68987.0
85.0,987.0,68988.0
88.0,981.0,68991.0
85.0,981.0,68995.0
88.0,981.0,68996.0
88.0,982.0,69004.0
88.0,981.0,69008.0
89.0,981.0,69008.0
78.0,983.0,69009.0
78.0,993.0,69009.0
88.0,983.0,69011.0
87.0,993.0,69018.0
89.0,987.0,69023.0
89.0,989.0,69032.0
88.0,987.0,69055.0
90.0,981.0,69064.0
91.0,981.0,69073.0
59.0,986.0,69082.0
54.0,996.0,69091.0
91.0,983.0,69097.0
92.0,981.0,69098.0
90.0,990.0,69113.0
54.0,985.0,69115.0
92.0,983.0,69116.0
75.0,985.0,69134.0
78.0,993.0,69147.0
88.0,989.0,69156.0
78.0,983.0,69159.0
90.0,990.0,69170.0
78.0,984.0,69172.0
78.0,993.0,69173.0
62.0,985.0,69185.0
62.0,995.0,69185.0
54.0,985.0,69219.0
54.0,996.0,69220.0
75.0,985.0,69258.0
93.0,981.0,69287.0
94.0,981.0,69299.0
95.0,981.0,69304.0
94.0,982.0,69314.0
84.0,984.0,69316.0
84.0,993.0,69316.0
84.0,984.0,69320.0
93.0,981.0,69322.0
94.0,982.0,69326.0
94.0,997.0,69334.0
94.0,986.0,69354.0
94.0,999.0,69355.0
94.0,987.0,69358.0
94.0,998.0,69359.0
74.0,985.0,69360.0
93.0,990.0,69373.0
80.0,988.0,69393.0
93.0,983.0,69394.0
82.0,990.0,69399.0
80.0,983.0,69400.0
79.0,985.0,69413.0
79.0,995.0,69413.0
79.0,985.0,69414.0
90.0,990.0,69433.0
36.0,988.0,69434.0
86.0,993.0,69451.0
86.0,988.0,69464.0
86.0,983.0,69469.0
86.0,993.0,69479.0
96.0,981.0,69487.0
97.0,983.0,69492.0
90.0,990.0,69506.0
97.0,984.0,69508.0
97.0,993.0,69508.0
98.0,981.0,69508.0
54.0,986.0,69519.0
54.0,996.0,69519.0
91.0,983.0,69521.0
96.0,990.0,69533.0
59.0,997.0,69534.0
59.0,998.0,69534.0
90.0,990.0,69535.0
96.0,981.0,69541.0
36.0,983.0,69541.0
90.0,982.0,69542.0
97.0,983.0,69544.0
97.0,995.0,69544.0
90.0,981.0,69553.0
96.0,982.0,69554.0
90.0,981.0,69555.0
96.0,983.0,69562.0
91.0,985.0,69563.0
99.0,981.0,69571.0
100.0,981.0,69571.0
91.0,985.0,69578.0
101.0,981.0,69584.0
36.0,988.0,69586.0
91.0,986.0,69588.0
102.0,981.0,69588.0
100.0,983.0,69589.0
15.0,987.0,69590.0
15.0,999.0,69591.0
36.0,983.0,69591.0
91.0,997.0,69595.0
102.0,982.0,69595.0
99.0,981.0,69596.0
102.0,981.0,69598.0
103.0,981.0,69601.0
99.0,983.0,69602.0
91.0,987.0,69602.0
104.0,981.0,69608.0
104.0,983.0,69621.0
78.0,995.0,69623.0
101.0,982.0,69624.0
104.0,987.0,69634.0
101.0,983.0,69635.0
103.0,982.0,69640.0
58.0,987.0,69648.0
103.0,983.0,69648.0
103.0,984.0,69654.0
103.0,993.0,69655.0
99.0,993.0,69658.0
103.0,987.0,69660.0
103.0,995.0,69661.0
103.0,989.0,69669.0
103.0,983.0,69683.0
36.0,993.0,69686.0
103.0,993.0,69718.0
88.0,984.0,69731.0
88.0,993.0,69732.0
15.0,994.0,69736.0
80.0,984.0,69746.0
90.0,990.0,69747.0
80.0,993.0,69747.0
102.0,990.0,69750.0
15.0,994.0,69751.0
53.0,987.0,69754.0
102.0,981.0,69756.0
105.0,981.0,69763.0
84.0,985.0,69763.0
84.0,995.0,69763.0
15.0,994.0,69766.0
84.0,985.0,69766.0
90.0,990.0,69771.0
15.0,994.0,69771.0
90.0,981.0,69778.0
15.0,989.0,69779.0
105.0,990.0,69784.0
104.0,988.0,69786.0
78.0,988.0,69796.0
78.0,987.0,69799.0
104.0,989.0,69803.0
63.0,986.0,69810.0
63.0,996.0,69811.0
104.0,983.0,69816.0
104.0,993.0,69832.0
78.0,984.0,69835.0
106.0,981.0,69839.0
79.0,996.0,69839.0
78.0,995.0,69840.0
78.0,988.0,69843.0
15.0,989.0,69867.0
90.0,990.0,69873.0
15.0,989.0,69873.0
15.0,988.0,69878.0
89.0,983.0,69941.0
91.0,984.0,69965.0
53.0,994.0,69973.0
107.0,981.0,69990.0
53.0,989.0,69992.0
106.0,990.0,69999.0
90.0,990.0,70005.0
53.0,989.0,70008.0
90.0,981.0,70010.0
106.0,989.0,70010.0
53.0,989.0,70010.0
59.0,999.0,70013.0
90.0,981.0,70016.0
106.0,987.0,70021.0
70.0,987.0,70032.0
70.0,996.0,70032.0
108.0,984.0,70039.0
108.0,983.0,70047.0
108.0,995.0,70047.0
70.0,989.0,70050.0
107.0,990.0,70052.0
108.0,989.0,70059.0
108.0,993.0,70060.0
90.0,981.0,70062.0
54.0,997.0,70062.0
54.0,998.0,70062.0
107.0,982.0,70063.0
109.0,981.0,70067.0
107.0,981.0,70068.0
92.0,984.0,70093.0
92.0,993.0,70094.0
98.0,990.0,70118.0
91.0,984.0,70128.0
90.0,981.0,70133.0
98.0,989.0,70143.0
90.0,983.0,70145.0
110.0,981.0,70155.0
15.0,988.0,70170.0
110.0,981.0,70177.0
95.0,990.0,70192.0
95.0,981.0,70198.0
98.0,987.0,70202.0
107.0,983.0,70203.0
95.0,983.0,70204.0
110.0,982.0,70212.0
95.0,997.0,70219.0
95.0,993.0,70219.0
111.0,981.0,70226.0
95.0,989.0,70227.0
95.0,999.0,70227.0
98.0,987.0,70235.0
111.0,982.0,70239.0
112.0,981.0,70243.0
111.0,987.0,70248.0
88.0,985.0,70250.0
88.0,995.0,70250.0
74.0,985.0,70251.0
110.0,982.0,70252.0
113.0,981.0,70255.0
74.0,985.0,70256.0
113.0,981.0,70261.0
113.0,983.0,70269.0
95.0,989.0,70271.0
95.0,989.0,70277.0
113.0,982.0,70282.0
95.0,987.0,70293.0
71.0,986.0,70298.0
71.0,996.0,70300.0
113.0,993.0,70301.0
112.0,990.0,70303.0
95.0,997.0,70303.0
113.0,981.0,70306.0
95.0,983.0,70308.0
95.0,999.0,70308.0
95.0,993.0,70316.0
113.0,990.0,70335.0
111.0,994.0,70354.0
80.0,988.0,70355.0
111.0,994.0,70364.0
80.0,984.0,70364.0
63.0,997.0,70372.0
63.0,998.0,70376.0
111.0,983.0,70381.0
113.0,990.0,70385.0
113.0,983.0,70393.0
59.0,989.0,70394.0
59.0,987.0,70428.0
75.0,986.0,70435.0
114.0,981.0,70452.0
114.0,990.0,70484.0
114.0,983.0,70509.0
114.0,986.0,70514.0
114.0,993.0,70514.0
114.0,987.0,70520.0
114.0,998.0,70521.0
115.0,981.0,70522.0
80.0,985.0,70524.0
92.0,985.0,70532.0
115.0,982.0,70532.0
92.0,995.0,70533.0
114.0,989.0,70533.0
114.0,987.0,70537.0
115.0,983.0,70540.0
115.0,989.0,70543.0
115.0,983.0,70576.0
57.0,989.0,70606.0
57.0,993.0,70607.0
52.0,997.0,70620.0
116.0,981.0,70620.0
116.0,982.0,70628.0
89.0,984.0,70629.0
89.0,993.0,70630.0
116.0,983.0,70637.0
110.0,990.0,70647.0
105.0,990.0,70656.0
110.0,989.0,70658.0
59.0,994.0,70662.0
105.0,981.0,70667.0
110.0,989.0,70680.0
110.0,987.0,70683.0
110.0,983.0,70696.0
111.0,987.0,70711.0
111.0,993.0,70712.0
99.0,988.0,70718.0
99.0,984.0,70726.0
111.0,994.0,70733.0
117.0,981.0,70738.0
118.0,981.0,70750.0
114.0,994.0,70757.0
110.0,989.0,70769.0
110.0,993.0,70770.0
16.0,988.0,70771.0
118.0,983.0,70775.0
110.0,989.0,70775.0
119.0,981.0,70778.0
111.0,994.0,70781.0
74.0,986.0,70782.0
57.0,989.0,70784.0
16.0,982.0,70785.0
111.0,994.0,70786.0
74.0,986.0,70786.0
57.0,989.0,70788.0
57.0,987.0,70793.0
119.0,983.0,70799.0
111.0,988.0,70807.0
111.0,981.0,70811.0
111.0,982.0,70815.0
111.0,983.0,70821.0
111.0,993.0,70824.0
105.0,982.0,70833.0
119.0,987.0,70838.0
105.0,983.0,70841.0
90.0,984.0,70845.0
90.0,993.0,70845.0
114.0,994.0,70848.0
71.0,997.0,70860.0
71.0,998.0,70861.0
114.0,987.0,70874.0
114.0,997.0,70884.0
114.0,999.0,70891.0
84.0,986.0,70911.0
84.0,996.0,70912.0
84.0,986.0,70915.0
107.0,984.0,70919.0
107.0,993.0,70921.0
107.0,981.0,70927.0
107.0,995.0,70927.0
107.0,982.0,70935.0
119.0,994.0,70936.0
114.0,988.0,70941.0
107.0,984.0,70943.0
119.0,994.0,70950.0
16.0,990.0,70950.0
114.0,989.0,70951.0
119.0,994.0,70953.0
16.0,982.0,70955.0
119.0,989.0,70958.0
16.0,983.0,70960.0
80.0,996.0,70968.0
80.0,995.0,70968.0
120.0,981.0,70980.0
75.0,997.0,70989.0
99.0,995.0,70991.0
113.0,984.0,71022.0
113.0,993.0,71023.0
120.0,981.0,71041.0
120.0,982.0,71045.0
120.0,983.0,71051.0
119.0,988.0,71054.0
57.0,988.0,71061.0
121.0,981.0,71063.0
119.0,983.0,71065.0
122.0,981.0,71069.0
96.0,984.0,71076.0
89.0,985.0,71076.0
122.0,981.0,71077.0
89.0,995.0,71078.0
122.0,981.0,71084.0
122.0,983.0,71089.0
122.0,993.0,71106.0
122.0,981.0,71110.0
123.0,981.0,71113.0
122.0,982.0,71117.0
124.0,983.0,71117.0
122.0,982.0,71123.0
122.0,983.0,71128.0
122.0,987.0,71131.0
122.0,993.0,71132.0
122.0,983.0,71144.0
119.0,983.0,71145.0
120.0,993.0,71146.0
80.0,988.0,71146.0
80.0,985.0,71154.0
119.0,984.0,71156.0
125.0,981.0,71163.0
121.0,982.0,71173.0
119.0,986.0,71181.0
80.0,985.0,71196.0
54.0,987.0,71201.0
99.0,985.0,71202.0
54.0,999.0,71202.0
118.0,989.0,71216.0
126.0,981.0,71231.0
118.0,987.0,71233.0
119.0,983.0,71235.0
88.0,986.0,71237.0
88.0,996.0,71237.0
127.0,981.0,71238.0
126.0,981.0,71239.0
118.0,983.0,71247.0
127.0,989.0,71248.0
115.0,993.0,71257.0
126.0,982.0,71258.0
127.0,981.0,71265.0
127.0,982.0,71272.0
127.0,983.0,71281.0
127.0,987.0,71287.0
54.0,994.0,71288.0
128.0,981.0,71299.0
107.0,985.0,71304.0
107.0,995.0,71305.0
54.0,994.0,71307.0
54.0,987.0,71316.0
63.0,987.0,71318.0
63.0,999.0,71319.0
125.0,983.0,71319.0
54.0,989.0,71321.0
54.0,987.0,71333.0
128.0,981.0,71337.0
54.0,994.0,71343.0
54.0,987.0,71352.0
128.0,990.0,71366.0
128.0,983.0,71379.0
116.0,983.0,71380.0
116.0,993.0,71381.0
116.0,983.0,71383.0
116.0,984.0,71391.0
116.0,993.0,71392.0
116.0,984.0,71395.0
121.0,990.0,71401.0
90.0,985.0,71418.0
90.0,995.0,71418.0
63.0,994.0,71444.0
113.0,985.0,71449.0
113.0,995.0,71449.0
121.0,990.0,71450.0
63.0,994.0,71454.0
63.0,987.0,71470.0
63.0,994.0,71470.0
63.0,987.0,71485.0
121.0,981.0,71488.0
121.0,982.0,71498.0
129.0,981.0,71504.0
63.0,987.0,71507.0
121.0,983.0,71520.0
84.0,997.0,71532.0
84.0,998.0,71533.0
84.0,997.0,71536.0
130.0,981.0,71537.0
130.0,983.0,71551.0
84.0,986.0,71554.0
131.0,981.0,71567.0
131.0,983.0,71590.0
131.0,981.0,71602.0
96.0,985.0,71606.0
131.0,981.0,71607.0
131.0,982.0,71614.0
92.0,986.0,71615.0
92.0,996.0,71615.0
132.0,981.0,71624.0
131.0,982.0,71632.0
131.0,983.0,71642.0
132.0,982.0,71646.0
74.0,997.0,71655.0
132.0,983.0,71658.0
16.0,984.0,71681.0
16.0,993.0,71682.0
133.0,981.0,71684.0
84.0,997.0,71692.0
84.0,998.0,71692.0
84.0,997.0,71696.0
134.0,981.0,71714.0
135.0,981.0,71716.0
134.0,982.0,71719.0
136.0,981.0,71724.0
134.0,983.0,71724.0
135.0,981.0,71726.0
135.0,983.0,71733.0
105.0,984.0,71740.0
105.0,993.0,71741.0
137.0,981.0,71750.0
138.0,981.0,71751.0
95.0,988.0,71762.0
136.0,981.0,71763.0
16.0,985.0,71772.0
16.0,995.0,71772.0
139.0,981.0,71774.0
16.0,984.0,71775.0
136.0,983.0,71776.0
93.0,984.0,71785.0
93.0,993.0,71786.0
139.0,984.0,71790.0
139.0,997.0,71791.0
129.0,990.0,71793.0
71.0,987.0,71797.0
71.0,999.0,71798.0
104.0,988.0,71809.0
104.0,983.0,71811.0
129.0,983.0,71811.0
124.0,984.0,71817.0
137.0,987.0,71818.0
138.0,981.0,71818.0
133.0,983.0,71826.0
129.0,987.0,71826.0
138.0,981.0,71827.0
129.0,993.0,71827.0
116.0,995.0,71839.0
139.0,988.0,71841.0
139.0,997.0,71845.0
140.0,981.0,71850.0
139.0,983.0,71857.0
139.0,988.0,71875.0
139.0,981.0,71881.0
140.0,981.0,71891.0
140.0,983.0,71898.0
141.0,981.0,71906.0
129.0,994.0,71913.0
123.0,982.0,71918.0
129.0,994.0,71919.0
139.0,990.0,71921.0
139.0,984.0,71927.0
139.0,983.0,71928.0
141.0,983.0,71929.0
123.0,983.0,71929.0
71.0,994.0,71932.0
142.0,981.0,71935.0
142.0,982.0,71944.0
143.0,981.0,71949.0
71.0,994.0,71957.0
129.0,994.0,71961.0
71.0,989.0,71966.0
129.0,994.0,71967.0
75.0,987.0,71970.0
143.0,981.0,71981.0
138.0,990.0,71982.0
129.0,987.0,71988.0
141.0,987.0,71989.0
141.0,993.0,71989.0
142.0,983.0,71998.0
141.0,989.0,72002.0
142.0,987.0,72013.0
142.0,993.0,72013.0
125.0,984.0,72013.0
141.0,989.0,72031.0
141.0,997.0,72039.0
144.0,981.0,72047.0
129.0,989.0,72051.0
145.0,981.0,72060.0
144.0,990.0,72061.0
146.0,981.0,72064.0
89.0,986.0,72064.0
1.0,992.0,72064.0
89.0,996.0,72065.0
129.0,989.0,72070.0
146.0,982.0,72071.0
146.0,981.0,72076.0
123.0,987.0,72092.0
145.0,990.0,72092.0
146.0,990.0,72098.0
145.0,981.0,72099.0
147.0,981.0,72102.0
123.0,989.0,72106.0
143.0,990.0,72107.0
145.0,983.0,72110.0
147.0,981.0,72115.0
123.0,989.0,72115.0
146.0,981.0,72116.0
123.0,989.0,72120.0
146.0,981.0,72121.0
145.0,993.0,72121.0
147.0,983.0,72125.0
148.0,981.0,72136.0
146.0,990.0,72144.0
149.0,981.0,72145.0
148.0,983.0,72153.0
148.0,982.0,72158.0
150.0,981.0,72161.0
146.0,981.0,72161.0
150.0,983.0,72167.0
151.0,981.0,72167.0
129.0,987.0,72167.0
150.0,983.0,72168.0
148.0,982.0,72171.0
151.0,982.0,72172.0
151.0,981.0,72175.0
148.0,983.0,72176.0
152.0,981.0,72186.0
149.0,990.0,72193.0
151.0,981.0,72198.0
149.0,981.0,72201.0
149.0,982.0,72217.0
149.0,983.0,72222.0
149.0,987.0,72228.0
107.0,996.0,72231.0
146.0,983.0,72233.0
151.0,983.0,72237.0
121.0,989.0,72240.0
121.0,993.0,72241.0
93.0,985.0,72244.0
93.0,995.0,72248.0
130.0,984.0,72250.0
130.0,993.0,72250.0
123.0,983.0,72265.0
92.0,997.0,72266.0
92.0,998.0,72267.0
75.0,994.0,72280.0
130.0,984.0,72285.0
130.0,995.0,72286.0
153.0,981.0,72302.0
154.0,981.0,72304.0
12.0,988.0,72308.0
152.0,990.0,72311.0
12.0,983.0,72312.0
75.0,994.0,72312.0
121.0,987.0,72316.0
75.0,994.0,72316.0
153.0,983.0,72317.0
154.0,982.0,72317.0
75.0,994.0,72324.0
121.0,983.0,72333.0
75.0,994.0,72340.0
154.0,990.0,72346.0
141.0,986.0,72350.0
141.0,999.0,72350.0
131.0,993.0,72353.0
75.0,994.0,72353.0
155.0,981.0,72354.0
124.0,985.0,72356.0
131.0,988.0,72360.0
155.0,983.0,72361.0
75.0,989.0,72369.0
155.0,984.0,72370.0
156.0,981.0,72376.0
157.0,981.0,72383.0
158.0,981.0,72394.0
157.0,982.0,72395.0
143.0,983.0,72399.0
157.0,982.0,72411.0
157.0,987.0,72419.0
138.0,990.0,72429.0
141.0,985.0,72431.0
141.0,998.0,72431.0
159.0,981.0,72431.0
113.0,996.0,72439.0
159.0,983.0,72458.0
138.0,990.0,72465.0
1.0,992.0,72465.0
156.0,983.0,72470.0
160.0,981.0,72472.0
161.0,981.0,72508.0
141.0,984.0,72511.0
141.0,996.0,72512.0
135.0,984.0,72520.0
135.0,993.0,72520.0
13.0,988.0,72520.0
161.0,983.0,72520.0
13.0,987.0,72529.0
90.0,986.0,72530.0
90.0,996.0,72531.0
13.0,984.0,72539.0
160.0,990.0,72540.0
162.0,981.0,72552.0
160.0,981.0,72555.0
163.0,981.0,72577.0
123.0,983.0,72589.0
133.0,984.0,72598.0
160.0,983.0,72607.0
163.0,982.0,72613.0
144.0,981.0,72615.0
164.0,981.0,72618.0
144.0,990.0,72620.0
89.0,997.0,72623.0
152.0,990.0,72623.0
89.0,998.0,72624.0
64.0,990.0,72626.0
136.0,993.0,72626.0
112.0,981.0,72627.0
64.0,981.0,72628.0
84.0,987.0,72628.0
84.0,999.0,72628.0
152.0,981.0,72629.0
143.0,984.0,72630.0
164.0,982.0,72630.0
143.0,993.0,72632.0
74.0,997.0,72633.0
112.0,983.0,72633.0
74.0,987.0,72634.0
164.0,983.0,72636.0
64.0,982.0,72640.0
152.0,982.0,72644.0
64.0,983.0,72648.0
164.0,993.0,72656.0
163.0,987.0,72657.0
152.0,983.0,72660.0
165.0,981.0,72662.0
123.0,988.0,72665.0
123.0,983.0,72670.0
165.0,982.0,72671.0
141.0,983.0,72676.0
165.0,982.0,72677.0
141.0,995.0,72677.0
104.0,988.0,72678.0
163.0,987.0,72681.0
165.0,983.0,72682.0
104.0,987.0,72688.0
158.0,990.0,72690.0
141.0,981.0,72692.0
141.0,993.0,72693.0
104.0,987.0,72694.0
162.0,983.0,72695.0
158.0,982.0,72697.0
158.0,983.0,72703.0
104.0,984.0,72706.0
141.0,982.0,72706.0
104.0,989.0,72714.0
158.0,984.0,72719.0
158.0,993.0,72720.0
158.0,985.0,72725.0
158.0,995.0,72726.0
12.0,984.0,72729.0
12.0,993.0,72729.0
164.0,988.0,72730.0
104.0,989.0,72735.0
166.0,981.0,72737.0
164.0,983.0,72737.0
130.0,985.0,72739.0
143.0,985.0,72740.0
104.0,984.0,72740.0
130.0,995.0,72741.0
143.0,995.0,72741.0
158.0,989.0,72747.0
158.0,996.0,72748.0
166.0,982.0,72749.0
167.0,981.0,72761.0
166.0,983.0,72766.0
167.0,982.0,72769.0
153.0,987.0,72773.0
167.0,981.0,72773.0
74.0,994.0,72774.0
153.0,993.0,72774.0
153.0,983.0,72784.0
140.0,984.0,72790.0
74.0,994.0,72794.0
84.0,994.0,72794.0
104.0,995.0,72795.0
84.0,994.0,72799.0
74.0,994.0,72803.0
84.0,989.0,72810.0
74.0,994.0,72814.0
147.0,984.0,72818.0
147.0,993.0,72818.0
74.0,989.0,72819.0
141.0,990.0,72831.0
141.0,982.0,72840.0
141.0,981.0,72842.0
168.0,981.0,72846.0
169.0,981.0,72846.0
84.0,989.0,72849.0
158.0,983.0,72853.0
169.0,981.0,72858.0
168.0,990.0,72859.0
143.0,986.0,72859.0
169.0,981.0,72859.0
168.0,982.0,72860.0
143.0,996.0,72860.0
158.0,993.0,72860.0
163.0,987.0,72861.0
168.0,990.0,72867.0
168.0,981.0,72871.0
169.0,982.0,72873.0
168.0,981.0,72876.0
169.0,981.0,72880.0
168.0,981.0,72881.0
158.0,983.0,72896.0
168.0,981.0,72899.0
168.0,990.0,72915.0
169.0,983.0,72923.0
168.0,981.0,72929.0
160.0,987.0,72942.0
160.0,993.0,72943.0
160.0,983.0,72951.0
143.0,997.0,72959.0
160.0,993.0,72967.0
143.0,997.0,72967.0
143.0,998.0,72969.0
158.0,984.0,72973.0
158.0,993.0,72974.0
13.0,985.0,72978.0
13.0,995.0,72978.0
163.0,994.0,72978.0
151.0,984.0,72981.0
170.0,981.0,72983.0
132.0,993.0,72985.0
132.0,984.0,72985.0
151.0,993.0,72986.0
105.0,995.0,72988.0
170.0,987.0,72995.0
135.0,985.0,73003.0
135.0,995.0,73003.0
158.0,985.0,73008.0
158.0,995.0,73009.0
121.0,988.0,73027.0
158.0,986.0,73027.0
158.0,996.0,73028.0
169.0,993.0,73029.0
13.0,985.0,73035.0
13.0,996.0,73035.0
121.0,983.0,73038.0
158.0,997.0,73043.0
158.0,998.0,73044.0
168.0,982.0,73054.0
168.0,981.0,73057.0
158.0,987.0,73057.0
158.0,999.0,73059.0
123.0,993.0,73062.0
168.0,990.0,73082.0
168.0,981.0,73088.0
148.0,984.0,73091.0
171.0,981.0,73095.0
168.0,981.0,73098.0
170.0,994.0,73100.0
100.0,983.0,73100.0
168.0,983.0,73101.0
170.0,994.0,73106.0
163.0,994.0,73114.0
170.0,994.0,73119.0
12.0,985.0,73120.0
12.0,995.0,73121.0
170.0,994.0,73122.0
170.0,989.0,73128.0
163.0,994.0,73151.0
171.0,981.0,73153.0
143.0,987.0,73155.0
163.0,994.0,73163.0
91.0,986.0,73167.0
163.0,987.0,73175.0
91.0,997.0,73183.0
12.0,985.0,73184.0
12.0,996.0,73184.0
158.0,994.0,73189.0
163.0,987.0,73190.0
91.0,985.0,73192.0
156.0,993.0,73194.0
172.0,981.0,73201.0
92.0,987.0,73201.0
92.0,999.0,73202.0
158.0,994.0,73202.0
163.0,987.0,73204.0
158.0,989.0,73206.0
12.0,996.0,73210.0
161.0,984.0,73211.0
161.0,993.0,73211.0
158.0,987.0,73217.0
171.0,990.0,73220.0
170.0,989.0,73221.0
173.0,981.0,73223.0
171.0,983.0,73227.0
161.0,995.0,73227.0
171.0,983.0,73230.0
174.0,981.0,73231.0
174.0,982.0,73234.0
171.0,990.0,73235.0
174.0,981.0,73238.0
172.0,983.0,73243.0
174.0,982.0,73247.0
174.0,987.0,73253.0
133.0,985.0,73255.0
174.0,989.0,73263.0
175.0,981.0,73264.0
173.0,982.0,73265.0
158.0,988.0,73266.0
163.0,987.0,73267.0
147.0,985.0,73272.0
147.0,995.0,73273.0
151.0,984.0,73274.0
151.0,995.0,73276.0
173.0,983.0,73277.0
174.0,983.0,73277.0
71.0,989.0,73283.0
173.0,988.0,73291.0
173.0,993.0,73292.0
173.0,981.0,73299.0
143.0,987.0,73311.0
173.0,983.0,73311.0
82.0,983.0,73322.0
175.0,982.0,73324.0
96.0,986.0,73336.0
175.0,982.0,73338.0
92.0,994.0,73340.0
175.0,989.0,73348.0
176.0,987.0,73355.0
177.0,981.0,73369.0
175.0,983.0,73377.0
177.0,981.0,73378.0
101.0,984.0,73378.0
101.0,993.0,73379.0
177.0,981.0,73380.0
177.0,982.0,73383.0
177.0,990.0,73390.0
177.0,981.0,73395.0
13.0,986.0,73406.0
13.0,996.0,73407.0
177.0,982.0,73414.0
178.0,981.0,73416.0
179.0,981.0,73419.0
177.0,983.0,73421.0
13.0,985.0,73426.0
13.0,998.0,73427.0
170.0,987.0,73430.0
180.0,981.0,73431.0
181.0,981.0,73435.0
182.0,981.0,73441.0
99.0,996.0,73445.0
181.0,982.0,73446.0
182.0,982.0,73448.0
182.0,981.0,73455.0
180.0,982.0,73456.0
183.0,981.0,73460.0
182.0,982.0,73461.0
178.0,982.0,73463.0
182.0,983.0,73467.0
180.0,982.0,73468.0
178.0,983.0,73472.0
180.0,982.0,73475.0
153.0,993.0,73479.0
180.0,987.0,73482.0
184.0,981.0,73482.0
183.0,982.0,73489.0
176.0,994.0,73492.0
184.0,981.0,73492.0
132.0,985.0,73501.0
132.0,995.0,73501.0
153.0,988.0,73501.0
184.0,983.0,73501.0
176.0,987.0,73502.0
185.0,981.0,73507.0
153.0,984.0,73510.0
89.0,987.0,73511.0
176.0,994.0,73511.0
89.0,999.0,73512.0
181.0,990.0,73516.0
82.0,993.0,73516.0
1.0,992.0,73517.0
176.0,987.0,73522.0
186.0,981.0,73530.0
181.0,983.0,73532.0
183.0,983.0,73534.0
153.0,983.0,73536.0
153.0,995.0,73545.0
186.0,982.0,73546.0
181.0,981.0,73548.0
181.0,993.0,73548.0
181.0,982.0,73551.0
186.0,983.0,73554.0
153.0,983.0,73555.0
181.0,990.0,73557.0
153.0,983.0,73558.0
156.0,984.0,73559.0
153.0,984.0,73560.0
153.0,993.0,73561.0
178.0,989.0,73594.0
91.0,986.0,73618.0
185.0,981.0,73627.0
179.0,983.0,73639.0
185.0,981.0,73640.0
166.0,984.0,73641.0
185.0,981.0,73655.0
185.0,982.0,73656.0
179.0,989.0,73659.0
179.0,993.0,73659.0
185.0,981.0,73660.0
153.0,984.0,73669.0
153.0,995.0,73670.0
180.0,983.0,73677.0
185.0,982.0,73690.0
91.0,984.0,73699.0
137.0,988.0,73703.0
187.0,981.0,73705.0
185.0,983.0,73708.0
137.0,987.0,73710.0
151.0,985.0,73710.0
151.0,995.0,73711.0
89.0,994.0,73711.0
171.0,990.0,73714.0
91.0,985.0,73715.0
187.0,981.0,73716.0
91.0,986.0,73722.0
187.0,982.0,73723.0
187.0,981.0,73727.0
153.0,984.0,73729.0
91.0,997.0,73738.0
178.0,987.0,73745.0
187.0,983.0,73748.0
89.0,994.0,73752.0
178.0,987.0,73752.0
89.0,994.0,73761.0
151.0,985.0,73774.0
151.0,996.0,73774.0
179.0,987.0,73776.0
188.0,981.0,73780.0
179.0,987.0,73785.0
188.0,983.0,73796.0
52.0,997.0,73799.0
89.0,988.0,73800.0
179.0,987.0,73804.0
89.0,989.0,73805.0
89.0,988.0,73813.0
179.0,989.0,73816.0
137.0,994.0,73818.0
75.0,987.0,73819.0
118.0,989.0,73820.0
179.0,983.0,73820.0
75.0,997.0,73823.0
89.0,987.0,73823.0
137.0,994.0,73827.0
118.0,989.0,73827.0
179.0,983.0,73828.0
75.0,986.0,73830.0
179.0,993.0,73835.0
137.0,994.0,73836.0
137.0,987.0,73849.0
118.0,989.0,73854.0
137.0,989.0,73864.0
189.0,981.0,73873.0
13.0,987.0,73875.0
13.0,996.0,73876.0
13.0,989.0,73885.0
190.0,981.0,73886.0
189.0,982.0,73888.0
189.0,981.0,73891.0
191.0,981.0,73892.0
13.0,985.0,73893.0
137.0,989.0,73898.0
171.0,981.0,73900.0
137.0,989.0,73901.0
125.0,985.0,73906.0
91.0,988.0,73907.0
137.0,989.0,73909.0
142.0,994.0,73909.0
189.0,982.0,73910.0
91.0,997.0,73910.0
171.0,981.0,73910.0
142.0,994.0,73916.0
171.0,983.0,73917.0
192.0,981.0,73922.0
189.0,983.0,73925.0
93.0,986.0,73926.0
93.0,996.0,73929.0
170.0,988.0,73931.0
170.0,983.0,73935.0
190.0,990.0,73938.0
170.0,984.0,73940.0
159.0,984.0,73941.0
137.0,989.0,73942.0
193.0,981.0,73942.0
170.0,997.0,73945.0
190.0,981.0,73946.0
137.0,989.0,73949.0
194.0,981.0,73955.0
190.0,982.0,73966.0
166.0,984.0,73973.0
192.0,981.0,73973.0
118.0,984.0,73975.0
190.0,981.0,73978.0
135.0,996.0,73997.0
194.0,982.0,74005.0
174.0,984.0,74006.0
174.0,993.0,74006.0
177.0,993.0,74009.0
190.0,983.0,74013.0
172.0,984.0,74035.0
178.0,994.0,74039.0
195.0,981.0,74077.0
96.0,997.0,74080.0
190.0,983.0,74082.0
190.0,993.0,74082.0
196.0,981.0,74082.0
178.0,984.0,74084.0
175.0,993.0,74088.0
194.0,990.0,74089.0
194.0,983.0,74097.0
196.0,982.0,74098.0
195.0,982.0,74101.0
124.0,987.0,74106.0
196.0,983.0,74107.0
195.0,983.0,74113.0
178.0,987.0,74117.0
196.0,987.0,74117.0
178.0,995.0,74118.0
191.0,990.0,74127.0
151.0,985.0,74130.0
151.0,996.0,74130.0
191.0,981.0,74133.0
197.0,981.0,74140.0
191.0,982.0,74141.0
190.0,984.0,74146.0
191.0,981.0,74147.0
190.0,993.0,74147.0
190.0,984.0,74151.0
191.0,982.0,74152.0
197.0,981.0,74152.0
198.0,981.0,74155.0
197.0,983.0,74156.0
191.0,983.0,74159.0
190.0,995.0,74162.0
199.0,981.0,74164.0
198.0,983.0,74169.0
197.0,993.0,74177.0
153.0,985.0,74184.0
153.0,995.0,74185.0
184.0,984.0,74188.0
184.0,993.0,74189.0
82.0,988.0,74196.0
82.0,989.0,74199.0
199.0,983.0,74212.0
199.0,981.0,74224.0
188.0,984.0,74227.0
199.0,982.0,74231.0
199.0,981.0,74234.0
191.0,983.0,74238.0
199.0,982.0,74238.0
199.0,983.0,74245.0
200.0,981.0,74248.0
190.0,988.0,74253.0
190.0,983.0,74257.0
186.0,984.0,74260.0
186.0,993.0,74261.0
190.0,983.0,74262.0
199.0,984.0,74263.0
199.0,993.0,74264.0
199.0,987.0,74267.0
199.0,983.0,74274.0
201.0,981.0,74275.0
199.0,993.0,74283.0
199.0,984.0,74286.0
148.0,985.0,74287.0
201.0,983.0,74295.0
82.0,983.0,74300.0
180.0,989.0,74312.0
183.0,993.0,74322.0
201.0,993.0,74332.0
121.0,989.0,74337.0
121.0,993.0,74337.0
202.0,981.0,74337.0
180.0,989.0,74342.0
148.0,985.0,74349.0
202.0,983.0,74350.0
159.0,985.0,74375.0
121.0,988.0,74390.0
13.0,996.0,74392.0
168.0,984.0,74397.0
168.0,993.0,74398.0
185.0,984.0,74398.0
185.0,993.0,74398.0
190.0,983.0,74398.0
190.0,993.0,74399.0
168.0,988.0,74405.0
168.0,984.0,74408.0
190.0,983.0,74410.0
203.0,981.0,74418.0
101.0,985.0,74429.0
101.0,995.0,74429.0
204.0,981.0,74430.0
118.0,985.0,74433.0
147.0,986.0,74433.0
147.0,996.0,74434.0
162.0,984.0,74434.0
162.0,993.0,74435.0
204.0,981.0,74440.0
191.0,983.0,74444.0
204.0,981.0,74444.0
49.0,988.0,74461.0
188.0,985.0,74464.0
204.0,990.0,74467.0
132.0,986.0,74485.0
132.0,996.0,74486.0
205.0,981.0,74488.0
206.0,981.0,74491.0
93.0,997.0,74491.0
93.0,998.0,74493.0
205.0,982.0,74494.0
205.0,983.0,74498.0
204.0,983.0,74498.0
206.0,981.0,74499.0
201.0,981.0,74506.0
206.0,990.0,74508.0
201.0,982.0,74511.0
49.0,988.0,74512.0
49.0,989.0,74515.0
201.0,983.0,74517.0
49.0,989.0,74521.0
207.0,981.0,74523.0
207.0,983.0,74531.0
207.0,984.0,74536.0
207.0,993.0,74537.0
207.0,987.0,74544.0
49.0,989.0,74545.0
207.0,995.0,74545.0
49.0,989.0,74546.0
208.0,981.0,74547.0
209.0,981.0,74551.0
166.0,984.0,74555.0
208.0,982.0,74555.0
49.0,984.0,74561.0
208.0,989.0,74567.0
49.0,987.0,74576.0
88.0,986.0,74580.0
88.0,998.0,74580.0
209.0,990.0,74584.0
153.0,995.0,74587.0
209.0,981.0,74592.0
49.0,984.0,74597.0
209.0,982.0,74597.0
49.0,984.0,74599.0
210.0,981.0,74605.0
209.0,989.0,74609.0
210.0,981.0,74615.0
171.0,989.0,74616.0
171.0,993.0,74616.0
210.0,982.0,74618.0
206.0,990.0,74623.0
184.0,985.0,74624.0
184.0,995.0,74624.0
206.0,981.0,74629.0
142.0,988.0,74635.0
142.0,989.0,74643.0
206.0,981.0,74647.0
209.0,989.0,74647.0
206.0,981.0,74649.0
210.0,990.0,74651.0
206.0,982.0,74651.0
130.0,985.0,74654.0
130.0,996.0,74655.0
206.0,983.0,74656.0
211.0,981.0,74658.0
212.0,981.0,74675.0
142.0,989.0,74677.0
213.0,981.0,74681.0
210.0,990.0,74695.0
214.0,981.0,74696.0
157.0,985.0,74697.0
212.0,982.0,74700.0
213.0,983.0,74701.0
210.0,983.0,74707.0
186.0,985.0,74712.0
186.0,995.0,74713.0
212.0,982.0,74719.0
172.0,988.0,74728.0
157.0,996.0,74728.0
172.0,984.0,74734.0
215.0,981.0,74740.0
157.0,988.0,74745.0
190.0,983.0,74749.0
216.0,981.0,74754.0
215.0,981.0,74757.0
216.0,983.0,74768.0
217.0,981.0,74772.0
215.0,987.0,74774.0
215.0,983.0,74794.0
218.0,981.0,74795.0
217.0,983.0,74798.0
112.0,984.0,74801.0
219.0,981.0,74804.0
218.0,981.0,74806.0
220.0,981.0,74812.0
219.0,981.0,74821.0
218.0,981.0,74823.0
219.0,983.0,74826.0
218.0,983.0,74834.0
219.0,983.0,74835.0
0.0,990.0,74839.0
219.0,987.0,74839.0
219.0,993.0,74840.0
0.0,990.0,74843.0
219.0,983.0,74846.0
0.0,987.0,74848.0
221.0,981.0,74849.0
220.0,982.0,74865.0
162.0,985.0,74870.0
162.0,995.0,74871.0
220.0,983.0,74871.0
196.0,984.0,74872.0
215.0,993.0,74872.0
220.0,983.0,74875.0
219.0,984.0,74885.0
219.0,993.0,74885.0
191.0,983.0,74897.0
201.0,983.0,74897.0
153.0,985.0,74911.0
153.0,996.0,74912.0
212.0,983.0,74919.0
190.0,988.0,74942.0
195.0,984.0,74947.0
190.0,983.0,74947.0
195.0,993.0,74948.0
222.0,981.0,74955.0
190.0,983.0,74962.0
188.0,986.0,74963.0
198.0,984.0,74972.0
198.0,993.0,74973.0
219.0,983.0,74974.0
219.0,995.0,74975.0
222.0,982.0,74976.0
223.0,981.0,74982.0
222.0,987.0,74984.0
190.0,983.0,74994.0
223.0,982.0,74994.0
223.0,981.0,74997.0
223.0,983.0,75002.0
191.0,983.0,75003.0
64.0,984.0,75004.0
190.0,984.0,75004.0
219.0,985.0,75006.0
219.0,993.0,75006.0
222.0,988.0,75013.0
190.0,983.0,75016.0
222.0,987.0,75018.0
72.0,983.0,75023.0
72.0,993.0,75024.0
190.0,983.0,75031.0
24.0,999.0,75033.0
219.0,986.0,75035.0
219.0,996.0,75035.0
96.0,987.0,75037.0
222.0,988.0,75047.0
219.0,997.0,75047.0
64.0,989.0,75048.0
219.0,998.0,75048.0
222.0,987.0,75052.0
64.0,984.0,75058.0
147.0,997.0,75060.0
147.0,998.0,75061.0
191.0,983.0,75067.0
208.0,983.0,75069.0
191.0,983.0,75070.0
219.0,987.0,75071.0
219.0,999.0,75071.0
191.0,983.0,75072.0
219.0,989.0,75076.0
191.0,983.0,75079.0
208.0,993.0,75080.0
224.0,981.0,75096.0
224.0,987.0,75128.0
190.0,988.0,75138.0
190.0,983.0,75142.0
225.0,981.0,75148.0
190.0,989.0,75155.0
96.0,994.0,75157.0
88.0,997.0,75165.0
180.0,984.0,75165.0
88.0,998.0,75166.0
224.0,981.0,75174.0
190.0,989.0,75176.0
214.0,983.0,75177.0
100.0,987.0,75178.0
100.0,993.0,75178.0
96.0,994.0,75180.0
224.0,982.0,75184.0
96.0,994.0,75187.0
180.0,988.0,75192.0
96.0,994.0,75193.0
225.0,983.0,75193.0
225.0,988.0,75197.0
180.0,984.0,75199.0
100.0,989.0,75199.0
180.0,984.0,75200.0
225.0,983.0,75200.0
226.0,981.0,75201.0
96.0,989.0,75202.0
227.0,981.0,75211.0
226.0,983.0,75215.0
132.0,997.0,75218.0
132.0,998.0,75219.0
227.0,983.0,75221.0
97.0,984.0,75236.0
97.0,993.0,75238.0
201.0,984.0,75280.0
201.0,993.0,75281.0
188.0,997.0,75292.0
112.0,985.0,75310.0
228.0,981.0,75326.0
215.0,988.0,75332.0
191.0,983.0,75358.0
222.0,994.0,75364.0
228.0,983.0,75373.0
222.0,994.0,75398.0
222.0,994.0,75409.0
196.0,985.0,75410.0
148.0,996.0,75418.0
172.0,985.0,75420.0
222.0,983.0,75422.0
228.0,983.0,75422.0
228.0,993.0,75423.0
198.0,985.0,75428.0
198.0,995.0,75428.0
118.0,986.0,75430.0
118.0,997.0,75444.0
118.0,986.0,75449.0
229.0,981.0,75451.0
230.0,981.0,75456.0
222.0,989.0,75463.0
230.0,983.0,75468.0
229.0,983.0,75472.0
186.0,986.0,75490.0
186.0,996.0,75491.0
100.0,984.0,75499.0
198.0,985.0,75515.0
198.0,996.0,75516.0
217.0,984.0,75536.0
217.0,993.0,75536.0
231.0,981.0,75555.0
180.0,984.0,75563.0
206.0,984.0,75566.0
220.0,984.0,75578.0
210.0,984.0,75582.0
218.0,984.0,75582.0
180.0,984.0,75593.0
101.0,986.0,75615.0
101.0,996.0,75616.0
214.0,993.0,75617.0
215.0,982.0,75644.0
231.0,981.0,75647.0
215.0,981.0,75652.0
232.0,981.0,75652.0
154.0,983.0,75661.0
204.0,984.0,75665.0
204.0,993.0,75665.0
151.0,986.0,75670.0
151.0,996.0,75671.0
215.0,982.0,75678.0
231.0,990.0,75691.0
231.0,981.0,75710.0
231.0,983.0,75722.0
201.0,985.0,75729.0
201.0,995.0,75730.0
151.0,986.0,75731.0
151.0,998.0,75731.0
232.0,982.0,75732.0
201.0,987.0,75744.0
188.0,987.0,75744.0
201.0,996.0,75745.0
201.0,985.0,75762.0
97.0,985.0,75788.0
97.0,995.0,75789.0
233.0,981.0,75824.0
180.0,985.0,75834.0
100.0,983.0,75838.0
100.0,995.0,75838.0
133.0,986.0,75859.0
234.0,981.0,75870.0
235.0,981.0,75872.0
186.0,997.0,75873.0
188.0,994.0,75873.0
186.0,998.0,75874.0
49.0,988.0,75875.0
233.0,982.0,75877.0
49.0,989.0,75879.0
236.0,981.0,75880.0
233.0,981.0,75880.0
235.0,982.0,75883.0
188.0,994.0,75883.0
97.0,985.0,75886.0
188.0,994.0,75886.0
97.0,996.0,75887.0
215.0,990.0,75887.0
233.0,983.0,75888.0
188.0,989.0,75891.0
235.0,983.0,75892.0
220.0,984.0,75895.0
215.0,983.0,75896.0
237.0,981.0,75901.0
236.0,981.0,75913.0
49.0,989.0,75913.0
234.0,981.0,75914.0
236.0,981.0,75915.0
49.0,989.0,75915.0
234.0,981.0,75917.0
237.0,983.0,75930.0
220.0,995.0,75933.0
232.0,985.0,75939.0
236.0,983.0,75940.0
232.0,987.0,75940.0
220.0,988.0,75942.0
232.0,997.0,75942.0
147.0,987.0,75945.0
147.0,999.0,75946.0
220.0,984.0,75947.0
207.0,994.0,75952.0
180.0,985.0,75952.0
207.0,989.0,75959.0
88.0,997.0,75984.0
88.0,999.0,75985.0
234.0,990.0,76017.0
233.0,989.0,76018.0
233.0,993.0,76018.0
233.0,983.0,76023.0
234.0,981.0,76026.0
234.0,982.0,76029.0
234.0,981.0,76039.0
234.0,982.0,76043.0
218.0,985.0,76070.0
238.0,981.0,76078.0
88.0,987.0,76103.0
88.0,999.0,76104.0
217.0,985.0,76106.0
217.0,995.0,76107.0
238.0,981.0,76118.0
88.0,989.0,76119.0
147.0,994.0,76122.0
239.0,981.0,76133.0
147.0,994.0,76138.0
228.0,984.0,76140.0
228.0,993.0,76141.0
239.0,982.0,76146.0
240.0,981.0,76148.0
239.0,981.0,76153.0
220.0,988.0,76159.0
239.0,983.0,76162.0
220.0,984.0,76163.0
240.0,983.0,76164.0
241.0,983.0,76178.0
88.0,989.0,76190.0
101.0,989.0,76198.0
101.0,998.0,76198.0
147.0,994.0,76213.0
242.0,981.0,76232.0
243.0,981.0,76236.0
215.0,987.0,76239.0
215.0,993.0,76240.0
201.0,987.0,76245.0
242.0,983.0,76246.0
243.0,982.0,76248.0
243.0,983.0,76251.0
147.0,987.0,76254.0
205.0,984.0,76265.0
205.0,993.0,76266.0
147.0,989.0,76270.0
121.0,988.0,76296.0
215.0,997.0,76299.0
244.0,981.0,76311.0
244.0,982.0,76322.0
215.0,983.0,76329.0
244.0,983.0,76336.0
215.0,987.0,76373.0
215.0,993.0,76377.0
245.0,981.0,76379.0
34.0,983.0,76387.0
245.0,987.0,76388.0
235.0,984.0,76390.0
235.0,993.0,76391.0
215.0,983.0,76391.0
186.0,987.0,76393.0
186.0,999.0,76395.0
215.0,987.0,76413.0
246.0,981.0,76420.0
215.0,983.0,76432.0
147.0,987.0,76437.0
148.0,986.0,76446.0
182.0,993.0,76449.0
201.0,994.0,76451.0
246.0,989.0,76452.0
201.0,994.0,76454.0
147.0,987.0,76456.0
216.0,993.0,76461.0
201.0,994.0,76462.0
200.0,990.0,76464.0
201.0,994.0,76465.0
147.0,989.0,76466.0
201.0,994.0,76466.0
210.0,985.0,76474.0
201.0,994.0,76478.0
247.0,981.0,76484.0
196.0,986.0,76485.0
207.0,988.0,76487.0
207.0,989.0,76489.0
64.0,993.0,76500.0
247.0,981.0,76506.0
247.0,982.0,76509.0
240.0,983.0,76523.0
191.0,984.0,76536.0
151.0,986.0,76539.0
151.0,998.0,76539.0
133.0,997.0,76561.0
243.0,988.0,76562.0
147.0,989.0,76563.0
248.0,981.0,76563.0
243.0,983.0,76564.0
212.0,984.0,76565.0
212.0,993.0,76566.0
249.0,981.0,76568.0
186.0,994.0,76572.0
147.0,988.0,76577.0
228.0,987.0,76579.0
186.0,994.0,76580.0
228.0,995.0,76580.0
186.0,994.0,76581.0
186.0,989.0,76589.0
200.0,990.0,76591.0
228.0,985.0,76593.0
34.0,984.0,76594.0
200.0,983.0,76595.0
34.0,993.0,76595.0
246.0,983.0,76599.0
228.0,987.0,76601.0
248.0,981.0,76604.0
250.0,981.0,76608.0
228.0,986.0,76610.0
184.0,986.0,76612.0
184.0,996.0,76612.0
228.0,985.0,76617.0
228.0,998.0,76617.0
250.0,983.0,76618.0
251.0,981.0,76621.0
237.0,984.0,76627.0
252.0,981.0,76631.0
220.0,988.0,76636.0
247.0,990.0,76641.0
220.0,984.0,76645.0
252.0,983.0,76648.0
151.0,997.0,76649.0
151.0,998.0,76649.0
220.0,984.0,76649.0
253.0,981.0,76650.0
247.0,982.0,76652.0
97.0,985.0,76660.0
97.0,996.0,76661.0
254.0,981.0,76672.0
220.0,987.0,76695.0
253.0,990.0,76702.0
255.0,981.0,76706.0
255.0,990.0,76707.0
220.0,989.0,76707.0
247.0,983.0,76712.0
255.0,981.0,76714.0
255.0,982.0,76720.0
220.0,984.0,76731.0
255.0,987.0,76733.0
254.0,983.0,76743.0
220.0,984.0,76743.0
255.0,983.0,76744.0
242.0,983.0,76749.0
255.0,993.0,76758.0
252.0,987.0,76761.0
247.0,983.0,76762.0
256.0,981.0,76770.0
249.0,989.0,76778.0
248.0,983.0,76779.0
252.0,983.0,76781.0
249.0,987.0,76783.0
256.0,982.0,76784.0
256.0,989.0,76792.0
247.0,984.0,76798.0
64.0,985.0,76804.0
247.0,989.0,76826.0
172.0,988.0,76856.0
239.0,984.0,76891.0
239.0,993.0,76892.0
257.0,981.0,76893.0
235.0,985.0,76894.0
235.0,995.0,76894.0
258.0,981.0,76905.0
34.0,984.0,76907.0
34.0,995.0,76908.0
100.0,993.0,76908.0
205.0,985.0,76918.0
205.0,995.0,76918.0
249.0,994.0,76922.0
168.0,989.0,76931.0
168.0,995.0,76932.0
249.0,994.0,76933.0
258.0,990.0,76940.0
259.0,981.0,76940.0
249.0,994.0,76941.0
205.0,989.0,76948.0
260.0,981.0,76950.0
198.0,986.0,76950.0
198.0,996.0,76950.0
259.0,982.0,76951.0
168.0,985.0,76953.0
261.0,981.0,76954.0
258.0,983.0,76957.0
147.0,988.0,76962.0
261.0,981.0,76963.0
261.0,982.0,76968.0
259.0,983.0,76977.0
259.0,989.0,76984.0
259.0,993.0,76985.0
223.0,984.0,76992.0
223.0,993.0,76993.0
262.0,981.0,77020.0
263.0,981.0,77026.0
223.0,995.0,77029.0
244.0,984.0,77029.0
100.0,988.0,77031.0
132.0,987.0,77035.0
264.0,981.0,77035.0
82.0,993.0,77035.0
132.0,999.0,77036.0
100.0,984.0,77037.0
235.0,985.0,77043.0
235.0,996.0,77043.0
239.0,984.0,77048.0
263.0,982.0,77057.0
263.0,981.0,77065.0
262.0,983.0,77080.0
233.0,984.0,77080.0
233.0,993.0,77081.0
217.0,986.0,77087.0
217.0,996.0,77088.0
148.0,997.0,77091.0
262.0,987.0,77102.0
265.0,981.0,77103.0
196.0,997.0,77104.0
228.0,988.0,77105.0
266.0,981.0,77108.0
265.0,981.0,77114.0
265.0,982.0,77118.0
237.0,985.0,77120.0
262.0,989.0,77122.0
265.0,983.0,77122.0
267.0,981.0,77137.0
264.0,990.0,77143.0
261.0,990.0,77151.0
263.0,989.0,77151.0
264.0,983.0,77151.0
268.0,981.0,77162.0
223.0,988.0,77162.0
261.0,983.0,77163.0
257.0,984.0,77166.0
223.0,984.0,77166.0
261.0,990.0,77174.0
261.0,993.0,77174.0
261.0,982.0,77181.0
263.0,983.0,77183.0
268.0,982.0,77185.0
204.0,995.0,77188.0
254.0,983.0,77189.0
254.0,993.0,77189.0
261.0,981.0,77190.0
254.0,983.0,77193.0
268.0,983.0,77194.0
254.0,993.0,77194.0
261.0,982.0,77199.0
215.0,987.0,77199.0
215.0,993.0,77199.0
268.0,989.0,77204.0
268.0,993.0,77204.0
224.0,983.0,77208.0
261.0,990.0,77208.0
269.0,981.0,77211.0
261.0,982.0,77212.0
248.0,983.0,77212.0
266.0,990.0,77225.0
270.0,981.0,77226.0
269.0,981.0,77231.0
267.0,982.0,77237.0
267.0,983.0,77244.0
269.0,983.0,77245.0
266.0,982.0,77245.0
201.0,986.0,77254.0
201.0,996.0,77254.0
270.0,982.0,77256.0
132.0,989.0,77257.0
261.0,990.0,77263.0
270.0,990.0,77264.0
254.0,984.0,77264.0
254.0,993.0,77264.0
254.0,983.0,77269.0
254.0,995.0,77269.0
266.0,983.0,77271.0
201.0,998.0,77271.0
270.0,983.0,77272.0
231.0,984.0,77283.0
231.0,993.0,77283.0
93.0,987.0,77310.0
93.0,999.0,77311.0
34.0,985.0,77313.0
34.0,995.0,77314.0
271.0,981.0,77328.0
220.0,988.0,77328.0
132.0,987.0,77332.0
272.0,981.0,77336.0
189.0,984.0,77339.0
189.0,993.0,77340.0
168.0,985.0,77340.0
168.0,996.0,77340.0
70.0,988.0,77341.0
132.0,989.0,77341.0
272.0,982.0,77341.0
166.0,988.0,77350.0
273.0,981.0,77354.0
166.0,984.0,77362.0
274.0,981.0,77365.0
166.0,988.0,77367.0
274.0,982.0,77369.0
166.0,983.0,77370.0
166.0,993.0,77375.0
275.0,981.0,77376.0
274.0,981.0,77376.0
275.0,982.0,77384.0
275.0,987.0,77390.0
262.0,989.0,77390.0
274.0,983.0,77391.0
273.0,990.0,77395.0
118.0,986.0,77396.0
275.0,987.0,77399.0
262.0,987.0,77400.0
252.0,984.0,77401.0
275.0,989.0,77402.0
273.0,981.0,77403.0
276.0,981.0,77403.0
252.0,984.0,77409.0
273.0,982.0,77414.0
263.0,988.0,77417.0
276.0,982.0,77417.0
93.0,994.0,77418.0
273.0,982.0,77421.0
93.0,994.0,77427.0
271.0,990.0,77427.0
276.0,987.0,77428.0
168.0,996.0,77431.0
271.0,983.0,77440.0
220.0,984.0,77441.0
276.0,983.0,77451.0
276.0,987.0,77454.0
93.0,994.0,77457.0
275.0,988.0,77460.0
252.0,988.0,77466.0
244.0,985.0,77469.0
275.0,988.0,77474.0
252.0,984.0,77475.0
275.0,983.0,77477.0
273.0,983.0,77479.0
93.0,994.0,77482.0
276.0,983.0,77489.0
180.0,986.0,77490.0
93.0,989.0,77498.0
277.0,981.0,77510.0
93.0,989.0,77527.0
151.0,987.0,77535.0
151.0,999.0,77535.0
278.0,981.0,77539.0
196.0,994.0,77542.0
79.0,988.0,77542.0
118.0,997.0,77543.0
279.0,981.0,77543.0
132.0,989.0,77547.0
278.0,983.0,77548.0
79.0,985.0,77549.0
132.0,989.0,77550.0
132.0,987.0,77555.0
280.0,981.0,77568.0
281.0,981.0,77569.0
93.0,988.0,77571.0
268.0,989.0,77575.0
196.0,994.0,77578.0
278.0,984.0,77583.0
228.0,986.0,77592.0
228.0,996.0,77592.0
278.0,988.0,77603.0
278.0,989.0,77606.0
280.0,990.0,77621.0
239.0,985.0,77624.0
239.0,995.0,77624.0
278.0,985.0,77624.0
239.0,989.0,77628.0
280.0,983.0,77638.0
217.0,997.0,77639.0
217.0,998.0,77640.0
198.0,997.0,77650.0
198.0,998.0,77651.0
282.0,981.0,77651.0
258.0,984.0,77653.0
258.0,993.0,77653.0
278.0,988.0,77653.0
283.0,981.0,77657.0
166.0,985.0,77666.0
282.0,981.0,77666.0
239.0,989.0,77672.0
282.0,982.0,77680.0
198.0,989.0,77682.0
198.0,999.0,77683.0
283.0,981.0,77684.0
282.0,983.0,77686.0
241.0,984.0,77689.0
241.0,993.0,77690.0
282.0,989.0,77695.0
284.0,981.0,77698.0
198.0,989.0,77711.0
198.0,982.0,77719.0
280.0,984.0,77733.0
280.0,993.0,77733.0
285.0,981.0,77742.0
282.0,989.0,77762.0
285.0,981.0,77770.0
282.0,983.0,77770.0
282.0,981.0,77775.0
236.0,984.0,77784.0
286.0,981.0,77796.0
239.0,985.0,77803.0
49.0,989.0,77830.0
232.0,983.0,77839.0
232.0,984.0,77839.0
264.0,984.0,77852.0
232.0,984.0,77870.0
287.0,981.0,77871.0
189.0,985.0,77880.0
189.0,995.0,77882.0
287.0,982.0,77882.0
288.0,981.0,77884.0
287.0,990.0,77886.0
287.0,983.0,77889.0
288.0,983.0,77895.0
252.0,985.0,77912.0
287.0,993.0,77912.0
289.0,981.0,77913.0
198.0,990.0,77917.0
287.0,988.0,77920.0
239.0,996.0,77933.0
267.0,993.0,77935.0
132.0,994.0,77940.0
231.0,985.0,77941.0
269.0,984.0,77942.0
231.0,995.0,77942.0
250.0,984.0,77946.0
180.0,997.0,77949.0
270.0,984.0,77957.0
270.0,993.0,77958.0
278.0,988.0,77965.0
205.0,986.0,77970.0
205.0,996.0,77971.0
278.0,981.0,77972.0
289.0,981.0,77973.0
278.0,982.0,77976.0
226.0,984.0,77978.0
226.0,993.0,77979.0
278.0,981.0,77981.0
132.0,987.0,77991.0
278.0,989.0,77993.0
237.0,986.0,78000.0
278.0,989.0,78002.0
148.0,987.0,78024.0
132.0,994.0,78031.0
289.0,990.0,78031.0
289.0,981.0,78039.0
132.0,994.0,78041.0
289.0,982.0,78049.0
290.0,981.0,78052.0
291.0,981.0,78053.0
289.0,983.0,78054.0
292.0,981.0,78055.0
290.0,983.0,78058.0
290.0,988.0,78064.0
292.0,982.0,78069.0
292.0,981.0,78073.0
293.0,981.0,78075.0
265.0,989.0,78081.0
292.0,983.0,78087.0
258.0,985.0,78091.0
258.0,995.0,78091.0
293.0,983.0,78092.0
240.0,984.0,78100.0
265.0,984.0,78102.0
294.0,981.0,78105.0
224.0,984.0,78108.0
252.0,985.0,78109.0
295.0,981.0,78117.0
294.0,981.0,78122.0
295.0,982.0,78126.0
242.0,993.0,78133.0
295.0,983.0,78138.0
228.0,997.0,78141.0
228.0,998.0,78142.0
151.0,988.0,78153.0
296.0,981.0,78154.0
235.0,986.0,78155.0
235.0,996.0,78156.0
151.0,985.0,78158.0
288.0,983.0,78163.0
288.0,993.0,78164.0
293.0,984.0,78169.0
293.0,993.0,78170.0
296.0,983.0,78175.0
297.0,981.0,78177.0
254.0,984.0,78178.0
196.0,985.0,78179.0
254.0,993.0,78179.0
297.0,981.0,78183.0
297.0,983.0,78189.0
293.0,987.0,78190.0
293.0,995.0,78190.0
248.0,984.0,78199.0
285.0,990.0,78217.0
285.0,981.0,78225.0
298.0,981.0,78231.0
285.0,983.0,78233.0
239.0,988.0,78237.0
299.0,981.0,78237.0
298.0,981.0,78239.0
300.0,981.0,78241.0
298.0,983.0,78244.0
242.0,988.0,78244.0
239.0,985.0,78245.0
148.0,994.0,78252.0
227.0,984.0,78256.0
299.0,983.0,78262.0
227.0,989.0,78263.0
301.0,981.0,78270.0
77.0,990.0,78270.0
302.0,981.0,78277.0
121.0,983.0,78278.0
300.0,982.0,78279.0
121.0,983.0,78280.0
300.0,983.0,78287.0
301.0,983.0,78287.0
297.0,981.0,78288.0
297.0,993.0,78288.0
297.0,982.0,78290.0
297.0,983.0,78295.0
241.0,995.0,78311.0
293.0,984.0,78312.0
302.0,990.0,78312.0
300.0,993.0,78314.0
303.0,981.0,78314.0
112.0,986.0,78319.0
300.0,983.0,78320.0
293.0,987.0,78320.0
293.0,995.0,78320.0
283.0,983.0,78320.0
302.0,981.0,78320.0
215.0,984.0,78321.0
289.0,993.0,78322.0
303.0,982.0,78327.0
77.0,990.0,78328.0
148.0,994.0,78331.0
302.0,982.0,78331.0
300.0,993.0,78333.0
264.0,985.0,78337.0
303.0,989.0,78341.0
273.0,989.0,78341.0
304.0,981.0,78341.0
293.0,989.0,78347.0
302.0,983.0,78348.0
278.0,988.0,78349.0
148.0,994.0,78354.0
276.0,987.0,78358.0
276.0,993.0,78358.0
148.0,987.0,78362.0
273.0,984.0,78364.0
273.0,989.0,78368.0
148.0,994.0,78369.0
273.0,995.0,78369.0
273.0,984.0,78372.0
148.0,989.0,78374.0
273.0,993.0,78374.0
305.0,981.0,78381.0
148.0,989.0,78386.0
276.0,989.0,78388.0
269.0,985.0,78389.0
306.0,981.0,78392.0
275.0,985.0,78393.0
275.0,993.0,78394.0
270.0,985.0,78394.0
270.0,995.0,78395.0
306.0,982.0,78404.0
306.0,981.0,78410.0
275.0,984.0,78411.0
79.0,986.0,78411.0
275.0,984.0,78412.0
275.0,996.0,78412.0
275.0,984.0,78417.0
307.0,983.0,78417.0
275.0,988.0,78419.0
275.0,984.0,78422.0
236.0,985.0,78424.0
308.0,981.0,78424.0
151.0,997.0,78430.0
309.0,981.0,78431.0
151.0,996.0,78432.0
242.0,988.0,78439.0
242.0,984.0,78443.0
308.0,990.0,78448.0
276.0,989.0,78449.0
305.0,982.0,78450.0
293.0,984.0,78452.0
276.0,983.0,78452.0
227.0,988.0,78456.0
227.0,984.0,78460.0
309.0,990.0,78462.0
227.0,987.0,78464.0
79.0,996.0,78465.0
305.0,983.0,78466.0
227.0,984.0,78469.0
79.0,986.0,78486.0
184.0,997.0,78501.0
184.0,998.0,78502.0
258.0,996.0,78508.0
307.0,989.0,78509.0
310.0,981.0,78513.0
310.0,983.0,78523.0
276.0,983.0,78524.0
217.0,987.0,78525.0
217.0,999.0,78526.0
311.0,981.0,78535.0
311.0,990.0,78551.0
311.0,982.0,78554.0
269.0,985.0,78559.0
237.0,997.0,78576.0
312.0,981.0,78588.0
235.0,997.0,78598.0
235.0,998.0,78599.0
274.0,993.0,78600.0
312.0,982.0,78604.0
196.0,989.0,78609.0
49.0,988.0,78610.0
312.0,983.0,78618.0
308.0,990.0,78620.0
312.0,987.0,78628.0
308.0,983.0,78635.0
205.0,997.0,78657.0
205.0,998.0,78658.0
313.0,981.0,78683.0
314.0,981.0,78694.0
293.0,984.0,78705.0
293.0,995.0,78706.0
151.0,994.0,78710.0
314.0,989.0,78710.0
151.0,994.0,78712.0
220.0,995.0,78713.0
313.0,990.0,78726.0
315.0,981.0,78726.0
118.0,987.0,78727.0
151.0,994.0,78730.0
313.0,981.0,78730.0
151.0,994.0,78733.0
313.0,982.0,78734.0
212.0,985.0,78738.0
212.0,995.0,78739.0
313.0,983.0,78740.0
315.0,983.0,78741.0
151.0,994.0,78743.0
193.0,982.0,78760.0
2.0,990.0,78761.0
151.0,989.0,78764.0
193.0,981.0,78765.0
193.0,987.0,78770.0
77.0,990.0,78773.0
151.0,999.0,78780.0
303.0,983.0,78780.0
77.0,983.0,78784.0
189.0,985.0,78789.0
189.0,996.0,78790.0
312.0,994.0,78799.0
196.0,989.0,78804.0
316.0,981.0,78809.0
295.0,984.0,78814.0
295.0,993.0,78815.0
97.0,996.0,78825.0
312.0,994.0,78827.0
77.0,983.0,78828.0
77.0,993.0,78828.0
312.0,994.0,78838.0
212.0,996.0,78840.0
77.0,987.0,78845.0
77.0,993.0,78845.0
77.0,983.0,78849.0
217.0,994.0,78853.0
283.0,988.0,78858.0
49.0,988.0,78862.0
151.0,989.0,78866.0
49.0,987.0,78866.0
151.0,989.0,78869.0
317.0,981.0,78874.0
283.0,983.0,78880.0
212.0,988.0,78881.0
293.0,982.0,78886.0
293.0,995.0,78886.0
2.0,983.0,78894.0
241.0,985.0,78894.0
217.0,987.0,78896.0
133.0,987.0,78898.0
56.0,993.0,78902.0
241.0,989.0,78905.0
241.0,996.0,78906.0
217.0,987.0,78909.0
153.0,996.0,78918.0
212.0,985.0,78921.0
118.0,994.0,78924.0
217.0,989.0,78926.0
285.0,987.0,78927.0
285.0,993.0,78928.0
293.0,990.0,78933.0
254.0,983.0,78935.0
254.0,995.0,78936.0
112.0,997.0,78940.0
274.0,984.0,78946.0
316.0,982.0,78949.0
318.0,981.0,78949.0
317.0,990.0,78951.0
118.0,994.0,78958.0
254.0,983.0,78958.0
254.0,993.0,78958.0
118.0,994.0,78962.0
293.0,984.0,78969.0
121.0,984.0,78979.0
121.0,993.0,78979.0
318.0,983.0,78981.0
121.0,984.0,78983.0
254.0,982.0,78983.0
254.0,993.0,78983.0
252.0,986.0,78990.0
254.0,981.0,78990.0
254.0,982.0,79006.0
319.0,981.0,79023.0
275.0,985.0,79029.0
275.0,995.0,79029.0
241.0,981.0,79034.0
310.0,993.0,79042.0
130.0,986.0,79043.0
299.0,984.0,79044.0
130.0,996.0,79045.0
299.0,993.0,79045.0
319.0,982.0,79046.0
205.0,987.0,79049.0
191.0,985.0,79050.0
205.0,999.0,79050.0
319.0,982.0,79054.0
319.0,989.0,79067.0
293.0,995.0,79068.0
317.0,983.0,79071.0
273.0,983.0,79071.0
273.0,995.0,79072.0
316.0,983.0,79076.0
231.0,986.0,79076.0
231.0,996.0,79077.0
320.0,981.0,79084.0
133.0,994.0,79085.0
321.0,981.0,79087.0
241.0,990.0,79088.0
273.0,985.0,79090.0
322.0,981.0,79095.0
133.0,994.0,79099.0
297.0,984.0,79102.0
297.0,993.0,79102.0
322.0,981.0,79111.0
319.0,989.0,79112.0
322.0,981.0,79116.0
322.0,982.0,79118.0
320.0,983.0,79118.0
133.0,994.0,79120.0
319.0,983.0,79122.0
223.0,995.0,79126.0
133.0,989.0,79128.0
322.0,981.0,79129.0
323.0,981.0,79134.0
322.0,990.0,79145.0
133.0,988.0,79148.0
323.0,982.0,79159.0
133.0,988.0,79163.0
322.0,983.0,79163.0
323.0,983.0,79168.0
313.0,984.0,79171.0
228.0,987.0,79172.0
228.0,999.0,79173.0
180.0,997.0,79193.0
241.0,981.0,79195.0
241.0,982.0,79216.0
324.0,981.0,79223.0
241.0,985.0,79223.0
325.0,981.0,79227.0
324.0,981.0,79241.0
293.0,988.0,79247.0
293.0,985.0,79253.0
324.0,983.0,79253.0
250.0,985.0,79265.0
325.0,983.0,79266.0
295.0,985.0,79267.0
295.0,995.0,79268.0
301.0,984.0,79281.0
301.0,993.0,79281.0
235.0,987.0,79307.0
235.0,999.0,79308.0
226.0,985.0,79310.0
226.0,995.0,79311.0
241.0,985.0,79323.0
241.0,996.0,79323.0
288.0,984.0,79353.0
288.0,993.0,79353.0
324.0,993.0,79356.0
184.0,989.0,79379.0
184.0,999.0,79380.0
212.0,987.0,79384.0
212.0,996.0,79385.0
212.0,989.0,79391.0
215.0,995.0,79391.0
293.0,996.0,79403.0
305.0,983.0,79405.0
273.0,983.0,79405.0
313.0,983.0,79406.0
58.0,985.0,79408.0
305.0,983.0,79415.0
184.0,987.0,79426.0
305.0,984.0,79434.0
58.0,985.0,79436.0
97.0,986.0,79437.0
305.0,984.0,79440.0
235.0,994.0,79440.0
187.0,984.0,79443.0
187.0,993.0,79443.0
187.0,984.0,79445.0
275.0,996.0,79446.0
235.0,994.0,79450.0
275.0,985.0,79455.0
235.0,994.0,79456.0
237.0,987.0,79459.0
235.0,994.0,79462.0
305.0,985.0,79464.0
303.0,984.0,79465.0
303.0,993.0,79466.0
305.0,985.0,79470.0
235.0,989.0,79473.0
227.0,985.0,79479.0
305.0,986.0,79486.0
326.0,981.0,79506.0
305.0,997.0,79507.0
269.0,986.0,79520.0
305.0,983.0,79521.0
327.0,981.0,79523.0
305.0,983.0,79526.0
305.0,987.0,79527.0
327.0,982.0,79532.0
235.0,989.0,79535.0
305.0,997.0,79536.0
252.0,997.0,79536.0
235.0,989.0,79538.0
327.0,983.0,79541.0
305.0,997.0,79546.0
305.0,983.0,79548.0
305.0,986.0,79552.0
297.0,995.0,79556.0
305.0,986.0,79557.0
305.0,987.0,79557.0
305.0,997.0,79564.0
43.0,988.0,79585.0
237.0,994.0,79614.0
328.0,981.0,79620.0
328.0,982.0,79636.0
321.0,982.0,79643.0
237.0,994.0,79647.0
121.0,985.0,79650.0
328.0,982.0,79651.0
121.0,995.0,79651.0
121.0,985.0,79653.0
237.0,994.0,79653.0
328.0,987.0,79658.0
237.0,994.0,79662.0
274.0,995.0,79666.0
237.0,987.0,79668.0
323.0,983.0,79669.0
323.0,993.0,79670.0
275.0,987.0,79673.0
237.0,994.0,79675.0
273.0,985.0,79676.0
273.0,993.0,79677.0
321.0,983.0,79678.0
90.0,997.0,79679.0
90.0,998.0,79679.0
237.0,989.0,79689.0
228.0,994.0,79704.0
329.0,987.0,79707.0
328.0,994.0,79709.0
217.0,989.0,79711.0
228.0,994.0,79712.0
328.0,994.0,79713.0
228.0,994.0,79715.0
217.0,989.0,79715.0
228.0,994.0,79721.0
329.0,983.0,79724.0
228.0,994.0,79725.0
228.0,989.0,79728.0
328.0,988.0,79729.0
329.0,993.0,79733.0
328.0,983.0,79742.0
264.0,986.0,79746.0
301.0,985.0,79761.0
301.0,995.0,79762.0
297.0,985.0,79766.0
315.0,993.0,79783.0
282.0,990.0,79784.0
282.0,981.0,79788.0
189.0,986.0,79795.0
282.0,981.0,79795.0
189.0,996.0,79796.0
282.0,982.0,79802.0
189.0,987.0,79806.0
189.0,998.0,79807.0
323.0,983.0,79811.0
323.0,993.0,79812.0
319.0,984.0,79814.0
180.0,987.0,79816.0
330.0,981.0,79818.0
282.0,983.0,79821.0
282.0,987.0,79826.0
330.0,981.0,79828.0
285.0,984.0,79830.0
331.0,981.0,79839.0
282.0,983.0,79842.0
332.0,981.0,79860.0
331.0,983.0,79866.0
332.0,982.0,79899.0
332.0,983.0,79904.0
231.0,997.0,79909.0
231.0,998.0,79909.0
333.0,981.0,79941.0
322.0,984.0,79943.0
184.0,994.0,79958.0
325.0,983.0,79960.0
325.0,993.0,79961.0
184.0,994.0,79962.0
334.0,981.0,79967.0
334.0,982.0,79976.0
325.0,984.0,79976.0
335.0,981.0,79984.0
334.0,983.0,79984.0
180.0,994.0,79985.0
335.0,983.0,80006.0
336.0,984.0,80011.0
205.0,994.0,80011.0
336.0,983.0,80014.0
336.0,995.0,80015.0
337.0,981.0,80018.0
336.0,993.0,80019.0
336.0,981.0,80023.0
338.0,981.0,80028.0
139.0,988.0,80028.0
97.0,997.0,80030.0
97.0,998.0,80031.0
337.0,983.0,80033.0
97.0,987.0,80036.0
97.0,999.0,80037.0
337.0,993.0,80038.0
337.0,983.0,80040.0
334.0,984.0,80044.0
313.0,993.0,80052.0
97.0,989.0,80052.0
338.0,990.0,80057.0
339.0,981.0,80059.0
338.0,981.0,80064.0
269.0,997.0,80067.0
338.0,981.0,80068.0
339.0,981.0,80069.0
338.0,981.0,80070.0
97.0,989.0,80077.0
338.0,982.0,80078.0
97.0,989.0,80079.0
338.0,983.0,80084.0
339.0,981.0,80088.0
189.0,997.0,80089.0
100.0,983.0,80098.0
313.0,984.0,80099.0
100.0,995.0,80099.0
336.0,989.0,80101.0
333.0,989.0,80120.0
237.0,988.0,80122.0
237.0,981.0,80125.0
340.0,981.0,80126.0
237.0,982.0,80131.0
336.0,988.0,80136.0
237.0,982.0,80137.0
333.0,989.0,80142.0
340.0,990.0,80142.0
341.0,981.0,80143.0
333.0,989.0,80144.0
336.0,981.0,80146.0
336.0,982.0,80148.0
336.0,982.0,80153.0
342.0,981.0,80153.0
336.0,989.0,80160.0
339.0,981.0,80161.0
342.0,987.0,80161.0
174.0,987.0,80164.0
339.0,981.0,80169.0
343.0,981.0,80169.0
334.0,984.0,80175.0
100.0,984.0,80204.0
100.0,993.0,80205.0
318.0,984.0,80207.0
318.0,993.0,80207.0
334.0,985.0,80211.0
344.0,981.0,80213.0
341.0,983.0,80217.0
340.0,990.0,80218.0
343.0,983.0,80220.0
344.0,981.0,80221.0
340.0,983.0,80223.0
341.0,983.0,80223.0
340.0,983.0,80224.0
100.0,984.0,80226.0
344.0,983.0,80227.0
345.0,981.0,80251.0
295.0,986.0,80252.0
295.0,996.0,80253.0
334.0,985.0,80255.0
346.0,981.0,80261.0
345.0,981.0,80264.0
317.0,984.0,80268.0
317.0,993.0,80268.0
347.0,981.0,80268.0
341.0,988.0,80273.0
348.0,981.0,80274.0
345.0,981.0,80274.0
345.0,982.0,80276.0
341.0,983.0,80288.0
345.0,990.0,80295.0
346.0,981.0,80296.0
349.0,981.0,80297.0
264.0,997.0,80301.0
346.0,982.0,80303.0
334.0,986.0,80309.0
346.0,983.0,80310.0
349.0,982.0,80311.0
350.0,981.0,80314.0
345.0,983.0,80317.0
350.0,982.0,80327.0
351.0,981.0,80327.0
352.0,981.0,80327.0
280.0,995.0,80339.0
352.0,982.0,80339.0
348.0,982.0,80340.0
79.0,988.0,80344.0
346.0,984.0,80350.0
329.0,981.0,80352.0
79.0,986.0,80353.0
348.0,983.0,80355.0
346.0,989.0,80355.0
350.0,990.0,80356.0
79.0,986.0,80356.0
285.0,985.0,80358.0
285.0,995.0,80358.0
329.0,982.0,80360.0
347.0,990.0,80365.0
353.0,981.0,80366.0
329.0,983.0,80367.0
347.0,983.0,80372.0
350.0,981.0,80373.0
329.0,984.0,80373.0
354.0,981.0,80375.0
350.0,981.0,80378.0
285.0,987.0,80380.0
354.0,981.0,80388.0
355.0,981.0,80390.0
354.0,983.0,80396.0
356.0,981.0,80399.0
357.0,981.0,80401.0
252.0,987.0,80413.0
353.0,982.0,80415.0
356.0,983.0,80417.0
357.0,990.0,80418.0
357.0,982.0,80418.0
322.0,985.0,80418.0
236.0,996.0,80419.0
353.0,981.0,80426.0
328.0,984.0,80429.0
322.0,985.0,80429.0
353.0,983.0,80435.0
233.0,985.0,80443.0
233.0,995.0,80443.0
236.0,985.0,80444.0
358.0,981.0,80447.0
356.0,989.0,80457.0
356.0,993.0,80458.0
236.0,996.0,80466.0
329.0,995.0,80468.0
349.0,982.0,80474.0
351.0,990.0,80475.0
351.0,981.0,80481.0
359.0,981.0,80483.0
360.0,981.0,80487.0
358.0,983.0,80491.0
361.0,981.0,80501.0
356.0,988.0,80501.0
362.0,981.0,80506.0
359.0,990.0,80507.0
359.0,983.0,80512.0
363.0,981.0,80516.0
356.0,989.0,80518.0
297.0,996.0,80524.0
362.0,981.0,80539.0
364.0,981.0,80539.0
365.0,981.0,80541.0
363.0,987.0,80541.0
364.0,983.0,80547.0
349.0,990.0,80551.0
366.0,981.0,80554.0
365.0,983.0,80554.0
362.0,982.0,80557.0
367.0,981.0,80559.0
367.0,990.0,80560.0
362.0,982.0,80562.0
368.0,981.0,80568.0
366.0,982.0,80569.0
280.0,989.0,80576.0
367.0,987.0,80577.0
356.0,988.0,80578.0
368.0,982.0,80580.0
366.0,981.0,80581.0
252.0,994.0,80582.0
367.0,989.0,80584.0
349.0,983.0,80585.0
368.0,983.0,80587.0
367.0,997.0,80589.0
351.0,984.0,80593.0
332.0,983.0,80595.0
351.0,995.0,80599.0
250.0,986.0,80600.0
252.0,994.0,80604.0
349.0,983.0,80609.0
357.0,984.0,80610.0
351.0,988.0,80611.0
357.0,984.0,80614.0
351.0,983.0,80615.0
369.0,981.0,80615.0
252.0,994.0,80617.0
357.0,983.0,80625.0
369.0,984.0,80628.0
252.0,989.0,80632.0
349.0,983.0,80642.0
280.0,989.0,80643.0
280.0,987.0,80655.0
370.0,981.0,80655.0
361.0,983.0,80656.0
357.0,981.0,80659.0
335.0,983.0,80660.0
252.0,989.0,80663.0
357.0,981.0,80663.0
252.0,989.0,80667.0
371.0,981.0,80668.0
252.0,989.0,80669.0
361.0,993.0,80671.0
372.0,981.0,80672.0
373.0,981.0,80686.0
374.0,981.0,80688.0
318.0,985.0,80688.0
318.0,995.0,80688.0
318.0,988.0,80696.0
374.0,981.0,80698.0
375.0,981.0,80699.0
162.0,986.0,80701.0
318.0,986.0,80701.0
162.0,996.0,80702.0
280.0,983.0,80702.0
374.0,982.0,80705.0
357.0,987.0,80710.0
313.0,985.0,80714.0
363.0,988.0,80714.0
367.0,989.0,80716.0
374.0,983.0,80718.0
349.0,988.0,80720.0
357.0,983.0,80724.0
375.0,981.0,80726.0
363.0,983.0,80726.0
367.0,987.0,80730.0
366.0,990.0,80731.0
375.0,982.0,80731.0
370.0,982.0,80733.0
363.0,984.0,80734.0
363.0,983.0,80740.0
376.0,981.0,80743.0
370.0,990.0,80747.0
373.0,983.0,80760.0
289.0,988.0,80767.0
366.0,983.0,80768.0
373.0,983.0,80770.0
289.0,983.0,80770.0
375.0,990.0,80771.0
270.0,986.0,80772.0
270.0,996.0,80772.0
121.0,987.0,80774.0
121.0,996.0,80775.0
363.0,983.0,80776.0
64.0,986.0,80777.0
363.0,993.0,80780.0
377.0,981.0,80780.0
378.0,989.0,80782.0
64.0,985.0,80786.0
377.0,990.0,80787.0
317.0,995.0,80789.0
379.0,981.0,80793.0
218.0,987.0,80796.0
378.0,983.0,80798.0
64.0,996.0,80799.0
380.0,981.0,80802.0
378.0,993.0,80806.0
376.0,983.0,80808.0
218.0,986.0,80810.0
181.0,990.0,80815.0
376.0,983.0,80816.0
58.0,986.0,80823.0
90.0,987.0,80824.0
90.0,999.0,80825.0
380.0,983.0,80825.0
274.0,985.0,80836.0
349.0,984.0,80856.0
181.0,990.0,80865.0
121.0,994.0,80867.0
328.0,985.0,80876.0
349.0,984.0,80880.0
381.0,981.0,80883.0
338.0,984.0,80894.0
338.0,993.0,80895.0
377.0,990.0,80897.0
367.0,988.0,80898.0
381.0,983.0,80900.0
371.0,983.0,80901.0
303.0,985.0,80905.0
377.0,983.0,80905.0
303.0,995.0,80906.0
367.0,987.0,80907.0
340.0,993.0,80909.0
79.0,997.0,80910.0
79.0,998.0,80910.0
79.0,997.0,80912.0
382.0,981.0,80912.0
350.0,983.0,80922.0
343.0,984.0,80925.0
295.0,997.0,80925.0
382.0,981.0,80925.0
295.0,998.0,80926.0
343.0,993.0,80927.0
379.0,981.0,80927.0
382.0,981.0,80927.0
383.0,981.0,80928.0
379.0,981.0,80929.0
323.0,984.0,80930.0
323.0,993.0,80931.0
382.0,983.0,80933.0
379.0,983.0,80939.0
384.0,981.0,80944.0
385.0,981.0,80946.0
384.0,981.0,80953.0
198.0,997.0,80953.0
384.0,981.0,80955.0
384.0,982.0,80957.0
372.0,983.0,80958.0
380.0,989.0,80963.0
90.0,994.0,80973.0
65.0,988.0,80989.0
372.0,988.0,80996.0
372.0,993.0,80996.0
65.0,983.0,80998.0
323.0,984.0,81003.0
323.0,995.0,81003.0
90.0,994.0,81007.0
350.0,984.0,81011.0
350.0,993.0,81013.0
90.0,989.0,81014.0
232.0,989.0,81014.0
352.0,990.0,81018.0
386.0,981.0,81024.0
90.0,987.0,81028.0
352.0,983.0,81028.0
323.0,984.0,81045.0
323.0,995.0,81045.0
232.0,989.0,81046.0
372.0,983.0,81060.0
232.0,989.0,81060.0
187.0,985.0,81065.0
187.0,995.0,81066.0
187.0,985.0,81067.0
386.0,983.0,81074.0
387.0,981.0,81078.0
350.0,989.0,81081.0
350.0,995.0,81083.0
387.0,987.0,81084.0
354.0,984.0,81085.0
226.0,986.0,81091.0
226.0,996.0,81094.0
182.0,988.0,81112.0
388.0,981.0,81127.0
350.0,989.0,81140.0
349.0,985.0,81140.0
389.0,981.0,81143.0
348.0,993.0,81149.0
232.0,985.0,81152.0
232.0,983.0,81152.0
323.0,984.0,81158.0
323.0,995.0,81158.0
343.0,984.0,81163.0
389.0,983.0,81165.0
343.0,984.0,81167.0
390.0,981.0,81167.0
343.0,995.0,81168.0
389.0,983.0,81170.0
375.0,983.0,81177.0
379.0,993.0,81178.0
390.0,983.0,81180.0
375.0,981.0,81183.0
391.0,981.0,81195.0
392.0,981.0,81200.0
379.0,988.0,81204.0
393.0,981.0,81206.0
379.0,983.0,81206.0
349.0,985.0,81208.0
321.0,984.0,81210.0
321.0,993.0,81211.0
394.0,981.0,81218.0
395.0,981.0,81220.0
386.0,993.0,81222.0
152.0,993.0,81222.0
393.0,990.0,81226.0
395.0,983.0,81229.0
393.0,990.0,81230.0
367.0,983.0,81232.0
393.0,981.0,81232.0
323.0,984.0,81232.0
323.0,995.0,81233.0
182.0,983.0,81235.0
393.0,981.0,81235.0
394.0,987.0,81241.0
370.0,990.0,81245.0
318.0,985.0,81248.0
318.0,998.0,81248.0
162.0,997.0,81251.0
162.0,998.0,81252.0
388.0,990.0,81254.0
370.0,983.0,81255.0
182.0,993.0,81259.0
394.0,987.0,81261.0
396.0,981.0,81269.0
313.0,996.0,81279.0
280.0,988.0,81280.0
394.0,989.0,81283.0
280.0,989.0,81283.0
388.0,981.0,81288.0
335.0,984.0,81291.0
280.0,989.0,81291.0
388.0,981.0,81293.0
327.0,984.0,81295.0
280.0,989.0,81295.0
388.0,983.0,81301.0
397.0,981.0,81311.0
323.0,984.0,81318.0
323.0,995.0,81319.0
397.0,982.0,81320.0
397.0,983.0,81331.0
394.0,983.0,81331.0
386.0,981.0,81331.0
394.0,984.0,81337.0
386.0,981.0,81337.0
394.0,993.0,81338.0
397.0,984.0,81339.0
397.0,993.0,81339.0
386.0,982.0,81340.0
397.0,985.0,81343.0
397.0,995.0,81343.0
270.0,997.0,81345.0
394.0,985.0,81345.0
270.0,998.0,81346.0
394.0,995.0,81346.0
386.0,983.0,81348.0
394.0,986.0,81351.0
394.0,996.0,81352.0
398.0,981.0,81354.0
397.0,986.0,81355.0
397.0,996.0,81356.0
386.0,993.0,81356.0
394.0,997.0,81357.0
394.0,998.0,81358.0
398.0,981.0,81365.0
394.0,999.0,81368.0
398.0,981.0,81368.0
398.0,982.0,81369.0
397.0,997.0,81372.0
397.0,989.0,81375.0
398.0,982.0,81378.0
250.0,997.0,81380.0
397.0,989.0,81391.0
397.0,987.0,81395.0
323.0,984.0,81398.0
323.0,995.0,81398.0
398.0,990.0,81403.0
386.0,988.0,81407.0
386.0,983.0,81414.0
58.0,997.0,81415.0
395.0,983.0,81417.0
395.0,993.0,81418.0
398.0,981.0,81445.0
399.0,981.0,81448.0
347.0,988.0,81449.0
289.0,984.0,81452.0
289.0,993.0,81453.0
347.0,983.0,81454.0
347.0,987.0,81460.0
218.0,997.0,81462.0
130.0,998.0,81478.0
397.0,988.0,81478.0
347.0,989.0,81478.0
400.0,981.0,81481.0
397.0,983.0,81482.0
130.0,997.0,81483.0
401.0,981.0,81487.0
363.0,988.0,81487.0
363.0,987.0,81492.0
401.0,981.0,81510.0
288.0,984.0,81511.0
288.0,995.0,81511.0
401.0,982.0,81513.0
401.0,983.0,81520.0
354.0,985.0,81521.0
282.0,984.0,81534.0
402.0,981.0,81535.0
403.0,981.0,81537.0
347.0,988.0,81537.0
323.0,985.0,81538.0
323.0,995.0,81538.0
347.0,984.0,81543.0
403.0,981.0,81544.0
402.0,983.0,81547.0
182.0,983.0,81548.0
403.0,982.0,81552.0
403.0,983.0,81561.0
338.0,985.0,81561.0
338.0,995.0,81562.0
404.0,981.0,81562.0
404.0,982.0,81574.0
362.0,990.0,81585.0
362.0,982.0,81587.0
362.0,983.0,81590.0
368.0,984.0,81599.0
405.0,981.0,81624.0
406.0,981.0,81625.0
366.0,984.0,81628.0
404.0,983.0,81628.0
366.0,984.0,81629.0
366.0,993.0,81629.0
406.0,982.0,81636.0
353.0,988.0,81640.0
406.0,982.0,81643.0
366.0,984.0,81646.0
385.0,981.0,81653.0
407.0,981.0,81654.0
366.0,995.0,81657.0
366.0,987.0,81657.0
406.0,982.0,81658.0
406.0,983.0,81662.0
366.0,984.0,81664.0
343.0,985.0,81665.0
343.0,995.0,81668.0
65.0,983.0,81690.0
65.0,993.0,81691.0
406.0,983.0,81694.0
406.0,993.0,81695.0
395.0,993.0,81696.0
323.0,984.0,81697.0
323.0,996.0,81698.0
408.0,987.0,81703.0
323.0,987.0,81708.0
323.0,995.0,81709.0
379.0,993.0,81719.0
335.0,985.0,81732.0
409.0,981.0,81732.0
397.0,993.0,81738.0
409.0,983.0,81743.0
382.0,993.0,81747.0
405.0,983.0,81754.0
247.0,989.0,81759.0
410.0,981.0,81786.0
377.0,984.0,81786.0
377.0,993.0,81787.0
79.0,989.0,81795.0
79.0,999.0,81796.0
297.0,986.0,81811.0
410.0,990.0,81812.0
295.0,987.0,81813.0
295.0,999.0,81813.0
410.0,981.0,81821.0
353.0,983.0,81821.0
381.0,989.0,81822.0
410.0,981.0,81826.0
411.0,981.0,81834.0
410.0,981.0,81835.0
411.0,983.0,81852.0
323.0,994.0,81864.0
328.0,986.0,81867.0
288.0,984.0,81874.0
288.0,995.0,81874.0
381.0,981.0,81877.0
323.0,994.0,81877.0
79.0,989.0,81878.0
182.0,993.0,81882.0
323.0,989.0,81883.0
412.0,981.0,81884.0
289.0,985.0,81889.0
289.0,995.0,81890.0
413.0,981.0,81894.0
339.0,981.0,81897.0
77.0,988.0,81897.0
339.0,981.0,81898.0
410.0,983.0,81900.0
327.0,985.0,81901.0
339.0,981.0,81901.0
413.0,983.0,81919.0
323.0,989.0,81930.0
269.0,987.0,81938.0
414.0,981.0,81941.0
339.0,990.0,81944.0
339.0,981.0,81949.0
327.0,985.0,81966.0
339.0,983.0,81981.0
77.0,983.0,81992.0
303.0,986.0,81993.0
303.0,996.0,81994.0
415.0,981.0,81997.0
79.0,988.0,81997.0
339.0,983.0,82000.0
385.0,990.0,82006.0
77.0,983.0,82007.0
357.0,989.0,82011.0
381.0,989.0,82019.0
385.0,981.0,82029.0
295.0,994.0,82030.0
79.0,988.0,82038.0
385.0,982.0,82041.0
79.0,981.0,82042.0
385.0,990.0,82045.0
282.0,985.0,82047.0
385.0,982.0,82048.0
295.0,994.0,82053.0
79.0,987.0,82053.0
385.0,982.0,82057.0
295.0,994.0,82058.0
385.0,982.0,82058.0
385.0,983.0,82065.0
385.0,988.0,82070.0
416.0,981.0,82071.0
385.0,983.0,82073.0
388.0,984.0,82087.0
388.0,993.0,82088.0
416.0,982.0,82093.0
295.0,994.0,82093.0
295.0,989.0,82099.0
2.0,993.0,82108.0
414.0,990.0,82113.0
368.0,985.0,82121.0
288.0,985.0,82125.0
288.0,995.0,82126.0
162.0,989.0,82129.0
162.0,999.0,82130.0
79.0,994.0,82135.0
162.0,987.0,82149.0
385.0,983.0,82149.0
409.0,983.0,82187.0
409.0,993.0,82188.0
385.0,988.0,82195.0
414.0,981.0,82201.0
417.0,981.0,82203.0
401.0,984.0,82204.0
401.0,993.0,82204.0
418.0,981.0,82207.0
418.0,982.0,82223.0
390.0,984.0,82235.0
390.0,993.0,82236.0
417.0,989.0,82241.0
403.0,987.0,82244.0
403.0,993.0,82245.0
403.0,984.0,82259.0
414.0,982.0,82267.0
419.0,981.0,82277.0
233.0,996.0,82278.0
414.0,983.0,82282.0
419.0,990.0,82300.0
419.0,982.0,82307.0
419.0,981.0,82312.0
58.0,987.0,82317.0
420.0,981.0,82331.0
418.0,990.0,82332.0
418.0,981.0,82339.0
420.0,981.0,82339.0
418.0,982.0,82344.0
420.0,982.0,82344.0
418.0,981.0,82350.0
420.0,983.0,82354.0
421.0,981.0,82369.0
279.0,990.0,82375.0
250.0,987.0,82376.0
421.0,983.0,82378.0
279.0,981.0,82379.0
77.0,988.0,82385.0
81.0,984.0,82386.0
279.0,987.0,82386.0
385.0,984.0,82393.0
77.0,983.0,82396.0
374.0,993.0,82397.0
385.0,988.0,82398.0
81.0,983.0,82400.0
385.0,984.0,82401.0
422.0,981.0,82460.0
389.0,993.0,82470.0
385.0,985.0,82478.0
218.0,987.0,82482.0
422.0,982.0,82488.0
162.0,994.0,82492.0
357.0,989.0,82503.0
423.0,981.0,82505.0
419.0,983.0,82506.0
423.0,981.0,82515.0
424.0,981.0,82516.0
423.0,981.0,82518.0
424.0,983.0,82536.0
425.0,981.0,82537.0
424.0,983.0,82539.0
388.0,985.0,82548.0
388.0,995.0,82548.0
303.0,997.0,82548.0
303.0,998.0,82549.0
423.0,990.0,82558.0
318.0,997.0,82571.0
423.0,983.0,82572.0
318.0,996.0,82572.0
409.0,984.0,82584.0
409.0,993.0,82585.0
426.0,981.0,82586.0
367.0,987.0,82589.0
367.0,993.0,82590.0
130.0,989.0,82592.0
385.0,988.0,82593.0
130.0,999.0,82595.0
419.0,993.0,82595.0
338.0,986.0,82596.0
338.0,996.0,82597.0
367.0,983.0,82600.0
385.0,985.0,82600.0
421.0,993.0,82601.0
367.0,984.0,82605.0
367.0,993.0,82606.0
426.0,984.0,82616.0
427.0,981.0,82617.0
426.0,981.0,82623.0
328.0,997.0,82626.0
427.0,983.0,82626.0
428.0,981.0,82636.0
353.0,984.0,82637.0
426.0,982.0,82637.0
297.0,997.0,82642.0
297.0,998.0,82643.0
187.0,986.0,82644.0
187.0,996.0,82644.0
297.0,997.0,82644.0
198.0,987.0,82644.0
187.0,986.0,82645.0
198.0,999.0,82645.0
130.0,987.0,82647.0
428.0,981.0,82653.0
282.0,988.0,82657.0
282.0,985.0,82660.0
282.0,988.0,82665.0
282.0,985.0,82671.0
199.0,988.0,82674.0
199.0,983.0,82677.0
426.0,981.0,82679.0
390.0,985.0,82679.0
390.0,995.0,82680.0
101.0,989.0,82682.0
428.0,990.0,82685.0
426.0,982.0,82688.0
250.0,994.0,82689.0
101.0,989.0,82689.0
429.0,981.0,82690.0
250.0,994.0,82692.0
428.0,983.0,82700.0
335.0,996.0,82706.0
430.0,981.0,82713.0
429.0,981.0,82715.0
250.0,989.0,82719.0
430.0,982.0,82721.0
401.0,985.0,82723.0
401.0,995.0,82723.0
429.0,983.0,82725.0
429.0,984.0,82733.0
367.0,995.0,82735.0
250.0,989.0,82737.0
429.0,987.0,82741.0
343.0,986.0,82742.0
250.0,989.0,82743.0
343.0,996.0,82744.0
431.0,981.0,82751.0
429.0,989.0,82760.0
431.0,982.0,82760.0
432.0,981.0,82760.0
431.0,987.0,82765.0
218.0,994.0,82774.0
130.0,994.0,82776.0
433.0,981.0,82779.0
432.0,982.0,82780.0
428.0,989.0,82785.0
428.0,993.0,82786.0
429.0,989.0,82786.0
432.0,983.0,82787.0
433.0,981.0,82791.0
429.0,983.0,82795.0
433.0,981.0,82796.0
434.0,981.0,82802.0
429.0,988.0,82813.0
434.0,982.0,82817.0
413.0,984.0,82817.0
433.0,990.0,82818.0
343.0,986.0,82820.0
345.0,984.0,82822.0
429.0,983.0,82823.0
343.0,998.0,82823.0
250.0,983.0,82823.0
130.0,994.0,82824.0
435.0,981.0,82825.0
434.0,983.0,82825.0
218.0,994.0,82826.0
434.0,983.0,82827.0
433.0,990.0,82831.0
218.0,994.0,82832.0
433.0,981.0,82835.0
435.0,982.0,82837.0
250.0,984.0,82840.0
385.0,983.0,82840.0
433.0,981.0,82845.0
434.0,989.0,82847.0
436.0,981.0,82849.0
428.0,983.0,82851.0
413.0,985.0,82852.0
435.0,990.0,82864.0
250.0,985.0,82866.0
410.0,984.0,82867.0
410.0,993.0,82867.0
434.0,989.0,82869.0
413.0,986.0,82879.0
420.0,983.0,82885.0
435.0,982.0,82893.0
435.0,983.0,82899.0
362.0,984.0,82900.0
297.0,997.0,82900.0
297.0,999.0,82900.0
413.0,997.0,82904.0
349.0,988.0,82910.0
433.0,990.0,82910.0
433.0,981.0,82913.0
413.0,987.0,82923.0
296.0,984.0,82926.0
296.0,993.0,82927.0
434.0,983.0,82927.0
65.0,984.0,82934.0
65.0,993.0,82934.0
349.0,986.0,82935.0
437.0,981.0,82940.0
437.0,982.0,82950.0
432.0,983.0,82951.0
130.0,989.0,82952.0
432.0,983.0,82953.0
432.0,993.0,82953.0
424.0,984.0,82954.0
424.0,993.0,82954.0
437.0,983.0,82957.0
424.0,984.0,82957.0
438.0,981.0,82957.0
428.0,993.0,82962.0
349.0,986.0,82971.0
438.0,983.0,82976.0
58.0,994.0,82980.0
439.0,981.0,82983.0
440.0,981.0,82985.0
439.0,981.0,82987.0
441.0,981.0,82987.0
434.0,989.0,82988.0
440.0,981.0,82991.0
439.0,982.0,82993.0
440.0,982.0,82993.0
441.0,983.0,82994.0
441.0,984.0,82996.0
440.0,983.0,82997.0
441.0,985.0,82998.0
439.0,983.0,82999.0
441.0,986.0,83001.0
434.0,983.0,83002.0
441.0,997.0,83002.0
441.0,987.0,83005.0
442.0,981.0,83016.0
299.0,985.0,83017.0
299.0,995.0,83018.0
434.0,982.0,83027.0
442.0,983.0,83032.0
425.0,990.0,83034.0
434.0,984.0,83034.0
443.0,981.0,83036.0
425.0,983.0,83039.0
444.0,981.0,83040.0
443.0,981.0,83043.0
58.0,988.0,83048.0
443.0,982.0,83051.0
425.0,993.0,83052.0
58.0,989.0,83057.0
327.0,986.0,83068.0
445.0,981.0,83108.0
444.0,982.0,83116.0
445.0,990.0,83124.0
445.0,981.0,83141.0
198.0,994.0,83141.0
367.0,988.0,83146.0
445.0,982.0,83147.0
367.0,984.0,83149.0
405.0,984.0,83150.0
198.0,994.0,83150.0
405.0,993.0,83151.0
445.0,983.0,83152.0
198.0,994.0,83156.0
446.0,981.0,83158.0
198.0,994.0,83159.0
447.0,981.0,83162.0
444.0,983.0,83168.0
198.0,994.0,83169.0
433.0,990.0,83170.0
349.0,997.0,83171.0
448.0,981.0,83180.0
198.0,987.0,83182.0
420.0,988.0,83189.0
447.0,984.0,83190.0
449.0,981.0,83191.0
352.0,984.0,83192.0
352.0,993.0,83192.0
420.0,983.0,83194.0
450.0,981.0,83194.0
446.0,983.0,83195.0
448.0,981.0,83195.0
449.0,982.0,83197.0
448.0,983.0,83199.0
449.0,986.0,83203.0
297.0,997.0,83203.0
297.0,999.0,83203.0
440.0,993.0,83204.0
451.0,981.0,83205.0
198.0,988.0,83206.0
447.0,983.0,83207.0
447.0,995.0,83207.0
449.0,987.0,83209.0
198.0,989.0,83212.0
451.0,981.0,83212.0
334.0,997.0,83214.0
450.0,982.0,83216.0
198.0,989.0,83217.0
451.0,983.0,83221.0
447.0,989.0,83225.0
447.0,993.0,83226.0
446.0,988.0,83228.0
452.0,981.0,83239.0
446.0,997.0,83243.0
450.0,990.0,83244.0
354.0,986.0,83248.0
446.0,988.0,83253.0
446.0,983.0,83256.0
446.0,988.0,83260.0
446.0,983.0,83268.0
349.0,997.0,83272.0
443.0,990.0,83283.0
433.0,990.0,83289.0
443.0,983.0,83290.0
345.0,985.0,83294.0
452.0,981.0,83298.0
420.0,993.0,83300.0
413.0,994.0,83300.0
345.0,984.0,83301.0
413.0,994.0,83302.0
427.0,984.0,83307.0
345.0,985.0,83308.0
413.0,989.0,83309.0
349.0,997.0,83311.0
452.0,990.0,83316.0
453.0,989.0,83317.0
413.0,989.0,83332.0
454.0,981.0,83340.0
349.0,989.0,83343.0
455.0,981.0,83346.0
452.0,983.0,83346.0
384.0,990.0,83348.0
456.0,981.0,83351.0
282.0,988.0,83354.0
455.0,983.0,83362.0
384.0,983.0,83362.0
455.0,983.0,83363.0
384.0,983.0,83364.0
453.0,988.0,83367.0
343.0,997.0,83371.0
450.0,983.0,83372.0
343.0,998.0,83373.0
239.0,988.0,83384.0
334.0,987.0,83384.0
410.0,985.0,83385.0
410.0,995.0,83386.0
239.0,985.0,83388.0
415.0,982.0,83391.0
187.0,997.0,83391.0
187.0,998.0,83392.0
187.0,997.0,83393.0
409.0,985.0,83398.0
457.0,981.0,83398.0
409.0,995.0,83399.0
415.0,983.0,83402.0
409.0,988.0,83405.0
441.0,994.0,83406.0
458.0,981.0,83407.0
409.0,985.0,83410.0
441.0,994.0,83411.0
413.0,989.0,83414.0
458.0,981.0,83416.0
441.0,994.0,83418.0
441.0,989.0,83422.0
349.0,987.0,83432.0
303.0,987.0,83433.0
303.0,999.0,83433.0
349.0,989.0,83433.0
458.0,990.0,83435.0
458.0,982.0,83442.0
457.0,982.0,83445.0
458.0,981.0,83449.0
458.0,982.0,83457.0
318.0,987.0,83457.0
318.0,999.0,83457.0
458.0,983.0,83462.0
345.0,985.0,83480.0
459.0,981.0,83481.0
460.0,981.0,83484.0
460.0,982.0,83496.0
441.0,988.0,83497.0
460.0,983.0,83501.0
447.0,983.0,83513.0
461.0,981.0,83516.0
441.0,985.0,83516.0
447.0,983.0,83520.0
385.0,984.0,83522.0
460.0,984.0,83523.0
460.0,993.0,83523.0
362.0,985.0,83524.0
10.0,988.0,83528.0
437.0,984.0,83530.0
437.0,993.0,83530.0
10.0,986.0,83531.0
429.0,984.0,83531.0
460.0,995.0,83539.0
385.0,986.0,83551.0
447.0,987.0,83554.0
427.0,984.0,83555.0
447.0,993.0,83555.0
385.0,988.0,83555.0
232.0,983.0,83558.0
385.0,986.0,83558.0
456.0,990.0,83560.0
345.0,997.0,83561.0
462.0,981.0,83563.0
232.0,987.0,83570.0
345.0,989.0,83571.0
462.0,982.0,83575.0
462.0,983.0,83586.0
461.0,990.0,83588.0
462.0,987.0,83593.0
462.0,993.0,83594.0
318.0,994.0,83596.0
463.0,981.0,83607.0
454.0,990.0,83607.0
405.0,985.0,83608.0
411.0,984.0,83608.0
405.0,995.0,83609.0
411.0,993.0,83609.0
462.0,987.0,83610.0
464.0,981.0,83611.0
296.0,983.0,83611.0
454.0,981.0,83611.0
462.0,987.0,83612.0
296.0,995.0,83612.0
296.0,985.0,83615.0
454.0,982.0,83615.0
463.0,983.0,83617.0
465.0,981.0,83618.0
454.0,983.0,83623.0
447.0,985.0,83631.0
465.0,982.0,83635.0
331.0,993.0,83637.0
465.0,981.0,83640.0
327.0,997.0,83648.0
318.0,994.0,83649.0
390.0,986.0,83659.0
390.0,996.0,83659.0
429.0,987.0,83660.0
318.0,989.0,83665.0
464.0,990.0,83667.0
464.0,981.0,83670.0
464.0,990.0,83679.0
466.0,981.0,83679.0
464.0,981.0,83682.0
465.0,982.0,83683.0
467.0,981.0,83684.0
467.0,983.0,83694.0
464.0,982.0,83695.0
465.0,989.0,83699.0
467.0,993.0,83705.0
465.0,983.0,83706.0
464.0,983.0,83710.0
466.0,981.0,83710.0
426.0,990.0,83710.0
466.0,981.0,83713.0
468.0,981.0,83714.0
461.0,990.0,83715.0
240.0,985.0,83718.0
466.0,981.0,83719.0
426.0,981.0,83724.0
240.0,985.0,83726.0
303.0,994.0,83726.0
468.0,981.0,83730.0
427.0,987.0,83733.0
303.0,994.0,83736.0
426.0,990.0,83736.0
303.0,994.0,83737.0
442.0,984.0,83738.0
303.0,994.0,83741.0
461.0,990.0,83741.0
427.0,983.0,83741.0
303.0,994.0,83742.0
467.0,988.0,83745.0
139.0,988.0,83747.0
467.0,983.0,83749.0
426.0,982.0,83751.0
385.0,997.0,83751.0
385.0,988.0,83755.0
466.0,981.0,83757.0
385.0,997.0,83758.0
469.0,981.0,83759.0
466.0,981.0,83763.0
427.0,989.0,83764.0
470.0,981.0,83774.0
466.0,983.0,83775.0
297.0,997.0,83776.0
297.0,999.0,83777.0
442.0,988.0,83782.0
426.0,983.0,83783.0
442.0,984.0,83785.0
468.0,990.0,83790.0
470.0,981.0,83791.0
253.0,990.0,83793.0
470.0,982.0,83794.0
468.0,983.0,83799.0
458.0,993.0,83800.0
403.0,995.0,83804.0
427.0,989.0,83804.0
470.0,989.0,83805.0
468.0,981.0,83806.0
385.0,997.0,83806.0
468.0,993.0,83807.0
427.0,989.0,83807.0
385.0,997.0,83807.0
253.0,984.0,83823.0
439.0,993.0,83826.0
470.0,983.0,83830.0
108.0,988.0,83835.0
108.0,983.0,83837.0
437.0,985.0,83839.0
437.0,995.0,83839.0
339.0,993.0,83840.0
439.0,988.0,83846.0
469.0,990.0,83849.0
439.0,983.0,83849.0
409.0,996.0,83857.0
471.0,981.0,83858.0
303.0,988.0,83870.0
439.0,984.0,83870.0
439.0,993.0,83870.0
441.0,986.0,83878.0
441.0,996.0,83878.0
352.0,985.0,83880.0
352.0,995.0,83881.0
469.0,983.0,83883.0
439.0,995.0,83890.0
199.0,989.0,83893.0
25.0,984.0,83899.0
350.0,987.0,83900.0
385.0,988.0,83904.0
451.0,984.0,83904.0
451.0,993.0,83904.0
289.0,986.0,83933.0
289.0,996.0,83934.0
385.0,997.0,83942.0
10.0,997.0,83955.0
472.0,981.0,83956.0
350.0,989.0,83965.0
472.0,983.0,83966.0
210.0,985.0,83969.0
441.0,997.0,83971.0
441.0,998.0,83971.0
350.0,989.0,83974.0
199.0,983.0,83979.0
350.0,989.0,83979.0
446.0,984.0,83988.0
385.0,989.0,83988.0
350.0,989.0,83997.0
446.0,984.0,84001.0
446.0,995.0,84002.0
108.0,993.0,84011.0
473.0,981.0,84014.0
253.0,985.0,84018.0
253.0,986.0,84026.0
472.0,989.0,84031.0
367.0,988.0,84032.0
367.0,995.0,84033.0
473.0,987.0,84033.0
367.0,985.0,84035.0
253.0,997.0,84039.0
253.0,987.0,84046.0
384.0,984.0,84046.0
384.0,993.0,84047.0
473.0,983.0,84048.0
384.0,984.0,84048.0
473.0,983.0,84050.0
253.0,997.0,84051.0
429.0,994.0,84055.0
253.0,989.0,84055.0
297.0,987.0,84056.0
297.0,999.0,84057.0
429.0,994.0,84060.0
418.0,981.0,84062.0
474.0,981.0,84071.0
418.0,982.0,84072.0
429.0,994.0,84072.0
418.0,984.0,84080.0
450.0,984.0,84080.0
450.0,993.0,84081.0
433.0,990.0,84089.0
433.0,981.0,84099.0
58.0,987.0,84101.0
433.0,981.0,84102.0
475.0,981.0,84106.0
455.0,984.0,84116.0
455.0,993.0,84117.0
455.0,983.0,84123.0
476.0,981.0,84123.0
455.0,983.0,84124.0
455.0,985.0,84126.0
455.0,993.0,84127.0
477.0,981.0,84129.0
455.0,983.0,84130.0
455.0,987.0,84133.0
455.0,993.0,84133.0
269.0,994.0,84135.0
476.0,982.0,84136.0
455.0,983.0,84137.0
475.0,983.0,84139.0
477.0,983.0,84139.0
455.0,986.0,84141.0
455.0,993.0,84141.0
58.0,994.0,84147.0
432.0,983.0,84151.0
432.0,993.0,84151.0
269.0,994.0,84156.0
477.0,987.0,84158.0
477.0,993.0,84158.0
448.0,984.0,84158.0
448.0,993.0,84159.0
269.0,994.0,84162.0
210.0,986.0,84164.0
444.0,993.0,84166.0
166.0,989.0,84169.0
448.0,988.0,84170.0
477.0,989.0,84173.0
448.0,983.0,84173.0
445.0,984.0,84174.0
448.0,984.0,84180.0
448.0,993.0,84180.0
199.0,982.0,84182.0
199.0,981.0,84186.0
476.0,990.0,84186.0
478.0,981.0,84188.0
239.0,985.0,84190.0
479.0,981.0,84191.0
199.0,983.0,84191.0
269.0,989.0,84191.0
239.0,996.0,84191.0
476.0,981.0,84193.0
480.0,983.0,84194.0
481.0,983.0,84195.0
479.0,982.0,84196.0
166.0,989.0,84198.0
479.0,990.0,84199.0
199.0,984.0,84199.0
476.0,983.0,84199.0
166.0,989.0,84201.0
477.0,989.0,84201.0
479.0,981.0,84208.0
482.0,981.0,84215.0
479.0,982.0,84220.0
139.0,985.0,84223.0
442.0,985.0,84224.0
139.0,983.0,84225.0
441.0,997.0,84225.0
441.0,999.0,84225.0
479.0,983.0,84229.0
429.0,994.0,84233.0
482.0,983.0,84235.0
269.0,989.0,84240.0
482.0,983.0,84240.0
429.0,994.0,84243.0
483.0,981.0,84250.0
484.0,981.0,84253.0
162.0,988.0,84256.0
426.0,982.0,84256.0
426.0,993.0,84257.0
477.0,988.0,84258.0
162.0,987.0,84259.0
58.0,994.0,84261.0
477.0,981.0,84266.0
350.0,987.0,84267.0
484.0,989.0,84268.0
441.0,997.0,84272.0
424.0,995.0,84278.0
483.0,981.0,84288.0
297.0,994.0,84289.0
187.0,985.0,84295.0
187.0,999.0,84295.0
187.0,985.0,84296.0
483.0,982.0,84307.0
297.0,994.0,84307.0
484.0,989.0,84307.0
484.0,983.0,84313.0
483.0,983.0,84318.0
297.0,994.0,84319.0
483.0,989.0,84323.0
297.0,994.0,84325.0
350.0,983.0,84330.0
297.0,994.0,84330.0
390.0,997.0,84333.0
480.0,983.0,84334.0
480.0,993.0,84334.0
484.0,987.0,84334.0
390.0,997.0,84334.0
390.0,998.0,84334.0
297.0,987.0,84337.0
451.0,985.0,84338.0
451.0,995.0,84338.0
297.0,994.0,84341.0
390.0,986.0,84343.0
474.0,990.0,84345.0
483.0,989.0,84346.0
483.0,997.0,84348.0
297.0,989.0,84348.0
390.0,997.0,84348.0
390.0,998.0,84349.0
297.0,987.0,84351.0
483.0,987.0,84352.0
463.0,984.0,84354.0
463.0,993.0,84355.0
474.0,981.0,84355.0
297.0,989.0,84357.0
454.0,984.0,84360.0
454.0,993.0,84361.0
483.0,997.0,84367.0
454.0,983.0,84368.0
483.0,986.0,84371.0
187.0,989.0,84378.0
187.0,996.0,84379.0
485.0,981.0,84380.0
297.0,989.0,84381.0
269.0,988.0,84383.0
343.0,987.0,84383.0
343.0,999.0,84383.0
297.0,989.0,84383.0
454.0,983.0,84386.0
269.0,987.0,84389.0
454.0,984.0,84390.0
454.0,985.0,84394.0
454.0,987.0,84399.0
486.0,981.0,84401.0
444.0,988.0,84406.0
454.0,983.0,84406.0
483.0,984.0,84407.0
483.0,998.0,84408.0
250.0,986.0,84410.0
444.0,984.0,84414.0
486.0,990.0,84416.0
486.0,981.0,84423.0
166.0,988.0,84434.0
454.0,983.0,84436.0
487.0,981.0,84440.0
166.0,989.0,84442.0
128.0,981.0,84445.0
166.0,989.0,84447.0
166.0,985.0,84448.0
486.0,981.0,84450.0
480.0,984.0,84452.0
480.0,993.0,84453.0
486.0,981.0,84453.0
128.0,982.0,84454.0
486.0,982.0,84455.0
166.0,986.0,84457.0
400.0,983.0,84457.0
488.0,983.0,84458.0
455.0,988.0,84460.0
486.0,983.0,84460.0
455.0,984.0,84462.0
474.0,982.0,84462.0
455.0,984.0,84463.0
489.0,981.0,84464.0
128.0,982.0,84469.0
487.0,983.0,84473.0
490.0,981.0,84473.0
483.0,995.0,84474.0
166.0,989.0,84489.0
489.0,983.0,84490.0
166.0,989.0,84491.0
128.0,990.0,84492.0
491.0,981.0,84497.0
492.0,981.0,84502.0
493.0,981.0,84502.0
128.0,983.0,84504.0
474.0,983.0,84504.0
322.0,996.0,84506.0
433.0,990.0,84507.0
369.0,988.0,84508.0
485.0,990.0,84509.0
474.0,983.0,84510.0
322.0,989.0,84512.0
10.0,999.0,84513.0
429.0,989.0,84513.0
433.0,981.0,84514.0
369.0,983.0,84515.0
485.0,981.0,84518.0
433.0,981.0,84518.0
493.0,981.0,84519.0
485.0,981.0,84521.0
493.0,983.0,84525.0
491.0,990.0,84525.0
221.0,983.0,84525.0
485.0,982.0,84526.0
322.0,989.0,84532.0
491.0,983.0,84532.0
485.0,983.0,84536.0
322.0,989.0,84536.0
433.0,982.0,84536.0
250.0,997.0,84537.0
322.0,989.0,84537.0
224.0,985.0,84541.0
441.0,999.0,84541.0
450.0,985.0,84542.0
450.0,995.0,84543.0
491.0,983.0,84544.0
485.0,984.0,84552.0
485.0,989.0,84556.0
232.0,986.0,84559.0
232.0,984.0,84560.0
384.0,985.0,84565.0
232.0,987.0,84565.0
384.0,995.0,84566.0
384.0,985.0,84567.0
485.0,989.0,84571.0
485.0,987.0,84578.0
492.0,990.0,84584.0
485.0,997.0,84589.0
491.0,993.0,84590.0
492.0,983.0,84592.0
469.0,984.0,84594.0
469.0,993.0,84594.0
469.0,984.0,84597.0
232.0,997.0,84597.0
384.0,984.0,84599.0
384.0,996.0,84600.0
384.0,984.0,84601.0
485.0,982.0,84601.0
411.0,984.0,84601.0
411.0,995.0,84602.0
452.0,984.0,84607.0
452.0,993.0,84608.0
484.0,994.0,84609.0
384.0,985.0,84611.0
384.0,995.0,84612.0
384.0,985.0,84613.0
485.0,982.0,84617.0
494.0,981.0,84625.0
447.0,986.0,84627.0
466.0,984.0,84627.0
447.0,996.0,84628.0
466.0,993.0,84628.0
484.0,994.0,84637.0
418.0,995.0,84645.0
466.0,985.0,84645.0
466.0,995.0,84646.0
484.0,987.0,84653.0
289.0,997.0,84657.0
289.0,998.0,84658.0
492.0,987.0,84658.0
492.0,993.0,84659.0
410.0,996.0,84667.0
187.0,989.0,84667.0
445.0,985.0,84669.0
187.0,989.0,84669.0
492.0,988.0,84674.0
495.0,981.0,84675.0
343.0,994.0,84677.0
448.0,985.0,84693.0
289.0,989.0,84694.0
448.0,995.0,84694.0
273.0,987.0,84696.0
448.0,988.0,84698.0
496.0,981.0,84700.0
448.0,985.0,84704.0
289.0,989.0,84705.0
418.0,988.0,84706.0
289.0,999.0,84706.0
497.0,981.0,84706.0
498.0,981.0,84714.0
210.0,997.0,84717.0
328.0,989.0,84719.0
498.0,983.0,84719.0
497.0,983.0,84723.0
184.0,987.0,84726.0
498.0,993.0,84726.0
343.0,994.0,84731.0
184.0,987.0,84732.0
466.0,986.0,84733.0
466.0,996.0,84733.0
495.0,983.0,84735.0
289.0,987.0,84737.0
498.0,988.0,84743.0
498.0,987.0,84747.0
484.0,983.0,84753.0
498.0,983.0,84753.0
239.0,986.0,84754.0
239.0,996.0,84754.0
466.0,997.0,84754.0
466.0,998.0,84755.0
289.0,997.0,84756.0
495.0,983.0,84758.0
273.0,989.0,84762.0
499.0,981.0,84764.0
273.0,989.0,84765.0
466.0,987.0,84770.0
466.0,999.0,84771.0
500.0,981.0,84773.0
499.0,983.0,84780.0
466.0,985.0,84780.0
500.0,982.0,84781.0
500.0,987.0,84792.0
499.0,993.0,84795.0
501.0,981.0,84796.0
467.0,993.0,84796.0
232.0,987.0,84803.0
239.0,986.0,84806.0
239.0,998.0,84806.0
475.0,983.0,84811.0
501.0,982.0,84811.0
475.0,993.0,84812.0
147.0,988.0,84812.0
501.0,982.0,84820.0
147.0,989.0,84821.0
501.0,987.0,84830.0
147.0,989.0,84830.0
232.0,984.0,84830.0
502.0,981.0,84847.0
437.0,986.0,84853.0
437.0,996.0,84853.0
502.0,983.0,84855.0
503.0,981.0,84856.0
352.0,986.0,84862.0
352.0,996.0,84862.0
273.0,986.0,84874.0
502.0,985.0,84881.0
502.0,993.0,84882.0
503.0,982.0,84883.0
504.0,981.0,84887.0
476.0,984.0,84887.0
476.0,993.0,84888.0
481.0,993.0,84891.0
503.0,987.0,84892.0
467.0,984.0,84894.0
481.0,988.0,84896.0
504.0,983.0,84901.0
502.0,996.0,84902.0
466.0,984.0,84910.0
504.0,993.0,84911.0
466.0,996.0,84911.0
455.0,985.0,84921.0
455.0,995.0,84922.0
455.0,985.0,84923.0
250.0,988.0,84928.0
443.0,983.0,84928.0
466.0,985.0,84938.0
466.0,995.0,84938.0
250.0,987.0,84943.0
343.0,994.0,84947.0
505.0,981.0,84953.0
466.0,986.0,84960.0
466.0,996.0,84961.0
505.0,983.0,84962.0
466.0,998.0,84967.0
433.0,982.0,84970.0
139.0,986.0,84974.0
139.0,984.0,84978.0
250.0,994.0,84993.0
467.0,984.0,84997.0
467.0,995.0,84998.0
448.0,985.0,85004.0
448.0,996.0,85005.0
250.0,994.0,85010.0
368.0,996.0,85014.0
30.0,984.0,85024.0
481.0,984.0,85028.0
327.0,989.0,85029.0
30.0,986.0,85031.0
25.0,985.0,85036.0
506.0,981.0,85037.0
505.0,993.0,85045.0
496.0,990.0,85046.0
469.0,985.0,85047.0
469.0,995.0,85047.0
496.0,981.0,85050.0
469.0,988.0,85054.0
411.0,985.0,85056.0
411.0,995.0,85057.0
506.0,981.0,85059.0
469.0,985.0,85060.0
503.0,994.0,85061.0
469.0,985.0,85063.0
327.0,989.0,85064.0
506.0,981.0,85065.0
496.0,982.0,85066.0
507.0,981.0,85068.0
327.0,989.0,85070.0
496.0,982.0,85072.0
327.0,987.0,85077.0
507.0,982.0,85077.0
503.0,994.0,85080.0
498.0,983.0,85080.0
507.0,981.0,85080.0
498.0,993.0,85081.0
452.0,985.0,85084.0
452.0,995.0,85084.0
503.0,994.0,85089.0
25.0,985.0,85091.0
339.0,993.0,85091.0
503.0,994.0,85091.0
506.0,982.0,85093.0
496.0,983.0,85100.0
506.0,983.0,85105.0
503.0,989.0,85106.0
482.0,984.0,85129.0
508.0,981.0,85142.0
475.0,983.0,85144.0
475.0,993.0,85144.0
322.0,987.0,85144.0
299.0,986.0,85148.0
299.0,996.0,85149.0
354.0,997.0,85150.0
435.0,989.0,85171.0
435.0,993.0,85172.0
435.0,984.0,85182.0
509.0,981.0,85196.0
369.0,984.0,85202.0
506.0,984.0,85204.0
487.0,984.0,85208.0
463.0,985.0,85209.0
463.0,995.0,85209.0
437.0,997.0,85213.0
437.0,998.0,85213.0
453.0,988.0,85214.0
434.0,995.0,85218.0
507.0,981.0,85228.0
400.0,984.0,85231.0
400.0,993.0,85232.0
507.0,987.0,85233.0
507.0,983.0,85237.0
232.0,986.0,85244.0
232.0,985.0,85246.0
505.0,988.0,85253.0
488.0,984.0,85264.0
488.0,993.0,85264.0
505.0,983.0,85265.0
505.0,987.0,85268.0
316.0,988.0,85275.0
510.0,981.0,85275.0
434.0,984.0,85278.0
455.0,986.0,85284.0
455.0,996.0,85285.0
455.0,986.0,85286.0
505.0,983.0,85286.0
510.0,981.0,85289.0
327.0,994.0,85295.0
316.0,983.0,85301.0
327.0,994.0,85318.0
354.0,997.0,85328.0
140.0,984.0,85344.0
327.0,989.0,85347.0
239.0,997.0,85354.0
239.0,998.0,85355.0
414.0,993.0,85357.0
451.0,986.0,85360.0
451.0,996.0,85360.0
476.0,985.0,85377.0
476.0,995.0,85377.0
488.0,995.0,85396.0
239.0,997.0,85398.0
239.0,999.0,85398.0
352.0,997.0,85410.0
352.0,998.0,85411.0
299.0,998.0,85434.0
511.0,981.0,85447.0
498.0,983.0,85462.0
488.0,984.0,85463.0
498.0,993.0,85463.0
433.0,990.0,85470.0
433.0,982.0,85475.0
512.0,981.0,85480.0
366.0,989.0,85482.0
433.0,983.0,85485.0
512.0,981.0,85490.0
513.0,981.0,85495.0
511.0,981.0,85497.0
511.0,982.0,85501.0
514.0,981.0,85509.0
513.0,981.0,85510.0
511.0,983.0,85510.0
508.0,983.0,85514.0
514.0,982.0,85518.0
451.0,989.0,85519.0
451.0,998.0,85519.0
451.0,986.0,85524.0
514.0,983.0,85526.0
475.0,983.0,85536.0
475.0,993.0,85537.0
203.0,990.0,85545.0
515.0,981.0,85564.0
516.0,981.0,85566.0
445.0,996.0,85585.0
514.0,988.0,85589.0
437.0,999.0,85590.0
510.0,982.0,85591.0
515.0,983.0,85596.0
510.0,983.0,85597.0
350.0,984.0,85598.0
368.0,988.0,85599.0
350.0,993.0,85599.0
450.0,986.0,85601.0
450.0,996.0,85601.0
368.0,985.0,85606.0
516.0,990.0,85606.0
445.0,988.0,85612.0
193.0,987.0,85613.0
516.0,983.0,85614.0
445.0,985.0,85615.0
497.0,993.0,85622.0
393.0,990.0,85623.0
497.0,983.0,85628.0
289.0,987.0,85629.0
289.0,999.0,85631.0
393.0,981.0,85633.0
481.0,985.0,85640.0
393.0,981.0,85640.0
481.0,995.0,85641.0
369.0,985.0,85644.0
481.0,988.0,85646.0
393.0,982.0,85646.0
481.0,985.0,85649.0
489.0,983.0,85650.0
489.0,993.0,85651.0
393.0,981.0,85651.0
517.0,981.0,85653.0
393.0,983.0,85655.0
393.0,981.0,85660.0
497.0,993.0,85662.0
445.0,986.0,85665.0
393.0,982.0,85693.0
517.0,983.0,85700.0
30.0,997.0,85702.0
488.0,985.0,85705.0
488.0,995.0,85706.0
475.0,983.0,85722.0
475.0,993.0,85723.0
498.0,989.0,85734.0
377.0,985.0,85741.0
377.0,995.0,85741.0
498.0,989.0,85749.0
496.0,984.0,85787.0
496.0,993.0,85788.0
444.0,984.0,85789.0
136.0,988.0,85794.0
518.0,983.0,85804.0
488.0,989.0,85810.0
506.0,985.0,85810.0
497.0,988.0,85813.0
393.0,983.0,85816.0
497.0,983.0,85816.0
136.0,983.0,85818.0
455.0,997.0,85827.0
400.0,985.0,85827.0
455.0,997.0,85828.0
455.0,998.0,85828.0
519.0,981.0,85828.0
400.0,995.0,85828.0
455.0,997.0,85829.0
520.0,981.0,85840.0
519.0,983.0,85851.0
498.0,984.0,85851.0
498.0,993.0,85861.0
520.0,989.0,85871.0
447.0,997.0,85873.0
447.0,998.0,85874.0
521.0,981.0,85875.0
475.0,984.0,85907.0
475.0,993.0,85908.0
521.0,990.0,85917.0
521.0,982.0,85921.0
451.0,997.0,85958.0
451.0,998.0,85959.0
487.0,985.0,85968.0
443.0,993.0,85981.0
522.0,983.0,85986.0
484.0,988.0,85987.0
522.0,984.0,85992.0
520.0,989.0,86009.0
244.0,985.0,86017.0
520.0,997.0,86023.0
498.0,984.0,86030.0
498.0,995.0,86030.0
455.0,987.0,86036.0
520.0,997.0,86036.0
455.0,999.0,86037.0
432.0,983.0,86050.0
432.0,993.0,86050.0
455.0,994.0,86056.0
388.0,986.0,86058.0
388.0,996.0,86059.0
322.0,986.0,86070.0
364.0,984.0,86072.0
364.0,993.0,86073.0
513.0,983.0,86081.0
418.0,988.0,86090.0
418.0,983.0,86094.0
488.0,986.0,86108.0
488.0,996.0,86109.0
469.0,986.0,86111.0
469.0,996.0,86111.0
469.0,986.0,86114.0
350.0,985.0,86114.0
508.0,984.0,86115.0
350.0,985.0,86115.0
350.0,995.0,86115.0
508.0,993.0,86116.0
484.0,988.0,86118.0
496.0,995.0,86123.0
405.0,987.0,86126.0
405.0,996.0,86127.0
484.0,987.0,86127.0
523.0,981.0,86129.0
524.0,981.0,86131.0
350.0,984.0,86131.0
525.0,983.0,86132.0
355.0,990.0,86133.0
484.0,989.0,86133.0
350.0,985.0,86134.0
350.0,995.0,86135.0
524.0,983.0,86140.0
355.0,981.0,86142.0
73.0,984.0,86149.0
73.0,993.0,86150.0
452.0,988.0,86151.0
73.0,983.0,86153.0
355.0,981.0,86158.0
448.0,986.0,86161.0
355.0,981.0,86162.0
448.0,996.0,86162.0
448.0,988.0,86166.0
455.0,994.0,86167.0
450.0,997.0,86174.0
450.0,998.0,86174.0
448.0,986.0,86175.0
523.0,981.0,86177.0
517.0,987.0,86178.0
355.0,982.0,86179.0
355.0,983.0,86184.0
469.0,985.0,86200.0
469.0,985.0,86203.0
25.0,996.0,86206.0
469.0,986.0,86206.0
25.0,985.0,86211.0
25.0,986.0,86216.0
517.0,983.0,86218.0
25.0,985.0,86227.0
523.0,983.0,86240.0
445.0,997.0,86243.0
464.0,984.0,86249.0
464.0,993.0,86250.0
289.0,994.0,86251.0
453.0,988.0,86252.0
464.0,995.0,86257.0
316.0,983.0,86264.0
316.0,993.0,86265.0
453.0,983.0,86266.0
418.0,989.0,86277.0
488.0,997.0,86289.0
526.0,981.0,86289.0
488.0,998.0,86291.0
289.0,994.0,86291.0
418.0,989.0,86297.0
515.0,984.0,86299.0
515.0,993.0,86300.0
488.0,989.0,86301.0
418.0,983.0,86304.0
488.0,989.0,86305.0
418.0,984.0,86306.0
418.0,995.0,86314.0
289.0,994.0,86314.0
527.0,981.0,86318.0
268.0,988.0,86319.0
289.0,987.0,86322.0
268.0,983.0,86322.0
289.0,987.0,86324.0
447.0,981.0,86325.0
289.0,987.0,86326.0
447.0,999.0,86326.0
289.0,989.0,86328.0
447.0,997.0,86331.0
488.0,987.0,86333.0
527.0,983.0,86335.0
443.0,984.0,86338.0
488.0,987.0,86347.0
488.0,999.0,86352.0
0.0,988.0,86354.0
0.0,983.0,86356.0
453.0,987.0,86358.0
453.0,993.0,86359.0
488.0,987.0,86361.0
516.0,989.0,86361.0
516.0,993.0,86361.0
0.0,984.0,86362.0
0.0,993.0,86363.0
0.0,984.0,86371.0
0.0,995.0,86371.0
366.0,985.0,86375.0
0.0,1000.0,86375.0
366.0,995.0,86376.0
498.0,984.0,86378.0
0.0,981.0,86379.0
498.0,995.0,86379.0
0.0,985.0,86383.0
516.0,984.0,86385.0
239.0,987.0,86387.0
239.0,999.0,86388.0
0.0,985.0,86394.0
0.0,984.0,86397.0
516.0,995.0,86402.0
0.0,997.0,86403.0
0.0,995.0,86404.0
0.0,986.0,86409.0
0.0,999.0,86409.0
341.0,993.0,86410.0
214.0,988.0,86413.0
0.0,997.0,86415.0
214.0,987.0,86418.0
0.0,984.0,86426.0
528.0,981.0,86431.0
529.0,981.0,86440.0
530.0,981.0,86443.0
402.0,984.0,86443.0
402.0,993.0,86443.0
530.0,990.0,86447.0
214.0,983.0,86448.0
0.0,986.0,86450.0
529.0,983.0,86451.0
0.0,995.0,86451.0
530.0,982.0,86456.0
0.0,998.0,86459.0
530.0,982.0,86463.0
498.0,985.0,86464.0
498.0,995.0,86464.0
530.0,984.0,86471.0
530.0,987.0,86472.0
273.0,986.0,86474.0
273.0,998.0,86474.0
530.0,997.0,86475.0
530.0,986.0,86476.0
453.0,983.0,86477.0
530.0,987.0,86481.0
518.0,981.0,86483.0
528.0,990.0,86486.0
528.0,983.0,86491.0
530.0,997.0,86497.0
316.0,983.0,86498.0
316.0,993.0,86499.0
530.0,985.0,86502.0
530.0,987.0,86503.0
530.0,999.0,86503.0
530.0,983.0,86509.0
364.0,985.0,86514.0
364.0,995.0,86514.0
470.0,993.0,86515.0
470.0,988.0,86521.0
518.0,989.0,86528.0
518.0,993.0,86529.0
239.0,994.0,86531.0
531.0,981.0,86535.0
530.0,984.0,86541.0
530.0,993.0,86541.0
352.0,989.0,86543.0
352.0,999.0,86544.0
239.0,994.0,86547.0
505.0,993.0,86549.0
440.0,988.0,86552.0
239.0,994.0,86556.0
518.0,987.0,86556.0
352.0,987.0,86558.0
440.0,987.0,86558.0
530.0,985.0,86560.0
354.0,987.0,86561.0
530.0,995.0,86562.0
352.0,987.0,86562.0
532.0,981.0,86563.0
239.0,987.0,86564.0
440.0,997.0,86564.0
440.0,987.0,86567.0
239.0,994.0,86568.0
518.0,997.0,86570.0
518.0,987.0,86574.0
518.0,999.0,86575.0
532.0,982.0,86578.0
532.0,983.0,86585.0
316.0,984.0,86586.0
316.0,993.0,86586.0
489.0,984.0,86587.0
352.0,989.0,86587.0
530.0,986.0,86588.0
489.0,993.0,86588.0
530.0,996.0,86592.0
531.0,983.0,86592.0
532.0,987.0,86593.0
532.0,993.0,86593.0
316.0,989.0,86596.0
532.0,989.0,86599.0
530.0,986.0,86608.0
239.0,988.0,86617.0
369.0,986.0,86620.0
530.0,997.0,86628.0
530.0,998.0,86629.0
239.0,981.0,86634.0
362.0,996.0,86635.0
525.0,983.0,86642.0
519.0,983.0,86642.0
525.0,993.0,86643.0
518.0,987.0,86644.0
476.0,986.0,86654.0
476.0,996.0,86654.0
519.0,983.0,86656.0
519.0,993.0,86656.0
322.0,997.0,86662.0
402.0,985.0,86666.0
322.0,997.0,86666.0
402.0,995.0,86667.0
366.0,996.0,86681.0
533.0,981.0,86683.0
289.0,989.0,86692.0
520.0,986.0,86692.0
354.0,994.0,86693.0
534.0,981.0,86693.0
289.0,989.0,86696.0
289.0,981.0,86704.0
354.0,987.0,86704.0
520.0,986.0,86705.0
520.0,984.0,86710.0
289.0,982.0,86719.0
354.0,994.0,86719.0
60.0,988.0,86722.0
535.0,981.0,86723.0
354.0,989.0,86724.0
60.0,983.0,86728.0
534.0,983.0,86728.0
60.0,983.0,86730.0
533.0,990.0,86730.0
533.0,981.0,86736.0
440.0,981.0,86737.0
25.0,986.0,86738.0
99.0,988.0,86739.0
316.0,989.0,86741.0
352.0,989.0,86742.0
533.0,982.0,86743.0
316.0,989.0,86744.0
352.0,989.0,86744.0
316.0,989.0,86747.0
99.0,985.0,86748.0
536.0,981.0,86748.0
533.0,983.0,86749.0
352.0,989.0,86749.0
60.0,993.0,86752.0
352.0,989.0,86754.0
136.0,984.0,86759.0
136.0,993.0,86759.0
510.0,993.0,86763.0
536.0,982.0,86764.0
448.0,997.0,86774.0
448.0,998.0,86774.0
536.0,981.0,86774.0
536.0,982.0,86777.0
535.0,983.0,86777.0
448.0,988.0,86779.0
535.0,983.0,86781.0
448.0,997.0,86783.0
469.0,997.0,86796.0
469.0,998.0,86797.0
30.0,989.0,86797.0
469.0,997.0,86799.0
400.0,986.0,86813.0
400.0,996.0,86814.0
506.0,996.0,86815.0
402.0,985.0,86817.0
402.0,996.0,86817.0
524.0,989.0,86820.0
524.0,993.0,86821.0
136.0,988.0,86824.0
136.0,984.0,86832.0
536.0,990.0,86834.0
498.0,985.0,86835.0
498.0,996.0,86836.0
524.0,984.0,86846.0
377.0,986.0,86847.0
377.0,996.0,86847.0
497.0,984.0,86848.0
497.0,993.0,86849.0
537.0,981.0,86854.0
538.0,981.0,86854.0
511.0,988.0,86855.0
519.0,983.0,86857.0
519.0,993.0,86858.0
537.0,982.0,86861.0
497.0,995.0,86861.0
519.0,993.0,86862.0
511.0,984.0,86867.0
537.0,982.0,86869.0
537.0,987.0,86877.0
30.0,989.0,86878.0
538.0,982.0,86879.0
244.0,986.0,86880.0
30.0,987.0,86881.0
511.0,988.0,86881.0
538.0,981.0,86882.0
511.0,984.0,86883.0
537.0,983.0,86886.0
534.0,989.0,86886.0
534.0,993.0,86886.0
232.0,996.0,86898.0
519.0,988.0,86903.0
268.0,983.0,86903.0
268.0,993.0,86903.0
519.0,983.0,86908.0
443.0,985.0,86915.0
443.0,995.0,86917.0
470.0,987.0,86921.0
525.0,984.0,86928.0
323.0,988.0,86928.0
525.0,993.0,86930.0
534.0,983.0,86931.0
323.0,985.0,86933.0
520.0,985.0,86934.0
355.0,984.0,86937.0
470.0,984.0,86939.0
475.0,983.0,86942.0
475.0,995.0,86942.0
470.0,983.0,86942.0
470.0,995.0,86942.0
520.0,985.0,86942.0
505.0,984.0,86943.0
520.0,986.0,86944.0
470.0,984.0,86951.0
470.0,993.0,86952.0
232.0,987.0,86956.0
527.0,981.0,86958.0
232.0,986.0,86958.0
505.0,988.0,86959.0
534.0,993.0,86972.0
49.0,988.0,86997.0
49.0,987.0,87000.0
522.0,985.0,87009.0
505.0,988.0,87009.0
529.0,983.0,87009.0
505.0,984.0,87013.0
529.0,981.0,87013.0
529.0,993.0,87016.0
539.0,981.0,87025.0
30.0,994.0,87027.0
529.0,993.0,87042.0
105.0,984.0,87050.0
450.0,987.0,87050.0
450.0,999.0,87051.0
30.0,987.0,87060.0
540.0,981.0,87090.0
495.0,981.0,87099.0
495.0,993.0,87099.0
540.0,987.0,87101.0
505.0,984.0,87109.0
505.0,995.0,87109.0
443.0,985.0,87109.0
443.0,996.0,87109.0
525.0,983.0,87122.0
498.0,985.0,87129.0
498.0,996.0,87129.0
49.0,994.0,87131.0
445.0,987.0,87132.0
49.0,994.0,87134.0
450.0,994.0,87134.0
525.0,984.0,87147.0
214.0,984.0,87148.0
214.0,993.0,87150.0
525.0,984.0,87151.0
540.0,988.0,87153.0
273.0,997.0,87156.0
540.0,981.0,87157.0
517.0,988.0,87162.0
49.0,994.0,87163.0
540.0,982.0,87164.0
450.0,994.0,87166.0
540.0,983.0,87168.0
49.0,994.0,87169.0
160.0,981.0,87170.0
450.0,989.0,87173.0
49.0,994.0,87180.0
160.0,990.0,87181.0
160.0,981.0,87184.0
49.0,989.0,87185.0
450.0,988.0,87191.0
160.0,983.0,87196.0
517.0,983.0,87201.0
476.0,997.0,87202.0
476.0,998.0,87203.0
539.0,990.0,87208.0
533.0,993.0,87214.0
540.0,983.0,87215.0
540.0,993.0,87215.0
539.0,981.0,87219.0
520.0,985.0,87230.0
132.0,988.0,87242.0
539.0,982.0,87250.0
296.0,996.0,87252.0
132.0,984.0,87255.0
519.0,983.0,87260.0
541.0,981.0,87262.0
539.0,981.0,87265.0
539.0,982.0,87268.0
323.0,985.0,87272.0
323.0,996.0,87273.0
268.0,983.0,87274.0
268.0,993.0,87275.0
542.0,981.0,87277.0
136.0,985.0,87285.0
136.0,995.0,87285.0
443.0,985.0,87294.0
443.0,996.0,87295.0
539.0,987.0,87297.0
451.0,987.0,87299.0
451.0,999.0,87299.0
498.0,985.0,87305.0
498.0,996.0,87305.0
543.0,981.0,87306.0
539.0,983.0,87314.0
445.0,994.0,87314.0
316.0,984.0,87323.0
445.0,989.0,87326.0
543.0,983.0,87335.0
132.0,985.0,87339.0
132.0,995.0,87340.0
481.0,996.0,87343.0
292.0,983.0,87344.0
355.0,995.0,87346.0
247.0,989.0,87363.0
400.0,997.0,87372.0
400.0,998.0,87373.0
544.0,981.0,87378.0
544.0,982.0,87384.0
350.0,986.0,87404.0
350.0,996.0,87405.0
132.0,987.0,87407.0
132.0,996.0,87407.0
350.0,985.0,87412.0
525.0,995.0,87416.0
350.0,986.0,87416.0
350.0,996.0,87416.0
525.0,995.0,87417.0
352.0,989.0,87420.0
369.0,997.0,87421.0
545.0,981.0,87423.0
352.0,987.0,87423.0
244.0,997.0,87425.0
545.0,981.0,87431.0
542.0,990.0,87434.0
545.0,981.0,87436.0
448.0,987.0,87437.0
448.0,999.0,87437.0
221.0,984.0,87442.0
221.0,993.0,87443.0
470.0,985.0,87452.0
470.0,995.0,87453.0
377.0,997.0,87453.0
377.0,998.0,87454.0
451.0,994.0,87457.0
546.0,981.0,87462.0
539.0,983.0,87463.0
451.0,987.0,87469.0
546.0,983.0,87470.0
539.0,987.0,87474.0
451.0,994.0,87475.0
539.0,982.0,87476.0
535.0,984.0,87477.0
49.0,987.0,87478.0
535.0,993.0,87478.0
451.0,994.0,87479.0
539.0,981.0,87480.0
542.0,990.0,87480.0
535.0,984.0,87481.0
539.0,982.0,87483.0
498.0,986.0,87483.0
498.0,996.0,87484.0
542.0,981.0,87485.0
364.0,986.0,87485.0
364.0,996.0,87485.0
546.0,993.0,87487.0
351.0,987.0,87487.0
49.0,981.0,87490.0
191.0,985.0,87492.0
542.0,983.0,87496.0
351.0,989.0,87497.0
268.0,993.0,87500.0
505.0,984.0,87501.0
505.0,995.0,87502.0
542.0,983.0,87502.0
544.0,990.0,87502.0
351.0,989.0,87505.0
544.0,983.0,87509.0
545.0,983.0,87511.0
451.0,994.0,87515.0
232.0,987.0,87516.0
232.0,997.0,87518.0
451.0,994.0,87527.0
132.0,994.0,87538.0
451.0,987.0,87538.0
451.0,989.0,87539.0
132.0,994.0,87543.0
547.0,981.0,87543.0
232.0,987.0,87549.0
545.0,984.0,87558.0
545.0,993.0,87559.0
545.0,985.0,87563.0
545.0,995.0,87564.0
106.0,988.0,87567.0
106.0,987.0,87571.0
537.0,987.0,87571.0
537.0,993.0,87571.0
545.0,996.0,87575.0
498.0,986.0,87594.0
498.0,998.0,87595.0
296.0,986.0,87598.0
548.0,981.0,87601.0
498.0,989.0,87601.0
548.0,981.0,87614.0
538.0,990.0,87623.0
548.0,981.0,87625.0
538.0,981.0,87630.0
548.0,981.0,87631.0
548.0,983.0,87642.0
549.0,981.0,87682.0
266.0,993.0,87684.0
411.0,996.0,87697.0
550.0,981.0,87712.0
549.0,981.0,87718.0
469.0,987.0,87721.0
469.0,999.0,87722.0
549.0,981.0,87746.0
352.0,994.0,87748.0
231.0,987.0,87749.0
49.0,983.0,87752.0
505.0,985.0,87766.0
505.0,995.0,87766.0
549.0,982.0,87772.0
547.0,990.0,87775.0
132.0,994.0,87784.0
547.0,981.0,87790.0
443.0,988.0,87802.0
443.0,985.0,87805.0
288.0,984.0,87808.0
288.0,996.0,87808.0
160.0,984.0,87812.0
160.0,993.0,87813.0
551.0,983.0,87814.0
288.0,984.0,87815.0
288.0,995.0,87815.0
288.0,986.0,87825.0
160.0,983.0,87826.0
288.0,995.0,87826.0
160.0,983.0,87830.0
537.0,984.0,87840.0
541.0,982.0,87848.0
541.0,983.0,87860.0
160.0,983.0,87863.0
242.0,985.0,87864.0
160.0,984.0,87866.0
160.0,993.0,87870.0
537.0,995.0,87876.0
160.0,984.0,87885.0
132.0,981.0,87916.0
535.0,995.0,87919.0
292.0,984.0,87925.0
552.0,981.0,87926.0
552.0,982.0,87934.0
157.0,987.0,87936.0
552.0,982.0,87939.0
132.0,982.0,87940.0
552.0,983.0,87945.0
247.0,983.0,87947.0
132.0,982.0,87949.0
350.0,997.0,87986.0
350.0,998.0,87986.0
552.0,993.0,87987.0
370.0,983.0,88006.0
370.0,993.0,88007.0
368.0,984.0,88017.0
550.0,990.0,88023.0
515.0,985.0,88033.0
515.0,995.0,88034.0
498.0,997.0,88050.0
154.0,984.0,88050.0
498.0,998.0,88051.0
132.0,990.0,88062.0
550.0,990.0,88063.0
368.0,983.0,88064.0
132.0,982.0,88077.0
132.0,990.0,88083.0
323.0,986.0,88083.0
323.0,996.0,88083.0
132.0,990.0,88091.0
547.0,982.0,88097.0
547.0,983.0,88106.0
498.0,997.0,88119.0
498.0,999.0,88119.0
221.0,985.0,88121.0
221.0,995.0,88122.0
469.0,994.0,88131.0
323.0,986.0,88158.0
553.0,981.0,88159.0
323.0,998.0,88159.0
469.0,988.0,88171.0
160.0,995.0,88173.0
553.0,981.0,88178.0
157.0,994.0,88193.0
505.0,985.0,88211.0
157.0,994.0,88213.0
191.0,985.0,88219.0
552.0,988.0,88219.0
552.0,983.0,88222.0
513.0,984.0,88232.0
402.0,986.0,88233.0
191.0,988.0,88234.0
402.0,996.0,88234.0
191.0,985.0,88240.0
553.0,990.0,88240.0
513.0,995.0,88246.0
552.0,993.0,88249.0
469.0,988.0,88249.0
553.0,981.0,88251.0
469.0,981.0,88257.0
553.0,982.0,88261.0
553.0,983.0,88265.0
443.0,985.0,88265.0
443.0,996.0,88266.0
166.0,997.0,88268.0
554.0,981.0,88275.0
136.0,986.0,88277.0
136.0,996.0,88277.0
352.0,988.0,88278.0
352.0,987.0,88281.0
552.0,988.0,88285.0
469.0,990.0,88289.0
552.0,989.0,88291.0
469.0,987.0,88296.0
498.0,997.0,88296.0
498.0,999.0,88296.0
390.0,999.0,88296.0
552.0,989.0,88297.0
552.0,987.0,88299.0
369.0,987.0,88305.0
368.0,985.0,88308.0
240.0,986.0,88312.0
505.0,996.0,88316.0
231.0,994.0,88325.0
270.0,987.0,88339.0
552.0,987.0,88340.0
270.0,999.0,88340.0
352.0,994.0,88343.0
231.0,994.0,88348.0
461.0,990.0,88362.0
231.0,994.0,88362.0
555.0,981.0,88368.0
556.0,981.0,88372.0
461.0,983.0,88375.0
231.0,987.0,88377.0
469.0,988.0,88383.0
231.0,994.0,88385.0
556.0,982.0,88389.0
231.0,989.0,88393.0
556.0,987.0,88399.0
469.0,989.0,88402.0
231.0,989.0,88407.0
479.0,981.0,88410.0
479.0,993.0,88411.0
469.0,988.0,88411.0
556.0,983.0,88414.0
469.0,987.0,88430.0
479.0,982.0,88433.0
121.0,988.0,88435.0
221.0,985.0,88438.0
221.0,996.0,88440.0
555.0,982.0,88442.0
550.0,990.0,88444.0
556.0,993.0,88446.0
105.0,995.0,88447.0
479.0,990.0,88452.0
323.0,986.0,88456.0
323.0,998.0,88457.0
470.0,986.0,88460.0
470.0,996.0,88461.0
479.0,982.0,88463.0
557.0,981.0,88465.0
479.0,983.0,88466.0
369.0,994.0,88471.0
479.0,984.0,88472.0
479.0,993.0,88473.0
377.0,997.0,88473.0
377.0,999.0,88473.0
154.0,985.0,88485.0
270.0,994.0,88498.0
322.0,987.0,88504.0
369.0,994.0,88515.0
322.0,989.0,88518.0
121.0,986.0,88519.0
558.0,981.0,88525.0
369.0,994.0,88531.0
383.0,985.0,88532.0
369.0,989.0,88536.0
225.0,988.0,88547.0
548.0,984.0,88549.0
557.0,990.0,88549.0
225.0,983.0,88551.0
541.0,984.0,88553.0
541.0,993.0,88554.0
498.0,997.0,88554.0
498.0,999.0,88555.0
548.0,984.0,88557.0
370.0,983.0,88558.0
557.0,981.0,88560.0
558.0,990.0,88565.0
558.0,982.0,88571.0
557.0,982.0,88574.0
558.0,981.0,88580.0
558.0,982.0,88589.0
221.0,996.0,88589.0
221.0,985.0,88590.0
558.0,983.0,88596.0
231.0,989.0,88601.0
559.0,981.0,88609.0
383.0,989.0,88612.0
231.0,987.0,88613.0
383.0,996.0,88613.0
248.0,985.0,88617.0
221.0,996.0,88628.0
559.0,983.0,88631.0
383.0,989.0,88642.0
287.0,984.0,88649.0
128.0,984.0,88650.0
323.0,986.0,88652.0
323.0,998.0,88652.0
287.0,985.0,88653.0
287.0,995.0,88653.0
140.0,984.0,88657.0
322.0,989.0,88663.0
322.0,987.0,88668.0
287.0,987.0,88691.0
287.0,996.0,88691.0
370.0,993.0,88691.0
555.0,990.0,88694.0
287.0,989.0,88701.0
243.0,983.0,88713.0
287.0,989.0,88723.0
287.0,997.0,88727.0
323.0,997.0,88736.0
323.0,998.0,88736.0
560.0,981.0,88742.0
287.0,999.0,88743.0
560.0,981.0,88754.0
100.0,984.0,88761.0
560.0,981.0,88762.0
561.0,981.0,88764.0
402.0,997.0,88770.0
402.0,998.0,88770.0
555.0,990.0,88773.0
560.0,981.0,88774.0
352.0,988.0,88776.0
560.0,983.0,88781.0
555.0,981.0,88781.0
352.0,987.0,88786.0
388.0,997.0,88787.0
555.0,981.0,88787.0
388.0,998.0,88789.0
561.0,990.0,88795.0
555.0,982.0,88796.0
352.0,997.0,88799.0
287.0,988.0,88818.0
562.0,981.0,88821.0
555.0,983.0,88822.0
384.0,987.0,88823.0
384.0,996.0,88824.0
243.0,988.0,88827.0
498.0,997.0,88827.0
498.0,999.0,88827.0
562.0,983.0,88829.0
243.0,983.0,88831.0
557.0,983.0,88837.0
242.0,996.0,88839.0
557.0,984.0,88846.0
557.0,993.0,88846.0
287.0,981.0,88846.0
287.0,982.0,88848.0
563.0,981.0,88854.0
564.0,981.0,88860.0
564.0,982.0,88868.0
557.0,988.0,88872.0
563.0,983.0,88876.0
412.0,990.0,88883.0
565.0,981.0,88884.0
564.0,983.0,88884.0
565.0,981.0,88891.0
369.0,989.0,88901.0
189.0,986.0,88906.0
189.0,999.0,88907.0
498.0,997.0,88910.0
566.0,981.0,88911.0
498.0,999.0,88911.0
565.0,990.0,88915.0
541.0,984.0,88917.0
541.0,995.0,88918.0
136.0,997.0,88921.0
136.0,998.0,88922.0
565.0,983.0,88922.0
566.0,983.0,88922.0
547.0,984.0,88951.0
323.0,997.0,88951.0
323.0,999.0,88952.0
321.0,987.0,88955.0
321.0,995.0,88955.0
189.0,987.0,88961.0
189.0,998.0,88961.0
321.0,989.0,88974.0
567.0,988.0,88983.0
292.0,995.0,88985.0
292.0,985.0,88991.0
243.0,984.0,88994.0
470.0,997.0,88994.0
470.0,998.0,88995.0
292.0,988.0,89003.0
321.0,987.0,89004.0
366.0,986.0,89005.0
369.0,989.0,89006.0
498.0,987.0,89006.0
498.0,999.0,89007.0
292.0,985.0,89009.0
544.0,984.0,89011.0
544.0,993.0,89012.0
189.0,997.0,89013.0
548.0,989.0,89013.0
366.0,985.0,89015.0
561.0,990.0,89020.0
548.0,985.0,89021.0
260.0,983.0,89023.0
366.0,985.0,89026.0
368.0,986.0,89034.0
548.0,985.0,89034.0
567.0,981.0,89037.0
548.0,984.0,89038.0
567.0,983.0,89051.0
568.0,981.0,89057.0
567.0,989.0,89057.0
225.0,984.0,89057.0
225.0,988.0,89060.0
225.0,984.0,89062.0
461.0,984.0,89063.0
562.0,988.0,89063.0
461.0,993.0,89064.0
562.0,987.0,89067.0
569.0,981.0,89075.0
562.0,989.0,89077.0
562.0,983.0,89087.0
352.0,987.0,89090.0
352.0,999.0,89090.0
541.0,985.0,89095.0
541.0,995.0,89096.0
322.0,987.0,89109.0
548.0,985.0,89112.0
570.0,981.0,89114.0
366.0,986.0,89118.0
322.0,994.0,89118.0
366.0,996.0,89119.0
548.0,985.0,89120.0
571.0,981.0,89142.0
322.0,994.0,89145.0
571.0,981.0,89151.0
322.0,987.0,89160.0
350.0,987.0,89161.0
350.0,999.0,89162.0
322.0,994.0,89166.0
471.0,990.0,89168.0
322.0,989.0,89171.0
498.0,994.0,89176.0
572.0,981.0,89178.0
471.0,981.0,89179.0
572.0,990.0,89180.0
571.0,981.0,89182.0
498.0,994.0,89185.0
572.0,983.0,89187.0
498.0,994.0,89187.0
571.0,983.0,89188.0
471.0,982.0,89192.0
498.0,994.0,89192.0
573.0,981.0,89194.0
498.0,987.0,89196.0
515.0,986.0,89196.0
571.0,983.0,89196.0
515.0,996.0,89197.0
471.0,983.0,89200.0
498.0,987.0,89200.0
471.0,983.0,89203.0
498.0,989.0,89207.0
571.0,993.0,89207.0
573.0,982.0,89209.0
570.0,983.0,89210.0
573.0,989.0,89217.0
574.0,981.0,89225.0
166.0,987.0,89230.0
575.0,983.0,89234.0
569.0,982.0,89235.0
248.0,985.0,89236.0
288.0,998.0,89237.0
575.0,983.0,89242.0
573.0,989.0,89244.0
505.0,985.0,89244.0
100.0,985.0,89244.0
100.0,995.0,89245.0
402.0,987.0,89246.0
402.0,999.0,89247.0
573.0,989.0,89247.0
574.0,982.0,89247.0
574.0,981.0,89250.0
288.0,988.0,89255.0
288.0,997.0,89259.0
352.0,994.0,89260.0
352.0,989.0,89273.0
214.0,989.0,89275.0
214.0,995.0,89276.0
214.0,989.0,89293.0
563.0,983.0,89297.0
273.0,997.0,89303.0
273.0,999.0,89304.0
191.0,985.0,89329.0
189.0,987.0,89338.0
257.0,988.0,89338.0
189.0,999.0,89339.0
322.0,988.0,89339.0
576.0,981.0,89342.0
257.0,981.0,89344.0
577.0,981.0,89350.0
576.0,982.0,89352.0
574.0,982.0,89352.0
257.0,982.0,89352.0
574.0,981.0,89355.0
166.0,994.0,89356.0
576.0,982.0,89360.0
166.0,994.0,89362.0
377.0,987.0,89365.0
377.0,999.0,89366.0
578.0,981.0,89367.0
569.0,990.0,89370.0
559.0,981.0,89372.0
559.0,993.0,89373.0
166.0,994.0,89376.0
569.0,983.0,89377.0
559.0,982.0,89378.0
166.0,994.0,89380.0
578.0,990.0,89384.0
559.0,984.0,89387.0
166.0,987.0,89389.0
578.0,983.0,89390.0
569.0,982.0,89393.0
569.0,993.0,89393.0
166.0,989.0,89395.0
569.0,983.0,89402.0
577.0,983.0,89406.0
579.0,981.0,89408.0
402.0,994.0,89415.0
558.0,984.0,89416.0
558.0,993.0,89418.0
402.0,994.0,89424.0
579.0,982.0,89426.0
577.0,993.0,89429.0
572.0,988.0,89432.0
402.0,994.0,89433.0
572.0,983.0,89438.0
402.0,994.0,89440.0
572.0,983.0,89441.0
514.0,983.0,89447.0
568.0,990.0,89449.0
402.0,989.0,89450.0
140.0,985.0,89451.0
547.0,985.0,89456.0
220.0,988.0,89457.0
377.0,994.0,89457.0
402.0,989.0,89463.0
568.0,983.0,89472.0
507.0,993.0,89474.0
220.0,984.0,89478.0
243.0,985.0,89479.0
377.0,994.0,89482.0
580.0,981.0,89486.0
514.0,993.0,89488.0
558.0,987.0,89496.0
558.0,995.0,89496.0
580.0,983.0,89501.0
581.0,981.0,89502.0
377.0,994.0,89503.0
461.0,985.0,89505.0
461.0,995.0,89505.0
580.0,989.0,89509.0
189.0,994.0,89512.0
581.0,981.0,89522.0
580.0,989.0,89525.0
579.0,990.0,89526.0
189.0,989.0,89528.0
122.0,993.0,89528.0
582.0,981.0,89528.0
580.0,989.0,89530.0
581.0,981.0,89533.0
578.0,984.0,89533.0
581.0,981.0,89534.0
578.0,993.0,89534.0
580.0,989.0,89535.0
581.0,981.0,89536.0
579.0,982.0,89539.0
581.0,982.0,89541.0
578.0,987.0,89543.0
578.0,995.0,89543.0
244.0,987.0,89543.0
580.0,989.0,89546.0
579.0,981.0,89548.0
580.0,989.0,89550.0
581.0,983.0,89551.0
579.0,981.0,89554.0
443.0,986.0,89560.0
443.0,996.0,89561.0
580.0,987.0,89562.0
577.0,988.0,89565.0
579.0,981.0,89566.0
350.0,997.0,89567.0
563.0,989.0,89573.0
236.0,988.0,89579.0
579.0,982.0,89581.0
583.0,981.0,89583.0
77.0,993.0,89593.0
579.0,983.0,89594.0
236.0,984.0,89601.0
563.0,983.0,89603.0
583.0,983.0,89603.0
350.0,987.0,89613.0
350.0,999.0,89614.0
584.0,981.0,89616.0
479.0,987.0,89629.0
479.0,995.0,89629.0
583.0,993.0,89630.0
563.0,993.0,89634.0
582.0,990.0,89635.0
580.0,983.0,89636.0
570.0,983.0,89637.0
580.0,993.0,89642.0
512.0,990.0,89646.0
512.0,983.0,89653.0
585.0,981.0,89666.0
302.0,984.0,89678.0
302.0,993.0,89678.0
585.0,981.0,89685.0
350.0,994.0,89690.0
479.0,984.0,89692.0
479.0,985.0,89697.0
350.0,994.0,89697.0
479.0,995.0,89698.0
479.0,984.0,89704.0
479.0,996.0,89705.0
519.0,993.0,89706.0
584.0,990.0,89709.0
479.0,985.0,89710.0
479.0,995.0,89711.0
586.0,981.0,89713.0
350.0,994.0,89721.0
586.0,982.0,89729.0
479.0,996.0,89733.0
580.0,988.0,89734.0
548.0,996.0,89735.0
586.0,983.0,89736.0
587.0,981.0,89742.0
350.0,989.0,89743.0
588.0,981.0,89747.0
578.0,983.0,89754.0
587.0,982.0,89757.0
302.0,984.0,89758.0
578.0,993.0,89759.0
302.0,995.0,89759.0
584.0,990.0,89759.0
443.0,986.0,89759.0
443.0,998.0,89759.0
587.0,983.0,89762.0
589.0,981.0,89765.0
350.0,987.0,89774.0
244.0,994.0,89792.0
588.0,983.0,89799.0
189.0,989.0,89799.0
350.0,988.0,89801.0
260.0,984.0,89803.0
260.0,993.0,89803.0
260.0,984.0,89805.0
189.0,989.0,89806.0
260.0,984.0,89806.0
136.0,987.0,89812.0
136.0,999.0,89813.0
244.0,994.0,89815.0
448.0,994.0,89822.0
559.0,985.0,89828.0
559.0,995.0,89829.0
364.0,997.0,89831.0
364.0,998.0,89832.0
448.0,994.0,89834.0
512.0,993.0,89835.0
585.0,990.0,89839.0
448.0,994.0,89839.0
225.0,985.0,89851.0
585.0,981.0,89855.0
366.0,997.0,89856.0
366.0,998.0,89857.0
573.0,988.0,89861.0
590.0,981.0,89861.0
573.0,989.0,89868.0
448.0,989.0,89880.0
154.0,986.0,89896.0
244.0,989.0,89909.0
591.0,981.0,89912.0
203.0,990.0,89912.0
591.0,981.0,89926.0
589.0,982.0,89929.0
591.0,982.0,89929.0
592.0,981.0,89930.0
576.0,990.0,89936.0
591.0,983.0,89943.0
591.0,987.0,89947.0
591.0,993.0,89947.0
323.0,987.0,89947.0
323.0,999.0,89947.0
592.0,982.0,89948.0
590.0,990.0,89948.0
571.0,988.0,89950.0
571.0,984.0,89953.0
592.0,983.0,89954.0
505.0,996.0,89955.0
591.0,989.0,89957.0
571.0,993.0,89958.0
590.0,983.0,89958.0
570.0,984.0,89961.0
573.0,988.0,89961.0
210.0,987.0,89966.0
388.0,987.0,89973.0
388.0,999.0,89974.0
593.0,981.0,89980.0
591.0,989.0,89987.0
594.0,981.0,89989.0
584.0,989.0,89991.0
584.0,987.0,90006.0
594.0,990.0,90009.0
253.0,988.0,90013.0
595.0,981.0,90022.0
596.0,981.0,90024.0
253.0,987.0,90027.0
596.0,981.0,90037.0
596.0,982.0,90038.0
595.0,981.0,90051.0
594.0,990.0,90057.0
236.0,985.0,90058.0
595.0,983.0,90063.0
136.0,994.0,90064.0
593.0,983.0,90075.0
585.0,990.0,90076.0
568.0,988.0,90083.0
253.0,984.0,90083.0
568.0,983.0,90088.0
253.0,987.0,90088.0
594.0,984.0,90089.0
594.0,983.0,90091.0
65.0,985.0,90096.0
585.0,981.0,90097.0
65.0,995.0,90097.0
388.0,994.0,90098.0
596.0,990.0,90100.0
585.0,981.0,90106.0
587.0,984.0,90107.0
559.0,986.0,90107.0
559.0,996.0,90108.0
136.0,989.0,90111.0
65.0,988.0,90112.0
559.0,984.0,90115.0
559.0,998.0,90115.0
559.0,995.0,90120.0
388.0,994.0,90122.0
585.0,983.0,90127.0
541.0,986.0,90128.0
541.0,996.0,90129.0
388.0,989.0,90132.0
569.0,984.0,90133.0
569.0,993.0,90134.0
596.0,990.0,90137.0
597.0,981.0,90141.0
597.0,990.0,90146.0
596.0,983.0,90147.0
191.0,985.0,90149.0
598.0,981.0,90149.0
597.0,982.0,90154.0
596.0,993.0,90155.0
597.0,981.0,90158.0
598.0,983.0,90161.0
555.0,984.0,90161.0
597.0,987.0,90168.0
136.0,988.0,90174.0
575.0,988.0,90205.0
400.0,987.0,90207.0
400.0,999.0,90207.0
210.0,994.0,90209.0
350.0,989.0,90209.0
302.0,985.0,90214.0
302.0,995.0,90214.0
575.0,983.0,90215.0
209.0,988.0,90218.0
575.0,983.0,90222.0
209.0,981.0,90225.0
599.0,981.0,90227.0
597.0,989.0,90231.0
100.0,987.0,90235.0
210.0,994.0,90236.0
100.0,996.0,90236.0
260.0,985.0,90239.0
260.0,995.0,90239.0
597.0,989.0,90240.0
210.0,994.0,90245.0
597.0,983.0,90248.0
599.0,984.0,90249.0
100.0,987.0,90258.0
210.0,987.0,90261.0
573.0,981.0,90262.0
210.0,987.0,90269.0
600.0,981.0,90270.0
573.0,984.0,90277.0
575.0,989.0,90279.0
210.0,989.0,90280.0
600.0,983.0,90280.0
575.0,993.0,90280.0
573.0,983.0,90283.0
573.0,995.0,90283.0
292.0,996.0,90288.0
597.0,993.0,90290.0
470.0,987.0,90292.0
470.0,999.0,90293.0
209.0,982.0,90302.0
575.0,989.0,90304.0
575.0,983.0,90306.0
203.0,987.0,90307.0
209.0,982.0,90312.0
575.0,983.0,90315.0
209.0,981.0,90319.0
209.0,982.0,90323.0
100.0,989.0,90323.0
590.0,987.0,90325.0
244.0,989.0,90333.0
323.0,988.0,90334.0
601.0,981.0,90335.0
590.0,989.0,90342.0
470.0,989.0,90346.0
574.0,990.0,90354.0
602.0,987.0,90355.0
220.0,988.0,90357.0
574.0,981.0,90361.0
220.0,984.0,90361.0
574.0,982.0,90364.0
470.0,989.0,90365.0
210.0,989.0,90369.0
574.0,983.0,90370.0
602.0,981.0,90370.0
589.0,982.0,90372.0
210.0,989.0,90373.0
470.0,981.0,90373.0
210.0,989.0,90374.0
602.0,987.0,90376.0
210.0,989.0,90377.0
602.0,994.0,90381.0
210.0,989.0,90382.0
589.0,982.0,90390.0
210.0,988.0,90393.0
589.0,981.0,90399.0
570.0,985.0,90399.0
220.0,995.0,90405.0
599.0,989.0,90410.0
599.0,995.0,90411.0
571.0,995.0,90416.0
388.0,981.0,90426.0
551.0,993.0,90427.0
599.0,985.0,90430.0
564.0,984.0,90432.0
564.0,993.0,90432.0
323.0,988.0,90433.0
599.0,984.0,90434.0
599.0,996.0,90434.0
154.0,997.0,90441.0
443.0,997.0,90478.0
443.0,998.0,90479.0
461.0,986.0,90485.0
461.0,996.0,90485.0
575.0,988.0,90487.0
575.0,983.0,90495.0
183.0,988.0,90537.0
183.0,983.0,90542.0
587.0,985.0,90547.0
99.0,988.0,90567.0
99.0,985.0,90570.0
569.0,985.0,90575.0
470.0,990.0,90575.0
569.0,995.0,90576.0
603.0,981.0,90578.0
470.0,982.0,90586.0
603.0,981.0,90586.0
470.0,981.0,90590.0
603.0,981.0,90594.0
99.0,988.0,90598.0
603.0,981.0,90599.0
99.0,985.0,90604.0
586.0,984.0,90607.0
586.0,993.0,90608.0
586.0,984.0,90610.0
302.0,987.0,90634.0
302.0,996.0,90634.0
555.0,995.0,90635.0
140.0,986.0,90637.0
566.0,984.0,90646.0
508.0,985.0,90649.0
508.0,995.0,90650.0
601.0,990.0,90655.0
488.0,994.0,90659.0
601.0,983.0,90667.0
488.0,994.0,90668.0
603.0,983.0,90671.0
601.0,981.0,90675.0
601.0,993.0,90676.0
488.0,994.0,90677.0
601.0,983.0,90682.0
572.0,984.0,90686.0
572.0,993.0,90687.0
488.0,987.0,90687.0
572.0,984.0,90690.0
488.0,987.0,90692.0
273.0,987.0,90693.0
273.0,999.0,90693.0
488.0,994.0,90697.0
541.0,997.0,90704.0
541.0,998.0,90704.0
488.0,982.0,90705.0
288.0,987.0,90730.0
288.0,999.0,90731.0
604.0,981.0,90734.0
203.0,988.0,90744.0
203.0,987.0,90748.0
604.0,981.0,90755.0
589.0,982.0,90769.0
568.0,984.0,90772.0
203.0,994.0,90774.0
589.0,987.0,90778.0
203.0,994.0,90779.0
568.0,988.0,90781.0
203.0,989.0,90783.0
568.0,984.0,90784.0
604.0,981.0,90813.0
331.0,984.0,90818.0
365.0,983.0,90820.0
365.0,993.0,90821.0
604.0,987.0,90828.0
581.0,984.0,90830.0
585.0,984.0,90834.0
554.0,982.0,90841.0
203.0,987.0,90848.0
432.0,993.0,90850.0
554.0,982.0,90857.0
554.0,983.0,90876.0
554.0,993.0,90881.0
253.0,994.0,90886.0
562.0,983.0,90896.0
562.0,982.0,90917.0
562.0,993.0,90917.0
605.0,981.0,90919.0
562.0,981.0,90921.0
75.0,988.0,90923.0
606.0,981.0,90934.0
270.0,994.0,90937.0
607.0,981.0,90942.0
608.0,981.0,90945.0
270.0,994.0,90946.0
599.0,985.0,90951.0
599.0,995.0,90952.0
605.0,986.0,90956.0
605.0,986.0,90960.0
270.0,994.0,90962.0
605.0,983.0,90964.0
608.0,983.0,90965.0
605.0,983.0,90967.0
589.0,994.0,90981.0
75.0,997.0,90994.0
288.0,994.0,90996.0
607.0,981.0,91000.0
75.0,987.0,91001.0
607.0,981.0,91001.0
589.0,994.0,91002.0
75.0,983.0,91008.0
609.0,981.0,91009.0
75.0,993.0,91017.0
609.0,981.0,91035.0
607.0,990.0,91038.0
589.0,987.0,91039.0
248.0,985.0,91044.0
604.0,988.0,91048.0
609.0,981.0,91049.0
589.0,994.0,91054.0
604.0,983.0,91055.0
589.0,994.0,91055.0
607.0,983.0,91055.0
589.0,994.0,91058.0
288.0,994.0,91065.0
589.0,994.0,91071.0
461.0,997.0,91071.0
461.0,998.0,91072.0
589.0,994.0,91076.0
476.0,981.0,91076.0
476.0,999.0,91076.0
288.0,994.0,91082.0
589.0,989.0,91085.0
288.0,994.0,91087.0
609.0,981.0,91087.0
589.0,989.0,91088.0
476.0,987.0,91089.0
609.0,981.0,91089.0
288.0,989.0,91107.0
273.0,994.0,91127.0
209.0,990.0,91128.0
610.0,981.0,91134.0
273.0,994.0,91135.0
589.0,987.0,91137.0
611.0,981.0,91139.0
612.0,981.0,91143.0
273.0,994.0,91145.0
609.0,983.0,91145.0
611.0,983.0,91151.0
609.0,983.0,91151.0
273.0,994.0,91152.0
610.0,983.0,91157.0
612.0,981.0,91158.0
364.0,987.0,91159.0
364.0,999.0,91159.0
612.0,981.0,91161.0
610.0,981.0,91163.0
612.0,981.0,91166.0
273.0,994.0,91167.0
610.0,983.0,91170.0
572.0,985.0,91180.0
572.0,995.0,91181.0
572.0,985.0,91182.0
575.0,984.0,91193.0
575.0,993.0,91194.0
575.0,984.0,91198.0
140.0,997.0,91198.0
607.0,993.0,91200.0
248.0,985.0,91204.0
255.0,988.0,91210.0
606.0,981.0,91216.0
209.0,983.0,91218.0
255.0,982.0,91218.0
568.0,985.0,91219.0
573.0,993.0,91222.0
255.0,983.0,91222.0
568.0,988.0,91224.0
568.0,985.0,91226.0
573.0,988.0,91227.0
592.0,988.0,91231.0
573.0,983.0,91234.0
255.0,988.0,91235.0
592.0,984.0,91236.0
255.0,987.0,91239.0
573.0,984.0,91240.0
573.0,993.0,91240.0
613.0,981.0,91249.0
582.0,990.0,91258.0
613.0,982.0,91259.0
582.0,983.0,91266.0
331.0,985.0,91286.0
585.0,985.0,91287.0
331.0,995.0,91287.0
614.0,981.0,91289.0
606.0,984.0,91300.0
476.0,994.0,91315.0
260.0,986.0,91321.0
260.0,996.0,91321.0
476.0,994.0,91330.0
505.0,989.0,91349.0
606.0,995.0,91350.0
154.0,987.0,91351.0
476.0,989.0,91358.0
344.0,983.0,91360.0
344.0,993.0,91360.0
185.0,985.0,91369.0
185.0,995.0,91369.0
570.0,986.0,91373.0
603.0,984.0,91383.0
603.0,993.0,91384.0
615.0,981.0,91385.0
505.0,989.0,91385.0
309.0,990.0,91386.0
615.0,982.0,91394.0
309.0,983.0,91397.0
615.0,981.0,91398.0
410.0,985.0,91399.0
615.0,983.0,91403.0
612.0,981.0,91408.0
225.0,986.0,91411.0
505.0,986.0,91419.0
615.0,993.0,91427.0
183.0,984.0,91441.0
309.0,987.0,91441.0
309.0,993.0,91441.0
183.0,993.0,91442.0
504.0,988.0,91458.0
504.0,983.0,91462.0
315.0,988.0,91476.0
486.0,993.0,91476.0
191.0,985.0,91497.0
273.0,988.0,91501.0
315.0,983.0,91502.0
616.0,983.0,91504.0
547.0,986.0,91505.0
273.0,987.0,91506.0
248.0,985.0,91520.0
554.0,988.0,91520.0
560.0,989.0,91521.0
560.0,993.0,91522.0
476.0,989.0,91524.0
613.0,990.0,91526.0
554.0,983.0,91529.0
613.0,983.0,91536.0
589.0,988.0,91544.0
505.0,986.0,91553.0
505.0,998.0,91553.0
541.0,987.0,91555.0
541.0,999.0,91556.0
560.0,989.0,91567.0
560.0,983.0,91569.0
617.0,983.0,91581.0
618.0,981.0,91584.0
589.0,982.0,91586.0
366.0,999.0,91587.0
618.0,983.0,91592.0
292.0,986.0,91604.0
619.0,981.0,91618.0
617.0,989.0,91629.0
247.0,987.0,91633.0
620.0,981.0,91637.0
619.0,981.0,91639.0
564.0,985.0,91649.0
564.0,995.0,91649.0
619.0,981.0,91650.0
620.0,981.0,91653.0
619.0,990.0,91658.0
619.0,982.0,91667.0
569.0,986.0,91677.0
569.0,996.0,91677.0
575.0,985.0,91678.0
575.0,995.0,91678.0
592.0,985.0,91678.0
621.0,981.0,91679.0
619.0,983.0,91679.0
575.0,985.0,91681.0
605.0,983.0,91682.0
605.0,984.0,91682.0
605.0,993.0,91683.0
605.0,984.0,91685.0
592.0,984.0,91686.0
592.0,986.0,91690.0
621.0,983.0,91702.0
601.0,981.0,91713.0
601.0,993.0,91714.0
601.0,982.0,91720.0
601.0,981.0,91725.0
621.0,993.0,91758.0
541.0,994.0,91768.0
365.0,984.0,91768.0
365.0,993.0,91768.0
609.0,983.0,91770.0
581.0,985.0,91775.0
609.0,983.0,91779.0
617.0,983.0,91781.0
618.0,983.0,91787.0
618.0,993.0,91787.0
618.0,989.0,91799.0
410.0,986.0,91810.0
410.0,996.0,91811.0
573.0,985.0,91816.0
573.0,995.0,91816.0
618.0,989.0,91818.0
622.0,981.0,91827.0
618.0,988.0,91831.0
560.0,984.0,91832.0
560.0,993.0,91832.0
253.0,989.0,91834.0
184.0,987.0,91843.0
368.0,987.0,91845.0
618.0,989.0,91846.0
618.0,987.0,91854.0
260.0,997.0,91866.0
260.0,998.0,91866.0
621.0,988.0,91866.0
621.0,984.0,91871.0
621.0,989.0,91885.0
622.0,982.0,91903.0
367.0,988.0,91908.0
623.0,981.0,91908.0
367.0,996.0,91909.0
344.0,984.0,91910.0
344.0,993.0,91911.0
367.0,985.0,91912.0
622.0,983.0,91913.0
623.0,982.0,91920.0
603.0,985.0,91921.0
603.0,995.0,91921.0
570.0,997.0,91927.0
623.0,983.0,91935.0
599.0,986.0,91935.0
599.0,996.0,91936.0
183.0,985.0,91937.0
599.0,986.0,91937.0
183.0,995.0,91938.0
623.0,984.0,91941.0
623.0,985.0,91947.0
623.0,995.0,91948.0
77.0,983.0,91951.0
77.0,993.0,91951.0
599.0,986.0,91955.0
623.0,986.0,91959.0
623.0,996.0,91960.0
623.0,997.0,91967.0
623.0,998.0,91967.0
624.0,981.0,91971.0
623.0,987.0,91976.0
623.0,999.0,91977.0
624.0,981.0,91979.0
623.0,989.0,91986.0
582.0,984.0,91987.0
582.0,993.0,91988.0
624.0,984.0,91990.0
624.0,983.0,91994.0
582.0,988.0,91995.0
624.0,983.0,91997.0
582.0,985.0,91998.0
624.0,988.0,92001.0
623.0,989.0,92003.0
624.0,981.0,92007.0
244.0,983.0,92010.0
624.0,982.0,92011.0
244.0,989.0,92016.0
624.0,983.0,92017.0
603.0,985.0,92024.0
603.0,996.0,92024.0
73.0,984.0,92027.0
623.0,981.0,92028.0
73.0,993.0,92030.0
625.0,997.0,92038.0
73.0,983.0,92040.0
618.0,994.0,92048.0
443.0,999.0,92051.0
547.0,997.0,92055.0
505.0,986.0,92058.0
505.0,998.0,92059.0
582.0,984.0,92070.0
582.0,996.0,92071.0
626.0,981.0,92073.0
627.0,981.0,92079.0
541.0,994.0,92089.0
603.0,985.0,92090.0
603.0,996.0,92090.0
541.0,989.0,92098.0
601.0,984.0,92102.0
627.0,983.0,92104.0
625.0,997.0,92109.0
627.0,984.0,92110.0
255.0,988.0,92114.0
626.0,990.0,92115.0
31.0,988.0,92117.0
625.0,999.0,92118.0
618.0,994.0,92124.0
541.0,989.0,92130.0
255.0,984.0,92130.0
627.0,985.0,92133.0
586.0,985.0,92135.0
586.0,995.0,92136.0
541.0,989.0,92136.0
586.0,985.0,92138.0
541.0,989.0,92138.0
255.0,989.0,92139.0
540.0,983.0,92142.0
540.0,988.0,92144.0
626.0,981.0,92149.0
618.0,994.0,92150.0
626.0,981.0,92155.0
255.0,987.0,92161.0
625.0,997.0,92165.0
625.0,999.0,92165.0
626.0,981.0,92166.0
443.0,987.0,92171.0
443.0,989.0,92182.0
540.0,981.0,92182.0
618.0,994.0,92185.0
618.0,987.0,92189.0
443.0,989.0,92193.0
628.0,981.0,92197.0
443.0,989.0,92197.0
628.0,981.0,92200.0
618.0,983.0,92203.0
628.0,983.0,92207.0
603.0,996.0,92207.0
618.0,984.0,92216.0
618.0,993.0,92216.0
626.0,990.0,92221.0
585.0,986.0,92233.0
367.0,988.0,92244.0
367.0,996.0,92245.0
367.0,986.0,92247.0
347.0,984.0,92269.0
540.0,982.0,92272.0
461.0,987.0,92295.0
560.0,985.0,92295.0
560.0,995.0,92295.0
461.0,999.0,92296.0
541.0,988.0,92304.0
572.0,986.0,92310.0
572.0,996.0,92310.0
572.0,986.0,92313.0
629.0,981.0,92335.0
622.0,993.0,92337.0
523.0,984.0,92344.0
523.0,993.0,92344.0
629.0,981.0,92346.0
629.0,982.0,92356.0
629.0,981.0,92361.0
630.0,981.0,92362.0
253.0,987.0,92364.0
629.0,981.0,92367.0
630.0,983.0,92371.0
255.0,994.0,92376.0
276.0,988.0,92379.0
572.0,986.0,92382.0
276.0,983.0,92382.0
572.0,998.0,92383.0
248.0,985.0,92383.0
572.0,986.0,92385.0
568.0,986.0,92396.0
470.0,990.0,92397.0
568.0,988.0,92400.0
568.0,986.0,92402.0
470.0,987.0,92404.0
604.0,984.0,92405.0
569.0,997.0,92408.0
365.0,985.0,92408.0
569.0,998.0,92409.0
365.0,995.0,92409.0
631.0,981.0,92414.0
632.0,981.0,92415.0
632.0,982.0,92419.0
331.0,985.0,92420.0
331.0,996.0,92421.0
631.0,983.0,92425.0
633.0,983.0,92438.0
592.0,987.0,92439.0
633.0,988.0,92450.0
410.0,997.0,92451.0
410.0,998.0,92452.0
184.0,988.0,92452.0
253.0,994.0,92461.0
633.0,983.0,92461.0
634.0,981.0,92466.0
461.0,994.0,92475.0
629.0,990.0,92475.0
634.0,981.0,92477.0
629.0,981.0,92482.0
635.0,981.0,92494.0
629.0,983.0,92494.0
635.0,982.0,92504.0
599.0,997.0,92510.0
599.0,998.0,92511.0
599.0,997.0,92512.0
582.0,995.0,92512.0
635.0,989.0,92515.0
599.0,997.0,92519.0
632.0,990.0,92524.0
253.0,988.0,92524.0
253.0,989.0,92529.0
632.0,982.0,92531.0
461.0,994.0,92532.0
632.0,983.0,92538.0
253.0,987.0,92540.0
49.0,984.0,92541.0
49.0,993.0,92542.0
461.0,994.0,92542.0
632.0,987.0,92546.0
632.0,983.0,92552.0
331.0,996.0,92554.0
461.0,989.0,92573.0
225.0,997.0,92578.0
225.0,988.0,92581.0
231.0,988.0,92581.0
225.0,997.0,92585.0
635.0,983.0,92594.0
636.0,983.0,92597.0
566.0,995.0,92599.0
635.0,984.0,92600.0
635.0,993.0,92601.0
231.0,989.0,92606.0
635.0,983.0,92607.0
635.0,995.0,92607.0
636.0,989.0,92618.0
231.0,988.0,92618.0
636.0,993.0,92619.0
128.0,995.0,92624.0
231.0,983.0,92627.0
636.0,987.0,92635.0
637.0,981.0,92635.0
231.0,982.0,92636.0
231.0,993.0,92637.0
231.0,981.0,92640.0
276.0,984.0,92650.0
224.0,986.0,92654.0
276.0,993.0,92654.0
575.0,986.0,92656.0
575.0,996.0,92657.0
255.0,985.0,92658.0
633.0,983.0,92658.0
610.0,984.0,92659.0
575.0,986.0,92660.0
610.0,983.0,92663.0
568.0,986.0,92664.0
637.0,981.0,92665.0
393.0,984.0,92665.0
393.0,993.0,92666.0
610.0,984.0,92667.0
637.0,981.0,92668.0
443.0,987.0,92680.0
592.0,994.0,92680.0
637.0,981.0,92685.0
637.0,983.0,92697.0
347.0,985.0,92706.0
592.0,994.0,92713.0
393.0,984.0,92716.0
393.0,995.0,92716.0
622.0,984.0,92717.0
540.0,990.0,92723.0
627.0,988.0,92730.0
540.0,983.0,92743.0
600.0,984.0,92745.0
600.0,993.0,92746.0
470.0,994.0,92746.0
627.0,987.0,92753.0
592.0,994.0,92755.0
540.0,993.0,92756.0
592.0,994.0,92756.0
627.0,983.0,92763.0
470.0,994.0,92765.0
638.0,981.0,92769.0
470.0,994.0,92771.0
638.0,983.0,92787.0
470.0,987.0,92788.0
470.0,984.0,92789.0
470.0,987.0,92793.0
367.0,988.0,92796.0
367.0,998.0,92797.0
367.0,997.0,92799.0
639.0,981.0,92800.0
562.0,984.0,92807.0
260.0,987.0,92808.0
260.0,999.0,92809.0
470.0,987.0,92809.0
470.0,989.0,92811.0
232.0,986.0,92811.0
592.0,989.0,92815.0
626.0,990.0,92820.0
255.0,994.0,92824.0
626.0,981.0,92830.0
640.0,981.0,92834.0
232.0,987.0,92834.0
641.0,981.0,92837.0
554.0,984.0,92842.0
554.0,993.0,92842.0
604.0,985.0,92844.0
65.0,996.0,92846.0
626.0,983.0,92848.0
600.0,989.0,92859.0
581.0,986.0,92860.0
627.0,983.0,92860.0
627.0,993.0,92861.0
600.0,989.0,92874.0
65.0,986.0,92886.0
290.0,988.0,92889.0
290.0,983.0,92897.0
642.0,981.0,92898.0
461.0,989.0,92920.0
180.0,988.0,92921.0
461.0,987.0,92925.0
642.0,990.0,92925.0
643.0,981.0,92928.0
388.0,981.0,92929.0
643.0,981.0,92934.0
260.0,994.0,92935.0
609.0,984.0,92935.0
642.0,981.0,92935.0
609.0,993.0,92936.0
572.0,997.0,92939.0
642.0,982.0,92939.0
572.0,998.0,92940.0
609.0,984.0,92940.0
572.0,997.0,92942.0
260.0,994.0,92942.0
643.0,983.0,92942.0
260.0,994.0,92943.0
461.0,983.0,92944.0
642.0,983.0,92947.0
644.0,981.0,92948.0
368.0,986.0,92950.0
461.0,984.0,92950.0
461.0,993.0,92950.0
260.0,989.0,92954.0
640.0,990.0,92954.0
640.0,981.0,92958.0
255.0,994.0,92961.0
640.0,981.0,92961.0
644.0,983.0,92961.0
260.0,989.0,92965.0
23.0,990.0,92974.0
640.0,983.0,92975.0
23.0,986.0,92978.0
23.0,985.0,92981.0
23.0,986.0,92990.0
23.0,996.0,92991.0
570.0,987.0,93017.0
504.0,983.0,93019.0
183.0,996.0,93023.0
388.0,981.0,93025.0
617.0,984.0,93032.0
191.0,986.0,93049.0
617.0,989.0,93053.0
504.0,983.0,93076.0
645.0,981.0,93077.0
646.0,981.0,93078.0
547.0,987.0,93080.0
639.0,981.0,93086.0
645.0,982.0,93086.0
646.0,982.0,93087.0
646.0,981.0,93093.0
647.0,981.0,93095.0
504.0,983.0,93098.0
646.0,987.0,93099.0
647.0,987.0,93100.0
49.0,985.0,93104.0
49.0,995.0,93105.0
504.0,983.0,93107.0
646.0,983.0,93119.0
504.0,983.0,93122.0
504.0,983.0,93139.0
232.0,994.0,93140.0
505.0,997.0,93141.0
505.0,998.0,93141.0
232.0,994.0,93142.0
570.0,994.0,93143.0
232.0,994.0,93150.0
630.0,984.0,93153.0
630.0,993.0,93154.0
570.0,987.0,93156.0
504.0,983.0,93158.0
648.0,981.0,93158.0
504.0,983.0,93159.0
570.0,989.0,93161.0
639.0,990.0,93163.0
645.0,983.0,93164.0
639.0,981.0,93170.0
644.0,983.0,93170.0
232.0,994.0,93170.0
648.0,981.0,93175.0
639.0,982.0,93176.0
504.0,983.0,93180.0
232.0,994.0,93181.0
393.0,985.0,93185.0
393.0,995.0,93185.0
639.0,983.0,93186.0
232.0,987.0,93188.0
232.0,989.0,93190.0
344.0,985.0,93192.0
393.0,984.0,93192.0
570.0,989.0,93193.0
344.0,995.0,93193.0
470.0,988.0,93193.0
400.0,994.0,93193.0
393.0,996.0,93193.0
393.0,985.0,93196.0
393.0,995.0,93196.0
232.0,989.0,93198.0
649.0,981.0,93208.0
648.0,983.0,93208.0
575.0,997.0,93211.0
575.0,998.0,93213.0
568.0,997.0,93213.0
400.0,994.0,93213.0
504.0,983.0,93216.0
568.0,988.0,93216.0
400.0,994.0,93217.0
568.0,997.0,93219.0
400.0,994.0,93220.0
400.0,987.0,93224.0
575.0,988.0,93227.0
568.0,989.0,93229.0
400.0,989.0,93229.0
575.0,997.0,93232.0
568.0,989.0,93254.0
127.0,988.0,93266.0
185.0,986.0,93268.0
185.0,996.0,93268.0
127.0,981.0,93271.0
625.0,987.0,93272.0
625.0,999.0,93273.0
617.0,989.0,93273.0
127.0,982.0,93274.0
443.0,994.0,93278.0
127.0,983.0,93278.0
617.0,987.0,93279.0
622.0,985.0,93280.0
622.0,995.0,93281.0
443.0,994.0,93284.0
569.0,985.0,93294.0
569.0,999.0,93295.0
504.0,983.0,93298.0
508.0,986.0,93300.0
508.0,996.0,93301.0
276.0,995.0,93313.0
276.0,988.0,93314.0
650.0,981.0,93316.0
276.0,984.0,93318.0
547.0,994.0,93319.0
248.0,986.0,93322.0
276.0,985.0,93323.0
610.0,981.0,93329.0
629.0,983.0,93333.0
629.0,993.0,93334.0
610.0,984.0,93342.0
547.0,994.0,93343.0
248.0,986.0,93346.0
547.0,994.0,93349.0
649.0,990.0,93350.0
49.0,989.0,93352.0
49.0,996.0,93353.0
651.0,981.0,93353.0
649.0,981.0,93363.0
616.0,984.0,93365.0
616.0,993.0,93368.0
330.0,990.0,93368.0
330.0,981.0,93375.0
330.0,982.0,93379.0
330.0,981.0,93382.0
547.0,994.0,93387.0
599.0,999.0,93396.0
652.0,981.0,93396.0
547.0,994.0,93402.0
653.0,981.0,93403.0
547.0,989.0,93407.0
635.0,987.0,93410.0
651.0,987.0,93410.0
635.0,993.0,93411.0
617.0,994.0,93412.0
599.0,987.0,93413.0
406.0,983.0,93417.0
617.0,994.0,93418.0
654.0,981.0,93418.0
406.0,993.0,93418.0
443.0,994.0,93418.0
232.0,989.0,93419.0
232.0,987.0,93419.0
443.0,994.0,93420.0
330.0,983.0,93420.0
443.0,994.0,93422.0
651.0,983.0,93425.0
547.0,989.0,93431.0
443.0,994.0,93432.0
649.0,982.0,93434.0
547.0,989.0,93434.0
604.0,985.0,93435.0
547.0,989.0,93435.0
443.0,994.0,93435.0
652.0,981.0,93435.0
649.0,982.0,93436.0
443.0,994.0,93437.0
652.0,983.0,93439.0
649.0,983.0,93442.0
406.0,983.0,93448.0
406.0,993.0,93448.0
273.0,989.0,93465.0
585.0,997.0,93467.0
273.0,989.0,93469.0
631.0,993.0,93472.0
655.0,981.0,93475.0
49.0,985.0,93491.0
655.0,982.0,93493.0
655.0,983.0,93504.0
504.0,983.0,93511.0
656.0,981.0,93518.0
657.0,981.0,93519.0
569.0,987.0,93521.0
569.0,996.0,93522.0
657.0,982.0,93524.0
625.0,994.0,93528.0
657.0,981.0,93529.0
658.0,981.0,93537.0
637.0,984.0,93540.0
504.0,983.0,93541.0
637.0,993.0,93541.0
629.0,984.0,93542.0
629.0,993.0,93543.0
656.0,987.0,93543.0
625.0,994.0,93548.0
656.0,989.0,93550.0
625.0,989.0,93554.0
504.0,988.0,93561.0
504.0,983.0,93565.0
443.0,994.0,93575.0
599.0,994.0,93583.0
658.0,983.0,93593.0
599.0,994.0,93594.0
276.0,987.0,93598.0
599.0,994.0,93600.0
504.0,983.0,93601.0
276.0,996.0,93601.0
504.0,983.0,93605.0
599.0,987.0,93606.0
504.0,983.0,93613.0
599.0,987.0,93615.0
653.0,990.0,93618.0
599.0,989.0,93618.0
560.0,986.0,93622.0
560.0,996.0,93622.0
643.0,984.0,93627.0
643.0,993.0,93627.0
353.0,995.0,93628.0
599.0,989.0,93629.0
504.0,983.0,93632.0
599.0,989.0,93632.0
255.0,986.0,93633.0
599.0,989.0,93633.0
317.0,988.0,93635.0
653.0,983.0,93639.0
658.0,993.0,93643.0
443.0,989.0,93645.0
504.0,983.0,93659.0
575.0,993.0,93668.0
569.0,994.0,93682.0
367.0,988.0,93683.0
367.0,999.0,93683.0
367.0,987.0,93685.0
627.0,984.0,93686.0
627.0,993.0,93687.0
625.0,988.0,93695.0
569.0,994.0,93697.0
625.0,989.0,93714.0
290.0,984.0,93714.0
290.0,993.0,93714.0
569.0,987.0,93717.0
586.0,986.0,93718.0
586.0,996.0,93718.0
569.0,989.0,93719.0
586.0,986.0,93720.0
625.0,989.0,93724.0
276.0,988.0,93727.0
276.0,987.0,93731.0
368.0,986.0,93732.0
461.0,985.0,93736.0
461.0,995.0,93737.0
573.0,986.0,93748.0
573.0,996.0,93748.0
504.0,984.0,93751.0
315.0,984.0,93752.0
315.0,993.0,93753.0
508.0,997.0,93756.0
508.0,998.0,93757.0
504.0,983.0,93758.0
635.0,988.0,93760.0
635.0,984.0,93764.0
367.0,994.0,93769.0
569.0,989.0,93769.0
331.0,988.0,93770.0
569.0,989.0,93772.0
600.0,985.0,93774.0
600.0,995.0,93775.0
540.0,984.0,93776.0
331.0,985.0,93776.0
540.0,993.0,93777.0
367.0,994.0,93778.0
569.0,987.0,93781.0
62.0,988.0,93783.0
62.0,985.0,93788.0
659.0,981.0,93791.0
367.0,997.0,93793.0
367.0,987.0,93796.0
659.0,983.0,93796.0
660.0,981.0,93802.0
367.0,994.0,93804.0
616.0,985.0,93808.0
616.0,995.0,93808.0
659.0,983.0,93808.0
660.0,981.0,93810.0
185.0,997.0,93817.0
625.0,988.0,93818.0
185.0,998.0,93818.0
601.0,985.0,93819.0
601.0,995.0,93819.0
627.0,984.0,93820.0
627.0,995.0,93820.0
504.0,984.0,93824.0
554.0,985.0,93825.0
554.0,995.0,93825.0
504.0,983.0,93830.0
317.0,985.0,93836.0
443.0,989.0,93836.0
504.0,983.0,93838.0
443.0,989.0,93840.0
504.0,983.0,93841.0
659.0,984.0,93844.0
504.0,983.0,93844.0
660.0,983.0,93845.0
630.0,985.0,93851.0
630.0,995.0,93852.0
581.0,997.0,93855.0
599.0,988.0,93863.0
23.0,989.0,93869.0
599.0,987.0,93869.0
62.0,996.0,93874.0
659.0,985.0,93875.0
367.0,997.0,93880.0
643.0,995.0,93885.0
367.0,999.0,93886.0
639.0,987.0,93900.0
639.0,993.0,93901.0
661.0,981.0,93907.0
292.0,997.0,93908.0
504.0,983.0,93915.0
661.0,982.0,93917.0
504.0,989.0,93921.0
639.0,989.0,93922.0
659.0,986.0,93934.0
639.0,989.0,93944.0
504.0,989.0,93949.0
639.0,989.0,93951.0
504.0,989.0,93952.0
639.0,987.0,93956.0
642.0,984.0,93959.0
225.0,987.0,93962.0
127.0,984.0,93964.0
662.0,981.0,93967.0
661.0,983.0,93968.0
105.0,985.0,93978.0
659.0,997.0,93981.0
296.0,997.0,93996.0
276.0,994.0,93996.0
296.0,998.0,93997.0
663.0,981.0,94035.0
317.0,996.0,94036.0
663.0,990.0,94036.0
659.0,987.0,94039.0
664.0,981.0,94049.0
663.0,981.0,94051.0
191.0,997.0,94055.0
664.0,981.0,94058.0
276.0,994.0,94058.0
276.0,987.0,94059.0
663.0,983.0,94060.0
646.0,988.0,94066.0
665.0,981.0,94068.0
664.0,983.0,94069.0
646.0,987.0,94070.0
317.0,988.0,94071.0
317.0,985.0,94074.0
666.0,981.0,94074.0
665.0,982.0,94077.0
646.0,987.0,94078.0
276.0,994.0,94081.0
665.0,983.0,94083.0
646.0,989.0,94083.0
276.0,994.0,94085.0
665.0,989.0,94092.0
225.0,994.0,94093.0
667.0,981.0,94099.0
666.0,983.0,94099.0
651.0,984.0,94108.0
643.0,985.0,94109.0
667.0,983.0,94110.0
225.0,994.0,94116.0
646.0,989.0,94116.0
225.0,989.0,94122.0
23.0,997.0,94125.0
23.0,998.0,94125.0
105.0,985.0,94125.0
105.0,996.0,94126.0
504.0,983.0,94129.0
629.0,985.0,94135.0
504.0,984.0,94136.0
629.0,995.0,94136.0
504.0,983.0,94139.0
243.0,986.0,94144.0
504.0,983.0,94144.0
504.0,993.0,94147.0
156.0,984.0,94156.0
504.0,988.0,94157.0
504.0,983.0,94160.0
637.0,985.0,94161.0
637.0,995.0,94162.0
646.0,988.0,94163.0
668.0,981.0,94183.0
560.0,997.0,94187.0
560.0,998.0,94187.0
255.0,997.0,94189.0
655.0,984.0,94190.0
655.0,993.0,94191.0
659.0,994.0,94193.0
290.0,985.0,94197.0
290.0,995.0,94197.0
659.0,994.0,94204.0
653.0,987.0,94206.0
653.0,993.0,94207.0
659.0,994.0,94207.0
344.0,986.0,94221.0
344.0,996.0,94222.0
653.0,983.0,94224.0
292.0,989.0,94224.0
629.0,985.0,94226.0
629.0,996.0,94227.0
659.0,989.0,94233.0
653.0,983.0,94235.0
627.0,985.0,94239.0
627.0,995.0,94239.0
659.0,989.0,94251.0
669.0,981.0,94255.0
276.0,988.0,94260.0
669.0,982.0,94261.0
276.0,987.0,94263.0
669.0,981.0,94266.0
669.0,982.0,94272.0
276.0,994.0,94272.0
406.0,984.0,94272.0
406.0,993.0,94273.0
572.0,987.0,94278.0
572.0,999.0,94279.0
669.0,987.0,94283.0
669.0,989.0,94293.0
670.0,981.0,94303.0
669.0,981.0,94306.0
573.0,997.0,94307.0
573.0,998.0,94308.0
671.0,981.0,94309.0
672.0,981.0,94316.0
105.0,985.0,94317.0
540.0,985.0,94318.0
540.0,995.0,94318.0
629.0,985.0,94320.0
629.0,996.0,94321.0
406.0,984.0,94323.0
406.0,995.0,94323.0
672.0,983.0,94327.0
65.0,986.0,94329.0
65.0,998.0,94330.0
672.0,983.0,94330.0
406.0,984.0,94331.0
406.0,995.0,94332.0
652.0,984.0,94335.0
65.0,997.0,94336.0
652.0,993.0,94336.0
65.0,998.0,94337.0
670.0,990.0,94346.0
585.0,989.0,94357.0
670.0,981.0,94367.0
292.0,983.0,94387.0
127.0,985.0,94400.0
127.0,984.0,94403.0
127.0,985.0,94407.0
585.0,989.0,94416.0
670.0,981.0,94416.0
670.0,982.0,94420.0
673.0,981.0,94421.0
572.0,994.0,94423.0
585.0,989.0,94423.0
672.0,989.0,94424.0
673.0,982.0,94433.0
575.0,987.0,94434.0
670.0,983.0,94434.0
575.0,999.0,94435.0
672.0,989.0,94441.0
674.0,981.0,94445.0
671.0,990.0,94446.0
673.0,990.0,94448.0
140.0,997.0,94451.0
673.0,987.0,94453.0
673.0,989.0,94462.0
572.0,994.0,94463.0
255.0,994.0,94476.0
572.0,994.0,94478.0
23.0,997.0,94485.0
23.0,999.0,94485.0
572.0,989.0,94494.0
560.0,997.0,94500.0
560.0,999.0,94501.0
627.0,985.0,94504.0
627.0,996.0,94504.0
604.0,985.0,94514.0
120.0,988.0,94514.0
120.0,983.0,94519.0
600.0,986.0,94529.0
600.0,996.0,94529.0
120.0,989.0,94531.0
675.0,981.0,94534.0
585.0,989.0,94534.0
572.0,988.0,94536.0
585.0,987.0,94540.0
572.0,989.0,94541.0
572.0,988.0,94545.0
675.0,983.0,94547.0
572.0,989.0,94551.0
120.0,989.0,94556.0
674.0,983.0,94560.0
120.0,989.0,94560.0
376.0,988.0,94560.0
120.0,989.0,94562.0
376.0,983.0,94567.0
376.0,984.0,94571.0
23.0,987.0,94576.0
23.0,999.0,94576.0
23.0,997.0,94579.0
120.0,989.0,94581.0
629.0,985.0,94593.0
629.0,996.0,94593.0
651.0,985.0,94604.0
676.0,981.0,94605.0
676.0,983.0,94615.0
548.0,986.0,94619.0
504.0,988.0,94625.0
140.0,989.0,94625.0
504.0,984.0,94628.0
548.0,986.0,94633.0
140.0,989.0,94640.0
648.0,984.0,94644.0
671.0,981.0,94644.0
560.0,987.0,94646.0
560.0,999.0,94646.0
463.0,983.0,94653.0
463.0,996.0,94655.0
540.0,985.0,94655.0
540.0,996.0,94655.0
540.0,985.0,94657.0
675.0,993.0,94660.0
644.0,984.0,94673.0
677.0,981.0,94683.0
406.0,985.0,94687.0
406.0,995.0,94687.0
677.0,982.0,94694.0
675.0,988.0,94698.0
677.0,981.0,94698.0
185.0,987.0,94702.0
185.0,999.0,94703.0
675.0,981.0,94708.0
622.0,996.0,94719.0
675.0,982.0,94725.0
508.0,987.0,94729.0
508.0,999.0,94729.0
255.0,994.0,94733.0
575.0,994.0,94737.0
675.0,983.0,94739.0
572.0,989.0,94746.0
585.0,994.0,94748.0
572.0,989.0,94750.0
575.0,994.0,94756.0
463.0,993.0,94763.0
678.0,984.0,94764.0
662.0,990.0,94768.0
540.0,985.0,94772.0
585.0,994.0,94774.0
540.0,985.0,94778.0
540.0,996.0,94778.0
586.0,997.0,94779.0
581.0,987.0,94779.0
586.0,998.0,94780.0
679.0,981.0,94781.0
586.0,997.0,94782.0
376.0,985.0,94791.0
622.0,986.0,94792.0
376.0,995.0,94792.0
581.0,987.0,94795.0
664.0,984.0,94795.0
232.0,984.0,94800.0
232.0,985.0,94801.0
679.0,984.0,94804.0
585.0,994.0,94805.0
232.0,997.0,94806.0
660.0,984.0,94818.0
679.0,989.0,94820.0
679.0,995.0,94821.0
585.0,994.0,94828.0
406.0,985.0,94832.0
406.0,996.0,94832.0
255.0,994.0,94833.0
585.0,994.0,94834.0
310.0,983.0,94840.0
669.0,990.0,94845.0
344.0,997.0,94848.0
669.0,981.0,94849.0
344.0,998.0,94849.0
310.0,993.0,94850.0
680.0,981.0,94851.0
669.0,982.0,94852.0
679.0,987.0,94858.0
669.0,981.0,94858.0
406.0,985.0,94863.0
406.0,996.0,94863.0
310.0,983.0,94870.0
663.0,988.0,94873.0
663.0,984.0,94883.0
652.0,985.0,94883.0
243.0,997.0,94884.0
666.0,984.0,94884.0
666.0,993.0,94885.0
400.0,989.0,94887.0
652.0,995.0,94887.0
344.0,989.0,94891.0
185.0,994.0,94894.0
585.0,988.0,94899.0
681.0,981.0,94901.0
681.0,982.0,94907.0
508.0,994.0,94907.0
681.0,983.0,94911.0
638.0,984.0,94916.0
638.0,993.0,94917.0
185.0,994.0,94918.0
581.0,994.0,94923.0
653.0,984.0,94928.0
508.0,994.0,94928.0
653.0,993.0,94929.0
185.0,987.0,94932.0
669.0,990.0,94933.0
508.0,994.0,94933.0
185.0,994.0,94938.0
508.0,989.0,94939.0
581.0,994.0,94942.0
273.0,988.0,94946.0
273.0,989.0,94949.0
572.0,993.0,94952.0
669.0,981.0,94954.0
581.0,989.0,94955.0
669.0,983.0,94960.0
652.0,985.0,94966.0
508.0,989.0,94967.0
652.0,996.0,94967.0
662.0,981.0,94969.0
508.0,989.0,94971.0
648.0,981.0,94979.0
682.0,981.0,94980.0
505.0,999.0,94987.0
500.0,988.0,95005.0
683.0,981.0,95007.0
581.0,989.0,95019.0
648.0,982.0,95024.0
671.0,982.0,95024.0
635.0,985.0,95032.0
635.0,995.0,95033.0
406.0,996.0,95042.0
682.0,981.0,95042.0
191.0,987.0,95044.0
671.0,982.0,95045.0
292.0,985.0,95050.0
671.0,982.0,95055.0
600.0,997.0,95067.0
600.0,998.0,95067.0
682.0,982.0,95067.0
671.0,982.0,95074.0
682.0,983.0,95075.0
185.0,994.0,95076.0
671.0,983.0,95081.0
682.0,993.0,95082.0
648.0,984.0,95083.0
585.0,988.0,95086.0
671.0,988.0,95088.0
185.0,989.0,95090.0
671.0,986.0,95093.0
585.0,987.0,95094.0
671.0,986.0,95094.0
671.0,988.0,95098.0
575.0,988.0,95099.0
671.0,982.0,95106.0
475.0,988.0,95112.0
185.0,989.0,95112.0
73.0,984.0,95112.0
505.0,987.0,95114.0
73.0,993.0,95114.0
475.0,984.0,95115.0
475.0,983.0,95118.0
185.0,989.0,95118.0
292.0,997.0,95118.0
671.0,989.0,95118.0
292.0,997.0,95119.0
475.0,983.0,95120.0
475.0,984.0,95122.0
185.0,987.0,95124.0
255.0,997.0,95124.0
475.0,984.0,95125.0
585.0,994.0,95126.0
73.0,983.0,95128.0
585.0,994.0,95135.0
223.0,988.0,95142.0
604.0,986.0,95145.0
49.0,996.0,95151.0
223.0,985.0,95153.0
679.0,994.0,95155.0
575.0,983.0,95158.0
255.0,989.0,95159.0
668.0,990.0,95160.0
671.0,989.0,95161.0
668.0,981.0,95168.0
671.0,989.0,95171.0
640.0,984.0,95174.0
640.0,993.0,95175.0
684.0,981.0,95177.0
223.0,985.0,95181.0
223.0,996.0,95181.0
505.0,989.0,95187.0
573.0,987.0,95191.0
573.0,999.0,95191.0
49.0,988.0,95204.0
644.0,985.0,95204.0
661.0,984.0,95206.0
661.0,993.0,95207.0
505.0,987.0,95209.0
49.0,987.0,95210.0
637.0,986.0,95211.0
637.0,996.0,95212.0
685.0,981.0,95213.0
315.0,987.0,95220.0
315.0,995.0,95220.0
376.0,985.0,95226.0
686.0,983.0,95227.0
376.0,996.0,95227.0
505.0,989.0,95230.0
685.0,983.0,95231.0
687.0,981.0,95234.0
643.0,986.0,95240.0
643.0,996.0,95241.0
679.0,994.0,95242.0
644.0,989.0,95242.0
504.0,985.0,95248.0
644.0,987.0,95248.0
656.0,981.0,95255.0
644.0,989.0,95255.0
644.0,985.0,95255.0
255.0,989.0,95259.0
655.0,985.0,95260.0
655.0,995.0,95260.0
585.0,988.0,95260.0
461.0,986.0,95261.0
461.0,996.0,95262.0
463.0,988.0,95264.0
255.0,989.0,95264.0
687.0,983.0,95267.0
600.0,997.0,95281.0
600.0,999.0,95282.0
688.0,981.0,95285.0
255.0,999.0,95288.0
689.0,981.0,95289.0
585.0,987.0,95295.0
688.0,983.0,95296.0
690.0,981.0,95304.0
689.0,983.0,95304.0
585.0,987.0,95306.0
679.0,988.0,95321.0
585.0,994.0,95322.0
296.0,987.0,95325.0
296.0,999.0,95325.0
690.0,982.0,95326.0
585.0,989.0,95334.0
690.0,982.0,95335.0
627.0,996.0,95336.0
690.0,981.0,95338.0
397.0,988.0,95340.0
397.0,987.0,95343.0
690.0,982.0,95345.0
690.0,983.0,95352.0
691.0,981.0,95354.0
660.0,985.0,95356.0
680.0,990.0,95358.0
585.0,982.0,95360.0
688.0,988.0,95365.0
691.0,981.0,95369.0
505.0,994.0,95369.0
585.0,981.0,95372.0
630.0,986.0,95375.0
630.0,996.0,95375.0
653.0,985.0,95375.0
653.0,995.0,95375.0
505.0,994.0,95377.0
656.0,982.0,95380.0
692.0,981.0,95380.0
505.0,994.0,95386.0
65.0,987.0,95399.0
65.0,999.0,95399.0
505.0,994.0,95402.0
622.0,997.0,95404.0
622.0,998.0,95405.0
505.0,994.0,95410.0
505.0,989.0,95420.0
680.0,990.0,95427.0
693.0,981.0,95433.0
664.0,985.0,95434.0
693.0,982.0,95437.0
248.0,988.0,95438.0
693.0,981.0,95440.0
638.0,985.0,95441.0
680.0,987.0,95441.0
638.0,995.0,95442.0
691.0,990.0,95443.0
680.0,983.0,95445.0
693.0,982.0,95446.0
680.0,983.0,95447.0
248.0,986.0,95448.0
693.0,989.0,95453.0
667.0,984.0,95454.0
680.0,988.0,95457.0
667.0,983.0,95461.0
691.0,981.0,95462.0
667.0,981.0,95463.0
680.0,983.0,95471.0
637.0,986.0,95473.0
637.0,998.0,95473.0
680.0,993.0,95481.0
463.0,988.0,95483.0
691.0,981.0,95486.0
548.0,997.0,95491.0
548.0,998.0,95492.0
694.0,981.0,95492.0
691.0,984.0,95501.0
548.0,997.0,95503.0
694.0,983.0,95504.0
691.0,983.0,95506.0
693.0,988.0,95524.0
554.0,986.0,95545.0
664.0,996.0,95546.0
554.0,996.0,95546.0
23.0,994.0,95551.0
638.0,996.0,95556.0
638.0,985.0,95556.0
656.0,983.0,95558.0
556.0,988.0,95562.0
656.0,983.0,95562.0
663.0,988.0,95582.0
628.0,984.0,95585.0
628.0,993.0,95586.0
296.0,994.0,95588.0
669.0,984.0,95589.0
463.0,983.0,95589.0
397.0,994.0,95591.0
669.0,993.0,95592.0
628.0,983.0,95593.0
663.0,989.0,95594.0
397.0,994.0,95595.0
628.0,985.0,95595.0
628.0,993.0,95596.0
475.0,985.0,95598.0
475.0,995.0,95599.0
628.0,983.0,95599.0
25.0,986.0,95600.0
475.0,985.0,95602.0
193.0,987.0,95603.0
397.0,989.0,95603.0
628.0,997.0,95603.0
628.0,993.0,95603.0
628.0,983.0,95606.0
397.0,989.0,95608.0
628.0,983.0,95609.0
628.0,993.0,95609.0
669.0,988.0,95617.0
585.0,990.0,95619.0
669.0,984.0,95620.0
573.0,994.0,95620.0
629.0,986.0,95626.0
629.0,996.0,95627.0
296.0,994.0,95628.0
140.0,988.0,95628.0
65.0,994.0,95629.0
573.0,989.0,95632.0
640.0,995.0,95632.0
585.0,983.0,95643.0
140.0,987.0,95651.0
695.0,981.0,95660.0
296.0,988.0,95667.0
585.0,993.0,95669.0
676.0,984.0,95670.0
296.0,989.0,95670.0
65.0,994.0,95670.0
676.0,993.0,95671.0
573.0,989.0,95671.0
442.0,985.0,95682.0
65.0,994.0,95684.0
695.0,981.0,95685.0
127.0,986.0,95685.0
442.0,986.0,95686.0
65.0,989.0,95690.0
695.0,981.0,95692.0
685.0,988.0,95696.0
540.0,996.0,95697.0
689.0,988.0,95698.0
344.0,987.0,95700.0
344.0,999.0,95701.0
685.0,983.0,95703.0
695.0,982.0,95704.0
527.0,993.0,95707.0
696.0,981.0,95718.0
426.0,990.0,95728.0
681.0,981.0,95734.0
681.0,993.0,95735.0
376.0,986.0,95738.0
376.0,996.0,95739.0
661.0,995.0,95741.0
696.0,983.0,95741.0
697.0,981.0,95749.0
296.0,989.0,95753.0
325.0,984.0,95753.0
325.0,995.0,95753.0
697.0,981.0,95757.0
697.0,982.0,95765.0
293.0,988.0,95768.0
697.0,982.0,95769.0
689.0,983.0,95769.0
698.0,981.0,95770.0
697.0,981.0,95773.0
397.0,981.0,95775.0
293.0,984.0,95776.0
663.0,983.0,95778.0
397.0,982.0,95781.0
698.0,983.0,95785.0
697.0,983.0,95786.0
698.0,983.0,95791.0
191.0,994.0,95793.0
663.0,984.0,95807.0
699.0,981.0,95811.0
700.0,981.0,95811.0
695.0,982.0,95820.0
695.0,983.0,95823.0
699.0,982.0,95831.0
461.0,997.0,95833.0
461.0,998.0,95833.0
699.0,981.0,95837.0
635.0,996.0,95839.0
693.0,983.0,95841.0
699.0,983.0,95842.0
699.0,987.0,95848.0
293.0,985.0,95860.0
325.0,985.0,95860.0
293.0,995.0,95861.0
643.0,997.0,95872.0
643.0,998.0,95872.0
191.0,994.0,95879.0
661.0,985.0,95880.0
325.0,983.0,95883.0
701.0,981.0,95885.0
140.0,994.0,95891.0
23.0,999.0,95895.0
701.0,983.0,95899.0
140.0,994.0,95907.0
699.0,988.0,95911.0
699.0,983.0,95918.0
140.0,987.0,95921.0
630.0,997.0,95923.0
630.0,998.0,95924.0
604.0,997.0,95930.0
65.0,987.0,95930.0
702.0,981.0,95931.0
191.0,989.0,95932.0
699.0,993.0,95937.0
700.0,990.0,95949.0
702.0,981.0,95957.0
238.0,990.0,95958.0
344.0,994.0,95959.0
702.0,981.0,95960.0
306.0,990.0,95964.0
700.0,983.0,95964.0
702.0,982.0,95964.0
344.0,994.0,95966.0
306.0,983.0,95967.0
306.0,984.0,95971.0
344.0,994.0,95971.0
306.0,993.0,95972.0
306.0,985.0,95975.0
306.0,995.0,95976.0
344.0,994.0,95977.0
629.0,986.0,95977.0
629.0,998.0,95977.0
238.0,983.0,95978.0
306.0,986.0,95979.0
306.0,996.0,95979.0
344.0,994.0,95979.0
703.0,981.0,95981.0
702.0,983.0,95981.0
306.0,997.0,95982.0
306.0,998.0,95983.0
697.0,983.0,95983.0
697.0,993.0,95984.0
408.0,988.0,95984.0
306.0,987.0,95986.0
306.0,999.0,95987.0
344.0,987.0,95989.0
140.0,994.0,95996.0
703.0,982.0,95997.0
344.0,987.0,95998.0
344.0,982.0,96003.0
408.0,981.0,96005.0
344.0,990.0,96006.0
408.0,982.0,96017.0
140.0,994.0,96021.0
408.0,983.0,96022.0
704.0,981.0,96023.0
306.0,988.0,96024.0
306.0,987.0,96027.0
651.0,986.0,96027.0
704.0,983.0,96032.0
705.0,987.0,96036.0
706.0,981.0,96037.0
65.0,987.0,96048.0
65.0,984.0,96054.0
669.0,985.0,96058.0
661.0,996.0,96059.0
669.0,995.0,96061.0
520.0,988.0,96062.0
706.0,981.0,96066.0
520.0,984.0,96069.0
706.0,981.0,96072.0
707.0,981.0,96072.0
520.0,984.0,96073.0
706.0,982.0,96075.0
706.0,983.0,96082.0
293.0,996.0,96082.0
707.0,982.0,96099.0
708.0,981.0,96111.0
707.0,983.0,96116.0
240.0,998.0,96122.0
520.0,985.0,96127.0
520.0,985.0,96133.0
65.0,989.0,96135.0
65.0,995.0,96136.0
708.0,983.0,96144.0
697.0,983.0,96148.0
697.0,993.0,96148.0
706.0,984.0,96152.0
223.0,986.0,96152.0
575.0,989.0,96153.0
223.0,996.0,96154.0
680.0,984.0,96157.0
680.0,993.0,96157.0
706.0,983.0,96158.0
709.0,981.0,96158.0
600.0,987.0,96162.0
575.0,989.0,96162.0
600.0,999.0,96163.0
676.0,985.0,96168.0
676.0,995.0,96169.0
709.0,983.0,96176.0
706.0,984.0,96182.0
709.0,993.0,96183.0
663.0,985.0,96203.0
660.0,996.0,96208.0
706.0,985.0,96222.0
344.0,990.0,96222.0
554.0,997.0,96227.0
554.0,998.0,96227.0
344.0,981.0,96228.0
127.0,997.0,96228.0
344.0,982.0,96232.0
442.0,997.0,96235.0
697.0,988.0,96238.0
344.0,989.0,96240.0
697.0,983.0,96240.0
442.0,986.0,96242.0
694.0,984.0,96247.0
694.0,993.0,96247.0
442.0,997.0,96248.0
706.0,986.0,96250.0
687.0,984.0,96264.0
687.0,993.0,96264.0
706.0,997.0,96271.0
656.0,984.0,96272.0
575.0,989.0,96275.0
344.0,988.0,96276.0
656.0,984.0,96277.0
710.0,981.0,96278.0
711.0,981.0,96284.0
344.0,989.0,96287.0
706.0,983.0,96288.0
681.0,990.0,96290.0
710.0,983.0,96292.0
711.0,987.0,96292.0
681.0,981.0,96293.0
600.0,994.0,96295.0
344.0,989.0,96295.0
694.0,987.0,96295.0
694.0,995.0,96296.0
681.0,982.0,96299.0
344.0,987.0,96299.0
376.0,998.0,96299.0
697.0,983.0,96300.0
697.0,993.0,96301.0
344.0,987.0,96302.0
681.0,982.0,96304.0
706.0,993.0,96314.0
600.0,994.0,96315.0
705.0,994.0,96315.0
681.0,990.0,96321.0
376.0,988.0,96322.0
376.0,997.0,96327.0
705.0,994.0,96328.0
712.0,981.0,96329.0
713.0,981.0,96346.0
694.0,985.0,96347.0
714.0,981.0,96348.0
442.0,988.0,96349.0
694.0,983.0,96350.0
600.0,994.0,96352.0
712.0,983.0,96354.0
622.0,987.0,96354.0
622.0,999.0,96354.0
442.0,997.0,96354.0
600.0,994.0,96358.0
714.0,982.0,96363.0
714.0,983.0,96369.0
715.0,981.0,96372.0
714.0,989.0,96373.0
637.0,989.0,96375.0
637.0,998.0,96376.0
637.0,988.0,96386.0
628.0,984.0,96388.0
685.0,984.0,96388.0
628.0,993.0,96394.0
292.0,987.0,96395.0
710.0,983.0,96399.0
716.0,981.0,96399.0
637.0,988.0,96403.0
716.0,987.0,96417.0
628.0,988.0,96418.0
425.0,988.0,96420.0
713.0,990.0,96420.0
648.0,985.0,96423.0
705.0,994.0,96423.0
185.0,988.0,96424.0
628.0,997.0,96425.0
425.0,983.0,96432.0
713.0,983.0,96433.0
711.0,994.0,96443.0
717.0,981.0,96443.0
331.0,996.0,96444.0
185.0,983.0,96445.0
705.0,994.0,96450.0
315.0,984.0,96451.0
185.0,984.0,96453.0
185.0,993.0,96454.0
702.0,983.0,96454.0
185.0,985.0,96460.0
185.0,995.0,96461.0
705.0,987.0,96465.0
185.0,986.0,96469.0
185.0,996.0,96470.0
705.0,994.0,96471.0
698.0,984.0,96480.0
698.0,993.0,96481.0
711.0,994.0,96482.0
698.0,984.0,96483.0
711.0,994.0,96483.0
696.0,984.0,96483.0
696.0,993.0,96485.0
504.0,986.0,96488.0
713.0,988.0,96488.0
718.0,981.0,96490.0
185.0,986.0,96492.0
713.0,983.0,96493.0
185.0,997.0,96499.0
185.0,998.0,96500.0
185.0,999.0,96506.0
705.0,987.0,96507.0
401.0,996.0,96512.0
705.0,987.0,96513.0
25.0,997.0,96517.0
718.0,982.0,96518.0
705.0,989.0,96518.0
653.0,986.0,96521.0
653.0,996.0,96521.0
711.0,989.0,96527.0
622.0,994.0,96537.0
292.0,994.0,96538.0
718.0,987.0,96559.0
622.0,994.0,96560.0
548.0,989.0,96562.0
718.0,982.0,96565.0
622.0,994.0,96565.0
292.0,994.0,96566.0
719.0,981.0,96568.0
676.0,996.0,96570.0
622.0,989.0,96570.0
425.0,984.0,96572.0
292.0,994.0,96572.0
425.0,993.0,96573.0
718.0,989.0,96573.0
719.0,982.0,96574.0
585.0,988.0,96575.0
292.0,989.0,96582.0
585.0,987.0,96589.0
622.0,989.0,96594.0
705.0,987.0,96599.0
622.0,989.0,96600.0
292.0,989.0,96600.0
585.0,989.0,96601.0
719.0,990.0,96602.0
718.0,989.0,96604.0
719.0,983.0,96605.0
292.0,989.0,96606.0
718.0,989.0,96608.0
292.0,989.0,96608.0
680.0,985.0,96608.0
718.0,989.0,96609.0
292.0,989.0,96610.0
520.0,986.0,96612.0
718.0,983.0,96616.0
520.0,986.0,96617.0
290.0,986.0,96627.0
475.0,986.0,96628.0
475.0,996.0,96628.0
290.0,996.0,96628.0
475.0,986.0,96632.0
520.0,987.0,96635.0
306.0,994.0,96642.0
604.0,997.0,96645.0
306.0,994.0,96649.0
629.0,997.0,96652.0
629.0,998.0,96653.0
720.0,981.0,96660.0
720.0,983.0,96667.0
238.0,984.0,96685.0
238.0,993.0,96686.0
223.0,997.0,96701.0
223.0,998.0,96702.0
693.0,984.0,96716.0
700.0,984.0,96717.0
463.0,993.0,96719.0
700.0,993.0,96719.0
461.0,987.0,96725.0
461.0,999.0,96726.0
191.0,989.0,96738.0
716.0,994.0,96739.0
191.0,989.0,96745.0
191.0,987.0,96747.0
721.0,981.0,96751.0
722.0,981.0,96753.0
714.0,983.0,96754.0
191.0,994.0,96757.0
716.0,994.0,96758.0
721.0,982.0,96765.0
716.0,994.0,96767.0
643.0,987.0,96770.0
702.0,983.0,96770.0
643.0,999.0,96771.0
721.0,983.0,96773.0
718.0,993.0,96776.0
716.0,989.0,96777.0
722.0,990.0,96781.0
264.0,988.0,96792.0
656.0,985.0,96795.0
722.0,981.0,96797.0
656.0,985.0,96799.0
293.0,986.0,96801.0
721.0,993.0,96802.0
630.0,987.0,96803.0
630.0,999.0,96803.0
306.0,988.0,96815.0
676.0,988.0,96829.0
676.0,985.0,96833.0
704.0,983.0,96836.0
540.0,986.0,96837.0
697.0,984.0,96854.0
697.0,993.0,96855.0
685.0,985.0,96856.0
520.0,994.0,96866.0
723.0,983.0,96867.0
704.0,984.0,96867.0
704.0,993.0,96867.0
687.0,985.0,96872.0
687.0,995.0,96873.0
293.0,998.0,96875.0
520.0,994.0,96881.0
676.0,996.0,96884.0
315.0,985.0,96887.0
315.0,995.0,96887.0
463.0,984.0,96892.0
520.0,994.0,96895.0
520.0,989.0,96905.0
73.0,993.0,96907.0
520.0,981.0,96916.0
630.0,994.0,96917.0
708.0,993.0,96922.0
622.0,988.0,96924.0
630.0,994.0,96926.0
540.0,986.0,96927.0
540.0,998.0,96927.0
708.0,983.0,96932.0
716.0,988.0,96932.0
630.0,994.0,96934.0
626.0,984.0,96934.0
626.0,993.0,96935.0
723.0,983.0,96937.0
630.0,987.0,96942.0
630.0,989.0,96950.0
698.0,985.0,96973.0
698.0,995.0,96975.0
698.0,985.0,96978.0
638.0,986.0,96981.0
638.0,996.0,96981.0
724.0,981.0,96983.0
425.0,985.0,96999.0
408.0,984.0,96999.0
425.0,995.0,97000.0
408.0,993.0,97000.0
724.0,983.0,97004.0
425.0,985.0,97007.0
725.0,981.0,97021.0
629.0,997.0,97024.0
629.0,999.0,97025.0
652.0,996.0,97028.0
725.0,983.0,97030.0
725.0,984.0,97038.0
191.0,988.0,97048.0
191.0,981.0,97053.0
613.0,984.0,97053.0
613.0,993.0,97054.0
708.0,983.0,97056.0
425.0,986.0,97057.0
425.0,996.0,97058.0
717.0,990.0,97061.0
715.0,990.0,97063.0
725.0,984.0,97063.0
702.0,983.0,97063.0
191.0,982.0,97064.0
191.0,981.0,97067.0
726.0,981.0,97069.0
717.0,981.0,97074.0
669.0,986.0,97075.0
562.0,985.0,97077.0
674.0,984.0,97078.0
674.0,993.0,97078.0
562.0,995.0,97078.0
425.0,997.0,97079.0
425.0,998.0,97080.0
674.0,984.0,97081.0
669.0,996.0,97081.0
715.0,983.0,97084.0
727.0,981.0,97086.0
726.0,982.0,97087.0
425.0,987.0,97095.0
425.0,999.0,97096.0
726.0,982.0,97096.0
727.0,987.0,97100.0
726.0,983.0,97101.0
425.0,989.0,97103.0
726.0,983.0,97103.0
442.0,997.0,97106.0
728.0,981.0,97106.0
712.0,984.0,97117.0
714.0,984.0,97121.0
359.0,993.0,97140.0
717.0,990.0,97141.0
117.0,990.0,97145.0
729.0,981.0,97145.0
696.0,985.0,97146.0
714.0,989.0,97147.0
696.0,995.0,97147.0
714.0,989.0,97151.0
117.0,981.0,97158.0
704.0,985.0,97160.0
704.0,995.0,97161.0
117.0,982.0,97163.0
729.0,983.0,97163.0
117.0,983.0,97168.0
700.0,985.0,97168.0
700.0,995.0,97168.0
730.0,981.0,97168.0
238.0,985.0,97173.0
238.0,995.0,97174.0
117.0,984.0,97177.0
731.0,981.0,97178.0
475.0,997.0,97179.0
117.0,984.0,97180.0
475.0,998.0,97180.0
715.0,981.0,97180.0
702.0,983.0,97180.0
715.0,993.0,97182.0
475.0,997.0,97183.0
585.0,988.0,97185.0
629.0,989.0,97188.0
656.0,988.0,97200.0
717.0,990.0,97200.0
629.0,987.0,97202.0
643.0,994.0,97206.0
117.0,988.0,97209.0
728.0,983.0,97212.0
656.0,983.0,97213.0
717.0,982.0,97213.0
643.0,994.0,97214.0
117.0,983.0,97217.0
629.0,986.0,97217.0
732.0,981.0,97221.0
730.0,990.0,97221.0
629.0,997.0,97222.0
643.0,994.0,97225.0
730.0,983.0,97225.0
656.0,983.0,97228.0
715.0,982.0,97232.0
733.0,981.0,97233.0
730.0,987.0,97235.0
730.0,993.0,97236.0
290.0,997.0,97238.0
290.0,998.0,97239.0
643.0,987.0,97240.0
693.0,985.0,97241.0
702.0,987.0,97242.0
730.0,983.0,97243.0
715.0,989.0,97248.0
656.0,983.0,97248.0
733.0,981.0,97254.0
683.0,990.0,97255.0
733.0,981.0,97257.0
733.0,983.0,97267.0
683.0,983.0,97269.0
697.0,985.0,97270.0
715.0,989.0,97271.0
697.0,995.0,97271.0
652.0,986.0,97272.0
697.0,984.0,97275.0
715.0,989.0,97276.0
697.0,985.0,97278.0
702.0,989.0,97278.0
697.0,995.0,97279.0
732.0,990.0,97282.0
702.0,984.0,97290.0
317.0,996.0,97304.0
651.0,997.0,97305.0
642.0,995.0,97308.0
734.0,981.0,97314.0
733.0,984.0,97318.0
733.0,993.0,97318.0
393.0,986.0,97321.0
393.0,996.0,97321.0
643.0,988.0,97329.0
733.0,995.0,97331.0
418.0,988.0,97332.0
