

================================================================
== Vitis HLS Report for 'vitegnn_kernel'
================================================================
* Date:           Wed Jul 15 04:52:23 2026

* Version:        2023.2 (Build 4023990 on Oct 11 2023)
* Project:        hls_component
* Solution:       hls (Vitis Kernel Flow Target)
* Product family: virtexuplusHBM
* Target device:  xcu280-fsvh2892-2L-e


================================================================
== Performance Estimates
================================================================
+ Timing: 
    * Summary: 
    +--------+---------+----------+------------+
    |  Clock |  Target | Estimated| Uncertainty|
    +--------+---------+----------+------------+
    |ap_clk  |  4.44 ns|  3.244 ns|     1.20 ns|
    +--------+---------+----------+------------+

+ Latency: 
    * Summary: 
    +---------+---------+----------+----------+-----+--------+---------+
    |  Latency (cycles) |  Latency (absolute) |   Interval   | Pipeline|
    |   min   |   max   |    min   |    max   | min |   max  |   Type  |
    +---------+---------+----------+----------+-----+--------+---------+
    |      192|   680124|  0.853 us|  3.022 ms|  193|  680125|       no|
    +---------+---------+----------+----------+-----+--------+---------+

    + Detail: 
        * Instance: 
        +---------------------------------------------------------------+---------------------------------------------------+---------+---------+-----------+-----------+-----+-----+---------+
        |                                                               |                                                   |  Latency (cycles) |   Latency (absolute)  |  Interval | Pipeline|
        |                            Instance                           |                       Module                      |   min   |   max   |    min    |    max    | min | max |   Type  |
        +---------------------------------------------------------------+---------------------------------------------------+---------+---------+-----------+-----------+-----+-----+---------+
        |grp_vitegnn_kernel_Pipeline_baseline_clear_stats_loop_fu_1234  |vitegnn_kernel_Pipeline_baseline_clear_stats_loop  |       18|       18|  79.992 ns|  79.992 ns|   18|   18|       no|
        |grp_vitegnn_kernel_Pipeline_vite_load_weights_fu_1241          |vitegnn_kernel_Pipeline_vite_load_weights          |       10|       10|  44.440 ns|  44.440 ns|   10|   10|       no|
        |grp_vitegnn_kernel_Pipeline_vite_load_recent_fu_1281           |vitegnn_kernel_Pipeline_vite_load_recent           |       74|      138|   0.329 us|   0.613 us|   74|  138|       no|
        |grp_vitegnn_kernel_Pipeline_vite_neighbor_update_unit_fu_1295  |vitegnn_kernel_Pipeline_vite_neighbor_update_unit  |        2|      130|   8.888 ns|   0.578 us|    2|  130|       no|
        |grp_vitegnn_kernel_Pipeline_vite_attention_aggregate_fu_1319   |vitegnn_kernel_Pipeline_vite_attention_aggregate   |        2|       87|   8.888 ns|   0.387 us|    2|   87|       no|
        +---------------------------------------------------------------+---------------------------------------------------+---------+---------+-----------+-----------+-----+-----+---------+

        * Loop: 
        +----------------+---------+---------+----------+-----------+-----------+----------+----------+
        |                |  Latency (cycles) | Iteration|  Initiation Interval  |   Trip   |          |
        |    Loop Name   |   min   |   max   |  Latency |  achieved |   target  |   Count  | Pipelined|
        +----------------+---------+---------+----------+-----------+-----------+----------+----------+
        |- vite_targets  |        5|   679937|   4 ~ 664|          -|          -|  1 ~ 1024|        no|
        +----------------+---------+---------+----------+-----------+-----------+----------+----------+



================================================================
== Utilization Estimates
================================================================
* Summary: 
+---------------------+---------+------+---------+---------+-----+
|         Name        | BRAM_18K|  DSP |    FF   |   LUT   | URAM|
+---------------------+---------+------+---------+---------+-----+
|DSP                  |        -|    24|        -|        -|    -|
|Expression           |        -|     -|        0|    49600|    -|
|FIFO                 |        -|     -|        -|        -|    -|
|Instance             |       78|    56|    25781|    23497|    0|
|Memory               |        2|     -|        0|        0|    -|
|Multiplexer          |        -|     -|        -|     3471|    -|
|Register             |        -|     -|    18704|        -|    -|
+---------------------+---------+------+---------+---------+-----+
|Total                |       80|    80|    44485|    76568|    0|
+---------------------+---------+------+---------+---------+-----+
|Available SLR        |     1344|  3008|   869120|   434560|  320|
+---------------------+---------+------+---------+---------+-----+
|Utilization SLR (%)  |        5|     2|        5|       17|    0|
+---------------------+---------+------+---------+---------+-----+
|Available            |     4032|  9024|  2607360|  1303680|  960|
+---------------------+---------+------+---------+---------+-----+
|Utilization (%)      |        1|    ~0|        1|        5|    0|
+---------------------+---------+------+---------+---------+-----+

+ Detail: 
    * Instance: 
    +---------------------------------------------------------------+---------------------------------------------------+---------+----+------+------+-----+
    |                            Instance                           |                       Module                      | BRAM_18K| DSP|  FF  |  LUT | URAM|
    +---------------------------------------------------------------+---------------------------------------------------+---------+----+------+------+-----+
    |control_s_axi_U                                                |control_s_axi                                      |        0|   0|  1460|  2600|    0|
    |gmem0_m_axi_U                                                  |gmem0_m_axi                                        |        2|   0|   696|   720|    0|
    |gmem10_m_axi_U                                                 |gmem10_m_axi                                       |        8|   0|  1181|  1117|    0|
    |gmem11_m_axi_U                                                 |gmem11_m_axi                                       |        8|   0|  1181|  1117|    0|
    |gmem12_m_axi_U                                                 |gmem12_m_axi                                       |       30|   0|  3521|  2695|    0|
    |gmem1_m_axi_U                                                  |gmem1_m_axi                                        |        2|   0|   696|   720|    0|
    |gmem2_m_axi_U                                                  |gmem2_m_axi                                        |        2|   0|   696|   720|    0|
    |gmem3_m_axi_U                                                  |gmem3_m_axi                                        |        2|   0|   696|   720|    0|
    |gmem4_m_axi_U                                                  |gmem4_m_axi                                        |        2|   0|   696|   720|    0|
    |gmem5_m_axi_U                                                  |gmem5_m_axi                                        |        2|   0|   696|   720|    0|
    |gmem6_m_axi_U                                                  |gmem6_m_axi                                        |        2|   0|   696|   720|    0|
    |gmem7_m_axi_U                                                  |gmem7_m_axi                                        |        2|   0|   696|   720|    0|
    |gmem8_m_axi_U                                                  |gmem8_m_axi                                        |        8|   0|  1181|  1117|    0|
    |gmem9_m_axi_U                                                  |gmem9_m_axi                                        |        8|   0|  1181|  1117|    0|
    |mul_11ns_16s_27_1_1_U154                                       |mul_11ns_16s_27_1_1                                |        0|   1|     0|     5|    0|
    |mul_11ns_16s_27_1_1_U155                                       |mul_11ns_16s_27_1_1                                |        0|   1|     0|     5|    0|
    |mul_11ns_16s_27_1_1_U156                                       |mul_11ns_16s_27_1_1                                |        0|   1|     0|     5|    0|
    |mul_11ns_16s_27_1_1_U157                                       |mul_11ns_16s_27_1_1                                |        0|   1|     0|     5|    0|
    |mul_11ns_16s_27_1_1_U158                                       |mul_11ns_16s_27_1_1                                |        0|   1|     0|     5|    0|
    |mul_11ns_16s_27_1_1_U159                                       |mul_11ns_16s_27_1_1                                |        0|   1|     0|     5|    0|
    |mul_11ns_16s_27_1_1_U160                                       |mul_11ns_16s_27_1_1                                |        0|   1|     0|     5|    0|
    |mul_11ns_16s_27_1_1_U161                                       |mul_11ns_16s_27_1_1                                |        0|   1|     0|     5|    0|
    |mul_11ns_16s_27_1_1_U162                                       |mul_11ns_16s_27_1_1                                |        0|   1|     0|     5|    0|
    |mul_11ns_16s_27_1_1_U163                                       |mul_11ns_16s_27_1_1                                |        0|   1|     0|     5|    0|
    |mul_11ns_16s_27_1_1_U164                                       |mul_11ns_16s_27_1_1                                |        0|   1|     0|     5|    0|
    |mul_11ns_16s_27_1_1_U165                                       |mul_11ns_16s_27_1_1                                |        0|   1|     0|     5|    0|
    |mul_11ns_16s_27_1_1_U166                                       |mul_11ns_16s_27_1_1                                |        0|   1|     0|     5|    0|
    |mul_11ns_16s_27_1_1_U167                                       |mul_11ns_16s_27_1_1                                |        0|   1|     0|     5|    0|
    |mul_11ns_16s_27_1_1_U168                                       |mul_11ns_16s_27_1_1                                |        0|   1|     0|     5|    0|
    |mul_11ns_16s_27_1_1_U169                                       |mul_11ns_16s_27_1_1                                |        0|   1|     0|     5|    0|
    |mul_16s_16s_32_1_1_U146                                        |mul_16s_16s_32_1_1                                 |        0|   1|     0|     5|    0|
    |mul_16s_16s_32_1_1_U147                                        |mul_16s_16s_32_1_1                                 |        0|   1|     0|     5|    0|
    |mul_16s_16s_32_1_1_U148                                        |mul_16s_16s_32_1_1                                 |        0|   1|     0|     5|    0|
    |mul_16s_16s_32_1_1_U149                                        |mul_16s_16s_32_1_1                                 |        0|   1|     0|     5|    0|
    |mul_16s_16s_32_1_1_U150                                        |mul_16s_16s_32_1_1                                 |        0|   1|     0|     5|    0|
    |mul_16s_16s_32_1_1_U151                                        |mul_16s_16s_32_1_1                                 |        0|   1|     0|     5|    0|
    |mul_16s_16s_32_1_1_U152                                        |mul_16s_16s_32_1_1                                 |        0|   1|     0|     5|    0|
    |mul_16s_16s_32_1_1_U153                                        |mul_16s_16s_32_1_1                                 |        0|   1|     0|     5|    0|
    |mul_24s_26ns_50_1_1_U121                                       |mul_24s_26ns_50_1_1                                |        0|   2|     0|    47|    0|
    |mul_24s_26ns_50_1_1_U122                                       |mul_24s_26ns_50_1_1                                |        0|   2|     0|    47|    0|
    |mul_24s_26ns_50_1_1_U123                                       |mul_24s_26ns_50_1_1                                |        0|   2|     0|    47|    0|
    |mul_24s_26ns_50_1_1_U124                                       |mul_24s_26ns_50_1_1                                |        0|   2|     0|    47|    0|
    |mul_24s_26ns_50_1_1_U125                                       |mul_24s_26ns_50_1_1                                |        0|   2|     0|    47|    0|
    |mul_24s_26ns_50_1_1_U126                                       |mul_24s_26ns_50_1_1                                |        0|   2|     0|    47|    0|
    |mul_24s_26ns_50_1_1_U127                                       |mul_24s_26ns_50_1_1                                |        0|   2|     0|    47|    0|
    |mul_24s_26ns_50_1_1_U128                                       |mul_24s_26ns_50_1_1                                |        0|   2|     0|    47|    0|
    |sdiv_32s_32s_16_36_seq_1_U130                                  |sdiv_32s_32s_16_36_seq_1                           |        0|   0|   394|   238|    0|
    |sdiv_32s_32s_16_36_seq_1_U131                                  |sdiv_32s_32s_16_36_seq_1                           |        0|   0|   394|   238|    0|
    |sdiv_32s_32s_16_36_seq_1_U132                                  |sdiv_32s_32s_16_36_seq_1                           |        0|   0|   394|   238|    0|
    |sdiv_32s_32s_16_36_seq_1_U133                                  |sdiv_32s_32s_16_36_seq_1                           |        0|   0|   394|   238|    0|
    |sdiv_32s_32s_16_36_seq_1_U134                                  |sdiv_32s_32s_16_36_seq_1                           |        0|   0|   394|   238|    0|
    |sdiv_32s_32s_16_36_seq_1_U135                                  |sdiv_32s_32s_16_36_seq_1                           |        0|   0|   394|   238|    0|
    |sdiv_32s_32s_16_36_seq_1_U136                                  |sdiv_32s_32s_16_36_seq_1                           |        0|   0|   394|   238|    0|
    |sdiv_32s_32s_16_36_seq_1_U137                                  |sdiv_32s_32s_16_36_seq_1                           |        0|   0|   394|   238|    0|
    |sdiv_32s_32s_16_36_seq_1_U138                                  |sdiv_32s_32s_16_36_seq_1                           |        0|   0|   394|   238|    0|
    |sdiv_32s_32s_16_36_seq_1_U139                                  |sdiv_32s_32s_16_36_seq_1                           |        0|   0|   394|   238|    0|
    |sdiv_32s_32s_16_36_seq_1_U140                                  |sdiv_32s_32s_16_36_seq_1                           |        0|   0|   394|   238|    0|
    |sdiv_32s_32s_16_36_seq_1_U141                                  |sdiv_32s_32s_16_36_seq_1                           |        0|   0|   394|   238|    0|
    |sdiv_32s_32s_16_36_seq_1_U142                                  |sdiv_32s_32s_16_36_seq_1                           |        0|   0|   394|   238|    0|
    |sdiv_32s_32s_16_36_seq_1_U143                                  |sdiv_32s_32s_16_36_seq_1                           |        0|   0|   394|   238|    0|
    |sdiv_32s_32s_16_36_seq_1_U144                                  |sdiv_32s_32s_16_36_seq_1                           |        0|   0|   394|   238|    0|
    |sdiv_32s_32s_16_36_seq_1_U145                                  |sdiv_32s_32s_16_36_seq_1                           |        0|   0|   394|   238|    0|
    |urem_32ns_3ns_2_36_seq_1_U129                                  |urem_32ns_3ns_2_36_seq_1                           |        0|   0|   394|   238|    0|
    |grp_vitegnn_kernel_Pipeline_baseline_clear_stats_loop_fu_1234  |vitegnn_kernel_Pipeline_baseline_clear_stats_loop  |        0|   0|     9|    86|    0|
    |grp_vitegnn_kernel_Pipeline_vite_attention_aggregate_fu_1319   |vitegnn_kernel_Pipeline_vite_attention_aggregate   |        0|  16|  1555|  1222|    0|
    |grp_vitegnn_kernel_Pipeline_vite_load_recent_fu_1281           |vitegnn_kernel_Pipeline_vite_load_recent           |        0|   0|   554|   406|    0|
    |grp_vitegnn_kernel_Pipeline_vite_load_weights_fu_1241          |vitegnn_kernel_Pipeline_vite_load_weights          |        0|   0|  1031|    89|    0|
    |grp_vitegnn_kernel_Pipeline_vite_neighbor_update_unit_fu_1295  |vitegnn_kernel_Pipeline_vite_neighbor_update_unit  |        0|   0|   661|  1629|    0|
    +---------------------------------------------------------------+---------------------------------------------------+---------+----+------+------+-----+
    |Total                                                          |                                                   |       78|  56| 25781| 23497|    0|
    +---------------------------------------------------------------+---------------------------------------------------+---------+----+------+------+-----+

    * DSP: 
    +-------------------------------------+--------------------------------+--------------+
    |               Instance              |             Module             |  Expression  |
    +-------------------------------------+--------------------------------+--------------+
    |mac_muladd_11ns_12s_27s_27_4_1_U186  |mac_muladd_11ns_12s_27s_27_4_1  |  i0 + i1 * i2|
    |mac_muladd_11ns_12s_27s_27_4_1_U187  |mac_muladd_11ns_12s_27s_27_4_1  |  i0 + i1 * i2|
    |mac_muladd_11ns_12s_27s_27_4_1_U188  |mac_muladd_11ns_12s_27s_27_4_1  |  i0 + i1 * i2|
    |mac_muladd_11ns_12s_27s_27_4_1_U189  |mac_muladd_11ns_12s_27s_27_4_1  |  i0 + i1 * i2|
    |mac_muladd_11ns_12s_27s_27_4_1_U190  |mac_muladd_11ns_12s_27s_27_4_1  |  i0 + i1 * i2|
    |mac_muladd_11ns_12s_27s_27_4_1_U191  |mac_muladd_11ns_12s_27s_27_4_1  |  i0 + i1 * i2|
    |mac_muladd_11ns_12s_27s_27_4_1_U192  |mac_muladd_11ns_12s_27s_27_4_1  |  i0 + i1 * i2|
    |mac_muladd_11ns_12s_27s_27_4_1_U193  |mac_muladd_11ns_12s_27s_27_4_1  |  i0 + i1 * i2|
    |mac_muladd_16s_16s_32ns_32_4_1_U178  |mac_muladd_16s_16s_32ns_32_4_1  |  i0 + i1 * i2|
    |mac_muladd_16s_16s_32ns_32_4_1_U179  |mac_muladd_16s_16s_32ns_32_4_1  |  i0 + i1 * i2|
    |mac_muladd_16s_16s_32ns_32_4_1_U180  |mac_muladd_16s_16s_32ns_32_4_1  |  i0 + i1 * i2|
    |mac_muladd_16s_16s_32ns_32_4_1_U181  |mac_muladd_16s_16s_32ns_32_4_1  |  i0 + i1 * i2|
    |mac_muladd_16s_16s_32ns_32_4_1_U182  |mac_muladd_16s_16s_32ns_32_4_1  |  i0 + i1 * i2|
    |mac_muladd_16s_16s_32ns_32_4_1_U183  |mac_muladd_16s_16s_32ns_32_4_1  |  i0 + i1 * i2|
    |mac_muladd_16s_16s_32ns_32_4_1_U184  |mac_muladd_16s_16s_32ns_32_4_1  |  i0 + i1 * i2|
    |mac_muladd_16s_16s_32ns_32_4_1_U185  |mac_muladd_16s_16s_32ns_32_4_1  |  i0 + i1 * i2|
    |mac_muladd_16s_16s_32s_32_4_1_U170   |mac_muladd_16s_16s_32s_32_4_1   |  i0 + i1 * i2|
    |mac_muladd_16s_16s_32s_32_4_1_U171   |mac_muladd_16s_16s_32s_32_4_1   |  i0 + i1 * i2|
    |mac_muladd_16s_16s_32s_32_4_1_U172   |mac_muladd_16s_16s_32s_32_4_1   |  i0 + i1 * i2|
    |mac_muladd_16s_16s_32s_32_4_1_U173   |mac_muladd_16s_16s_32s_32_4_1   |  i0 + i1 * i2|
    |mac_muladd_16s_16s_32s_32_4_1_U174   |mac_muladd_16s_16s_32s_32_4_1   |  i0 + i1 * i2|
    |mac_muladd_16s_16s_32s_32_4_1_U175   |mac_muladd_16s_16s_32s_32_4_1   |  i0 + i1 * i2|
    |mac_muladd_16s_16s_32s_32_4_1_U176   |mac_muladd_16s_16s_32s_32_4_1   |  i0 + i1 * i2|
    |mac_muladd_16s_16s_32s_32_4_1_U177   |mac_muladd_16s_16s_32s_32_4_1   |  i0 + i1 * i2|
    +-------------------------------------+--------------------------------+--------------+

    * Memory: 
    +--------------------+-----------------------------------+---------+---+----+-----+------+-----+------+-------------+
    |       Memory       |               Module              | BRAM_18K| FF| LUT| URAM| Words| Bits| Banks| W*Bits*Banks|
    +--------------------+-----------------------------------+---------+---+----+-----+------+-----+------+-------------+
    |recent_event_idx_U  |recent_event_idx_RAM_1P_BRAM_1R1W  |        1|  0|   0|    0|    64|   32|     1|         2048|
    |recent_peer_U       |recent_event_idx_RAM_1P_BRAM_1R1W  |        1|  0|   0|    0|    64|   32|     1|         2048|
    +--------------------+-----------------------------------+---------+---+----+-----+------+-----+------+-------------+
    |Total               |                                   |        2|  0|   0|    0|   128|   64|     2|         4096|
    +--------------------+-----------------------------------+---------+---+----+-----+------+-----+------+-------------+

    * FIFO: 
    N/A

    * Expression: 
    +------------------------------+----------+----+---+------+------------+------------+
    |         Variable Name        | Operation| DSP| FF|  LUT | Bitwidth P0| Bitwidth P1|
    +------------------------------+----------+----+---+------+------------+------------+
    |add_ln105_1_fu_2005_p2        |         +|   0|  0|    71|          64|          64|
    |add_ln105_fu_1980_p2          |         +|   0|  0|    71|          64|          64|
    |add_ln112_10_fu_11845_p2      |         +|   0|  0|    71|          64|          64|
    |add_ln112_11_fu_11851_p2      |         +|   0|  0|    64|          64|          64|
    |add_ln112_12_fu_11892_p2      |         +|   0|  0|    64|          64|          64|
    |add_ln112_13_fu_11898_p2      |         +|   0|  0|    71|          64|          64|
    |add_ln112_14_fu_11904_p2      |         +|   0|  0|    64|          64|          64|
    |add_ln112_15_fu_11945_p2      |         +|   0|  0|    64|          64|          64|
    |add_ln112_16_fu_11951_p2      |         +|   0|  0|    71|          64|          64|
    |add_ln112_17_fu_11957_p2      |         +|   0|  0|    64|          64|          64|
    |add_ln112_18_fu_11998_p2      |         +|   0|  0|    64|          64|          64|
    |add_ln112_19_fu_12004_p2      |         +|   0|  0|    71|          64|          64|
    |add_ln112_1_fu_11673_p2       |         +|   0|  0|    71|          64|          64|
    |add_ln112_20_fu_12010_p2      |         +|   0|  0|    64|          64|          64|
    |add_ln112_21_fu_12051_p2      |         +|   0|  0|    64|          64|          64|
    |add_ln112_22_fu_12057_p2      |         +|   0|  0|    71|          64|          64|
    |add_ln112_23_fu_12063_p2      |         +|   0|  0|    64|          64|          64|
    |add_ln112_24_fu_11066_p2      |         +|   0|  0|    64|          64|          64|
    |add_ln112_25_fu_11054_p2      |         +|   0|  0|    71|          64|          64|
    |add_ln112_26_fu_11072_p2      |         +|   0|  0|    64|          64|          64|
    |add_ln112_27_fu_11114_p2      |         +|   0|  0|    64|          64|          64|
    |add_ln112_28_fu_11120_p2      |         +|   0|  0|    71|          64|          64|
    |add_ln112_29_fu_11126_p2      |         +|   0|  0|    64|          64|          64|
    |add_ln112_2_fu_11691_p2       |         +|   0|  0|    64|          64|          64|
    |add_ln112_30_fu_11180_p2      |         +|   0|  0|    64|          64|          64|
    |add_ln112_31_fu_11186_p2      |         +|   0|  0|    71|          64|          64|
    |add_ln112_32_fu_11192_p2      |         +|   0|  0|    64|          64|          64|
    |add_ln112_33_fu_11233_p2      |         +|   0|  0|    64|          64|          64|
    |add_ln112_34_fu_11239_p2      |         +|   0|  0|    71|          64|          64|
    |add_ln112_35_fu_11245_p2      |         +|   0|  0|    64|          64|          64|
    |add_ln112_36_fu_11286_p2      |         +|   0|  0|    64|          64|          64|
    |add_ln112_37_fu_11292_p2      |         +|   0|  0|    71|          64|          64|
    |add_ln112_38_fu_11298_p2      |         +|   0|  0|    64|          64|          64|
    |add_ln112_39_fu_11339_p2      |         +|   0|  0|    64|          64|          64|
    |add_ln112_3_fu_11733_p2       |         +|   0|  0|    64|          64|          64|
    |add_ln112_40_fu_11345_p2      |         +|   0|  0|    71|          64|          64|
    |add_ln112_41_fu_11351_p2      |         +|   0|  0|    64|          64|          64|
    |add_ln112_42_fu_11392_p2      |         +|   0|  0|    64|          64|          64|
    |add_ln112_43_fu_11398_p2      |         +|   0|  0|    71|          64|          64|
    |add_ln112_44_fu_11404_p2      |         +|   0|  0|    64|          64|          64|
    |add_ln112_45_fu_11445_p2      |         +|   0|  0|    64|          64|          64|
    |add_ln112_46_fu_11451_p2      |         +|   0|  0|    71|          64|          64|
    |add_ln112_47_fu_11457_p2      |         +|   0|  0|    64|          64|          64|
    |add_ln112_4_fu_11739_p2       |         +|   0|  0|    71|          64|          64|
    |add_ln112_5_fu_11745_p2       |         +|   0|  0|    64|          64|          64|
    |add_ln112_6_fu_11786_p2       |         +|   0|  0|    64|          64|          64|
    |add_ln112_7_fu_11792_p2       |         +|   0|  0|    71|          64|          64|
    |add_ln112_8_fu_11798_p2       |         +|   0|  0|    64|          64|          64|
    |add_ln112_9_fu_11839_p2       |         +|   0|  0|    64|          64|          64|
    |add_ln112_fu_11685_p2         |         +|   0|  0|    64|          64|          64|
    |add_ln129_fu_1945_p2          |         +|   0|  0|    39|          32|           1|
    |add_ln144_fu_2094_p2          |         +|   0|  0|    71|          64|          64|
    |add_ln152_fu_2041_p2          |         +|   0|  0|    71|          64|          64|
    |add_ln233_fu_2336_p2          |         +|   0|  0|    39|          32|          32|
    |add_ln238_fu_2267_p2          |         +|   0|  0|    71|          64|          64|
    |add_ln255_fu_11473_p2         |         +|   0|  0|    71|          64|          64|
    |add_ln256_fu_11497_p2         |         +|   0|  0|    71|          64|          64|
    |add_ln275_10_fu_12671_p2      |         +|   0|  0|    71|          64|           7|
    |add_ln275_1_fu_12137_p2       |         +|   0|  0|    71|          64|           6|
    |add_ln275_2_fu_12195_p2       |         +|   0|  0|    71|          64|           6|
    |add_ln275_3_fu_12250_p2       |         +|   0|  0|    71|          64|           7|
    |add_ln275_4_fu_12309_p2       |         +|   0|  0|    71|          64|           7|
    |add_ln275_5_fu_12379_p2       |         +|   0|  0|    71|          64|           7|
    |add_ln275_6_fu_12438_p2       |         +|   0|  0|    71|          64|           7|
    |add_ln275_7_fu_12497_p2       |         +|   0|  0|    71|          64|           7|
    |add_ln275_8_fu_12555_p2       |         +|   0|  0|    71|          64|           7|
    |add_ln275_9_fu_12613_p2       |         +|   0|  0|    71|          64|           7|
    |add_ln275_fu_1950_p2          |         +|   0|  0|    71|          64|           6|
    |add_ln39_1_fu_10372_p2        |         +|   0|  0|    32|          25|          25|
    |add_ln39_2_fu_10461_p2        |         +|   0|  0|    32|          25|          25|
    |add_ln39_3_fu_10550_p2        |         +|   0|  0|    32|          25|          25|
    |add_ln39_4_fu_10639_p2        |         +|   0|  0|    32|          25|          25|
    |add_ln39_5_fu_10728_p2        |         +|   0|  0|    32|          25|          25|
    |add_ln39_6_fu_10817_p2        |         +|   0|  0|    32|          25|          25|
    |add_ln39_7_fu_10906_p2        |         +|   0|  0|    32|          25|          25|
    |add_ln39_fu_10283_p2          |         +|   0|  0|    32|          25|          25|
    |add_ln43_1_fu_9323_p2         |         +|   0|  0|    31|          24|          24|
    |add_ln43_2_fu_9370_p2         |         +|   0|  0|    31|          24|          24|
    |add_ln43_3_fu_9417_p2         |         +|   0|  0|    31|          24|          24|
    |add_ln43_4_fu_9464_p2         |         +|   0|  0|    31|          24|          24|
    |add_ln43_5_fu_9511_p2         |         +|   0|  0|    31|          24|          24|
    |add_ln43_6_fu_9558_p2         |         +|   0|  0|    31|          24|          24|
    |add_ln43_7_fu_9605_p2         |         +|   0|  0|    31|          24|          24|
    |add_ln43_fu_9276_p2           |         +|   0|  0|    31|          24|          24|
    |add_ln47_10_fu_8105_p2        |         +|   0|  0|    25|          18|          18|
    |add_ln47_11_fu_8115_p2        |         +|   0|  0|    31|          24|          24|
    |add_ln47_12_fu_8139_p2        |         +|   0|  0|    25|          18|          18|
    |add_ln47_13_fu_8149_p2        |         +|   0|  0|    31|          24|          24|
    |add_ln47_14_fu_8173_p2        |         +|   0|  0|    25|          18|          18|
    |add_ln47_15_fu_8183_p2        |         +|   0|  0|    31|          24|          24|
    |add_ln47_1_fu_7945_p2         |         +|   0|  0|    31|          24|          24|
    |add_ln47_2_fu_7969_p2         |         +|   0|  0|    25|          18|          18|
    |add_ln47_3_fu_7979_p2         |         +|   0|  0|    31|          24|          24|
    |add_ln47_4_fu_8003_p2         |         +|   0|  0|    25|          18|          18|
    |add_ln47_5_fu_8013_p2         |         +|   0|  0|    31|          24|          24|
    |add_ln47_6_fu_8037_p2         |         +|   0|  0|    25|          18|          18|
    |add_ln47_7_fu_8047_p2         |         +|   0|  0|    31|          24|          24|
    |add_ln47_8_fu_8071_p2         |         +|   0|  0|    25|          18|          18|
    |add_ln47_9_fu_8081_p2         |         +|   0|  0|    31|          24|          24|
    |add_ln47_fu_7935_p2           |         +|   0|  0|    25|          18|          18|
    |add_ln94_12_fu_5273_p2        |         +|   0|  0|    31|          24|          24|
    |add_ln94_15_fu_5304_p2        |         +|   0|  0|    31|          24|          24|
    |add_ln94_18_fu_5335_p2        |         +|   0|  0|    31|          24|          24|
    |add_ln94_21_fu_5366_p2        |         +|   0|  0|    31|          24|          24|
    |add_ln94_3_fu_5180_p2         |         +|   0|  0|    31|          24|          24|
    |add_ln94_6_fu_5211_p2         |         +|   0|  0|    31|          24|          24|
    |add_ln94_9_fu_5242_p2         |         +|   0|  0|    31|          24|          24|
    |add_ln94_fu_5149_p2           |         +|   0|  0|    31|          24|          24|
    |candidate_input_1_fu_7193_p2  |         +|   0|  0|    31|          24|          24|
    |candidate_input_2_fu_7277_p2  |         +|   0|  0|    31|          24|          24|
    |candidate_input_3_fu_7361_p2  |         +|   0|  0|    31|          24|          24|
    |candidate_input_4_fu_7445_p2  |         +|   0|  0|    31|          24|          24|
    |candidate_input_5_fu_7529_p2  |         +|   0|  0|    31|          24|          24|
    |candidate_input_6_fu_7613_p2  |         +|   0|  0|    31|          24|          24|
    |candidate_input_7_fu_7697_p2  |         +|   0|  0|    31|          24|          24|
    |candidate_input_fu_7109_p2    |         +|   0|  0|    31|          24|          24|
    |empty_111_fu_2250_p2          |         +|   0|  0|    71|          64|          64|
    |invalid_inputs_1_fu_2130_p2   |         +|   0|  0|    71|          64|           1|
    |projection_1_fu_4903_p2       |         +|   0|  0|    31|          24|          24|
    |projection_2_fu_4939_p2       |         +|   0|  0|    31|          24|          24|
    |projection_3_fu_4975_p2       |         +|   0|  0|    31|          24|          24|
    |projection_4_fu_5011_p2       |         +|   0|  0|    31|          24|          24|
    |projection_5_fu_5047_p2       |         +|   0|  0|    31|          24|          24|
    |projection_6_fu_5083_p2       |         +|   0|  0|    31|          24|          24|
    |projection_7_fu_5119_p2       |         +|   0|  0|    31|          24|          24|
    |projection_fu_4867_p2         |         +|   0|  0|    31|          24|          24|
    |result_10_fu_5834_p2          |         +|   0|  0|    31|          24|          10|
    |result_12_fu_5893_p2          |         +|   0|  0|    31|          24|          10|
    |result_14_fu_5994_p2          |         +|   0|  0|    31|          24|          10|
    |result_16_fu_6053_p2          |         +|   0|  0|    31|          24|          10|
    |result_18_fu_6154_p2          |         +|   0|  0|    31|          24|          10|
    |result_20_fu_6213_p2          |         +|   0|  0|    31|          24|          10|
    |result_22_fu_6314_p2          |         +|   0|  0|    31|          24|          10|
    |result_24_fu_6373_p2          |         +|   0|  0|    31|          24|          10|
    |result_26_fu_6474_p2          |         +|   0|  0|    31|          24|          10|
    |result_28_fu_6533_p2          |         +|   0|  0|    31|          24|          10|
    |result_2_fu_5514_p2           |         +|   0|  0|    31|          24|          10|
    |result_30_fu_6634_p2          |         +|   0|  0|    31|          24|          10|
    |result_4_fu_5573_p2           |         +|   0|  0|    31|          24|          10|
    |result_6_fu_5674_p2           |         +|   0|  0|    31|          24|          10|
    |result_8_fu_5733_p2           |         +|   0|  0|    31|          24|          10|
    |result_fu_5413_p2             |         +|   0|  0|    31|          24|          10|
    |selected_total_1_fu_2119_p2   |         +|   0|  0|    71|          64|           1|
    |selected_total_2_fu_2233_p2   |         +|   0|  0|    71|          64|          64|
    |sub60_fu_2183_p2              |         +|   0|  0|    39|          32|           2|
    |sub_ln162_fu_2151_p2          |         -|   0|  0|    39|          32|          32|
    |sub_ln34_10_fu_4417_p2        |         -|   0|  0|    39|           1|          32|
    |sub_ln34_11_fu_4436_p2        |         -|   0|  0|    30|           1|          23|
    |sub_ln34_12_fu_4442_p2        |         -|   0|  0|    39|           1|          32|
    |sub_ln34_13_fu_4461_p2        |         -|   0|  0|    30|           1|          23|
    |sub_ln34_14_fu_4467_p2        |         -|   0|  0|    39|           1|          32|
    |sub_ln34_15_fu_4486_p2        |         -|   0|  0|    30|           1|          23|
    |sub_ln34_1_fu_4311_p2         |         -|   0|  0|    30|           1|          23|
    |sub_ln34_2_fu_4317_p2         |         -|   0|  0|    39|           1|          32|
    |sub_ln34_3_fu_4336_p2         |         -|   0|  0|    30|           1|          23|
    |sub_ln34_4_fu_4342_p2         |         -|   0|  0|    39|           1|          32|
    |sub_ln34_5_fu_4361_p2         |         -|   0|  0|    30|           1|          23|
    |sub_ln34_6_fu_4367_p2         |         -|   0|  0|    39|           1|          32|
    |sub_ln34_7_fu_4386_p2         |         -|   0|  0|    30|           1|          23|
    |sub_ln34_8_fu_4392_p2         |         -|   0|  0|    39|           1|          32|
    |sub_ln34_9_fu_4411_p2         |         -|   0|  0|    30|           1|          23|
    |sub_ln34_fu_4292_p2           |         -|   0|  0|    39|           1|          32|
    |sub_ln39_10_fu_9231_p2        |         -|   0|  0|    31|           1|          24|
    |sub_ln39_11_fu_10697_p2       |         -|   0|  0|    31|           1|          24|
    |sub_ln39_12_fu_9246_p2        |         -|   0|  0|    31|           1|          24|
    |sub_ln39_13_fu_10786_p2       |         -|   0|  0|    31|           1|          24|
    |sub_ln39_14_fu_9261_p2        |         -|   0|  0|    31|           1|          24|
    |sub_ln39_15_fu_10875_p2       |         -|   0|  0|    31|           1|          24|
    |sub_ln39_1_fu_9165_p2         |         -|   0|  0|    31|           1|          24|
    |sub_ln39_2_fu_9171_p2         |         -|   0|  0|    31|           1|          24|
    |sub_ln39_3_fu_10341_p2        |         -|   0|  0|    31|           1|          24|
    |sub_ln39_4_fu_9186_p2         |         -|   0|  0|    31|           1|          24|
    |sub_ln39_5_fu_10430_p2        |         -|   0|  0|    31|           1|          24|
    |sub_ln39_6_fu_9201_p2         |         -|   0|  0|    31|           1|          24|
    |sub_ln39_7_fu_10519_p2        |         -|   0|  0|    31|           1|          24|
    |sub_ln39_8_fu_9216_p2         |         -|   0|  0|    31|           1|          24|
    |sub_ln39_9_fu_10608_p2        |         -|   0|  0|    31|           1|          24|
    |sub_ln39_fu_9146_p2           |         -|   0|  0|    31|           1|          24|
    |sub_ln47_1_fu_9672_p2         |         -|   0|  0|    55|           1|          48|
    |sub_ln47_2_fu_9728_p2         |         -|   0|  0|    55|           1|          48|
    |sub_ln47_3_fu_9784_p2         |         -|   0|  0|    55|           1|          48|
    |sub_ln47_4_fu_9840_p2         |         -|   0|  0|    55|           1|          48|
    |sub_ln47_5_fu_9896_p2         |         -|   0|  0|    55|           1|          48|
    |sub_ln47_6_fu_9952_p2         |         -|   0|  0|    55|           1|          48|
    |sub_ln47_7_fu_10008_p2        |         -|   0|  0|    55|           1|          48|
    |sub_ln47_fu_9616_p2           |         -|   0|  0|    55|           1|          48|
    |sub_ln50_10_fu_4710_p2        |         -|   0|  0|    24|           1|          17|
    |sub_ln50_11_fu_4730_p2        |         -|   0|  0|    24|           1|          17|
    |sub_ln50_12_fu_4753_p2        |         -|   0|  0|    24|           1|          17|
    |sub_ln50_13_fu_4773_p2        |         -|   0|  0|    24|           1|          17|
    |sub_ln50_14_fu_4796_p2        |         -|   0|  0|    24|           1|          17|
    |sub_ln50_15_fu_4816_p2        |         -|   0|  0|    24|           1|          17|
    |sub_ln50_1_fu_4515_p2         |         -|   0|  0|    24|           1|          17|
    |sub_ln50_2_fu_4538_p2         |         -|   0|  0|    24|           1|          17|
    |sub_ln50_3_fu_4558_p2         |         -|   0|  0|    24|           1|          17|
    |sub_ln50_4_fu_4581_p2         |         -|   0|  0|    24|           1|          17|
    |sub_ln50_5_fu_4601_p2         |         -|   0|  0|    24|           1|          17|
    |sub_ln50_6_fu_4624_p2         |         -|   0|  0|    24|           1|          17|
    |sub_ln50_7_fu_4644_p2         |         -|   0|  0|    24|           1|          17|
    |sub_ln50_8_fu_4667_p2         |         -|   0|  0|    24|           1|          17|
    |sub_ln50_9_fu_4687_p2         |         -|   0|  0|    24|           1|          17|
    |sub_ln50_fu_4495_p2           |         -|   0|  0|    24|           1|          17|
    |sub_ln53_10_fu_6954_p2        |         -|   0|  0|    34|           1|          27|
    |sub_ln53_11_fu_7498_p2        |         -|   0|  0|    25|           1|          18|
    |sub_ln53_12_fu_7003_p2        |         -|   0|  0|    34|           1|          27|
    |sub_ln53_13_fu_7582_p2        |         -|   0|  0|    25|           1|          18|
    |sub_ln53_14_fu_7052_p2        |         -|   0|  0|    34|           1|          27|
    |sub_ln53_15_fu_7666_p2        |         -|   0|  0|    25|           1|          18|
    |sub_ln53_1_fu_7078_p2         |         -|   0|  0|    25|           1|          18|
    |sub_ln53_2_fu_6758_p2         |         -|   0|  0|    34|           1|          27|
    |sub_ln53_3_fu_7162_p2         |         -|   0|  0|    25|           1|          18|
    |sub_ln53_4_fu_6807_p2         |         -|   0|  0|    34|           1|          27|
    |sub_ln53_5_fu_7246_p2         |         -|   0|  0|    25|           1|          18|
    |sub_ln53_6_fu_6856_p2         |         -|   0|  0|    34|           1|          27|
    |sub_ln53_7_fu_7330_p2         |         -|   0|  0|    25|           1|          18|
    |sub_ln53_8_fu_6905_p2         |         -|   0|  0|    34|           1|          27|
    |sub_ln53_9_fu_7414_p2         |         -|   0|  0|    25|           1|          18|
    |sub_ln53_fu_6709_p2           |         -|   0|  0|    34|           1|          27|
    |sub_ln55_1_fu_7763_p2         |         -|   0|  0|    19|          12|          11|
    |sub_ln55_2_fu_7783_p2         |         -|   0|  0|    19|          12|          11|
    |sub_ln55_3_fu_7803_p2         |         -|   0|  0|    19|          12|          11|
    |sub_ln55_4_fu_7823_p2         |         -|   0|  0|    19|          12|          11|
    |sub_ln55_5_fu_7843_p2         |         -|   0|  0|    19|          12|          11|
    |sub_ln55_6_fu_7863_p2         |         -|   0|  0|    19|          12|          11|
    |sub_ln55_7_fu_7883_p2         |         -|   0|  0|    19|          12|          11|
    |sub_ln55_fu_7743_p2           |         -|   0|  0|    19|          12|          11|
    |sub_ln56_10_fu_8910_p2        |         -|   0|  0|    33|           1|          26|
    |sub_ln56_11_fu_8926_p2        |         -|   0|  0|    23|           1|          16|
    |sub_ln56_12_fu_9001_p2        |         -|   0|  0|    33|           1|          26|
    |sub_ln56_13_fu_9017_p2        |         -|   0|  0|    23|           1|          16|
    |sub_ln56_14_fu_9092_p2        |         -|   0|  0|    33|           1|          26|
    |sub_ln56_15_fu_9108_p2        |         -|   0|  0|    23|           1|          16|
    |sub_ln56_1_fu_8471_p2         |         -|   0|  0|    23|           1|          16|
    |sub_ln56_2_fu_8546_p2         |         -|   0|  0|    33|           1|          26|
    |sub_ln56_3_fu_8562_p2         |         -|   0|  0|    23|           1|          16|
    |sub_ln56_4_fu_8637_p2         |         -|   0|  0|    33|           1|          26|
    |sub_ln56_5_fu_8653_p2         |         -|   0|  0|    23|           1|          16|
    |sub_ln56_6_fu_8728_p2         |         -|   0|  0|    33|           1|          26|
    |sub_ln56_7_fu_8744_p2         |         -|   0|  0|    23|           1|          16|
    |sub_ln56_8_fu_8819_p2         |         -|   0|  0|    33|           1|          26|
    |sub_ln56_9_fu_8835_p2         |         -|   0|  0|    23|           1|          16|
    |sub_ln56_fu_8455_p2           |         -|   0|  0|    33|           1|          26|
    |sub_ln75_1_fu_2380_p2         |         -|   0|  0|    49|          49|          49|
    |sub_ln75_fu_2374_p2           |         -|   0|  0|    49|           1|          49|
    |sub_ln89_1_fu_9693_p2         |         -|   0|  0|    19|           1|          12|
    |sub_ln89_2_fu_9749_p2         |         -|   0|  0|    19|           1|          12|
    |sub_ln89_3_fu_9805_p2         |         -|   0|  0|    19|           1|          12|
    |sub_ln89_4_fu_9861_p2         |         -|   0|  0|    19|           1|          12|
    |sub_ln89_5_fu_9917_p2         |         -|   0|  0|    19|           1|          12|
    |sub_ln89_6_fu_9973_p2         |         -|   0|  0|    19|           1|          12|
    |sub_ln89_7_fu_10029_p2        |         -|   0|  0|    23|           1|          16|
    |sub_ln89_fu_9637_p2           |         -|   0|  0|    19|           1|          12|
    |sub_ln94_10_fu_5189_p2        |         -|   0|  0|    31|          24|          24|
    |sub_ln94_11_fu_5195_p2        |         -|   0|  0|    31|           1|          24|
    |sub_ln94_12_fu_5702_p2        |         -|   0|  0|    30|           1|          23|
    |sub_ln94_13_fu_5784_p2        |         -|   0|  0|    31|           1|          24|
    |sub_ln94_14_fu_5803_p2        |         -|   0|  0|    30|           1|          23|
    |sub_ln94_15_fu_5220_p2        |         -|   0|  0|    31|          24|          24|
    |sub_ln94_16_fu_5226_p2        |         -|   0|  0|    31|           1|          24|
    |sub_ln94_17_fu_5862_p2        |         -|   0|  0|    30|           1|          23|
    |sub_ln94_18_fu_5944_p2        |         -|   0|  0|    31|           1|          24|
    |sub_ln94_19_fu_5963_p2        |         -|   0|  0|    30|           1|          23|
    |sub_ln94_1_fu_5133_p2         |         -|   0|  0|    31|           1|          24|
    |sub_ln94_20_fu_5251_p2        |         -|   0|  0|    31|          24|          24|
    |sub_ln94_21_fu_5257_p2        |         -|   0|  0|    31|           1|          24|
    |sub_ln94_22_fu_6022_p2        |         -|   0|  0|    30|           1|          23|
    |sub_ln94_23_fu_6104_p2        |         -|   0|  0|    31|           1|          24|
    |sub_ln94_24_fu_6123_p2        |         -|   0|  0|    30|           1|          23|
    |sub_ln94_25_fu_5282_p2        |         -|   0|  0|    31|          24|          24|
    |sub_ln94_26_fu_5288_p2        |         -|   0|  0|    31|           1|          24|
    |sub_ln94_27_fu_6182_p2        |         -|   0|  0|    30|           1|          23|
    |sub_ln94_28_fu_6264_p2        |         -|   0|  0|    31|           1|          24|
    |sub_ln94_29_fu_6283_p2        |         -|   0|  0|    30|           1|          23|
    |sub_ln94_2_fu_5382_p2         |         -|   0|  0|    30|           1|          23|
    |sub_ln94_30_fu_5313_p2        |         -|   0|  0|    31|          24|          24|
    |sub_ln94_31_fu_5319_p2        |         -|   0|  0|    31|           1|          24|
    |sub_ln94_32_fu_6342_p2        |         -|   0|  0|    30|           1|          23|
    |sub_ln94_33_fu_6424_p2        |         -|   0|  0|    31|           1|          24|
    |sub_ln94_34_fu_6443_p2        |         -|   0|  0|    30|           1|          23|
    |sub_ln94_35_fu_5344_p2        |         -|   0|  0|    31|          24|          24|
    |sub_ln94_36_fu_5350_p2        |         -|   0|  0|    31|           1|          24|
    |sub_ln94_37_fu_6502_p2        |         -|   0|  0|    30|           1|          23|
    |sub_ln94_38_fu_6584_p2        |         -|   0|  0|    31|           1|          24|
    |sub_ln94_39_fu_6603_p2        |         -|   0|  0|    30|           1|          23|
    |sub_ln94_3_fu_5464_p2         |         -|   0|  0|    31|           1|          24|
    |sub_ln94_4_fu_5483_p2         |         -|   0|  0|    30|           1|          23|
    |sub_ln94_5_fu_5158_p2         |         -|   0|  0|    31|          24|          24|
    |sub_ln94_6_fu_5164_p2         |         -|   0|  0|    31|           1|          24|
    |sub_ln94_7_fu_5542_p2         |         -|   0|  0|    30|           1|          23|
    |sub_ln94_8_fu_5624_p2         |         -|   0|  0|    31|           1|          24|
    |sub_ln94_9_fu_5643_p2         |         -|   0|  0|    30|           1|          23|
    |sub_ln94_fu_5127_p2           |         -|   0|  0|    31|          24|          24|
    |and_ln72_1_fu_10214_p2        |       and|   0|  0|     2|           1|           1|
    |and_ln72_2_fu_10219_p2        |       and|   0|  0|     2|           1|           1|
    |and_ln72_fu_1931_p2           |       and|   0|  0|     2|           1|           1|
    |and_ln83_1_fu_10201_p2        |       and|   0|  0|     2|           1|           1|
    |and_ln83_2_fu_10984_p2        |       and|   0|  0|     2|           1|           1|
    |and_ln83_3_fu_10996_p2        |       and|   0|  0|     2|           1|           1|
    |and_ln83_4_fu_11001_p2        |       and|   0|  0|     2|           1|           1|
    |and_ln83_5_fu_11005_p2        |       and|   0|  0|     2|           1|           1|
    |and_ln83_fu_10182_p2          |       and|   0|  0|     2|           1|           1|
    |ap_block_state81_io           |       and|   0|  0|     2|           1|           1|
    |cmp142_fu_2189_p2             |      icmp|   0|  0|    39|          32|          32|
    |cmp26_fu_1761_p2              |      icmp|   0|  0|    10|           2|           3|
    |icmp_ln106_1_fu_2169_p2       |      icmp|   0|  0|    33|          26|           1|
    |icmp_ln106_fu_1743_p2         |      icmp|   0|  0|    39|          32|           5|
    |icmp_ln129_fu_1940_p2         |      icmp|   0|  0|    39|          32|          32|
    |icmp_ln133_1_fu_2020_p2       |      icmp|   0|  0|    39|          32|          32|
    |icmp_ln133_fu_2010_p2         |      icmp|   0|  0|    39|          32|          32|
    |icmp_ln233_fu_2321_p2         |      icmp|   0|  0|    39|          32|           1|
    |icmp_ln37_1_fu_1901_p2        |      icmp|   0|  0|    10|           2|           3|
    |icmp_ln37_2_fu_1907_p2        |      icmp|   0|  0|     9|           2|           1|
    |icmp_ln37_3_fu_1913_p2        |      icmp|   0|  0|     9|           2|           1|
    |icmp_ln37_4_fu_1919_p2        |      icmp|   0|  0|    10|           2|           3|
    |icmp_ln37_5_fu_1925_p2        |      icmp|   0|  0|     9|           2|           2|
    |icmp_ln37_fu_1895_p2          |      icmp|   0|  0|     9|           2|           2|
    |icmp_ln72_10_fu_2512_p2       |      icmp|   0|  0|    54|          47|          47|
    |icmp_ln72_11_fu_2524_p2       |      icmp|   0|  0|    54|          47|          47|
    |icmp_ln72_12_fu_3039_p2       |      icmp|   0|  0|    54|          47|          47|
    |icmp_ln72_13_fu_3050_p2       |      icmp|   0|  0|    54|          47|          47|
    |icmp_ln72_14_fu_2570_p2       |      icmp|   0|  0|    54|          47|          47|
    |icmp_ln72_15_fu_2582_p2       |      icmp|   0|  0|    54|          47|          47|
    |icmp_ln72_16_fu_3091_p2       |      icmp|   0|  0|    54|          47|          47|
    |icmp_ln72_17_fu_3102_p2       |      icmp|   0|  0|    54|          47|          47|
    |icmp_ln72_18_fu_2628_p2       |      icmp|   0|  0|    54|          47|          47|
    |icmp_ln72_19_fu_2640_p2       |      icmp|   0|  0|    54|          47|          47|
    |icmp_ln72_1_fu_2894_p2        |      icmp|   0|  0|    54|          47|          47|
    |icmp_ln72_20_fu_3143_p2       |      icmp|   0|  0|    54|          47|          47|
    |icmp_ln72_21_fu_3154_p2       |      icmp|   0|  0|    54|          47|          47|
    |icmp_ln72_22_fu_2686_p2       |      icmp|   0|  0|    54|          47|          47|
    |icmp_ln72_23_fu_2698_p2       |      icmp|   0|  0|    54|          47|          47|
    |icmp_ln72_24_fu_3195_p2       |      icmp|   0|  0|    54|          47|          47|
    |icmp_ln72_25_fu_3206_p2       |      icmp|   0|  0|    54|          47|          47|
    |icmp_ln72_26_fu_2744_p2       |      icmp|   0|  0|    54|          47|          47|
    |icmp_ln72_27_fu_2756_p2       |      icmp|   0|  0|    54|          47|          47|
    |icmp_ln72_28_fu_3247_p2       |      icmp|   0|  0|    54|          47|          47|
    |icmp_ln72_29_fu_3258_p2       |      icmp|   0|  0|    54|          47|          47|
    |icmp_ln72_2_fu_2396_p2        |      icmp|   0|  0|    54|          47|          47|
    |icmp_ln72_30_fu_2802_p2       |      icmp|   0|  0|    54|          47|          47|
    |icmp_ln72_31_fu_2814_p2       |      icmp|   0|  0|    54|          47|          47|
    |icmp_ln72_32_fu_8503_p2       |      icmp|   0|  0|     9|           2|           1|
    |icmp_ln72_33_fu_8594_p2       |      icmp|   0|  0|     9|           2|           1|
    |icmp_ln72_34_fu_8685_p2       |      icmp|   0|  0|     9|           2|           1|
    |icmp_ln72_35_fu_8776_p2       |      icmp|   0|  0|     9|           2|           1|
    |icmp_ln72_36_fu_8867_p2       |      icmp|   0|  0|     9|           2|           1|
    |icmp_ln72_37_fu_8958_p2       |      icmp|   0|  0|     9|           2|           1|
    |icmp_ln72_38_fu_9049_p2       |      icmp|   0|  0|     9|           2|           1|
    |icmp_ln72_39_fu_9140_p2       |      icmp|   0|  0|     9|           2|           1|
    |icmp_ln72_3_fu_2408_p2        |      icmp|   0|  0|    54|          47|          47|
    |icmp_ln72_4_fu_2935_p2        |      icmp|   0|  0|    54|          47|          47|
    |icmp_ln72_5_fu_2946_p2        |      icmp|   0|  0|    54|          47|          47|
    |icmp_ln72_6_fu_2454_p2        |      icmp|   0|  0|    54|          47|          47|
    |icmp_ln72_7_fu_2466_p2        |      icmp|   0|  0|    54|          47|          47|
    |icmp_ln72_8_fu_2987_p2        |      icmp|   0|  0|    54|          47|          47|
    |icmp_ln72_9_fu_2998_p2        |      icmp|   0|  0|    54|          47|          47|
    |icmp_ln72_fu_2883_p2          |      icmp|   0|  0|    54|          47|          47|
    |icmp_ln75_10_fu_2548_p2       |      icmp|   0|  0|    56|          49|          49|
    |icmp_ln75_11_fu_2554_p2       |      icmp|   0|  0|    56|          49|          49|
    |icmp_ln75_12_fu_3072_p2       |      icmp|   0|  0|    56|          49|          49|
    |icmp_ln75_13_fu_3077_p2       |      icmp|   0|  0|    56|          49|          49|
    |icmp_ln75_14_fu_2606_p2       |      icmp|   0|  0|    56|          49|          49|
    |icmp_ln75_15_fu_2612_p2       |      icmp|   0|  0|    56|          49|          49|
    |icmp_ln75_16_fu_8509_p2       |      icmp|   0|  0|    34|          27|          27|
    |icmp_ln75_17_fu_8600_p2       |      icmp|   0|  0|    34|          27|          27|
    |icmp_ln75_18_fu_8691_p2       |      icmp|   0|  0|    34|          27|          27|
    |icmp_ln75_19_fu_8782_p2       |      icmp|   0|  0|    34|          27|          27|
    |icmp_ln75_1_fu_2921_p2        |      icmp|   0|  0|    56|          49|          49|
    |icmp_ln75_20_fu_8873_p2       |      icmp|   0|  0|    34|          27|          27|
    |icmp_ln75_21_fu_8964_p2       |      icmp|   0|  0|    34|          27|          27|
    |icmp_ln75_22_fu_9055_p2       |      icmp|   0|  0|    34|          27|          27|
    |icmp_ln75_23_fu_10035_p2      |      icmp|   0|  0|    34|          27|          27|
    |icmp_ln75_24_fu_3124_p2       |      icmp|   0|  0|    56|          49|          49|
    |icmp_ln75_25_fu_3129_p2       |      icmp|   0|  0|    56|          49|          49|
    |icmp_ln75_26_fu_2664_p2       |      icmp|   0|  0|    56|          49|          49|
    |icmp_ln75_27_fu_2670_p2       |      icmp|   0|  0|    56|          49|          49|
    |icmp_ln75_28_fu_3176_p2       |      icmp|   0|  0|    56|          49|          49|
    |icmp_ln75_29_fu_3181_p2       |      icmp|   0|  0|    56|          49|          49|
    |icmp_ln75_2_fu_2432_p2        |      icmp|   0|  0|    56|          49|          49|
    |icmp_ln75_30_fu_2722_p2       |      icmp|   0|  0|    56|          49|          49|
    |icmp_ln75_31_fu_2728_p2       |      icmp|   0|  0|    56|          49|          49|
    |icmp_ln75_32_fu_3228_p2       |      icmp|   0|  0|    56|          49|          49|
    |icmp_ln75_33_fu_3233_p2       |      icmp|   0|  0|    56|          49|          49|
    |icmp_ln75_34_fu_2780_p2       |      icmp|   0|  0|    56|          49|          49|
    |icmp_ln75_35_fu_2786_p2       |      icmp|   0|  0|    56|          49|          49|
    |icmp_ln75_36_fu_3280_p2       |      icmp|   0|  0|    56|          49|          49|
    |icmp_ln75_37_fu_3285_p2       |      icmp|   0|  0|    56|          49|          49|
    |icmp_ln75_38_fu_2838_p2       |      icmp|   0|  0|    56|          49|          49|
    |icmp_ln75_39_fu_2844_p2       |      icmp|   0|  0|    56|          49|          49|
    |icmp_ln75_3_fu_2438_p2        |      icmp|   0|  0|    56|          49|          49|
    |icmp_ln75_4_fu_2968_p2        |      icmp|   0|  0|    56|          49|          49|
    |icmp_ln75_5_fu_2973_p2        |      icmp|   0|  0|    56|          49|          49|
    |icmp_ln75_6_fu_2490_p2        |      icmp|   0|  0|    56|          49|          49|
    |icmp_ln75_7_fu_2496_p2        |      icmp|   0|  0|    56|          49|          49|
    |icmp_ln75_8_fu_3020_p2        |      icmp|   0|  0|    56|          49|          49|
    |icmp_ln75_9_fu_3025_p2        |      icmp|   0|  0|    56|          49|          49|
    |icmp_ln75_fu_2916_p2          |      icmp|   0|  0|    56|          49|          49|
    |icmp_ln83_10_fu_10467_p2      |      icmp|   0|  0|    32|          25|          11|
    |icmp_ln83_11_fu_10556_p2      |      icmp|   0|  0|    32|          25|          11|
    |icmp_ln83_12_fu_10645_p2      |      icmp|   0|  0|    32|          25|          11|
    |icmp_ln83_13_fu_10734_p2      |      icmp|   0|  0|    32|          25|          11|
    |icmp_ln83_14_fu_10823_p2      |      icmp|   0|  0|    32|          25|          11|
    |icmp_ln83_15_fu_10912_p2      |      icmp|   0|  0|    32|          25|          11|
    |icmp_ln83_16_fu_9281_p2       |      icmp|   0|  0|    31|          24|          11|
    |icmp_ln83_17_fu_9328_p2       |      icmp|   0|  0|    31|          24|          11|
    |icmp_ln83_18_fu_9375_p2       |      icmp|   0|  0|    31|          24|          11|
    |icmp_ln83_19_fu_9422_p2       |      icmp|   0|  0|    31|          24|          11|
    |icmp_ln83_1_fu_7198_p2        |      icmp|   0|  0|    31|          24|          11|
    |icmp_ln83_20_fu_9469_p2       |      icmp|   0|  0|    31|          24|          11|
    |icmp_ln83_21_fu_9516_p2       |      icmp|   0|  0|    31|          24|          11|
    |icmp_ln83_22_fu_9563_p2       |      icmp|   0|  0|    31|          24|          11|
    |icmp_ln83_23_fu_9610_p2       |      icmp|   0|  0|    31|          24|          11|
    |icmp_ln83_24_fu_8220_p2       |      icmp|   0|  0|    31|          24|          12|
    |icmp_ln83_25_fu_8248_p2       |      icmp|   0|  0|    31|          24|          12|
    |icmp_ln83_26_fu_8276_p2       |      icmp|   0|  0|    31|          24|          12|
    |icmp_ln83_27_fu_8304_p2       |      icmp|   0|  0|    31|          24|          12|
    |icmp_ln83_28_fu_8332_p2       |      icmp|   0|  0|    31|          24|          12|
    |icmp_ln83_29_fu_8360_p2       |      icmp|   0|  0|    31|          24|          12|
    |icmp_ln83_2_fu_7282_p2        |      icmp|   0|  0|    31|          24|          11|
    |icmp_ln83_30_fu_8388_p2       |      icmp|   0|  0|    31|          24|          12|
    |icmp_ln83_31_fu_8416_p2       |      icmp|   0|  0|    31|          24|          12|
    |icmp_ln83_3_fu_7366_p2        |      icmp|   0|  0|    31|          24|          11|
    |icmp_ln83_4_fu_7450_p2        |      icmp|   0|  0|    31|          24|          11|
    |icmp_ln83_5_fu_7534_p2        |      icmp|   0|  0|    31|          24|          11|
    |icmp_ln83_6_fu_7618_p2        |      icmp|   0|  0|    31|          24|          11|
    |icmp_ln83_7_fu_7702_p2        |      icmp|   0|  0|    31|          24|          11|
    |icmp_ln83_8_fu_10289_p2       |      icmp|   0|  0|    32|          25|          11|
    |icmp_ln83_9_fu_10378_p2       |      icmp|   0|  0|    32|          25|          11|
    |icmp_ln83_fu_7114_p2          |      icmp|   0|  0|    31|          24|          11|
    |icmp_ln86_10_fu_10473_p2      |      icmp|   0|  0|    32|          25|          12|
    |icmp_ln86_11_fu_10562_p2      |      icmp|   0|  0|    32|          25|          12|
    |icmp_ln86_12_fu_10651_p2      |      icmp|   0|  0|    32|          25|          12|
    |icmp_ln86_13_fu_10740_p2      |      icmp|   0|  0|    32|          25|          12|
    |icmp_ln86_14_fu_10829_p2      |      icmp|   0|  0|    32|          25|          12|
    |icmp_ln86_15_fu_9287_p2       |      icmp|   0|  0|    31|          24|          12|
    |icmp_ln86_16_fu_9334_p2       |      icmp|   0|  0|    31|          24|          12|
    |icmp_ln86_17_fu_9381_p2       |      icmp|   0|  0|    31|          24|          12|
    |icmp_ln86_18_fu_9428_p2       |      icmp|   0|  0|    31|          24|          12|
    |icmp_ln86_19_fu_9475_p2       |      icmp|   0|  0|    31|          24|          12|
    |icmp_ln86_1_fu_7204_p2        |      icmp|   0|  0|    31|          24|          12|
    |icmp_ln86_20_fu_9522_p2       |      icmp|   0|  0|    31|          24|          12|
    |icmp_ln86_21_fu_9569_p2       |      icmp|   0|  0|    31|          24|          12|
    |icmp_ln86_22_fu_8225_p2       |      icmp|   0|  0|    31|          24|          13|
    |icmp_ln86_23_fu_8253_p2       |      icmp|   0|  0|    31|          24|          13|
    |icmp_ln86_24_fu_8281_p2       |      icmp|   0|  0|    31|          24|          13|
    |icmp_ln86_25_fu_8309_p2       |      icmp|   0|  0|    31|          24|          13|
    |icmp_ln86_26_fu_8337_p2       |      icmp|   0|  0|    31|          24|          13|
    |icmp_ln86_27_fu_8365_p2       |      icmp|   0|  0|    31|          24|          13|
    |icmp_ln86_28_fu_8393_p2       |      icmp|   0|  0|    31|          24|          13|
    |icmp_ln86_29_fu_10918_p2      |      icmp|   0|  0|    32|          25|          12|
    |icmp_ln86_2_fu_7288_p2        |      icmp|   0|  0|    31|          24|          12|
    |icmp_ln86_30_fu_10048_p2      |      icmp|   0|  0|    31|          24|          12|
    |icmp_ln86_31_fu_8196_p2       |      icmp|   0|  0|    31|          24|          13|
    |icmp_ln86_3_fu_7372_p2        |      icmp|   0|  0|    31|          24|          12|
    |icmp_ln86_4_fu_7456_p2        |      icmp|   0|  0|    31|          24|          12|
    |icmp_ln86_5_fu_7540_p2        |      icmp|   0|  0|    31|          24|          12|
    |icmp_ln86_6_fu_7624_p2        |      icmp|   0|  0|    31|          24|          12|
    |icmp_ln86_7_fu_7708_p2        |      icmp|   0|  0|    31|          24|          12|
    |icmp_ln86_8_fu_10295_p2       |      icmp|   0|  0|    32|          25|          12|
    |icmp_ln86_9_fu_10384_p2       |      icmp|   0|  0|    32|          25|          12|
    |icmp_ln86_fu_7120_p2          |      icmp|   0|  0|    31|          24|          12|
    |icmp_ln98_10_fu_6239_p2       |      icmp|   0|  0|    30|          23|          11|
    |icmp_ln98_11_fu_6927_p2       |      icmp|   0|  0|    30|          23|          11|
    |icmp_ln98_12_fu_6399_p2       |      icmp|   0|  0|    30|          23|          11|
    |icmp_ln98_13_fu_6976_p2       |      icmp|   0|  0|    30|          23|          11|
    |icmp_ln98_14_fu_6559_p2       |      icmp|   0|  0|    30|          23|          11|
    |icmp_ln98_15_fu_7025_p2       |      icmp|   0|  0|    30|          23|          11|
    |icmp_ln98_1_fu_6682_p2        |      icmp|   0|  0|    30|          23|          11|
    |icmp_ln98_2_fu_5599_p2        |      icmp|   0|  0|    30|          23|          11|
    |icmp_ln98_3_fu_6731_p2        |      icmp|   0|  0|    30|          23|          11|
    |icmp_ln98_4_fu_5759_p2        |      icmp|   0|  0|    30|          23|          11|
    |icmp_ln98_5_fu_6780_p2        |      icmp|   0|  0|    30|          23|          11|
    |icmp_ln98_6_fu_5919_p2        |      icmp|   0|  0|    30|          23|          11|
    |icmp_ln98_7_fu_6829_p2        |      icmp|   0|  0|    30|          23|          11|
    |icmp_ln98_8_fu_6079_p2        |      icmp|   0|  0|    30|          23|          11|
    |icmp_ln98_9_fu_6878_p2        |      icmp|   0|  0|    30|          23|          11|
    |icmp_ln98_fu_5439_p2          |      icmp|   0|  0|    30|          23|          11|
    |ap_block_state1               |        or|   0|  0|     2|           1|           1|
    |ap_block_state2_io            |        or|   0|  0|     2|           1|           1|
    |ap_block_state316_io          |        or|   0|  0|     2|           1|           1|
    |ap_block_state387             |        or|   0|  0|     2|           1|           1|
    |ap_block_state3_io            |        or|   0|  0|     2|           1|           1|
    |ap_block_state530_io          |        or|   0|  0|     2|           1|           1|
    |ap_block_state73              |        or|   0|  0|     2|           1|           1|
    |ap_block_state81              |        or|   0|  0|     2|           1|           1|
    |grp_fu_1424_p2                |        or|   0|  0|    32|          32|           1|
    |grp_fu_1429_p2                |        or|   0|  0|    32|          32|           2|
    |grp_fu_1434_p2                |        or|   0|  0|    32|          32|           2|
    |grp_fu_1439_p2                |        or|   0|  0|    32|          32|           3|
    |grp_fu_1444_p2                |        or|   0|  0|    32|          32|           3|
    |grp_fu_1449_p2                |        or|   0|  0|    32|          32|           3|
    |grp_fu_1454_p2                |        or|   0|  0|    32|          32|           3|
    |or_ln133_fu_2024_p2           |        or|   0|  0|     2|           1|           1|
    |or_ln72_10_fu_3977_p2         |        or|   0|  0|     2|           1|           1|
    |or_ln72_11_fu_3543_p2         |        or|   0|  0|     2|           1|           1|
    |or_ln72_12_fu_4022_p2         |        or|   0|  0|     2|           1|           1|
    |or_ln72_13_fu_3588_p2         |        or|   0|  0|     2|           1|           1|
    |or_ln72_14_fu_4067_p2         |        or|   0|  0|     2|           1|           1|
    |or_ln72_15_fu_3633_p2         |        or|   0|  0|     2|           1|           1|
    |or_ln72_16_fu_8522_p2         |        or|   0|  0|     2|           1|           1|
    |or_ln72_17_fu_8613_p2         |        or|   0|  0|     2|           1|           1|
    |or_ln72_18_fu_8704_p2         |        or|   0|  0|     2|           1|           1|
    |or_ln72_19_fu_8795_p2         |        or|   0|  0|     2|           1|           1|
    |or_ln72_1_fu_3318_p2          |        or|   0|  0|     2|           1|           1|
    |or_ln72_20_fu_8886_p2         |        or|   0|  0|     2|           1|           1|
    |or_ln72_21_fu_8977_p2         |        or|   0|  0|     2|           1|           1|
    |or_ln72_22_fu_9068_p2         |        or|   0|  0|     2|           1|           1|
    |or_ln72_23_fu_11028_p2        |        or|   0|  0|     2|           1|           1|
    |or_ln72_2_fu_3797_p2          |        or|   0|  0|     2|           1|           1|
    |or_ln72_3_fu_3363_p2          |        or|   0|  0|     2|           1|           1|
    |or_ln72_4_fu_3842_p2          |        or|   0|  0|     2|           1|           1|
    |or_ln72_5_fu_3408_p2          |        or|   0|  0|     2|           1|           1|
    |or_ln72_6_fu_3887_p2          |        or|   0|  0|     2|           1|           1|
    |or_ln72_7_fu_3453_p2          |        or|   0|  0|     2|           1|           1|
    |or_ln72_8_fu_3932_p2          |        or|   0|  0|     2|           1|           1|
    |or_ln72_9_fu_3498_p2          |        or|   0|  0|     2|           1|           1|
    |or_ln72_fu_3752_p2            |        or|   0|  0|     2|           1|           1|
    |or_ln83_10_fu_10491_p2        |        or|   0|  0|     2|           1|           1|
    |or_ln83_11_fu_10580_p2        |        or|   0|  0|     2|           1|           1|
    |or_ln83_12_fu_10669_p2        |        or|   0|  0|     2|           1|           1|
    |or_ln83_13_fu_10758_p2        |        or|   0|  0|     2|           1|           1|
    |or_ln83_14_fu_10847_p2        |        or|   0|  0|     2|           1|           1|
    |or_ln83_15_fu_9305_p2         |        or|   0|  0|     2|           1|           1|
    |or_ln83_16_fu_9352_p2         |        or|   0|  0|     2|           1|           1|
    |or_ln83_17_fu_9399_p2         |        or|   0|  0|     2|           1|           1|
    |or_ln83_18_fu_9446_p2         |        or|   0|  0|     2|           1|           1|
    |or_ln83_19_fu_9493_p2         |        or|   0|  0|     2|           1|           1|
    |or_ln83_1_fu_7222_p2          |        or|   0|  0|     2|           1|           1|
    |or_ln83_20_fu_9540_p2         |        or|   0|  0|     2|           1|           1|
    |or_ln83_21_fu_9587_p2         |        or|   0|  0|     2|           1|           1|
    |or_ln83_22_fu_9656_p2         |        or|   0|  0|     2|           1|           1|
    |or_ln83_23_fu_9712_p2         |        or|   0|  0|     2|           1|           1|
    |or_ln83_24_fu_9768_p2         |        or|   0|  0|     2|           1|           1|
    |or_ln83_25_fu_9824_p2         |        or|   0|  0|     2|           1|           1|
    |or_ln83_26_fu_9880_p2         |        or|   0|  0|     2|           1|           1|
    |or_ln83_27_fu_9936_p2         |        or|   0|  0|     2|           1|           1|
    |or_ln83_28_fu_9992_p2         |        or|   0|  0|     2|           1|           1|
    |or_ln83_29_fu_11009_p2        |        or|   0|  0|     2|           1|           1|
    |or_ln83_2_fu_7306_p2          |        or|   0|  0|     2|           1|           1|
    |or_ln83_30_fu_11015_p2        |        or|   0|  0|     2|           1|           1|
    |or_ln83_3_fu_7390_p2          |        or|   0|  0|     2|           1|           1|
    |or_ln83_4_fu_7474_p2          |        or|   0|  0|     2|           1|           1|
    |or_ln83_5_fu_7558_p2          |        or|   0|  0|     2|           1|           1|
    |or_ln83_6_fu_7642_p2          |        or|   0|  0|     2|           1|           1|
    |or_ln83_7_fu_7726_p2          |        or|   0|  0|     2|           1|           1|
    |or_ln83_8_fu_10313_p2         |        or|   0|  0|     2|           1|           1|
    |or_ln83_9_fu_10402_p2         |        or|   0|  0|     2|           1|           1|
    |or_ln83_fu_7138_p2            |        or|   0|  0|     2|           1|           1|
    |candidate_1_fu_7228_p3        |    select|   0|  0|    12|           1|          12|
    |candidate_2_fu_7312_p3        |    select|   0|  0|    12|           1|          12|
    |candidate_3_fu_7396_p3        |    select|   0|  0|    12|           1|          12|
    |candidate_4_fu_7480_p3        |    select|   0|  0|    12|           1|          12|
    |candidate_5_fu_7564_p3        |    select|   0|  0|    12|           1|          12|
    |candidate_6_fu_7648_p3        |    select|   0|  0|    12|           1|          12|
    |candidate_7_fu_7732_p3        |    select|   0|  0|    12|           1|          12|
    |candidate_fu_7144_p3          |    select|   0|  0|    12|           1|          12|
    |divisor_fu_2342_p3            |    select|   0|  0|    32|           1|           1|
    |event_value_1_fu_3368_p3      |    select|   0|  0|    16|           1|          16|
    |event_value_2_fu_3413_p3      |    select|   0|  0|    16|           1|          16|
    |event_value_3_fu_3458_p3      |    select|   0|  0|    16|           1|          16|
    |event_value_4_fu_3503_p3      |    select|   0|  0|    16|           1|          16|
    |event_value_5_fu_3548_p3      |    select|   0|  0|    16|           1|          16|
    |event_value_6_fu_3593_p3      |    select|   0|  0|    16|           1|          16|
    |event_value_7_fu_3638_p3      |    select|   0|  0|    16|           1|          16|
    |event_value_fu_3323_p3        |    select|   0|  0|    16|           1|          16|
    |neighbor_value_1_fu_3802_p3   |    select|   0|  0|    16|           1|          16|
    |neighbor_value_2_fu_3847_p3   |    select|   0|  0|    16|           1|          16|
    |neighbor_value_3_fu_3892_p3   |    select|   0|  0|    16|           1|          16|
    |neighbor_value_4_fu_3937_p3   |    select|   0|  0|    16|           1|          16|
    |neighbor_value_5_fu_3982_p3   |    select|   0|  0|    16|           1|          16|
    |neighbor_value_6_fu_4027_p3   |    select|   0|  0|    16|           1|          16|
    |neighbor_value_7_fu_4072_p3   |    select|   0|  0|    16|           1|          16|
    |neighbor_value_fu_3757_p3     |    select|   0|  0|    16|           1|          16|
    |output_15_fu_11033_p3         |    select|   0|  0|    16|           1|          16|
    |output_16_fu_10319_p3         |    select|   0|  0|    12|           1|          12|
    |output_17_fu_10408_p3         |    select|   0|  0|    12|           1|          12|
    |output_18_fu_10497_p3         |    select|   0|  0|    12|           1|          12|
    |output_19_fu_10586_p3         |    select|   0|  0|    12|           1|          12|
    |output_20_fu_10675_p3         |    select|   0|  0|    12|           1|          12|
    |output_21_fu_10764_p3         |    select|   0|  0|    12|           1|          12|
    |output_22_fu_10853_p3         |    select|   0|  0|    12|           1|          12|
    |recent_count_fu_2175_p3       |    select|   0|  0|     8|           1|           7|
    |reset_1_fu_5609_p3            |    select|   0|  0|    12|           1|          12|
    |reset_2_fu_5769_p3            |    select|   0|  0|    12|           1|          12|
    |reset_3_fu_5929_p3            |    select|   0|  0|    12|           1|          12|
    |reset_4_fu_6089_p3            |    select|   0|  0|    12|           1|          12|
    |reset_5_fu_6249_p3            |    select|   0|  0|    12|           1|          12|
    |reset_6_fu_6409_p3            |    select|   0|  0|    12|           1|          12|
    |reset_7_fu_6569_p3            |    select|   0|  0|    12|           1|          12|
    |reset_fu_5449_p3              |    select|   0|  0|    12|           1|          12|
    |result_11_fu_6774_p3          |    select|   0|  0|    23|           1|           1|
    |result_13_fu_5911_p3          |    select|   0|  0|    23|           1|           1|
    |result_15_fu_6823_p3          |    select|   0|  0|    23|           1|           1|
    |result_17_fu_6071_p3          |    select|   0|  0|    23|           1|           1|
    |result_19_fu_6872_p3          |    select|   0|  0|    23|           1|           1|
    |result_1_fu_5431_p3           |    select|   0|  0|    23|           1|           1|
    |result_21_fu_6231_p3          |    select|   0|  0|    23|           1|           1|
    |result_23_fu_6921_p3          |    select|   0|  0|    23|           1|           1|
    |result_25_fu_6391_p3          |    select|   0|  0|    23|           1|           1|
    |result_27_fu_6970_p3          |    select|   0|  0|    23|           1|           1|
    |result_29_fu_6551_p3          |    select|   0|  0|    23|           1|           1|
    |result_31_fu_7019_p3          |    select|   0|  0|    23|           1|           1|
    |result_3_fu_6676_p3           |    select|   0|  0|    23|           1|           1|
    |result_5_fu_5591_p3           |    select|   0|  0|    23|           1|           1|
    |result_7_fu_6725_p3           |    select|   0|  0|    23|           1|           1|
    |result_9_fu_5751_p3           |    select|   0|  0|    23|           1|           1|
    |scan_budget_fu_1749_p3        |    select|   0|  0|     5|           1|           5|
    |select_ln34_1_fu_4892_p3      |    select|   0|  0|    23|           1|          23|
    |select_ln34_2_fu_4928_p3      |    select|   0|  0|    23|           1|          23|
    |select_ln34_3_fu_4964_p3      |    select|   0|  0|    23|           1|          23|
    |select_ln34_4_fu_5000_p3      |    select|   0|  0|    23|           1|          23|
    |select_ln34_5_fu_5036_p3      |    select|   0|  0|    23|           1|          23|
    |select_ln34_6_fu_5072_p3      |    select|   0|  0|    23|           1|          23|
    |select_ln34_7_fu_5108_p3      |    select|   0|  0|    23|           1|          23|
    |select_ln34_fu_4856_p3        |    select|   0|  0|    23|           1|          23|
    |select_ln37_10_fu_10128_p3    |    select|   0|  0|    16|           1|          16|
    |select_ln37_11_fu_10954_p3    |    select|   0|  0|    16|           1|          16|
    |select_ln37_12_fu_10135_p3    |    select|   0|  0|    16|           1|          16|
    |select_ln37_13_fu_10142_p3    |    select|   0|  0|    16|           1|          16|
    |select_ln37_14_fu_10960_p3    |    select|   0|  0|    16|           1|          16|
    |select_ln37_15_fu_10149_p3    |    select|   0|  0|    16|           1|          16|
    |select_ln37_16_fu_10156_p3    |    select|   0|  0|    16|           1|          16|
    |select_ln37_17_fu_10966_p3    |    select|   0|  0|    16|           1|          16|
    |select_ln37_18_fu_10163_p3    |    select|   0|  0|    16|           1|          16|
    |select_ln37_19_fu_10170_p3    |    select|   0|  0|    16|           1|          16|
    |select_ln37_1_fu_10086_p3     |    select|   0|  0|    16|           1|          16|
    |select_ln37_20_fu_10972_p3    |    select|   0|  0|    16|           1|          16|
    |select_ln37_2_fu_10936_p3     |    select|   0|  0|    16|           1|          16|
    |select_ln37_3_fu_10093_p3     |    select|   0|  0|    16|           1|          16|
    |select_ln37_4_fu_10100_p3     |    select|   0|  0|    16|           1|          16|
    |select_ln37_5_fu_10942_p3     |    select|   0|  0|    16|           1|          16|
    |select_ln37_6_fu_10107_p3     |    select|   0|  0|    16|           1|          16|
    |select_ln37_7_fu_10114_p3     |    select|   0|  0|    16|           1|          16|
    |select_ln37_8_fu_10948_p3     |    select|   0|  0|    16|           1|          16|
    |select_ln37_9_fu_10121_p3     |    select|   0|  0|    16|           1|          16|
    |select_ln37_fu_10079_p3       |    select|   0|  0|    16|           1|          16|
    |select_ln39_1_fu_10360_p3     |    select|   0|  0|    24|           1|          24|
    |select_ln39_2_fu_10449_p3     |    select|   0|  0|    24|           1|          24|
    |select_ln39_3_fu_10538_p3     |    select|   0|  0|    24|           1|          24|
    |select_ln39_4_fu_10627_p3     |    select|   0|  0|    24|           1|          24|
    |select_ln39_5_fu_10716_p3     |    select|   0|  0|    24|           1|          24|
    |select_ln39_6_fu_10805_p3     |    select|   0|  0|    24|           1|          24|
    |select_ln39_7_fu_10894_p3     |    select|   0|  0|    24|           1|          24|
    |select_ln39_fu_10272_p3       |    select|   0|  0|    24|           1|          24|
    |select_ln47_1_fu_9699_p3      |    select|   0|  0|    12|           1|          12|
    |select_ln47_2_fu_9755_p3      |    select|   0|  0|    12|           1|          12|
    |select_ln47_3_fu_9811_p3      |    select|   0|  0|    12|           1|          12|
    |select_ln47_4_fu_9867_p3      |    select|   0|  0|    12|           1|          12|
    |select_ln47_5_fu_9923_p3      |    select|   0|  0|    12|           1|          12|
    |select_ln47_6_fu_9979_p3      |    select|   0|  0|    12|           1|          12|
    |select_ln47_7_fu_10066_p3     |    select|   0|  0|    16|           1|          16|
    |select_ln47_fu_9643_p3        |    select|   0|  0|    12|           1|          12|
    |select_ln50_1_fu_4571_p3      |    select|   0|  0|    17|           1|          17|
    |select_ln50_2_fu_4614_p3      |    select|   0|  0|    17|           1|          17|
    |select_ln50_3_fu_4657_p3      |    select|   0|  0|    17|           1|          17|
    |select_ln50_4_fu_4700_p3      |    select|   0|  0|    17|           1|          17|
    |select_ln50_5_fu_4743_p3      |    select|   0|  0|    17|           1|          17|
    |select_ln50_6_fu_4786_p3      |    select|   0|  0|    17|           1|          17|
    |select_ln50_7_fu_4829_p3      |    select|   0|  0|    17|           1|          17|
    |select_ln50_fu_4528_p3        |    select|   0|  0|    17|           1|          17|
    |select_ln53_1_fu_7181_p3      |    select|   0|  0|    18|           1|          18|
    |select_ln53_2_fu_7265_p3      |    select|   0|  0|    18|           1|          18|
    |select_ln53_3_fu_7349_p3      |    select|   0|  0|    18|           1|          18|
    |select_ln53_4_fu_7433_p3      |    select|   0|  0|    18|           1|          18|
    |select_ln53_5_fu_7517_p3      |    select|   0|  0|    18|           1|          18|
    |select_ln53_6_fu_7601_p3      |    select|   0|  0|    18|           1|          18|
    |select_ln53_7_fu_7685_p3      |    select|   0|  0|    18|           1|          18|
    |select_ln53_fu_7097_p3        |    select|   0|  0|    18|           1|          18|
    |select_ln56_1_fu_8577_p3      |    select|   0|  0|    16|           1|          16|
    |select_ln56_2_fu_8668_p3      |    select|   0|  0|    16|           1|          16|
    |select_ln56_3_fu_8759_p3      |    select|   0|  0|    16|           1|          16|
    |select_ln56_4_fu_8850_p3      |    select|   0|  0|    16|           1|          16|
    |select_ln56_5_fu_8941_p3      |    select|   0|  0|    16|           1|          16|
    |select_ln56_6_fu_9032_p3      |    select|   0|  0|    16|           1|          16|
    |select_ln56_7_fu_9123_p3      |    select|   0|  0|    16|           1|          16|
    |select_ln56_fu_8486_p3        |    select|   0|  0|    16|           1|          16|
    |select_ln72_10_fu_2957_p3     |    select|   0|  0|     2|           1|           1|
    |select_ln72_11_fu_3401_p3     |    select|   0|  0|    17|           1|          15|
    |select_ln72_13_fu_3880_p3     |    select|   0|  0|    17|           1|          15|
    |select_ln72_14_fu_8528_p3     |    select|   0|  0|    16|           1|          16|
    |select_ln72_15_fu_8710_p3     |    select|   0|  0|    16|           1|          16|
    |select_ln72_16_fu_8801_p3     |    select|   0|  0|    16|           1|          16|
    |select_ln72_17_fu_8892_p3     |    select|   0|  0|    16|           1|          16|
    |select_ln72_18_fu_8983_p3     |    select|   0|  0|    16|           1|          16|
    |select_ln72_19_fu_9074_p3     |    select|   0|  0|    16|           1|          16|
    |select_ln72_1_fu_3745_p3      |    select|   0|  0|    17|           1|          15|
    |select_ln72_20_fu_2478_p3     |    select|   0|  0|     2|           1|           1|
    |select_ln72_21_fu_3446_p3     |    select|   0|  0|    17|           1|          15|
    |select_ln72_23_fu_3925_p3     |    select|   0|  0|    17|           1|          15|
    |select_ln72_24_fu_3009_p3     |    select|   0|  0|     2|           1|           1|
    |select_ln72_25_fu_3491_p3     |    select|   0|  0|    17|           1|          15|
    |select_ln72_27_fu_3970_p3     |    select|   0|  0|    17|           1|          15|
    |select_ln72_28_fu_2536_p3     |    select|   0|  0|     2|           1|           1|
    |select_ln72_29_fu_3536_p3     |    select|   0|  0|    17|           1|          15|
    |select_ln72_2_fu_2905_p3      |    select|   0|  0|     2|           1|           1|
    |select_ln72_31_fu_4015_p3     |    select|   0|  0|    17|           1|          15|
    |select_ln72_32_fu_3061_p3     |    select|   0|  0|     2|           1|           1|
    |select_ln72_33_fu_3581_p3     |    select|   0|  0|    17|           1|          15|
    |select_ln72_35_fu_4060_p3     |    select|   0|  0|    17|           1|          15|
    |select_ln72_36_fu_2594_p3     |    select|   0|  0|     2|           1|           1|
    |select_ln72_37_fu_3626_p3     |    select|   0|  0|    17|           1|          15|
    |select_ln72_39_fu_8514_p3     |    select|   0|  0|    17|           1|          15|
    |select_ln72_3_fu_3311_p3      |    select|   0|  0|    17|           1|          15|
    |select_ln72_40_fu_8605_p3     |    select|   0|  0|    17|           1|          15|
    |select_ln72_41_fu_8696_p3     |    select|   0|  0|    17|           1|          15|
    |select_ln72_42_fu_8787_p3     |    select|   0|  0|    17|           1|          15|
    |select_ln72_43_fu_8878_p3     |    select|   0|  0|    17|           1|          15|
    |select_ln72_44_fu_8969_p3     |    select|   0|  0|    17|           1|          15|
    |select_ln72_45_fu_9060_p3     |    select|   0|  0|    17|           1|          15|
    |select_ln72_46_fu_3113_p3     |    select|   0|  0|     2|           1|           1|
    |select_ln72_48_fu_2652_p3     |    select|   0|  0|     2|           1|           1|
    |select_ln72_50_fu_3165_p3     |    select|   0|  0|     2|           1|           1|
    |select_ln72_52_fu_2710_p3     |    select|   0|  0|     2|           1|           1|
    |select_ln72_54_fu_3217_p3     |    select|   0|  0|     2|           1|           1|
    |select_ln72_56_fu_2768_p3     |    select|   0|  0|     2|           1|           1|
    |select_ln72_58_fu_3269_p3     |    select|   0|  0|     2|           1|           1|
    |select_ln72_5_fu_3790_p3      |    select|   0|  0|    17|           1|          15|
    |select_ln72_60_fu_2826_p3     |    select|   0|  0|     2|           1|           1|
    |select_ln72_62_fu_11021_p3    |    select|   0|  0|    15|           1|          15|
    |select_ln72_6_fu_2420_p3      |    select|   0|  0|     2|           1|           1|
    |select_ln72_7_fu_3356_p3      |    select|   0|  0|    17|           1|          15|
    |select_ln72_9_fu_3835_p3      |    select|   0|  0|    17|           1|          15|
    |select_ln72_fu_8619_p3        |    select|   0|  0|    16|           1|          16|
    |select_ln75_10_fu_3480_p3     |    select|   0|  0|     2|           1|           1|
    |select_ln75_11_fu_3959_p3     |    select|   0|  0|     2|           1|           1|
    |select_ln75_12_fu_3525_p3     |    select|   0|  0|     2|           1|           1|
    |select_ln75_13_fu_4004_p3     |    select|   0|  0|     2|           1|           1|
    |select_ln75_14_fu_3570_p3     |    select|   0|  0|     2|           1|           1|
    |select_ln75_15_fu_4049_p3     |    select|   0|  0|     2|           1|           1|
    |select_ln75_16_fu_3615_p3     |    select|   0|  0|     2|           1|           1|
    |select_ln75_1_fu_3734_p3      |    select|   0|  0|     2|           1|           1|
    |select_ln75_2_fu_3300_p3      |    select|   0|  0|     2|           1|           1|
    |select_ln75_3_fu_3779_p3      |    select|   0|  0|     2|           1|           1|
    |select_ln75_4_fu_3345_p3      |    select|   0|  0|     2|           1|           1|
    |select_ln75_5_fu_3824_p3      |    select|   0|  0|     2|           1|           1|
    |select_ln75_6_fu_3390_p3      |    select|   0|  0|     2|           1|           1|
    |select_ln75_7_fu_3869_p3      |    select|   0|  0|     2|           1|           1|
    |select_ln75_8_fu_3435_p3      |    select|   0|  0|     2|           1|           1|
    |select_ln75_9_fu_3914_p3      |    select|   0|  0|     2|           1|           1|
    |select_ln75_fu_10040_p3       |    select|   0|  0|    17|           1|          17|
    |select_ln83_10_fu_9828_p3     |    select|   0|  0|    12|           1|          12|
    |select_ln83_11_fu_9884_p3     |    select|   0|  0|    12|           1|          12|
    |select_ln83_12_fu_9940_p3     |    select|   0|  0|    12|           1|          12|
    |select_ln83_13_fu_9996_p3     |    select|   0|  0|    12|           1|          12|
    |select_ln83_14_fu_7130_p3     |    select|   0|  0|    12|           1|          11|
    |select_ln83_16_fu_7214_p3     |    select|   0|  0|    12|           1|          11|
    |select_ln83_18_fu_7298_p3     |    select|   0|  0|    12|           1|          11|
    |select_ln83_1_fu_9358_p3      |    select|   0|  0|    12|           1|          12|
    |select_ln83_20_fu_7382_p3     |    select|   0|  0|    12|           1|          11|
    |select_ln83_22_fu_7466_p3     |    select|   0|  0|    12|           1|          11|
    |select_ln83_24_fu_7550_p3     |    select|   0|  0|    12|           1|          11|
    |select_ln83_26_fu_7634_p3     |    select|   0|  0|    12|           1|          11|
    |select_ln83_28_fu_7718_p3     |    select|   0|  0|    12|           1|          11|
    |select_ln83_2_fu_9405_p3      |    select|   0|  0|    12|           1|          12|
    |select_ln83_30_fu_10305_p3    |    select|   0|  0|    12|           1|          11|
    |select_ln83_32_fu_10394_p3    |    select|   0|  0|    12|           1|          11|
    |select_ln83_34_fu_10483_p3    |    select|   0|  0|    12|           1|          11|
    |select_ln83_36_fu_10572_p3    |    select|   0|  0|    12|           1|          11|
    |select_ln83_38_fu_10661_p3    |    select|   0|  0|    12|           1|          11|
    |select_ln83_3_fu_9452_p3      |    select|   0|  0|    12|           1|          12|
    |select_ln83_40_fu_10750_p3    |    select|   0|  0|    12|           1|          11|
    |select_ln83_42_fu_10839_p3    |    select|   0|  0|    12|           1|          11|
    |select_ln83_44_fu_9297_p3     |    select|   0|  0|    12|           1|          11|
    |select_ln83_45_fu_9344_p3     |    select|   0|  0|    12|           1|          11|
    |select_ln83_46_fu_9391_p3     |    select|   0|  0|    12|           1|          11|
    |select_ln83_47_fu_9438_p3     |    select|   0|  0|    12|           1|          11|
    |select_ln83_48_fu_9485_p3     |    select|   0|  0|    12|           1|          11|
    |select_ln83_49_fu_9532_p3     |    select|   0|  0|    12|           1|          11|
    |select_ln83_4_fu_9499_p3      |    select|   0|  0|    12|           1|          12|
    |select_ln83_50_fu_9579_p3     |    select|   0|  0|    12|           1|          11|
    |select_ln83_51_fu_9649_p3     |    select|   0|  0|    12|           1|          11|
    |select_ln83_52_fu_9705_p3     |    select|   0|  0|    12|           1|          11|
    |select_ln83_53_fu_9761_p3     |    select|   0|  0|    12|           1|          11|
    |select_ln83_54_fu_9817_p3     |    select|   0|  0|    12|           1|          11|
    |select_ln83_55_fu_9873_p3     |    select|   0|  0|    12|           1|          11|
    |select_ln83_56_fu_9929_p3     |    select|   0|  0|    12|           1|          11|
    |select_ln83_57_fu_9985_p3     |    select|   0|  0|    12|           1|          11|
    |select_ln83_58_fu_10187_p3    |    select|   0|  0|    16|           1|          16|
    |select_ln83_59_fu_10206_p3    |    select|   0|  0|    16|           1|          16|
    |select_ln83_5_fu_9546_p3      |    select|   0|  0|    12|           1|          12|
    |select_ln83_60_fu_10989_p3    |    select|   0|  0|    16|           1|          16|
    |select_ln83_6_fu_9593_p3      |    select|   0|  0|    12|           1|          12|
    |select_ln83_7_fu_9660_p3      |    select|   0|  0|    12|           1|          12|
    |select_ln83_8_fu_9716_p3      |    select|   0|  0|    12|           1|          12|
    |select_ln83_9_fu_9772_p3      |    select|   0|  0|    12|           1|          12|
    |select_ln83_fu_9311_p3        |    select|   0|  0|    12|           1|          12|
    |select_ln86_1_fu_10058_p3     |    select|   0|  0|    16|           1|          12|
    |select_ln86_2_fu_10072_p3     |    select|   0|  0|    16|           1|          12|
    |select_ln86_fu_10928_p3       |    select|   0|  0|    16|           1|          12|
    |select_ln89_1_fu_9687_p3      |    select|   0|  0|    12|           1|          12|
    |select_ln89_2_fu_9743_p3      |    select|   0|  0|    12|           1|          12|
    |select_ln89_3_fu_9799_p3      |    select|   0|  0|    12|           1|          12|
    |select_ln89_4_fu_9855_p3      |    select|   0|  0|    12|           1|          12|
    |select_ln89_5_fu_9911_p3      |    select|   0|  0|    12|           1|          12|
    |select_ln89_6_fu_9967_p3      |    select|   0|  0|    12|           1|          12|
    |select_ln89_7_fu_10023_p3     |    select|   0|  0|    16|           1|          16|
    |select_ln89_fu_9631_p3        |    select|   0|  0|    12|           1|          12|
    |select_ln94_10_fu_6201_p3     |    select|   0|  0|    23|           1|          23|
    |select_ln94_11_fu_6302_p3     |    select|   0|  0|    23|           1|          23|
    |select_ln94_12_fu_6361_p3     |    select|   0|  0|    23|           1|          23|
    |select_ln94_13_fu_6462_p3     |    select|   0|  0|    23|           1|          23|
    |select_ln94_14_fu_6521_p3     |    select|   0|  0|    23|           1|          23|
    |select_ln94_15_fu_6622_p3     |    select|   0|  0|    23|           1|          23|
    |select_ln94_1_fu_5502_p3      |    select|   0|  0|    23|           1|          23|
    |select_ln94_2_fu_5561_p3      |    select|   0|  0|    23|           1|          23|
    |select_ln94_3_fu_5662_p3      |    select|   0|  0|    23|           1|          23|
    |select_ln94_4_fu_5721_p3      |    select|   0|  0|    23|           1|          23|
    |select_ln94_5_fu_5822_p3      |    select|   0|  0|    23|           1|          23|
    |select_ln94_6_fu_5881_p3      |    select|   0|  0|    23|           1|          23|
    |select_ln94_7_fu_5982_p3      |    select|   0|  0|    23|           1|          23|
    |select_ln94_8_fu_6041_p3      |    select|   0|  0|    23|           1|          23|
    |select_ln94_9_fu_6142_p3      |    select|   0|  0|    23|           1|          23|
    |select_ln94_fu_5401_p3        |    select|   0|  0|    23|           1|          23|
    |update_1_fu_6741_p3           |    select|   0|  0|    12|           1|          12|
    |update_2_fu_6790_p3           |    select|   0|  0|    12|           1|          12|
    |update_3_fu_6839_p3           |    select|   0|  0|    12|           1|          12|
    |update_4_fu_6888_p3           |    select|   0|  0|    12|           1|          12|
    |update_5_fu_6937_p3           |    select|   0|  0|    12|           1|          12|
    |update_6_fu_6986_p3           |    select|   0|  0|    12|           1|          12|
    |update_7_fu_7035_p3           |    select|   0|  0|    12|           1|          12|
    |update_fu_6692_p3             |    select|   0|  0|    12|           1|          12|
    |shl_ln275_10_fu_12293_p2      |       shl|   0|  0|  2137|           1|         505|
    |shl_ln275_11_fu_12346_p2      |       shl|   0|  0|   182|           8|          64|
    |shl_ln275_13_fu_12363_p2      |       shl|   0|  0|  2171|         512|         512|
    |shl_ln275_14_fu_12405_p2      |       shl|   0|  0|   182|           8|          64|
    |shl_ln275_16_fu_12422_p2      |       shl|   0|  0|  2171|         512|         512|
    |shl_ln275_17_fu_12464_p2      |       shl|   0|  0|   182|           8|          64|
    |shl_ln275_19_fu_12481_p2      |       shl|   0|  0|  2171|         512|         512|
    |shl_ln275_20_fu_12522_p2      |       shl|   0|  0|   182|           8|          64|
    |shl_ln275_22_fu_12539_p2      |       shl|   0|  0|  2171|         512|         512|
    |shl_ln275_23_fu_12580_p2      |       shl|   0|  0|   182|           8|          64|
    |shl_ln275_25_fu_12597_p2      |       shl|   0|  0|  2171|         512|         512|
    |shl_ln275_26_fu_12638_p2      |       shl|   0|  0|   182|           8|          64|
    |shl_ln275_28_fu_12655_p2      |       shl|   0|  0|  2171|         512|         512|
    |shl_ln275_29_fu_12693_p2      |       shl|   0|  0|   182|           8|          64|
    |shl_ln275_2_fu_12121_p2       |       shl|   0|  0|  2171|         512|         512|
    |shl_ln275_31_fu_12710_p2      |       shl|   0|  0|  2137|           1|         505|
    |shl_ln275_3_fu_12162_p2       |       shl|   0|  0|   182|           8|          64|
    |shl_ln275_5_fu_12179_p2       |       shl|   0|  0|  2171|         512|         512|
    |shl_ln275_6_fu_12217_p2       |       shl|   0|  0|   182|           8|          64|
    |shl_ln275_8_fu_12234_p2       |       shl|   0|  0|  2147|           3|         507|
    |shl_ln275_9_fu_12276_p2       |       shl|   0|  0|   182|           8|          64|
    |shl_ln275_fu_12104_p2         |       shl|   0|  0|   182|           8|          64|
    |checksum_16_fu_11463_p2       |       xor|   0|  0|    64|          64|          64|
    |checksum_17_fu_11548_p2       |       xor|   0|  0|    64|          64|          64|
    |checksum_1_fu_11696_p2        |       xor|   0|  0|    64|          64|          64|
    |checksum_2_fu_11751_p2        |       xor|   0|  0|    64|          64|          64|
    |checksum_3_fu_11804_p2        |       xor|   0|  0|    64|          64|          64|
    |checksum_4_fu_11857_p2        |       xor|   0|  0|    64|          64|          64|
    |checksum_5_fu_11910_p2        |       xor|   0|  0|    64|          64|          64|
    |checksum_6_fu_11963_p2        |       xor|   0|  0|    64|          64|          64|
    |checksum_7_fu_12016_p2        |       xor|   0|  0|    64|          64|          64|
    |checksum_8_fu_12069_p2        |       xor|   0|  0|    64|          64|          64|
    |xor_ln112_15_fu_11145_p2      |       xor|   0|  0|    64|          64|          64|
    |xor_ln112_16_fu_11198_p2      |       xor|   0|  0|    64|          64|          64|
    |xor_ln112_17_fu_11251_p2      |       xor|   0|  0|    64|          64|          64|
    |xor_ln112_18_fu_11304_p2      |       xor|   0|  0|    64|          64|          64|
    |xor_ln112_19_fu_11357_p2      |       xor|   0|  0|    64|          64|          64|
    |xor_ln112_20_fu_11410_p2      |       xor|   0|  0|    64|          64|          64|
    |xor_ln112_fu_11077_p2         |       xor|   0|  0|    64|          64|          64|
    |xor_ln133_fu_2014_p2          |       xor|   0|  0|     2|           1|           2|
    |xor_ln256_fu_11543_p2         |       xor|   0|  0|    64|          64|          64|
    |xor_ln72_10_fu_2518_p2        |       xor|   0|  0|     2|           1|           2|
    |xor_ln72_11_fu_2530_p2        |       xor|   0|  0|     2|           1|           2|
    |xor_ln72_12_fu_3044_p2        |       xor|   0|  0|     2|           1|           2|
    |xor_ln72_13_fu_3055_p2        |       xor|   0|  0|     2|           1|           2|
    |xor_ln72_14_fu_2576_p2        |       xor|   0|  0|     2|           1|           2|
    |xor_ln72_15_fu_2588_p2        |       xor|   0|  0|     2|           1|           2|
    |xor_ln72_16_fu_3096_p2        |       xor|   0|  0|     2|           1|           2|
    |xor_ln72_17_fu_3107_p2        |       xor|   0|  0|     2|           1|           2|
    |xor_ln72_18_fu_2634_p2        |       xor|   0|  0|     2|           1|           2|
    |xor_ln72_19_fu_2646_p2        |       xor|   0|  0|     2|           1|           2|
    |xor_ln72_1_fu_2899_p2         |       xor|   0|  0|     2|           1|           2|
    |xor_ln72_20_fu_3148_p2        |       xor|   0|  0|     2|           1|           2|
    |xor_ln72_21_fu_3159_p2        |       xor|   0|  0|     2|           1|           2|
    |xor_ln72_22_fu_2692_p2        |       xor|   0|  0|     2|           1|           2|
    |xor_ln72_23_fu_2704_p2        |       xor|   0|  0|     2|           1|           2|
    |xor_ln72_24_fu_3200_p2        |       xor|   0|  0|     2|           1|           2|
    |xor_ln72_25_fu_3211_p2        |       xor|   0|  0|     2|           1|           2|
    |xor_ln72_26_fu_2750_p2        |       xor|   0|  0|     2|           1|           2|
    |xor_ln72_27_fu_2762_p2        |       xor|   0|  0|     2|           1|           2|
    |xor_ln72_28_fu_3252_p2        |       xor|   0|  0|     2|           1|           2|
    |xor_ln72_29_fu_3263_p2        |       xor|   0|  0|     2|           1|           2|
    |xor_ln72_2_fu_2402_p2         |       xor|   0|  0|     2|           1|           2|
    |xor_ln72_30_fu_2808_p2        |       xor|   0|  0|     2|           1|           2|
    |xor_ln72_31_fu_2820_p2        |       xor|   0|  0|     2|           1|           2|
    |xor_ln72_3_fu_2414_p2         |       xor|   0|  0|     2|           1|           2|
    |xor_ln72_4_fu_2940_p2         |       xor|   0|  0|     2|           1|           2|
    |xor_ln72_5_fu_2951_p2         |       xor|   0|  0|     2|           1|           2|
    |xor_ln72_6_fu_2460_p2         |       xor|   0|  0|     2|           1|           2|
    |xor_ln72_7_fu_2472_p2         |       xor|   0|  0|     2|           1|           2|
    |xor_ln72_8_fu_2992_p2         |       xor|   0|  0|     2|           1|           2|
    |xor_ln72_9_fu_3003_p2         |       xor|   0|  0|     2|           1|           2|
    |xor_ln72_fu_2888_p2           |       xor|   0|  0|     2|           1|           2|
    |xor_ln75_10_fu_3380_p2        |       xor|   0|  0|     2|           1|           2|
    |xor_ln75_11_fu_3385_p2        |       xor|   0|  0|     2|           1|           2|
    |xor_ln75_12_fu_3859_p2        |       xor|   0|  0|     2|           1|           2|
    |xor_ln75_13_fu_3864_p2        |       xor|   0|  0|     2|           1|           2|
    |xor_ln75_14_fu_3425_p2        |       xor|   0|  0|     2|           1|           2|
    |xor_ln75_15_fu_3430_p2        |       xor|   0|  0|     2|           1|           2|
    |xor_ln75_16_fu_3904_p2        |       xor|   0|  0|     2|           1|           2|
    |xor_ln75_17_fu_3909_p2        |       xor|   0|  0|     2|           1|           2|
    |xor_ln75_18_fu_3470_p2        |       xor|   0|  0|     2|           1|           2|
    |xor_ln75_19_fu_3475_p2        |       xor|   0|  0|     2|           1|           2|
    |xor_ln75_1_fu_3729_p2         |       xor|   0|  0|     2|           1|           2|
    |xor_ln75_20_fu_3949_p2        |       xor|   0|  0|     2|           1|           2|
    |xor_ln75_21_fu_3954_p2        |       xor|   0|  0|     2|           1|           2|
    |xor_ln75_22_fu_3515_p2        |       xor|   0|  0|     2|           1|           2|
    |xor_ln75_23_fu_3520_p2        |       xor|   0|  0|     2|           1|           2|
    |xor_ln75_24_fu_3994_p2        |       xor|   0|  0|     2|           1|           2|
    |xor_ln75_25_fu_3999_p2        |       xor|   0|  0|     2|           1|           2|
    |xor_ln75_26_fu_3560_p2        |       xor|   0|  0|     2|           1|           2|
    |xor_ln75_27_fu_3565_p2        |       xor|   0|  0|     2|           1|           2|
    |xor_ln75_28_fu_4039_p2        |       xor|   0|  0|     2|           1|           2|
    |xor_ln75_29_fu_4044_p2        |       xor|   0|  0|     2|           1|           2|
    |xor_ln75_2_fu_3290_p2         |       xor|   0|  0|     2|           1|           2|
    |xor_ln75_30_fu_3605_p2        |       xor|   0|  0|     2|           1|           2|
    |xor_ln75_31_fu_3610_p2        |       xor|   0|  0|     2|           1|           2|
    |xor_ln75_3_fu_3295_p2         |       xor|   0|  0|     2|           1|           2|
    |xor_ln75_4_fu_3769_p2         |       xor|   0|  0|     2|           1|           2|
    |xor_ln75_5_fu_3774_p2         |       xor|   0|  0|     2|           1|           2|
    |xor_ln75_6_fu_3335_p2         |       xor|   0|  0|     2|           1|           2|
    |xor_ln75_7_fu_3340_p2         |       xor|   0|  0|     2|           1|           2|
    |xor_ln75_8_fu_3814_p2         |       xor|   0|  0|     2|           1|           2|
    |xor_ln75_9_fu_3819_p2         |       xor|   0|  0|     2|           1|           2|
    |xor_ln75_fu_3724_p2           |       xor|   0|  0|     2|           1|           2|
    |xor_ln83_1_fu_10195_p2        |       xor|   0|  0|     2|           1|           2|
    |xor_ln83_2_fu_10978_p2        |       xor|   0|  0|     2|           1|           2|
    |xor_ln83_fu_10177_p2          |       xor|   0|  0|     2|           1|           2|
    +------------------------------+----------+----+---+------+------------+------------+
    |Total                         |          |   0|  0| 49600|       18198|       24184|
    +------------------------------+----------+----+---+------+------------+------------+

    * Multiplexer: 
    +---------------------------+------+-----------+-----+-----------+
    |            Name           |  LUT | Input Size| Bits| Total Bits|
    +---------------------------+------+-----------+-----+-----------+
    |ap_NS_fsm                  |  2693|        610|    1|        610|
    |ap_done                    |     9|          2|    1|          2|
    |checksum_fu_506            |    20|          4|   64|        256|
    |duplicate_total_fu_498     |     9|          2|   64|        128|
    |gmem0_blk_n_AR             |     9|          2|    1|          2|
    |gmem0_blk_n_R              |     9|          2|    1|          2|
    |gmem10_ARADDR              |    26|          5|   64|        320|
    |gmem10_blk_n_AR            |     9|          2|    1|          2|
    |gmem10_blk_n_R             |     9|          2|    1|          2|
    |gmem11_AWADDR              |    14|          3|   64|        192|
    |gmem11_WDATA               |    14|          3|  128|        384|
    |gmem11_blk_n_AW            |     9|          2|    1|          2|
    |gmem11_blk_n_B             |     9|          2|    1|          2|
    |gmem11_blk_n_W             |     9|          2|    1|          2|
    |gmem12_AWADDR              |    65|         15|   64|        960|
    |gmem12_AWLEN               |    20|          4|   32|        128|
    |gmem12_AWVALID             |    14|          3|    1|          3|
    |gmem12_BREADY              |    14|          3|    1|          3|
    |gmem12_WDATA               |    65|         14|  512|       7168|
    |gmem12_WSTRB               |    65|         14|   64|        896|
    |gmem12_WVALID              |    14|          3|    1|          3|
    |gmem12_blk_n_AW            |     9|          2|    1|          2|
    |gmem12_blk_n_B             |     9|          2|    1|          2|
    |gmem12_blk_n_W             |     9|          2|    1|          2|
    |gmem1_blk_n_AR             |     9|          2|    1|          2|
    |gmem1_blk_n_R              |     9|          2|    1|          2|
    |gmem2_ARVALID              |     9|          2|    1|          2|
    |gmem2_RREADY               |     9|          2|    1|          2|
    |gmem3_blk_n_AR             |     9|          2|    1|          2|
    |gmem3_blk_n_R              |     9|          2|    1|          2|
    |gmem4_ARVALID              |     9|          2|    1|          2|
    |gmem4_RREADY               |     9|          2|    1|          2|
    |gmem5_ARVALID              |     9|          2|    1|          2|
    |gmem5_RREADY               |     9|          2|    1|          2|
    |gmem6_blk_n_AR             |     9|          2|    1|          2|
    |gmem6_blk_n_R              |     9|          2|    1|          2|
    |gmem7_blk_n_AR             |     9|          2|    1|          2|
    |gmem7_blk_n_R              |     9|          2|    1|          2|
    |gmem8_ARADDR               |    20|          4|   64|        256|
    |gmem8_ARLEN                |    14|          3|   32|         96|
    |gmem8_ARVALID              |    14|          3|    1|          3|
    |gmem8_RREADY               |    14|          3|    1|          3|
    |gmem8_blk_n_AR             |     9|          2|    1|          2|
    |gmem8_blk_n_R              |     9|          2|    1|          2|
    |gmem9_ARVALID              |     9|          2|    1|          2|
    |gmem9_RREADY               |     9|          2|    1|          2|
    |invalid_inputs_fu_490      |     9|          2|   64|        128|
    |recent_event_idx_address0  |    14|          3|    6|         18|
    |recent_event_idx_ce0       |    14|          3|    1|          3|
    |recent_event_idx_we0       |     9|          2|    1|          2|
    |recent_peer_address0       |    14|          3|    6|         18|
    |recent_peer_ce0            |    14|          3|    1|          3|
    |recent_peer_we0            |     9|          2|    1|          2|
    |scanned_total_fu_494       |     9|          2|   64|        128|
    |selected_total_fu_502      |    14|          3|   64|        192|
    |target_fu_486              |     9|          2|   32|         64|
    +---------------------------+------+-----------+-----+-----------+
    |Total                      |  3471|        779| 1427|      12025|
    +---------------------------+------+-----------+-----+-----------+

    * Register: 
    +----------------------------------------------------------------------------+-----+----+-----+-----------+
    |                                    Name                                    |  FF | LUT| Bits| Const Bits|
    +----------------------------------------------------------------------------+-----+----+-----+-----------+
    |Ny_reg_14001                                                                |   27|   0|   47|         20|
    |add_ln112_11_reg_16086                                                      |   64|   0|   64|          0|
    |add_ln112_14_reg_16096                                                      |   64|   0|   64|          0|
    |add_ln112_17_reg_16106                                                      |   64|   0|   64|          0|
    |add_ln112_1_reg_16056                                                       |   64|   0|   64|          0|
    |add_ln112_20_reg_16116                                                      |   64|   0|   64|          0|
    |add_ln112_25_reg_15906                                                      |   64|   0|   64|          0|
    |add_ln112_29_reg_15916                                                      |   64|   0|   64|          0|
    |add_ln112_32_reg_15926                                                      |   64|   0|   64|          0|
    |add_ln112_35_reg_15936                                                      |   64|   0|   64|          0|
    |add_ln112_38_reg_15946                                                      |   64|   0|   64|          0|
    |add_ln112_41_reg_15956                                                      |   64|   0|   64|          0|
    |add_ln112_44_reg_15966                                                      |   64|   0|   64|          0|
    |add_ln112_5_reg_16066                                                       |   64|   0|   64|          0|
    |add_ln112_8_reg_16076                                                       |   64|   0|   64|          0|
    |add_ln129_reg_13758                                                         |   32|   0|   32|          0|
    |add_ln33_11_reg_14736                                                       |   32|   0|   32|          0|
    |add_ln33_13_reg_14747                                                       |   32|   0|   32|          0|
    |add_ln33_15_reg_14758                                                       |   32|   0|   32|          0|
    |add_ln33_1_reg_14681                                                        |   32|   0|   32|          0|
    |add_ln33_3_reg_14692                                                        |   32|   0|   32|          0|
    |add_ln33_5_reg_14703                                                        |   32|   0|   32|          0|
    |add_ln33_7_reg_14714                                                        |   32|   0|   32|          0|
    |add_ln33_9_reg_14725                                                        |   32|   0|   32|          0|
    |add_ln47_11_reg_15554                                                       |   24|   0|   24|          0|
    |add_ln47_13_reg_15567                                                       |   24|   0|   24|          0|
    |add_ln47_15_reg_15580                                                       |   24|   0|   24|          0|
    |add_ln47_1_reg_15489                                                        |   24|   0|   24|          0|
    |add_ln47_3_reg_15502                                                        |   24|   0|   24|          0|
    |add_ln47_5_reg_15515                                                        |   24|   0|   24|          0|
    |add_ln47_7_reg_15528                                                        |   24|   0|   24|          0|
    |add_ln47_9_reg_15541                                                        |   24|   0|   24|          0|
    |add_ln94_12_reg_14972                                                       |   24|   0|   24|          0|
    |add_ln94_15_reg_14990                                                       |   24|   0|   24|          0|
    |add_ln94_18_reg_15008                                                       |   24|   0|   24|          0|
    |add_ln94_21_reg_15026                                                       |   24|   0|   24|          0|
    |add_ln94_3_reg_14918                                                        |   24|   0|   24|          0|
    |add_ln94_6_reg_14936                                                        |   24|   0|   24|          0|
    |add_ln94_9_reg_14954                                                        |   24|   0|   24|          0|
    |add_ln94_reg_14900                                                          |   24|   0|   24|          0|
    |and_ln72_2_reg_15853                                                        |    1|   0|    1|          0|
    |and_ln72_reg_13746                                                          |    1|   0|    1|          0|
    |ap_CS_fsm                                                                   |  609|   0|  609|          0|
    |ap_done_reg                                                                 |    1|   0|    1|          0|
    |ap_rst_n_inv                                                                |    1|   0|    1|          0|
    |ap_rst_reg_1                                                                |    1|   0|    1|          0|
    |ap_rst_reg_2                                                                |    1|   0|    1|          0|
    |before_event_reg_13771                                                      |   32|   0|   32|          0|
    |begin_reg_13837                                                             |   32|   0|   32|          0|
    |candidate_1_reg_15334                                                       |   12|   0|   12|          0|
    |candidate_2_reg_15339                                                       |   12|   0|   12|          0|
    |candidate_3_reg_15344                                                       |   12|   0|   12|          0|
    |candidate_4_reg_15349                                                       |   12|   0|   12|          0|
    |candidate_5_reg_15354                                                       |   12|   0|   12|          0|
    |candidate_6_reg_15359                                                       |   12|   0|   12|          0|
    |candidate_7_reg_15364                                                       |   12|   0|   12|          0|
    |candidate_reg_15329                                                         |   12|   0|   12|          0|
    |checksum_16_reg_15971                                                       |   64|   0|   64|          0|
    |checksum_1_reg_16061                                                        |   64|   0|   64|          0|
    |checksum_2_reg_16071                                                        |   64|   0|   64|          0|
    |checksum_3_reg_16081                                                        |   64|   0|   64|          0|
    |checksum_4_reg_16091                                                        |   64|   0|   64|          0|
    |checksum_5_reg_16101                                                        |   64|   0|   64|          0|
    |checksum_6_reg_16111                                                        |   64|   0|   64|          0|
    |checksum_fu_506                                                             |   64|   0|   64|          0|
    |cmp142_reg_13875                                                            |    1|   0|    1|          0|
    |cmp26_reg_13538                                                             |    1|   0|    1|          0|
    |compact_count_loc_fu_574                                                    |   32|   0|   32|          0|
    |compacted_event_idx_1_loc_fu_582                                            |   32|   0|   32|          0|
    |compacted_event_idx_2_loc_fu_586                                            |   32|   0|   32|          0|
    |compacted_event_idx_3_loc_fu_590                                            |   32|   0|   32|          0|
    |compacted_event_idx_loc_fu_578                                              |   32|   0|   32|          0|
    |compacted_peer_1_loc_fu_598                                                 |   29|   0|   29|          0|
    |compacted_peer_2_loc_fu_602                                                 |   29|   0|   29|          0|
    |compacted_peer_3_loc_fu_606                                                 |   29|   0|   29|          0|
    |compacted_peer_loc_fu_594                                                   |   29|   0|   29|          0|
    |conv1_i6_1_reg_13562                                                        |   32|   0|   32|          0|
    |conv1_i6_2_reg_13582                                                        |   32|   0|   32|          0|
    |conv1_i6_3_reg_13602                                                        |   32|   0|   32|          0|
    |conv1_i6_4_reg_13622                                                        |   32|   0|   32|          0|
    |conv1_i6_5_reg_13642                                                        |   32|   0|   32|          0|
    |conv1_i6_6_reg_13662                                                        |   32|   0|   32|          0|
    |conv1_i6_7_reg_13682                                                        |   32|   0|   32|          0|
    |conv1_i6_reg_13542                                                          |   32|   0|   32|          0|
    |conv3_i_1_reg_13567                                                         |   32|   0|   32|          0|
    |conv3_i_2_reg_13587                                                         |   32|   0|   32|          0|
    |conv3_i_3_reg_13607                                                         |   32|   0|   32|          0|
    |conv3_i_4_reg_13627                                                         |   32|   0|   32|          0|
    |conv3_i_5_reg_13647                                                         |   32|   0|   32|          0|
    |conv3_i_6_reg_13667                                                         |   32|   0|   32|          0|
    |conv3_i_7_reg_13687                                                         |   32|   0|   32|          0|
    |conv3_i_reg_13547                                                           |   32|   0|   32|          0|
    |conv6_i_1_reg_13572                                                         |   32|   0|   32|          0|
    |conv6_i_2_reg_13592                                                         |   32|   0|   32|          0|
    |conv6_i_3_reg_13612                                                         |   32|   0|   32|          0|
    |conv6_i_4_reg_13632                                                         |   32|   0|   32|          0|
    |conv6_i_5_reg_13652                                                         |   32|   0|   32|          0|
    |conv6_i_6_reg_13672                                                         |   32|   0|   32|          0|
    |conv6_i_7_reg_13692                                                         |   32|   0|   32|          0|
    |conv6_i_reg_13552                                                           |   32|   0|   32|          0|
    |divisor_reg_13953                                                           |   27|   0|   32|          5|
    |duplicate_total_fu_498                                                      |   64|   0|   64|          0|
    |duplicate_total_load_reg_13870                                              |   64|   0|   64|          0|
    |embedding_out_read_reg_13006                                                |   64|   0|   64|          0|
    |empty_111_reg_13913                                                         |   64|   0|   64|          0|
    |empty_112_reg_13817                                                         |   29|   0|   29|          0|
    |end_reg_13848                                                               |   32|   0|   32|          0|
    |event_dst_read_reg_13054                                                    |   64|   0|   64|          0|
    |event_features_read_reg_13012                                               |   64|   0|   64|          0|
    |event_src_read_reg_13059                                                    |   64|   0|   64|          0|
    |event_ts_read_reg_13048                                                     |   64|   0|   64|          0|
    |gmem0_addr_read_reg_15989                                                   |   32|   0|   32|          0|
    |gmem0_addr_reg_15977                                                        |   64|   0|   64|          0|
    |gmem10_addr_1_read_reg_13485                                                |  128|   0|  128|          0|
    |gmem10_addr_2_read_reg_13490                                                |  128|   0|  128|          0|
    |gmem10_addr_3_read_reg_13495                                                |  128|   0|  128|          0|
    |gmem10_addr_read_reg_13480                                                  |  128|   0|  128|          0|
    |gmem12_addr_reg_13450                                                       |   64|   0|   64|          0|
    |gmem1_addr_read_reg_15994                                                   |   32|   0|   32|          0|
    |gmem1_addr_reg_15983                                                        |   64|   0|   64|          0|
    |gmem3_addr_reg_13811                                                        |   64|   0|   64|          0|
    |gmem6_addr_reg_13432                                                        |   64|   0|   64|          0|
    |gmem7_addr_reg_13438                                                        |   64|   0|   64|          0|
    |gmem8_addr_read_reg_16005                                                   |  128|   0|  128|          0|
    |grp_vitegnn_kernel_Pipeline_baseline_clear_stats_loop_fu_1234_ap_start_reg  |    1|   0|    1|          0|
    |grp_vitegnn_kernel_Pipeline_vite_attention_aggregate_fu_1319_ap_start_reg   |    1|   0|    1|          0|
    |grp_vitegnn_kernel_Pipeline_vite_load_recent_fu_1281_ap_start_reg           |    1|   0|    1|          0|
    |grp_vitegnn_kernel_Pipeline_vite_load_weights_fu_1241_ap_start_reg          |    1|   0|    1|          0|
    |grp_vitegnn_kernel_Pipeline_vite_neighbor_update_unit_fu_1295_ap_start_reg  |    1|   0|    1|          0|
    |history_event_idx_read_reg_13038                                            |   64|   0|   64|          0|
    |history_peer_read_reg_13033                                                 |   64|   0|   64|          0|
    |icmp_ln129_reg_13754                                                        |    1|   0|    1|          0|
    |icmp_ln37_1_reg_13715                                                       |    1|   0|    1|          0|
    |icmp_ln37_2_reg_13728                                                       |    1|   0|    1|          0|
    |icmp_ln37_5_reg_13741                                                       |    1|   0|    1|          0|
    |icmp_ln37_reg_13702                                                         |    1|   0|    1|          0|
    |icmp_ln75_10_reg_14079                                                      |    1|   0|    1|          0|
    |icmp_ln75_11_reg_14084                                                      |    1|   0|    1|          0|
    |icmp_ln75_12_reg_14247                                                      |    1|   0|    1|          0|
    |icmp_ln75_13_reg_14252                                                      |    1|   0|    1|          0|
    |icmp_ln75_14_reg_14095                                                      |    1|   0|    1|          0|
    |icmp_ln75_15_reg_14100                                                      |    1|   0|    1|          0|
    |icmp_ln75_1_reg_14204                                                       |    1|   0|    1|          0|
    |icmp_ln75_24_reg_14263                                                      |    1|   0|    1|          0|
    |icmp_ln75_25_reg_14268                                                      |    1|   0|    1|          0|
    |icmp_ln75_26_reg_14111                                                      |    1|   0|    1|          0|
    |icmp_ln75_27_reg_14116                                                      |    1|   0|    1|          0|
    |icmp_ln75_28_reg_14279                                                      |    1|   0|    1|          0|
    |icmp_ln75_29_reg_14284                                                      |    1|   0|    1|          0|
    |icmp_ln75_2_reg_14047                                                       |    1|   0|    1|          0|
    |icmp_ln75_30_reg_14127                                                      |    1|   0|    1|          0|
    |icmp_ln75_31_reg_14132                                                      |    1|   0|    1|          0|
    |icmp_ln75_32_reg_14295                                                      |    1|   0|    1|          0|
    |icmp_ln75_33_reg_14300                                                      |    1|   0|    1|          0|
    |icmp_ln75_34_reg_14143                                                      |    1|   0|    1|          0|
    |icmp_ln75_35_reg_14148                                                      |    1|   0|    1|          0|
    |icmp_ln75_36_reg_14311                                                      |    1|   0|    1|          0|
    |icmp_ln75_37_reg_14316                                                      |    1|   0|    1|          0|
    |icmp_ln75_38_reg_14159                                                      |    1|   0|    1|          0|
    |icmp_ln75_39_reg_14164                                                      |    1|   0|    1|          0|
    |icmp_ln75_3_reg_14052                                                       |    1|   0|    1|          0|
    |icmp_ln75_4_reg_14215                                                       |    1|   0|    1|          0|
    |icmp_ln75_5_reg_14220                                                       |    1|   0|    1|          0|
    |icmp_ln75_6_reg_14063                                                       |    1|   0|    1|          0|
    |icmp_ln75_7_reg_14068                                                       |    1|   0|    1|          0|
    |icmp_ln75_8_reg_14231                                                       |    1|   0|    1|          0|
    |icmp_ln75_9_reg_14236                                                       |    1|   0|    1|          0|
    |icmp_ln75_reg_14199                                                         |    1|   0|    1|          0|
    |icmp_ln83_23_reg_15808                                                      |    1|   0|    1|          0|
    |icmp_ln83_24_reg_15608                                                      |    1|   0|    1|          0|
    |icmp_ln83_25_reg_15630                                                      |    1|   0|    1|          0|
    |icmp_ln83_26_reg_15652                                                      |    1|   0|    1|          0|
    |icmp_ln83_27_reg_15674                                                      |    1|   0|    1|          0|
    |icmp_ln83_28_reg_15696                                                      |    1|   0|    1|          0|
    |icmp_ln83_29_reg_15718                                                      |    1|   0|    1|          0|
    |icmp_ln83_30_reg_15740                                                      |    1|   0|    1|          0|
    |icmp_ln83_31_reg_15762                                                      |    1|   0|    1|          0|
    |icmp_ln86_22_reg_15614                                                      |    1|   0|    1|          0|
    |icmp_ln86_23_reg_15636                                                      |    1|   0|    1|          0|
    |icmp_ln86_24_reg_15658                                                      |    1|   0|    1|          0|
    |icmp_ln86_25_reg_15680                                                      |    1|   0|    1|          0|
    |icmp_ln86_26_reg_15702                                                      |    1|   0|    1|          0|
    |icmp_ln86_27_reg_15724                                                      |    1|   0|    1|          0|
    |icmp_ln86_28_reg_15746                                                      |    1|   0|    1|          0|
    |icmp_ln86_31_reg_15592                                                      |    1|   0|    1|          0|
    |initial_memory_read_reg_13017                                               |   64|   0|   64|          0|
    |invalid_inputs_fu_490                                                       |   64|   0|   64|          0|
    |lshr_ln39_10_reg_15793                                                      |   23|   0|   23|          0|
    |lshr_ln39_12_reg_15798                                                      |   23|   0|   23|          0|
    |lshr_ln39_14_reg_15803                                                      |   23|   0|   23|          0|
    |lshr_ln39_4_reg_15773                                                       |   23|   0|   23|          0|
    |lshr_ln39_6_reg_15788                                                       |   23|   0|   23|          0|
    |lshr_ln39_7_reg_15778                                                       |   23|   0|   23|          0|
    |lshr_ln39_s_reg_15783                                                       |   23|   0|   23|          0|
    |mul_ln53_1_reg_15216                                                        |   27|   0|   27|          0|
    |mul_ln53_2_reg_15233                                                        |   27|   0|   27|          0|
    |mul_ln53_3_reg_15250                                                        |   27|   0|   27|          0|
    |mul_ln53_4_reg_15267                                                        |   27|   0|   27|          0|
    |mul_ln53_5_reg_15284                                                        |   27|   0|   27|          0|
    |mul_ln53_6_reg_15301                                                        |   27|   0|   27|          0|
    |mul_ln53_7_reg_15318                                                        |   27|   0|   27|          0|
    |mul_ln53_reg_15199                                                          |   27|   0|   27|          0|
    |mul_ln55_1_reg_15389                                                        |   27|   0|   27|          0|
    |mul_ln55_2_reg_15404                                                        |   27|   0|   27|          0|
    |mul_ln55_3_reg_15419                                                        |   27|   0|   27|          0|
    |mul_ln55_4_reg_15434                                                        |   27|   0|   27|          0|
    |mul_ln55_5_reg_15449                                                        |   27|   0|   27|          0|
    |mul_ln55_6_reg_15464                                                        |   27|   0|   27|          0|
    |mul_ln55_7_reg_15479                                                        |   27|   0|   27|          0|
    |mul_ln55_reg_15374                                                          |   27|   0|   27|          0|
    |neighbor_value_1_reg_14437                                                  |   16|   0|   16|          0|
    |neighbor_value_2_reg_14449                                                  |   16|   0|   16|          0|
    |neighbor_value_3_reg_14461                                                  |   16|   0|   16|          0|
    |neighbor_value_4_reg_14473                                                  |   16|   0|   16|          0|
    |neighbor_value_5_reg_14485                                                  |   16|   0|   16|          0|
    |neighbor_value_6_reg_14497                                                  |   16|   0|   16|          0|
    |neighbor_value_7_reg_14509                                                  |   16|   0|   16|          0|
    |neighbor_value_reg_14425                                                    |   16|   0|   16|          0|
    |or_ln133_reg_13807                                                          |    1|   0|    1|          0|
    |output_15_reg_15900                                                         |   16|   0|   16|          0|
    |output_1_reg_16035                                                          |   16|   0|   16|          0|
    |output_2_reg_16040                                                          |   16|   0|   16|          0|
    |output_3_reg_16045                                                          |   16|   0|   16|          0|
    |output_4_reg_16015                                                          |   16|   0|   16|          0|
    |output_5_reg_16020                                                          |   16|   0|   16|          0|
    |output_6_reg_16025                                                          |   16|   0|   16|          0|
    |output_7_reg_16030                                                          |   16|   0|   16|          0|
    |output_reg_16010                                                            |   16|   0|   16|          0|
    |p_cast204_reg_13577                                                         |   24|   0|   24|          0|
    |p_cast205_reg_13597                                                         |   24|   0|   24|          0|
    |p_cast206_reg_13617                                                         |   24|   0|   24|          0|
    |p_cast207_reg_13637                                                         |   24|   0|   24|          0|
    |p_cast208_reg_13657                                                         |   24|   0|   24|          0|
    |p_cast209_reg_13677                                                         |   24|   0|   24|          0|
    |p_cast278_reg_13907                                                         |   32|   0|   64|         32|
    |p_cast_reg_13557                                                            |   24|   0|   24|          0|
    |p_loc702_fu_570                                                             |   32|   0|   32|          0|
    |p_loc703_fu_566                                                             |   32|   0|   32|          0|
    |p_loc704_fu_562                                                             |   32|   0|   32|          0|
    |p_loc705_fu_558                                                             |   32|   0|   32|          0|
    |p_loc706_fu_554                                                             |   32|   0|   32|          0|
    |p_loc707_fu_550                                                             |   32|   0|   32|          0|
    |p_loc708_fu_546                                                             |   32|   0|   32|          0|
    |p_loc709_fu_542                                                             |   32|   0|   32|          0|
    |p_loc710_fu_538                                                             |   32|   0|   32|          0|
    |p_loc711_fu_534                                                             |   32|   0|   32|          0|
    |p_loc712_fu_530                                                             |   32|   0|   32|          0|
    |p_loc713_fu_526                                                             |   32|   0|   32|          0|
    |p_loc714_fu_522                                                             |   32|   0|   32|          0|
    |p_loc715_fu_518                                                             |   32|   0|   32|          0|
    |p_loc716_fu_514                                                             |   32|   0|   32|          0|
    |p_loc717_fu_510                                                             |   32|   0|   32|          0|
    |projection_1_reg_14819                                                      |   24|   0|   24|          0|
    |projection_2_reg_14829                                                      |   24|   0|   24|          0|
    |projection_3_reg_14839                                                      |   24|   0|   24|          0|
    |projection_4_reg_14849                                                      |   24|   0|   24|          0|
    |projection_5_reg_14859                                                      |   24|   0|   24|          0|
    |projection_6_reg_14869                                                      |   24|   0|   24|          0|
    |projection_7_reg_14879                                                      |   24|   0|   24|          0|
    |projection_reg_14809                                                        |   24|   0|   24|          0|
    |recent_count_reg_13854                                                      |    7|   0|    7|          0|
    |reg_1459                                                                    |   64|   0|   64|          0|
    |reset_1_reg_15048                                                           |   11|   0|   11|          0|
    |reset_2_reg_15063                                                           |   11|   0|   11|          0|
    |reset_3_reg_15078                                                           |   11|   0|   11|          0|
    |reset_4_reg_15093                                                           |   11|   0|   11|          0|
    |reset_5_reg_15108                                                           |   11|   0|   11|          0|
    |reset_6_reg_15123                                                           |   11|   0|   11|          0|
    |reset_7_reg_15138                                                           |   11|   0|   11|          0|
    |reset_reg_15033                                                             |   11|   0|   11|          0|
    |scan_budget_reg_13533                                                       |    5|   0|    5|          0|
    |scanned_total_fu_494                                                        |   64|   0|   64|          0|
    |scanned_total_load_reg_13865                                                |   64|   0|   64|          0|
    |select_ln37_10_reg_15828                                                    |   16|   0|   16|          0|
    |select_ln37_11_reg_15877                                                    |   16|   0|   16|          0|
    |select_ln37_13_reg_15833                                                    |   16|   0|   16|          0|
    |select_ln37_14_reg_15882                                                    |   16|   0|   16|          0|
    |select_ln37_16_reg_15838                                                    |   16|   0|   16|          0|
    |select_ln37_17_reg_15888                                                    |   16|   0|   16|          0|
    |select_ln37_19_reg_15843                                                    |   16|   0|   16|          0|
    |select_ln37_1_reg_15813                                                     |   16|   0|   16|          0|
    |select_ln37_20_reg_15894                                                    |   16|   0|   16|          0|
    |select_ln37_2_reg_15859                                                     |   16|   0|   16|          0|
    |select_ln37_4_reg_15818                                                     |   16|   0|   16|          0|
    |select_ln37_5_reg_15865                                                     |   16|   0|   16|          0|
    |select_ln37_7_reg_15823                                                     |   16|   0|   16|          0|
    |select_ln37_8_reg_15871                                                     |   16|   0|   16|          0|
    |select_ln50_1_reg_14774                                                     |   17|   0|   17|          0|
    |select_ln50_2_reg_14779                                                     |   17|   0|   17|          0|
    |select_ln50_3_reg_14784                                                     |   17|   0|   17|          0|
    |select_ln50_4_reg_14789                                                     |   17|   0|   17|          0|
    |select_ln50_5_reg_14794                                                     |   17|   0|   17|          0|
    |select_ln50_6_reg_14799                                                     |   17|   0|   17|          0|
    |select_ln50_7_reg_14804                                                     |   17|   0|   17|          0|
    |select_ln50_reg_14769                                                       |   17|   0|   17|          0|
    |select_ln72_10_reg_14209                                                    |    1|   0|    1|          0|
    |select_ln72_20_reg_14057                                                    |    1|   0|    1|          0|
    |select_ln72_24_reg_14225                                                    |    1|   0|    1|          0|
    |select_ln72_28_reg_14073                                                    |    1|   0|    1|          0|
    |select_ln72_2_reg_14193                                                     |    1|   0|    1|          0|
    |select_ln72_32_reg_14241                                                    |    1|   0|    1|          0|
    |select_ln72_36_reg_14089                                                    |    1|   0|    1|          0|
    |select_ln72_46_reg_14257                                                    |    1|   0|    1|          0|
    |select_ln72_48_reg_14105                                                    |    1|   0|    1|          0|
    |select_ln72_50_reg_14273                                                    |    1|   0|    1|          0|
    |select_ln72_52_reg_14121                                                    |    1|   0|    1|          0|
    |select_ln72_54_reg_14289                                                    |    1|   0|    1|          0|
    |select_ln72_56_reg_14137                                                    |    1|   0|    1|          0|
    |select_ln72_58_reg_14305                                                    |    1|   0|    1|          0|
    |select_ln72_60_reg_14153                                                    |    1|   0|    1|          0|
    |select_ln72_6_reg_14041                                                     |    1|   0|    1|          0|
    |select_ln83_59_reg_15848                                                    |   16|   0|   16|          0|
    |selected_total_fu_502                                                       |   64|   0|   64|          0|
    |self_1_reg_14369                                                            |   16|   0|   16|          0|
    |self_2_reg_14377                                                            |   16|   0|   16|          0|
    |self_3_reg_14385                                                            |   16|   0|   16|          0|
    |self_4_reg_14393                                                            |   16|   0|   16|          0|
    |self_5_reg_14401                                                            |   16|   0|   16|          0|
    |self_6_reg_14409                                                            |   16|   0|   16|          0|
    |self_7_reg_14417                                                            |   16|   0|   16|          0|
    |self_reg_14361                                                              |   16|   0|   16|          0|
    |sext_ln129_2_reg_13697                                                      |   24|   0|   24|          0|
    |sext_ln33_18_reg_15153                                                      |   27|   0|   27|          0|
    |sext_ln33_22_reg_15158                                                      |   27|   0|   27|          0|
    |sext_ln33_26_reg_15163                                                      |   27|   0|   27|          0|
    |sext_ln33_30_reg_15168                                                      |   27|   0|   27|          0|
    |sext_ln33_34_reg_15173                                                      |   27|   0|   27|          0|
    |sext_ln33_38_reg_15178                                                      |   27|   0|   27|          0|
    |sext_ln33_42_reg_15183                                                      |   27|   0|   27|          0|
    |sext_ln33_46_reg_15188                                                      |   27|   0|   27|          0|
    |shl_ln105_reg_13796                                                         |   29|   0|   32|          3|
    |shl_ln275_10_reg_16207                                                      |  505|   0|  505|          0|
    |shl_ln275_11_reg_16229                                                      |   64|   0|   64|          0|
    |shl_ln275_13_reg_16234                                                      |  512|   0|  512|          0|
    |shl_ln275_14_reg_16256                                                      |   64|   0|   64|          0|
    |shl_ln275_16_reg_16261                                                      |  512|   0|  512|          0|
    |shl_ln275_17_reg_16283                                                      |   64|   0|   64|          0|
    |shl_ln275_19_reg_16288                                                      |  512|   0|  512|          0|
    |shl_ln275_20_reg_16310                                                      |   64|   0|   64|          0|
    |shl_ln275_22_reg_16315                                                      |  512|   0|  512|          0|
    |shl_ln275_23_reg_16337                                                      |   64|   0|   64|          0|
    |shl_ln275_25_reg_16342                                                      |  512|   0|  512|          0|
    |shl_ln275_26_reg_16364                                                      |   64|   0|   64|          0|
    |shl_ln275_28_reg_16369                                                      |  512|   0|  512|          0|
    |shl_ln275_29_reg_16391                                                      |   64|   0|   64|          0|
    |shl_ln275_2_reg_16126                                                       |  512|   0|  512|          0|
    |shl_ln275_31_reg_16396                                                      |  505|   0|  505|          0|
    |shl_ln275_3_reg_16148                                                       |   64|   0|   64|          0|
    |shl_ln275_5_reg_16153                                                       |  512|   0|  512|          0|
    |shl_ln275_6_reg_16175                                                       |   64|   0|   64|          0|
    |shl_ln275_8_reg_16180                                                       |  507|   0|  507|          0|
    |shl_ln275_9_reg_16202                                                       |   64|   0|   64|          0|
    |shl_ln275_reg_16121                                                         |   64|   0|   64|          0|
    |stats_out_read_reg_12991                                                    |   64|   0|   64|          0|
    |sub60_reg_13860                                                             |   32|   0|   32|          0|
    |sub_ln34_11_reg_14742                                                       |   23|   0|   23|          0|
    |sub_ln34_13_reg_14753                                                       |   23|   0|   23|          0|
    |sub_ln34_15_reg_14764                                                       |   23|   0|   23|          0|
    |sub_ln34_1_reg_14687                                                        |   23|   0|   23|          0|
    |sub_ln34_3_reg_14698                                                        |   23|   0|   23|          0|
    |sub_ln34_5_reg_14709                                                        |   23|   0|   23|          0|
    |sub_ln34_7_reg_14720                                                        |   23|   0|   23|          0|
    |sub_ln34_9_reg_14731                                                        |   23|   0|   23|          0|
    |sub_ln39_1_reg_15768                                                        |   24|   0|   24|          0|
    |sub_ln75_1_reg_14021                                                        |   49|   0|   49|          0|
    |sub_ln94_10_reg_14925                                                       |   24|   0|   24|          0|
    |sub_ln94_15_reg_14943                                                       |   24|   0|   24|          0|
    |sub_ln94_20_reg_14961                                                       |   24|   0|   24|          0|
    |sub_ln94_25_reg_14979                                                       |   24|   0|   24|          0|
    |sub_ln94_30_reg_14997                                                       |   24|   0|   24|          0|
    |sub_ln94_35_reg_15015                                                       |   24|   0|   24|          0|
    |sub_ln94_5_reg_14907                                                        |   24|   0|   24|          0|
    |sub_ln94_reg_14889                                                          |   24|   0|   24|          0|
    |target_fu_486                                                               |   32|   0|   32|          0|
    |tmp_100_cast_reg_15646                                                      |   12|   0|   12|          0|
    |tmp_102_reg_15088                                                           |    1|   0|    1|          0|
    |tmp_104_cast_reg_15668                                                      |   12|   0|   12|          0|
    |tmp_106_reg_14561                                                           |    1|   0|    1|          0|
    |tmp_108_cast_reg_15690                                                      |   12|   0|   12|          0|
    |tmp_110_reg_15103                                                           |    1|   0|    1|          0|
    |tmp_112_cast_reg_15712                                                      |   12|   0|   12|          0|
    |tmp_114_reg_14571                                                           |    1|   0|    1|          0|
    |tmp_116_cast_reg_15734                                                      |   12|   0|   12|          0|
    |tmp_118_reg_15118                                                           |    1|   0|    1|          0|
    |tmp_120_cast_reg_15756                                                      |   16|   0|   16|          0|
    |tmp_122_reg_14581                                                           |    1|   0|    1|          0|
    |tmp_126_reg_15133                                                           |    1|   0|    1|          0|
    |tmp_130_reg_14591                                                           |    1|   0|    1|          0|
    |tmp_134_reg_15148                                                           |    1|   0|    1|          0|
    |tmp_146_reg_15496                                                           |    1|   0|    1|          0|
    |tmp_147_reg_15509                                                           |    1|   0|    1|          0|
    |tmp_148_reg_15522                                                           |    1|   0|    1|          0|
    |tmp_149_reg_15535                                                           |    1|   0|    1|          0|
    |tmp_150_reg_15548                                                           |    1|   0|    1|          0|
    |tmp_151_reg_15561                                                           |    1|   0|    1|          0|
    |tmp_152_reg_15574                                                           |    1|   0|    1|          0|
    |tmp_153_reg_15586                                                           |    1|   0|    1|          0|
    |tmp_26_reg_14521                                                            |    1|   0|    1|          0|
    |tmp_28_reg_14895                                                            |   22|   0|   22|          0|
    |tmp_34_reg_15043                                                            |    1|   0|    1|          0|
    |tmp_36_reg_15205                                                            |   17|   0|   17|          0|
    |tmp_40_reg_14531                                                            |    1|   0|    1|          0|
    |tmp_42_reg_14913                                                            |   22|   0|   22|          0|
    |tmp_48_reg_15058                                                            |    1|   0|    1|          0|
    |tmp_50_reg_15222                                                            |   17|   0|   17|          0|
    |tmp_54_reg_14541                                                            |    1|   0|    1|          0|
    |tmp_55_reg_14931                                                            |   22|   0|   22|          0|
    |tmp_59_reg_15239                                                            |   17|   0|   17|          0|
    |tmp_61_reg_14949                                                            |   22|   0|   22|          0|
    |tmp_65_reg_15256                                                            |   17|   0|   17|          0|
    |tmp_67_reg_14967                                                            |   22|   0|   22|          0|
    |tmp_71_reg_15273                                                            |   17|   0|   17|          0|
    |tmp_73_reg_14985                                                            |   22|   0|   22|          0|
    |tmp_77_reg_15290                                                            |   17|   0|   17|          0|
    |tmp_79_reg_15003                                                            |   22|   0|   22|          0|
    |tmp_7_reg_13973                                                             |    1|   0|    1|          0|
    |tmp_83_reg_15307                                                            |   17|   0|   17|          0|
    |tmp_85_reg_15021                                                            |   22|   0|   22|          0|
    |tmp_89_reg_15324                                                            |   17|   0|   17|          0|
    |tmp_92_cast_reg_15602                                                       |   12|   0|   12|          0|
    |tmp_94_reg_15073                                                            |    1|   0|    1|          0|
    |tmp_96_cast_reg_15624                                                       |   12|   0|   12|          0|
    |tmp_98_reg_14551                                                            |    1|   0|    1|          0|
    |trunc_ln105_reg_13790                                                       |   29|   0|   29|          0|
    |trunc_ln120_1_reg_13412                                                     |   60|   0|   60|          0|
    |trunc_ln120_2_reg_13417                                                     |   60|   0|   60|          0|
    |trunc_ln120_3_reg_13422                                                     |   60|   0|   60|          0|
    |trunc_ln120_4_reg_13427                                                     |   60|   0|   60|          0|
    |trunc_ln1_reg_13406                                                         |   58|   0|   58|          0|
    |trunc_ln275_10_reg_16251                                                    |   58|   0|   58|          0|
    |trunc_ln275_11_reg_16272                                                    |    6|   0|    6|          0|
    |trunc_ln275_12_reg_16278                                                    |   58|   0|   58|          0|
    |trunc_ln275_13_reg_16299                                                    |    6|   0|    6|          0|
    |trunc_ln275_14_reg_16305                                                    |   58|   0|   58|          0|
    |trunc_ln275_15_reg_16326                                                    |    6|   0|    6|          0|
    |trunc_ln275_16_reg_16332                                                    |   58|   0|   58|          0|
    |trunc_ln275_17_reg_16353                                                    |    6|   0|    6|          0|
    |trunc_ln275_18_reg_16359                                                    |   58|   0|   58|          0|
    |trunc_ln275_19_reg_16380                                                    |    6|   0|    6|          0|
    |trunc_ln275_1_reg_16137                                                     |    6|   0|    6|          0|
    |trunc_ln275_20_reg_16386                                                    |   58|   0|   58|          0|
    |trunc_ln275_2_reg_16143                                                     |   58|   0|   58|          0|
    |trunc_ln275_3_reg_16164                                                     |    6|   0|    6|          0|
    |trunc_ln275_4_reg_16170                                                     |   58|   0|   58|          0|
    |trunc_ln275_5_reg_16191                                                     |    6|   0|    6|          0|
    |trunc_ln275_6_reg_16197                                                     |   58|   0|   58|          0|
    |trunc_ln275_7_reg_16218                                                     |    6|   0|    6|          0|
    |trunc_ln275_8_reg_16224                                                     |   58|   0|   58|          0|
    |trunc_ln275_9_reg_16245                                                     |    6|   0|    6|          0|
    |trunc_ln275_reg_13779                                                       |    6|   0|    6|          0|
    |trunc_ln275_s_reg_13785                                                     |   58|   0|   58|          0|
    |trunc_ln3_reg_13822                                                         |   60|   0|   60|          0|
    |trunc_ln47_1_reg_15619                                                      |   48|   0|   48|          0|
    |trunc_ln47_2_reg_15641                                                      |   48|   0|   48|          0|
    |trunc_ln47_3_reg_15663                                                      |   48|   0|   48|          0|
    |trunc_ln47_4_reg_15685                                                      |   48|   0|   48|          0|
    |trunc_ln47_5_reg_15707                                                      |   48|   0|   48|          0|
    |trunc_ln47_6_reg_15729                                                      |   48|   0|   48|          0|
    |trunc_ln47_7_reg_15751                                                      |   48|   0|   48|          0|
    |trunc_ln47_reg_15597                                                        |   48|   0|   48|          0|
    |trunc_ln50_1_reg_14526                                                      |   15|   0|   15|          0|
    |trunc_ln50_2_reg_14586                                                      |   15|   0|   15|          0|
    |trunc_ln50_3_reg_14536                                                      |   15|   0|   15|          0|
    |trunc_ln50_4_reg_14596                                                      |   15|   0|   15|          0|
    |trunc_ln50_5_reg_14546                                                      |   15|   0|   15|          0|
    |trunc_ln50_7_reg_14556                                                      |   15|   0|   15|          0|
    |trunc_ln50_9_reg_14566                                                      |   15|   0|   15|          0|
    |trunc_ln50_s_reg_14576                                                      |   15|   0|   15|          0|
    |trunc_ln5_reg_13827                                                         |   60|   0|   60|          0|
    |trunc_ln6_reg_13832                                                         |   60|   0|   60|          0|
    |trunc_ln94_11_reg_15113                                                     |   23|   0|   23|          0|
    |trunc_ln94_13_reg_15128                                                     |   23|   0|   23|          0|
    |trunc_ln94_15_reg_15143                                                     |   23|   0|   23|          0|
    |trunc_ln94_1_reg_15038                                                      |   23|   0|   23|          0|
    |trunc_ln94_3_reg_15053                                                      |   23|   0|   23|          0|
    |trunc_ln94_5_reg_15068                                                      |   23|   0|   23|          0|
    |trunc_ln94_7_reg_15083                                                      |   23|   0|   23|          0|
    |trunc_ln94_9_reg_15098                                                      |   23|   0|   23|          0|
    |trunc_ln_reg_13918                                                          |   60|   0|   60|          0|
    |update_1_reg_15210                                                          |   11|   0|   11|          0|
    |update_2_reg_15227                                                          |   11|   0|   11|          0|
    |update_3_reg_15244                                                          |   11|   0|   11|          0|
    |update_4_reg_15261                                                          |   11|   0|   11|          0|
    |update_5_reg_15278                                                          |   11|   0|   11|          0|
    |update_6_reg_15295                                                          |   11|   0|   11|          0|
    |update_7_reg_15312                                                          |   11|   0|   11|          0|
    |update_reg_15193                                                            |   11|   0|   11|          0|
    |vertex_offsets_read_reg_13043                                               |   64|   0|   64|          0|
    |vertex_reg_13763                                                            |   32|   0|   32|          0|
    |xor_ln112_15_reg_15921                                                      |   64|   0|   64|          0|
    |xor_ln112_16_reg_15931                                                      |   64|   0|   64|          0|
    |xor_ln112_17_reg_15941                                                      |   64|   0|   64|          0|
    |xor_ln112_18_reg_15951                                                      |   64|   0|   64|          0|
    |xor_ln112_19_reg_15961                                                      |   64|   0|   64|          0|
    |xor_ln112_reg_15911                                                         |   64|   0|   64|          0|
    +----------------------------------------------------------------------------+-----+----+-----+-----------+
    |Total                                                                       |18704|   0|18764|         60|
    +----------------------------------------------------------------------------+-----+----+-----+-----------+



================================================================
== Interface
================================================================
* Summary: 
+-----------------------+-----+-----+---------------+----------------+--------------+
|       RTL Ports       | Dir | Bits|    Protocol   |  Source Object |    C Type    |
+-----------------------+-----+-----+---------------+----------------+--------------+
|s_axi_control_AWVALID  |   in|    1|          s_axi|         control|        scalar|
|s_axi_control_AWREADY  |  out|    1|          s_axi|         control|        scalar|
|s_axi_control_AWADDR   |   in|    9|          s_axi|         control|        scalar|
|s_axi_control_WVALID   |   in|    1|          s_axi|         control|        scalar|
|s_axi_control_WREADY   |  out|    1|          s_axi|         control|        scalar|
|s_axi_control_WDATA    |   in|   32|          s_axi|         control|        scalar|
|s_axi_control_WSTRB    |   in|    4|          s_axi|         control|        scalar|
|s_axi_control_ARVALID  |   in|    1|          s_axi|         control|        scalar|
|s_axi_control_ARREADY  |  out|    1|          s_axi|         control|        scalar|
|s_axi_control_ARADDR   |   in|    9|          s_axi|         control|        scalar|
|s_axi_control_RVALID   |  out|    1|          s_axi|         control|        scalar|
|s_axi_control_RREADY   |   in|    1|          s_axi|         control|        scalar|
|s_axi_control_RDATA    |  out|   32|          s_axi|         control|        scalar|
|s_axi_control_RRESP    |  out|    2|          s_axi|         control|        scalar|
|s_axi_control_BVALID   |  out|    1|          s_axi|         control|        scalar|
|s_axi_control_BREADY   |   in|    1|          s_axi|         control|        scalar|
|s_axi_control_BRESP    |  out|    2|          s_axi|         control|        scalar|
|ap_clk                 |   in|    1|  ap_ctrl_chain|  vitegnn_kernel|  return value|
|ap_rst_n               |   in|    1|  ap_ctrl_chain|  vitegnn_kernel|  return value|
|interrupt              |  out|    1|  ap_ctrl_chain|  vitegnn_kernel|  return value|
|m_axi_gmem0_AWVALID    |  out|    1|          m_axi|           gmem0|       pointer|
|m_axi_gmem0_AWREADY    |   in|    1|          m_axi|           gmem0|       pointer|
|m_axi_gmem0_AWADDR     |  out|   64|          m_axi|           gmem0|       pointer|
|m_axi_gmem0_AWID       |  out|    1|          m_axi|           gmem0|       pointer|
|m_axi_gmem0_AWLEN      |  out|    8|          m_axi|           gmem0|       pointer|
|m_axi_gmem0_AWSIZE     |  out|    3|          m_axi|           gmem0|       pointer|
|m_axi_gmem0_AWBURST    |  out|    2|          m_axi|           gmem0|       pointer|
|m_axi_gmem0_AWLOCK     |  out|    2|          m_axi|           gmem0|       pointer|
|m_axi_gmem0_AWCACHE    |  out|    4|          m_axi|           gmem0|       pointer|
|m_axi_gmem0_AWPROT     |  out|    3|          m_axi|           gmem0|       pointer|
|m_axi_gmem0_AWQOS      |  out|    4|          m_axi|           gmem0|       pointer|
|m_axi_gmem0_AWREGION   |  out|    4|          m_axi|           gmem0|       pointer|
|m_axi_gmem0_AWUSER     |  out|    1|          m_axi|           gmem0|       pointer|
|m_axi_gmem0_WVALID     |  out|    1|          m_axi|           gmem0|       pointer|
|m_axi_gmem0_WREADY     |   in|    1|          m_axi|           gmem0|       pointer|
|m_axi_gmem0_WDATA      |  out|   32|          m_axi|           gmem0|       pointer|
|m_axi_gmem0_WSTRB      |  out|    4|          m_axi|           gmem0|       pointer|
|m_axi_gmem0_WLAST      |  out|    1|          m_axi|           gmem0|       pointer|
|m_axi_gmem0_WID        |  out|    1|          m_axi|           gmem0|       pointer|
|m_axi_gmem0_WUSER      |  out|    1|          m_axi|           gmem0|       pointer|
|m_axi_gmem0_ARVALID    |  out|    1|          m_axi|           gmem0|       pointer|
|m_axi_gmem0_ARREADY    |   in|    1|          m_axi|           gmem0|       pointer|
|m_axi_gmem0_ARADDR     |  out|   64|          m_axi|           gmem0|       pointer|
|m_axi_gmem0_ARID       |  out|    1|          m_axi|           gmem0|       pointer|
|m_axi_gmem0_ARLEN      |  out|    8|          m_axi|           gmem0|       pointer|
|m_axi_gmem0_ARSIZE     |  out|    3|          m_axi|           gmem0|       pointer|
|m_axi_gmem0_ARBURST    |  out|    2|          m_axi|           gmem0|       pointer|
|m_axi_gmem0_ARLOCK     |  out|    2|          m_axi|           gmem0|       pointer|
|m_axi_gmem0_ARCACHE    |  out|    4|          m_axi|           gmem0|       pointer|
|m_axi_gmem0_ARPROT     |  out|    3|          m_axi|           gmem0|       pointer|
|m_axi_gmem0_ARQOS      |  out|    4|          m_axi|           gmem0|       pointer|
|m_axi_gmem0_ARREGION   |  out|    4|          m_axi|           gmem0|       pointer|
|m_axi_gmem0_ARUSER     |  out|    1|          m_axi|           gmem0|       pointer|
|m_axi_gmem0_RVALID     |   in|    1|          m_axi|           gmem0|       pointer|
|m_axi_gmem0_RREADY     |  out|    1|          m_axi|           gmem0|       pointer|
|m_axi_gmem0_RDATA      |   in|   32|          m_axi|           gmem0|       pointer|
|m_axi_gmem0_RLAST      |   in|    1|          m_axi|           gmem0|       pointer|
|m_axi_gmem0_RID        |   in|    1|          m_axi|           gmem0|       pointer|
|m_axi_gmem0_RUSER      |   in|    1|          m_axi|           gmem0|       pointer|
|m_axi_gmem0_RRESP      |   in|    2|          m_axi|           gmem0|       pointer|
|m_axi_gmem0_BVALID     |   in|    1|          m_axi|           gmem0|       pointer|
|m_axi_gmem0_BREADY     |  out|    1|          m_axi|           gmem0|       pointer|
|m_axi_gmem0_BRESP      |   in|    2|          m_axi|           gmem0|       pointer|
|m_axi_gmem0_BID        |   in|    1|          m_axi|           gmem0|       pointer|
|m_axi_gmem0_BUSER      |   in|    1|          m_axi|           gmem0|       pointer|
|m_axi_gmem1_AWVALID    |  out|    1|          m_axi|           gmem1|       pointer|
|m_axi_gmem1_AWREADY    |   in|    1|          m_axi|           gmem1|       pointer|
|m_axi_gmem1_AWADDR     |  out|   64|          m_axi|           gmem1|       pointer|
|m_axi_gmem1_AWID       |  out|    1|          m_axi|           gmem1|       pointer|
|m_axi_gmem1_AWLEN      |  out|    8|          m_axi|           gmem1|       pointer|
|m_axi_gmem1_AWSIZE     |  out|    3|          m_axi|           gmem1|       pointer|
|m_axi_gmem1_AWBURST    |  out|    2|          m_axi|           gmem1|       pointer|
|m_axi_gmem1_AWLOCK     |  out|    2|          m_axi|           gmem1|       pointer|
|m_axi_gmem1_AWCACHE    |  out|    4|          m_axi|           gmem1|       pointer|
|m_axi_gmem1_AWPROT     |  out|    3|          m_axi|           gmem1|       pointer|
|m_axi_gmem1_AWQOS      |  out|    4|          m_axi|           gmem1|       pointer|
|m_axi_gmem1_AWREGION   |  out|    4|          m_axi|           gmem1|       pointer|
|m_axi_gmem1_AWUSER     |  out|    1|          m_axi|           gmem1|       pointer|
|m_axi_gmem1_WVALID     |  out|    1|          m_axi|           gmem1|       pointer|
|m_axi_gmem1_WREADY     |   in|    1|          m_axi|           gmem1|       pointer|
|m_axi_gmem1_WDATA      |  out|   32|          m_axi|           gmem1|       pointer|
|m_axi_gmem1_WSTRB      |  out|    4|          m_axi|           gmem1|       pointer|
|m_axi_gmem1_WLAST      |  out|    1|          m_axi|           gmem1|       pointer|
|m_axi_gmem1_WID        |  out|    1|          m_axi|           gmem1|       pointer|
|m_axi_gmem1_WUSER      |  out|    1|          m_axi|           gmem1|       pointer|
|m_axi_gmem1_ARVALID    |  out|    1|          m_axi|           gmem1|       pointer|
|m_axi_gmem1_ARREADY    |   in|    1|          m_axi|           gmem1|       pointer|
|m_axi_gmem1_ARADDR     |  out|   64|          m_axi|           gmem1|       pointer|
|m_axi_gmem1_ARID       |  out|    1|          m_axi|           gmem1|       pointer|
|m_axi_gmem1_ARLEN      |  out|    8|          m_axi|           gmem1|       pointer|
|m_axi_gmem1_ARSIZE     |  out|    3|          m_axi|           gmem1|       pointer|
|m_axi_gmem1_ARBURST    |  out|    2|          m_axi|           gmem1|       pointer|
|m_axi_gmem1_ARLOCK     |  out|    2|          m_axi|           gmem1|       pointer|
|m_axi_gmem1_ARCACHE    |  out|    4|          m_axi|           gmem1|       pointer|
|m_axi_gmem1_ARPROT     |  out|    3|          m_axi|           gmem1|       pointer|
|m_axi_gmem1_ARQOS      |  out|    4|          m_axi|           gmem1|       pointer|
|m_axi_gmem1_ARREGION   |  out|    4|          m_axi|           gmem1|       pointer|
|m_axi_gmem1_ARUSER     |  out|    1|          m_axi|           gmem1|       pointer|
|m_axi_gmem1_RVALID     |   in|    1|          m_axi|           gmem1|       pointer|
|m_axi_gmem1_RREADY     |  out|    1|          m_axi|           gmem1|       pointer|
|m_axi_gmem1_RDATA      |   in|   32|          m_axi|           gmem1|       pointer|
|m_axi_gmem1_RLAST      |   in|    1|          m_axi|           gmem1|       pointer|
|m_axi_gmem1_RID        |   in|    1|          m_axi|           gmem1|       pointer|
|m_axi_gmem1_RUSER      |   in|    1|          m_axi|           gmem1|       pointer|
|m_axi_gmem1_RRESP      |   in|    2|          m_axi|           gmem1|       pointer|
|m_axi_gmem1_BVALID     |   in|    1|          m_axi|           gmem1|       pointer|
|m_axi_gmem1_BREADY     |  out|    1|          m_axi|           gmem1|       pointer|
|m_axi_gmem1_BRESP      |   in|    2|          m_axi|           gmem1|       pointer|
|m_axi_gmem1_BID        |   in|    1|          m_axi|           gmem1|       pointer|
|m_axi_gmem1_BUSER      |   in|    1|          m_axi|           gmem1|       pointer|
|m_axi_gmem2_AWVALID    |  out|    1|          m_axi|           gmem2|       pointer|
|m_axi_gmem2_AWREADY    |   in|    1|          m_axi|           gmem2|       pointer|
|m_axi_gmem2_AWADDR     |  out|   64|          m_axi|           gmem2|       pointer|
|m_axi_gmem2_AWID       |  out|    1|          m_axi|           gmem2|       pointer|
|m_axi_gmem2_AWLEN      |  out|    8|          m_axi|           gmem2|       pointer|
|m_axi_gmem2_AWSIZE     |  out|    3|          m_axi|           gmem2|       pointer|
|m_axi_gmem2_AWBURST    |  out|    2|          m_axi|           gmem2|       pointer|
|m_axi_gmem2_AWLOCK     |  out|    2|          m_axi|           gmem2|       pointer|
|m_axi_gmem2_AWCACHE    |  out|    4|          m_axi|           gmem2|       pointer|
|m_axi_gmem2_AWPROT     |  out|    3|          m_axi|           gmem2|       pointer|
|m_axi_gmem2_AWQOS      |  out|    4|          m_axi|           gmem2|       pointer|
|m_axi_gmem2_AWREGION   |  out|    4|          m_axi|           gmem2|       pointer|
|m_axi_gmem2_AWUSER     |  out|    1|          m_axi|           gmem2|       pointer|
|m_axi_gmem2_WVALID     |  out|    1|          m_axi|           gmem2|       pointer|
|m_axi_gmem2_WREADY     |   in|    1|          m_axi|           gmem2|       pointer|
|m_axi_gmem2_WDATA      |  out|   32|          m_axi|           gmem2|       pointer|
|m_axi_gmem2_WSTRB      |  out|    4|          m_axi|           gmem2|       pointer|
|m_axi_gmem2_WLAST      |  out|    1|          m_axi|           gmem2|       pointer|
|m_axi_gmem2_WID        |  out|    1|          m_axi|           gmem2|       pointer|
|m_axi_gmem2_WUSER      |  out|    1|          m_axi|           gmem2|       pointer|
|m_axi_gmem2_ARVALID    |  out|    1|          m_axi|           gmem2|       pointer|
|m_axi_gmem2_ARREADY    |   in|    1|          m_axi|           gmem2|       pointer|
|m_axi_gmem2_ARADDR     |  out|   64|          m_axi|           gmem2|       pointer|
|m_axi_gmem2_ARID       |  out|    1|          m_axi|           gmem2|       pointer|
|m_axi_gmem2_ARLEN      |  out|    8|          m_axi|           gmem2|       pointer|
|m_axi_gmem2_ARSIZE     |  out|    3|          m_axi|           gmem2|       pointer|
|m_axi_gmem2_ARBURST    |  out|    2|          m_axi|           gmem2|       pointer|
|m_axi_gmem2_ARLOCK     |  out|    2|          m_axi|           gmem2|       pointer|
|m_axi_gmem2_ARCACHE    |  out|    4|          m_axi|           gmem2|       pointer|
|m_axi_gmem2_ARPROT     |  out|    3|          m_axi|           gmem2|       pointer|
|m_axi_gmem2_ARQOS      |  out|    4|          m_axi|           gmem2|       pointer|
|m_axi_gmem2_ARREGION   |  out|    4|          m_axi|           gmem2|       pointer|
|m_axi_gmem2_ARUSER     |  out|    1|          m_axi|           gmem2|       pointer|
|m_axi_gmem2_RVALID     |   in|    1|          m_axi|           gmem2|       pointer|
|m_axi_gmem2_RREADY     |  out|    1|          m_axi|           gmem2|       pointer|
|m_axi_gmem2_RDATA      |   in|   32|          m_axi|           gmem2|       pointer|
|m_axi_gmem2_RLAST      |   in|    1|          m_axi|           gmem2|       pointer|
|m_axi_gmem2_RID        |   in|    1|          m_axi|           gmem2|       pointer|
|m_axi_gmem2_RUSER      |   in|    1|          m_axi|           gmem2|       pointer|
|m_axi_gmem2_RRESP      |   in|    2|          m_axi|           gmem2|       pointer|
|m_axi_gmem2_BVALID     |   in|    1|          m_axi|           gmem2|       pointer|
|m_axi_gmem2_BREADY     |  out|    1|          m_axi|           gmem2|       pointer|
|m_axi_gmem2_BRESP      |   in|    2|          m_axi|           gmem2|       pointer|
|m_axi_gmem2_BID        |   in|    1|          m_axi|           gmem2|       pointer|
|m_axi_gmem2_BUSER      |   in|    1|          m_axi|           gmem2|       pointer|
|m_axi_gmem3_AWVALID    |  out|    1|          m_axi|           gmem3|       pointer|
|m_axi_gmem3_AWREADY    |   in|    1|          m_axi|           gmem3|       pointer|
|m_axi_gmem3_AWADDR     |  out|   64|          m_axi|           gmem3|       pointer|
|m_axi_gmem3_AWID       |  out|    1|          m_axi|           gmem3|       pointer|
|m_axi_gmem3_AWLEN      |  out|    8|          m_axi|           gmem3|       pointer|
|m_axi_gmem3_AWSIZE     |  out|    3|          m_axi|           gmem3|       pointer|
|m_axi_gmem3_AWBURST    |  out|    2|          m_axi|           gmem3|       pointer|
|m_axi_gmem3_AWLOCK     |  out|    2|          m_axi|           gmem3|       pointer|
|m_axi_gmem3_AWCACHE    |  out|    4|          m_axi|           gmem3|       pointer|
|m_axi_gmem3_AWPROT     |  out|    3|          m_axi|           gmem3|       pointer|
|m_axi_gmem3_AWQOS      |  out|    4|          m_axi|           gmem3|       pointer|
|m_axi_gmem3_AWREGION   |  out|    4|          m_axi|           gmem3|       pointer|
|m_axi_gmem3_AWUSER     |  out|    1|          m_axi|           gmem3|       pointer|
|m_axi_gmem3_WVALID     |  out|    1|          m_axi|           gmem3|       pointer|
|m_axi_gmem3_WREADY     |   in|    1|          m_axi|           gmem3|       pointer|
|m_axi_gmem3_WDATA      |  out|   32|          m_axi|           gmem3|       pointer|
|m_axi_gmem3_WSTRB      |  out|    4|          m_axi|           gmem3|       pointer|
|m_axi_gmem3_WLAST      |  out|    1|          m_axi|           gmem3|       pointer|
|m_axi_gmem3_WID        |  out|    1|          m_axi|           gmem3|       pointer|
|m_axi_gmem3_WUSER      |  out|    1|          m_axi|           gmem3|       pointer|
|m_axi_gmem3_ARVALID    |  out|    1|          m_axi|           gmem3|       pointer|
|m_axi_gmem3_ARREADY    |   in|    1|          m_axi|           gmem3|       pointer|
|m_axi_gmem3_ARADDR     |  out|   64|          m_axi|           gmem3|       pointer|
|m_axi_gmem3_ARID       |  out|    1|          m_axi|           gmem3|       pointer|
|m_axi_gmem3_ARLEN      |  out|    8|          m_axi|           gmem3|       pointer|
|m_axi_gmem3_ARSIZE     |  out|    3|          m_axi|           gmem3|       pointer|
|m_axi_gmem3_ARBURST    |  out|    2|          m_axi|           gmem3|       pointer|
|m_axi_gmem3_ARLOCK     |  out|    2|          m_axi|           gmem3|       pointer|
|m_axi_gmem3_ARCACHE    |  out|    4|          m_axi|           gmem3|       pointer|
|m_axi_gmem3_ARPROT     |  out|    3|          m_axi|           gmem3|       pointer|
|m_axi_gmem3_ARQOS      |  out|    4|          m_axi|           gmem3|       pointer|
|m_axi_gmem3_ARREGION   |  out|    4|          m_axi|           gmem3|       pointer|
|m_axi_gmem3_ARUSER     |  out|    1|          m_axi|           gmem3|       pointer|
|m_axi_gmem3_RVALID     |   in|    1|          m_axi|           gmem3|       pointer|
|m_axi_gmem3_RREADY     |  out|    1|          m_axi|           gmem3|       pointer|
|m_axi_gmem3_RDATA      |   in|   32|          m_axi|           gmem3|       pointer|
|m_axi_gmem3_RLAST      |   in|    1|          m_axi|           gmem3|       pointer|
|m_axi_gmem3_RID        |   in|    1|          m_axi|           gmem3|       pointer|
|m_axi_gmem3_RUSER      |   in|    1|          m_axi|           gmem3|       pointer|
|m_axi_gmem3_RRESP      |   in|    2|          m_axi|           gmem3|       pointer|
|m_axi_gmem3_BVALID     |   in|    1|          m_axi|           gmem3|       pointer|
|m_axi_gmem3_BREADY     |  out|    1|          m_axi|           gmem3|       pointer|
|m_axi_gmem3_BRESP      |   in|    2|          m_axi|           gmem3|       pointer|
|m_axi_gmem3_BID        |   in|    1|          m_axi|           gmem3|       pointer|
|m_axi_gmem3_BUSER      |   in|    1|          m_axi|           gmem3|       pointer|
|m_axi_gmem4_AWVALID    |  out|    1|          m_axi|           gmem4|       pointer|
|m_axi_gmem4_AWREADY    |   in|    1|          m_axi|           gmem4|       pointer|
|m_axi_gmem4_AWADDR     |  out|   64|          m_axi|           gmem4|       pointer|
|m_axi_gmem4_AWID       |  out|    1|          m_axi|           gmem4|       pointer|
|m_axi_gmem4_AWLEN      |  out|    8|          m_axi|           gmem4|       pointer|
|m_axi_gmem4_AWSIZE     |  out|    3|          m_axi|           gmem4|       pointer|
|m_axi_gmem4_AWBURST    |  out|    2|          m_axi|           gmem4|       pointer|
|m_axi_gmem4_AWLOCK     |  out|    2|          m_axi|           gmem4|       pointer|
|m_axi_gmem4_AWCACHE    |  out|    4|          m_axi|           gmem4|       pointer|
|m_axi_gmem4_AWPROT     |  out|    3|          m_axi|           gmem4|       pointer|
|m_axi_gmem4_AWQOS      |  out|    4|          m_axi|           gmem4|       pointer|
|m_axi_gmem4_AWREGION   |  out|    4|          m_axi|           gmem4|       pointer|
|m_axi_gmem4_AWUSER     |  out|    1|          m_axi|           gmem4|       pointer|
|m_axi_gmem4_WVALID     |  out|    1|          m_axi|           gmem4|       pointer|
|m_axi_gmem4_WREADY     |   in|    1|          m_axi|           gmem4|       pointer|
|m_axi_gmem4_WDATA      |  out|   32|          m_axi|           gmem4|       pointer|
|m_axi_gmem4_WSTRB      |  out|    4|          m_axi|           gmem4|       pointer|
|m_axi_gmem4_WLAST      |  out|    1|          m_axi|           gmem4|       pointer|
|m_axi_gmem4_WID        |  out|    1|          m_axi|           gmem4|       pointer|
|m_axi_gmem4_WUSER      |  out|    1|          m_axi|           gmem4|       pointer|
|m_axi_gmem4_ARVALID    |  out|    1|          m_axi|           gmem4|       pointer|
|m_axi_gmem4_ARREADY    |   in|    1|          m_axi|           gmem4|       pointer|
|m_axi_gmem4_ARADDR     |  out|   64|          m_axi|           gmem4|       pointer|
|m_axi_gmem4_ARID       |  out|    1|          m_axi|           gmem4|       pointer|
|m_axi_gmem4_ARLEN      |  out|    8|          m_axi|           gmem4|       pointer|
|m_axi_gmem4_ARSIZE     |  out|    3|          m_axi|           gmem4|       pointer|
|m_axi_gmem4_ARBURST    |  out|    2|          m_axi|           gmem4|       pointer|
|m_axi_gmem4_ARLOCK     |  out|    2|          m_axi|           gmem4|       pointer|
|m_axi_gmem4_ARCACHE    |  out|    4|          m_axi|           gmem4|       pointer|
|m_axi_gmem4_ARPROT     |  out|    3|          m_axi|           gmem4|       pointer|
|m_axi_gmem4_ARQOS      |  out|    4|          m_axi|           gmem4|       pointer|
|m_axi_gmem4_ARREGION   |  out|    4|          m_axi|           gmem4|       pointer|
|m_axi_gmem4_ARUSER     |  out|    1|          m_axi|           gmem4|       pointer|
|m_axi_gmem4_RVALID     |   in|    1|          m_axi|           gmem4|       pointer|
|m_axi_gmem4_RREADY     |  out|    1|          m_axi|           gmem4|       pointer|
|m_axi_gmem4_RDATA      |   in|   32|          m_axi|           gmem4|       pointer|
|m_axi_gmem4_RLAST      |   in|    1|          m_axi|           gmem4|       pointer|
|m_axi_gmem4_RID        |   in|    1|          m_axi|           gmem4|       pointer|
|m_axi_gmem4_RUSER      |   in|    1|          m_axi|           gmem4|       pointer|
|m_axi_gmem4_RRESP      |   in|    2|          m_axi|           gmem4|       pointer|
|m_axi_gmem4_BVALID     |   in|    1|          m_axi|           gmem4|       pointer|
|m_axi_gmem4_BREADY     |  out|    1|          m_axi|           gmem4|       pointer|
|m_axi_gmem4_BRESP      |   in|    2|          m_axi|           gmem4|       pointer|
|m_axi_gmem4_BID        |   in|    1|          m_axi|           gmem4|       pointer|
|m_axi_gmem4_BUSER      |   in|    1|          m_axi|           gmem4|       pointer|
|m_axi_gmem5_AWVALID    |  out|    1|          m_axi|           gmem5|       pointer|
|m_axi_gmem5_AWREADY    |   in|    1|          m_axi|           gmem5|       pointer|
|m_axi_gmem5_AWADDR     |  out|   64|          m_axi|           gmem5|       pointer|
|m_axi_gmem5_AWID       |  out|    1|          m_axi|           gmem5|       pointer|
|m_axi_gmem5_AWLEN      |  out|    8|          m_axi|           gmem5|       pointer|
|m_axi_gmem5_AWSIZE     |  out|    3|          m_axi|           gmem5|       pointer|
|m_axi_gmem5_AWBURST    |  out|    2|          m_axi|           gmem5|       pointer|
|m_axi_gmem5_AWLOCK     |  out|    2|          m_axi|           gmem5|       pointer|
|m_axi_gmem5_AWCACHE    |  out|    4|          m_axi|           gmem5|       pointer|
|m_axi_gmem5_AWPROT     |  out|    3|          m_axi|           gmem5|       pointer|
|m_axi_gmem5_AWQOS      |  out|    4|          m_axi|           gmem5|       pointer|
|m_axi_gmem5_AWREGION   |  out|    4|          m_axi|           gmem5|       pointer|
|m_axi_gmem5_AWUSER     |  out|    1|          m_axi|           gmem5|       pointer|
|m_axi_gmem5_WVALID     |  out|    1|          m_axi|           gmem5|       pointer|
|m_axi_gmem5_WREADY     |   in|    1|          m_axi|           gmem5|       pointer|
|m_axi_gmem5_WDATA      |  out|   32|          m_axi|           gmem5|       pointer|
|m_axi_gmem5_WSTRB      |  out|    4|          m_axi|           gmem5|       pointer|
|m_axi_gmem5_WLAST      |  out|    1|          m_axi|           gmem5|       pointer|
|m_axi_gmem5_WID        |  out|    1|          m_axi|           gmem5|       pointer|
|m_axi_gmem5_WUSER      |  out|    1|          m_axi|           gmem5|       pointer|
|m_axi_gmem5_ARVALID    |  out|    1|          m_axi|           gmem5|       pointer|
|m_axi_gmem5_ARREADY    |   in|    1|          m_axi|           gmem5|       pointer|
|m_axi_gmem5_ARADDR     |  out|   64|          m_axi|           gmem5|       pointer|
|m_axi_gmem5_ARID       |  out|    1|          m_axi|           gmem5|       pointer|
|m_axi_gmem5_ARLEN      |  out|    8|          m_axi|           gmem5|       pointer|
|m_axi_gmem5_ARSIZE     |  out|    3|          m_axi|           gmem5|       pointer|
|m_axi_gmem5_ARBURST    |  out|    2|          m_axi|           gmem5|       pointer|
|m_axi_gmem5_ARLOCK     |  out|    2|          m_axi|           gmem5|       pointer|
|m_axi_gmem5_ARCACHE    |  out|    4|          m_axi|           gmem5|       pointer|
|m_axi_gmem5_ARPROT     |  out|    3|          m_axi|           gmem5|       pointer|
|m_axi_gmem5_ARQOS      |  out|    4|          m_axi|           gmem5|       pointer|
|m_axi_gmem5_ARREGION   |  out|    4|          m_axi|           gmem5|       pointer|
|m_axi_gmem5_ARUSER     |  out|    1|          m_axi|           gmem5|       pointer|
|m_axi_gmem5_RVALID     |   in|    1|          m_axi|           gmem5|       pointer|
|m_axi_gmem5_RREADY     |  out|    1|          m_axi|           gmem5|       pointer|
|m_axi_gmem5_RDATA      |   in|   32|          m_axi|           gmem5|       pointer|
|m_axi_gmem5_RLAST      |   in|    1|          m_axi|           gmem5|       pointer|
|m_axi_gmem5_RID        |   in|    1|          m_axi|           gmem5|       pointer|
|m_axi_gmem5_RUSER      |   in|    1|          m_axi|           gmem5|       pointer|
|m_axi_gmem5_RRESP      |   in|    2|          m_axi|           gmem5|       pointer|
|m_axi_gmem5_BVALID     |   in|    1|          m_axi|           gmem5|       pointer|
|m_axi_gmem5_BREADY     |  out|    1|          m_axi|           gmem5|       pointer|
|m_axi_gmem5_BRESP      |   in|    2|          m_axi|           gmem5|       pointer|
|m_axi_gmem5_BID        |   in|    1|          m_axi|           gmem5|       pointer|
|m_axi_gmem5_BUSER      |   in|    1|          m_axi|           gmem5|       pointer|
|m_axi_gmem6_AWVALID    |  out|    1|          m_axi|           gmem6|       pointer|
|m_axi_gmem6_AWREADY    |   in|    1|          m_axi|           gmem6|       pointer|
|m_axi_gmem6_AWADDR     |  out|   64|          m_axi|           gmem6|       pointer|
|m_axi_gmem6_AWID       |  out|    1|          m_axi|           gmem6|       pointer|
|m_axi_gmem6_AWLEN      |  out|    8|          m_axi|           gmem6|       pointer|
|m_axi_gmem6_AWSIZE     |  out|    3|          m_axi|           gmem6|       pointer|
|m_axi_gmem6_AWBURST    |  out|    2|          m_axi|           gmem6|       pointer|
|m_axi_gmem6_AWLOCK     |  out|    2|          m_axi|           gmem6|       pointer|
|m_axi_gmem6_AWCACHE    |  out|    4|          m_axi|           gmem6|       pointer|
|m_axi_gmem6_AWPROT     |  out|    3|          m_axi|           gmem6|       pointer|
|m_axi_gmem6_AWQOS      |  out|    4|          m_axi|           gmem6|       pointer|
|m_axi_gmem6_AWREGION   |  out|    4|          m_axi|           gmem6|       pointer|
|m_axi_gmem6_AWUSER     |  out|    1|          m_axi|           gmem6|       pointer|
|m_axi_gmem6_WVALID     |  out|    1|          m_axi|           gmem6|       pointer|
|m_axi_gmem6_WREADY     |   in|    1|          m_axi|           gmem6|       pointer|
|m_axi_gmem6_WDATA      |  out|   32|          m_axi|           gmem6|       pointer|
|m_axi_gmem6_WSTRB      |  out|    4|          m_axi|           gmem6|       pointer|
|m_axi_gmem6_WLAST      |  out|    1|          m_axi|           gmem6|       pointer|
|m_axi_gmem6_WID        |  out|    1|          m_axi|           gmem6|       pointer|
|m_axi_gmem6_WUSER      |  out|    1|          m_axi|           gmem6|       pointer|
|m_axi_gmem6_ARVALID    |  out|    1|          m_axi|           gmem6|       pointer|
|m_axi_gmem6_ARREADY    |   in|    1|          m_axi|           gmem6|       pointer|
|m_axi_gmem6_ARADDR     |  out|   64|          m_axi|           gmem6|       pointer|
|m_axi_gmem6_ARID       |  out|    1|          m_axi|           gmem6|       pointer|
|m_axi_gmem6_ARLEN      |  out|    8|          m_axi|           gmem6|       pointer|
|m_axi_gmem6_ARSIZE     |  out|    3|          m_axi|           gmem6|       pointer|
|m_axi_gmem6_ARBURST    |  out|    2|          m_axi|           gmem6|       pointer|
|m_axi_gmem6_ARLOCK     |  out|    2|          m_axi|           gmem6|       pointer|
|m_axi_gmem6_ARCACHE    |  out|    4|          m_axi|           gmem6|       pointer|
|m_axi_gmem6_ARPROT     |  out|    3|          m_axi|           gmem6|       pointer|
|m_axi_gmem6_ARQOS      |  out|    4|          m_axi|           gmem6|       pointer|
|m_axi_gmem6_ARREGION   |  out|    4|          m_axi|           gmem6|       pointer|
|m_axi_gmem6_ARUSER     |  out|    1|          m_axi|           gmem6|       pointer|
|m_axi_gmem6_RVALID     |   in|    1|          m_axi|           gmem6|       pointer|
|m_axi_gmem6_RREADY     |  out|    1|          m_axi|           gmem6|       pointer|
|m_axi_gmem6_RDATA      |   in|   32|          m_axi|           gmem6|       pointer|
|m_axi_gmem6_RLAST      |   in|    1|          m_axi|           gmem6|       pointer|
|m_axi_gmem6_RID        |   in|    1|          m_axi|           gmem6|       pointer|
|m_axi_gmem6_RUSER      |   in|    1|          m_axi|           gmem6|       pointer|
|m_axi_gmem6_RRESP      |   in|    2|          m_axi|           gmem6|       pointer|
|m_axi_gmem6_BVALID     |   in|    1|          m_axi|           gmem6|       pointer|
|m_axi_gmem6_BREADY     |  out|    1|          m_axi|           gmem6|       pointer|
|m_axi_gmem6_BRESP      |   in|    2|          m_axi|           gmem6|       pointer|
|m_axi_gmem6_BID        |   in|    1|          m_axi|           gmem6|       pointer|
|m_axi_gmem6_BUSER      |   in|    1|          m_axi|           gmem6|       pointer|
|m_axi_gmem7_AWVALID    |  out|    1|          m_axi|           gmem7|       pointer|
|m_axi_gmem7_AWREADY    |   in|    1|          m_axi|           gmem7|       pointer|
|m_axi_gmem7_AWADDR     |  out|   64|          m_axi|           gmem7|       pointer|
|m_axi_gmem7_AWID       |  out|    1|          m_axi|           gmem7|       pointer|
|m_axi_gmem7_AWLEN      |  out|    8|          m_axi|           gmem7|       pointer|
|m_axi_gmem7_AWSIZE     |  out|    3|          m_axi|           gmem7|       pointer|
|m_axi_gmem7_AWBURST    |  out|    2|          m_axi|           gmem7|       pointer|
|m_axi_gmem7_AWLOCK     |  out|    2|          m_axi|           gmem7|       pointer|
|m_axi_gmem7_AWCACHE    |  out|    4|          m_axi|           gmem7|       pointer|
|m_axi_gmem7_AWPROT     |  out|    3|          m_axi|           gmem7|       pointer|
|m_axi_gmem7_AWQOS      |  out|    4|          m_axi|           gmem7|       pointer|
|m_axi_gmem7_AWREGION   |  out|    4|          m_axi|           gmem7|       pointer|
|m_axi_gmem7_AWUSER     |  out|    1|          m_axi|           gmem7|       pointer|
|m_axi_gmem7_WVALID     |  out|    1|          m_axi|           gmem7|       pointer|
|m_axi_gmem7_WREADY     |   in|    1|          m_axi|           gmem7|       pointer|
|m_axi_gmem7_WDATA      |  out|   32|          m_axi|           gmem7|       pointer|
|m_axi_gmem7_WSTRB      |  out|    4|          m_axi|           gmem7|       pointer|
|m_axi_gmem7_WLAST      |  out|    1|          m_axi|           gmem7|       pointer|
|m_axi_gmem7_WID        |  out|    1|          m_axi|           gmem7|       pointer|
|m_axi_gmem7_WUSER      |  out|    1|          m_axi|           gmem7|       pointer|
|m_axi_gmem7_ARVALID    |  out|    1|          m_axi|           gmem7|       pointer|
|m_axi_gmem7_ARREADY    |   in|    1|          m_axi|           gmem7|       pointer|
|m_axi_gmem7_ARADDR     |  out|   64|          m_axi|           gmem7|       pointer|
|m_axi_gmem7_ARID       |  out|    1|          m_axi|           gmem7|       pointer|
|m_axi_gmem7_ARLEN      |  out|    8|          m_axi|           gmem7|       pointer|
|m_axi_gmem7_ARSIZE     |  out|    3|          m_axi|           gmem7|       pointer|
|m_axi_gmem7_ARBURST    |  out|    2|          m_axi|           gmem7|       pointer|
|m_axi_gmem7_ARLOCK     |  out|    2|          m_axi|           gmem7|       pointer|
|m_axi_gmem7_ARCACHE    |  out|    4|          m_axi|           gmem7|       pointer|
|m_axi_gmem7_ARPROT     |  out|    3|          m_axi|           gmem7|       pointer|
|m_axi_gmem7_ARQOS      |  out|    4|          m_axi|           gmem7|       pointer|
|m_axi_gmem7_ARREGION   |  out|    4|          m_axi|           gmem7|       pointer|
|m_axi_gmem7_ARUSER     |  out|    1|          m_axi|           gmem7|       pointer|
|m_axi_gmem7_RVALID     |   in|    1|          m_axi|           gmem7|       pointer|
|m_axi_gmem7_RREADY     |  out|    1|          m_axi|           gmem7|       pointer|
|m_axi_gmem7_RDATA      |   in|   32|          m_axi|           gmem7|       pointer|
|m_axi_gmem7_RLAST      |   in|    1|          m_axi|           gmem7|       pointer|
|m_axi_gmem7_RID        |   in|    1|          m_axi|           gmem7|       pointer|
|m_axi_gmem7_RUSER      |   in|    1|          m_axi|           gmem7|       pointer|
|m_axi_gmem7_RRESP      |   in|    2|          m_axi|           gmem7|       pointer|
|m_axi_gmem7_BVALID     |   in|    1|          m_axi|           gmem7|       pointer|
|m_axi_gmem7_BREADY     |  out|    1|          m_axi|           gmem7|       pointer|
|m_axi_gmem7_BRESP      |   in|    2|          m_axi|           gmem7|       pointer|
|m_axi_gmem7_BID        |   in|    1|          m_axi|           gmem7|       pointer|
|m_axi_gmem7_BUSER      |   in|    1|          m_axi|           gmem7|       pointer|
|m_axi_gmem8_AWVALID    |  out|    1|          m_axi|           gmem8|       pointer|
|m_axi_gmem8_AWREADY    |   in|    1|          m_axi|           gmem8|       pointer|
|m_axi_gmem8_AWADDR     |  out|   64|          m_axi|           gmem8|       pointer|
|m_axi_gmem8_AWID       |  out|    1|          m_axi|           gmem8|       pointer|
|m_axi_gmem8_AWLEN      |  out|    8|          m_axi|           gmem8|       pointer|
|m_axi_gmem8_AWSIZE     |  out|    3|          m_axi|           gmem8|       pointer|
|m_axi_gmem8_AWBURST    |  out|    2|          m_axi|           gmem8|       pointer|
|m_axi_gmem8_AWLOCK     |  out|    2|          m_axi|           gmem8|       pointer|
|m_axi_gmem8_AWCACHE    |  out|    4|          m_axi|           gmem8|       pointer|
|m_axi_gmem8_AWPROT     |  out|    3|          m_axi|           gmem8|       pointer|
|m_axi_gmem8_AWQOS      |  out|    4|          m_axi|           gmem8|       pointer|
|m_axi_gmem8_AWREGION   |  out|    4|          m_axi|           gmem8|       pointer|
|m_axi_gmem8_AWUSER     |  out|    1|          m_axi|           gmem8|       pointer|
|m_axi_gmem8_WVALID     |  out|    1|          m_axi|           gmem8|       pointer|
|m_axi_gmem8_WREADY     |   in|    1|          m_axi|           gmem8|       pointer|
|m_axi_gmem8_WDATA      |  out|  128|          m_axi|           gmem8|       pointer|
|m_axi_gmem8_WSTRB      |  out|   16|          m_axi|           gmem8|       pointer|
|m_axi_gmem8_WLAST      |  out|    1|          m_axi|           gmem8|       pointer|
|m_axi_gmem8_WID        |  out|    1|          m_axi|           gmem8|       pointer|
|m_axi_gmem8_WUSER      |  out|    1|          m_axi|           gmem8|       pointer|
|m_axi_gmem8_ARVALID    |  out|    1|          m_axi|           gmem8|       pointer|
|m_axi_gmem8_ARREADY    |   in|    1|          m_axi|           gmem8|       pointer|
|m_axi_gmem8_ARADDR     |  out|   64|          m_axi|           gmem8|       pointer|
|m_axi_gmem8_ARID       |  out|    1|          m_axi|           gmem8|       pointer|
|m_axi_gmem8_ARLEN      |  out|    8|          m_axi|           gmem8|       pointer|
|m_axi_gmem8_ARSIZE     |  out|    3|          m_axi|           gmem8|       pointer|
|m_axi_gmem8_ARBURST    |  out|    2|          m_axi|           gmem8|       pointer|
|m_axi_gmem8_ARLOCK     |  out|    2|          m_axi|           gmem8|       pointer|
|m_axi_gmem8_ARCACHE    |  out|    4|          m_axi|           gmem8|       pointer|
|m_axi_gmem8_ARPROT     |  out|    3|          m_axi|           gmem8|       pointer|
|m_axi_gmem8_ARQOS      |  out|    4|          m_axi|           gmem8|       pointer|
|m_axi_gmem8_ARREGION   |  out|    4|          m_axi|           gmem8|       pointer|
|m_axi_gmem8_ARUSER     |  out|    1|          m_axi|           gmem8|       pointer|
|m_axi_gmem8_RVALID     |   in|    1|          m_axi|           gmem8|       pointer|
|m_axi_gmem8_RREADY     |  out|    1|          m_axi|           gmem8|       pointer|
|m_axi_gmem8_RDATA      |   in|  128|          m_axi|           gmem8|       pointer|
|m_axi_gmem8_RLAST      |   in|    1|          m_axi|           gmem8|       pointer|
|m_axi_gmem8_RID        |   in|    1|          m_axi|           gmem8|       pointer|
|m_axi_gmem8_RUSER      |   in|    1|          m_axi|           gmem8|       pointer|
|m_axi_gmem8_RRESP      |   in|    2|          m_axi|           gmem8|       pointer|
|m_axi_gmem8_BVALID     |   in|    1|          m_axi|           gmem8|       pointer|
|m_axi_gmem8_BREADY     |  out|    1|          m_axi|           gmem8|       pointer|
|m_axi_gmem8_BRESP      |   in|    2|          m_axi|           gmem8|       pointer|
|m_axi_gmem8_BID        |   in|    1|          m_axi|           gmem8|       pointer|
|m_axi_gmem8_BUSER      |   in|    1|          m_axi|           gmem8|       pointer|
|m_axi_gmem9_AWVALID    |  out|    1|          m_axi|           gmem9|       pointer|
|m_axi_gmem9_AWREADY    |   in|    1|          m_axi|           gmem9|       pointer|
|m_axi_gmem9_AWADDR     |  out|   64|          m_axi|           gmem9|       pointer|
|m_axi_gmem9_AWID       |  out|    1|          m_axi|           gmem9|       pointer|
|m_axi_gmem9_AWLEN      |  out|    8|          m_axi|           gmem9|       pointer|
|m_axi_gmem9_AWSIZE     |  out|    3|          m_axi|           gmem9|       pointer|
|m_axi_gmem9_AWBURST    |  out|    2|          m_axi|           gmem9|       pointer|
|m_axi_gmem9_AWLOCK     |  out|    2|          m_axi|           gmem9|       pointer|
|m_axi_gmem9_AWCACHE    |  out|    4|          m_axi|           gmem9|       pointer|
|m_axi_gmem9_AWPROT     |  out|    3|          m_axi|           gmem9|       pointer|
|m_axi_gmem9_AWQOS      |  out|    4|          m_axi|           gmem9|       pointer|
|m_axi_gmem9_AWREGION   |  out|    4|          m_axi|           gmem9|       pointer|
|m_axi_gmem9_AWUSER     |  out|    1|          m_axi|           gmem9|       pointer|
|m_axi_gmem9_WVALID     |  out|    1|          m_axi|           gmem9|       pointer|
|m_axi_gmem9_WREADY     |   in|    1|          m_axi|           gmem9|       pointer|
|m_axi_gmem9_WDATA      |  out|  128|          m_axi|           gmem9|       pointer|
|m_axi_gmem9_WSTRB      |  out|   16|          m_axi|           gmem9|       pointer|
|m_axi_gmem9_WLAST      |  out|    1|          m_axi|           gmem9|       pointer|
|m_axi_gmem9_WID        |  out|    1|          m_axi|           gmem9|       pointer|
|m_axi_gmem9_WUSER      |  out|    1|          m_axi|           gmem9|       pointer|
|m_axi_gmem9_ARVALID    |  out|    1|          m_axi|           gmem9|       pointer|
|m_axi_gmem9_ARREADY    |   in|    1|          m_axi|           gmem9|       pointer|
|m_axi_gmem9_ARADDR     |  out|   64|          m_axi|           gmem9|       pointer|
|m_axi_gmem9_ARID       |  out|    1|          m_axi|           gmem9|       pointer|
|m_axi_gmem9_ARLEN      |  out|    8|          m_axi|           gmem9|       pointer|
|m_axi_gmem9_ARSIZE     |  out|    3|          m_axi|           gmem9|       pointer|
|m_axi_gmem9_ARBURST    |  out|    2|          m_axi|           gmem9|       pointer|
|m_axi_gmem9_ARLOCK     |  out|    2|          m_axi|           gmem9|       pointer|
|m_axi_gmem9_ARCACHE    |  out|    4|          m_axi|           gmem9|       pointer|
|m_axi_gmem9_ARPROT     |  out|    3|          m_axi|           gmem9|       pointer|
|m_axi_gmem9_ARQOS      |  out|    4|          m_axi|           gmem9|       pointer|
|m_axi_gmem9_ARREGION   |  out|    4|          m_axi|           gmem9|       pointer|
|m_axi_gmem9_ARUSER     |  out|    1|          m_axi|           gmem9|       pointer|
|m_axi_gmem9_RVALID     |   in|    1|          m_axi|           gmem9|       pointer|
|m_axi_gmem9_RREADY     |  out|    1|          m_axi|           gmem9|       pointer|
|m_axi_gmem9_RDATA      |   in|  128|          m_axi|           gmem9|       pointer|
|m_axi_gmem9_RLAST      |   in|    1|          m_axi|           gmem9|       pointer|
|m_axi_gmem9_RID        |   in|    1|          m_axi|           gmem9|       pointer|
|m_axi_gmem9_RUSER      |   in|    1|          m_axi|           gmem9|       pointer|
|m_axi_gmem9_RRESP      |   in|    2|          m_axi|           gmem9|       pointer|
|m_axi_gmem9_BVALID     |   in|    1|          m_axi|           gmem9|       pointer|
|m_axi_gmem9_BREADY     |  out|    1|          m_axi|           gmem9|       pointer|
|m_axi_gmem9_BRESP      |   in|    2|          m_axi|           gmem9|       pointer|
|m_axi_gmem9_BID        |   in|    1|          m_axi|           gmem9|       pointer|
|m_axi_gmem9_BUSER      |   in|    1|          m_axi|           gmem9|       pointer|
|m_axi_gmem10_AWVALID   |  out|    1|          m_axi|          gmem10|       pointer|
|m_axi_gmem10_AWREADY   |   in|    1|          m_axi|          gmem10|       pointer|
|m_axi_gmem10_AWADDR    |  out|   64|          m_axi|          gmem10|       pointer|
|m_axi_gmem10_AWID      |  out|    1|          m_axi|          gmem10|       pointer|
|m_axi_gmem10_AWLEN     |  out|    8|          m_axi|          gmem10|       pointer|
|m_axi_gmem10_AWSIZE    |  out|    3|          m_axi|          gmem10|       pointer|
|m_axi_gmem10_AWBURST   |  out|    2|          m_axi|          gmem10|       pointer|
|m_axi_gmem10_AWLOCK    |  out|    2|          m_axi|          gmem10|       pointer|
|m_axi_gmem10_AWCACHE   |  out|    4|          m_axi|          gmem10|       pointer|
|m_axi_gmem10_AWPROT    |  out|    3|          m_axi|          gmem10|       pointer|
|m_axi_gmem10_AWQOS     |  out|    4|          m_axi|          gmem10|       pointer|
|m_axi_gmem10_AWREGION  |  out|    4|          m_axi|          gmem10|       pointer|
|m_axi_gmem10_AWUSER    |  out|    1|          m_axi|          gmem10|       pointer|
|m_axi_gmem10_WVALID    |  out|    1|          m_axi|          gmem10|       pointer|
|m_axi_gmem10_WREADY    |   in|    1|          m_axi|          gmem10|       pointer|
|m_axi_gmem10_WDATA     |  out|  128|          m_axi|          gmem10|       pointer|
|m_axi_gmem10_WSTRB     |  out|   16|          m_axi|          gmem10|       pointer|
|m_axi_gmem10_WLAST     |  out|    1|          m_axi|          gmem10|       pointer|
|m_axi_gmem10_WID       |  out|    1|          m_axi|          gmem10|       pointer|
|m_axi_gmem10_WUSER     |  out|    1|          m_axi|          gmem10|       pointer|
|m_axi_gmem10_ARVALID   |  out|    1|          m_axi|          gmem10|       pointer|
|m_axi_gmem10_ARREADY   |   in|    1|          m_axi|          gmem10|       pointer|
|m_axi_gmem10_ARADDR    |  out|   64|          m_axi|          gmem10|       pointer|
|m_axi_gmem10_ARID      |  out|    1|          m_axi|          gmem10|       pointer|
|m_axi_gmem10_ARLEN     |  out|    8|          m_axi|          gmem10|       pointer|
|m_axi_gmem10_ARSIZE    |  out|    3|          m_axi|          gmem10|       pointer|
|m_axi_gmem10_ARBURST   |  out|    2|          m_axi|          gmem10|       pointer|
|m_axi_gmem10_ARLOCK    |  out|    2|          m_axi|          gmem10|       pointer|
|m_axi_gmem10_ARCACHE   |  out|    4|          m_axi|          gmem10|       pointer|
|m_axi_gmem10_ARPROT    |  out|    3|          m_axi|          gmem10|       pointer|
|m_axi_gmem10_ARQOS     |  out|    4|          m_axi|          gmem10|       pointer|
|m_axi_gmem10_ARREGION  |  out|    4|          m_axi|          gmem10|       pointer|
|m_axi_gmem10_ARUSER    |  out|    1|          m_axi|          gmem10|       pointer|
|m_axi_gmem10_RVALID    |   in|    1|          m_axi|          gmem10|       pointer|
|m_axi_gmem10_RREADY    |  out|    1|          m_axi|          gmem10|       pointer|
|m_axi_gmem10_RDATA     |   in|  128|          m_axi|          gmem10|       pointer|
|m_axi_gmem10_RLAST     |   in|    1|          m_axi|          gmem10|       pointer|
|m_axi_gmem10_RID       |   in|    1|          m_axi|          gmem10|       pointer|
|m_axi_gmem10_RUSER     |   in|    1|          m_axi|          gmem10|       pointer|
|m_axi_gmem10_RRESP     |   in|    2|          m_axi|          gmem10|       pointer|
|m_axi_gmem10_BVALID    |   in|    1|          m_axi|          gmem10|       pointer|
|m_axi_gmem10_BREADY    |  out|    1|          m_axi|          gmem10|       pointer|
|m_axi_gmem10_BRESP     |   in|    2|          m_axi|          gmem10|       pointer|
|m_axi_gmem10_BID       |   in|    1|          m_axi|          gmem10|       pointer|
|m_axi_gmem10_BUSER     |   in|    1|          m_axi|          gmem10|       pointer|
|m_axi_gmem11_AWVALID   |  out|    1|          m_axi|          gmem11|       pointer|
|m_axi_gmem11_AWREADY   |   in|    1|          m_axi|          gmem11|       pointer|
|m_axi_gmem11_AWADDR    |  out|   64|          m_axi|          gmem11|       pointer|
|m_axi_gmem11_AWID      |  out|    1|          m_axi|          gmem11|       pointer|
|m_axi_gmem11_AWLEN     |  out|    8|          m_axi|          gmem11|       pointer|
|m_axi_gmem11_AWSIZE    |  out|    3|          m_axi|          gmem11|       pointer|
|m_axi_gmem11_AWBURST   |  out|    2|          m_axi|          gmem11|       pointer|
|m_axi_gmem11_AWLOCK    |  out|    2|          m_axi|          gmem11|       pointer|
|m_axi_gmem11_AWCACHE   |  out|    4|          m_axi|          gmem11|       pointer|
|m_axi_gmem11_AWPROT    |  out|    3|          m_axi|          gmem11|       pointer|
|m_axi_gmem11_AWQOS     |  out|    4|          m_axi|          gmem11|       pointer|
|m_axi_gmem11_AWREGION  |  out|    4|          m_axi|          gmem11|       pointer|
|m_axi_gmem11_AWUSER    |  out|    1|          m_axi|          gmem11|       pointer|
|m_axi_gmem11_WVALID    |  out|    1|          m_axi|          gmem11|       pointer|
|m_axi_gmem11_WREADY    |   in|    1|          m_axi|          gmem11|       pointer|
|m_axi_gmem11_WDATA     |  out|  128|          m_axi|          gmem11|       pointer|
|m_axi_gmem11_WSTRB     |  out|   16|          m_axi|          gmem11|       pointer|
|m_axi_gmem11_WLAST     |  out|    1|          m_axi|          gmem11|       pointer|
|m_axi_gmem11_WID       |  out|    1|          m_axi|          gmem11|       pointer|
|m_axi_gmem11_WUSER     |  out|    1|          m_axi|          gmem11|       pointer|
|m_axi_gmem11_ARVALID   |  out|    1|          m_axi|          gmem11|       pointer|
|m_axi_gmem11_ARREADY   |   in|    1|          m_axi|          gmem11|       pointer|
|m_axi_gmem11_ARADDR    |  out|   64|          m_axi|          gmem11|       pointer|
|m_axi_gmem11_ARID      |  out|    1|          m_axi|          gmem11|       pointer|
|m_axi_gmem11_ARLEN     |  out|    8|          m_axi|          gmem11|       pointer|
|m_axi_gmem11_ARSIZE    |  out|    3|          m_axi|          gmem11|       pointer|
|m_axi_gmem11_ARBURST   |  out|    2|          m_axi|          gmem11|       pointer|
|m_axi_gmem11_ARLOCK    |  out|    2|          m_axi|          gmem11|       pointer|
|m_axi_gmem11_ARCACHE   |  out|    4|          m_axi|          gmem11|       pointer|
|m_axi_gmem11_ARPROT    |  out|    3|          m_axi|          gmem11|       pointer|
|m_axi_gmem11_ARQOS     |  out|    4|          m_axi|          gmem11|       pointer|
|m_axi_gmem11_ARREGION  |  out|    4|          m_axi|          gmem11|       pointer|
|m_axi_gmem11_ARUSER    |  out|    1|          m_axi|          gmem11|       pointer|
|m_axi_gmem11_RVALID    |   in|    1|          m_axi|          gmem11|       pointer|
|m_axi_gmem11_RREADY    |  out|    1|          m_axi|          gmem11|       pointer|
|m_axi_gmem11_RDATA     |   in|  128|          m_axi|          gmem11|       pointer|
|m_axi_gmem11_RLAST     |   in|    1|          m_axi|          gmem11|       pointer|
|m_axi_gmem11_RID       |   in|    1|          m_axi|          gmem11|       pointer|
|m_axi_gmem11_RUSER     |   in|    1|          m_axi|          gmem11|       pointer|
|m_axi_gmem11_RRESP     |   in|    2|          m_axi|          gmem11|       pointer|
|m_axi_gmem11_BVALID    |   in|    1|          m_axi|          gmem11|       pointer|
|m_axi_gmem11_BREADY    |  out|    1|          m_axi|          gmem11|       pointer|
|m_axi_gmem11_BRESP     |   in|    2|          m_axi|          gmem11|       pointer|
|m_axi_gmem11_BID       |   in|    1|          m_axi|          gmem11|       pointer|
|m_axi_gmem11_BUSER     |   in|    1|          m_axi|          gmem11|       pointer|
|m_axi_gmem12_AWVALID   |  out|    1|          m_axi|          gmem12|       pointer|
|m_axi_gmem12_AWREADY   |   in|    1|          m_axi|          gmem12|       pointer|
|m_axi_gmem12_AWADDR    |  out|   64|          m_axi|          gmem12|       pointer|
|m_axi_gmem12_AWID      |  out|    1|          m_axi|          gmem12|       pointer|
|m_axi_gmem12_AWLEN     |  out|    8|          m_axi|          gmem12|       pointer|
|m_axi_gmem12_AWSIZE    |  out|    3|          m_axi|          gmem12|       pointer|
|m_axi_gmem12_AWBURST   |  out|    2|          m_axi|          gmem12|       pointer|
|m_axi_gmem12_AWLOCK    |  out|    2|          m_axi|          gmem12|       pointer|
|m_axi_gmem12_AWCACHE   |  out|    4|          m_axi|          gmem12|       pointer|
|m_axi_gmem12_AWPROT    |  out|    3|          m_axi|          gmem12|       pointer|
|m_axi_gmem12_AWQOS     |  out|    4|          m_axi|          gmem12|       pointer|
|m_axi_gmem12_AWREGION  |  out|    4|          m_axi|          gmem12|       pointer|
|m_axi_gmem12_AWUSER    |  out|    1|          m_axi|          gmem12|       pointer|
|m_axi_gmem12_WVALID    |  out|    1|          m_axi|          gmem12|       pointer|
|m_axi_gmem12_WREADY    |   in|    1|          m_axi|          gmem12|       pointer|
|m_axi_gmem12_WDATA     |  out|  512|          m_axi|          gmem12|       pointer|
|m_axi_gmem12_WSTRB     |  out|   64|          m_axi|          gmem12|       pointer|
|m_axi_gmem12_WLAST     |  out|    1|          m_axi|          gmem12|       pointer|
|m_axi_gmem12_WID       |  out|    1|          m_axi|          gmem12|       pointer|
|m_axi_gmem12_WUSER     |  out|    1|          m_axi|          gmem12|       pointer|
|m_axi_gmem12_ARVALID   |  out|    1|          m_axi|          gmem12|       pointer|
|m_axi_gmem12_ARREADY   |   in|    1|          m_axi|          gmem12|       pointer|
|m_axi_gmem12_ARADDR    |  out|   64|          m_axi|          gmem12|       pointer|
|m_axi_gmem12_ARID      |  out|    1|          m_axi|          gmem12|       pointer|
|m_axi_gmem12_ARLEN     |  out|    8|          m_axi|          gmem12|       pointer|
|m_axi_gmem12_ARSIZE    |  out|    3|          m_axi|          gmem12|       pointer|
|m_axi_gmem12_ARBURST   |  out|    2|          m_axi|          gmem12|       pointer|
|m_axi_gmem12_ARLOCK    |  out|    2|          m_axi|          gmem12|       pointer|
|m_axi_gmem12_ARCACHE   |  out|    4|          m_axi|          gmem12|       pointer|
|m_axi_gmem12_ARPROT    |  out|    3|          m_axi|          gmem12|       pointer|
|m_axi_gmem12_ARQOS     |  out|    4|          m_axi|          gmem12|       pointer|
|m_axi_gmem12_ARREGION  |  out|    4|          m_axi|          gmem12|       pointer|
|m_axi_gmem12_ARUSER    |  out|    1|          m_axi|          gmem12|       pointer|
|m_axi_gmem12_RVALID    |   in|    1|          m_axi|          gmem12|       pointer|
|m_axi_gmem12_RREADY    |  out|    1|          m_axi|          gmem12|       pointer|
|m_axi_gmem12_RDATA     |   in|  512|          m_axi|          gmem12|       pointer|
|m_axi_gmem12_RLAST     |   in|    1|          m_axi|          gmem12|       pointer|
|m_axi_gmem12_RID       |   in|    1|          m_axi|          gmem12|       pointer|
|m_axi_gmem12_RUSER     |   in|    1|          m_axi|          gmem12|       pointer|
|m_axi_gmem12_RRESP     |   in|    2|          m_axi|          gmem12|       pointer|
|m_axi_gmem12_BVALID    |   in|    1|          m_axi|          gmem12|       pointer|
|m_axi_gmem12_BREADY    |  out|    1|          m_axi|          gmem12|       pointer|
|m_axi_gmem12_BRESP     |   in|    2|          m_axi|          gmem12|       pointer|
|m_axi_gmem12_BID       |   in|    1|          m_axi|          gmem12|       pointer|
|m_axi_gmem12_BUSER     |   in|    1|          m_axi|          gmem12|       pointer|
+-----------------------+-----+-----+---------------+----------------+--------------+

