src,dst,time
1.0,8228.0,0.0
2.0,8229.0,36.0
2.0,8229.0,77.0
3.0,8230.0,131.0
2.0,8229.0,150.0
3.0,8230.0,153.0
4.0,8231.0,169.0
2.0,8229.0,217.0
5.0,8232.0,218.0
5.0,8232.0,242.0
6.0,8233.0,295.0
2.0,8229.0,300.0
2.0,8229.0,376.0
3.0,8230.0,380.0
7.0,8234.0,384.0
8.0,8228.0,384.0
4.0,8231.0,387.0
9.0,8235.0,395.0
2.0,8229.0,402.0
3.0,8230.0,402.0
3.0,8230.0,432.0
10.0,8236.0,454.0
2.0,8229.0,465.0
7.0,8234.0,563.0
5.0,8232.0,578.0
2.0,8229.0,623.0
4.0,8231.0,646.0
3.0,8230.0,674.0
2.0,8229.0,692.0
3.0,8230.0,715.0
11.0,8237.0,729.0
12.0,8238.0,742.0
4.0,8231.0,742.0
4.0,8231.0,809.0
13.0,8239.0,854.0
2.0,8229.0,854.0
5.0,8232.0,872.0
14.0,8240.0,904.0
15.0,8241.0,939.0
13.0,8239.0,959.0
2.0,8229.0,989.0
15.0,8241.0,1026.0
15.0,8241.0,1072.0
16.0,8242.0,1142.0
13.0,8239.0,1151.0
17.0,8243.0,1153.0
18.0,8244.0,1177.0
5.0,8232.0,1199.0
5.0,8232.0,1214.0
4.0,8231.0,1226.0
19.0,8245.0,1255.0
12.0,8238.0,1301.0
20.0,8246.0,1307.0
21.0,8247.0,1308.0
22.0,8248.0,1314.0
23.0,8249.0,1340.0
4.0,8231.0,1401.0
18.0,8250.0,1451.0
12.0,8238.0,1496.0
5.0,8232.0,1508.0
24.0,8251.0,1529.0
5.0,8232.0,1531.0
25.0,8252.0,1543.0
13.0,8239.0,1555.0
26.0,8253.0,1600.0
4.0,8231.0,1607.0
5.0,8232.0,1630.0
3.0,8230.0,1643.0
27.0,8254.0,1651.0
5.0,8232.0,1664.0
5.0,8232.0,1677.0
28.0,8255.0,1682.0
12.0,8238.0,1706.0
13.0,8239.0,1713.0
29.0,8256.0,1724.0
19.0,8245.0,1729.0
30.0,8257.0,1771.0
12.0,8238.0,1789.0
3.0,8230.0,1797.0
9.0,8235.0,1805.0
5.0,8232.0,1814.0
5.0,8232.0,1827.0
31.0,8258.0,1908.0
32.0,8259.0,1914.0
29.0,8256.0,1925.0
29.0,8256.0,1996.0
17.0,8250.0,2022.0
33.0,8260.0,2053.0
5.0,8232.0,2063.0
4.0,8231.0,2075.0
34.0,8261.0,2079.0
9.0,8235.0,2098.0
5.0,8232.0,2127.0
17.0,8250.0,2131.0
25.0,8252.0,2233.0
5.0,8232.0,2285.0
4.0,8231.0,2290.0
2.0,8229.0,2313.0
4.0,8231.0,2333.0
35.0,8262.0,2343.0
17.0,8250.0,2367.0
36.0,8263.0,2377.0
4.0,8231.0,2377.0
37.0,8264.0,2382.0
4.0,8231.0,2412.0
5.0,8232.0,2438.0
17.0,8250.0,2471.0
4.0,8231.0,2494.0
28.0,8255.0,2509.0
17.0,8250.0,2521.0
13.0,8239.0,2524.0
25.0,8252.0,2534.0
29.0,8256.0,2557.0
5.0,8232.0,2561.0
17.0,8250.0,2570.0
2.0,8229.0,2574.0
15.0,8241.0,2584.0
32.0,8259.0,2588.0
35.0,8262.0,2595.0
4.0,8231.0,2602.0
5.0,8232.0,2610.0
20.0,8261.0,2627.0
32.0,8259.0,2634.0
28.0,8255.0,2650.0
32.0,8259.0,2689.0
15.0,8241.0,2706.0
38.0,8265.0,2745.0
2.0,8229.0,2755.0
15.0,8241.0,2756.0
5.0,8232.0,2774.0
38.0,8265.0,2785.0
5.0,8232.0,2805.0
38.0,8265.0,2807.0
4.0,8231.0,2830.0
5.0,8232.0,2830.0
39.0,8261.0,2836.0
4.0,8231.0,2861.0
15.0,8241.0,2883.0
17.0,8250.0,2900.0
17.0,8250.0,2915.0
5.0,8232.0,2924.0
15.0,8241.0,2940.0
9.0,8235.0,2963.0
13.0,8239.0,2973.0
2.0,8229.0,2994.0
17.0,8250.0,3017.0
4.0,8231.0,3032.0
15.0,8241.0,3050.0
15.0,8241.0,3083.0
17.0,8250.0,3108.0
4.0,8231.0,3113.0
40.0,8266.0,3123.0
4.0,8231.0,3155.0
2.0,8229.0,3182.0
41.0,8245.0,3226.0
17.0,8250.0,3229.0
42.0,8267.0,3258.0
43.0,8268.0,3282.0
44.0,8269.0,3314.0
2.0,8229.0,3331.0
29.0,8256.0,3396.0
17.0,8250.0,3422.0
45.0,8270.0,3504.0
13.0,8239.0,3515.0
43.0,8268.0,3520.0
17.0,8250.0,3559.0
35.0,8262.0,3591.0
4.0,8231.0,3729.0
46.0,8250.0,3734.0
17.0,8250.0,3767.0
4.0,8231.0,3768.0
4.0,8231.0,3820.0
17.0,8250.0,3835.0
17.0,8250.0,3851.0
4.0,8231.0,3855.0
7.0,8234.0,3874.0
4.0,8231.0,3928.0
47.0,8271.0,3950.0
17.0,8250.0,3994.0
4.0,8231.0,4030.0
17.0,8250.0,4030.0
17.0,8250.0,4058.0
4.0,8231.0,4078.0
2.0,8229.0,4188.0
7.0,8234.0,4191.0
4.0,8231.0,4198.0
4.0,8231.0,4242.0
2.0,8229.0,4243.0
13.0,8239.0,4275.0
4.0,8231.0,4287.0
2.0,8229.0,4304.0
4.0,8231.0,4334.0
48.0,8272.0,4399.0
49.0,8273.0,4408.0
4.0,8231.0,4411.0
49.0,8273.0,4432.0
17.0,8250.0,4442.0
4.0,8231.0,4485.0
50.0,8274.0,4487.0
51.0,8275.0,4497.0
17.0,8250.0,4505.0
48.0,8272.0,4508.0
4.0,8231.0,4533.0
2.0,8229.0,4562.0
51.0,8275.0,4568.0
4.0,8231.0,4581.0
17.0,8250.0,4584.0
2.0,8229.0,4620.0
13.0,8239.0,4630.0
49.0,8273.0,4665.0
52.0,8276.0,4667.0
53.0,8250.0,4669.0
4.0,8231.0,4679.0
52.0,8276.0,4709.0
54.0,8277.0,4743.0
55.0,8278.0,4751.0
17.0,8250.0,4755.0
49.0,8273.0,4774.0
56.0,8279.0,4780.0
4.0,8231.0,4802.0
2.0,8229.0,4812.0
17.0,8250.0,4813.0
4.0,8231.0,4853.0
49.0,8273.0,4877.0
4.0,8231.0,4893.0
17.0,8250.0,4899.0
57.0,8280.0,4909.0
17.0,8250.0,4925.0
17.0,8250.0,4968.0
49.0,8273.0,4980.0
9.0,8235.0,5007.0
48.0,8272.0,5037.0
58.0,8245.0,5056.0
17.0,8250.0,5066.0
59.0,8281.0,5087.0
2.0,8229.0,5088.0
17.0,8250.0,5101.0
49.0,8273.0,5148.0
2.0,8229.0,5169.0
4.0,8231.0,5180.0
4.0,8231.0,5218.0
2.0,8229.0,5258.0
60.0,8282.0,5261.0
49.0,8273.0,5268.0
49.0,8273.0,5357.0
19.0,8245.0,5358.0
49.0,8273.0,5405.0
4.0,8231.0,5436.0
2.0,8229.0,5443.0
60.0,8282.0,5445.0
61.0,8283.0,5449.0
62.0,8284.0,5498.0
2.0,8229.0,5564.0
60.0,8282.0,5570.0
62.0,8284.0,5646.0
18.0,8285.0,5670.0
62.0,8284.0,5705.0
2.0,8229.0,5712.0
23.0,8286.0,5721.0
49.0,8273.0,5726.0
60.0,8282.0,5798.0
58.0,8245.0,5800.0
2.0,8229.0,5807.0
63.0,8287.0,5855.0
49.0,8273.0,5904.0
2.0,8229.0,5928.0
64.0,8241.0,5974.0
60.0,8282.0,5985.0
65.0,8288.0,6053.0
65.0,8288.0,6084.0
4.0,8231.0,6096.0
66.0,8289.0,6112.0
67.0,8290.0,6123.0
4.0,8231.0,6149.0
2.0,8229.0,6167.0
2.0,8229.0,6234.0
68.0,8237.0,6254.0
69.0,8250.0,6344.0
70.0,8291.0,6359.0
57.0,8280.0,6437.0
60.0,8282.0,6438.0
63.0,8287.0,6443.0
71.0,8292.0,6448.0
63.0,8287.0,6476.0
2.0,8229.0,6519.0
72.0,8282.0,6525.0
60.0,8282.0,6585.0
4.0,8231.0,6602.0
63.0,8287.0,6615.0
60.0,8282.0,6670.0
60.0,8282.0,6706.0
2.0,8229.0,6727.0
60.0,8282.0,6762.0
2.0,8229.0,6769.0
73.0,8293.0,6792.0
2.0,8229.0,6815.0
4.0,8231.0,6826.0
2.0,8229.0,6864.0
4.0,8231.0,6867.0
2.0,8229.0,6935.0
9.0,8294.0,6936.0
74.0,8295.0,6937.0
2.0,8229.0,7006.0
75.0,8296.0,7010.0
4.0,8231.0,7039.0
74.0,8267.0,7100.0
76.0,8297.0,7101.0
74.0,8298.0,7116.0
74.0,8235.0,7128.0
76.0,8297.0,7198.0
60.0,8282.0,7211.0
4.0,8231.0,7223.0
35.0,8262.0,7234.0
76.0,8297.0,7235.0
2.0,8229.0,7244.0
35.0,8262.0,7251.0
77.0,8290.0,7296.0
75.0,8296.0,7303.0
60.0,8282.0,7313.0
2.0,8229.0,7338.0
78.0,8286.0,7339.0
79.0,8246.0,7372.0
4.0,8231.0,7400.0
76.0,8297.0,7407.0
80.0,8269.0,7410.0
75.0,8296.0,7417.0
2.0,8229.0,7433.0
75.0,8296.0,7444.0
78.0,8286.0,7445.0
4.0,8231.0,7550.0
81.0,8299.0,7564.0
2.0,8229.0,7589.0
78.0,8286.0,7609.0
60.0,8282.0,7643.0
76.0,8297.0,7695.0
60.0,8282.0,7706.0
2.0,8229.0,7731.0
60.0,8282.0,7763.0
60.0,8282.0,7787.0
4.0,8231.0,7810.0
4.0,8231.0,7847.0
60.0,8282.0,7871.0
4.0,8231.0,7881.0
2.0,8229.0,7942.0
57.0,8280.0,7948.0
4.0,8231.0,7998.0
4.0,8231.0,8030.0
4.0,8231.0,8079.0
76.0,8297.0,8093.0
51.0,8300.0,8152.0
60.0,8282.0,8157.0
82.0,8257.0,8157.0
83.0,8262.0,8157.0
76.0,8297.0,8182.0
60.0,8282.0,8216.0
84.0,8301.0,8243.0
84.0,8301.0,8283.0
60.0,8282.0,8336.0
85.0,8262.0,8365.0
76.0,8297.0,8393.0
85.0,8262.0,8397.0
76.0,8297.0,8430.0
2.0,8229.0,8587.0
86.0,8302.0,8619.0
51.0,8300.0,8727.0
76.0,8297.0,8809.0
87.0,8289.0,8825.0
78.0,8286.0,8907.0
76.0,8297.0,8913.0
88.0,8303.0,8942.0
82.0,8257.0,8980.0
76.0,8297.0,8988.0
89.0,8304.0,9000.0
82.0,8257.0,9017.0
89.0,8304.0,9061.0
76.0,8297.0,9112.0
51.0,8300.0,9118.0
66.0,8289.0,9127.0
76.0,8297.0,9141.0
66.0,8289.0,9150.0
82.0,8257.0,9172.0
90.0,8305.0,9234.0
91.0,8306.0,9240.0
89.0,8304.0,9248.0
92.0,8261.0,9259.0
93.0,8307.0,9269.0
76.0,8297.0,9270.0
77.0,8290.0,9298.0
82.0,8257.0,9299.0
94.0,8308.0,9307.0
60.0,8282.0,9312.0
92.0,8261.0,9341.0
76.0,8297.0,9356.0
76.0,8297.0,9377.0
60.0,8282.0,9384.0
89.0,8304.0,9396.0
87.0,8289.0,9439.0
76.0,8297.0,9462.0
91.0,8306.0,9500.0
76.0,8297.0,9503.0
89.0,8304.0,9567.0
4.0,8231.0,9576.0
91.0,8306.0,9629.0
76.0,8297.0,9694.0
89.0,8304.0,9695.0
95.0,8309.0,9700.0
91.0,8306.0,9728.0
82.0,8257.0,9777.0
91.0,8306.0,9784.0
76.0,8297.0,9830.0
96.0,8294.0,9840.0
96.0,8294.0,9928.0
23.0,8310.0,9934.0
77.0,8290.0,9943.0
91.0,8306.0,9966.0
76.0,8297.0,10020.0
67.0,8290.0,10030.0
97.0,8311.0,10034.0
91.0,8306.0,10086.0
67.0,8290.0,10167.0
76.0,8297.0,10184.0
89.0,8304.0,10185.0
98.0,8312.0,10297.0
60.0,8282.0,10300.0
99.0,8313.0,10348.0
4.0,8231.0,10380.0
89.0,8304.0,10392.0
96.0,8294.0,10393.0
67.0,8290.0,10393.0
99.0,8313.0,10431.0
96.0,8294.0,10449.0
89.0,8304.0,10489.0
76.0,8297.0,10491.0
60.0,8282.0,10497.0
4.0,8231.0,10556.0
91.0,8306.0,10567.0
4.0,8231.0,10597.0
94.0,8308.0,10614.0
76.0,8297.0,10619.0
4.0,8231.0,10661.0
4.0,8231.0,10720.0
89.0,8304.0,10731.0
4.0,8231.0,10769.0
76.0,8297.0,10831.0
4.0,8231.0,10889.0
67.0,8290.0,10892.0
69.0,8309.0,10918.0
60.0,8282.0,10939.0
100.0,8314.0,10960.0
100.0,8314.0,10987.0
4.0,8231.0,10989.0
76.0,8297.0,11006.0
97.0,8311.0,11051.0
89.0,8304.0,11052.0
60.0,8282.0,11055.0
76.0,8297.0,11062.0
76.0,8297.0,11085.0
4.0,8231.0,11146.0
101.0,8315.0,11171.0
102.0,8316.0,11180.0
89.0,8304.0,11235.0
102.0,8316.0,11292.0
4.0,8231.0,11299.0
89.0,8304.0,11301.0
60.0,8282.0,11352.0
4.0,8231.0,11356.0
4.0,8231.0,11383.0
89.0,8304.0,11432.0
4.0,8231.0,11437.0
89.0,8304.0,11455.0
60.0,8282.0,11466.0
4.0,8231.0,11493.0
51.0,8300.0,11495.0
89.0,8304.0,11520.0
4.0,8231.0,11544.0
103.0,8307.0,11578.0
89.0,8304.0,11581.0
51.0,8300.0,11601.0
4.0,8231.0,11636.0
89.0,8304.0,11663.0
4.0,8231.0,11705.0
104.0,8317.0,11710.0
105.0,8318.0,11710.0
103.0,8307.0,11719.0
105.0,8318.0,11720.0
89.0,8304.0,11748.0
101.0,8315.0,11778.0
89.0,8304.0,11805.0
106.0,8319.0,11862.0
76.0,8297.0,11892.0
89.0,8304.0,11893.0
60.0,8282.0,11907.0
107.0,8303.0,11920.0
76.0,8297.0,11922.0
89.0,8304.0,11928.0
108.0,8320.0,11940.0
4.0,8231.0,11985.0
89.0,8304.0,11994.0
81.0,8321.0,11996.0
4.0,8231.0,12018.0
76.0,8297.0,12109.0
76.0,8297.0,12176.0
109.0,8322.0,12185.0
4.0,8231.0,12191.0
108.0,8320.0,12199.0
4.0,8231.0,12219.0
103.0,8307.0,12229.0
89.0,8304.0,12270.0
110.0,8253.0,12415.0
4.0,8231.0,12422.0
76.0,8297.0,12465.0
76.0,8297.0,12517.0
4.0,8231.0,12518.0
107.0,8303.0,12602.0
89.0,8304.0,12610.0
4.0,8231.0,12665.0
111.0,8303.0,12681.0
19.0,8245.0,12694.0
4.0,8231.0,12711.0
19.0,8245.0,12716.0
112.0,8323.0,12752.0
103.0,8307.0,12772.0
105.0,8318.0,12807.0
18.0,8324.0,12817.0
112.0,8323.0,12836.0
4.0,8231.0,12840.0
19.0,8245.0,12860.0
4.0,8231.0,12895.0
89.0,8304.0,12958.0
76.0,8297.0,12963.0
109.0,8322.0,12989.0
107.0,8303.0,12994.0
60.0,8282.0,13009.0
77.0,8290.0,13053.0
77.0,8290.0,13091.0
76.0,8297.0,13127.0
76.0,8297.0,13253.0
113.0,8298.0,13258.0
87.0,8285.0,13279.0
107.0,8303.0,13280.0
76.0,8297.0,13289.0
89.0,8304.0,13303.0
76.0,8297.0,13391.0
107.0,8303.0,13466.0
114.0,8290.0,13487.0
115.0,8325.0,13494.0
76.0,8297.0,13498.0
19.0,8245.0,13517.0
89.0,8304.0,13556.0
4.0,8231.0,13619.0
15.0,8241.0,13629.0
4.0,8231.0,13701.0
89.0,8304.0,13741.0
89.0,8304.0,13918.0
89.0,8304.0,13992.0
4.0,8231.0,14041.0
15.0,8241.0,14056.0
116.0,8326.0,14097.0
4.0,8231.0,14099.0
117.0,8284.0,14115.0
89.0,8304.0,14231.0
77.0,8290.0,14260.0
118.0,8327.0,14272.0
77.0,8290.0,14299.0
118.0,8327.0,14340.0
89.0,8304.0,14385.0
107.0,8303.0,14450.0
119.0,8328.0,14478.0
4.0,8231.0,14495.0
89.0,8304.0,14534.0
79.0,8329.0,14557.0
79.0,8329.0,14584.0
107.0,8303.0,14601.0
89.0,8304.0,14613.0
86.0,8302.0,14645.0
79.0,8329.0,14660.0
4.0,8231.0,14764.0
28.0,8255.0,14767.0
120.0,8330.0,14778.0
103.0,8307.0,14813.0
117.0,8284.0,14841.0
28.0,8255.0,14861.0
89.0,8304.0,14872.0
103.0,8307.0,14883.0
118.0,8327.0,14918.0
7.0,8234.0,14972.0
68.0,8322.0,14999.0
28.0,8255.0,15011.0
89.0,8304.0,15040.0
89.0,8304.0,15178.0
103.0,8307.0,15191.0
89.0,8304.0,15232.0
103.0,8307.0,15285.0
103.0,8307.0,15313.0
103.0,8307.0,15346.0
119.0,8328.0,15381.0
103.0,8307.0,15385.0
89.0,8304.0,15448.0
51.0,8300.0,15473.0
67.0,8331.0,15488.0
121.0,8262.0,15533.0
89.0,8304.0,15559.0
67.0,8331.0,15582.0
122.0,8298.0,15585.0
4.0,8231.0,15604.0
119.0,8328.0,15604.0
123.0,8246.0,15611.0
13.0,8239.0,15660.0
67.0,8331.0,15663.0
51.0,8300.0,15679.0
124.0,8332.0,15693.0
125.0,8333.0,15721.0
67.0,8331.0,15737.0
125.0,8333.0,15741.0
119.0,8328.0,15751.0
60.0,8282.0,15755.0
89.0,8304.0,15795.0
126.0,8326.0,15797.0
67.0,8331.0,15806.0
124.0,8332.0,15810.0
68.0,8296.0,15845.0
89.0,8304.0,15873.0
127.0,8334.0,15883.0
67.0,8290.0,15922.0
67.0,8290.0,15954.0
13.0,8239.0,16020.0
4.0,8231.0,16045.0
128.0,8335.0,16149.0
73.0,8336.0,16172.0
129.0,8303.0,16224.0
4.0,8231.0,16256.0
125.0,8333.0,16259.0
130.0,8337.0,16270.0
117.0,8284.0,16298.0
125.0,8333.0,16322.0
125.0,8333.0,16359.0
77.0,8290.0,16366.0
131.0,8303.0,16406.0
4.0,8231.0,16418.0
60.0,8282.0,16420.0
132.0,8338.0,16422.0
77.0,8290.0,16442.0
125.0,8333.0,16472.0
40.0,8339.0,16523.0
4.0,8231.0,16538.0
133.0,8340.0,16616.0
134.0,8244.0,16661.0
125.0,8333.0,16666.0
103.0,8307.0,16719.0
51.0,8300.0,16722.0
4.0,8231.0,16732.0
135.0,8341.0,16732.0
125.0,8333.0,16774.0
119.0,8328.0,16792.0
18.0,8342.0,16814.0
125.0,8333.0,16842.0
23.0,8342.0,16890.0
125.0,8333.0,16902.0
135.0,8341.0,16919.0
119.0,8328.0,16927.0
4.0,8231.0,16962.0
60.0,8282.0,16975.0
136.0,8279.0,16978.0
125.0,8333.0,17010.0
136.0,8279.0,17024.0
119.0,8328.0,17042.0
135.0,8341.0,17086.0
4.0,8231.0,17108.0
125.0,8333.0,17126.0
103.0,8307.0,17136.0
135.0,8341.0,17136.0
137.0,8343.0,17163.0
138.0,8342.0,17199.0
4.0,8231.0,17213.0
139.0,8284.0,17215.0
119.0,8328.0,17217.0
128.0,8335.0,17232.0
140.0,8283.0,17251.0
51.0,8300.0,17259.0
141.0,8342.0,17271.0
142.0,8344.0,17281.0
125.0,8333.0,17324.0
51.0,8300.0,17344.0
60.0,8282.0,17360.0
4.0,8231.0,17377.0
119.0,8328.0,17393.0
51.0,8300.0,17408.0
77.0,8290.0,17435.0
96.0,8337.0,17435.0
51.0,8300.0,17435.0
4.0,8231.0,17443.0
77.0,8290.0,17465.0
143.0,8337.0,17473.0
25.0,8252.0,17477.0
143.0,8337.0,17501.0
4.0,8231.0,17509.0
103.0,8307.0,17523.0
138.0,8342.0,17541.0
103.0,8307.0,17547.0
25.0,8252.0,17566.0
4.0,8231.0,17593.0
138.0,8342.0,17601.0
144.0,8342.0,17614.0
13.0,8239.0,17637.0
4.0,8231.0,17639.0
103.0,8307.0,17652.0
4.0,8231.0,17734.0
96.0,8262.0,17757.0
145.0,8345.0,17770.0
60.0,8282.0,17779.0
60.0,8282.0,17834.0
146.0,8284.0,17856.0
4.0,8231.0,17867.0
146.0,8284.0,17874.0
87.0,8285.0,17900.0
128.0,8335.0,17901.0
13.0,8239.0,17920.0
147.0,8279.0,17922.0
148.0,8346.0,17970.0
147.0,8279.0,17972.0
149.0,8342.0,17988.0
150.0,8284.0,17991.0
150.0,8284.0,18044.0
146.0,8284.0,18111.0
146.0,8284.0,18148.0
137.0,8343.0,18191.0
150.0,8284.0,18212.0
121.0,8262.0,18216.0
141.0,8342.0,18224.0
4.0,8231.0,18268.0
141.0,8342.0,18304.0
4.0,8231.0,18323.0
151.0,8316.0,18349.0
141.0,8342.0,18349.0
119.0,8328.0,18353.0
79.0,8329.0,18366.0
146.0,8284.0,18407.0
13.0,8239.0,18426.0
4.0,8231.0,18505.0
152.0,8297.0,18517.0
153.0,8262.0,18547.0
4.0,8231.0,18643.0
67.0,8290.0,18654.0
69.0,8300.0,18679.0
7.0,8234.0,18705.0
103.0,8307.0,18709.0
103.0,8307.0,18753.0
13.0,8239.0,18763.0
154.0,8347.0,18801.0
103.0,8307.0,18813.0
155.0,8262.0,18818.0
156.0,8348.0,18833.0
4.0,8231.0,18838.0
67.0,8290.0,18877.0
157.0,8347.0,18882.0
103.0,8307.0,18885.0
152.0,8297.0,18922.0
119.0,8328.0,18958.0
103.0,8307.0,18970.0
13.0,8239.0,19043.0
152.0,8297.0,19055.0
158.0,8292.0,19095.0
159.0,8349.0,19122.0
152.0,8297.0,19124.0
137.0,8350.0,19152.0
152.0,8297.0,19173.0
82.0,8257.0,19231.0
82.0,8257.0,19254.0
4.0,8231.0,19264.0
107.0,8303.0,19272.0
160.0,8351.0,19282.0
4.0,8231.0,19417.0
160.0,8351.0,19452.0
4.0,8231.0,19505.0
103.0,8307.0,19507.0
77.0,8290.0,19517.0
152.0,8297.0,19540.0
107.0,8303.0,19547.0
103.0,8307.0,19605.0
60.0,8282.0,19606.0
85.0,8262.0,19639.0
119.0,8328.0,19672.0
4.0,8231.0,19693.0
161.0,8317.0,19704.0
4.0,8231.0,19726.0
103.0,8307.0,19733.0
158.0,8292.0,19735.0
13.0,8239.0,19737.0
4.0,8231.0,19778.0
158.0,8292.0,19809.0
64.0,8352.0,19833.0
162.0,8315.0,19842.0
158.0,8292.0,19849.0
162.0,8315.0,19904.0
60.0,8282.0,19917.0
103.0,8307.0,20049.0
163.0,8353.0,20062.0
13.0,8239.0,20076.0
4.0,8231.0,20085.0
164.0,8284.0,20156.0
165.0,8354.0,20165.0
165.0,8354.0,20189.0
4.0,8231.0,20223.0
166.0,8262.0,20232.0
103.0,8307.0,20342.0
4.0,8231.0,20347.0
103.0,8307.0,20396.0
4.0,8231.0,20485.0
167.0,8355.0,20502.0
107.0,8303.0,20511.0
160.0,8351.0,20526.0
4.0,8231.0,20557.0
168.0,8356.0,20569.0
169.0,8357.0,20684.0
4.0,8231.0,20721.0
170.0,8358.0,20750.0
4.0,8231.0,20779.0
13.0,8239.0,20795.0
160.0,8351.0,20801.0
69.0,8245.0,20820.0
171.0,8261.0,20828.0
135.0,8341.0,20869.0
71.0,8292.0,20870.0
172.0,8250.0,20976.0
173.0,8359.0,20984.0
4.0,8231.0,20997.0
77.0,8328.0,21013.0
103.0,8307.0,21016.0
158.0,8292.0,21126.0
172.0,8250.0,21128.0
4.0,8231.0,21140.0
103.0,8307.0,21203.0
171.0,8261.0,21215.0
174.0,8360.0,21219.0
4.0,8231.0,21258.0
175.0,8252.0,21274.0
103.0,8307.0,21308.0
107.0,8303.0,21340.0
4.0,8231.0,21343.0
158.0,8292.0,21382.0
103.0,8307.0,21387.0
152.0,8297.0,21406.0
158.0,8292.0,21422.0
176.0,8361.0,21437.0
13.0,8239.0,21440.0
113.0,8298.0,21453.0
177.0,8303.0,21478.0
158.0,8292.0,21486.0
4.0,8231.0,21487.0
148.0,8346.0,21549.0
158.0,8292.0,21556.0
107.0,8303.0,21578.0
160.0,8351.0,21588.0
158.0,8292.0,21610.0
4.0,8231.0,21615.0
160.0,8351.0,21653.0
113.0,8298.0,21681.0
4.0,8231.0,21731.0
13.0,8239.0,21749.0
113.0,8298.0,21762.0
152.0,8297.0,21836.0
172.0,8250.0,21845.0
178.0,8362.0,21899.0
179.0,8363.0,21904.0
4.0,8231.0,21987.0
4.0,8231.0,22043.0
180.0,8364.0,22043.0
158.0,8292.0,22088.0
4.0,8231.0,22089.0
125.0,8365.0,22094.0
13.0,8239.0,22109.0
4.0,8231.0,22163.0
181.0,8366.0,22165.0
113.0,8298.0,22170.0
182.0,8318.0,22182.0
107.0,8303.0,22224.0
124.0,8332.0,22260.0
113.0,8298.0,22275.0
4.0,8231.0,22331.0
135.0,8341.0,22345.0
135.0,8341.0,22373.0
183.0,8367.0,22404.0
158.0,8292.0,22404.0
124.0,8332.0,22459.0
4.0,8231.0,22461.0
158.0,8292.0,22464.0
4.0,8231.0,22568.0
113.0,8298.0,22585.0
152.0,8297.0,22598.0
184.0,8368.0,22607.0
124.0,8332.0,22610.0
185.0,8369.0,22619.0
180.0,8364.0,22655.0
158.0,8292.0,22657.0
124.0,8332.0,22679.0
184.0,8368.0,22717.0
113.0,8298.0,22738.0
180.0,8364.0,22784.0
184.0,8368.0,22824.0
107.0,8303.0,22832.0
158.0,8292.0,22931.0
135.0,8341.0,22993.0
160.0,8351.0,23024.0
186.0,8370.0,23036.0
186.0,8370.0,23102.0
113.0,8298.0,23151.0
186.0,8370.0,23205.0
113.0,8298.0,23223.0
152.0,8297.0,23241.0
107.0,8303.0,23251.0
113.0,8298.0,23257.0
186.0,8370.0,23261.0
187.0,8371.0,23295.0
188.0,8262.0,23332.0
152.0,8297.0,23334.0
64.0,8372.0,23366.0
135.0,8341.0,23510.0
135.0,8341.0,23538.0
189.0,8342.0,23538.0
135.0,8341.0,23568.0
190.0,8274.0,23577.0
180.0,8364.0,23608.0
135.0,8341.0,23625.0
189.0,8342.0,23627.0
135.0,8341.0,23644.0
152.0,8297.0,23748.0
190.0,8274.0,23793.0
113.0,8298.0,23831.0
152.0,8297.0,23959.0
77.0,8290.0,23979.0
191.0,8265.0,24014.0
77.0,8290.0,24049.0
189.0,8342.0,24079.0
77.0,8290.0,24085.0
152.0,8297.0,24089.0
192.0,8236.0,24121.0
76.0,8297.0,24157.0
113.0,8298.0,24248.0
183.0,8367.0,24290.0
113.0,8298.0,24323.0
158.0,8292.0,24326.0
193.0,8373.0,24338.0
190.0,8274.0,24420.0
183.0,8367.0,24445.0
194.0,8374.0,24695.0
195.0,8243.0,24708.0
186.0,8370.0,24764.0
196.0,8375.0,24766.0
195.0,8243.0,24819.0
192.0,8236.0,24869.0
186.0,8370.0,24880.0
96.0,8294.0,24901.0
192.0,8236.0,24916.0
195.0,8243.0,24919.0
186.0,8370.0,24969.0
77.0,8290.0,25030.0
197.0,8261.0,25065.0
198.0,8376.0,25091.0
199.0,8279.0,25113.0
200.0,8370.0,25191.0
201.0,8377.0,25265.0
202.0,8262.0,25302.0
203.0,8347.0,25329.0
25.0,8252.0,25343.0
197.0,8261.0,25363.0
107.0,8303.0,25548.0
199.0,8342.0,25581.0
197.0,8261.0,25584.0
186.0,8370.0,25597.0
200.0,8370.0,25652.0
204.0,8260.0,25830.0
192.0,8236.0,25851.0
170.0,8378.0,25883.0
205.0,8379.0,25896.0
158.0,8292.0,25952.0
204.0,8260.0,25974.0
205.0,8379.0,26007.0
206.0,8380.0,26070.0
207.0,8381.0,26102.0
204.0,8260.0,26112.0
107.0,8303.0,26222.0
204.0,8260.0,26235.0
205.0,8379.0,26279.0
208.0,8295.0,26296.0
205.0,8379.0,26328.0
25.0,8252.0,26358.0
209.0,8382.0,26366.0
210.0,8383.0,26484.0
211.0,8384.0,26514.0
196.0,8385.0,26609.0
212.0,8279.0,26624.0
212.0,8279.0,26643.0
211.0,8384.0,26694.0
213.0,8386.0,26835.0
214.0,8367.0,26914.0
215.0,8387.0,26950.0
216.0,8388.0,26987.0
205.0,8379.0,27197.0
62.0,8284.0,27330.0
211.0,8384.0,27365.0
34.0,8261.0,27442.0
213.0,8386.0,27452.0
217.0,8389.0,27486.0
218.0,8289.0,27511.0
219.0,8390.0,27516.0
217.0,8389.0,27521.0
213.0,8386.0,27550.0
220.0,8391.0,27803.0
221.0,8392.0,27877.0
222.0,8303.0,27897.0
205.0,8379.0,27905.0
217.0,8389.0,28041.0
183.0,8367.0,28081.0
223.0,8393.0,28186.0
60.0,8282.0,28226.0
221.0,8392.0,28227.0
224.0,8388.0,28259.0
217.0,8389.0,28264.0
183.0,8367.0,28392.0
225.0,8394.0,28446.0
7.0,8234.0,28451.0
10.0,8236.0,28468.0
183.0,8367.0,28480.0
77.0,8290.0,28546.0
183.0,8367.0,28564.0
226.0,8395.0,28575.0
195.0,8243.0,28575.0
103.0,8307.0,28580.0
183.0,8367.0,28625.0
16.0,8242.0,28655.0
183.0,8367.0,28710.0
103.0,8307.0,28769.0
205.0,8379.0,28778.0
183.0,8367.0,28815.0
227.0,8396.0,28863.0
183.0,8367.0,28910.0
183.0,8367.0,28934.0
103.0,8307.0,28972.0
205.0,8379.0,28994.0
103.0,8307.0,29145.0
9.0,8294.0,29157.0
228.0,8321.0,29215.0
229.0,8319.0,29220.0
229.0,8319.0,29338.0
103.0,8307.0,29338.0
7.0,8234.0,29349.0
228.0,8321.0,29361.0
204.0,8260.0,29387.0
77.0,8343.0,29392.0
217.0,8389.0,29415.0
229.0,8319.0,29425.0
103.0,8307.0,29452.0
180.0,8364.0,29466.0
230.0,8287.0,29484.0
23.0,8274.0,29543.0
228.0,8321.0,29556.0
217.0,8389.0,29557.0
231.0,8397.0,29599.0
9.0,8294.0,29639.0
103.0,8307.0,29646.0
77.0,8343.0,29742.0
221.0,8262.0,29756.0
213.0,8386.0,29758.0
103.0,8307.0,29760.0
229.0,8319.0,29775.0
221.0,8262.0,29795.0
229.0,8319.0,29795.0
77.0,8343.0,29826.0
228.0,8321.0,29847.0
180.0,8364.0,29871.0
229.0,8319.0,29913.0
103.0,8307.0,29922.0
232.0,8286.0,29939.0
229.0,8319.0,29970.0
65.0,8288.0,29975.0
215.0,8387.0,29982.0
103.0,8307.0,30036.0
215.0,8387.0,30050.0
76.0,8398.0,30102.0
16.0,8242.0,30131.0
223.0,8393.0,30151.0
233.0,8399.0,30197.0
103.0,8307.0,30221.0
234.0,8400.0,30254.0
234.0,8401.0,30254.0
10.0,8236.0,30265.0
10.0,8236.0,30306.0
195.0,8243.0,30311.0
10.0,8236.0,30326.0
77.0,8343.0,30335.0
215.0,8387.0,30358.0
103.0,8307.0,30364.0
77.0,8290.0,30475.0
103.0,8307.0,30483.0
235.0,8402.0,30512.0
41.0,8245.0,30522.0
103.0,8307.0,30557.0
18.0,8403.0,30558.0
206.0,8404.0,30633.0
236.0,8236.0,30675.0
103.0,8307.0,30683.0
215.0,8387.0,30728.0
213.0,8386.0,30778.0
235.0,8402.0,30787.0
103.0,8307.0,30788.0
237.0,8405.0,30834.0
103.0,8307.0,30872.0
103.0,8307.0,30911.0
238.0,8406.0,30943.0
52.0,8407.0,30955.0
215.0,8387.0,30981.0
52.0,8407.0,31002.0
103.0,8307.0,31022.0
206.0,8408.0,31023.0
205.0,8379.0,31023.0
215.0,8387.0,31034.0
206.0,8408.0,31061.0
206.0,8408.0,31136.0
103.0,8307.0,31139.0
103.0,8307.0,31176.0
239.0,8316.0,31188.0
7.0,8234.0,31208.0
7.0,8234.0,31305.0
223.0,8393.0,31407.0
103.0,8307.0,31420.0
169.0,8409.0,31456.0
195.0,8243.0,31503.0
215.0,8387.0,31522.0
103.0,8307.0,31555.0
240.0,8410.0,31565.0
215.0,8387.0,31568.0
206.0,8408.0,31574.0
241.0,8411.0,31594.0
206.0,8408.0,31605.0
103.0,8307.0,31661.0
242.0,8303.0,31670.0
41.0,8298.0,31698.0
241.0,8411.0,31752.0
103.0,8307.0,31808.0
103.0,8307.0,31925.0
205.0,8379.0,32005.0
223.0,8393.0,32012.0
76.0,8297.0,32016.0
206.0,8408.0,32034.0
233.0,8399.0,32060.0
103.0,8307.0,32067.0
206.0,8408.0,32076.0
238.0,8406.0,32089.0
25.0,8252.0,32102.0
206.0,8408.0,32122.0
103.0,8307.0,32153.0
243.0,8412.0,32177.0
223.0,8393.0,32183.0
238.0,8406.0,32221.0
244.0,8377.0,32244.0
211.0,8384.0,32291.0
41.0,8379.0,32297.0
238.0,8406.0,32313.0
245.0,8334.0,32313.0
103.0,8307.0,32319.0
206.0,8408.0,32330.0
246.0,8413.0,32342.0
76.0,8297.0,32350.0
247.0,8248.0,32354.0
223.0,8393.0,32365.0
245.0,8334.0,32396.0
206.0,8408.0,32407.0
76.0,8297.0,32408.0
233.0,8399.0,32439.0
206.0,8408.0,32452.0
246.0,8413.0,32463.0
103.0,8307.0,32473.0
103.0,8307.0,32522.0
77.0,8328.0,32539.0
206.0,8408.0,32553.0
238.0,8406.0,32562.0
211.0,8384.0,32652.0
234.0,8340.0,32675.0
211.0,8384.0,32709.0
234.0,8236.0,32718.0
18.0,8375.0,32797.0
234.0,8386.0,32801.0
103.0,8307.0,32814.0
206.0,8408.0,32836.0
238.0,8406.0,32886.0
103.0,8307.0,32896.0
238.0,8406.0,32934.0
103.0,8307.0,32938.0
233.0,8399.0,32956.0
89.0,8304.0,33004.0
103.0,8307.0,33011.0
7.0,8234.0,33026.0
103.0,8307.0,33072.0
248.0,8414.0,33082.0
238.0,8406.0,33118.0
103.0,8307.0,33162.0
241.0,8411.0,33181.0
238.0,8406.0,33186.0
77.0,8328.0,33204.0
206.0,8408.0,33224.0
233.0,8399.0,33224.0
238.0,8406.0,33241.0
41.0,8415.0,33281.0
103.0,8307.0,33285.0
241.0,8411.0,33286.0
238.0,8406.0,33297.0
206.0,8408.0,33306.0
238.0,8406.0,33339.0
238.0,8406.0,33355.0
221.0,8262.0,33411.0
103.0,8307.0,33414.0
103.0,8307.0,33447.0
234.0,8292.0,33454.0
249.0,8416.0,33495.0
25.0,8252.0,33547.0
103.0,8307.0,33578.0
103.0,8307.0,33623.0
206.0,8408.0,33639.0
250.0,8278.0,33643.0
233.0,8399.0,33649.0
103.0,8307.0,33656.0
241.0,8411.0,33676.0
7.0,8234.0,33714.0
67.0,8410.0,33726.0
251.0,8417.0,33741.0
103.0,8307.0,33744.0
252.0,8385.0,33751.0
253.0,8418.0,33753.0
67.0,8410.0,33807.0
25.0,8252.0,33812.0
251.0,8417.0,33819.0
253.0,8418.0,33862.0
254.0,8419.0,33875.0
238.0,8406.0,33887.0
103.0,8307.0,33927.0
67.0,8410.0,33934.0
103.0,8307.0,33951.0
211.0,8384.0,33968.0
221.0,8392.0,33982.0
67.0,8410.0,34001.0
25.0,8252.0,34007.0
103.0,8307.0,34015.0
238.0,8406.0,34125.0
241.0,8411.0,34196.0
206.0,8408.0,34199.0
67.0,8410.0,34236.0
211.0,8384.0,34242.0
67.0,8410.0,34251.0
238.0,8406.0,34255.0
205.0,8379.0,34258.0
206.0,8408.0,34276.0
205.0,8379.0,34309.0
183.0,8367.0,34315.0
211.0,8384.0,34367.0
255.0,8420.0,34442.0
235.0,8355.0,34447.0
118.0,8327.0,34450.0
235.0,8355.0,34474.0
118.0,8327.0,34487.0
235.0,8355.0,34487.0
256.0,8236.0,34496.0
206.0,8408.0,34496.0
234.0,8421.0,34514.0
211.0,8384.0,34528.0
255.0,8420.0,34566.0
206.0,8408.0,34586.0
257.0,8422.0,34619.0
223.0,8393.0,34638.0
223.0,8393.0,34649.0
257.0,8422.0,34667.0
23.0,8243.0,34668.0
238.0,8406.0,34676.0
223.0,8393.0,34710.0
231.0,8397.0,34711.0
25.0,8252.0,34727.0
241.0,8411.0,34730.0
238.0,8406.0,34745.0
205.0,8379.0,34781.0
258.0,8423.0,34797.0
258.0,8423.0,34810.0
206.0,8408.0,34837.0
259.0,8424.0,34847.0
238.0,8406.0,34872.0
260.0,8425.0,34981.0
261.0,8312.0,35002.0
211.0,8384.0,35016.0
169.0,8409.0,35136.0
40.0,8426.0,35180.0
41.0,8427.0,35203.0
40.0,8426.0,35207.0
169.0,8409.0,35226.0
223.0,8393.0,35252.0
205.0,8379.0,35286.0
257.0,8422.0,35293.0
259.0,8424.0,35298.0
41.0,8428.0,35299.0
206.0,8408.0,35317.0
205.0,8379.0,35333.0
241.0,8411.0,35352.0
234.0,8406.0,35444.0
257.0,8422.0,35629.0
41.0,8297.0,35678.0
262.0,8424.0,35682.0
238.0,8406.0,35767.0
257.0,8422.0,35768.0
234.0,8429.0,35804.0
238.0,8406.0,35843.0
215.0,8387.0,35867.0
241.0,8411.0,35879.0
7.0,8234.0,35946.0
263.0,8303.0,35966.0
257.0,8422.0,35979.0
241.0,8411.0,35981.0
241.0,8411.0,36014.0
215.0,8387.0,36018.0
25.0,8252.0,36025.0
215.0,8387.0,36079.0
264.0,8371.0,36101.0
234.0,8406.0,36128.0
257.0,8422.0,36198.0
205.0,8379.0,36253.0
238.0,8406.0,36269.0
41.0,8406.0,36339.0
265.0,8430.0,36394.0
180.0,8364.0,36450.0
7.0,8234.0,36549.0
200.0,8431.0,36683.0
205.0,8379.0,36760.0
266.0,8267.0,36774.0
205.0,8379.0,36842.0
169.0,8409.0,36929.0
238.0,8406.0,36970.0
267.0,8355.0,36999.0
200.0,8431.0,37029.0
18.0,8319.0,37052.0
223.0,8393.0,37054.0
268.0,8413.0,37071.0
269.0,8432.0,37092.0
205.0,8379.0,37094.0
267.0,8355.0,37159.0
238.0,8406.0,37162.0
267.0,8355.0,37185.0
205.0,8379.0,37205.0
270.0,8312.0,37211.0
267.0,8355.0,37222.0
205.0,8379.0,37232.0
238.0,8406.0,37324.0
238.0,8406.0,37380.0
271.0,8433.0,37399.0
267.0,8355.0,37603.0
241.0,8411.0,37605.0
267.0,8355.0,37676.0
267.0,8355.0,37723.0
272.0,8319.0,37763.0
267.0,8355.0,37769.0
200.0,8390.0,37780.0
273.0,8332.0,37797.0
74.0,8434.0,37800.0
238.0,8406.0,37835.0
274.0,8400.0,37853.0
274.0,8400.0,37879.0
275.0,8366.0,37883.0
200.0,8390.0,37884.0
267.0,8355.0,37890.0
238.0,8406.0,37906.0
267.0,8355.0,37920.0
200.0,8390.0,37930.0
274.0,8400.0,37936.0
74.0,8435.0,37961.0
74.0,8405.0,37980.0
223.0,8393.0,38074.0
276.0,8436.0,38083.0
223.0,8393.0,38158.0
238.0,8406.0,38182.0
172.0,8250.0,38279.0
238.0,8406.0,38375.0
265.0,8430.0,38378.0
238.0,8406.0,38469.0
277.0,8434.0,38486.0
238.0,8406.0,38522.0
278.0,8319.0,38528.0
277.0,8434.0,38593.0
279.0,8437.0,38624.0
277.0,8434.0,38640.0
277.0,8434.0,38661.0
13.0,8239.0,38692.0
277.0,8434.0,38700.0
279.0,8437.0,38707.0
277.0,8434.0,38745.0
200.0,8390.0,38799.0
200.0,8390.0,38856.0
277.0,8434.0,39003.0
277.0,8434.0,39033.0
277.0,8434.0,39055.0
219.0,8390.0,39067.0
274.0,8400.0,39116.0
277.0,8434.0,39142.0
279.0,8438.0,39247.0
279.0,8438.0,39269.0
280.0,8368.0,39307.0
281.0,8428.0,39317.0
277.0,8434.0,39437.0
281.0,8428.0,39442.0
279.0,8438.0,39446.0
281.0,8428.0,39482.0
274.0,8400.0,39518.0
198.0,8376.0,39735.0
226.0,8395.0,39755.0
226.0,8395.0,39872.0
277.0,8434.0,39881.0
107.0,8303.0,39908.0
277.0,8434.0,39958.0
278.0,8319.0,40010.0
255.0,8356.0,40064.0
18.0,8439.0,40111.0
221.0,8262.0,40149.0
282.0,8296.0,40159.0
274.0,8400.0,40180.0
69.0,8351.0,40290.0
198.0,8376.0,40304.0
282.0,8296.0,40387.0
283.0,8247.0,40429.0
180.0,8440.0,40457.0
284.0,8441.0,40465.0
169.0,8409.0,40531.0
241.0,8411.0,40541.0
285.0,8351.0,40549.0
286.0,8438.0,40562.0
107.0,8303.0,40567.0
287.0,8309.0,40599.0
37.0,8373.0,40602.0
37.0,8373.0,40817.0
206.0,8408.0,40835.0
206.0,8408.0,40928.0
243.0,8373.0,40970.0
219.0,8390.0,41036.0
255.0,8356.0,41059.0
219.0,8390.0,41077.0
206.0,8404.0,41115.0
219.0,8390.0,41122.0
288.0,8287.0,41165.0
289.0,8442.0,41175.0
211.0,8384.0,41185.0
205.0,8379.0,41192.0
290.0,8443.0,41236.0
274.0,8400.0,41265.0
274.0,8400.0,41302.0
270.0,8312.0,41316.0
211.0,8384.0,41365.0
291.0,8444.0,41394.0
219.0,8390.0,41433.0
292.0,8305.0,41463.0
291.0,8444.0,41467.0
219.0,8390.0,41495.0
293.0,8368.0,41530.0
294.0,8445.0,41593.0
288.0,8287.0,41609.0
241.0,8411.0,41664.0
96.0,8294.0,41677.0
295.0,8446.0,41694.0
296.0,8388.0,41723.0
18.0,8447.0,41785.0
205.0,8379.0,41813.0
211.0,8384.0,41840.0
211.0,8384.0,41868.0
241.0,8411.0,41893.0
206.0,8404.0,41899.0
297.0,8303.0,41910.0
297.0,8303.0,42002.0
298.0,8274.0,42002.0
206.0,8408.0,42008.0
206.0,8408.0,42040.0
298.0,8274.0,42059.0
219.0,8390.0,42068.0
40.0,8426.0,42078.0
297.0,8303.0,42082.0
241.0,8411.0,42111.0
40.0,8426.0,42119.0
274.0,8400.0,42135.0
289.0,8442.0,42150.0
291.0,8444.0,42162.0
285.0,8248.0,42194.0
294.0,8445.0,42200.0
299.0,8284.0,42233.0
300.0,8378.0,42234.0
295.0,8446.0,42258.0
293.0,8368.0,42281.0
206.0,8408.0,42295.0
206.0,8408.0,42338.0
291.0,8444.0,42443.0
289.0,8442.0,42478.0
289.0,8442.0,42515.0
241.0,8411.0,42575.0
301.0,8303.0,42584.0
289.0,8442.0,42603.0
206.0,8408.0,42610.0
302.0,8448.0,42616.0
303.0,8449.0,42618.0
304.0,8386.0,42627.0
289.0,8442.0,42658.0
198.0,8376.0,42676.0
241.0,8411.0,42682.0
289.0,8442.0,42690.0
302.0,8448.0,42692.0
206.0,8408.0,42759.0
291.0,8444.0,42772.0
305.0,8450.0,42775.0
198.0,8376.0,42815.0
306.0,8369.0,42917.0
301.0,8303.0,42948.0
304.0,8451.0,43022.0
206.0,8408.0,43055.0
289.0,8442.0,43062.0
206.0,8408.0,43087.0
206.0,8408.0,43116.0
289.0,8442.0,43119.0
206.0,8408.0,43151.0
295.0,8446.0,43175.0
307.0,8429.0,43183.0
297.0,8303.0,43196.0
206.0,8408.0,43215.0
206.0,8408.0,43234.0
297.0,8303.0,43270.0
307.0,8429.0,43298.0
241.0,8411.0,43302.0
306.0,8369.0,43302.0
307.0,8429.0,43330.0
100.0,8314.0,43376.0
308.0,8263.0,43381.0
309.0,8452.0,43398.0
100.0,8314.0,43406.0
241.0,8411.0,43448.0
306.0,8369.0,43448.0
310.0,8453.0,43498.0
231.0,8397.0,43540.0
100.0,8314.0,43547.0
223.0,8393.0,43548.0
241.0,8411.0,43628.0
289.0,8442.0,43692.0
311.0,8245.0,43716.0
205.0,8379.0,43718.0
312.0,8443.0,43738.0
313.0,8454.0,43787.0
314.0,8455.0,43794.0
205.0,8379.0,43795.0
241.0,8411.0,43826.0
314.0,8455.0,43870.0
309.0,8456.0,43903.0
315.0,8375.0,43966.0
313.0,8454.0,44019.0
316.0,8428.0,44111.0
317.0,8321.0,44129.0
64.0,8455.0,44184.0
318.0,8375.0,44194.0
306.0,8369.0,44224.0
319.0,8303.0,44232.0
317.0,8321.0,44258.0
319.0,8303.0,44306.0
309.0,8456.0,44344.0
320.0,8373.0,44388.0
321.0,8388.0,44443.0
205.0,8379.0,44508.0
309.0,8456.0,44512.0
316.0,8428.0,44534.0
322.0,8375.0,44562.0
205.0,8379.0,44592.0
313.0,8454.0,44644.0
323.0,8411.0,44650.0
323.0,8411.0,44712.0
305.0,8450.0,44730.0
269.0,8432.0,44799.0
324.0,8412.0,44810.0
274.0,8400.0,44824.0
309.0,8456.0,44855.0
274.0,8400.0,44885.0
325.0,8412.0,44940.0
274.0,8400.0,44958.0
309.0,8456.0,44979.0
274.0,8400.0,45094.0
326.0,8457.0,45115.0
309.0,8456.0,45121.0
317.0,8321.0,45154.0
40.0,8339.0,45169.0
309.0,8456.0,45189.0
327.0,8236.0,45197.0
69.0,8303.0,45207.0
328.0,8452.0,45270.0
309.0,8456.0,45281.0
179.0,8363.0,45356.0
329.0,8458.0,45371.0
305.0,8450.0,45404.0
329.0,8458.0,45404.0
196.0,8385.0,45405.0
317.0,8321.0,45406.0
330.0,8304.0,45407.0
329.0,8458.0,45438.0
331.0,8412.0,45449.0
321.0,8388.0,45450.0
179.0,8363.0,45465.0
179.0,8363.0,45511.0
328.0,8452.0,45522.0
332.0,8412.0,45592.0
320.0,8373.0,45606.0
179.0,8363.0,45608.0
58.0,8245.0,45624.0
328.0,8452.0,45643.0
277.0,8434.0,45690.0
69.0,8428.0,45737.0
267.0,8355.0,45756.0
267.0,8355.0,45806.0
326.0,8457.0,45811.0
179.0,8363.0,45820.0
302.0,8448.0,45856.0
302.0,8448.0,45910.0
179.0,8363.0,45959.0
328.0,8452.0,45997.0
330.0,8304.0,46028.0
333.0,8320.0,46030.0
317.0,8321.0,46049.0
330.0,8304.0,46053.0
334.0,8459.0,46068.0
335.0,8460.0,46086.0
179.0,8363.0,46141.0
336.0,8250.0,46153.0
337.0,8296.0,46237.0
277.0,8434.0,46316.0
338.0,8461.0,46336.0
277.0,8434.0,46348.0
179.0,8363.0,46364.0
277.0,8434.0,46373.0
338.0,8461.0,46405.0
338.0,8461.0,46431.0
338.0,8461.0,46444.0
339.0,8373.0,46486.0
302.0,8448.0,46515.0
338.0,8461.0,46536.0
326.0,8457.0,46541.0
305.0,8450.0,46567.0
302.0,8448.0,46585.0
338.0,8461.0,46608.0
336.0,8462.0,46642.0
179.0,8363.0,46662.0
211.0,8384.0,46671.0
338.0,8461.0,46681.0
277.0,8434.0,46681.0
11.0,8237.0,46683.0
272.0,8319.0,46738.0
336.0,8463.0,46746.0
277.0,8434.0,46770.0
11.0,8237.0,46811.0
336.0,8464.0,46819.0
291.0,8444.0,46831.0
238.0,8406.0,46837.0
340.0,8267.0,46853.0
335.0,8460.0,46862.0
329.0,8458.0,46873.0
179.0,8363.0,46878.0
341.0,8346.0,46900.0
277.0,8434.0,46931.0
11.0,8237.0,46937.0
305.0,8450.0,46940.0
278.0,8319.0,46957.0
196.0,8347.0,47020.0
278.0,8319.0,47026.0
336.0,8296.0,47036.0
341.0,8346.0,47063.0
238.0,8406.0,47088.0
342.0,8266.0,47098.0
336.0,8243.0,47137.0
179.0,8363.0,47153.0
343.0,8465.0,47248.0
343.0,8465.0,47277.0
307.0,8429.0,47293.0
238.0,8406.0,47295.0
179.0,8363.0,47320.0
307.0,8429.0,47328.0
155.0,8262.0,47343.0
152.0,8297.0,47379.0
341.0,8346.0,47385.0
238.0,8406.0,47393.0
238.0,8406.0,47419.0
179.0,8363.0,47434.0
305.0,8450.0,47502.0
344.0,8449.0,47516.0
238.0,8406.0,47529.0
302.0,8448.0,47541.0
238.0,8406.0,47562.0
341.0,8346.0,47573.0
302.0,8448.0,47625.0
302.0,8448.0,47758.0
302.0,8448.0,47807.0
345.0,8461.0,47811.0
336.0,8459.0,47811.0
341.0,8346.0,47812.0
335.0,8460.0,47823.0
205.0,8379.0,47868.0
169.0,8409.0,47870.0
335.0,8460.0,47888.0
179.0,8363.0,47941.0
328.0,8452.0,47960.0
346.0,8466.0,48014.0
238.0,8406.0,48016.0
152.0,8297.0,48042.0
179.0,8363.0,48108.0
347.0,8459.0,48122.0
238.0,8406.0,48149.0
179.0,8363.0,48217.0
305.0,8450.0,48230.0
302.0,8287.0,48303.0
179.0,8363.0,48350.0
274.0,8400.0,48354.0
291.0,8444.0,48355.0
179.0,8363.0,48461.0
348.0,8268.0,48475.0
169.0,8409.0,48485.0
349.0,8356.0,48485.0
238.0,8406.0,48486.0
274.0,8400.0,48534.0
341.0,8346.0,48541.0
238.0,8406.0,48563.0
179.0,8363.0,48565.0
289.0,8442.0,48587.0
238.0,8406.0,48615.0
205.0,8379.0,48661.0
205.0,8379.0,48732.0
289.0,8442.0,48770.0
350.0,8274.0,48885.0
205.0,8379.0,48889.0
205.0,8379.0,48934.0
351.0,8467.0,48938.0
348.0,8268.0,48938.0
335.0,8460.0,48952.0
205.0,8379.0,48963.0
352.0,8439.0,49009.0
205.0,8379.0,49042.0
346.0,8466.0,49053.0
19.0,8245.0,49057.0
353.0,8467.0,49063.0
354.0,8468.0,49064.0
335.0,8460.0,49078.0
341.0,8346.0,49085.0
355.0,8284.0,49089.0
356.0,8388.0,49104.0
205.0,8379.0,49128.0
353.0,8467.0,49131.0
205.0,8379.0,49173.0
311.0,8245.0,49175.0
307.0,8429.0,49225.0
205.0,8379.0,49254.0
335.0,8460.0,49282.0
205.0,8379.0,49346.0
152.0,8297.0,49353.0
274.0,8400.0,49357.0
48.0,8272.0,49369.0
274.0,8400.0,49431.0
274.0,8400.0,49469.0
205.0,8379.0,49495.0
357.0,8303.0,49518.0
238.0,8406.0,49534.0
238.0,8406.0,49549.0
238.0,8406.0,49595.0
358.0,8303.0,49610.0
48.0,8272.0,49654.0
339.0,8373.0,49667.0
205.0,8379.0,49700.0
274.0,8400.0,49739.0
354.0,8393.0,49806.0
278.0,8319.0,49816.0
359.0,8469.0,49834.0
360.0,8352.0,49897.0
205.0,8379.0,49902.0
355.0,8284.0,49909.0
238.0,8406.0,49958.0
291.0,8444.0,49968.0
336.0,8243.0,49991.0
348.0,8268.0,50019.0
48.0,8272.0,50068.0
238.0,8406.0,50070.0
206.0,8404.0,50164.0
307.0,8429.0,50300.0
48.0,8272.0,50322.0
361.0,8266.0,50326.0
48.0,8272.0,50352.0
335.0,8460.0,50433.0
48.0,8272.0,50527.0
238.0,8406.0,50531.0
319.0,8303.0,50565.0
152.0,8297.0,50567.0
238.0,8406.0,50578.0
305.0,8450.0,50586.0
319.0,8303.0,50612.0
274.0,8400.0,50710.0
269.0,8432.0,50718.0
238.0,8406.0,50753.0
362.0,8432.0,50756.0
48.0,8272.0,50785.0
269.0,8432.0,50785.0
347.0,8470.0,50786.0
265.0,8430.0,50795.0
274.0,8400.0,50818.0
347.0,8470.0,50826.0
48.0,8272.0,50946.0
48.0,8272.0,50988.0
69.0,8429.0,50991.0
48.0,8272.0,51023.0
48.0,8272.0,51067.0
319.0,8303.0,51086.0
238.0,8406.0,51093.0
269.0,8432.0,51123.0
363.0,8448.0,51156.0
319.0,8303.0,51206.0
40.0,8339.0,51234.0
265.0,8430.0,51246.0
69.0,8268.0,51259.0
319.0,8303.0,51260.0
40.0,8339.0,51267.0
364.0,8284.0,51273.0
274.0,8400.0,51285.0
319.0,8303.0,51287.0
19.0,8245.0,51291.0
365.0,8471.0,51292.0
269.0,8432.0,51313.0
366.0,8472.0,51336.0
274.0,8400.0,51338.0
48.0,8272.0,51361.0
354.0,8393.0,51372.0
365.0,8471.0,51392.0
183.0,8367.0,51400.0
265.0,8430.0,51441.0
335.0,8460.0,51465.0
355.0,8284.0,51472.0
274.0,8400.0,51486.0
274.0,8400.0,51521.0
367.0,8473.0,51541.0
254.0,8419.0,51585.0
238.0,8406.0,51594.0
274.0,8400.0,51595.0
332.0,8412.0,51598.0
306.0,8369.0,51631.0
291.0,8444.0,51635.0
265.0,8430.0,51649.0
206.0,8408.0,51674.0
40.0,8441.0,51678.0
228.0,8321.0,51684.0
368.0,8235.0,51685.0
206.0,8408.0,51699.0
366.0,8472.0,51700.0
274.0,8400.0,51708.0
366.0,8472.0,51737.0
269.0,8432.0,51744.0
274.0,8400.0,51815.0
206.0,8408.0,51833.0
238.0,8406.0,51847.0
206.0,8408.0,51896.0
369.0,8247.0,51932.0
206.0,8408.0,51950.0
370.0,8253.0,51976.0
367.0,8473.0,51980.0
48.0,8272.0,52007.0
228.0,8321.0,52024.0
371.0,8474.0,52024.0
365.0,8471.0,52036.0
291.0,8444.0,52036.0
371.0,8474.0,52057.0
367.0,8473.0,52103.0
372.0,8236.0,52200.0
274.0,8400.0,52287.0
373.0,8437.0,52295.0
274.0,8400.0,52309.0
374.0,8343.0,52312.0
238.0,8406.0,52325.0
40.0,8441.0,52335.0
269.0,8432.0,52352.0
369.0,8247.0,52393.0
238.0,8406.0,52436.0
375.0,8475.0,52486.0
113.0,8298.0,52506.0
206.0,8408.0,52519.0
206.0,8408.0,52596.0
376.0,8476.0,52599.0
238.0,8406.0,52605.0
335.0,8460.0,52607.0
376.0,8476.0,52626.0
377.0,8298.0,52629.0
375.0,8372.0,52680.0
377.0,8298.0,52731.0
291.0,8444.0,52738.0
206.0,8408.0,52740.0
377.0,8298.0,52773.0
376.0,8476.0,52801.0
377.0,8298.0,52831.0
376.0,8476.0,52832.0
238.0,8406.0,52834.0
19.0,8245.0,52858.0
238.0,8406.0,52877.0
378.0,8377.0,52890.0
376.0,8476.0,52902.0
269.0,8432.0,52977.0
377.0,8298.0,52977.0
377.0,8298.0,53052.0
274.0,8400.0,53089.0
322.0,8477.0,53098.0
376.0,8476.0,53145.0
379.0,8478.0,53152.0
238.0,8406.0,53154.0
376.0,8476.0,53178.0
377.0,8298.0,53178.0
335.0,8460.0,53223.0
377.0,8298.0,53242.0
269.0,8432.0,53245.0
380.0,8479.0,53248.0
269.0,8432.0,53277.0
206.0,8408.0,53297.0
380.0,8479.0,53311.0
376.0,8476.0,53314.0
379.0,8478.0,53320.0
238.0,8406.0,53334.0
381.0,8303.0,53339.0
376.0,8476.0,53394.0
382.0,8480.0,53414.0
238.0,8406.0,53435.0
379.0,8478.0,53436.0
383.0,8481.0,53460.0
238.0,8406.0,53479.0
365.0,8471.0,53487.0
380.0,8479.0,53489.0
365.0,8471.0,53501.0
183.0,8367.0,53521.0
378.0,8377.0,53521.0
384.0,8326.0,53563.0
376.0,8476.0,53576.0
289.0,8319.0,53585.0
376.0,8476.0,53614.0
376.0,8476.0,53741.0
376.0,8476.0,53759.0
238.0,8406.0,53762.0
380.0,8479.0,53779.0
376.0,8476.0,53810.0
380.0,8479.0,53863.0
380.0,8479.0,53897.0
297.0,8303.0,53927.0
311.0,8482.0,53931.0
19.0,8245.0,53933.0
376.0,8476.0,53961.0
206.0,8408.0,53961.0
379.0,8464.0,53980.0
380.0,8479.0,53993.0
376.0,8476.0,54047.0
376.0,8476.0,54078.0
291.0,8444.0,54097.0
376.0,8476.0,54112.0
269.0,8432.0,54127.0
297.0,8303.0,54144.0
380.0,8479.0,54196.0
372.0,8236.0,54257.0
206.0,8408.0,54274.0
380.0,8479.0,54275.0
274.0,8400.0,54296.0
385.0,8253.0,54422.0
206.0,8408.0,54462.0
238.0,8406.0,54478.0
274.0,8400.0,54498.0
206.0,8408.0,54503.0
238.0,8406.0,54504.0
206.0,8408.0,54539.0
386.0,8306.0,54583.0
206.0,8408.0,54587.0
385.0,8253.0,54619.0
19.0,8245.0,54625.0
206.0,8408.0,54634.0
179.0,8363.0,54640.0
274.0,8400.0,54659.0
238.0,8406.0,54682.0
376.0,8476.0,54683.0
206.0,8408.0,54700.0
118.0,8327.0,54714.0
376.0,8476.0,54720.0
353.0,8467.0,54746.0
206.0,8408.0,54765.0
383.0,8481.0,54773.0
274.0,8400.0,54781.0
179.0,8363.0,54785.0
376.0,8476.0,54785.0
291.0,8444.0,54814.0
206.0,8408.0,54859.0
387.0,8257.0,54878.0
376.0,8476.0,54883.0
118.0,8327.0,54887.0
179.0,8363.0,54894.0
385.0,8253.0,54900.0
214.0,8266.0,54907.0
388.0,8247.0,54948.0
274.0,8400.0,54978.0
291.0,8444.0,55001.0
183.0,8367.0,55085.0
238.0,8406.0,55092.0
206.0,8408.0,55127.0
238.0,8406.0,55129.0
376.0,8476.0,55153.0
206.0,8408.0,55169.0
389.0,8483.0,55170.0
274.0,8400.0,55191.0
291.0,8444.0,55193.0
206.0,8408.0,55195.0
383.0,8481.0,55251.0
386.0,8406.0,55271.0
214.0,8266.0,55290.0
206.0,8408.0,55291.0
390.0,8484.0,55308.0
353.0,8275.0,55318.0
391.0,8485.0,55323.0
206.0,8408.0,55342.0
367.0,8473.0,55355.0
386.0,8434.0,55360.0
353.0,8275.0,55363.0
392.0,8288.0,55370.0
383.0,8481.0,55383.0
391.0,8485.0,55384.0
206.0,8408.0,55415.0
291.0,8444.0,55472.0
118.0,8327.0,55482.0
274.0,8400.0,55509.0
376.0,8476.0,55550.0
69.0,8434.0,55555.0
365.0,8471.0,55567.0
383.0,8481.0,55603.0
393.0,8486.0,55613.0
394.0,8483.0,55650.0
383.0,8481.0,55718.0
179.0,8363.0,55722.0
274.0,8400.0,55747.0
395.0,8326.0,55758.0
118.0,8327.0,55791.0
393.0,8486.0,55802.0
335.0,8460.0,55840.0
19.0,8245.0,55869.0
152.0,8297.0,55908.0
291.0,8444.0,55946.0
291.0,8444.0,55970.0
89.0,8304.0,55989.0
369.0,8247.0,56017.0
179.0,8363.0,56159.0
291.0,8444.0,56174.0
335.0,8460.0,56230.0
274.0,8400.0,56334.0
58.0,8245.0,56386.0
118.0,8327.0,56408.0
40.0,8487.0,56422.0
396.0,8303.0,56451.0
179.0,8363.0,56472.0
397.0,8265.0,56474.0
388.0,8247.0,56475.0
396.0,8303.0,56546.0
118.0,8327.0,56581.0
385.0,8262.0,56581.0
335.0,8460.0,56592.0
206.0,8380.0,56600.0
391.0,8485.0,56609.0
179.0,8363.0,56626.0
398.0,8488.0,56647.0
206.0,8380.0,56648.0
274.0,8400.0,56652.0
291.0,8444.0,56724.0
399.0,8428.0,56761.0
400.0,8489.0,56786.0
399.0,8428.0,56803.0
274.0,8400.0,56805.0
401.0,8490.0,56829.0
118.0,8327.0,56865.0
399.0,8428.0,56873.0
274.0,8400.0,56964.0
402.0,8469.0,57016.0
400.0,8489.0,57060.0
308.0,8263.0,57084.0
291.0,8444.0,57095.0
401.0,8490.0,57119.0
391.0,8485.0,57133.0
401.0,8490.0,57138.0
400.0,8489.0,57140.0
367.0,8473.0,57195.0
183.0,8367.0,57214.0
118.0,8327.0,57239.0
367.0,8473.0,57251.0
391.0,8485.0,57273.0
403.0,8394.0,57284.0
346.0,8466.0,57286.0
23.0,8321.0,57293.0
367.0,8473.0,57302.0
23.0,8321.0,57310.0
404.0,8491.0,57335.0
274.0,8400.0,57337.0
405.0,8321.0,57349.0
274.0,8400.0,57367.0
405.0,8321.0,57375.0
260.0,8425.0,57391.0
274.0,8400.0,57403.0
291.0,8444.0,57410.0
367.0,8473.0,57429.0
404.0,8491.0,57435.0
367.0,8473.0,57457.0
206.0,8380.0,57483.0
260.0,8425.0,57486.0
404.0,8491.0,57505.0
391.0,8485.0,57518.0
260.0,8425.0,57546.0
406.0,8279.0,57597.0
308.0,8263.0,57610.0
391.0,8485.0,57612.0
206.0,8380.0,57629.0
407.0,8492.0,57650.0
274.0,8400.0,57696.0
335.0,8460.0,57729.0
404.0,8491.0,57736.0
274.0,8400.0,57739.0
206.0,8380.0,57743.0
143.0,8257.0,57759.0
405.0,8321.0,57796.0
335.0,8460.0,57836.0
408.0,8342.0,57901.0
23.0,8439.0,57916.0
48.0,8272.0,57916.0
391.0,8485.0,57924.0
335.0,8460.0,57946.0
391.0,8485.0,57958.0
50.0,8275.0,57982.0
335.0,8460.0,58011.0
143.0,8257.0,58014.0
409.0,8493.0,58052.0
405.0,8321.0,58060.0
404.0,8491.0,58062.0
335.0,8460.0,58065.0
143.0,8257.0,58086.0
258.0,8423.0,58094.0
48.0,8272.0,58108.0
405.0,8321.0,58115.0
143.0,8257.0,58135.0
410.0,8415.0,58152.0
143.0,8257.0,58162.0
281.0,8428.0,58169.0
346.0,8466.0,58254.0
405.0,8321.0,58261.0
404.0,8491.0,58287.0
411.0,8295.0,58297.0
179.0,8363.0,58303.0
412.0,8253.0,58356.0
179.0,8363.0,58385.0
404.0,8491.0,58404.0
411.0,8295.0,58416.0
404.0,8491.0,58500.0
413.0,8494.0,58546.0
414.0,8301.0,58576.0
50.0,8467.0,58580.0
413.0,8494.0,58654.0
415.0,8495.0,58711.0
414.0,8301.0,58719.0
123.0,8246.0,58733.0
416.0,8496.0,58774.0
413.0,8494.0,58784.0
417.0,8269.0,58811.0
413.0,8494.0,58815.0
416.0,8496.0,58844.0
416.0,8496.0,58865.0
413.0,8494.0,58925.0
404.0,8491.0,58939.0
118.0,8327.0,58947.0
416.0,8497.0,58992.0
416.0,8497.0,59004.0
414.0,8301.0,59018.0
418.0,8482.0,59020.0
416.0,8497.0,59054.0
328.0,8456.0,59120.0
328.0,8456.0,59147.0
260.0,8425.0,59166.0
416.0,8498.0,59176.0
416.0,8498.0,59196.0
416.0,8498.0,59238.0
419.0,8479.0,59253.0
420.0,8373.0,59259.0
400.0,8489.0,59276.0
418.0,8482.0,59280.0
260.0,8425.0,59280.0
404.0,8491.0,59281.0
400.0,8489.0,59301.0
48.0,8272.0,59361.0
48.0,8272.0,59384.0
48.0,8272.0,59429.0
61.0,8283.0,59458.0
400.0,8489.0,59482.0
416.0,8496.0,59526.0
421.0,8424.0,59581.0
411.0,8295.0,59597.0
48.0,8272.0,59610.0
411.0,8295.0,59659.0
421.0,8424.0,59676.0
400.0,8489.0,59679.0
414.0,8301.0,59748.0
422.0,8321.0,59757.0
405.0,8321.0,59806.0
423.0,8499.0,59827.0
421.0,8424.0,59841.0
424.0,8319.0,59854.0
423.0,8499.0,59872.0
422.0,8321.0,59886.0
425.0,8424.0,59887.0
405.0,8321.0,59894.0
426.0,8235.0,59908.0
48.0,8272.0,59934.0
422.0,8321.0,59940.0
48.0,8272.0,59980.0
426.0,8235.0,59985.0
260.0,8425.0,59991.0
427.0,8424.0,60018.0
400.0,8489.0,60027.0
428.0,8500.0,60032.0
400.0,8489.0,60065.0
414.0,8301.0,60094.0
4.0,8231.0,60096.0
427.0,8424.0,60103.0
427.0,8424.0,60130.0
179.0,8363.0,60147.0
414.0,8301.0,60173.0
427.0,8424.0,60239.0
311.0,8245.0,60267.0
427.0,8412.0,60270.0
429.0,8501.0,60280.0
430.0,8373.0,60328.0
400.0,8489.0,60337.0
427.0,8424.0,60395.0
431.0,8502.0,60424.0
311.0,8245.0,60428.0
400.0,8489.0,60431.0
432.0,8503.0,60455.0
411.0,8295.0,60469.0
428.0,8500.0,60555.0
27.0,8504.0,60590.0
102.0,8316.0,60599.0
205.0,8379.0,60599.0
427.0,8424.0,60599.0
430.0,8373.0,60602.0
433.0,8424.0,60619.0
48.0,8272.0,60652.0
201.0,8377.0,60659.0
48.0,8272.0,60693.0
422.0,8321.0,60744.0
433.0,8412.0,60770.0
430.0,8373.0,60788.0
427.0,8424.0,60804.0
418.0,8482.0,60830.0
411.0,8295.0,60902.0
418.0,8482.0,60924.0
433.0,8424.0,60934.0
422.0,8321.0,60942.0
434.0,8286.0,60942.0
332.0,8424.0,60959.0
411.0,8295.0,60997.0
435.0,8243.0,60999.0
427.0,8424.0,61025.0
436.0,8451.0,61028.0
437.0,8303.0,61048.0
438.0,8356.0,61091.0
427.0,8373.0,61108.0
418.0,8482.0,61112.0
439.0,8505.0,61146.0
365.0,8471.0,61204.0
418.0,8482.0,61214.0
439.0,8505.0,61220.0
422.0,8321.0,61241.0
427.0,8424.0,61242.0
440.0,8300.0,61248.0
438.0,8356.0,61266.0
427.0,8424.0,61280.0
441.0,8506.0,61282.0
431.0,8475.0,61305.0
442.0,8455.0,61307.0
4.0,8231.0,61309.0
57.0,8280.0,61315.0
400.0,8321.0,61327.0
4.0,8231.0,61341.0
332.0,8424.0,61356.0
427.0,8424.0,61359.0
411.0,8295.0,61371.0
405.0,8321.0,61374.0
332.0,8424.0,61406.0
335.0,8460.0,61434.0
443.0,8505.0,61467.0
405.0,8321.0,61512.0
444.0,8369.0,61537.0
445.0,8459.0,61575.0
446.0,8280.0,61599.0
411.0,8295.0,61613.0
223.0,8393.0,61623.0
405.0,8321.0,61668.0
447.0,8244.0,61803.0
446.0,8316.0,61814.0
370.0,8459.0,61850.0
444.0,8332.0,61952.0
305.0,8450.0,61960.0
411.0,8295.0,61999.0
448.0,8372.0,62062.0
430.0,8373.0,62099.0
449.0,8478.0,62112.0
405.0,8321.0,62119.0
428.0,8500.0,62159.0
400.0,8321.0,62182.0
223.0,8393.0,62189.0
400.0,8321.0,62336.0
411.0,8295.0,62341.0
450.0,8424.0,62363.0
278.0,8450.0,62401.0
450.0,8424.0,62414.0
405.0,8321.0,62415.0
341.0,8346.0,62425.0
451.0,8318.0,62439.0
430.0,8373.0,62466.0
400.0,8321.0,62476.0
400.0,8321.0,62534.0
411.0,8295.0,62552.0
452.0,8334.0,62646.0
4.0,8231.0,62659.0
4.0,8231.0,62694.0
400.0,8321.0,62707.0
450.0,8424.0,62717.0
453.0,8412.0,62727.0
430.0,8373.0,62732.0
4.0,8231.0,62736.0
450.0,8424.0,62744.0
411.0,8295.0,62748.0
4.0,8231.0,62797.0
404.0,8491.0,62810.0
454.0,8391.0,62819.0
4.0,8231.0,62837.0
455.0,8477.0,62878.0
312.0,8244.0,62882.0
411.0,8295.0,62905.0
430.0,8373.0,62931.0
326.0,8457.0,62971.0
456.0,8320.0,62992.0
411.0,8295.0,62992.0
457.0,8424.0,62993.0
312.0,8244.0,63029.0
312.0,8244.0,63045.0
458.0,8507.0,63076.0
444.0,8298.0,63100.0
459.0,8443.0,63125.0
427.0,8424.0,63130.0
69.0,8332.0,63158.0
460.0,8508.0,63230.0
461.0,8322.0,63232.0
462.0,8420.0,63240.0
179.0,8363.0,63259.0
463.0,8412.0,63326.0
464.0,8507.0,63348.0
427.0,8424.0,63351.0
312.0,8443.0,63357.0
463.0,8412.0,63361.0
427.0,8424.0,63390.0
80.0,8269.0,63400.0
69.0,8297.0,63410.0
411.0,8295.0,63414.0
465.0,8509.0,63488.0
400.0,8321.0,63494.0
465.0,8509.0,63547.0
427.0,8424.0,63559.0
466.0,8510.0,63583.0
400.0,8321.0,63583.0
467.0,8424.0,63593.0
466.0,8510.0,63607.0
400.0,8321.0,63610.0
466.0,8510.0,63650.0
400.0,8321.0,63662.0
81.0,8321.0,63695.0
414.0,8301.0,63708.0
468.0,8430.0,63722.0
469.0,8412.0,63741.0
179.0,8363.0,63745.0
411.0,8295.0,63760.0
179.0,8363.0,63775.0
466.0,8510.0,63818.0
179.0,8363.0,63819.0
411.0,8295.0,63823.0
466.0,8510.0,63840.0
466.0,8510.0,63851.0
179.0,8363.0,63859.0
466.0,8510.0,63873.0
468.0,8430.0,63894.0
466.0,8510.0,63912.0
466.0,8510.0,63965.0
466.0,8510.0,63977.0
470.0,8412.0,63984.0
6.0,8233.0,64003.0
466.0,8510.0,64008.0
471.0,8424.0,64053.0
466.0,8510.0,64177.0
466.0,8510.0,64197.0
307.0,8429.0,64210.0
380.0,8479.0,64213.0
472.0,8424.0,64218.0
473.0,8511.0,64218.0
466.0,8510.0,64245.0
380.0,8479.0,64252.0
472.0,8424.0,64277.0
474.0,8424.0,64310.0
117.0,8424.0,64397.0
475.0,8288.0,64401.0
476.0,8484.0,64500.0
365.0,8471.0,64512.0
81.0,8321.0,64553.0
477.0,8296.0,64578.0
81.0,8321.0,64585.0
478.0,8264.0,64628.0
161.0,8317.0,64707.0
479.0,8512.0,64718.0
466.0,8510.0,64719.0
418.0,8513.0,64728.0
148.0,8346.0,64791.0
480.0,8514.0,64869.0
179.0,8363.0,64874.0
375.0,8258.0,64909.0
481.0,8424.0,64918.0
480.0,8514.0,64943.0
427.0,8424.0,64947.0
466.0,8510.0,64966.0
427.0,8424.0,65008.0
482.0,8515.0,65039.0
483.0,8424.0,65069.0
179.0,8363.0,65102.0
483.0,8424.0,65128.0
484.0,8516.0,65154.0
450.0,8424.0,65229.0
485.0,8373.0,65247.0
477.0,8517.0,65254.0
477.0,8517.0,65295.0
486.0,8518.0,65318.0
450.0,8424.0,65323.0
103.0,8307.0,65331.0
466.0,8510.0,65349.0
487.0,8519.0,65383.0
483.0,8424.0,65416.0
488.0,8412.0,65417.0
466.0,8510.0,65432.0
489.0,8242.0,65457.0
179.0,8363.0,65488.0
477.0,8250.0,65514.0
477.0,8296.0,65577.0
466.0,8510.0,65606.0
487.0,8519.0,65607.0
449.0,8478.0,65623.0
477.0,8312.0,65675.0
490.0,8412.0,65693.0
477.0,8312.0,65696.0
491.0,8477.0,65703.0
487.0,8519.0,65704.0
490.0,8412.0,65719.0
482.0,8515.0,65723.0
477.0,8520.0,65739.0
103.0,8307.0,65755.0
477.0,8520.0,65757.0
482.0,8515.0,65759.0
466.0,8510.0,65817.0
335.0,8460.0,65822.0
487.0,8519.0,65830.0
492.0,8388.0,65864.0
493.0,8521.0,65869.0
103.0,8307.0,65873.0
466.0,8510.0,65891.0
494.0,8373.0,65939.0
487.0,8519.0,66012.0
495.0,8522.0,66014.0
495.0,8522.0,66054.0
495.0,8522.0,66091.0
487.0,8519.0,66227.0
492.0,8388.0,66281.0
271.0,8433.0,66281.0
496.0,8523.0,66400.0
497.0,8392.0,66468.0
493.0,8521.0,66583.0
498.0,8408.0,66602.0
499.0,8524.0,66623.0
271.0,8433.0,66628.0
500.0,8424.0,66727.0
487.0,8519.0,66729.0
499.0,8524.0,66734.0
335.0,8460.0,66758.0
500.0,8424.0,66765.0
487.0,8519.0,66786.0
271.0,8433.0,66831.0
499.0,8524.0,66865.0
493.0,8521.0,66901.0
367.0,8473.0,66962.0
487.0,8519.0,66972.0
484.0,8242.0,66998.0
499.0,8524.0,67013.0
367.0,8473.0,67021.0
206.0,8408.0,67041.0
346.0,8466.0,67042.0
198.0,8376.0,67117.0
206.0,8408.0,67123.0
501.0,8521.0,67124.0
487.0,8519.0,67137.0
502.0,8378.0,67191.0
499.0,8524.0,67259.0
206.0,8408.0,67260.0
503.0,8277.0,67263.0
504.0,8287.0,67266.0
502.0,8378.0,67279.0
487.0,8519.0,67309.0
414.0,8301.0,67335.0
505.0,8525.0,67354.0
466.0,8510.0,67358.0
143.0,8257.0,67401.0
487.0,8519.0,67402.0
9.0,8351.0,67421.0
367.0,8473.0,67444.0
502.0,8378.0,67468.0
466.0,8510.0,67492.0
487.0,8519.0,67505.0
499.0,8524.0,67512.0
506.0,8424.0,67534.0
466.0,8510.0,67579.0
487.0,8519.0,67602.0
507.0,8284.0,67609.0
499.0,8524.0,67612.0
405.0,8321.0,67645.0
508.0,8424.0,67675.0
466.0,8510.0,67687.0
499.0,8524.0,67694.0
487.0,8519.0,67709.0
335.0,8460.0,67737.0
509.0,8424.0,67755.0
422.0,8321.0,67762.0
499.0,8524.0,67786.0
466.0,8510.0,67833.0
482.0,8515.0,67838.0
243.0,8412.0,67857.0
510.0,8526.0,67870.0
511.0,8527.0,67884.0
507.0,8284.0,67886.0
509.0,8424.0,67889.0
512.0,8424.0,67917.0
513.0,8528.0,67970.0
143.0,8257.0,67987.0
514.0,8424.0,67991.0
482.0,8515.0,68026.0
405.0,8321.0,68030.0
499.0,8524.0,68060.0
513.0,8528.0,68062.0
515.0,8265.0,68086.0
513.0,8528.0,68095.0
513.0,8528.0,68164.0
499.0,8524.0,68188.0
367.0,8473.0,68192.0
516.0,8424.0,68194.0
513.0,8528.0,68205.0
367.0,8473.0,68228.0
505.0,8525.0,68235.0
509.0,8424.0,68238.0
513.0,8528.0,68243.0
416.0,8496.0,68263.0
516.0,8424.0,68263.0
517.0,8483.0,68272.0
367.0,8473.0,68273.0
103.0,8307.0,68285.0
509.0,8424.0,68293.0
516.0,8424.0,68301.0
518.0,8529.0,68304.0
262.0,8424.0,68343.0
519.0,8424.0,68348.0
516.0,8424.0,68354.0
518.0,8529.0,68358.0
499.0,8524.0,68373.0
262.0,8424.0,68376.0
516.0,8424.0,68384.0
520.0,8424.0,68416.0
513.0,8528.0,68418.0
405.0,8321.0,68419.0
493.0,8521.0,68423.0
335.0,8460.0,68427.0
152.0,8297.0,68491.0
314.0,8455.0,68511.0
405.0,8321.0,68548.0
48.0,8272.0,68554.0
521.0,8530.0,68591.0
405.0,8321.0,68594.0
82.0,8257.0,68599.0
152.0,8297.0,68609.0
367.0,8473.0,68634.0
522.0,8531.0,68637.0
405.0,8321.0,68651.0
518.0,8424.0,68660.0
522.0,8531.0,68660.0
518.0,8424.0,68662.0
367.0,8473.0,68667.0
405.0,8321.0,68728.0
152.0,8297.0,68736.0
367.0,8473.0,68752.0
523.0,8424.0,68755.0
152.0,8297.0,68836.0
103.0,8307.0,68854.0
405.0,8321.0,68870.0
524.0,8424.0,68896.0
487.0,8519.0,68909.0
522.0,8531.0,68932.0
367.0,8473.0,68941.0
487.0,8519.0,68989.0
287.0,8309.0,69084.0
152.0,8297.0,69154.0
335.0,8460.0,69206.0
367.0,8473.0,69224.0
367.0,8473.0,69300.0
487.0,8519.0,69305.0
152.0,8297.0,69327.0
515.0,8265.0,69371.0
362.0,8432.0,69376.0
525.0,8515.0,69434.0
152.0,8297.0,69451.0
507.0,8532.0,69478.0
103.0,8307.0,69498.0
367.0,8473.0,69505.0
206.0,8380.0,69605.0
82.0,8257.0,69643.0
309.0,8456.0,69717.0
507.0,8533.0,69743.0
272.0,8534.0,69796.0
89.0,8304.0,69813.0
309.0,8456.0,69830.0
287.0,8309.0,69834.0
487.0,8519.0,69845.0
367.0,8473.0,69887.0
487.0,8519.0,69894.0
526.0,8535.0,69910.0
335.0,8460.0,69940.0
89.0,8304.0,69962.0
522.0,8531.0,70006.0
309.0,8456.0,70010.0
527.0,8536.0,70016.0
528.0,8537.0,70063.0
487.0,8519.0,70070.0
529.0,8378.0,70103.0
530.0,8500.0,70122.0
18.0,8500.0,70128.0
306.0,8369.0,70184.0
103.0,8307.0,70187.0
530.0,8500.0,70217.0
531.0,8538.0,70219.0
326.0,8457.0,70237.0
309.0,8456.0,70238.0
362.0,8432.0,70252.0
272.0,8534.0,70257.0
335.0,8460.0,70343.0
309.0,8456.0,70355.0
532.0,8539.0,70422.0
533.0,8500.0,70467.0
505.0,8525.0,70471.0
534.0,8277.0,70482.0
405.0,8321.0,70485.0
365.0,8471.0,70511.0
405.0,8321.0,70533.0
532.0,8539.0,70556.0
335.0,8460.0,70583.0
309.0,8456.0,70621.0
505.0,8525.0,70659.0
487.0,8519.0,70716.0
414.0,8301.0,70717.0
444.0,8388.0,70729.0
82.0,8257.0,70759.0
82.0,8257.0,70815.0
487.0,8519.0,70859.0
416.0,8496.0,70887.0
535.0,8412.0,70912.0
82.0,8257.0,70942.0
272.0,8534.0,70962.0
179.0,8363.0,70965.0
522.0,8531.0,70966.0
82.0,8257.0,70969.0
103.0,8307.0,71011.0
272.0,8534.0,71030.0
367.0,8473.0,71031.0
448.0,8540.0,71039.0
103.0,8307.0,71049.0
335.0,8460.0,71092.0
272.0,8534.0,71115.0
505.0,8525.0,71147.0
522.0,8531.0,71171.0
536.0,8541.0,71172.0
537.0,8542.0,71173.0
82.0,8257.0,71181.0
487.0,8519.0,71191.0
503.0,8277.0,71201.0
326.0,8457.0,71251.0
538.0,8521.0,71270.0
367.0,8473.0,71303.0
539.0,8543.0,71317.0
271.0,8433.0,71324.0
414.0,8301.0,71338.0
540.0,8424.0,71389.0
541.0,8544.0,71398.0
542.0,8545.0,71418.0
424.0,8532.0,71443.0
542.0,8545.0,71470.0
543.0,8247.0,71514.0
423.0,8499.0,71523.0
544.0,8424.0,71534.0
536.0,8541.0,71557.0
542.0,8545.0,71565.0
536.0,8541.0,71570.0
545.0,8261.0,71581.0
227.0,8396.0,71583.0
505.0,8525.0,71601.0
546.0,8518.0,71616.0
227.0,8396.0,71656.0
542.0,8545.0,71672.0
545.0,8261.0,71711.0
414.0,8301.0,71740.0
535.0,8412.0,71752.0
522.0,8531.0,71756.0
103.0,8307.0,71793.0
536.0,8541.0,71796.0
541.0,8544.0,71806.0
507.0,8284.0,71817.0
547.0,8516.0,71819.0
526.0,8535.0,71839.0
532.0,8539.0,71856.0
505.0,8525.0,71864.0
335.0,8460.0,71880.0
526.0,8535.0,71886.0
103.0,8307.0,71888.0
515.0,8265.0,71891.0
487.0,8519.0,71893.0
505.0,8525.0,71935.0
541.0,8544.0,71937.0
526.0,8535.0,71940.0
548.0,8546.0,71946.0
549.0,8424.0,71979.0
549.0,8424.0,72015.0
541.0,8544.0,72023.0
541.0,8544.0,72068.0
335.0,8460.0,72078.0
487.0,8519.0,72094.0
541.0,8544.0,72126.0
535.0,8373.0,72127.0
541.0,8544.0,72145.0
487.0,8519.0,72181.0
405.0,8321.0,72241.0
505.0,8525.0,72262.0
405.0,8321.0,72303.0
367.0,8473.0,72313.0
487.0,8519.0,72383.0
505.0,8525.0,72400.0
422.0,8321.0,72418.0
314.0,8455.0,72422.0
541.0,8544.0,72447.0
487.0,8519.0,72456.0
444.0,8435.0,72482.0
286.0,8547.0,72489.0
286.0,8547.0,72499.0
103.0,8307.0,72509.0
550.0,8243.0,72513.0
493.0,8471.0,72518.0
487.0,8519.0,72553.0
551.0,8424.0,72560.0
552.0,8406.0,72600.0
541.0,8544.0,72601.0
505.0,8525.0,72611.0
405.0,8424.0,72634.0
541.0,8544.0,72641.0
405.0,8424.0,72665.0
367.0,8473.0,72693.0
550.0,8243.0,72701.0
99.0,8313.0,72704.0
326.0,8457.0,72724.0
367.0,8473.0,72731.0
422.0,8321.0,72733.0
103.0,8307.0,72737.0
326.0,8457.0,72763.0
99.0,8313.0,72769.0
505.0,8525.0,72790.0
553.0,8459.0,72791.0
541.0,8544.0,72816.0
553.0,8459.0,72824.0
548.0,8546.0,72834.0
554.0,8336.0,72920.0
274.0,8400.0,72946.0
555.0,8277.0,72965.0
404.0,8491.0,72976.0
505.0,8525.0,72989.0
416.0,8496.0,72990.0
548.0,8546.0,73014.0
556.0,8548.0,73062.0
143.0,8257.0,73070.0
543.0,8247.0,73081.0
557.0,8549.0,73089.0
558.0,8550.0,73102.0
143.0,8257.0,73123.0
450.0,8424.0,73195.0
559.0,8424.0,73198.0
493.0,8521.0,73208.0
558.0,8550.0,73228.0
493.0,8521.0,73234.0
450.0,8424.0,73244.0
68.0,8510.0,73249.0
143.0,8257.0,73297.0
376.0,8476.0,73306.0
560.0,8492.0,73311.0
143.0,8257.0,73319.0
561.0,8378.0,73325.0
103.0,8307.0,73374.0
522.0,8531.0,73375.0
562.0,8265.0,73401.0
103.0,8307.0,73416.0
487.0,8519.0,73427.0
550.0,8243.0,73431.0
206.0,8404.0,73437.0
28.0,8255.0,73467.0
375.0,8424.0,73476.0
376.0,8476.0,73520.0
376.0,8476.0,73550.0
376.0,8476.0,73593.0
563.0,8287.0,73596.0
563.0,8287.0,73636.0
376.0,8476.0,73637.0
103.0,8307.0,73670.0
564.0,8424.0,73675.0
565.0,8424.0,73687.0
376.0,8476.0,73706.0
103.0,8307.0,73710.0
560.0,8313.0,73715.0
487.0,8519.0,73720.0
404.0,8491.0,73733.0
566.0,8424.0,73751.0
487.0,8519.0,73779.0
81.0,8321.0,73844.0
179.0,8363.0,73866.0
326.0,8457.0,73896.0
198.0,8376.0,73897.0
103.0,8307.0,73904.0
450.0,8424.0,73916.0
487.0,8519.0,73920.0
404.0,8491.0,73942.0
179.0,8363.0,73961.0
414.0,8301.0,73977.0
418.0,8482.0,74029.0
548.0,8546.0,74043.0
376.0,8476.0,74060.0
367.0,8473.0,74068.0
418.0,8482.0,74080.0
335.0,8460.0,74109.0
28.0,8255.0,74121.0
487.0,8519.0,74146.0
404.0,8491.0,74157.0
567.0,8377.0,74191.0
367.0,8473.0,74192.0
568.0,8529.0,74225.0
367.0,8473.0,74258.0
404.0,8491.0,74290.0
166.0,8424.0,74328.0
274.0,8400.0,74366.0
367.0,8473.0,74378.0
569.0,8551.0,74394.0
335.0,8460.0,74442.0
166.0,8424.0,74462.0
570.0,8362.0,74472.0
53.0,8552.0,74474.0
569.0,8415.0,74477.0
166.0,8424.0,74502.0
28.0,8255.0,74503.0
571.0,8412.0,74527.0
166.0,8424.0,74536.0
85.0,8262.0,74554.0
376.0,8476.0,74560.0
274.0,8400.0,74567.0
166.0,8424.0,74570.0
572.0,8448.0,74592.0
367.0,8473.0,74596.0
487.0,8519.0,74642.0
376.0,8476.0,74643.0
487.0,8519.0,74679.0
155.0,8262.0,74692.0
376.0,8476.0,74707.0
166.0,8424.0,74712.0
28.0,8255.0,74736.0
166.0,8424.0,74764.0
274.0,8400.0,74773.0
376.0,8476.0,74775.0
166.0,8424.0,74795.0
376.0,8476.0,74811.0
573.0,8414.0,74834.0
145.0,8405.0,74857.0
251.0,8417.0,74864.0
376.0,8476.0,74890.0
487.0,8519.0,74901.0
444.0,8402.0,74910.0
376.0,8476.0,74914.0
335.0,8460.0,74921.0
574.0,8293.0,74955.0
487.0,8519.0,74987.0
575.0,8553.0,74989.0
376.0,8476.0,74993.0
292.0,8293.0,75015.0
9.0,8471.0,75020.0
576.0,8463.0,75020.0
444.0,8402.0,75042.0
376.0,8476.0,75058.0
376.0,8476.0,75093.0
487.0,8519.0,75109.0
251.0,8417.0,75130.0
577.0,8398.0,75146.0
9.0,8471.0,75164.0
404.0,8491.0,75175.0
487.0,8519.0,75192.0
251.0,8417.0,75241.0
28.0,8255.0,75242.0
367.0,8473.0,75277.0
404.0,8491.0,75278.0
28.0,8255.0,75287.0
251.0,8417.0,75290.0
171.0,8261.0,75298.0
251.0,8417.0,75318.0
251.0,8417.0,75347.0
367.0,8473.0,75356.0
367.0,8473.0,75371.0
251.0,8417.0,75402.0
487.0,8519.0,75408.0
367.0,8473.0,75420.0
251.0,8417.0,75441.0
367.0,8473.0,75454.0
487.0,8519.0,75462.0
335.0,8460.0,75504.0
404.0,8491.0,75512.0
251.0,8417.0,75523.0
578.0,8554.0,75531.0
148.0,8346.0,75570.0
572.0,8448.0,75609.0
171.0,8261.0,75625.0
487.0,8519.0,75643.0
69.0,8552.0,75644.0
579.0,8316.0,75647.0
145.0,8345.0,75667.0
580.0,8278.0,75673.0
28.0,8255.0,75682.0
487.0,8519.0,75731.0
251.0,8417.0,75772.0
11.0,8237.0,75790.0
572.0,8448.0,75792.0
274.0,8400.0,75831.0
572.0,8448.0,75859.0
487.0,8519.0,75863.0
11.0,8237.0,75864.0
251.0,8417.0,75891.0
581.0,8303.0,75930.0
582.0,8373.0,75931.0
11.0,8237.0,75938.0
487.0,8519.0,75946.0
533.0,8555.0,75957.0
272.0,8534.0,75988.0
251.0,8417.0,76010.0
11.0,8237.0,76019.0
494.0,8412.0,76034.0
69.0,8424.0,76041.0
145.0,8556.0,76047.0
251.0,8417.0,76057.0
583.0,8250.0,76134.0
251.0,8417.0,76155.0
376.0,8476.0,76176.0
28.0,8255.0,76212.0
251.0,8417.0,76218.0
486.0,8518.0,76277.0
180.0,8364.0,76293.0
251.0,8417.0,76316.0
274.0,8400.0,76322.0
584.0,8286.0,76344.0
585.0,8412.0,76358.0
586.0,8300.0,76362.0
571.0,8412.0,76411.0
587.0,8557.0,76417.0
579.0,8316.0,76418.0
487.0,8519.0,76418.0
28.0,8255.0,76452.0
588.0,8257.0,76468.0
587.0,8557.0,76472.0
251.0,8417.0,76488.0
11.0,8237.0,76584.0
388.0,8247.0,76677.0
206.0,8380.0,76679.0
499.0,8524.0,76680.0
576.0,8463.0,76699.0
587.0,8557.0,76704.0
335.0,8460.0,76715.0
388.0,8247.0,76723.0
251.0,8417.0,76766.0
11.0,8237.0,76769.0
487.0,8519.0,76770.0
335.0,8460.0,76790.0
388.0,8247.0,76829.0
11.0,8237.0,76833.0
499.0,8524.0,76842.0
589.0,8257.0,76877.0
11.0,8237.0,76912.0
487.0,8519.0,76928.0
571.0,8412.0,76962.0
11.0,8237.0,76964.0
251.0,8417.0,76967.0
7.0,8234.0,76973.0
579.0,8316.0,76990.0
11.0,8237.0,76991.0
11.0,8237.0,77018.0
11.0,8237.0,77041.0
590.0,8558.0,77070.0
329.0,8458.0,77083.0
388.0,8247.0,77097.0
499.0,8524.0,77121.0
329.0,8458.0,77123.0
415.0,8495.0,77133.0
11.0,8237.0,77169.0
487.0,8519.0,77169.0
206.0,8380.0,77170.0
590.0,8558.0,77175.0
251.0,8417.0,77194.0
591.0,8428.0,77229.0
251.0,8417.0,77242.0
415.0,8495.0,77248.0
589.0,8257.0,77254.0
591.0,8428.0,77265.0
388.0,8247.0,77272.0
591.0,8428.0,77297.0
592.0,8410.0,77437.0
11.0,8237.0,77438.0
487.0,8519.0,77450.0
593.0,8401.0,77489.0
592.0,8331.0,77496.0
251.0,8417.0,77530.0
11.0,8237.0,77535.0
180.0,8364.0,77572.0
180.0,8364.0,77602.0
587.0,8557.0,77615.0
579.0,8316.0,77634.0
329.0,8458.0,77667.0
420.0,8373.0,77671.0
499.0,8524.0,77690.0
594.0,8455.0,77721.0
11.0,8237.0,77750.0
251.0,8417.0,77753.0
487.0,8519.0,77764.0
11.0,8237.0,77787.0
579.0,8316.0,77805.0
388.0,8247.0,77807.0
499.0,8524.0,77817.0
272.0,8534.0,77836.0
28.0,8255.0,77842.0
487.0,8519.0,77850.0
103.0,8307.0,77862.0
36.0,8530.0,77886.0
579.0,8316.0,77925.0
587.0,8557.0,77927.0
595.0,8559.0,77947.0
36.0,8530.0,77952.0
487.0,8519.0,77970.0
36.0,8530.0,77988.0
405.0,8321.0,78034.0
367.0,8473.0,78047.0
251.0,8417.0,78074.0
587.0,8557.0,78082.0
365.0,8471.0,78085.0
367.0,8473.0,78097.0
596.0,8424.0,78125.0
28.0,8255.0,78127.0
535.0,8412.0,78128.0
535.0,8412.0,78164.0
596.0,8424.0,78205.0
15.0,8241.0,78212.0
367.0,8473.0,78218.0
388.0,8247.0,78249.0
415.0,8495.0,78258.0
367.0,8473.0,78258.0
596.0,8424.0,78266.0
422.0,8321.0,78284.0
487.0,8519.0,78293.0
69.0,8455.0,78346.0
596.0,8424.0,78356.0
597.0,8560.0,78366.0
251.0,8417.0,78377.0
596.0,8424.0,78379.0
120.0,8412.0,78389.0
487.0,8519.0,78393.0
367.0,8473.0,78402.0
415.0,8495.0,78404.0
587.0,8557.0,78431.0
598.0,8561.0,78499.0
484.0,8516.0,78501.0
103.0,8307.0,78544.0
487.0,8519.0,78545.0
599.0,8478.0,78635.0
103.0,8307.0,78667.0
487.0,8519.0,78676.0
600.0,8478.0,78688.0
601.0,8371.0,78710.0
316.0,8428.0,78711.0
487.0,8519.0,78733.0
103.0,8307.0,78786.0
257.0,8422.0,78815.0
497.0,8412.0,78878.0
587.0,8557.0,78881.0
206.0,8380.0,78886.0
405.0,8321.0,78943.0
487.0,8519.0,78945.0
257.0,8422.0,78945.0
103.0,8307.0,78954.0
367.0,8473.0,78980.0
310.0,8453.0,79001.0
602.0,8562.0,79016.0
11.0,8237.0,79019.0
603.0,8563.0,79028.0
604.0,8398.0,79039.0
405.0,8321.0,79041.0
603.0,8563.0,79060.0
11.0,8237.0,79083.0
605.0,8564.0,79111.0
587.0,8557.0,79114.0
206.0,8380.0,79131.0
103.0,8307.0,79167.0
487.0,8519.0,79189.0
316.0,8428.0,79247.0
606.0,8302.0,79252.0
592.0,8343.0,79259.0
103.0,8307.0,79287.0
592.0,8565.0,79317.0
466.0,8510.0,79393.0
466.0,8510.0,79418.0
466.0,8510.0,79451.0
533.0,8529.0,79475.0
270.0,8312.0,79499.0
587.0,8557.0,79500.0
103.0,8307.0,79500.0
607.0,8264.0,79501.0
487.0,8519.0,79581.0
415.0,8495.0,79586.0
69.0,8424.0,79594.0
608.0,8376.0,79615.0
609.0,8292.0,79670.0
103.0,8307.0,79683.0
609.0,8292.0,79687.0
270.0,8312.0,79716.0
487.0,8519.0,79733.0
316.0,8428.0,79772.0
326.0,8457.0,79795.0
365.0,8471.0,79818.0
610.0,8376.0,79913.0
103.0,8307.0,79934.0
576.0,8463.0,79983.0
611.0,8521.0,79983.0
11.0,8237.0,79998.0
539.0,8543.0,80001.0
466.0,8510.0,80009.0
11.0,8237.0,80023.0
466.0,8510.0,80044.0
604.0,8398.0,80053.0
415.0,8495.0,80054.0
610.0,8376.0,80084.0
587.0,8557.0,80111.0
415.0,8495.0,80132.0
487.0,8519.0,80138.0
610.0,8376.0,80148.0
388.0,8247.0,80220.0
466.0,8510.0,80235.0
612.0,8326.0,80242.0
487.0,8519.0,80245.0
613.0,8566.0,80247.0
367.0,8473.0,80341.0
614.0,8424.0,80358.0
614.0,8424.0,80387.0
493.0,8521.0,80407.0
466.0,8510.0,80424.0
487.0,8519.0,80434.0
466.0,8510.0,80457.0
103.0,8307.0,80457.0
610.0,8376.0,80472.0
316.0,8428.0,80482.0
493.0,8521.0,80513.0
487.0,8519.0,80518.0
389.0,8529.0,80542.0
103.0,8307.0,80571.0
615.0,8424.0,80647.0
365.0,8471.0,80669.0
494.0,8373.0,80673.0
493.0,8521.0,80683.0
139.0,8284.0,80715.0
367.0,8473.0,80715.0
548.0,8546.0,80739.0
28.0,8255.0,80777.0
616.0,8567.0,80806.0
139.0,8284.0,80812.0
206.0,8380.0,80817.0
28.0,8255.0,80825.0
493.0,8521.0,80835.0
616.0,8567.0,80873.0
617.0,8568.0,80902.0
539.0,8543.0,80910.0
103.0,8307.0,80921.0
610.0,8376.0,80939.0
616.0,8567.0,80948.0
617.0,8568.0,80952.0
256.0,8569.0,80971.0
610.0,8376.0,80996.0
618.0,8570.0,81014.0
616.0,8567.0,81017.0
11.0,8237.0,81022.0
256.0,8569.0,81024.0
616.0,8567.0,81036.0
487.0,8519.0,81044.0
536.0,8541.0,81053.0
231.0,8240.0,81084.0
616.0,8567.0,81086.0
48.0,8272.0,81087.0
526.0,8535.0,81091.0
493.0,8521.0,81109.0
487.0,8519.0,81132.0
316.0,8428.0,81147.0
616.0,8567.0,81149.0
576.0,8463.0,81153.0
493.0,8521.0,81155.0
616.0,8567.0,81179.0
526.0,8535.0,81179.0
28.0,8255.0,81192.0
616.0,8567.0,81212.0
616.0,8567.0,81235.0
616.0,8567.0,81259.0
616.0,8567.0,81278.0
616.0,8567.0,81309.0
518.0,8483.0,81328.0
616.0,8567.0,81371.0
616.0,8567.0,81410.0
616.0,8567.0,81430.0
579.0,8316.0,81430.0
372.0,8455.0,81441.0
610.0,8376.0,81471.0
558.0,8571.0,81475.0
616.0,8567.0,81512.0
206.0,8380.0,81512.0
487.0,8519.0,81515.0
616.0,8567.0,81535.0
11.0,8237.0,81568.0
616.0,8567.0,81575.0
206.0,8380.0,81585.0
610.0,8376.0,81611.0
619.0,8537.0,81615.0
11.0,8237.0,81624.0
616.0,8567.0,81641.0
487.0,8519.0,81654.0
619.0,8537.0,81681.0
579.0,8316.0,81699.0
616.0,8567.0,81714.0
620.0,8278.0,81725.0
616.0,8567.0,81732.0
579.0,8316.0,81752.0
616.0,8567.0,81755.0
206.0,8380.0,81795.0
616.0,8567.0,81815.0
621.0,8300.0,81849.0
620.0,8278.0,81860.0
616.0,8567.0,81899.0
206.0,8380.0,81912.0
28.0,8255.0,81913.0
616.0,8567.0,81942.0
48.0,8272.0,81975.0
616.0,8567.0,81993.0
622.0,8557.0,82005.0
616.0,8567.0,82055.0
28.0,8255.0,82069.0
623.0,8371.0,82099.0
616.0,8567.0,82103.0
616.0,8567.0,82134.0
624.0,8518.0,82165.0
616.0,8567.0,82177.0
48.0,8272.0,82184.0
316.0,8428.0,82212.0
143.0,8257.0,82237.0
616.0,8567.0,82243.0
616.0,8567.0,82265.0
616.0,8567.0,82292.0
64.0,8455.0,82305.0
616.0,8567.0,82321.0
616.0,8567.0,82344.0
487.0,8519.0,82372.0
48.0,8272.0,82382.0
48.0,8272.0,82414.0
103.0,8307.0,82446.0
616.0,8567.0,82452.0
206.0,8408.0,82453.0
625.0,8572.0,82512.0
616.0,8567.0,82513.0
103.0,8307.0,82531.0
616.0,8567.0,82558.0
626.0,8316.0,82573.0
616.0,8567.0,82582.0
616.0,8567.0,82606.0
48.0,8272.0,82622.0
442.0,8455.0,82633.0
616.0,8567.0,82633.0
616.0,8567.0,82653.0
28.0,8255.0,82659.0
487.0,8519.0,82660.0
616.0,8567.0,82669.0
103.0,8307.0,82681.0
616.0,8567.0,82685.0
616.0,8567.0,82712.0
28.0,8255.0,82716.0
539.0,8543.0,82739.0
487.0,8519.0,82739.0
316.0,8428.0,82760.0
206.0,8408.0,82764.0
616.0,8567.0,82785.0
625.0,8572.0,82804.0
103.0,8307.0,82804.0
616.0,8567.0,82819.0
103.0,8307.0,82837.0
625.0,8572.0,82843.0
28.0,8255.0,82864.0
206.0,8408.0,82909.0
367.0,8473.0,82915.0
487.0,8519.0,82923.0
103.0,8307.0,82923.0
206.0,8408.0,82939.0
587.0,8557.0,82953.0
625.0,8572.0,82975.0
103.0,8307.0,82987.0
627.0,8424.0,82991.0
627.0,8424.0,83009.0
206.0,8408.0,83017.0
487.0,8519.0,83028.0
624.0,8488.0,83035.0
628.0,8573.0,83039.0
97.0,8311.0,83081.0
28.0,8255.0,83083.0
487.0,8519.0,83109.0
48.0,8272.0,83156.0
616.0,8567.0,83179.0
616.0,8567.0,83194.0
40.0,8487.0,83198.0
487.0,8519.0,83204.0
629.0,8400.0,83239.0
630.0,8262.0,83246.0
97.0,8311.0,83259.0
630.0,8262.0,83276.0
487.0,8519.0,83325.0
630.0,8262.0,83360.0
616.0,8567.0,83380.0
631.0,8455.0,83396.0
316.0,8428.0,83428.0
487.0,8519.0,83446.0
103.0,8307.0,83494.0
89.0,8304.0,83504.0
539.0,8543.0,83507.0
103.0,8307.0,83528.0
616.0,8567.0,83529.0
622.0,8557.0,83549.0
11.0,8237.0,83565.0
316.0,8428.0,83567.0
103.0,8307.0,83573.0
5.0,8232.0,83595.0
11.0,8237.0,83599.0
616.0,8567.0,83601.0
632.0,8390.0,83605.0
576.0,8463.0,83613.0
494.0,8373.0,83639.0
632.0,8390.0,83642.0
5.0,8232.0,83645.0
11.0,8237.0,83670.0
206.0,8408.0,83670.0
158.0,8292.0,83671.0
466.0,8510.0,83673.0
5.0,8232.0,83682.0
494.0,8373.0,83686.0
11.0,8237.0,83718.0
487.0,8519.0,83720.0
466.0,8510.0,83724.0
11.0,8237.0,83741.0
487.0,8519.0,83766.0
11.0,8237.0,83771.0
69.0,8316.0,83776.0
31.0,8258.0,83787.0
633.0,8574.0,83806.0
11.0,8237.0,83817.0
31.0,8258.0,83828.0
11.0,8237.0,83840.0
632.0,8390.0,83845.0
11.0,8237.0,83888.0
5.0,8232.0,83901.0
466.0,8510.0,83906.0
11.0,8237.0,83934.0
466.0,8510.0,83950.0
23.0,8230.0,83957.0
11.0,8237.0,83958.0
466.0,8510.0,83984.0
11.0,8237.0,83999.0
11.0,8237.0,84047.0
23.0,8230.0,84050.0
466.0,8510.0,84057.0
11.0,8237.0,84073.0
28.0,8255.0,84079.0
466.0,8510.0,84081.0
158.0,8292.0,84088.0
23.0,8230.0,84093.0
11.0,8237.0,84113.0
10.0,8236.0,84140.0
103.0,8307.0,84146.0
103.0,8307.0,84167.0
11.0,8237.0,84179.0
11.0,8237.0,84210.0
634.0,8423.0,84217.0
206.0,8408.0,84226.0
579.0,8316.0,84248.0
580.0,8253.0,84253.0
3.0,8230.0,84253.0
206.0,8408.0,84258.0
11.0,8237.0,84264.0
571.0,8412.0,84267.0
206.0,8408.0,84306.0
158.0,8292.0,84311.0
11.0,8237.0,84314.0
3.0,8230.0,84339.0
316.0,8428.0,84342.0
11.0,8237.0,84357.0
635.0,8575.0,84383.0
11.0,8237.0,84385.0
3.0,8230.0,84398.0
635.0,8575.0,84401.0
11.0,8237.0,84430.0
11.0,8237.0,84459.0
11.0,8237.0,84486.0
103.0,8307.0,84560.0
11.0,8237.0,84569.0
278.0,8424.0,84615.0
96.0,8294.0,84634.0
206.0,8408.0,84683.0
636.0,8576.0,84692.0
634.0,8423.0,84709.0
278.0,8424.0,84718.0
103.0,8307.0,84741.0
3.0,8230.0,84755.0
637.0,8577.0,84801.0
3.0,8230.0,84828.0
103.0,8307.0,84857.0
69.0,8401.0,84865.0
278.0,8424.0,84876.0
3.0,8230.0,84901.0
278.0,8424.0,84915.0
120.0,8424.0,84921.0
637.0,8577.0,84938.0
103.0,8307.0,84951.0
3.0,8230.0,84960.0
3.0,8230.0,85014.0
278.0,8424.0,85031.0
638.0,8578.0,85044.0
639.0,8579.0,85079.0
640.0,8331.0,85084.0
206.0,8408.0,85111.0
640.0,8331.0,85113.0
637.0,8577.0,85149.0
206.0,8408.0,85164.0
206.0,8408.0,85180.0
5.0,8232.0,85234.0
206.0,8408.0,85245.0
206.0,8408.0,85315.0
394.0,8483.0,85411.0
641.0,8580.0,85414.0
642.0,8581.0,85427.0
206.0,8408.0,85431.0
103.0,8307.0,85441.0
5.0,8232.0,85472.0
13.0,8582.0,85477.0
640.0,8331.0,85508.0
103.0,8307.0,85509.0
85.0,8262.0,85539.0
640.0,8331.0,85563.0
23.0,8244.0,85566.0
120.0,8330.0,85574.0
5.0,8232.0,85626.0
643.0,8424.0,85629.0
206.0,8408.0,85634.0
644.0,8424.0,85646.0
41.0,8294.0,85656.0
103.0,8307.0,85661.0
278.0,8424.0,85679.0
48.0,8272.0,85701.0
637.0,8577.0,85709.0
645.0,8424.0,85730.0
278.0,8424.0,85786.0
103.0,8307.0,85818.0
278.0,8424.0,85833.0
103.0,8307.0,85893.0
41.0,8405.0,85908.0
642.0,8581.0,85967.0
10.0,8236.0,86076.0
505.0,8525.0,86105.0
206.0,8408.0,86229.0
206.0,8408.0,86254.0
539.0,8543.0,86312.0
5.0,8232.0,86360.0
641.0,8580.0,86363.0
541.0,8544.0,86375.0
615.0,8583.0,86411.0
646.0,8391.0,86421.0
103.0,8307.0,86437.0
206.0,8408.0,86459.0
541.0,8544.0,86475.0
103.0,8307.0,86502.0
158.0,8292.0,86543.0
541.0,8544.0,86563.0
103.0,8307.0,86565.0
5.0,8232.0,86580.0
206.0,8408.0,86592.0
541.0,8544.0,86611.0
206.0,8408.0,86617.0
103.0,8307.0,86646.0
647.0,8547.0,86705.0
541.0,8544.0,86727.0
541.0,8544.0,86765.0
541.0,8544.0,86796.0
103.0,8307.0,86803.0
117.0,8284.0,86809.0
641.0,8580.0,86865.0
11.0,8237.0,86865.0
5.0,8232.0,86922.0
103.0,8307.0,86931.0
5.0,8232.0,87017.0
388.0,8247.0,87032.0
28.0,8255.0,87034.0
69.0,8424.0,87042.0
28.0,8255.0,87059.0
641.0,8580.0,87066.0
648.0,8393.0,87073.0
541.0,8544.0,87075.0
28.0,8255.0,87082.0
11.0,8237.0,87096.0
541.0,8544.0,87102.0
641.0,8580.0,87107.0
28.0,8255.0,87110.0
541.0,8544.0,87127.0
13.0,8582.0,87159.0
103.0,8307.0,87165.0
541.0,8544.0,87203.0
648.0,8393.0,87215.0
541.0,8544.0,87245.0
648.0,8393.0,87249.0
641.0,8580.0,87285.0
11.0,8237.0,87302.0
28.0,8255.0,87312.0
5.0,8232.0,87335.0
641.0,8580.0,87351.0
487.0,8519.0,87390.0
487.0,8519.0,87523.0
647.0,8547.0,87589.0
5.0,8232.0,87591.0
505.0,8525.0,87667.0
487.0,8519.0,87673.0
5.0,8232.0,87678.0
28.0,8255.0,87703.0
13.0,8582.0,87723.0
649.0,8478.0,87732.0
487.0,8519.0,87745.0
650.0,8315.0,87815.0
5.0,8232.0,87828.0
651.0,8546.0,87832.0
5.0,8232.0,87840.0
487.0,8519.0,87856.0
541.0,8544.0,87874.0
652.0,8478.0,87881.0
541.0,8544.0,87909.0
653.0,8300.0,87975.0
487.0,8519.0,87975.0
631.0,8300.0,88044.0
5.0,8232.0,88067.0
28.0,8255.0,88125.0
388.0,8584.0,88130.0
653.0,8300.0,88173.0
103.0,8307.0,88207.0
651.0,8546.0,88283.0
103.0,8307.0,88305.0
616.0,8567.0,88352.0
654.0,8261.0,88386.0
616.0,8567.0,88402.0
18.0,8359.0,88465.0
23.0,8359.0,88552.0
426.0,8235.0,88644.0
388.0,8584.0,88647.0
505.0,8525.0,88695.0
103.0,8307.0,88704.0
13.0,8582.0,88746.0
655.0,8364.0,88805.0
103.0,8307.0,88825.0
388.0,8584.0,88887.0
426.0,8235.0,88894.0
487.0,8519.0,88918.0
119.0,8328.0,89055.0
19.0,8245.0,89109.0
388.0,8584.0,89120.0
505.0,8525.0,89137.0
103.0,8307.0,89152.0
5.0,8232.0,89195.0
5.0,8232.0,89219.0
505.0,8525.0,89255.0
651.0,8546.0,89323.0
412.0,8253.0,89330.0
426.0,8235.0,89356.0
103.0,8307.0,89371.0
651.0,8546.0,89388.0
103.0,8307.0,89410.0
656.0,8585.0,89446.0
656.0,8585.0,89487.0
28.0,8255.0,89496.0
505.0,8525.0,89497.0
461.0,8322.0,89506.0
657.0,8442.0,89524.0
656.0,8585.0,89529.0
103.0,8307.0,89566.0
656.0,8585.0,89570.0
28.0,8255.0,89581.0
656.0,8585.0,89606.0
658.0,8586.0,89666.0
505.0,8525.0,89677.0
28.0,8255.0,89690.0
659.0,8412.0,89703.0
660.0,8241.0,89746.0
28.0,8255.0,89752.0
191.0,8412.0,89763.0
661.0,8442.0,89795.0
28.0,8255.0,89829.0
426.0,8235.0,89835.0
388.0,8584.0,89842.0
662.0,8587.0,89872.0
5.0,8232.0,89887.0
663.0,8550.0,89945.0
656.0,8585.0,89949.0
28.0,8255.0,89962.0
656.0,8585.0,89985.0
656.0,8585.0,90062.0
579.0,8316.0,90113.0
656.0,8585.0,90133.0
656.0,8585.0,90177.0
579.0,8316.0,90207.0
657.0,8554.0,90241.0
656.0,8585.0,90241.0
388.0,8584.0,90254.0
579.0,8316.0,90262.0
656.0,8585.0,90308.0
277.0,8434.0,90338.0
5.0,8232.0,90360.0
545.0,8261.0,90393.0
422.0,8424.0,90449.0
664.0,8300.0,90507.0
665.0,8247.0,90555.0
199.0,8279.0,90599.0
199.0,8279.0,90613.0
477.0,8530.0,90728.0
666.0,8358.0,90759.0
5.0,8232.0,90769.0
19.0,8245.0,90842.0
667.0,8432.0,90851.0
666.0,8358.0,90903.0
11.0,8237.0,90905.0
668.0,8560.0,90925.0
4.0,8231.0,90958.0
426.0,8235.0,90980.0
240.0,8509.0,90985.0
5.0,8232.0,90986.0
669.0,8483.0,91012.0
183.0,8367.0,91032.0
4.0,8231.0,91042.0
668.0,8560.0,91056.0
426.0,8235.0,91069.0
668.0,8560.0,91111.0
145.0,8345.0,91154.0
183.0,8367.0,91220.0
145.0,8345.0,91245.0
505.0,8525.0,91301.0
668.0,8560.0,91356.0
388.0,8584.0,91408.0
145.0,8345.0,91409.0
505.0,8525.0,91503.0
5.0,8232.0,91512.0
28.0,8255.0,91641.0
670.0,8242.0,91732.0
426.0,8235.0,91774.0
416.0,8496.0,91783.0
388.0,8584.0,91794.0
671.0,8533.0,91828.0
426.0,8235.0,91862.0
213.0,8386.0,91886.0
672.0,8445.0,91888.0
416.0,8496.0,91909.0
571.0,8412.0,91915.0
673.0,8481.0,91939.0
198.0,8376.0,91955.0
251.0,8504.0,92014.0
674.0,8362.0,92043.0
674.0,8362.0,92082.0
416.0,8496.0,92122.0
675.0,8560.0,92245.0
251.0,8504.0,92279.0
213.0,8386.0,92346.0
251.0,8504.0,92363.0
676.0,8412.0,92375.0
251.0,8504.0,92414.0
677.0,8242.0,92493.0
272.0,8534.0,92542.0
674.0,8362.0,92643.0
388.0,8584.0,92658.0
272.0,8534.0,92663.0
678.0,8424.0,92731.0
28.0,8255.0,92740.0
679.0,8331.0,92797.0
668.0,8560.0,92856.0
680.0,8319.0,92886.0
169.0,8357.0,92890.0
681.0,8264.0,92922.0
251.0,8504.0,92952.0
680.0,8319.0,93040.0
28.0,8255.0,93042.0
213.0,8386.0,93045.0
272.0,8534.0,93095.0
62.0,8588.0,93122.0
388.0,8584.0,93154.0
272.0,8534.0,93191.0
251.0,8504.0,93208.0
15.0,8241.0,93242.0
679.0,8343.0,93255.0
15.0,8241.0,93282.0
272.0,8534.0,93285.0
232.0,8286.0,93308.0
682.0,8589.0,93438.0
19.0,8245.0,93505.0
402.0,8420.0,93506.0
682.0,8589.0,93507.0
682.0,8589.0,93530.0
683.0,8415.0,93607.0
51.0,8300.0,93656.0
682.0,8589.0,93680.0
110.0,8253.0,93680.0
251.0,8504.0,93716.0
240.0,8509.0,93884.0
240.0,8509.0,93980.0
124.0,8332.0,94079.0
682.0,8589.0,94147.0
124.0,8332.0,94158.0
684.0,8265.0,94168.0
51.0,8300.0,94240.0
124.0,8332.0,94244.0
223.0,8393.0,94279.0
685.0,8339.0,94283.0
51.0,8300.0,94313.0
183.0,8367.0,94322.0
391.0,8485.0,94343.0
420.0,8373.0,94365.0
277.0,8434.0,94403.0
686.0,8590.0,94440.0
628.0,8492.0,94483.0
420.0,8373.0,94493.0
687.0,8591.0,94497.0
183.0,8367.0,94549.0
420.0,8373.0,94633.0
391.0,8485.0,94640.0
170.0,8358.0,94661.0
671.0,8533.0,94733.0
679.0,8343.0,94737.0
688.0,8287.0,94747.0
391.0,8485.0,94890.0
223.0,8393.0,94947.0
388.0,8584.0,94952.0
391.0,8485.0,94985.0
391.0,8485.0,95006.0
686.0,8590.0,95024.0
183.0,8367.0,95048.0
124.0,8332.0,95077.0
103.0,8307.0,95116.0
689.0,8592.0,95206.0
690.0,8592.0,95238.0
388.0,8584.0,95242.0
691.0,8362.0,95429.0
18.0,8362.0,95431.0
23.0,8592.0,95449.0
209.0,8382.0,95550.0
692.0,8592.0,95579.0
209.0,8382.0,95625.0
391.0,8485.0,95658.0
536.0,8541.0,95673.0
536.0,8541.0,95708.0
209.0,8382.0,95724.0
277.0,8434.0,95727.0
473.0,8511.0,95731.0
691.0,8362.0,95748.0
277.0,8434.0,95778.0
391.0,8485.0,95780.0
536.0,8541.0,95806.0
277.0,8434.0,95840.0
536.0,8541.0,95845.0
126.0,8362.0,95854.0
671.0,8537.0,95860.0
175.0,8252.0,95915.0
277.0,8434.0,95942.0
505.0,8525.0,95991.0
671.0,8537.0,95994.0
277.0,8434.0,96022.0
690.0,8592.0,96027.0
19.0,8245.0,96040.0
126.0,8592.0,96076.0
671.0,8537.0,96099.0
19.0,8245.0,96155.0
391.0,8485.0,96160.0
277.0,8434.0,96291.0
390.0,8470.0,96306.0
391.0,8485.0,96324.0
390.0,8512.0,96342.0
388.0,8584.0,96379.0
277.0,8434.0,96438.0
685.0,8441.0,96469.0
685.0,8441.0,96511.0
505.0,8525.0,96567.0
671.0,8533.0,96713.0
277.0,8434.0,96729.0
19.0,8245.0,96729.0
391.0,8485.0,96744.0
277.0,8434.0,96775.0
391.0,8485.0,96888.0
2.0,8229.0,96979.0
391.0,8485.0,96979.0
391.0,8485.0,97038.0
329.0,8458.0,97039.0
693.0,8541.0,97041.0
329.0,8458.0,97078.0
505.0,8525.0,97096.0
213.0,8386.0,97104.0
18.0,8402.0,97223.0
694.0,8593.0,97251.0
388.0,8584.0,97322.0
388.0,8584.0,97554.0
251.0,8504.0,97585.0
251.0,8504.0,97669.0
2.0,8229.0,97678.0
2.0,8229.0,97792.0
695.0,8358.0,97955.0
123.0,8246.0,97972.0
696.0,8415.0,98001.0
473.0,8511.0,98062.0
697.0,8389.0,98062.0
2.0,8229.0,98069.0
158.0,8292.0,98096.0
695.0,8358.0,98107.0
695.0,8358.0,98133.0
698.0,8594.0,98226.0
699.0,8412.0,98412.0
388.0,8584.0,98448.0
388.0,8584.0,98464.0
388.0,8584.0,98490.0
105.0,8385.0,98493.0
105.0,8385.0,98554.0
5.0,8232.0,98684.0
700.0,8262.0,98688.0
700.0,8262.0,98729.0
701.0,8467.0,98757.0
473.0,8329.0,98775.0
702.0,8334.0,98830.0
186.0,8370.0,98876.0
5.0,8232.0,98945.0
19.0,8245.0,99030.0
186.0,8370.0,99061.0
295.0,8446.0,99091.0
505.0,8525.0,99092.0
703.0,8262.0,99124.0
505.0,8525.0,99139.0
703.0,8262.0,99139.0
186.0,8370.0,99140.0
388.0,8584.0,99150.0
553.0,8263.0,99167.0
656.0,8585.0,99168.0
505.0,8525.0,99198.0
277.0,8434.0,99210.0
656.0,8585.0,99231.0
277.0,8434.0,99250.0
505.0,8525.0,99279.0
251.0,8504.0,99350.0
105.0,8318.0,99372.0
704.0,8595.0,99379.0
505.0,8525.0,99392.0
656.0,8585.0,99402.0
705.0,8405.0,99429.0
705.0,8405.0,99440.0
277.0,8434.0,99448.0
5.0,8232.0,99458.0
653.0,8300.0,99459.0
37.0,8373.0,99467.0
19.0,8245.0,99469.0
277.0,8434.0,99473.0
656.0,8585.0,99563.0
37.0,8373.0,99654.0
5.0,8232.0,99661.0
225.0,8394.0,99728.0
13.0,8582.0,99793.0
2.0,8229.0,99795.0
706.0,8596.0,99795.0
225.0,8394.0,99803.0
37.0,8373.0,99831.0
37.0,8373.0,99881.0
505.0,8525.0,99939.0
2.0,8229.0,99940.0
37.0,8373.0,99974.0
707.0,8247.0,100020.0
708.0,8597.0,100025.0
225.0,8394.0,100036.0
656.0,8585.0,100066.0
13.0,8582.0,100072.0
482.0,8515.0,100102.0
2.0,8229.0,100103.0
416.0,8496.0,100104.0
225.0,8394.0,100106.0
709.0,8415.0,100134.0
710.0,8357.0,100140.0
711.0,8424.0,100159.0
482.0,8515.0,100177.0
2.0,8229.0,100257.0
222.0,8264.0,100279.0
505.0,8525.0,100292.0
2.0,8229.0,100306.0
222.0,8303.0,100339.0
709.0,8415.0,100356.0
631.0,8312.0,100361.0
2.0,8229.0,100370.0
388.0,8584.0,100391.0
2.0,8229.0,100488.0
13.0,8582.0,100494.0
277.0,8434.0,100501.0
217.0,8389.0,100551.0
391.0,8485.0,100558.0
416.0,8496.0,100573.0
712.0,8348.0,100577.0
19.0,8245.0,100589.0
2.0,8229.0,100641.0
416.0,8496.0,100656.0
518.0,8529.0,100675.0
391.0,8485.0,100699.0
713.0,8290.0,100724.0
277.0,8434.0,100738.0
714.0,8300.0,100746.0
416.0,8496.0,100760.0
2.0,8229.0,100769.0
713.0,8343.0,100777.0
251.0,8504.0,100798.0
513.0,8528.0,100836.0
209.0,8382.0,100847.0
715.0,8598.0,100856.0
482.0,8515.0,100856.0
13.0,8582.0,100873.0
716.0,8599.0,100881.0
2.0,8229.0,100902.0
388.0,8584.0,100951.0
416.0,8496.0,100976.0
391.0,8485.0,101059.0
708.0,8597.0,101060.0
416.0,8496.0,101066.0
388.0,8584.0,101068.0
505.0,8525.0,101068.0
713.0,8343.0,101081.0
416.0,8496.0,101113.0
13.0,8582.0,101128.0
712.0,8348.0,101134.0
388.0,8584.0,101272.0
416.0,8498.0,101312.0
277.0,8434.0,101314.0
124.0,8332.0,101328.0
416.0,8498.0,101336.0
717.0,8437.0,101377.0
416.0,8498.0,101421.0
40.0,8339.0,101441.0
416.0,8497.0,101523.0
709.0,8415.0,101528.0
416.0,8497.0,101579.0
709.0,8415.0,101613.0
416.0,8497.0,101620.0
708.0,8597.0,101639.0
19.0,8245.0,101646.0
416.0,8496.0,101665.0
718.0,8584.0,101785.0
2.0,8229.0,101829.0
718.0,8584.0,101900.0
388.0,8584.0,101908.0
2.0,8229.0,101957.0
85.0,8262.0,101970.0
2.0,8229.0,102000.0
2.0,8229.0,102034.0
213.0,8386.0,102052.0
709.0,8415.0,102069.0
719.0,8530.0,102078.0
2.0,8229.0,102085.0
37.0,8412.0,102086.0
709.0,8415.0,102098.0
720.0,8463.0,102100.0
721.0,8257.0,102117.0
2.0,8229.0,102127.0
277.0,8434.0,102150.0
641.0,8580.0,102177.0
2.0,8229.0,102190.0
722.0,8586.0,102208.0
722.0,8586.0,102224.0
2.0,8229.0,102255.0
251.0,8504.0,102269.0
2.0,8229.0,102298.0
2.0,8229.0,102331.0
719.0,8530.0,102349.0
5.0,8232.0,102350.0
641.0,8580.0,102354.0
388.0,8584.0,102370.0
719.0,8530.0,102371.0
277.0,8434.0,102373.0
5.0,8232.0,102381.0
391.0,8485.0,102384.0
718.0,8584.0,102388.0
719.0,8530.0,102397.0
719.0,8530.0,102420.0
213.0,8386.0,102431.0
251.0,8504.0,102435.0
422.0,8321.0,102453.0
277.0,8434.0,102473.0
277.0,8434.0,102523.0
719.0,8530.0,102524.0
277.0,8434.0,102553.0
277.0,8434.0,102604.0
572.0,8448.0,102630.0
718.0,8584.0,102632.0
66.0,8285.0,102632.0
388.0,8584.0,102641.0
723.0,8405.0,102664.0
723.0,8405.0,102679.0
97.0,8311.0,102715.0
723.0,8405.0,102723.0
480.0,8301.0,102737.0
251.0,8504.0,102742.0
19.0,8245.0,102802.0
383.0,8481.0,102825.0
722.0,8586.0,102864.0
722.0,8586.0,102887.0
383.0,8481.0,102888.0
251.0,8504.0,102943.0
97.0,8311.0,102959.0
724.0,8592.0,102985.0
725.0,8412.0,103002.0
251.0,8504.0,103022.0
722.0,8586.0,103055.0
251.0,8504.0,103077.0
722.0,8586.0,103096.0
217.0,8389.0,103159.0
722.0,8586.0,103179.0
726.0,8474.0,103180.0
217.0,8389.0,103191.0
251.0,8504.0,103271.0
5.0,8232.0,103308.0
391.0,8485.0,103313.0
251.0,8504.0,103376.0
2.0,8229.0,103419.0
251.0,8504.0,103474.0
391.0,8485.0,103488.0
727.0,8600.0,103495.0
725.0,8412.0,103518.0
720.0,8463.0,103522.0
2.0,8229.0,103524.0
251.0,8504.0,103613.0
2.0,8229.0,103644.0
320.0,8412.0,103654.0
217.0,8389.0,103676.0
217.0,8389.0,103767.0
728.0,8601.0,103787.0
217.0,8389.0,103821.0
2.0,8229.0,103821.0
391.0,8485.0,103859.0
422.0,8592.0,103885.0
572.0,8448.0,103887.0
722.0,8586.0,103887.0
251.0,8504.0,103890.0
722.0,8586.0,103931.0
729.0,8319.0,103952.0
730.0,8602.0,103975.0
251.0,8504.0,103995.0
729.0,8319.0,104017.0
721.0,8257.0,104025.0
731.0,8284.0,104075.0
731.0,8284.0,104095.0
722.0,8586.0,104113.0
722.0,8586.0,104184.0
217.0,8389.0,104204.0
732.0,8603.0,104246.0
722.0,8586.0,104275.0
217.0,8389.0,104289.0
404.0,8491.0,104418.0
733.0,8357.0,104419.0
391.0,8485.0,104472.0
2.0,8229.0,104549.0
2.0,8229.0,104661.0
404.0,8491.0,104664.0
5.0,8232.0,104701.0
734.0,8604.0,104717.0
217.0,8389.0,104750.0
217.0,8389.0,104760.0
251.0,8504.0,104766.0
251.0,8504.0,104803.0
391.0,8485.0,104817.0
391.0,8485.0,104900.0
708.0,8597.0,104942.0
251.0,8504.0,105076.0
5.0,8232.0,105085.0
513.0,8528.0,105111.0
735.0,8257.0,105130.0
217.0,8389.0,105160.0
277.0,8434.0,105185.0
708.0,8597.0,105187.0
217.0,8389.0,105217.0
391.0,8485.0,105220.0
5.0,8232.0,105248.0
251.0,8504.0,105276.0
277.0,8434.0,105284.0
641.0,8580.0,105284.0
708.0,8597.0,105287.0
736.0,8605.0,105287.0
721.0,8257.0,105353.0
721.0,8257.0,105391.0
67.0,8290.0,105396.0
482.0,8515.0,105408.0
721.0,8257.0,105414.0
67.0,8290.0,105436.0
737.0,8606.0,105436.0
61.0,8283.0,105448.0
251.0,8504.0,105452.0
251.0,8504.0,105492.0
61.0,8283.0,105512.0
641.0,8580.0,105518.0
251.0,8504.0,105520.0
5.0,8232.0,105548.0
2.0,8229.0,105580.0
251.0,8504.0,105604.0
738.0,8426.0,105625.0
739.0,8589.0,105654.0
740.0,8424.0,105669.0
336.0,8250.0,105675.0
2.0,8229.0,105693.0
728.0,8601.0,105694.0
251.0,8504.0,105711.0
536.0,8575.0,105722.0
741.0,8550.0,105755.0
739.0,8589.0,105762.0
5.0,8232.0,105827.0
336.0,8517.0,105829.0
251.0,8504.0,105850.0
251.0,8504.0,105894.0
336.0,8312.0,105910.0
708.0,8597.0,105966.0
721.0,8257.0,106007.0
738.0,8426.0,106084.0
251.0,8504.0,106123.0
260.0,8425.0,106127.0
708.0,8597.0,106132.0
5.0,8232.0,106149.0
5.0,8232.0,106179.0
251.0,8504.0,106195.0
721.0,8257.0,106208.0
482.0,8515.0,106220.0
728.0,8601.0,106252.0
482.0,8515.0,106338.0
708.0,8597.0,106354.0
81.0,8592.0,106368.0
169.0,8409.0,106385.0
482.0,8515.0,106401.0
708.0,8597.0,106411.0
742.0,8560.0,106412.0
2.0,8229.0,106440.0
513.0,8528.0,106461.0
738.0,8487.0,106466.0
743.0,8595.0,106530.0
5.0,8232.0,106631.0
251.0,8504.0,106636.0
744.0,8590.0,106655.0
18.0,8590.0,106658.0
251.0,8504.0,106661.0
745.0,8589.0,106668.0
5.0,8232.0,106678.0
641.0,8580.0,106688.0
708.0,8597.0,106715.0
745.0,8589.0,106740.0
742.0,8560.0,106780.0
746.0,8590.0,106781.0
2.0,8229.0,106814.0
251.0,8504.0,106831.0
62.0,8462.0,106836.0
747.0,8231.0,106836.0
748.0,8290.0,106839.0
746.0,8590.0,106859.0
745.0,8589.0,106862.0
749.0,8261.0,106873.0
742.0,8560.0,106886.0
5.0,8232.0,106887.0
748.0,8290.0,106890.0
745.0,8589.0,106912.0
747.0,8231.0,106912.0
62.0,8462.0,106918.0
746.0,8590.0,106933.0
2.0,8229.0,106939.0
728.0,8601.0,106971.0
708.0,8597.0,106997.0
746.0,8590.0,107005.0
750.0,8607.0,107006.0
742.0,8560.0,107040.0
745.0,8589.0,107042.0
186.0,8370.0,107045.0
746.0,8590.0,107055.0
539.0,8543.0,107078.0
2.0,8229.0,107084.0
5.0,8232.0,107135.0
2.0,8229.0,107151.0
708.0,8597.0,107151.0
747.0,8231.0,107168.0
748.0,8343.0,107184.0
743.0,8608.0,107196.0
747.0,8231.0,107213.0
743.0,8608.0,107266.0
612.0,8402.0,107273.0
251.0,8504.0,107314.0
748.0,8343.0,107321.0
747.0,8231.0,107330.0
743.0,8608.0,107342.0
251.0,8504.0,107342.0
751.0,8599.0,107343.0
356.0,8369.0,107345.0
743.0,8608.0,107396.0
2.0,8229.0,107403.0
747.0,8231.0,107405.0
752.0,8602.0,107439.0
69.0,8257.0,107459.0
356.0,8388.0,107461.0
186.0,8370.0,107484.0
708.0,8597.0,107506.0
251.0,8504.0,107525.0
186.0,8370.0,107563.0
67.0,8331.0,107570.0
251.0,8504.0,107571.0
745.0,8609.0,107597.0
67.0,8410.0,107621.0
251.0,8504.0,107646.0
612.0,8610.0,107660.0
641.0,8580.0,107669.0
2.0,8229.0,107697.0
251.0,8504.0,107698.0
753.0,8465.0,107764.0
708.0,8597.0,107792.0
2.0,8229.0,107804.0
251.0,8504.0,107851.0
747.0,8231.0,107876.0
2.0,8229.0,107881.0
251.0,8504.0,107889.0
67.0,8410.0,107905.0
754.0,8586.0,107921.0
2.0,8229.0,107930.0
251.0,8504.0,107944.0
251.0,8504.0,107977.0
708.0,8597.0,107985.0
708.0,8597.0,108011.0
755.0,8589.0,108027.0
251.0,8504.0,108047.0
756.0,8611.0,108062.0
747.0,8231.0,108072.0
755.0,8521.0,108075.0
251.0,8504.0,108155.0
213.0,8386.0,108158.0
2.0,8229.0,108182.0
186.0,8370.0,108261.0
728.0,8601.0,108269.0
251.0,8504.0,108276.0
2.0,8229.0,108310.0
745.0,8589.0,108339.0
465.0,8290.0,108356.0
200.0,8370.0,108368.0
745.0,8589.0,108381.0
465.0,8290.0,108388.0
251.0,8504.0,108390.0
2.0,8229.0,108441.0
251.0,8504.0,108475.0
708.0,8597.0,108475.0
757.0,8431.0,108501.0
708.0,8597.0,108508.0
306.0,8369.0,108518.0
708.0,8597.0,108533.0
251.0,8504.0,108571.0
67.0,8290.0,108586.0
67.0,8410.0,108641.0
2.0,8229.0,108646.0
708.0,8597.0,108666.0
758.0,8589.0,108677.0
465.0,8290.0,108721.0
759.0,8484.0,108725.0
708.0,8597.0,108727.0
251.0,8504.0,108734.0
759.0,8484.0,108748.0
708.0,8597.0,108784.0
760.0,8612.0,108808.0
708.0,8597.0,108813.0
444.0,8613.0,108828.0
745.0,8589.0,108829.0
708.0,8597.0,108885.0
251.0,8504.0,108896.0
251.0,8504.0,108931.0
708.0,8597.0,108947.0
728.0,8601.0,108958.0
708.0,8597.0,108999.0
708.0,8597.0,109044.0
251.0,8504.0,109050.0
222.0,8540.0,109059.0
708.0,8597.0,109105.0
251.0,8504.0,109129.0
2.0,8229.0,109140.0
251.0,8504.0,109183.0
761.0,8424.0,109227.0
251.0,8504.0,109236.0
2.0,8229.0,109237.0
222.0,8303.0,109251.0
2.0,8229.0,109297.0
251.0,8504.0,109313.0
708.0,8597.0,109340.0
251.0,8504.0,109361.0
760.0,8612.0,109561.0
208.0,8535.0,109567.0
277.0,8434.0,109569.0
251.0,8504.0,109577.0
762.0,8424.0,109583.0
708.0,8597.0,109614.0
762.0,8424.0,109622.0
708.0,8597.0,109650.0
251.0,8504.0,109717.0
213.0,8386.0,109771.0
763.0,8353.0,109800.0
322.0,8375.0,109812.0
2.0,8229.0,109821.0
170.0,8358.0,109822.0
251.0,8504.0,109832.0
763.0,8353.0,109840.0
2.0,8229.0,109874.0
201.0,8377.0,109874.0
522.0,8531.0,109884.0
708.0,8597.0,109914.0
251.0,8504.0,109920.0
251.0,8504.0,109953.0
183.0,8367.0,109967.0
251.0,8504.0,109996.0
764.0,8489.0,110012.0
522.0,8531.0,110018.0
765.0,8336.0,110042.0
522.0,8531.0,110052.0
251.0,8504.0,110072.0
251.0,8504.0,110099.0
708.0,8597.0,110117.0
763.0,8353.0,110121.0
251.0,8504.0,110149.0
522.0,8531.0,110165.0
214.0,8347.0,110200.0
766.0,8402.0,110205.0
251.0,8504.0,110255.0
767.0,8278.0,110276.0
251.0,8504.0,110339.0
766.0,8402.0,110347.0
522.0,8531.0,110384.0
760.0,8612.0,110397.0
708.0,8597.0,110413.0
708.0,8597.0,110463.0
768.0,8250.0,110470.0
2.0,8229.0,110539.0
768.0,8250.0,110566.0
756.0,8611.0,110588.0
769.0,8318.0,110589.0
708.0,8597.0,110687.0
768.0,8250.0,110698.0
465.0,8290.0,110702.0
708.0,8597.0,110708.0
226.0,8395.0,110709.0
748.0,8290.0,110725.0
97.0,8311.0,110751.0
708.0,8597.0,110754.0
251.0,8504.0,110777.0
336.0,8464.0,110779.0
769.0,8318.0,110803.0
721.0,8257.0,110804.0
721.0,8257.0,110832.0
769.0,8318.0,110964.0
770.0,8527.0,111020.0
251.0,8504.0,111076.0
180.0,8440.0,111079.0
708.0,8597.0,111085.0
771.0,8614.0,111115.0
772.0,8615.0,111122.0
772.0,8615.0,111151.0
251.0,8504.0,111182.0
77.0,8328.0,111223.0
571.0,8412.0,111237.0
336.0,8552.0,111278.0
708.0,8597.0,111312.0
660.0,8265.0,111317.0
336.0,8358.0,111326.0
251.0,8504.0,111333.0
708.0,8597.0,111336.0
772.0,8615.0,111342.0
748.0,8290.0,111351.0
709.0,8415.0,111361.0
708.0,8597.0,111376.0
773.0,8261.0,111393.0
336.0,8462.0,111400.0
708.0,8597.0,111406.0
772.0,8615.0,111427.0
709.0,8415.0,111439.0
772.0,8615.0,111481.0
708.0,8597.0,111494.0
251.0,8504.0,111506.0
774.0,8464.0,111512.0
775.0,8339.0,111542.0
776.0,8530.0,111572.0
77.0,8328.0,111576.0
772.0,8615.0,111584.0
776.0,8530.0,111591.0
97.0,8311.0,111608.0
772.0,8615.0,111613.0
756.0,8611.0,111615.0
772.0,8615.0,111643.0
251.0,8504.0,111653.0
392.0,8325.0,111663.0
772.0,8615.0,111672.0
347.0,8356.0,111690.0
251.0,8504.0,111707.0
772.0,8615.0,111744.0
522.0,8531.0,111775.0
776.0,8530.0,111776.0
772.0,8615.0,111787.0
631.0,8300.0,111793.0
768.0,8250.0,111813.0
776.0,8530.0,111832.0
522.0,8531.0,111903.0
772.0,8615.0,111908.0
748.0,8410.0,111940.0
772.0,8615.0,111954.0
180.0,8364.0,111961.0
748.0,8410.0,111968.0
748.0,8410.0,111984.0
708.0,8597.0,111991.0
251.0,8504.0,112004.0
748.0,8410.0,112013.0
347.0,8470.0,112013.0
522.0,8531.0,112024.0
180.0,8364.0,112038.0
182.0,8318.0,112038.0
708.0,8597.0,112049.0
347.0,8616.0,112062.0
772.0,8615.0,112080.0
180.0,8364.0,112084.0
251.0,8504.0,112089.0
522.0,8531.0,112130.0
708.0,8597.0,112140.0
251.0,8504.0,112146.0
172.0,8250.0,112170.0
273.0,8435.0,112194.0
251.0,8504.0,112246.0
748.0,8331.0,112251.0
772.0,8615.0,112267.0
522.0,8531.0,112270.0
217.0,8389.0,112281.0
776.0,8530.0,112304.0
23.0,8389.0,112307.0
251.0,8504.0,112309.0
776.0,8530.0,112320.0
522.0,8531.0,112340.0
772.0,8615.0,112372.0
522.0,8531.0,112385.0
251.0,8504.0,112391.0
776.0,8530.0,112393.0
182.0,8318.0,112396.0
119.0,8328.0,112431.0
172.0,8250.0,112432.0
182.0,8318.0,112438.0
771.0,8614.0,112441.0
777.0,8261.0,112472.0
251.0,8504.0,112505.0
708.0,8597.0,112521.0
748.0,8290.0,112531.0
709.0,8415.0,112555.0
182.0,8318.0,112572.0
273.0,8435.0,112574.0
708.0,8597.0,112578.0
708.0,8597.0,112628.0
772.0,8615.0,112635.0
691.0,8362.0,112696.0
776.0,8530.0,112699.0
522.0,8531.0,112752.0
772.0,8615.0,112752.0
119.0,8328.0,112800.0
776.0,8530.0,112839.0
522.0,8531.0,112859.0
182.0,8318.0,112870.0
772.0,8615.0,112898.0
778.0,8355.0,112907.0
182.0,8318.0,112915.0
273.0,8435.0,112927.0
182.0,8318.0,113008.0
764.0,8489.0,113053.0
169.0,8409.0,113067.0
772.0,8615.0,113079.0
708.0,8597.0,113097.0
708.0,8597.0,113118.0
119.0,8328.0,113140.0
5.0,8232.0,113143.0
708.0,8597.0,113145.0
708.0,8597.0,113169.0
5.0,8232.0,113194.0
708.0,8597.0,113199.0
772.0,8615.0,113204.0
708.0,8597.0,113230.0
779.0,8274.0,113334.0
708.0,8597.0,113362.0
647.0,8547.0,113364.0
234.0,8531.0,113374.0
708.0,8597.0,113385.0
708.0,8597.0,113408.0
77.0,8328.0,113448.0
5.0,8232.0,113484.0
119.0,8328.0,113497.0
772.0,8615.0,113504.0
708.0,8597.0,113509.0
708.0,8597.0,113545.0
772.0,8615.0,113589.0
708.0,8597.0,113602.0
780.0,8590.0,113617.0
772.0,8615.0,113621.0
5.0,8232.0,113669.0
77.0,8328.0,113708.0
169.0,8409.0,113802.0
5.0,8232.0,113889.0
657.0,8442.0,113939.0
273.0,8332.0,113941.0
195.0,8243.0,113962.0
222.0,8303.0,113986.0
772.0,8615.0,114030.0
781.0,8617.0,114150.0
782.0,8618.0,114156.0
214.0,8487.0,114169.0
772.0,8615.0,114244.0
119.0,8328.0,114268.0
781.0,8617.0,114340.0
77.0,8331.0,114387.0
40.0,8375.0,114456.0
234.0,8259.0,114480.0
119.0,8328.0,114538.0
783.0,8379.0,114627.0
660.0,8619.0,114640.0
28.0,8255.0,114664.0
5.0,8232.0,114694.0
87.0,8289.0,114702.0
784.0,8381.0,114732.0
28.0,8255.0,114751.0
785.0,8614.0,114833.0
786.0,8620.0,114895.0
40.0,8375.0,114910.0
5.0,8232.0,114916.0
647.0,8547.0,114923.0
787.0,8258.0,114929.0
783.0,8379.0,114939.0
169.0,8409.0,114939.0
69.0,8442.0,115037.0
28.0,8255.0,115050.0
234.0,8239.0,115074.0
458.0,8507.0,115085.0
234.0,8335.0,115106.0
267.0,8355.0,115118.0
522.0,8531.0,115139.0
458.0,8507.0,115156.0
5.0,8232.0,115182.0
214.0,8487.0,115183.0
788.0,8621.0,115190.0
28.0,8255.0,115213.0
786.0,8620.0,115217.0
465.0,8290.0,115328.0
783.0,8379.0,115349.0
788.0,8621.0,115358.0
786.0,8620.0,115366.0
789.0,8622.0,115392.0
119.0,8328.0,115409.0
790.0,8623.0,115414.0
786.0,8620.0,115429.0
628.0,8258.0,115435.0
790.0,8623.0,115438.0
5.0,8232.0,115514.0
28.0,8255.0,115525.0
721.0,8257.0,115547.0
789.0,8622.0,115556.0
788.0,8621.0,115576.0
28.0,8255.0,115612.0
87.0,8285.0,115626.0
522.0,8531.0,115629.0
227.0,8396.0,115644.0
119.0,8328.0,115645.0
5.0,8232.0,115655.0
789.0,8622.0,115680.0
28.0,8255.0,115688.0
28.0,8255.0,115745.0
791.0,8410.0,115776.0
786.0,8620.0,115788.0
791.0,8410.0,115795.0
792.0,8624.0,115805.0
5.0,8232.0,115878.0
791.0,8410.0,115895.0
786.0,8620.0,115913.0
522.0,8531.0,115928.0
657.0,8442.0,115972.0
791.0,8410.0,116009.0
793.0,8623.0,116052.0
794.0,8618.0,116081.0
522.0,8531.0,116090.0
752.0,8602.0,116107.0
721.0,8257.0,116158.0
235.0,8355.0,116160.0
795.0,8620.0,116198.0
784.0,8381.0,116207.0
267.0,8355.0,116209.0
267.0,8355.0,116261.0
119.0,8328.0,116275.0
786.0,8620.0,116286.0
87.0,8285.0,116288.0
784.0,8381.0,116326.0
234.0,8519.0,116338.0
119.0,8328.0,116384.0
5.0,8232.0,116395.0
234.0,8445.0,116404.0
796.0,8275.0,116424.0
267.0,8355.0,116446.0
786.0,8620.0,116455.0
214.0,8487.0,116472.0
119.0,8328.0,116501.0
784.0,8381.0,116502.0
786.0,8620.0,116539.0
169.0,8409.0,116553.0
786.0,8620.0,116566.0
5.0,8232.0,116586.0
41.0,8331.0,116604.0
41.0,8290.0,116629.0
119.0,8328.0,116632.0
267.0,8355.0,116639.0
784.0,8381.0,116660.0
267.0,8355.0,116667.0
797.0,8507.0,116673.0
798.0,8625.0,116693.0
234.0,8510.0,116698.0
267.0,8355.0,116715.0
717.0,8437.0,116746.0
234.0,8351.0,116757.0
119.0,8328.0,116758.0
5.0,8232.0,116806.0
265.0,8430.0,116863.0
119.0,8328.0,116887.0
267.0,8355.0,116967.0
799.0,8274.0,117005.0
267.0,8355.0,117036.0
227.0,8396.0,117053.0
267.0,8355.0,117080.0
227.0,8396.0,117103.0
41.0,8523.0,117105.0
786.0,8620.0,117122.0
9.0,8235.0,117151.0
267.0,8355.0,117200.0
260.0,8425.0,117327.0
69.0,8434.0,117370.0
74.0,8535.0,117372.0
786.0,8620.0,117427.0
267.0,8355.0,117432.0
267.0,8355.0,117459.0
267.0,8355.0,117514.0
800.0,8237.0,117543.0
786.0,8620.0,117574.0
786.0,8620.0,117629.0
786.0,8620.0,117682.0
345.0,8461.0,117842.0
345.0,8461.0,117870.0
28.0,8255.0,117906.0
619.0,8362.0,117936.0
40.0,8435.0,117975.0
345.0,8461.0,117978.0
796.0,8436.0,117985.0
74.0,8408.0,117998.0
74.0,8355.0,118022.0
74.0,8284.0,118041.0
265.0,8430.0,118095.0
169.0,8409.0,118155.0
5.0,8232.0,118202.0
345.0,8461.0,118230.0
345.0,8461.0,118244.0
345.0,8461.0,118256.0
119.0,8328.0,118288.0
345.0,8461.0,118299.0
654.0,8261.0,118336.0
801.0,8262.0,118377.0
786.0,8620.0,118389.0
801.0,8412.0,118419.0
802.0,8252.0,118428.0
345.0,8461.0,118433.0
796.0,8436.0,118477.0
786.0,8620.0,118478.0
119.0,8328.0,118510.0
788.0,8621.0,118552.0
796.0,8436.0,118558.0
173.0,8359.0,118610.0
803.0,8601.0,118617.0
788.0,8621.0,118631.0
119.0,8328.0,118641.0
788.0,8621.0,118653.0
796.0,8436.0,118661.0
803.0,8601.0,118684.0
77.0,8331.0,118805.0
654.0,8261.0,118814.0
803.0,8601.0,118825.0
234.0,8230.0,118968.0
770.0,8527.0,118975.0
786.0,8620.0,118986.0
803.0,8601.0,119053.0
119.0,8328.0,119101.0
654.0,8261.0,119124.0
803.0,8601.0,119141.0
67.0,8410.0,119152.0
786.0,8620.0,119159.0
67.0,8410.0,119180.0
657.0,8442.0,119189.0
799.0,8467.0,119205.0
804.0,8390.0,119218.0
198.0,8376.0,119230.0
788.0,8621.0,119235.0
260.0,8425.0,119248.0
804.0,8390.0,119275.0
805.0,8364.0,119281.0
803.0,8601.0,119290.0
806.0,8623.0,119319.0
807.0,8623.0,119340.0
788.0,8621.0,119359.0
267.0,8355.0,119362.0
807.0,8623.0,119401.0
788.0,8621.0,119407.0
788.0,8621.0,119441.0
267.0,8355.0,119446.0
807.0,8623.0,119463.0
169.0,8409.0,119476.0
576.0,8463.0,119497.0
807.0,8623.0,119534.0
808.0,8569.0,119588.0
807.0,8623.0,119597.0
809.0,8462.0,119638.0
807.0,8623.0,119649.0
807.0,8623.0,119674.0
760.0,8612.0,119675.0
274.0,8400.0,119693.0
807.0,8623.0,119694.0
807.0,8623.0,119738.0
640.0,8331.0,119782.0
786.0,8620.0,119799.0
274.0,8400.0,119807.0
77.0,8410.0,119812.0
5.0,8232.0,119817.0
274.0,8400.0,119902.0
760.0,8612.0,119916.0
362.0,8432.0,119957.0
274.0,8400.0,119981.0
169.0,8409.0,119993.0
760.0,8612.0,120012.0
810.0,8520.0,120029.0
760.0,8612.0,120072.0
760.0,8612.0,120102.0
760.0,8612.0,120118.0
811.0,8319.0,120129.0
760.0,8612.0,120135.0
612.0,8402.0,120137.0
760.0,8612.0,120197.0
654.0,8261.0,120289.0
67.0,8410.0,120324.0
760.0,8612.0,120357.0
786.0,8620.0,120379.0
67.0,8410.0,120451.0
269.0,8432.0,120630.0
204.0,8260.0,120632.0
182.0,8318.0,120682.0
204.0,8260.0,120702.0
812.0,8385.0,120702.0
812.0,8385.0,120770.0
813.0,8623.0,120777.0
67.0,8290.0,120802.0
814.0,8626.0,120810.0
67.0,8410.0,120825.0
657.0,8442.0,120862.0
522.0,8531.0,120866.0
813.0,8623.0,120875.0
67.0,8410.0,120912.0
522.0,8531.0,120920.0
169.0,8409.0,120967.0
786.0,8620.0,120980.0
67.0,8331.0,121050.0
815.0,8618.0,121052.0
522.0,8531.0,121065.0
362.0,8432.0,121081.0
816.0,8373.0,121082.0
815.0,8618.0,121203.0
786.0,8620.0,121253.0
286.0,8627.0,121258.0
204.0,8260.0,121284.0
738.0,8487.0,121289.0
817.0,8623.0,121310.0
169.0,8409.0,121318.0
816.0,8373.0,121361.0
676.0,8412.0,121376.0
2.0,8229.0,121424.0
411.0,8295.0,121477.0
260.0,8425.0,121485.0
274.0,8400.0,121594.0
186.0,8370.0,121612.0
780.0,8590.0,121612.0
186.0,8370.0,121641.0
780.0,8590.0,121646.0
2.0,8229.0,121674.0
780.0,8590.0,121733.0
780.0,8590.0,121768.0
2.0,8229.0,121775.0
411.0,8295.0,121796.0
818.0,8412.0,121799.0
780.0,8590.0,121808.0
819.0,8385.0,121810.0
778.0,8355.0,121812.0
186.0,8370.0,121855.0
819.0,8385.0,121870.0
778.0,8355.0,121879.0
818.0,8412.0,121941.0
186.0,8370.0,121955.0
780.0,8590.0,121960.0
780.0,8590.0,122104.0
77.0,8331.0,122170.0
820.0,8628.0,122196.0
411.0,8295.0,122213.0
676.0,8412.0,122216.0
286.0,8624.0,122257.0
286.0,8624.0,122305.0
286.0,8624.0,122317.0
780.0,8590.0,122365.0
25.0,8252.0,122374.0
411.0,8295.0,122374.0
821.0,8298.0,122384.0
804.0,8390.0,122453.0
804.0,8390.0,122617.0
522.0,8531.0,122633.0
2.0,8229.0,122839.0
274.0,8400.0,122852.0
293.0,8368.0,122859.0
522.0,8531.0,122888.0
820.0,8628.0,122942.0
227.0,8396.0,123006.0
2.0,8229.0,123070.0
269.0,8432.0,123198.0
2.0,8229.0,123283.0
822.0,8629.0,123358.0
286.0,8390.0,123477.0
823.0,8445.0,123522.0
824.0,8262.0,123585.0
37.0,8412.0,123587.0
248.0,8414.0,123614.0
825.0,8415.0,123622.0
411.0,8295.0,123631.0
522.0,8531.0,123655.0
522.0,8531.0,123719.0
306.0,8369.0,123744.0
362.0,8432.0,123864.0
306.0,8369.0,123866.0
271.0,8433.0,123926.0
411.0,8295.0,123936.0
826.0,8366.0,123941.0
827.0,8630.0,124070.0
205.0,8379.0,124158.0
828.0,8276.0,124176.0
18.0,8276.0,124186.0
2.0,8229.0,124211.0
632.0,8390.0,124282.0
411.0,8295.0,124288.0
37.0,8412.0,124311.0
286.0,8622.0,124329.0
632.0,8390.0,124372.0
2.0,8229.0,124390.0
269.0,8432.0,124431.0
829.0,8631.0,124440.0
411.0,8295.0,124473.0
271.0,8433.0,124610.0
9.0,8632.0,124694.0
286.0,8390.0,124706.0
286.0,8390.0,124720.0
269.0,8432.0,124759.0
238.0,8406.0,124807.0
2.0,8229.0,124827.0
411.0,8295.0,124856.0
526.0,8535.0,124863.0
2.0,8229.0,124881.0
830.0,8610.0,124926.0
522.0,8531.0,124940.0
322.0,8633.0,124956.0
780.0,8590.0,125021.0
2.0,8229.0,125022.0
437.0,8303.0,125022.0
411.0,8295.0,125022.0
238.0,8406.0,125037.0
37.0,8373.0,125054.0
780.0,8590.0,125069.0
780.0,8590.0,125096.0
831.0,8252.0,125130.0
2.0,8229.0,125148.0
829.0,8631.0,125229.0
37.0,8373.0,125236.0
380.0,8479.0,125249.0
829.0,8631.0,125254.0
829.0,8631.0,125280.0
267.0,8355.0,125287.0
267.0,8355.0,125353.0
832.0,8623.0,125370.0
128.0,8335.0,125389.0
2.0,8229.0,125394.0
267.0,8355.0,125408.0
829.0,8631.0,125427.0
833.0,8575.0,125428.0
238.0,8406.0,125451.0
834.0,8409.0,125488.0
835.0,8629.0,125491.0
823.0,8445.0,125564.0
831.0,8252.0,125566.0
204.0,8260.0,125570.0
204.0,8260.0,125616.0
836.0,8634.0,125634.0
2.0,8229.0,125649.0
204.0,8260.0,125655.0
260.0,8425.0,125668.0
281.0,8428.0,125709.0
238.0,8406.0,125713.0
238.0,8406.0,125749.0
204.0,8260.0,125754.0
522.0,8531.0,125766.0
281.0,8428.0,125775.0
780.0,8590.0,125778.0
411.0,8295.0,125782.0
25.0,8252.0,125792.0
2.0,8229.0,125812.0
820.0,8628.0,125829.0
780.0,8590.0,125873.0
25.0,8252.0,125887.0
362.0,8432.0,125909.0
780.0,8590.0,125915.0
238.0,8406.0,125940.0
238.0,8406.0,125970.0
820.0,8628.0,125986.0
526.0,8535.0,126016.0
411.0,8295.0,126049.0
820.0,8628.0,126078.0
526.0,8535.0,126097.0
837.0,8250.0,126113.0
829.0,8631.0,126135.0
411.0,8295.0,126149.0
820.0,8628.0,126156.0
837.0,8250.0,126166.0
373.0,8437.0,126175.0
780.0,8590.0,126183.0
526.0,8535.0,126202.0
829.0,8631.0,126234.0
286.0,8437.0,126250.0
380.0,8479.0,126265.0
823.0,8445.0,126273.0
204.0,8260.0,126278.0
820.0,8628.0,126296.0
380.0,8479.0,126299.0
829.0,8631.0,126313.0
373.0,8437.0,126314.0
281.0,8428.0,126339.0
291.0,8444.0,126363.0
291.0,8444.0,126421.0
281.0,8428.0,126431.0
373.0,8437.0,126449.0
380.0,8479.0,126473.0
204.0,8260.0,126487.0
836.0,8373.0,126515.0
281.0,8428.0,126546.0
2.0,8229.0,126560.0
238.0,8406.0,126561.0
829.0,8631.0,126570.0
281.0,8428.0,126598.0
373.0,8437.0,126604.0
238.0,8406.0,126624.0
204.0,8260.0,126632.0
291.0,8444.0,126636.0
204.0,8260.0,126659.0
69.0,8621.0,126664.0
632.0,8390.0,126676.0
281.0,8428.0,126680.0
291.0,8444.0,126711.0
380.0,8479.0,126716.0
204.0,8260.0,126791.0
2.0,8229.0,126816.0
838.0,8635.0,126838.0
823.0,8445.0,126846.0
204.0,8260.0,126877.0
632.0,8390.0,126884.0
823.0,8445.0,126901.0
2.0,8229.0,126945.0
823.0,8445.0,126951.0
291.0,8444.0,126958.0
281.0,8428.0,127006.0
632.0,8390.0,127028.0
312.0,8244.0,127038.0
823.0,8445.0,127042.0
291.0,8444.0,127064.0
632.0,8390.0,127094.0
2.0,8229.0,127097.0
374.0,8343.0,127106.0
411.0,8295.0,127140.0
839.0,8390.0,127151.0
838.0,8635.0,127152.0
632.0,8390.0,127160.0
198.0,8376.0,127168.0
2.0,8229.0,127169.0
380.0,8479.0,127225.0
2.0,8229.0,127263.0
281.0,8428.0,127264.0
660.0,8636.0,127320.0
335.0,8460.0,127337.0
2.0,8229.0,127344.0
2.0,8229.0,127386.0
281.0,8428.0,127425.0
362.0,8432.0,127427.0
840.0,8588.0,127437.0
2.0,8229.0,127469.0
281.0,8428.0,127476.0
281.0,8428.0,127506.0
657.0,8442.0,127538.0
2.0,8229.0,127546.0
281.0,8428.0,127549.0
411.0,8295.0,127553.0
204.0,8260.0,127562.0
282.0,8296.0,127675.0
841.0,8637.0,127677.0
281.0,8428.0,127695.0
269.0,8432.0,127714.0
18.0,8638.0,127721.0
282.0,8296.0,127721.0
335.0,8460.0,127769.0
198.0,8376.0,127794.0
842.0,8302.0,127868.0
488.0,8373.0,127948.0
2.0,8229.0,127954.0
488.0,8373.0,127979.0
281.0,8428.0,127989.0
281.0,8428.0,128028.0
829.0,8631.0,128062.0
522.0,8531.0,128068.0
488.0,8373.0,128080.0
411.0,8295.0,128131.0
2.0,8229.0,128149.0
281.0,8428.0,128248.0
826.0,8366.0,128278.0
798.0,8625.0,128300.0
281.0,8428.0,128356.0
335.0,8460.0,128360.0
843.0,8639.0,128384.0
507.0,8278.0,128386.0
844.0,8332.0,128397.0
2.0,8229.0,128437.0
411.0,8295.0,128443.0
335.0,8460.0,128456.0
522.0,8531.0,128477.0
2.0,8229.0,128479.0
411.0,8295.0,128522.0
522.0,8531.0,128527.0
2.0,8229.0,128539.0
291.0,8444.0,128540.0
291.0,8444.0,128587.0
522.0,8531.0,128589.0
2.0,8229.0,128622.0
2.0,8229.0,128651.0
845.0,8319.0,128684.0
2.0,8229.0,128724.0
37.0,8373.0,128734.0
125.0,8333.0,128739.0
846.0,8553.0,128748.0
526.0,8535.0,128762.0
522.0,8531.0,128768.0
125.0,8333.0,128782.0
125.0,8333.0,128798.0
798.0,8625.0,128986.0
380.0,8479.0,129040.0
204.0,8260.0,129055.0
829.0,8631.0,129058.0
847.0,8640.0,129119.0
848.0,8641.0,129152.0
849.0,8544.0,129237.0
850.0,8642.0,129255.0
69.0,8385.0,129272.0
850.0,8600.0,129284.0
204.0,8260.0,129413.0
851.0,8643.0,129430.0
411.0,8295.0,129494.0
335.0,8460.0,129497.0
86.0,8302.0,129516.0
851.0,8643.0,129522.0
852.0,8644.0,129607.0
204.0,8260.0,129615.0
642.0,8581.0,129687.0
798.0,8625.0,129741.0
223.0,8393.0,129792.0
67.0,8636.0,129857.0
522.0,8531.0,129879.0
291.0,8444.0,129884.0
829.0,8631.0,129935.0
411.0,8295.0,129951.0
256.0,8569.0,129954.0
331.0,8412.0,129988.0
853.0,8645.0,130019.0
522.0,8531.0,130032.0
204.0,8260.0,130083.0
411.0,8295.0,130101.0
204.0,8260.0,130148.0
853.0,8296.0,130165.0
829.0,8631.0,130189.0
2.0,8229.0,130231.0
798.0,8625.0,130297.0
829.0,8631.0,130329.0
852.0,8644.0,130332.0
522.0,8531.0,130413.0
256.0,8569.0,130429.0
86.0,8302.0,130445.0
657.0,8442.0,130484.0
256.0,8569.0,130499.0
2.0,8229.0,130505.0
320.0,8262.0,130647.0
642.0,8581.0,130662.0
2.0,8229.0,130668.0
411.0,8295.0,130689.0
839.0,8390.0,130708.0
366.0,8472.0,130719.0
829.0,8631.0,130728.0
522.0,8531.0,130751.0
411.0,8295.0,130752.0
829.0,8631.0,130759.0
829.0,8631.0,130800.0
854.0,8589.0,130883.0
829.0,8631.0,130918.0
829.0,8631.0,130937.0
2.0,8229.0,130946.0
855.0,8275.0,130975.0
2.0,8229.0,130999.0
829.0,8631.0,131004.0
829.0,8631.0,131031.0
2.0,8229.0,131073.0
856.0,8447.0,131096.0
269.0,8432.0,131099.0
281.0,8428.0,131101.0
829.0,8631.0,131139.0
796.0,8275.0,131153.0
2.0,8229.0,131181.0
89.0,8304.0,131203.0
829.0,8631.0,131214.0
855.0,8275.0,131234.0
632.0,8390.0,131237.0
11.0,8237.0,131299.0
657.0,8442.0,131311.0
11.0,8237.0,131324.0
855.0,8275.0,131331.0
11.0,8237.0,131350.0
845.0,8319.0,131364.0
281.0,8428.0,131382.0
829.0,8631.0,131386.0
271.0,8433.0,131393.0
817.0,8623.0,131555.0
269.0,8432.0,131582.0
411.0,8295.0,131604.0
522.0,8531.0,131610.0
857.0,8274.0,131636.0
269.0,8432.0,131640.0
271.0,8433.0,131647.0
271.0,8433.0,131717.0
855.0,8275.0,131727.0
839.0,8390.0,131735.0
411.0,8295.0,131784.0
632.0,8390.0,131786.0
858.0,8468.0,131799.0
181.0,8366.0,131834.0
2.0,8229.0,131859.0
859.0,8413.0,131862.0
860.0,8447.0,131866.0
796.0,8275.0,131874.0
632.0,8390.0,131940.0
13.0,8582.0,131956.0
856.0,8447.0,132038.0
861.0,8274.0,132044.0
185.0,8646.0,132073.0
829.0,8631.0,132078.0
829.0,8631.0,132156.0
2.0,8229.0,132166.0
839.0,8390.0,132217.0
238.0,8406.0,132232.0
345.0,8461.0,132240.0
2.0,8229.0,132246.0
345.0,8461.0,132262.0
829.0,8631.0,132265.0
13.0,8582.0,132282.0
829.0,8631.0,132298.0
345.0,8461.0,132331.0
522.0,8531.0,132363.0
345.0,8461.0,132382.0
862.0,8550.0,132530.0
238.0,8406.0,132563.0
206.0,8404.0,132585.0
863.0,8618.0,132600.0
426.0,8235.0,132611.0
286.0,8412.0,132632.0
13.0,8582.0,132633.0
657.0,8442.0,132634.0
426.0,8235.0,132689.0
238.0,8406.0,132694.0
859.0,8413.0,132698.0
206.0,8647.0,132746.0
829.0,8631.0,132784.0
238.0,8406.0,132844.0
859.0,8413.0,132856.0
285.0,8623.0,132863.0
224.0,8646.0,132865.0
829.0,8631.0,132913.0
416.0,8496.0,132981.0
829.0,8631.0,132988.0
798.0,8625.0,133007.0
269.0,8432.0,133060.0
224.0,8646.0,133063.0
864.0,8648.0,133088.0
829.0,8631.0,133106.0
238.0,8406.0,133118.0
13.0,8582.0,133138.0
865.0,8242.0,133158.0
829.0,8631.0,133163.0
185.0,8646.0,133171.0
631.0,8300.0,133198.0
864.0,8648.0,133201.0
676.0,8412.0,133283.0
631.0,8300.0,133286.0
13.0,8582.0,133341.0
522.0,8531.0,133380.0
532.0,8539.0,133455.0
859.0,8413.0,133491.0
829.0,8631.0,133516.0
415.0,8495.0,133559.0
13.0,8582.0,133676.0
286.0,8622.0,133775.0
372.0,8468.0,133790.0
499.0,8524.0,133804.0
522.0,8531.0,133886.0
372.0,8550.0,133893.0
499.0,8524.0,133909.0
866.0,8579.0,133922.0
238.0,8406.0,133953.0
13.0,8582.0,133968.0
522.0,8531.0,133980.0
305.0,8450.0,134010.0
335.0,8460.0,134020.0
415.0,8495.0,134076.0
829.0,8631.0,134082.0
372.0,8550.0,134117.0
829.0,8631.0,134125.0
859.0,8413.0,134226.0
499.0,8524.0,134271.0
532.0,8539.0,134276.0
859.0,8413.0,134278.0
13.0,8582.0,134297.0
238.0,8406.0,134299.0
829.0,8631.0,134308.0
372.0,8550.0,134326.0
867.0,8649.0,134338.0
499.0,8524.0,134393.0
380.0,8479.0,134437.0
13.0,8582.0,134500.0
868.0,8623.0,134532.0
499.0,8524.0,134534.0
869.0,8278.0,134584.0
380.0,8479.0,134740.0
499.0,8524.0,134743.0
305.0,8450.0,134772.0
829.0,8631.0,134817.0
380.0,8479.0,134865.0
499.0,8524.0,134915.0
829.0,8631.0,134921.0
870.0,8650.0,134975.0
13.0,8582.0,134988.0
553.0,8243.0,135057.0
798.0,8625.0,135089.0
77.0,8328.0,135109.0
415.0,8495.0,135148.0
871.0,8412.0,135193.0
798.0,8625.0,135198.0
522.0,8531.0,135254.0
829.0,8631.0,135270.0
372.0,8550.0,135273.0
538.0,8471.0,135319.0
798.0,8625.0,135336.0
532.0,8539.0,135369.0
414.0,8301.0,135396.0
798.0,8625.0,135458.0
829.0,8631.0,135467.0
809.0,8463.0,135518.0
414.0,8301.0,135601.0
414.0,8301.0,135633.0
336.0,8358.0,135658.0
872.0,8605.0,135682.0
788.0,8621.0,135721.0
788.0,8621.0,135776.0
873.0,8651.0,135879.0
285.0,8623.0,135885.0
788.0,8621.0,135903.0
414.0,8301.0,135911.0
481.0,8424.0,135960.0
179.0,8363.0,135985.0
872.0,8605.0,135985.0
874.0,8650.0,135997.0
380.0,8479.0,135998.0
682.0,8589.0,136014.0
788.0,8621.0,136015.0
11.0,8237.0,136041.0
788.0,8621.0,136060.0
874.0,8650.0,136069.0
788.0,8621.0,136090.0
176.0,8390.0,136106.0
788.0,8621.0,136109.0
682.0,8589.0,136189.0
875.0,8587.0,136286.0
11.0,8237.0,136422.0
876.0,8652.0,136424.0
269.0,8432.0,136449.0
434.0,8653.0,136552.0
362.0,8432.0,136612.0
872.0,8605.0,136627.0
335.0,8460.0,136660.0
877.0,8244.0,136671.0
859.0,8413.0,136723.0
877.0,8244.0,136725.0
11.0,8237.0,136745.0
852.0,8644.0,136807.0
877.0,8244.0,136853.0
11.0,8237.0,136864.0
367.0,8473.0,136875.0
11.0,8237.0,136902.0
878.0,8653.0,136910.0
198.0,8376.0,136938.0
879.0,8654.0,136943.0
367.0,8473.0,136961.0
852.0,8644.0,136971.0
877.0,8244.0,137003.0
169.0,8409.0,137015.0
880.0,8655.0,137032.0
829.0,8631.0,137035.0
269.0,8432.0,137085.0
372.0,8550.0,137107.0
272.0,8534.0,137154.0
850.0,8656.0,137173.0
829.0,8631.0,137200.0
69.0,8424.0,137210.0
829.0,8631.0,137226.0
367.0,8473.0,137247.0
11.0,8237.0,137252.0
169.0,8409.0,137262.0
829.0,8631.0,137264.0
880.0,8655.0,137304.0
367.0,8473.0,137319.0
434.0,8653.0,137339.0
859.0,8413.0,137346.0
829.0,8631.0,137367.0
880.0,8655.0,137387.0
11.0,8237.0,137440.0
269.0,8432.0,137453.0
829.0,8631.0,137481.0
881.0,8272.0,137499.0
829.0,8631.0,137502.0
829.0,8631.0,137522.0
881.0,8272.0,137535.0
198.0,8376.0,137581.0
880.0,8655.0,137594.0
859.0,8413.0,137644.0
880.0,8655.0,137701.0
762.0,8623.0,137708.0
859.0,8413.0,137710.0
367.0,8473.0,137761.0
850.0,8600.0,137764.0
269.0,8432.0,137777.0
272.0,8534.0,137779.0
272.0,8534.0,137807.0
882.0,8650.0,137820.0
272.0,8534.0,137895.0
367.0,8473.0,137898.0
880.0,8655.0,137902.0
879.0,8654.0,137939.0
880.0,8655.0,137944.0
269.0,8432.0,137954.0
211.0,8638.0,137958.0
882.0,8650.0,137984.0
414.0,8301.0,137992.0
880.0,8655.0,138015.0
880.0,8655.0,138029.0
883.0,8445.0,138063.0
269.0,8432.0,138134.0
874.0,8650.0,138157.0
880.0,8655.0,138188.0
211.0,8638.0,138190.0
277.0,8434.0,138204.0
354.0,8393.0,138211.0
829.0,8631.0,138221.0
578.0,8554.0,138240.0
859.0,8413.0,138265.0
884.0,8602.0,138401.0
874.0,8650.0,138401.0
859.0,8413.0,138406.0
183.0,8367.0,138420.0
883.0,8445.0,138457.0
885.0,8657.0,138478.0
760.0,8612.0,138553.0
829.0,8631.0,138584.0
18.0,8623.0,138587.0
829.0,8631.0,138615.0
422.0,8623.0,138670.0
422.0,8623.0,138697.0
335.0,8460.0,138724.0
269.0,8432.0,138762.0
859.0,8413.0,138785.0
109.0,8588.0,138796.0
886.0,8467.0,138806.0
887.0,8546.0,138844.0
265.0,8430.0,138880.0
888.0,8244.0,138885.0
379.0,8478.0,138886.0
829.0,8631.0,138894.0
888.0,8244.0,138905.0
829.0,8631.0,138913.0
859.0,8413.0,138956.0
269.0,8432.0,139017.0
778.0,8355.0,139057.0
695.0,8358.0,139061.0
277.0,8434.0,139084.0
859.0,8413.0,139089.0
277.0,8434.0,139202.0
859.0,8413.0,139344.0
272.0,8534.0,139363.0
884.0,8602.0,139410.0
889.0,8366.0,139455.0
499.0,8524.0,139457.0
277.0,8434.0,139498.0
829.0,8631.0,139519.0
889.0,8366.0,139527.0
51.0,8300.0,139532.0
884.0,8602.0,139554.0
829.0,8631.0,139603.0
871.0,8257.0,139659.0
812.0,8385.0,139669.0
829.0,8631.0,139671.0
499.0,8524.0,139691.0
13.0,8239.0,139720.0
272.0,8534.0,139724.0
829.0,8631.0,139741.0
890.0,8488.0,139781.0
829.0,8631.0,139782.0
376.0,8476.0,139800.0
277.0,8434.0,139834.0
109.0,8322.0,139868.0
891.0,8658.0,139887.0
40.0,8441.0,139962.0
109.0,8322.0,139965.0
892.0,8390.0,139988.0
466.0,8510.0,139993.0
624.0,8659.0,140006.0
109.0,8322.0,140015.0
277.0,8434.0,140019.0
499.0,8524.0,140022.0
376.0,8476.0,140128.0
892.0,8390.0,140137.0
109.0,8322.0,140154.0
852.0,8644.0,140162.0
372.0,8550.0,140170.0
109.0,8322.0,140201.0
892.0,8390.0,140219.0
859.0,8413.0,140234.0
109.0,8322.0,140251.0
893.0,8424.0,140252.0
25.0,8252.0,140274.0
852.0,8644.0,140316.0
894.0,8472.0,140318.0
335.0,8460.0,140332.0
859.0,8413.0,140365.0
894.0,8472.0,140390.0
14.0,8660.0,140450.0
892.0,8390.0,140474.0
109.0,8322.0,140492.0
13.0,8239.0,140499.0
829.0,8631.0,140534.0
372.0,8550.0,140535.0
89.0,8661.0,140559.0
852.0,8644.0,140560.0
829.0,8631.0,140562.0
109.0,8322.0,140599.0
89.0,8661.0,140600.0
246.0,8413.0,140634.0
89.0,8661.0,140645.0
109.0,8322.0,140691.0
246.0,8413.0,140701.0
89.0,8661.0,140721.0
89.0,8661.0,140742.0
13.0,8239.0,140751.0
895.0,8662.0,140808.0
89.0,8661.0,140808.0
896.0,8493.0,140817.0
880.0,8655.0,140835.0
852.0,8644.0,140841.0
376.0,8476.0,140845.0
376.0,8476.0,140861.0
376.0,8476.0,140883.0
89.0,8661.0,140931.0
791.0,8413.0,140954.0
897.0,8663.0,141006.0
898.0,8248.0,141007.0
899.0,8244.0,141013.0
89.0,8661.0,141078.0
246.0,8413.0,141098.0
89.0,8661.0,141110.0
89.0,8661.0,141128.0
109.0,8322.0,141143.0
246.0,8413.0,141159.0
880.0,8655.0,141167.0
859.0,8413.0,141213.0
880.0,8655.0,141213.0
879.0,8654.0,141220.0
376.0,8476.0,141249.0
392.0,8325.0,141266.0
376.0,8476.0,141269.0
796.0,8436.0,141274.0
880.0,8655.0,141275.0
109.0,8322.0,141276.0
829.0,8631.0,141297.0
89.0,8661.0,141304.0
879.0,8654.0,141310.0
13.0,8239.0,141315.0
900.0,8424.0,141322.0
769.0,8339.0,141325.0
89.0,8661.0,141332.0
901.0,8664.0,141350.0
880.0,8655.0,141351.0
880.0,8655.0,141369.0
89.0,8661.0,141386.0
376.0,8476.0,141387.0
109.0,8462.0,141403.0
796.0,8274.0,141405.0
880.0,8655.0,141406.0
376.0,8476.0,141409.0
14.0,8660.0,141414.0
392.0,8325.0,141427.0
874.0,8650.0,141432.0
89.0,8661.0,141452.0
376.0,8476.0,141479.0
380.0,8479.0,141486.0
902.0,8276.0,141500.0
829.0,8631.0,141505.0
859.0,8413.0,141507.0
89.0,8661.0,141560.0
484.0,8516.0,141572.0
89.0,8661.0,141602.0
852.0,8644.0,141650.0
13.0,8239.0,141682.0
859.0,8413.0,141741.0
11.0,8237.0,141759.0
852.0,8644.0,141797.0
89.0,8661.0,141826.0
11.0,8237.0,141846.0
89.0,8661.0,141846.0
13.0,8239.0,141849.0
829.0,8631.0,141857.0
895.0,8662.0,141935.0
829.0,8631.0,141938.0
859.0,8413.0,141947.0
903.0,8284.0,141965.0
68.0,8644.0,141988.0
11.0,8237.0,142005.0
376.0,8476.0,142006.0
904.0,8665.0,142016.0
11.0,8237.0,142027.0
895.0,8662.0,142042.0
335.0,8460.0,142054.0
391.0,8485.0,142055.0
852.0,8644.0,142065.0
376.0,8476.0,142070.0
874.0,8650.0,142079.0
616.0,8567.0,142080.0
829.0,8631.0,142083.0
89.0,8661.0,142091.0
376.0,8476.0,142092.0
895.0,8662.0,142098.0
905.0,8538.0,142121.0
376.0,8476.0,142163.0
376.0,8476.0,142179.0
13.0,8239.0,142235.0
125.0,8333.0,142298.0
894.0,8472.0,142307.0
906.0,8390.0,142309.0
859.0,8413.0,142340.0
125.0,8333.0,142354.0
852.0,8644.0,142372.0
125.0,8333.0,142383.0
125.0,8333.0,142400.0
13.0,8239.0,142470.0
376.0,8476.0,142496.0
125.0,8333.0,142515.0
125.0,8333.0,142531.0
906.0,8390.0,142584.0
852.0,8644.0,142591.0
125.0,8333.0,142596.0
616.0,8567.0,142603.0
391.0,8485.0,142622.0
89.0,8661.0,142632.0
89.0,8661.0,142657.0
907.0,8594.0,142667.0
616.0,8567.0,142667.0
125.0,8333.0,142671.0
376.0,8476.0,142680.0
365.0,8471.0,142695.0
89.0,8661.0,142711.0
829.0,8631.0,142743.0
125.0,8333.0,142749.0
89.0,8661.0,142769.0
895.0,8662.0,142796.0
336.0,8312.0,142810.0
125.0,8333.0,142825.0
351.0,8666.0,142828.0
895.0,8662.0,142832.0
335.0,8460.0,142842.0
906.0,8390.0,142849.0
13.0,8239.0,142857.0
895.0,8662.0,142858.0
450.0,8424.0,142869.0
859.0,8413.0,142913.0
616.0,8567.0,142913.0
616.0,8567.0,142936.0
908.0,8663.0,142942.0
859.0,8413.0,142949.0
909.0,8516.0,142968.0
89.0,8661.0,142975.0
829.0,8631.0,142981.0
910.0,8424.0,142986.0
125.0,8333.0,143008.0
852.0,8644.0,143017.0
909.0,8516.0,143031.0
125.0,8333.0,143037.0
376.0,8476.0,143096.0
328.0,8577.0,143158.0
260.0,8425.0,143170.0
13.0,8239.0,143191.0
450.0,8424.0,143193.0
874.0,8650.0,143233.0
616.0,8567.0,143233.0
829.0,8631.0,143236.0
335.0,8460.0,143277.0
450.0,8424.0,143301.0
616.0,8567.0,143334.0
829.0,8631.0,143347.0
450.0,8424.0,143354.0
13.0,8239.0,143390.0
125.0,8333.0,143413.0
391.0,8485.0,143434.0
450.0,8424.0,143440.0
211.0,8638.0,143444.0
879.0,8654.0,143459.0
328.0,8577.0,143463.0
829.0,8631.0,143474.0
376.0,8476.0,143477.0
911.0,8667.0,143487.0
376.0,8476.0,143506.0
912.0,8623.0,143510.0
616.0,8567.0,143527.0
484.0,8516.0,143529.0
376.0,8476.0,143530.0
13.0,8239.0,143548.0
376.0,8476.0,143548.0
365.0,8471.0,143554.0
852.0,8644.0,143558.0
376.0,8476.0,143571.0
484.0,8516.0,143650.0
913.0,8667.0,143668.0
484.0,8516.0,143681.0
380.0,8479.0,143696.0
880.0,8655.0,143699.0
852.0,8644.0,143702.0
415.0,8495.0,143720.0
616.0,8567.0,143731.0
914.0,8668.0,143745.0
616.0,8567.0,143767.0
391.0,8485.0,143771.0
13.0,8239.0,143806.0
328.0,8577.0,143810.0
616.0,8567.0,143850.0
616.0,8567.0,143870.0
172.0,8250.0,143875.0
286.0,8622.0,143893.0
483.0,8319.0,143901.0
286.0,8622.0,143919.0
463.0,8412.0,143926.0
616.0,8567.0,143937.0
335.0,8460.0,143940.0
616.0,8567.0,143954.0
886.0,8467.0,143972.0
484.0,8516.0,143977.0
484.0,8516.0,144021.0
829.0,8631.0,144028.0
616.0,8567.0,144049.0
332.0,8326.0,144067.0
911.0,8667.0,144109.0
616.0,8567.0,144117.0
616.0,8567.0,144169.0
376.0,8476.0,144177.0
332.0,8326.0,144180.0
286.0,8622.0,144180.0
899.0,8312.0,144202.0
463.0,8412.0,144222.0
526.0,8535.0,144227.0
13.0,8239.0,144232.0
911.0,8667.0,144239.0
616.0,8567.0,144245.0
415.0,8495.0,144270.0
829.0,8631.0,144282.0
915.0,8667.0,144283.0
616.0,8567.0,144290.0
915.0,8667.0,144311.0
829.0,8631.0,144318.0
899.0,8312.0,144319.0
829.0,8631.0,144381.0
89.0,8661.0,144410.0
829.0,8631.0,144423.0
344.0,8449.0,144476.0
592.0,8565.0,144487.0
380.0,8479.0,144495.0
13.0,8239.0,144507.0
829.0,8631.0,144523.0
89.0,8661.0,144525.0
916.0,8351.0,144530.0
859.0,8413.0,144652.0
917.0,8669.0,144731.0
89.0,8661.0,144754.0
415.0,8495.0,144754.0
415.0,8495.0,144770.0
918.0,8248.0,144782.0
829.0,8631.0,144791.0
829.0,8631.0,144809.0
89.0,8661.0,144812.0
879.0,8654.0,144816.0
28.0,8255.0,144816.0
829.0,8631.0,144834.0
616.0,8567.0,144849.0
391.0,8485.0,144852.0
829.0,8631.0,144852.0
231.0,8397.0,144856.0
829.0,8631.0,144879.0
28.0,8255.0,144885.0
89.0,8661.0,144934.0
829.0,8631.0,144945.0
879.0,8654.0,144951.0
916.0,8351.0,144956.0
820.0,8628.0,144961.0
859.0,8413.0,144975.0
829.0,8631.0,144983.0
391.0,8485.0,145019.0
526.0,8535.0,145030.0
89.0,8661.0,145058.0
859.0,8413.0,145063.0
183.0,8367.0,145065.0
89.0,8661.0,145085.0
820.0,8628.0,145119.0
919.0,8412.0,145129.0
89.0,8661.0,145136.0
920.0,8377.0,145148.0
380.0,8479.0,145158.0
921.0,8250.0,145165.0
89.0,8661.0,145169.0
922.0,8657.0,145188.0
200.0,8390.0,145190.0
463.0,8262.0,145212.0
526.0,8535.0,145218.0
829.0,8631.0,145222.0
829.0,8631.0,145273.0
526.0,8535.0,145276.0
616.0,8567.0,145285.0
415.0,8495.0,145298.0
89.0,8661.0,145302.0
829.0,8631.0,145314.0
923.0,8670.0,145329.0
859.0,8413.0,145361.0
89.0,8661.0,145384.0
829.0,8631.0,145384.0
920.0,8377.0,145389.0
286.0,8437.0,145402.0
904.0,8665.0,145422.0
89.0,8661.0,145450.0
616.0,8567.0,145484.0
380.0,8479.0,145489.0
920.0,8377.0,145492.0
28.0,8255.0,145524.0
89.0,8661.0,145527.0
616.0,8567.0,145549.0
616.0,8567.0,145583.0
820.0,8347.0,145606.0
616.0,8567.0,145610.0
616.0,8567.0,145633.0
920.0,8377.0,145648.0
391.0,8485.0,145670.0
924.0,8623.0,145675.0
616.0,8567.0,145677.0
616.0,8567.0,145698.0
125.0,8333.0,145701.0
151.0,8620.0,145712.0
616.0,8567.0,145725.0
916.0,8351.0,145725.0
391.0,8485.0,145727.0
859.0,8413.0,145740.0
789.0,8622.0,145747.0
920.0,8377.0,145775.0
829.0,8631.0,145800.0
859.0,8413.0,145813.0
920.0,8377.0,145826.0
172.0,8250.0,145828.0
829.0,8631.0,145842.0
380.0,8479.0,145863.0
89.0,8661.0,145891.0
391.0,8485.0,145914.0
48.0,8272.0,145935.0
924.0,8623.0,145943.0
183.0,8367.0,145945.0
859.0,8413.0,145955.0
391.0,8485.0,145959.0
920.0,8377.0,145968.0
916.0,8351.0,145991.0
925.0,8413.0,145994.0
477.0,8517.0,145998.0
89.0,8661.0,146006.0
477.0,8517.0,146025.0
616.0,8567.0,146026.0
416.0,8496.0,146034.0
477.0,8312.0,146054.0
89.0,8661.0,146056.0
391.0,8485.0,146057.0
477.0,8312.0,146073.0
89.0,8661.0,146079.0
477.0,8312.0,146084.0
859.0,8413.0,146089.0
477.0,8517.0,146091.0
926.0,8265.0,146124.0
285.0,8248.0,146140.0
48.0,8272.0,146164.0
609.0,8644.0,146171.0
380.0,8479.0,146176.0
391.0,8485.0,146180.0
449.0,8478.0,146197.0
859.0,8413.0,146214.0
914.0,8401.0,146229.0
391.0,8485.0,146233.0
609.0,8644.0,146244.0
609.0,8644.0,146255.0
477.0,8250.0,146265.0
609.0,8644.0,146270.0
609.0,8644.0,146282.0
927.0,8430.0,146282.0
28.0,8255.0,146305.0
477.0,8520.0,146308.0
928.0,8412.0,146328.0
477.0,8520.0,146333.0
609.0,8644.0,146353.0
929.0,8623.0,146362.0
928.0,8412.0,146375.0
48.0,8272.0,146399.0
391.0,8485.0,146414.0
930.0,8424.0,146427.0
927.0,8430.0,146439.0
376.0,8476.0,146440.0
931.0,8423.0,146447.0
932.0,8276.0,146450.0
405.0,8321.0,146469.0
376.0,8476.0,146481.0
380.0,8479.0,146545.0
571.0,8412.0,146556.0
388.0,8584.0,146625.0
499.0,8524.0,146640.0
859.0,8413.0,146688.0
924.0,8623.0,146727.0
924.0,8623.0,146765.0
438.0,8424.0,146795.0
592.0,8565.0,146806.0
46.0,8381.0,146880.0
200.0,8390.0,146884.0
859.0,8413.0,146889.0
571.0,8412.0,146906.0
89.0,8661.0,146922.0
200.0,8390.0,146935.0
89.0,8661.0,146940.0
933.0,8371.0,146951.0
11.0,8237.0,146957.0
200.0,8390.0,146972.0
89.0,8661.0,146982.0
934.0,8412.0,146982.0
935.0,8577.0,146992.0
9.0,8294.0,146994.0
499.0,8524.0,147007.0
936.0,8580.0,147016.0
936.0,8580.0,147038.0
200.0,8390.0,147060.0
69.0,8423.0,147073.0
624.0,8518.0,147119.0
859.0,8413.0,147138.0
338.0,8461.0,147161.0
477.0,8552.0,147178.0
477.0,8552.0,147202.0
937.0,8267.0,147244.0
499.0,8524.0,147249.0
477.0,8296.0,147256.0
571.0,8412.0,147337.0
499.0,8524.0,147388.0
895.0,8662.0,147414.0
874.0,8650.0,147481.0
320.0,8373.0,147484.0
938.0,8303.0,147517.0
874.0,8650.0,147522.0
383.0,8481.0,147530.0
505.0,8525.0,147549.0
499.0,8524.0,147558.0
938.0,8303.0,147572.0
127.0,8334.0,147631.0
89.0,8661.0,147634.0
879.0,8654.0,147663.0
200.0,8390.0,147666.0
939.0,8435.0,147723.0
637.0,8577.0,147727.0
505.0,8525.0,147795.0
696.0,8415.0,147806.0
366.0,8671.0,147833.0
525.0,8492.0,147854.0
939.0,8435.0,147875.0
939.0,8332.0,147917.0
940.0,8368.0,147928.0
941.0,8292.0,147929.0
940.0,8368.0,147968.0
269.0,8432.0,148006.0
499.0,8524.0,148018.0
940.0,8368.0,148034.0
49.0,8273.0,148080.0
624.0,8659.0,148108.0
859.0,8413.0,148117.0
879.0,8654.0,148118.0
940.0,8368.0,148122.0
499.0,8524.0,148139.0
940.0,8368.0,148145.0
940.0,8368.0,148168.0
77.0,8328.0,148189.0
49.0,8273.0,148197.0
45.0,8270.0,148222.0
919.0,8412.0,148239.0
49.0,8273.0,148241.0
940.0,8368.0,148264.0
932.0,8276.0,148272.0
736.0,8605.0,148318.0
772.0,8615.0,148325.0
940.0,8368.0,148338.0
49.0,8273.0,148365.0
913.0,8412.0,148365.0
89.0,8661.0,148367.0
919.0,8412.0,148397.0
772.0,8615.0,148398.0
940.0,8368.0,148398.0
380.0,8479.0,148444.0
18.0,8412.0,148451.0
940.0,8368.0,148477.0
919.0,8412.0,148481.0
772.0,8615.0,148496.0
859.0,8413.0,148498.0
449.0,8478.0,148499.0
49.0,8273.0,148505.0
411.0,8295.0,148505.0
940.0,8368.0,148516.0
89.0,8661.0,148528.0
624.0,8672.0,148541.0
904.0,8665.0,148557.0
89.0,8661.0,148574.0
49.0,8273.0,148585.0
405.0,8321.0,148589.0
940.0,8368.0,148594.0
772.0,8615.0,148613.0
829.0,8631.0,148620.0
940.0,8368.0,148626.0
89.0,8661.0,148638.0
89.0,8661.0,148663.0
49.0,8273.0,148672.0
940.0,8368.0,148681.0
852.0,8644.0,148697.0
411.0,8295.0,148722.0
414.0,8301.0,148722.0
367.0,8473.0,148728.0
829.0,8631.0,148736.0
89.0,8661.0,148736.0
82.0,8257.0,148739.0
525.0,8492.0,148837.0
901.0,8361.0,148852.0
829.0,8631.0,148860.0
942.0,8605.0,148893.0
772.0,8615.0,148915.0
943.0,8646.0,148935.0
380.0,8479.0,148962.0
487.0,8519.0,148962.0
772.0,8615.0,148994.0
77.0,8328.0,148996.0
772.0,8615.0,149017.0
380.0,8479.0,149023.0
49.0,8273.0,149046.0
829.0,8631.0,149053.0
736.0,8605.0,149082.0
772.0,8615.0,149095.0
49.0,8273.0,149098.0
49.0,8273.0,149128.0
487.0,8519.0,149128.0
772.0,8615.0,149170.0
772.0,8615.0,149218.0
77.0,8328.0,149230.0
903.0,8284.0,149288.0
487.0,8519.0,149323.0
624.0,8672.0,149396.0
786.0,8620.0,149401.0
903.0,8284.0,149405.0
49.0,8273.0,149419.0
772.0,8615.0,149421.0
829.0,8631.0,149433.0
829.0,8631.0,149465.0
505.0,8525.0,149475.0
772.0,8615.0,149479.0
487.0,8519.0,149490.0
89.0,8661.0,149547.0
487.0,8519.0,149553.0
859.0,8413.0,149568.0
772.0,8615.0,149571.0
772.0,8615.0,149606.0
158.0,8292.0,149607.0
624.0,8672.0,149617.0
829.0,8631.0,149626.0
944.0,8673.0,149635.0
772.0,8615.0,149649.0
380.0,8479.0,149675.0
859.0,8413.0,149698.0
772.0,8615.0,149725.0
18.0,8427.0,149743.0
434.0,8653.0,149777.0
69.0,8321.0,149779.0
624.0,8672.0,149787.0
829.0,8631.0,149799.0
505.0,8525.0,149802.0
772.0,8615.0,149805.0
772.0,8615.0,149849.0
945.0,8474.0,149869.0
388.0,8584.0,149869.0
829.0,8631.0,149875.0
344.0,8449.0,149888.0
389.0,8483.0,149891.0
772.0,8615.0,149891.0
269.0,8432.0,149909.0
946.0,8270.0,149919.0
947.0,8258.0,149927.0
936.0,8286.0,149949.0
571.0,8412.0,149954.0
786.0,8620.0,149957.0
344.0,8449.0,149977.0
829.0,8631.0,149991.0
772.0,8615.0,150001.0
813.0,8623.0,150013.0
394.0,8529.0,150042.0
624.0,8672.0,150058.0
948.0,8303.0,150061.0
829.0,8631.0,150070.0
949.0,8674.0,150081.0
772.0,8615.0,150082.0
904.0,8665.0,150094.0
206.0,8380.0,150121.0
950.0,8675.0,150144.0
951.0,8486.0,150147.0
756.0,8611.0,150156.0
49.0,8273.0,150215.0
952.0,8640.0,150234.0
624.0,8672.0,150278.0
49.0,8273.0,150279.0
772.0,8615.0,150288.0
389.0,8483.0,150330.0
14.0,8660.0,150335.0
950.0,8675.0,150352.0
105.0,8318.0,150357.0
772.0,8615.0,150357.0
206.0,8380.0,150364.0
953.0,8568.0,150418.0
772.0,8615.0,150424.0
231.0,8397.0,150424.0
49.0,8273.0,150440.0
756.0,8611.0,150444.0
389.0,8483.0,150451.0
954.0,8412.0,150510.0
953.0,8568.0,150512.0
772.0,8615.0,150527.0
772.0,8615.0,150609.0
772.0,8615.0,150658.0
737.0,8606.0,150670.0
499.0,8524.0,150682.0
949.0,8674.0,150699.0
829.0,8631.0,150706.0
953.0,8568.0,150738.0
421.0,8439.0,150741.0
18.0,8412.0,150750.0
487.0,8519.0,150791.0
955.0,8611.0,150828.0
499.0,8524.0,150862.0
772.0,8615.0,150875.0
955.0,8625.0,150904.0
956.0,8319.0,150908.0
271.0,8433.0,150914.0
487.0,8519.0,150918.0
956.0,8319.0,150929.0
956.0,8319.0,150958.0
772.0,8615.0,150959.0
957.0,8676.0,150978.0
958.0,8659.0,150998.0
958.0,8659.0,151024.0
959.0,8677.0,151052.0
487.0,8519.0,151064.0
960.0,8254.0,151073.0
772.0,8615.0,151078.0
880.0,8655.0,151093.0
961.0,8659.0,151139.0
772.0,8615.0,151157.0
962.0,8678.0,151167.0
963.0,8679.0,151172.0
461.0,8322.0,151186.0
964.0,8680.0,151198.0
756.0,8611.0,151227.0
737.0,8606.0,151239.0
965.0,8681.0,151307.0
772.0,8615.0,151312.0
880.0,8655.0,151320.0
966.0,8412.0,151321.0
957.0,8676.0,151331.0
487.0,8519.0,151334.0
367.0,8473.0,151366.0
963.0,8679.0,151385.0
756.0,8611.0,151393.0
772.0,8615.0,151403.0
49.0,8273.0,151417.0
963.0,8679.0,151419.0
967.0,8427.0,151446.0
526.0,8535.0,151475.0
367.0,8473.0,151483.0
963.0,8679.0,151485.0
772.0,8615.0,151512.0
205.0,8379.0,151515.0
772.0,8615.0,151594.0
968.0,8318.0,151620.0
772.0,8615.0,151623.0
438.0,8319.0,151633.0
487.0,8519.0,151638.0
367.0,8473.0,151642.0
967.0,8427.0,151684.0
788.0,8621.0,151689.0
880.0,8655.0,151710.0
326.0,8457.0,151739.0
880.0,8655.0,151756.0
964.0,8680.0,151766.0
788.0,8621.0,151772.0
969.0,8623.0,151779.0
367.0,8473.0,151845.0
487.0,8519.0,151855.0
772.0,8615.0,151878.0
880.0,8655.0,151884.0
172.0,8250.0,151902.0
756.0,8611.0,151923.0
772.0,8615.0,151933.0
970.0,8388.0,151951.0
880.0,8655.0,151954.0
286.0,8361.0,151976.0
367.0,8473.0,151988.0
105.0,8318.0,152021.0
971.0,8659.0,152025.0
367.0,8473.0,152039.0
641.0,8580.0,152098.0
971.0,8659.0,152128.0
367.0,8473.0,152140.0
873.0,8651.0,152160.0
534.0,8277.0,152169.0
368.0,8276.0,152171.0
972.0,8552.0,152212.0
879.0,8654.0,152223.0
251.0,8504.0,152241.0
487.0,8519.0,152251.0
641.0,8580.0,152273.0
641.0,8580.0,152315.0
251.0,8504.0,152318.0
879.0,8654.0,152321.0
963.0,8679.0,152360.0
973.0,8472.0,152383.0
9.0,8471.0,152400.0
251.0,8504.0,152403.0
972.0,8552.0,152423.0
941.0,8471.0,152465.0
737.0,8606.0,152478.0
380.0,8479.0,152486.0
879.0,8654.0,152488.0
974.0,8623.0,152499.0
505.0,8525.0,152517.0
975.0,8623.0,152526.0
367.0,8473.0,152527.0
879.0,8654.0,152527.0
631.0,8300.0,152535.0
879.0,8654.0,152559.0
233.0,8399.0,152560.0
963.0,8679.0,152577.0
380.0,8479.0,152581.0
367.0,8473.0,152591.0
969.0,8623.0,152594.0
319.0,8373.0,152603.0
963.0,8679.0,152618.0
286.0,8390.0,152626.0
772.0,8615.0,152646.0
286.0,8390.0,152674.0
879.0,8654.0,152676.0
286.0,8390.0,152718.0
367.0,8473.0,152726.0
367.0,8473.0,152791.0
105.0,8385.0,152803.0
149.0,8419.0,152809.0
963.0,8679.0,152813.0
631.0,8300.0,152819.0
105.0,8385.0,152831.0
976.0,8602.0,152840.0
977.0,8682.0,152852.0
772.0,8615.0,152871.0
367.0,8473.0,152880.0
105.0,8385.0,152885.0
391.0,8485.0,152886.0
967.0,8427.0,152895.0
963.0,8679.0,152900.0
976.0,8602.0,152909.0
969.0,8623.0,152928.0
367.0,8473.0,152929.0
963.0,8679.0,152938.0
885.0,8657.0,152950.0
978.0,8669.0,152951.0
972.0,8552.0,152962.0
977.0,8682.0,152974.0
233.0,8399.0,152975.0
976.0,8602.0,152985.0
271.0,8433.0,152991.0
963.0,8679.0,152992.0
367.0,8473.0,153002.0
391.0,8485.0,153047.0
233.0,8399.0,153051.0
960.0,8254.0,153059.0
976.0,8602.0,153081.0
977.0,8682.0,153101.0
976.0,8602.0,153101.0
976.0,8602.0,153118.0
963.0,8679.0,153121.0
829.0,8631.0,153146.0
979.0,8347.0,153159.0
319.0,8623.0,153166.0
772.0,8615.0,153181.0
972.0,8552.0,153182.0
756.0,8611.0,153204.0
963.0,8679.0,153244.0
233.0,8399.0,153244.0
913.0,8677.0,153267.0
105.0,8385.0,153285.0
873.0,8651.0,153291.0
271.0,8433.0,153309.0
772.0,8615.0,153330.0
105.0,8347.0,153347.0
980.0,8592.0,153368.0
880.0,8655.0,153369.0
969.0,8623.0,153375.0
963.0,8679.0,153381.0
973.0,8369.0,153383.0
972.0,8552.0,153392.0
963.0,8679.0,153425.0
880.0,8655.0,153429.0
53.0,8552.0,153450.0
772.0,8615.0,153476.0
599.0,8478.0,153490.0
819.0,8347.0,153505.0
981.0,8683.0,153557.0
18.0,8683.0,153558.0
963.0,8679.0,153563.0
525.0,8492.0,153572.0
289.0,8442.0,153574.0
972.0,8552.0,153583.0
772.0,8615.0,153604.0
982.0,8412.0,153625.0
233.0,8399.0,153627.0
772.0,8615.0,153635.0
981.0,8683.0,153647.0
819.0,8385.0,153653.0
969.0,8623.0,153659.0
880.0,8655.0,153681.0
665.0,8683.0,153682.0
756.0,8611.0,153683.0
271.0,8433.0,153693.0
289.0,8442.0,153694.0
983.0,8413.0,153699.0
972.0,8552.0,153709.0
772.0,8615.0,153716.0
772.0,8615.0,153751.0
981.0,8683.0,153782.0
271.0,8433.0,153792.0
665.0,8683.0,153793.0
969.0,8623.0,153793.0
925.0,8413.0,153805.0
772.0,8615.0,153806.0
904.0,8665.0,153812.0
233.0,8399.0,153829.0
53.0,8552.0,153835.0
981.0,8683.0,153846.0
665.0,8683.0,153870.0
979.0,8347.0,153870.0
963.0,8679.0,153874.0
984.0,8677.0,153874.0
880.0,8655.0,153889.0
624.0,8659.0,153910.0
972.0,8552.0,153927.0
985.0,8443.0,153933.0
69.0,8390.0,153938.0
772.0,8615.0,153940.0
271.0,8433.0,153945.0
972.0,8552.0,153945.0
963.0,8679.0,153957.0
880.0,8655.0,153981.0
981.0,8683.0,153989.0
289.0,8442.0,153991.0
960.0,8254.0,153995.0
979.0,8347.0,153997.0
880.0,8655.0,154008.0
665.0,8683.0,154018.0
963.0,8679.0,154020.0
278.0,8319.0,154031.0
391.0,8485.0,154038.0
53.0,8552.0,154039.0
868.0,8684.0,154082.0
278.0,8319.0,154094.0
233.0,8399.0,154098.0
231.0,8397.0,154108.0
981.0,8683.0,154120.0
772.0,8615.0,154129.0
665.0,8683.0,154134.0
278.0,8319.0,154136.0
969.0,8623.0,154144.0
880.0,8655.0,154149.0
231.0,8397.0,154155.0
772.0,8615.0,154162.0
981.0,8683.0,154189.0
963.0,8679.0,154192.0
191.0,8683.0,154205.0
880.0,8655.0,154210.0
986.0,8623.0,154223.0
972.0,8552.0,154237.0
872.0,8605.0,154252.0
963.0,8679.0,154268.0
772.0,8615.0,154269.0
987.0,8560.0,154298.0
981.0,8683.0,154299.0
732.0,8683.0,154307.0
872.0,8605.0,154311.0
880.0,8655.0,154317.0
963.0,8679.0,154328.0
981.0,8683.0,154338.0
23.0,8683.0,154344.0
977.0,8682.0,154346.0
880.0,8655.0,154353.0
430.0,8412.0,154358.0
963.0,8679.0,154377.0
233.0,8399.0,154377.0
819.0,8385.0,154409.0
981.0,8683.0,154416.0
982.0,8412.0,154422.0
872.0,8605.0,154426.0
819.0,8385.0,154427.0
880.0,8655.0,154429.0
988.0,8445.0,154434.0
228.0,8321.0,154434.0
963.0,8679.0,154449.0
732.0,8683.0,154451.0
772.0,8615.0,154466.0
631.0,8300.0,154481.0
989.0,8517.0,154557.0
791.0,8413.0,154571.0
772.0,8615.0,154588.0
791.0,8413.0,154609.0
981.0,8683.0,154610.0
23.0,8683.0,154617.0
969.0,8623.0,154624.0
972.0,8552.0,154637.0
990.0,8620.0,154653.0
960.0,8481.0,154656.0
972.0,8552.0,154681.0
391.0,8485.0,154722.0
205.0,8379.0,154723.0
772.0,8615.0,154753.0
991.0,8546.0,154776.0
972.0,8552.0,154810.0
969.0,8623.0,154864.0
955.0,8425.0,154913.0
960.0,8481.0,154929.0
205.0,8379.0,154937.0
737.0,8606.0,154973.0
904.0,8665.0,154987.0
986.0,8623.0,155003.0
772.0,8615.0,155028.0
992.0,8616.0,155058.0
391.0,8485.0,155095.0
880.0,8655.0,155100.0
486.0,8518.0,155123.0
430.0,8373.0,155135.0
880.0,8655.0,155148.0
538.0,8319.0,155163.0
960.0,8254.0,155181.0
657.0,8442.0,155200.0
783.0,8651.0,155227.0
972.0,8552.0,155230.0
419.0,8479.0,155244.0
486.0,8518.0,155248.0
486.0,8518.0,155292.0
405.0,8321.0,155317.0
993.0,8478.0,155327.0
772.0,8615.0,155333.0
472.0,8250.0,155351.0
972.0,8552.0,155394.0
994.0,8567.0,155410.0
977.0,8682.0,155425.0
872.0,8605.0,155440.0
995.0,8635.0,155452.0
53.0,8552.0,155482.0
972.0,8552.0,155522.0
994.0,8567.0,155546.0
897.0,8663.0,155554.0
772.0,8615.0,155574.0
994.0,8567.0,155593.0
53.0,8552.0,155609.0
391.0,8485.0,155638.0
401.0,8568.0,155677.0
233.0,8399.0,155684.0
28.0,8255.0,155693.0
996.0,8484.0,155708.0
972.0,8552.0,155726.0
772.0,8615.0,155735.0
996.0,8484.0,155752.0
772.0,8615.0,155788.0
53.0,8552.0,155796.0
997.0,8589.0,155797.0
998.0,8685.0,155823.0
28.0,8255.0,155828.0
225.0,8394.0,155836.0
313.0,8454.0,155851.0
997.0,8589.0,155870.0
772.0,8615.0,155894.0
972.0,8552.0,155915.0
977.0,8682.0,155946.0
313.0,8454.0,155950.0
53.0,8552.0,155975.0
995.0,8635.0,155984.0
772.0,8615.0,156051.0
978.0,8669.0,156051.0
682.0,8589.0,156055.0
772.0,8615.0,156076.0
233.0,8399.0,156081.0
978.0,8669.0,156098.0
999.0,8316.0,156103.0
1000.0,8659.0,156115.0
972.0,8552.0,156122.0
53.0,8552.0,156144.0
18.0,8686.0,156157.0
972.0,8552.0,156174.0
999.0,8316.0,156177.0
969.0,8623.0,156222.0
880.0,8655.0,156226.0
53.0,8552.0,156229.0
28.0,8255.0,156241.0
376.0,8476.0,156266.0
880.0,8655.0,156293.0
28.0,8255.0,156329.0
972.0,8552.0,156336.0
486.0,8518.0,156377.0
225.0,8394.0,156385.0
28.0,8255.0,156392.0
972.0,8552.0,156399.0
438.0,8356.0,156423.0
864.0,8648.0,156433.0
880.0,8655.0,156467.0
225.0,8394.0,156468.0
526.0,8535.0,156487.0
864.0,8648.0,156499.0
969.0,8623.0,156522.0
972.0,8552.0,156595.0
225.0,8394.0,156600.0
444.0,8391.0,156613.0
28.0,8255.0,156615.0
772.0,8615.0,156635.0
28.0,8255.0,156659.0
772.0,8615.0,156664.0
772.0,8615.0,156692.0
969.0,8623.0,156713.0
225.0,8394.0,156757.0
995.0,8634.0,156759.0
972.0,8552.0,156783.0
661.0,8554.0,156783.0
864.0,8648.0,156784.0
486.0,8518.0,156804.0
879.0,8654.0,156808.0
271.0,8433.0,156828.0
864.0,8648.0,156852.0
969.0,8623.0,156868.0
618.0,8570.0,156890.0
652.0,8478.0,156927.0
864.0,8648.0,156945.0
969.0,8623.0,156954.0
313.0,8454.0,157026.0
1001.0,8247.0,157039.0
692.0,8687.0,157096.0
289.0,8442.0,157101.0
750.0,8424.0,157105.0
1002.0,8313.0,157114.0
972.0,8552.0,157127.0
225.0,8394.0,157136.0
125.0,8333.0,157149.0
880.0,8655.0,157153.0
1003.0,8309.0,157161.0
313.0,8454.0,157166.0
125.0,8333.0,157174.0
1004.0,8462.0,157184.0
313.0,8454.0,157207.0
641.0,8580.0,157208.0
341.0,8346.0,157264.0
641.0,8580.0,157274.0
641.0,8580.0,157300.0
564.0,8412.0,157316.0
987.0,8560.0,157317.0
1005.0,8387.0,157319.0
969.0,8623.0,157326.0
125.0,8333.0,157329.0
1004.0,8462.0,157354.0
18.0,8247.0,157360.0
772.0,8615.0,157365.0
125.0,8333.0,157385.0
641.0,8580.0,157386.0
864.0,8648.0,157396.0
125.0,8333.0,157432.0
969.0,8623.0,157438.0
621.0,8300.0,157454.0
772.0,8615.0,157459.0
525.0,8313.0,157460.0
987.0,8560.0,157461.0
864.0,8648.0,157481.0
972.0,8552.0,157504.0
28.0,8255.0,157618.0
1006.0,8662.0,157628.0
1007.0,8413.0,157692.0
772.0,8615.0,157693.0
1008.0,8300.0,157696.0
772.0,8615.0,157749.0
1009.0,8382.0,157766.0
772.0,8615.0,157770.0
2.0,8229.0,157779.0
28.0,8255.0,157781.0
772.0,8615.0,157813.0
972.0,8552.0,157817.0
28.0,8255.0,157830.0
272.0,8319.0,157850.0
969.0,8623.0,157856.0
28.0,8255.0,157859.0
1010.0,8684.0,157861.0
161.0,8317.0,157867.0
972.0,8552.0,157921.0
772.0,8615.0,157923.0
344.0,8449.0,157940.0
772.0,8615.0,157961.0
344.0,8449.0,157965.0
1011.0,8688.0,157985.0
1006.0,8662.0,157986.0
772.0,8615.0,158083.0
829.0,8631.0,158087.0
852.0,8644.0,158094.0
772.0,8615.0,158101.0
641.0,8580.0,158122.0
344.0,8449.0,158131.0
772.0,8615.0,158136.0
718.0,8584.0,158186.0
829.0,8631.0,158193.0
772.0,8615.0,158276.0
499.0,8524.0,158279.0
236.0,8391.0,158331.0
1012.0,8557.0,158339.0
1013.0,8369.0,158349.0
1014.0,8686.0,158355.0
772.0,8615.0,158377.0
969.0,8623.0,158402.0
772.0,8615.0,158413.0
772.0,8615.0,158449.0
236.0,8391.0,158468.0
306.0,8369.0,158474.0
852.0,8644.0,158494.0
1015.0,8605.0,158546.0
206.0,8380.0,158571.0
344.0,8449.0,158572.0
499.0,8524.0,158592.0
344.0,8449.0,158629.0
829.0,8631.0,158631.0
184.0,8368.0,158674.0
772.0,8615.0,158680.0
864.0,8648.0,158708.0
772.0,8615.0,158725.0
935.0,8680.0,158727.0
18.0,8402.0,158754.0
388.0,8584.0,158757.0
1016.0,8650.0,158881.0
772.0,8615.0,158908.0
405.0,8321.0,158913.0
772.0,8615.0,158925.0
1017.0,8578.0,158941.0
772.0,8615.0,158954.0
852.0,8644.0,158961.0
405.0,8321.0,158971.0
1005.0,8294.0,158998.0
527.0,8329.0,159009.0
493.0,8521.0,159033.0
405.0,8321.0,159052.0
983.0,8413.0,159060.0
1017.0,8578.0,159080.0
28.0,8255.0,159088.0
527.0,8329.0,159090.0
405.0,8321.0,159095.0
405.0,8321.0,159149.0
206.0,8380.0,159153.0
28.0,8255.0,159157.0
444.0,8369.0,159173.0
983.0,8413.0,159188.0
829.0,8631.0,159229.0
772.0,8615.0,159246.0
864.0,8648.0,159250.0
1018.0,8649.0,159261.0
772.0,8615.0,159304.0
864.0,8648.0,159312.0
772.0,8615.0,159326.0
444.0,8388.0,159384.0
864.0,8648.0,159405.0
829.0,8631.0,159417.0
1019.0,8418.0,159418.0
486.0,8518.0,159458.0
772.0,8615.0,159503.0
149.0,8584.0,159529.0
983.0,8413.0,159561.0
444.0,8487.0,159563.0
772.0,8615.0,159566.0
772.0,8615.0,159601.0
983.0,8413.0,159604.0
1020.0,8499.0,159613.0
904.0,8665.0,159637.0
772.0,8615.0,159654.0
1019.0,8418.0,159662.0
957.0,8676.0,159666.0
772.0,8615.0,159679.0
206.0,8380.0,159683.0
983.0,8413.0,159700.0
1017.0,8578.0,159789.0
772.0,8615.0,159803.0
231.0,8397.0,159850.0
852.0,8644.0,159857.0
772.0,8615.0,159869.0
772.0,8615.0,159897.0
772.0,8615.0,159918.0
772.0,8615.0,159941.0
198.0,8376.0,159970.0
28.0,8255.0,160014.0
772.0,8615.0,160044.0
1021.0,8689.0,160157.0
1022.0,8484.0,160192.0
11.0,8237.0,160208.0
1022.0,8484.0,160220.0
137.0,8343.0,160266.0
206.0,8690.0,160291.0
28.0,8255.0,160295.0
505.0,8525.0,160318.0
872.0,8605.0,160350.0
1017.0,8578.0,160379.0
1023.0,8413.0,160380.0
1024.0,8591.0,160416.0
1025.0,8571.0,160433.0
1026.0,8678.0,160443.0
414.0,8301.0,160443.0
1027.0,8264.0,160486.0
957.0,8676.0,160498.0
687.0,8591.0,160575.0
486.0,8518.0,160578.0
6.0,8233.0,160601.0
137.0,8410.0,160617.0
975.0,8623.0,160625.0
872.0,8605.0,160626.0
610.0,8376.0,160628.0
957.0,8676.0,160661.0
1028.0,8358.0,160662.0
1028.0,8358.0,160693.0
1029.0,8509.0,160695.0
486.0,8518.0,160700.0
526.0,8535.0,160718.0
1030.0,8691.0,160784.0
1017.0,8578.0,160784.0
800.0,8578.0,160794.0
405.0,8321.0,160856.0
1031.0,8692.0,160904.0
1031.0,8692.0,160930.0
1031.0,8692.0,160960.0
416.0,8496.0,161066.0
1032.0,8693.0,161069.0
231.0,8397.0,161077.0
109.0,8462.0,161103.0
414.0,8301.0,161115.0
109.0,8462.0,161132.0
11.0,8237.0,161143.0
109.0,8462.0,161163.0
11.0,8237.0,161171.0
1023.0,8413.0,161181.0
233.0,8399.0,161187.0
1033.0,8413.0,161205.0
1023.0,8413.0,161220.0
6.0,8233.0,161241.0
51.0,8300.0,161304.0
109.0,8322.0,161326.0
638.0,8578.0,161363.0
499.0,8524.0,161367.0
1034.0,8684.0,161370.0
638.0,8578.0,161391.0
1023.0,8413.0,161415.0
109.0,8322.0,161434.0
51.0,8300.0,161450.0
94.0,8308.0,161455.0
233.0,8399.0,161455.0
109.0,8322.0,161466.0
505.0,8525.0,161483.0
391.0,8485.0,161492.0
1035.0,8694.0,161502.0
1035.0,8694.0,161546.0
872.0,8605.0,161576.0
1035.0,8694.0,161603.0
28.0,8255.0,161625.0
505.0,8525.0,161640.0
1032.0,8693.0,161640.0
69.0,8447.0,161642.0
1035.0,8694.0,161655.0
1035.0,8694.0,161673.0
256.0,8569.0,161738.0
1036.0,8602.0,161753.0
1037.0,8274.0,161791.0
621.0,8300.0,161806.0
1037.0,8274.0,161839.0
1036.0,8602.0,161839.0
1035.0,8694.0,161842.0
1037.0,8274.0,161871.0
1036.0,8602.0,161914.0
289.0,8442.0,161942.0
1038.0,8373.0,161972.0
2.0,8229.0,161978.0
28.0,8255.0,162020.0
576.0,8463.0,162033.0
1005.0,8239.0,162038.0
1035.0,8694.0,162066.0
2.0,8229.0,162145.0
1035.0,8694.0,162147.0
385.0,8412.0,162157.0
2.0,8229.0,162197.0
1035.0,8694.0,162214.0
2.0,8229.0,162232.0
1035.0,8694.0,162254.0
1035.0,8694.0,162333.0
2.0,8229.0,162353.0
1039.0,8631.0,162366.0
1039.0,8631.0,162378.0
1035.0,8694.0,162396.0
1040.0,8695.0,162453.0
1039.0,8631.0,162465.0
1035.0,8694.0,162476.0
28.0,8255.0,162484.0
1035.0,8694.0,162505.0
11.0,8237.0,162511.0
499.0,8524.0,162544.0
1035.0,8694.0,162545.0
28.0,8255.0,162575.0
2.0,8229.0,162579.0
11.0,8237.0,162592.0
82.0,8257.0,162616.0
2.0,8229.0,162618.0
461.0,8322.0,162643.0
957.0,8676.0,162659.0
2.0,8229.0,162659.0
82.0,8257.0,162670.0
256.0,8569.0,162693.0
957.0,8676.0,162714.0
28.0,8255.0,162720.0
726.0,8474.0,162731.0
256.0,8569.0,162735.0
641.0,8580.0,162761.0
982.0,8412.0,162771.0
576.0,8463.0,162792.0
11.0,8237.0,162818.0
575.0,8553.0,162831.0
28.0,8255.0,162879.0
957.0,8676.0,162922.0
328.0,8452.0,162974.0
1039.0,8631.0,162986.0
28.0,8255.0,163014.0
1014.0,8696.0,163021.0
328.0,8452.0,163040.0
28.0,8255.0,163076.0
1016.0,8650.0,163095.0
328.0,8452.0,163107.0
1032.0,8693.0,163126.0
1041.0,8359.0,163133.0
1016.0,8650.0,163149.0
957.0,8676.0,163180.0
1042.0,8292.0,163228.0
576.0,8463.0,163239.0
28.0,8255.0,163299.0
385.0,8373.0,163344.0
328.0,8577.0,163371.0
51.0,8300.0,163401.0
328.0,8577.0,163417.0
28.0,8255.0,163427.0
50.0,8274.0,163483.0
51.0,8300.0,163491.0
51.0,8300.0,163546.0
1032.0,8693.0,163609.0
376.0,8476.0,163625.0
376.0,8476.0,163644.0
1043.0,8697.0,163692.0
1044.0,8634.0,163701.0
969.0,8623.0,163712.0
1043.0,8697.0,163750.0
1045.0,8506.0,163783.0
1045.0,8506.0,163821.0
1046.0,8546.0,163876.0
376.0,8476.0,163878.0
376.0,8476.0,163894.0
1043.0,8697.0,163921.0
1039.0,8631.0,163929.0
829.0,8631.0,163935.0
1039.0,8631.0,164010.0
957.0,8676.0,164025.0
1047.0,8250.0,164032.0
829.0,8631.0,164064.0
28.0,8255.0,164103.0
28.0,8255.0,164121.0
245.0,8334.0,164157.0
753.0,8698.0,164163.0
28.0,8255.0,164190.0
2.0,8229.0,164192.0
28.0,8255.0,164230.0
829.0,8631.0,164233.0
829.0,8631.0,164273.0
1048.0,8419.0,164277.0
319.0,8623.0,164278.0
319.0,8623.0,164404.0
2.0,8229.0,164408.0
982.0,8412.0,164422.0
1048.0,8317.0,164441.0
1049.0,8680.0,164475.0
2.0,8229.0,164578.0
1050.0,8699.0,164586.0
1051.0,8321.0,164632.0
1051.0,8321.0,164667.0
657.0,8442.0,164694.0
52.0,8337.0,164735.0
2.0,8229.0,164742.0
772.0,8615.0,164748.0
52.0,8337.0,164772.0
376.0,8476.0,164797.0
343.0,8338.0,164871.0
376.0,8476.0,164897.0
1052.0,8700.0,164906.0
730.0,8602.0,164909.0
376.0,8476.0,164927.0
1052.0,8700.0,164945.0
28.0,8255.0,164967.0
343.0,8338.0,164973.0
161.0,8317.0,165000.0
999.0,8316.0,165002.0
376.0,8476.0,165007.0
1017.0,8578.0,165013.0
376.0,8476.0,165041.0
1053.0,8701.0,165068.0
451.0,8620.0,165080.0
69.0,8546.0,165089.0
2.0,8229.0,165130.0
1050.0,8699.0,165132.0
4.0,8231.0,165171.0
957.0,8676.0,165179.0
376.0,8476.0,165192.0
179.0,8363.0,165206.0
376.0,8476.0,165217.0
1054.0,8424.0,165226.0
376.0,8476.0,165247.0
829.0,8631.0,165289.0
2.0,8229.0,165290.0
163.0,8569.0,165301.0
51.0,8300.0,165303.0
1055.0,8698.0,165309.0
376.0,8476.0,165324.0
1056.0,8267.0,165329.0
367.0,8473.0,165335.0
2.0,8229.0,165357.0
97.0,8584.0,165359.0
376.0,8476.0,165360.0
1050.0,8699.0,165365.0
404.0,8491.0,165414.0
376.0,8476.0,165425.0
336.0,8462.0,165426.0
179.0,8363.0,165432.0
51.0,8300.0,165455.0
638.0,8578.0,165463.0
1053.0,8701.0,165475.0
376.0,8476.0,165476.0
336.0,8463.0,165484.0
51.0,8300.0,165487.0
341.0,8346.0,165499.0
51.0,8300.0,165507.0
179.0,8363.0,165530.0
1057.0,8702.0,165533.0
161.0,8317.0,165534.0
866.0,8579.0,165535.0
1057.0,8702.0,165561.0
753.0,8698.0,165569.0
2.0,8229.0,165605.0
18.0,8677.0,165616.0
376.0,8476.0,165629.0
179.0,8363.0,165658.0
376.0,8476.0,165682.0
590.0,8558.0,165688.0
52.0,8703.0,165708.0
336.0,8464.0,165712.0
376.0,8476.0,165727.0
1058.0,8469.0,165770.0
52.0,8703.0,165775.0
1059.0,8612.0,165779.0
1053.0,8701.0,165784.0
179.0,8363.0,165828.0
1017.0,8578.0,165858.0
753.0,8698.0,165862.0
753.0,8698.0,165885.0
4.0,8231.0,165915.0
957.0,8676.0,165917.0
179.0,8363.0,165918.0
52.0,8703.0,165948.0
4.0,8231.0,165959.0
641.0,8580.0,165960.0
206.0,8690.0,165976.0
51.0,8300.0,166026.0
829.0,8631.0,166027.0
51.0,8300.0,166046.0
52.0,8703.0,166067.0
936.0,8580.0,166077.0
936.0,8580.0,166083.0
936.0,8580.0,166093.0
84.0,8597.0,166109.0
51.0,8300.0,166130.0
179.0,8363.0,166180.0
84.0,8597.0,166232.0
109.0,8322.0,166237.0
969.0,8623.0,166266.0
1032.0,8693.0,166291.0
1060.0,8442.0,166292.0
590.0,8558.0,166326.0
1060.0,8442.0,166335.0
109.0,8322.0,166361.0
1060.0,8442.0,166373.0
179.0,8363.0,166386.0
367.0,8473.0,166413.0
871.0,8580.0,166423.0
2.0,8229.0,166435.0
2.0,8229.0,166466.0
871.0,8580.0,166483.0
336.0,8243.0,166484.0
969.0,8623.0,166491.0
109.0,8322.0,166502.0
1061.0,8667.0,166509.0
1062.0,8623.0,166519.0
51.0,8300.0,166521.0
969.0,8623.0,166522.0
1063.0,8704.0,166528.0
444.0,8298.0,166545.0
871.0,8580.0,166558.0
69.0,8584.0,166563.0
1053.0,8701.0,166573.0
293.0,8368.0,166574.0
753.0,8698.0,166587.0
2.0,8229.0,166625.0
936.0,8580.0,166631.0
753.0,8698.0,166638.0
936.0,8580.0,166664.0
1061.0,8667.0,166680.0
293.0,8368.0,166683.0
1064.0,8623.0,166700.0
109.0,8322.0,166706.0
753.0,8698.0,166709.0
590.0,8558.0,166728.0
866.0,8579.0,166729.0
2.0,8229.0,166731.0
1032.0,8693.0,166760.0
2.0,8229.0,166767.0
1061.0,8667.0,166785.0
179.0,8363.0,166788.0
1063.0,8704.0,166826.0
1061.0,8667.0,166834.0
753.0,8698.0,166835.0
982.0,8412.0,166840.0
866.0,8579.0,166859.0
293.0,8368.0,166884.0
1064.0,8623.0,166905.0
1061.0,8667.0,166908.0
1061.0,8667.0,166927.0
2.0,8229.0,167009.0
1053.0,8701.0,167027.0
1061.0,8667.0,167033.0
1061.0,8667.0,167062.0
1065.0,8547.0,167063.0
1032.0,8693.0,167090.0
1065.0,8547.0,167108.0
1053.0,8701.0,167131.0
1032.0,8693.0,167148.0
1066.0,8286.0,167151.0
2.0,8229.0,167152.0
1061.0,8667.0,167155.0
109.0,8322.0,167178.0
1061.0,8667.0,167192.0
1053.0,8701.0,167208.0
1067.0,8284.0,167210.0
1061.0,8667.0,167216.0
109.0,8322.0,167233.0
590.0,8558.0,167255.0
69.0,8703.0,167269.0
1032.0,8693.0,167276.0
753.0,8698.0,167343.0
109.0,8462.0,167348.0
179.0,8363.0,167371.0
957.0,8676.0,167428.0
647.0,8547.0,167449.0
1067.0,8470.0,167460.0
1068.0,8705.0,167463.0
1053.0,8701.0,167474.0
534.0,8277.0,167478.0
753.0,8698.0,167508.0
1040.0,8529.0,167563.0
753.0,8698.0,167602.0
534.0,8277.0,167609.0
576.0,8463.0,167624.0
1061.0,8667.0,167646.0
1069.0,8706.0,167656.0
13.0,8239.0,167683.0
957.0,8676.0,167684.0
1070.0,8413.0,167687.0
1061.0,8667.0,167718.0
179.0,8363.0,167730.0
1061.0,8667.0,167747.0
534.0,8277.0,167768.0
1064.0,8623.0,167769.0
1061.0,8667.0,167775.0
414.0,8301.0,167776.0
957.0,8676.0,167779.0
1061.0,8667.0,167810.0
1071.0,8412.0,167811.0
2.0,8229.0,167823.0
753.0,8698.0,167843.0
1065.0,8547.0,167856.0
2.0,8229.0,167883.0
1065.0,8547.0,167886.0
1061.0,8667.0,167891.0
1072.0,8550.0,167901.0
1061.0,8667.0,167905.0
1065.0,8547.0,167942.0
1069.0,8706.0,167945.0
1035.0,8694.0,167976.0
1035.0,8694.0,167994.0
969.0,8623.0,168014.0
1035.0,8694.0,168017.0
1065.0,8547.0,168050.0
328.0,8577.0,168066.0
874.0,8650.0,168080.0
336.0,8250.0,168097.0
251.0,8504.0,168102.0
1035.0,8694.0,168142.0
1047.0,8250.0,168143.0
367.0,8473.0,168148.0
463.0,8412.0,168148.0
326.0,8457.0,168153.0
1073.0,8369.0,168247.0
2.0,8229.0,168278.0
1061.0,8667.0,168285.0
367.0,8473.0,168290.0
1074.0,8250.0,168299.0
28.0,8255.0,168302.0
1072.0,8550.0,168314.0
1065.0,8547.0,168330.0
233.0,8399.0,168346.0
251.0,8504.0,168347.0
28.0,8255.0,168378.0
1072.0,8550.0,168398.0
1061.0,8667.0,168409.0
1075.0,8680.0,168425.0
513.0,8528.0,168432.0
852.0,8644.0,168435.0
1069.0,8706.0,168459.0
1076.0,8333.0,168464.0
326.0,8457.0,168482.0
251.0,8504.0,168494.0
1035.0,8694.0,168498.0
590.0,8558.0,168543.0
1074.0,8250.0,168565.0
1075.0,8680.0,168569.0
1077.0,8707.0,168589.0
2.0,8229.0,168603.0
1035.0,8694.0,168606.0
1035.0,8694.0,168644.0
880.0,8655.0,168673.0
1035.0,8694.0,168683.0
513.0,8528.0,168687.0
880.0,8655.0,168690.0
2.0,8229.0,168692.0
1065.0,8547.0,168699.0
388.0,8584.0,168706.0
1075.0,8680.0,168712.0
1019.0,8418.0,168721.0
880.0,8655.0,168722.0
1065.0,8547.0,168726.0
1069.0,8706.0,168727.0
880.0,8655.0,168741.0
1065.0,8547.0,168745.0
1077.0,8707.0,168770.0
1061.0,8667.0,168772.0
2.0,8229.0,168812.0
935.0,8680.0,168816.0
1006.0,8662.0,168821.0
1065.0,8547.0,168845.0
1035.0,8694.0,168900.0
1032.0,8693.0,168923.0
326.0,8457.0,168936.0
663.0,8550.0,168937.0
1008.0,8275.0,168956.0
957.0,8676.0,169018.0
957.0,8676.0,169050.0
367.0,8473.0,169079.0
1078.0,8431.0,169093.0
1047.0,8250.0,169099.0
1035.0,8694.0,169112.0
275.0,8366.0,169133.0
367.0,8473.0,169141.0
1079.0,8708.0,169201.0
935.0,8577.0,169209.0
1035.0,8694.0,169217.0
40.0,8375.0,169225.0
1035.0,8694.0,169240.0
219.0,8390.0,169257.0
1080.0,8530.0,169266.0
1081.0,8328.0,169279.0
1035.0,8694.0,169285.0
1035.0,8694.0,169302.0
2.0,8229.0,169303.0
367.0,8473.0,169350.0
1035.0,8694.0,169351.0
957.0,8676.0,169422.0
1047.0,8250.0,169431.0
590.0,8558.0,169449.0
1065.0,8547.0,169473.0
1047.0,8250.0,169485.0
1047.0,8250.0,169511.0
1047.0,8250.0,169515.0
590.0,8558.0,169519.0
219.0,8390.0,169519.0
367.0,8473.0,169528.0
1019.0,8418.0,169535.0
388.0,8247.0,169535.0
1047.0,8250.0,169562.0
590.0,8558.0,169595.0
1082.0,8393.0,169613.0
957.0,8676.0,169614.0
219.0,8390.0,169629.0
6.0,8233.0,169635.0
1047.0,8250.0,169656.0
1083.0,8560.0,169658.0
219.0,8390.0,169674.0
1019.0,8418.0,169680.0
1047.0,8250.0,169680.0
657.0,8442.0,169708.0
1077.0,8707.0,169720.0
1047.0,8250.0,169739.0
969.0,8623.0,169741.0
876.0,8652.0,169756.0
416.0,8496.0,169766.0
367.0,8473.0,169773.0
11.0,8237.0,169783.0
1077.0,8707.0,169791.0
2.0,8229.0,169828.0
1084.0,8448.0,169858.0
1077.0,8707.0,169868.0
1047.0,8250.0,169894.0
219.0,8390.0,169926.0
1085.0,8264.0,169928.0
1047.0,8250.0,169933.0
89.0,8661.0,170025.0
1019.0,8418.0,170026.0
275.0,8366.0,170031.0
1035.0,8694.0,170031.0
1086.0,8284.0,170048.0
18.0,8284.0,170050.0
957.0,8676.0,170050.0
89.0,8661.0,170057.0
880.0,8655.0,170072.0
97.0,8311.0,170079.0
89.0,8661.0,170082.0
880.0,8655.0,170088.0
873.0,8651.0,170108.0
1035.0,8694.0,170113.0
367.0,8473.0,170142.0
89.0,8661.0,170166.0
219.0,8390.0,170170.0
89.0,8661.0,170190.0
367.0,8473.0,170195.0
1087.0,8709.0,170238.0
1067.0,8616.0,170247.0
89.0,8661.0,170249.0
1088.0,8664.0,170256.0
367.0,8473.0,170279.0
1035.0,8694.0,170304.0
18.0,8247.0,170305.0
89.0,8661.0,170307.0
880.0,8655.0,170319.0
876.0,8652.0,170319.0
97.0,8311.0,170361.0
219.0,8390.0,170380.0
1019.0,8418.0,170383.0
2.0,8229.0,170385.0
1084.0,8448.0,170391.0
876.0,8652.0,170395.0
219.0,8390.0,170406.0
233.0,8399.0,170432.0
2.0,8229.0,170435.0
89.0,8661.0,170443.0
367.0,8473.0,170466.0
2.0,8229.0,170473.0
219.0,8390.0,170491.0
1032.0,8693.0,170493.0
367.0,8473.0,170509.0
2.0,8229.0,170527.0
1089.0,8538.0,170533.0
2.0,8229.0,170582.0
445.0,8459.0,170586.0
146.0,8277.0,170591.0
876.0,8652.0,170632.0
367.0,8473.0,170633.0
1085.0,8264.0,170661.0
880.0,8655.0,170661.0
880.0,8655.0,170702.0
527.0,8511.0,170718.0
2.0,8229.0,170733.0
391.0,8485.0,170749.0
526.0,8535.0,170753.0
2.0,8229.0,170768.0
445.0,8459.0,170779.0
880.0,8655.0,170786.0
1088.0,8664.0,170807.0
69.0,8558.0,170816.0
876.0,8652.0,170836.0
880.0,8655.0,170857.0
2.0,8229.0,170891.0
1088.0,8664.0,170896.0
592.0,8343.0,170896.0
526.0,8535.0,170898.0
526.0,8535.0,170935.0
876.0,8652.0,170981.0
662.0,8587.0,170987.0
2.0,8229.0,171002.0
179.0,8363.0,171016.0
1089.0,8538.0,171033.0
756.0,8611.0,171048.0
876.0,8652.0,171060.0
880.0,8655.0,171078.0
880.0,8655.0,171131.0
2.0,8229.0,171139.0
526.0,8535.0,171151.0
753.0,8698.0,171156.0
365.0,8235.0,171160.0
880.0,8655.0,171164.0
880.0,8655.0,171221.0
952.0,8529.0,171227.0
2.0,8229.0,171231.0
1032.0,8693.0,171241.0
876.0,8652.0,171241.0
879.0,8654.0,171252.0
1084.0,8448.0,171260.0
525.0,8515.0,171284.0
1057.0,8702.0,171322.0
2.0,8229.0,171328.0
309.0,8452.0,171343.0
624.0,8648.0,171360.0
2.0,8229.0,171363.0
2.0,8229.0,171422.0
1019.0,8418.0,171425.0
753.0,8698.0,171450.0
876.0,8652.0,171451.0
880.0,8655.0,171462.0
2.0,8229.0,171468.0
880.0,8655.0,171491.0
560.0,8313.0,171498.0
391.0,8485.0,171517.0
1090.0,8710.0,171519.0
560.0,8711.0,171527.0
624.0,8648.0,171533.0
388.0,8247.0,171551.0
309.0,8452.0,171554.0
880.0,8655.0,171559.0
879.0,8654.0,171562.0
641.0,8580.0,171586.0
624.0,8648.0,171597.0
1090.0,8710.0,171611.0
880.0,8655.0,171619.0
1084.0,8448.0,171624.0
391.0,8485.0,171626.0
388.0,8247.0,171632.0
936.0,8580.0,171644.0
1090.0,8710.0,171657.0
936.0,8580.0,171669.0
309.0,8452.0,171682.0
1091.0,8512.0,171685.0
753.0,8698.0,171704.0
572.0,8448.0,171705.0
936.0,8580.0,171727.0
753.0,8698.0,171748.0
1019.0,8418.0,171776.0
936.0,8580.0,171777.0
28.0,8255.0,171784.0
679.0,8331.0,171795.0
936.0,8580.0,171797.0
880.0,8655.0,171811.0
936.0,8580.0,171812.0
1090.0,8710.0,171813.0
17.0,8326.0,171819.0
756.0,8611.0,171858.0
879.0,8654.0,171860.0
1092.0,8712.0,171862.0
977.0,8682.0,171865.0
776.0,8530.0,171866.0
964.0,8680.0,171884.0
894.0,8472.0,171887.0
879.0,8654.0,171924.0
1090.0,8710.0,171946.0
1093.0,8300.0,172004.0
1019.0,8418.0,172053.0
28.0,8255.0,172090.0
879.0,8654.0,172166.0
977.0,8682.0,172180.0
1032.0,8693.0,172190.0
473.0,8511.0,172193.0
1093.0,8300.0,172225.0
391.0,8485.0,172236.0
1094.0,8602.0,172239.0
879.0,8654.0,172247.0
89.0,8304.0,172264.0
1093.0,8300.0,172270.0
1094.0,8602.0,172284.0
1095.0,8550.0,172349.0
879.0,8654.0,172365.0
1019.0,8418.0,172407.0
1090.0,8710.0,172416.0
753.0,8698.0,172438.0
37.0,8412.0,172443.0
730.0,8602.0,172455.0
233.0,8399.0,172455.0
879.0,8654.0,172464.0
37.0,8412.0,172471.0
1032.0,8693.0,172472.0
251.0,8504.0,172496.0
876.0,8652.0,172512.0
97.0,8311.0,172516.0
679.0,8331.0,172554.0
576.0,8463.0,172561.0
1053.0,8701.0,172573.0
251.0,8504.0,172590.0
1019.0,8418.0,172592.0
730.0,8602.0,172597.0
1053.0,8701.0,172601.0
852.0,8644.0,172603.0
590.0,8558.0,172612.0
730.0,8602.0,172661.0
590.0,8558.0,172666.0
326.0,8457.0,172705.0
1019.0,8418.0,172707.0
1096.0,8521.0,172750.0
1053.0,8701.0,172767.0
876.0,8652.0,172768.0
977.0,8682.0,172772.0
251.0,8504.0,172773.0
655.0,8517.0,172785.0
969.0,8276.0,172827.0
1053.0,8701.0,172827.0
964.0,8680.0,172830.0
1053.0,8701.0,172861.0
1090.0,8710.0,172888.0
1019.0,8418.0,172914.0
1002.0,8711.0,172920.0
1090.0,8710.0,172930.0
1032.0,8693.0,172931.0
876.0,8652.0,172938.0
97.0,8311.0,172964.0
977.0,8682.0,172972.0
1097.0,8713.0,172978.0
592.0,8565.0,172981.0
37.0,8373.0,172999.0
1098.0,8357.0,173020.0
69.0,8580.0,173024.0
1099.0,8533.0,173071.0
995.0,8635.0,173086.0
668.0,8560.0,173119.0
879.0,8654.0,173135.0
1099.0,8533.0,173189.0
668.0,8560.0,173211.0
1057.0,8702.0,173227.0
995.0,8635.0,173231.0
1097.0,8713.0,173248.0
876.0,8652.0,173252.0
876.0,8652.0,173295.0
1097.0,8713.0,173313.0
1099.0,8533.0,173338.0
233.0,8399.0,173362.0
1090.0,8710.0,173383.0
1097.0,8713.0,173387.0
1053.0,8701.0,173423.0
1097.0,8713.0,173445.0
251.0,8504.0,173457.0
572.0,8448.0,173472.0
1090.0,8710.0,173495.0
19.0,8245.0,173508.0
1053.0,8701.0,173534.0
647.0,8547.0,173559.0
1100.0,8447.0,173575.0
1053.0,8701.0,173617.0
476.0,8484.0,173622.0
1090.0,8710.0,173659.0
1097.0,8713.0,173659.0
1101.0,8339.0,173688.0
852.0,8644.0,173690.0
1102.0,8623.0,173692.0
876.0,8652.0,173705.0
976.0,8602.0,173729.0
1097.0,8713.0,173762.0
852.0,8644.0,173771.0
37.0,8373.0,173813.0
964.0,8680.0,173815.0
1097.0,8713.0,173817.0
251.0,8504.0,173831.0
1099.0,8533.0,173831.0
1090.0,8710.0,173899.0
1094.0,8602.0,173946.0
1097.0,8713.0,173960.0
1053.0,8701.0,173976.0
251.0,8504.0,173977.0
1090.0,8710.0,174020.0
852.0,8644.0,174027.0
641.0,8580.0,174031.0
1053.0,8701.0,174044.0
1090.0,8710.0,174066.0
540.0,8412.0,174075.0
1097.0,8713.0,174088.0
976.0,8602.0,174103.0
1099.0,8533.0,174116.0
641.0,8580.0,174182.0
326.0,8457.0,174197.0
1097.0,8713.0,174268.0
251.0,8504.0,174270.0
1097.0,8713.0,174332.0
876.0,8652.0,174332.0
852.0,8644.0,174361.0
1103.0,8531.0,174372.0
6.0,8233.0,174372.0
638.0,8578.0,174374.0
1032.0,8693.0,174382.0
1090.0,8710.0,174396.0
1097.0,8713.0,174490.0
251.0,8504.0,174506.0
1104.0,8567.0,174539.0
1090.0,8710.0,174540.0
6.0,8233.0,174547.0
1097.0,8713.0,174549.0
1090.0,8710.0,174553.0
1090.0,8710.0,174616.0
872.0,8605.0,174620.0
852.0,8644.0,174627.0
1097.0,8713.0,174644.0
1105.0,8358.0,174691.0
1090.0,8710.0,174705.0
969.0,8623.0,174715.0
641.0,8580.0,174743.0
6.0,8233.0,174775.0
1032.0,8693.0,174783.0
1099.0,8533.0,174788.0
879.0,8654.0,174818.0
525.0,8515.0,174828.0
977.0,8682.0,174842.0
1106.0,8659.0,174877.0
233.0,8399.0,174905.0
256.0,8569.0,174910.0
6.0,8233.0,174942.0
1090.0,8710.0,174956.0
17.0,8250.0,174963.0
17.0,8250.0,175019.0
1090.0,8710.0,175035.0
6.0,8233.0,175084.0
852.0,8644.0,175092.0
233.0,8399.0,175147.0
251.0,8504.0,175149.0
668.0,8560.0,175162.0
326.0,8457.0,175170.0
1090.0,8710.0,175174.0
879.0,8654.0,175190.0
1100.0,8447.0,175198.0
641.0,8580.0,175206.0
977.0,8682.0,175215.0
868.0,8634.0,175227.0
1090.0,8710.0,175247.0
1107.0,8637.0,175247.0
1108.0,8258.0,175250.0
868.0,8634.0,175277.0
233.0,8399.0,175326.0
852.0,8644.0,175356.0
251.0,8504.0,175366.0
89.0,8661.0,175432.0
205.0,8379.0,175440.0
89.0,8661.0,175458.0
964.0,8714.0,175466.0
852.0,8644.0,175469.0
375.0,8258.0,175471.0
641.0,8580.0,175472.0
936.0,8580.0,175505.0
391.0,8485.0,175511.0
936.0,8580.0,175519.0
6.0,8233.0,175532.0
936.0,8580.0,175533.0
251.0,8504.0,175533.0
1109.0,8520.0,175536.0
936.0,8580.0,175548.0
936.0,8580.0,175563.0
1090.0,8710.0,175597.0
748.0,8715.0,175627.0
6.0,8233.0,175642.0
1090.0,8710.0,175647.0
722.0,8586.0,175707.0
748.0,8715.0,175719.0
36.0,8263.0,175734.0
393.0,8486.0,175741.0
964.0,8680.0,175756.0
1105.0,8378.0,175768.0
572.0,8448.0,175774.0
6.0,8233.0,175774.0
444.0,8637.0,175795.0
233.0,8399.0,175837.0
748.0,8715.0,175841.0
748.0,8715.0,175859.0
975.0,8623.0,175866.0
6.0,8233.0,175883.0
393.0,8486.0,175946.0
1019.0,8418.0,175952.0
748.0,8715.0,175967.0
977.0,8682.0,175979.0
251.0,8504.0,176006.0
1019.0,8418.0,176057.0
748.0,8715.0,176079.0
1088.0,8664.0,176087.0
1090.0,8710.0,176089.0
416.0,8496.0,176109.0
969.0,8623.0,176114.0
251.0,8504.0,176117.0
6.0,8233.0,176120.0
379.0,8478.0,176129.0
969.0,8623.0,176192.0
1110.0,8591.0,176194.0
61.0,8283.0,176196.0
1090.0,8710.0,176198.0
1111.0,8629.0,176211.0
233.0,8399.0,176224.0
251.0,8504.0,176240.0
1090.0,8710.0,176250.0
379.0,8464.0,176262.0
1088.0,8664.0,176273.0
977.0,8682.0,176294.0
1088.0,8664.0,176304.0
6.0,8233.0,176319.0
171.0,8261.0,176372.0
379.0,8478.0,176372.0
19.0,8245.0,176373.0
969.0,8623.0,176381.0
1112.0,8451.0,176384.0
719.0,8530.0,176388.0
1090.0,8710.0,176409.0
233.0,8399.0,176418.0
1113.0,8286.0,176418.0
1088.0,8664.0,176435.0
1114.0,8525.0,176444.0
879.0,8654.0,176476.0
969.0,8623.0,176478.0
171.0,8261.0,176488.0
1088.0,8664.0,176492.0
1088.0,8664.0,176521.0
969.0,8623.0,176533.0
969.0,8623.0,176557.0
679.0,8331.0,176573.0
875.0,8587.0,176582.0
379.0,8358.0,176586.0
679.0,8331.0,176591.0
977.0,8682.0,176591.0
1112.0,8451.0,176592.0
976.0,8602.0,176605.0
679.0,8331.0,176614.0
1019.0,8418.0,176627.0
641.0,8580.0,176637.0
969.0,8623.0,176640.0
719.0,8530.0,176643.0
6.0,8233.0,176665.0
1090.0,8710.0,176666.0
1114.0,8525.0,176704.0
969.0,8623.0,176718.0
1088.0,8664.0,176745.0
1090.0,8710.0,176771.0
1090.0,8710.0,176787.0
1090.0,8710.0,176812.0
719.0,8530.0,176830.0
1112.0,8451.0,176838.0
6.0,8233.0,176851.0
969.0,8623.0,176852.0
1090.0,8710.0,176868.0
1088.0,8664.0,176876.0
379.0,8478.0,176891.0
1090.0,8710.0,176996.0
662.0,8587.0,177006.0
513.0,8463.0,177029.0
977.0,8682.0,177047.0
1112.0,8451.0,177054.0
1115.0,8716.0,177079.0
1090.0,8710.0,177080.0
379.0,8478.0,177080.0
969.0,8623.0,177166.0
1090.0,8710.0,177230.0
719.0,8530.0,177235.0
719.0,8530.0,177252.0
1099.0,8533.0,177261.0
1090.0,8710.0,177272.0
1090.0,8710.0,177316.0
977.0,8682.0,177317.0
676.0,8412.0,177343.0
641.0,8580.0,177356.0
1088.0,8664.0,177357.0
1090.0,8710.0,177393.0
560.0,8515.0,177400.0
969.0,8623.0,177402.0
1088.0,8664.0,177408.0
879.0,8654.0,177443.0
1112.0,8451.0,177455.0
1116.0,8250.0,177459.0
775.0,8339.0,177514.0
775.0,8339.0,177584.0
1112.0,8451.0,177606.0
416.0,8496.0,177635.0
879.0,8654.0,177638.0
196.0,8385.0,177650.0
1017.0,8578.0,177670.0
329.0,8458.0,177683.0
1088.0,8664.0,177715.0
416.0,8496.0,177767.0
196.0,8385.0,177797.0
879.0,8654.0,177816.0
1019.0,8418.0,177817.0
329.0,8458.0,177831.0
756.0,8611.0,177882.0
1019.0,8418.0,177893.0
879.0,8654.0,177914.0
1117.0,8377.0,177926.0
1017.0,8578.0,177934.0
416.0,8496.0,177935.0
196.0,8347.0,177967.0
329.0,8458.0,177986.0
1117.0,8377.0,178008.0
196.0,8347.0,178065.0
329.0,8458.0,178093.0
756.0,8611.0,178096.0
1088.0,8664.0,178099.0
495.0,8624.0,178221.0
1088.0,8664.0,178269.0
1032.0,8693.0,178314.0
1088.0,8664.0,178320.0
1057.0,8702.0,178334.0
1088.0,8664.0,178344.0
679.0,8331.0,178357.0
772.0,8615.0,178364.0
879.0,8654.0,178366.0
679.0,8331.0,178369.0
1115.0,8716.0,178376.0
676.0,8412.0,178388.0
1088.0,8664.0,178529.0
1118.0,8339.0,178541.0
1119.0,8244.0,178553.0
879.0,8654.0,178633.0
663.0,8550.0,178693.0
1120.0,8717.0,178697.0
663.0,8550.0,178750.0
405.0,8321.0,178755.0
219.0,8390.0,178810.0
879.0,8654.0,178848.0
219.0,8390.0,178852.0
1088.0,8664.0,178892.0
663.0,8550.0,178895.0
1019.0,8418.0,178911.0
879.0,8654.0,178914.0
663.0,8550.0,178931.0
1121.0,8435.0,178939.0
772.0,8615.0,178949.0
1116.0,8250.0,178960.0
663.0,8550.0,178969.0
405.0,8321.0,178985.0
1121.0,8435.0,178990.0
756.0,8611.0,178990.0
879.0,8654.0,179052.0
772.0,8615.0,179071.0
405.0,8321.0,179143.0
571.0,8412.0,179170.0
1122.0,8247.0,179183.0
1123.0,8371.0,179342.0
23.0,8623.0,179353.0
756.0,8611.0,179354.0
1019.0,8418.0,179363.0
590.0,8558.0,179524.0
679.0,8331.0,179546.0
776.0,8530.0,179565.0
939.0,8435.0,179631.0
1116.0,8250.0,179656.0
1124.0,8718.0,179677.0
1032.0,8693.0,179690.0
1124.0,8718.0,179701.0
1125.0,8301.0,179775.0
391.0,8485.0,179777.0
1088.0,8664.0,179851.0
879.0,8654.0,179856.0
667.0,8432.0,179867.0
1124.0,8718.0,179887.0
124.0,8332.0,179978.0
1125.0,8301.0,179984.0
553.0,8263.0,180090.0
525.0,8313.0,180093.0
1125.0,8301.0,180145.0
525.0,8313.0,180181.0
525.0,8313.0,180210.0
879.0,8654.0,180212.0
217.0,8389.0,180225.0
217.0,8389.0,180243.0
536.0,8313.0,180301.0
1099.0,8533.0,180303.0
679.0,8331.0,180316.0
217.0,8389.0,180324.0
525.0,8313.0,180345.0
731.0,8375.0,180391.0
731.0,8375.0,180409.0
879.0,8654.0,180446.0
756.0,8611.0,180455.0
879.0,8654.0,180480.0
536.0,8313.0,180494.0
879.0,8654.0,180539.0
1112.0,8277.0,180557.0
641.0,8580.0,180568.0
1099.0,8533.0,180570.0
1008.0,8258.0,180600.0
217.0,8389.0,180608.0
756.0,8611.0,180616.0
513.0,8528.0,180620.0
997.0,8623.0,180653.0
879.0,8654.0,180657.0
997.0,8623.0,180711.0
997.0,8623.0,180767.0
179.0,8363.0,180801.0
997.0,8623.0,180844.0
1032.0,8693.0,180863.0
1088.0,8664.0,180890.0
1126.0,8423.0,180891.0
997.0,8623.0,180929.0
199.0,8645.0,180961.0
179.0,8363.0,180965.0
1112.0,8451.0,180972.0
1126.0,8423.0,180980.0
1127.0,8467.0,180995.0
1127.0,8467.0,181028.0
1128.0,8536.0,181046.0
1112.0,8451.0,181107.0
997.0,8623.0,181166.0
1112.0,8451.0,181209.0
997.0,8623.0,181222.0
217.0,8389.0,181241.0
997.0,8623.0,181248.0
1019.0,8418.0,181282.0
1032.0,8693.0,181315.0
217.0,8389.0,181315.0
217.0,8389.0,181341.0
1112.0,8451.0,181353.0
217.0,8389.0,181359.0
1129.0,8414.0,181361.0
1112.0,8451.0,181376.0
217.0,8389.0,181381.0
217.0,8389.0,181422.0
679.0,8331.0,181440.0
1130.0,8537.0,181451.0
228.0,8321.0,181452.0
1112.0,8451.0,181459.0
1112.0,8451.0,181479.0
1088.0,8664.0,181487.0
879.0,8654.0,181571.0
513.0,8528.0,181607.0
1112.0,8451.0,181652.0
590.0,8558.0,181671.0
1032.0,8693.0,181675.0
1112.0,8451.0,181697.0
1112.0,8451.0,181725.0
1131.0,8533.0,181739.0
641.0,8580.0,181751.0
228.0,8321.0,181756.0
1112.0,8451.0,181760.0
1132.0,8711.0,181763.0
513.0,8528.0,181768.0
1132.0,8711.0,181795.0
1112.0,8451.0,181804.0
1019.0,8418.0,181952.0
1088.0,8664.0,181996.0
222.0,8264.0,182116.0
1019.0,8418.0,182129.0
1129.0,8414.0,182162.0
1032.0,8693.0,182163.0
1088.0,8664.0,182198.0
679.0,8331.0,182243.0
18.0,8623.0,182370.0
1037.0,8399.0,182378.0
1037.0,8399.0,182401.0
222.0,8264.0,182421.0
590.0,8558.0,182429.0
1037.0,8399.0,182435.0
1133.0,8371.0,182510.0
1134.0,8264.0,182536.0
1037.0,8399.0,182540.0
69.0,8451.0,182552.0
639.0,8579.0,182557.0
1133.0,8371.0,182559.0
1088.0,8664.0,182568.0
1133.0,8371.0,182582.0
639.0,8579.0,182624.0
1088.0,8664.0,182634.0
685.0,8339.0,182637.0
222.0,8264.0,182639.0
679.0,8331.0,182709.0
513.0,8528.0,182720.0
258.0,8423.0,182729.0
282.0,8283.0,182729.0
1019.0,8418.0,182805.0
258.0,8423.0,182818.0
282.0,8283.0,182944.0
679.0,8331.0,183006.0
151.0,8620.0,183053.0
748.0,8290.0,183083.0
1019.0,8418.0,183090.0
180.0,8364.0,183093.0
748.0,8290.0,183100.0
28.0,8255.0,183106.0
1019.0,8418.0,183113.0
1019.0,8418.0,183135.0
572.0,8448.0,183141.0
748.0,8290.0,183155.0
1019.0,8418.0,183160.0
1135.0,8261.0,183174.0
1019.0,8418.0,183179.0
1115.0,8716.0,183180.0
416.0,8496.0,183211.0
1019.0,8418.0,183214.0
1088.0,8664.0,183284.0
685.0,8339.0,183302.0
685.0,8339.0,183334.0
1019.0,8418.0,183342.0
1019.0,8418.0,183409.0
977.0,8682.0,183444.0
466.0,8510.0,183489.0
416.0,8496.0,183492.0
240.0,8423.0,183497.0
527.0,8536.0,183498.0
527.0,8536.0,183515.0
240.0,8423.0,183545.0
466.0,8510.0,183608.0
416.0,8496.0,183610.0
128.0,8335.0,183613.0
572.0,8448.0,183638.0
977.0,8682.0,183662.0
1088.0,8664.0,183754.0
290.0,8443.0,183825.0
1126.0,8423.0,183825.0
416.0,8496.0,183840.0
1126.0,8423.0,183915.0
2.0,8229.0,183919.0
1019.0,8418.0,183932.0
172.0,8250.0,183979.0
2.0,8229.0,183985.0
737.0,8606.0,183992.0
1126.0,8423.0,183993.0
466.0,8510.0,183994.0
1019.0,8418.0,184022.0
2.0,8229.0,184028.0
2.0,8229.0,184057.0
1115.0,8716.0,184075.0
977.0,8682.0,184081.0
2.0,8229.0,184100.0
572.0,8448.0,184111.0
536.0,8719.0,184127.0
1126.0,8423.0,184156.0
448.0,8578.0,184204.0
466.0,8510.0,184226.0
1019.0,8418.0,184232.0
1019.0,8418.0,184273.0
1019.0,8418.0,184314.0
258.0,8423.0,184380.0
1126.0,8423.0,184401.0
1126.0,8423.0,184416.0
572.0,8448.0,184464.0
550.0,8243.0,184520.0
1088.0,8664.0,184533.0
1136.0,8388.0,184564.0
141.0,8277.0,184565.0
1019.0,8418.0,184569.0
258.0,8423.0,184577.0
1088.0,8664.0,184602.0
1115.0,8716.0,184625.0
466.0,8510.0,184657.0
28.0,8255.0,184735.0
679.0,8331.0,184750.0
550.0,8243.0,184772.0
28.0,8255.0,184777.0
51.0,8300.0,184788.0
180.0,8364.0,184813.0
28.0,8255.0,184839.0
1137.0,8720.0,184867.0
1136.0,8388.0,184870.0
51.0,8300.0,184878.0
28.0,8255.0,184912.0
1019.0,8418.0,184918.0
655.0,8364.0,184941.0
28.0,8255.0,184992.0
2.0,8229.0,185020.0
1019.0,8418.0,185029.0
1138.0,8463.0,185148.0
641.0,8580.0,185159.0
1139.0,8557.0,185160.0
1088.0,8664.0,185187.0
1140.0,8715.0,185210.0
1139.0,8557.0,185214.0
641.0,8580.0,185217.0
1088.0,8664.0,185228.0
2.0,8229.0,185239.0
1140.0,8715.0,185280.0
1088.0,8664.0,185289.0
1088.0,8664.0,185322.0
2.0,8229.0,185340.0
424.0,8241.0,185352.0
424.0,8241.0,185390.0
1140.0,8715.0,185399.0
1140.0,8715.0,185411.0
1140.0,8715.0,185498.0
1140.0,8715.0,185521.0
1088.0,8664.0,185533.0
51.0,8300.0,185552.0
1037.0,8261.0,185559.0
2.0,8229.0,185590.0
1138.0,8661.0,185604.0
1139.0,8557.0,185608.0
1139.0,8557.0,185625.0
69.0,8702.0,185644.0
1019.0,8418.0,185746.0
1141.0,8250.0,185796.0
1142.0,8623.0,185830.0
2.0,8229.0,185836.0
1143.0,8587.0,185853.0
590.0,8558.0,185871.0
1137.0,8720.0,185874.0
1057.0,8702.0,185965.0
416.0,8496.0,185985.0
431.0,8704.0,186060.0
977.0,8682.0,186079.0
1144.0,8412.0,186110.0
1019.0,8418.0,186140.0
172.0,8250.0,186169.0
18.0,8412.0,186170.0
1145.0,8623.0,186187.0
51.0,8300.0,186221.0
215.0,8387.0,186223.0
753.0,8698.0,186264.0
426.0,8235.0,186288.0
1008.0,8412.0,186302.0
851.0,8643.0,186379.0
1137.0,8720.0,186391.0
215.0,8387.0,186434.0
213.0,8386.0,186436.0
1088.0,8664.0,186453.0
851.0,8643.0,186505.0
1088.0,8664.0,186512.0
215.0,8387.0,186533.0
655.0,8364.0,186568.0
590.0,8558.0,186578.0
213.0,8386.0,186602.0
977.0,8682.0,186622.0
96.0,8294.0,186627.0
1146.0,8484.0,186642.0
879.0,8654.0,186659.0
1088.0,8664.0,186671.0
426.0,8235.0,186674.0
756.0,8611.0,186676.0
1147.0,8712.0,186693.0
637.0,8577.0,186695.0
1043.0,8697.0,186782.0
590.0,8558.0,186833.0
18.0,8721.0,186869.0
753.0,8698.0,186889.0
1088.0,8664.0,186948.0
426.0,8235.0,187035.0
572.0,8448.0,187045.0
590.0,8558.0,187093.0
1148.0,8643.0,187120.0
1149.0,8718.0,187217.0
1150.0,8650.0,187309.0
1088.0,8664.0,187442.0
756.0,8611.0,187513.0
1088.0,8664.0,187528.0
1088.0,8664.0,187579.0
1151.0,8436.0,187645.0
1019.0,8418.0,187649.0
1088.0,8664.0,187649.0
1152.0,8589.0,187655.0
1153.0,8313.0,187678.0
66.0,8623.0,187689.0
465.0,8290.0,187829.0
590.0,8558.0,187843.0
1043.0,8697.0,187892.0
590.0,8558.0,187917.0
641.0,8580.0,187927.0
1154.0,8302.0,187936.0
1019.0,8418.0,187962.0
1151.0,8436.0,187982.0
590.0,8558.0,188002.0
1043.0,8697.0,188013.0
1155.0,8378.0,188033.0
1019.0,8418.0,188045.0
590.0,8558.0,188068.0
1088.0,8664.0,188136.0
590.0,8558.0,188140.0
213.0,8386.0,188178.0
18.0,8645.0,188207.0
1088.0,8664.0,188211.0
986.0,8623.0,188256.0
94.0,8308.0,188290.0
1156.0,8646.0,188354.0
213.0,8386.0,188374.0
2.0,8229.0,188460.0
1157.0,8720.0,188466.0
884.0,8602.0,188515.0
1019.0,8418.0,188533.0
2.0,8229.0,188590.0
1043.0,8697.0,188645.0
641.0,8580.0,188661.0
51.0,8300.0,188687.0
1019.0,8418.0,188690.0
1158.0,8499.0,188696.0
1139.0,8557.0,188710.0
51.0,8300.0,188711.0
1159.0,8603.0,188724.0
572.0,8448.0,188740.0
213.0,8386.0,188772.0
1088.0,8664.0,188830.0
51.0,8300.0,188837.0
240.0,8636.0,188849.0
984.0,8448.0,188893.0
2.0,8229.0,188920.0
219.0,8438.0,188945.0
641.0,8580.0,188945.0
984.0,8558.0,188975.0
219.0,8438.0,188996.0
1088.0,8664.0,189011.0
19.0,8245.0,189066.0
2.0,8229.0,189068.0
2.0,8229.0,189094.0
1087.0,8709.0,189125.0
69.0,8302.0,189156.0
2.0,8229.0,189178.0
465.0,8290.0,189233.0
347.0,8722.0,189281.0
465.0,8290.0,189285.0
219.0,8627.0,189334.0
1088.0,8664.0,189341.0
726.0,8474.0,189347.0
219.0,8627.0,189427.0
119.0,8328.0,189464.0
213.0,8386.0,189483.0
323.0,8248.0,189505.0
2.0,8229.0,189685.0
465.0,8290.0,189709.0
213.0,8386.0,189716.0
1140.0,8290.0,189739.0
51.0,8300.0,189809.0
1140.0,8343.0,189826.0
119.0,8328.0,189847.0
1019.0,8418.0,189852.0
51.0,8300.0,189863.0
522.0,8531.0,189936.0
119.0,8328.0,189987.0
919.0,8412.0,190007.0
2.0,8229.0,190015.0
1160.0,8723.0,190061.0
1161.0,8274.0,190069.0
1088.0,8664.0,190117.0
2.0,8229.0,190135.0
1140.0,8715.0,190163.0
1088.0,8664.0,190176.0
1140.0,8715.0,190185.0
745.0,8313.0,190212.0
699.0,8412.0,190317.0
240.0,8410.0,190402.0
213.0,8386.0,190411.0
431.0,8704.0,190424.0
213.0,8386.0,190440.0
745.0,8723.0,190471.0
37.0,8412.0,190489.0
1162.0,8723.0,190519.0
1163.0,8723.0,190551.0
119.0,8328.0,190551.0
1019.0,8418.0,190557.0
1163.0,8723.0,190579.0
641.0,8580.0,190586.0
217.0,8389.0,190617.0
217.0,8389.0,190637.0
1164.0,8484.0,190713.0
25.0,8252.0,190730.0
1019.0,8418.0,190761.0
641.0,8580.0,190777.0
258.0,8423.0,190787.0
1165.0,8475.0,190792.0
25.0,8252.0,190817.0
258.0,8423.0,190823.0
119.0,8328.0,190824.0
1019.0,8418.0,190837.0
1088.0,8664.0,190881.0
641.0,8580.0,190908.0
28.0,8255.0,190990.0
1088.0,8664.0,190990.0
1088.0,8664.0,191021.0
51.0,8300.0,191070.0
919.0,8412.0,191095.0
484.0,8720.0,191120.0
356.0,8369.0,191151.0
119.0,8328.0,191159.0
51.0,8300.0,191181.0
2.0,8229.0,191181.0
1088.0,8664.0,191248.0
356.0,8388.0,191279.0
1139.0,8557.0,191306.0
179.0,8363.0,191352.0
1019.0,8418.0,191359.0
1139.0,8557.0,191384.0
1140.0,8509.0,191403.0
1166.0,8393.0,191443.0
641.0,8580.0,191449.0
1167.0,8236.0,191458.0
179.0,8363.0,191484.0
1140.0,8509.0,191507.0
484.0,8720.0,191555.0
356.0,8388.0,191559.0
179.0,8363.0,191564.0
1168.0,8321.0,191581.0
1019.0,8418.0,191585.0
484.0,8720.0,191602.0
119.0,8328.0,191628.0
1019.0,8418.0,191639.0
135.0,8341.0,191708.0
213.0,8386.0,191712.0
