src,dst,time
0.0,980.0,0.0
1.0,981.0,54.0
1.0,982.0,306.0
2.0,983.0,479.0
1.0,984.0,522.0
1.0,985.0,728.0
3.0,986.0,3714.0
3.0,987.0,4398.0
3.0,988.0,5362.0
3.0,989.0,6419.0
4.0,990.0,7417.0
5.0,991.0,8419.0
2.0,983.0,14959.0
4.0,992.0,15007.0
1.0,993.0,17427.0
1.0,994.0,17724.0
1.0,995.0,18006.0
1.0,996.0,18288.0
4.0,997.0,18344.0
1.0,998.0,18531.0
5.0,999.0,18636.0
1.0,981.0,18808.0
1.0,982.0,19060.0
5.0,1000.0,20195.0
0.0,1001.0,23181.0
5.0,1002.0,25230.0
6.0,1003.0,26021.0
7.0,1004.0,28741.0
0.0,1005.0,29377.0
3.0,1006.0,29396.0
0.0,1007.0,30174.0
0.0,1008.0,30741.0
6.0,987.0,31095.0
0.0,1009.0,31116.0
8.0,1010.0,36561.0
8.0,1011.0,37101.0
9.0,1012.0,39638.0
6.0,1003.0,39934.0
10.0,1013.0,41282.0
11.0,1014.0,42829.0
12.0,1015.0,43229.0
12.0,1016.0,43469.0
12.0,1017.0,43880.0
12.0,1018.0,44100.0
12.0,1019.0,44300.0
12.0,1020.0,44511.0
11.0,1021.0,44649.0
12.0,1022.0,44942.0
12.0,1023.0,45122.0
13.0,1024.0,45193.0
12.0,1025.0,45313.0
12.0,1015.0,45553.0
12.0,1016.0,45803.0
12.0,1017.0,46214.0
12.0,1018.0,46434.0
12.0,1019.0,46634.0
12.0,1020.0,46844.0
12.0,1022.0,47274.0
12.0,1023.0,47454.0
12.0,1025.0,47644.0
10.0,1013.0,50457.0
8.0,1026.0,51526.0
8.0,1012.0,51929.0
12.0,1015.0,55839.0
12.0,1016.0,56079.0
12.0,1017.0,56490.0
14.0,1027.0,56545.0
12.0,1018.0,56711.0
14.0,1028.0,56832.0
12.0,1019.0,56911.0
15.0,1029.0,57110.0
12.0,1020.0,57121.0
12.0,1022.0,57551.0
12.0,1023.0,57731.0
12.0,1025.0,57921.0
12.0,1015.0,58162.0
14.0,1027.0,58178.0
14.0,1028.0,58464.0
16.0,1030.0,58588.0
12.0,1016.0,58892.0
14.0,1028.0,58963.0
16.0,1031.0,59117.0
12.0,1017.0,59312.0
13.0,1026.0,59508.0
12.0,1018.0,59532.0
14.0,1027.0,59688.0
12.0,1019.0,59803.0
12.0,1020.0,60023.0
14.0,1027.0,60663.0
4.0,1032.0,61203.0
14.0,1028.0,61233.0
14.0,1027.0,61711.0
8.0,1033.0,62015.0
4.0,1034.0,62083.0
14.0,1028.0,62430.0
14.0,1028.0,63443.0
16.0,1035.0,63902.0
14.0,1027.0,64037.0
1.0,1022.0,64288.0
1.0,1023.0,64468.0
1.0,1025.0,64651.0
14.0,1027.0,64672.0
1.0,1019.0,64864.0
1.0,1020.0,65073.0
14.0,1028.0,65367.0
4.0,1036.0,65553.0
17.0,1037.0,66837.0
8.0,1038.0,67089.0
16.0,1039.0,67117.0
13.0,1040.0,68451.0
15.0,1041.0,68592.0
8.0,1042.0,76161.0
18.0,1043.0,77017.0
18.0,1044.0,77281.0
5.0,1045.0,78379.0
8.0,1033.0,78381.0
0.0,1046.0,79749.0
0.0,1047.0,80017.0
18.0,1020.0,80139.0
18.0,1048.0,82076.0
4.0,1015.0,82281.0
18.0,1020.0,88272.0
2.0,1049.0,90483.0
18.0,1050.0,90703.0
14.0,1051.0,91374.0
14.0,1047.0,92479.0
14.0,1046.0,92748.0
14.0,1051.0,93892.0
14.0,1052.0,94627.0
14.0,1052.0,95640.0
14.0,1047.0,97480.0
14.0,1046.0,99599.0
14.0,1051.0,99863.0
14.0,1053.0,102526.0
14.0,1053.0,102939.0
4.0,1036.0,106521.0
14.0,1054.0,106911.0
14.0,1055.0,107199.0
14.0,1056.0,107466.0
4.0,1035.0,111068.0
4.0,1057.0,116060.0
4.0,1058.0,116780.0
17.0,1059.0,120509.0
4.0,1060.0,122573.0
12.0,1004.0,123099.0
4.0,991.0,123954.0
7.0,1061.0,124119.0
7.0,1062.0,124318.0
7.0,1063.0,124727.0
7.0,1064.0,124957.0
12.0,1065.0,127754.0
4.0,997.0,130180.0
12.0,1065.0,130837.0
12.0,1066.0,131607.0
10.0,1067.0,132486.0
11.0,1068.0,133142.0
11.0,1069.0,133354.0
4.0,1023.0,133531.0
19.0,1070.0,133534.0
10.0,1071.0,136220.0
20.0,1072.0,138868.0
12.0,1073.0,144718.0
16.0,1074.0,146070.0
21.0,1003.0,146871.0
3.0,1075.0,147203.0
3.0,1076.0,147729.0
20.0,1077.0,147855.0
20.0,1078.0,148113.0
12.0,1079.0,148151.0
20.0,1080.0,148372.0
11.0,1081.0,148693.0
20.0,1082.0,148730.0
20.0,1083.0,148996.0
9.0,1084.0,149068.0
20.0,1044.0,149819.0
3.0,1085.0,150027.0
21.0,1086.0,150570.0
20.0,1087.0,150738.0
21.0,1088.0,150800.0
9.0,1089.0,150986.0
9.0,1018.0,151169.0
22.0,1090.0,153230.0
16.0,1091.0,153236.0
21.0,985.0,154163.0
8.0,1026.0,155127.0
3.0,1092.0,156377.0
23.0,1035.0,157255.0
8.0,1093.0,158024.0
21.0,1088.0,158965.0
23.0,1094.0,159365.0
21.0,984.0,159466.0
21.0,1095.0,159886.0
23.0,1096.0,160584.0
8.0,1097.0,160622.0
23.0,1098.0,161856.0
3.0,1099.0,162144.0
3.0,1064.0,162704.0
3.0,1100.0,162913.0
8.0,1033.0,163534.0
23.0,1101.0,164307.0
8.0,1102.0,167180.0
3.0,1103.0,169167.0
3.0,1104.0,169817.0
8.0,1099.0,170227.0
3.0,1069.0,170597.0
8.0,1038.0,172574.0
20.0,1024.0,175130.0
23.0,1105.0,175463.0
20.0,1106.0,175686.0
15.0,1107.0,176380.0
20.0,1108.0,176397.0
15.0,1109.0,176702.0
15.0,1110.0,177261.0
3.0,1004.0,177453.0
15.0,1111.0,177787.0
1.0,1017.0,178572.0
23.0,1101.0,180876.0
23.0,1112.0,183020.0
23.0,1113.0,184210.0
24.0,1114.0,184825.0
23.0,1083.0,189528.0
23.0,1115.0,189784.0
25.0,1116.0,195934.0
4.0,1117.0,198987.0
13.0,1118.0,199587.0
0.0,1032.0,199699.0
1.0,1119.0,200904.0
1.0,1120.0,201119.0
14.0,1032.0,201757.0
23.0,1121.0,204786.0
26.0,1024.0,206914.0
26.0,1122.0,207164.0
26.0,1118.0,207414.0
26.0,1108.0,207695.0
26.0,1123.0,207985.0
26.0,1124.0,208216.0
4.0,1059.0,209364.0
12.0,1114.0,212479.0
4.0,1000.0,212939.0
26.0,1125.0,213238.0
12.0,1126.0,213411.0
26.0,1127.0,213549.0
26.0,1128.0,213850.0
26.0,1129.0,214140.0
19.0,1056.0,214725.0
19.0,1106.0,215342.0
12.0,1130.0,215385.0
19.0,1054.0,215946.0
9.0,1131.0,216535.0
11.0,1132.0,217108.0
9.0,1133.0,218035.0
27.0,1134.0,218263.0
19.0,1135.0,220699.0
4.0,990.0,221334.0
19.0,1082.0,222683.0
19.0,1077.0,222930.0
19.0,1087.0,223200.0
19.0,1136.0,223436.0
19.0,1055.0,224913.0
19.0,1137.0,226002.0
17.0,1037.0,227787.0
17.0,1138.0,228746.0
1.0,1105.0,229048.0
1.0,1105.0,229501.0
9.0,987.0,230181.0
1.0,1105.0,231219.0
1.0,1119.0,231671.0
1.0,1027.0,232067.0
1.0,1105.0,234147.0
27.0,1049.0,236926.0
4.0,1020.0,238950.0
27.0,1139.0,239031.0
25.0,1140.0,242155.0
7.0,1141.0,242166.0
25.0,1140.0,242375.0
3.0,1142.0,242401.0
8.0,1143.0,242673.0
7.0,1012.0,242927.0
21.0,993.0,243266.0
21.0,981.0,243765.0
24.0,1020.0,243837.0
21.0,1144.0,244012.0
22.0,1003.0,244133.0
11.0,1097.0,244149.0
7.0,1145.0,246106.0
4.0,1146.0,246391.0
8.0,1147.0,246826.0
8.0,1010.0,247108.0
20.0,1148.0,247573.0
7.0,1149.0,249120.0
20.0,1069.0,251973.0
20.0,1069.0,252167.0
22.0,1007.0,252586.0
20.0,1069.0,252740.0
20.0,1069.0,253212.0
2.0,1150.0,253600.0
2.0,983.0,253877.0
17.0,1059.0,253962.0
8.0,1151.0,255384.0
22.0,1152.0,256316.0
15.0,1121.0,258692.0
15.0,1121.0,259673.0
8.0,1097.0,260143.0
8.0,1038.0,260756.0
20.0,1087.0,261837.0
8.0,1153.0,262148.0
1.0,1105.0,262523.0
1.0,1119.0,262710.0
1.0,1027.0,263101.0
23.0,1154.0,263151.0
1.0,1155.0,263583.0
8.0,1097.0,263659.0
2.0,1156.0,271709.0
15.0,1157.0,272153.0
1.0,1119.0,276027.0
1.0,1155.0,276505.0
4.0,1158.0,279464.0
4.0,1005.0,280723.0
4.0,1036.0,281607.0
1.0,1159.0,283098.0
1.0,1159.0,283432.0
1.0,1159.0,283853.0
14.0,1032.0,286946.0
14.0,1032.0,287743.0
7.0,1160.0,293533.0
10.0,1071.0,294311.0
27.0,1049.0,294474.0
28.0,1161.0,294562.0
10.0,1162.0,296816.0
10.0,1163.0,300775.0
10.0,1071.0,301276.0
10.0,1164.0,302089.0
10.0,1067.0,303944.0
3.0,1165.0,304107.0
14.0,1043.0,304488.0
10.0,1164.0,304535.0
4.0,1166.0,305142.0
3.0,1167.0,305285.0
3.0,1017.0,306811.0
14.0,1105.0,307042.0
3.0,992.0,307128.0
14.0,1032.0,308020.0
3.0,980.0,308152.0
3.0,1139.0,308784.0
14.0,1032.0,308807.0
11.0,1168.0,309277.0
10.0,1071.0,309647.0
19.0,1080.0,310306.0
19.0,1082.0,310553.0
19.0,1077.0,311189.0
1.0,1027.0,311228.0
19.0,1087.0,311459.0
10.0,1162.0,311512.0
1.0,1155.0,311713.0
1.0,1159.0,313098.0
1.0,1155.0,313697.0
1.0,1105.0,314030.0
1.0,1119.0,314204.0
19.0,1078.0,314494.0
1.0,1027.0,314591.0
7.0,1169.0,314711.0
19.0,1008.0,314715.0
1.0,1159.0,314845.0
9.0,1170.0,314925.0
4.0,1069.0,315003.0
1.0,1155.0,315461.0
1.0,1137.0,316506.0
9.0,1147.0,317104.0
9.0,1171.0,317398.0
1.0,1105.0,318191.0
1.0,1119.0,318374.0
11.0,1172.0,318717.0
1.0,1027.0,318836.0
1.0,1159.0,319089.0
9.0,992.0,319542.0
1.0,1155.0,319719.0
20.0,994.0,320438.0
1.0,1137.0,320801.0
16.0,1169.0,321569.0
21.0,1144.0,321571.0
10.0,1130.0,321893.0
21.0,985.0,322948.0
4.0,1173.0,323091.0
21.0,1003.0,323162.0
1.0,1159.0,323298.0
1.0,1155.0,323903.0
21.0,987.0,324654.0
1.0,1137.0,324962.0
4.0,1174.0,325757.0
21.0,1088.0,326078.0
1.0,1105.0,326310.0
1.0,1119.0,326474.0
23.0,1101.0,326606.0
1.0,1027.0,326881.0
1.0,1159.0,327135.0
7.0,1175.0,327352.0
1.0,1155.0,327739.0
16.0,1176.0,328768.0
1.0,1137.0,328792.0
8.0,1071.0,329677.0
20.0,1177.0,330920.0
21.0,981.0,330958.0
17.0,1037.0,331002.0
8.0,1097.0,331496.0
8.0,1178.0,332260.0
8.0,1179.0,332628.0
20.0,1023.0,332674.0
21.0,1180.0,332877.0
20.0,1181.0,333300.0
21.0,1142.0,333341.0
8.0,1182.0,333497.0
21.0,1183.0,333576.0
21.0,982.0,333789.0
24.0,1184.0,336264.0
20.0,1185.0,336285.0
23.0,1186.0,337341.0
18.0,1187.0,338711.0
27.0,1188.0,340376.0
27.0,1188.0,340606.0
27.0,1188.0,340846.0
17.0,1189.0,340996.0
27.0,1188.0,341076.0
27.0,1190.0,341196.0
27.0,1190.0,341406.0
27.0,1190.0,341636.0
27.0,1190.0,341856.0
27.0,1190.0,342066.0
8.0,1143.0,342080.0
27.0,1190.0,342286.0
27.0,1190.0,342496.0
20.0,1191.0,342594.0
27.0,1190.0,342716.0
4.0,1019.0,342853.0
27.0,1190.0,342936.0
18.0,1192.0,343114.0
27.0,1190.0,343146.0
27.0,1190.0,343366.0
27.0,1190.0,343476.0
27.0,1188.0,343696.0
18.0,1019.0,343743.0
27.0,1193.0,343946.0
27.0,1190.0,344166.0
18.0,1126.0,344395.0
27.0,1188.0,344396.0
18.0,1018.0,344599.0
27.0,1193.0,344636.0
27.0,1190.0,344856.0
27.0,1188.0,345086.0
27.0,1193.0,345326.0
27.0,1190.0,345556.0
27.0,1188.0,345776.0
27.0,1193.0,346026.0
27.0,1190.0,346246.0
27.0,1188.0,346476.0
27.0,1193.0,346716.0
27.0,1190.0,346936.0
27.0,1188.0,347167.0
27.0,1193.0,347407.0
27.0,1190.0,347637.0
17.0,988.0,348687.0
27.0,1194.0,350197.0
27.0,1195.0,352127.0
14.0,980.0,352847.0
14.0,1032.0,354863.0
1.0,1105.0,355981.0
4.0,1196.0,356072.0
1.0,1119.0,356168.0
3.0,1197.0,356423.0
1.0,1137.0,356533.0
1.0,1105.0,356980.0
2.0,1198.0,357055.0
3.0,1103.0,357295.0
2.0,1001.0,357581.0
1.0,1155.0,357688.0
3.0,1095.0,357792.0
1.0,1137.0,358741.0
3.0,1020.0,358799.0
4.0,1199.0,359556.0
3.0,1200.0,359675.0
1.0,1027.0,360180.0
1.0,1159.0,360434.0
1.0,1159.0,360604.0
1.0,1159.0,360766.0
1.0,1155.0,361528.0
1.0,1137.0,362578.0
3.0,993.0,363253.0
1.0,1137.0,363755.0
3.0,1201.0,364511.0
3.0,1176.0,365260.0
3.0,1202.0,370065.0
3.0,1003.0,370296.0
3.0,1203.0,371119.0
3.0,1204.0,371865.0
10.0,1013.0,374055.0
1.0,1105.0,375929.0
1.0,1119.0,376122.0
29.0,1205.0,376249.0
1.0,1027.0,376495.0
1.0,1159.0,376750.0
1.0,1137.0,376998.0
29.0,1205.0,377851.0
9.0,1114.0,386220.0
9.0,1052.0,387133.0
9.0,1030.0,387401.0
27.0,1049.0,388421.0
7.0,1004.0,392539.0
10.0,1206.0,393983.0
19.0,1207.0,394457.0
3.0,1208.0,395751.0
14.0,1043.0,395882.0
14.0,1030.0,396145.0
3.0,1038.0,396172.0
29.0,1205.0,396574.0
1.0,1159.0,396979.0
19.0,1201.0,398060.0
29.0,1205.0,398075.0
19.0,1209.0,398315.0
19.0,1096.0,398561.0
19.0,1210.0,398749.0
19.0,1011.0,398937.0
19.0,1211.0,399215.0
29.0,1205.0,399597.0
19.0,1041.0,399782.0
19.0,1126.0,400024.0
10.0,1013.0,400027.0
9.0,1103.0,400054.0
19.0,1212.0,400327.0
20.0,1213.0,400427.0
19.0,1214.0,400650.0
14.0,1048.0,400894.0
19.0,1215.0,400943.0
20.0,1216.0,401493.0
14.0,1217.0,401607.0
17.0,1037.0,402486.0
1.0,1159.0,404775.0
9.0,999.0,405655.0
4.0,1218.0,407133.0
8.0,1038.0,407659.0
8.0,1026.0,409297.0
30.0,1040.0,409560.0
8.0,1042.0,409854.0
27.0,1190.0,412014.0
27.0,1188.0,412244.0
27.0,1195.0,412464.0
27.0,1193.0,412704.0
27.0,1194.0,412914.0
27.0,1190.0,413324.0
27.0,1188.0,413555.0
1.0,1105.0,413555.0
27.0,1195.0,413775.0
27.0,1193.0,414015.0
31.0,1219.0,415765.0
1.0,1219.0,416601.0
1.0,1220.0,416947.0
1.0,1221.0,417762.0
1.0,1222.0,418063.0
21.0,985.0,419397.0
21.0,982.0,420872.0
28.0,1038.0,420936.0
8.0,1164.0,422777.0
27.0,1190.0,423525.0
1.0,1105.0,423571.0
8.0,1223.0,426001.0
1.0,1105.0,426318.0
4.0,1117.0,426550.0
17.0,1037.0,428011.0
1.0,1105.0,428493.0
8.0,1224.0,429449.0
1.0,1219.0,431692.0
1.0,1220.0,432037.0
8.0,1225.0,432835.0
1.0,1221.0,432850.0
4.0,1208.0,432891.0
1.0,1222.0,433152.0
8.0,1151.0,433416.0
20.0,1226.0,434461.0
17.0,1138.0,434581.0
4.0,997.0,435382.0
1.0,1219.0,437718.0
15.0,1227.0,437742.0
1.0,1220.0,438064.0
1.0,1221.0,438876.0
20.0,1228.0,438952.0
1.0,1222.0,439177.0
20.0,1076.0,439207.0
4.0,1229.0,439826.0
17.0,1138.0,440692.0
14.0,980.0,443981.0
14.0,1230.0,445257.0
14.0,1055.0,447072.0
14.0,1095.0,447283.0
19.0,1135.0,451366.0
5.0,1231.0,452543.0
19.0,1055.0,453181.0
19.0,1083.0,453868.0
14.0,1026.0,454781.0
14.0,1232.0,456098.0
1.0,1105.0,461575.0
1.0,1219.0,464660.0
1.0,1220.0,465005.0
21.0,1143.0,468272.0
29.0,1171.0,469075.0
29.0,1233.0,470528.0
4.0,1022.0,471955.0
21.0,1234.0,472028.0
21.0,1086.0,472255.0
28.0,1235.0,474626.0
21.0,1003.0,476045.0
21.0,993.0,476311.0
4.0,1058.0,477034.0
21.0,1143.0,477037.0
21.0,993.0,477891.0
22.0,1236.0,481779.0
8.0,1237.0,482235.0
21.0,993.0,482508.0
8.0,1224.0,483367.0
20.0,985.0,483549.0
20.0,1193.0,483774.0
20.0,1102.0,484077.0
20.0,996.0,484375.0
20.0,1238.0,484858.0
20.0,1188.0,485418.0
4.0,1039.0,490596.0
7.0,1049.0,491193.0
13.0,1176.0,491467.0
20.0,1239.0,492355.0
8.0,1153.0,492634.0
20.0,1240.0,493052.0
4.0,1112.0,494116.0
20.0,1241.0,494681.0
20.0,1185.0,495305.0
8.0,1010.0,496147.0
1.0,1137.0,496511.0
20.0,1209.0,496628.0
8.0,997.0,497395.0
1.0,1119.0,497825.0
1.0,1027.0,498118.0
1.0,1159.0,498374.0
1.0,1155.0,498848.0
22.0,1192.0,499725.0
18.0,1018.0,499861.0
1.0,1119.0,499948.0
18.0,1018.0,499967.0
1.0,1027.0,500339.0
1.0,1159.0,500594.0
1.0,1155.0,501200.0
1.0,1105.0,501412.0
1.0,1119.0,501598.0
1.0,1027.0,501989.0
1.0,1159.0,502244.0
1.0,1155.0,502849.0
1.0,1137.0,503896.0
18.0,1242.0,507798.0
15.0,1243.0,512807.0
8.0,1130.0,516535.0
18.0,1027.0,517201.0
15.0,1115.0,519057.0
17.0,1138.0,520868.0
27.0,1190.0,521690.0
27.0,1195.0,521920.0
27.0,1193.0,522160.0
27.0,1194.0,522370.0
27.0,1190.0,522790.0
27.0,1188.0,523010.0
18.0,1060.0,524554.0
22.0,1152.0,525087.0
18.0,1244.0,527547.0
2.0,1049.0,528746.0
32.0,1003.0,530107.0
32.0,1245.0,531414.0
4.0,1246.0,531492.0
1.0,992.0,539768.0
1.0,1000.0,540133.0
1.0,1119.0,540667.0
1.0,984.0,540921.0
7.0,1004.0,556026.0
7.0,1247.0,556395.0
7.0,1149.0,557922.0
27.0,1248.0,558223.0
33.0,1249.0,566267.0
33.0,1249.0,567649.0
8.0,1036.0,569600.0
34.0,1244.0,573075.0
20.0,1250.0,573315.0
20.0,1090.0,573958.0
13.0,1251.0,574798.0
33.0,1249.0,574798.0
8.0,1012.0,574982.0
33.0,1249.0,576688.0
4.0,1174.0,576749.0
17.0,1138.0,580321.0
21.0,993.0,583058.0
21.0,1252.0,584007.0
21.0,982.0,584834.0
17.0,1138.0,585123.0
15.0,1242.0,585364.0
17.0,1059.0,586870.0
15.0,1253.0,586877.0
15.0,1254.0,588338.0
4.0,1025.0,589801.0
8.0,1038.0,591708.0
7.0,1049.0,592816.0
34.0,1244.0,593613.0
8.0,1154.0,593792.0
7.0,1255.0,594217.0
7.0,1047.0,595818.0
22.0,1090.0,595938.0
15.0,1012.0,596285.0
15.0,1026.0,596522.0
22.0,1119.0,598305.0
17.0,1037.0,598922.0
17.0,1059.0,600105.0
33.0,1249.0,601007.0
8.0,1099.0,601272.0
8.0,1256.0,602001.0
1.0,1119.0,602443.0
14.0,1046.0,602633.0
17.0,988.0,603089.0
0.0,1257.0,603361.0
17.0,1138.0,607285.0
32.0,1258.0,610739.0
32.0,1143.0,612339.0
32.0,1037.0,615071.0
32.0,1259.0,620368.0
4.0,1260.0,624442.0
32.0,1259.0,625331.0
0.0,1167.0,626415.0
0.0,1243.0,626651.0
0.0,1261.0,626881.0
0.0,1152.0,627068.0
0.0,1262.0,627262.0
0.0,1263.0,627629.0
0.0,1135.0,628004.0
0.0,1030.0,628274.0
0.0,1048.0,628534.0
0.0,1264.0,628773.0
0.0,1265.0,629033.0
0.0,1005.0,629694.0
0.0,1008.0,630024.0
0.0,1007.0,630450.0
29.0,1266.0,631894.0
29.0,1266.0,635188.0
7.0,1267.0,636562.0
13.0,1268.0,639412.0
12.0,980.0,643509.0
12.0,1086.0,643750.0
12.0,1055.0,643970.0
12.0,1095.0,644191.0
12.0,1056.0,644442.0
12.0,1253.0,644683.0
12.0,1245.0,644913.0
12.0,1269.0,645454.0
12.0,1270.0,645734.0
12.0,1126.0,646596.0
4.0,1032.0,647055.0
11.0,1081.0,651304.0
4.0,991.0,652696.0
12.0,1197.0,653216.0
1.0,1159.0,657569.0
1.0,1155.0,658177.0
11.0,1097.0,658514.0
1.0,1137.0,659229.0
12.0,1041.0,659311.0
2.0,1271.0,660382.0
9.0,1132.0,660412.0
12.0,1272.0,661024.0
16.0,1273.0,661248.0
1.0,1119.0,662156.0
8.0,1225.0,662317.0
1.0,1027.0,662549.0
1.0,1159.0,662804.0
1.0,1155.0,663410.0
2.0,1274.0,663466.0
1.0,1137.0,664459.0
12.0,1275.0,664500.0
17.0,1037.0,664672.0
4.0,1057.0,665768.0
9.0,1276.0,668585.0
14.0,980.0,668642.0
9.0,1218.0,668867.0
34.0,1244.0,669664.0
4.0,1277.0,670459.0
14.0,1032.0,670905.0
14.0,1032.0,671702.0
28.0,1278.0,672194.0
3.0,1279.0,672491.0
3.0,987.0,672875.0
4.0,1280.0,675269.0
15.0,1242.0,676966.0
10.0,1013.0,677594.0
7.0,1190.0,678509.0
8.0,1050.0,679894.0
1.0,1105.0,680421.0
1.0,1137.0,680746.0
27.0,1195.0,681163.0
1.0,1155.0,681320.0
27.0,1193.0,681404.0
27.0,1194.0,681614.0
4.0,1016.0,681920.0
27.0,1190.0,682034.0
20.0,1112.0,682254.0
27.0,1188.0,682254.0
1.0,1137.0,682369.0
1.0,1137.0,683031.0
1.0,1137.0,684835.0
1.0,1230.0,685774.0
1.0,989.0,686612.0
22.0,1152.0,687292.0
4.0,1281.0,688071.0
1.0,989.0,688156.0
32.0,1282.0,688547.0
32.0,1283.0,688994.0
32.0,1264.0,690285.0
4.0,1284.0,690750.0
15.0,1242.0,690822.0
32.0,1285.0,692035.0
32.0,1286.0,692341.0
2.0,1055.0,693204.0
2.0,1095.0,693432.0
2.0,1086.0,693669.0
2.0,1058.0,693926.0
32.0,1055.0,695307.0
2.0,1287.0,696785.0
1.0,989.0,700243.0
32.0,1288.0,707578.0
32.0,1289.0,707801.0
32.0,1147.0,709883.0
32.0,1169.0,710363.0
2.0,1290.0,714161.0
3.0,1167.0,715582.0
17.0,1189.0,716014.0
32.0,1291.0,717249.0
3.0,1056.0,717898.0
14.0,1032.0,718560.0
32.0,1175.0,718787.0
14.0,1032.0,719357.0
7.0,1058.0,726901.0
29.0,1014.0,727415.0
27.0,1155.0,729117.0
7.0,1049.0,729475.0
27.0,1250.0,730056.0
9.0,1132.0,732535.0
27.0,1025.0,732964.0
27.0,1292.0,733447.0
27.0,1049.0,734542.0
11.0,1097.0,739847.0
9.0,1258.0,743251.0
35.0,1293.0,743766.0
29.0,1294.0,744021.0
35.0,1264.0,744237.0
9.0,1295.0,744511.0
35.0,1109.0,744518.0
9.0,1069.0,745175.0
3.0,1296.0,745344.0
35.0,1297.0,745399.0
29.0,1213.0,745423.0
9.0,1298.0,745510.0
3.0,988.0,745594.0
8.0,1164.0,746542.0
36.0,1299.0,746608.0
8.0,1038.0,747194.0
16.0,1201.0,747826.0
8.0,1223.0,748693.0
28.0,1141.0,749781.0
8.0,1178.0,749817.0
16.0,1235.0,749929.0
35.0,1113.0,749997.0
3.0,1296.0,750084.0
35.0,1220.0,751378.0
14.0,1055.0,751900.0
36.0,1261.0,751933.0
37.0,1004.0,751970.0
0.0,1230.0,752072.0
14.0,1095.0,752110.0
0.0,1055.0,752296.0
0.0,1269.0,752818.0
20.0,1078.0,752928.0
0.0,1270.0,753089.0
0.0,980.0,753427.0
0.0,1056.0,753688.0
20.0,1300.0,753837.0
12.0,1065.0,754047.0
12.0,1301.0,754405.0
20.0,1210.0,754539.0
38.0,1175.0,755372.0
17.0,1037.0,755408.0
16.0,1302.0,755986.0
38.0,1033.0,756471.0
35.0,1293.0,757156.0
17.0,1059.0,757571.0
3.0,1229.0,757660.0
3.0,1071.0,757956.0
37.0,1139.0,759091.0
35.0,1271.0,759669.0
36.0,1167.0,760185.0
36.0,1259.0,760415.0
20.0,1066.0,760430.0
36.0,1243.0,760625.0
36.0,1261.0,760865.0
36.0,1152.0,761065.0
36.0,1262.0,761265.0
36.0,1263.0,761625.0
36.0,1303.0,761985.0
36.0,1299.0,762436.0
38.0,1304.0,762606.0
36.0,1305.0,762716.0
1.0,1223.0,762834.0
38.0,1134.0,762938.0
20.0,1066.0,763189.0
7.0,1190.0,763960.0
4.0,1022.0,765491.0
20.0,1196.0,766264.0
23.0,1294.0,766294.0
38.0,1236.0,769716.0
39.0,1192.0,771835.0
17.0,1037.0,772222.0
1.0,1223.0,773427.0
2.0,983.0,774119.0
8.0,1038.0,775560.0
40.0,1154.0,777698.0
28.0,1120.0,777837.0
17.0,1037.0,778303.0
6.0,1258.0,780535.0
27.0,1032.0,780700.0
35.0,1211.0,781824.0
2.0,1156.0,785642.0
17.0,1037.0,785712.0
14.0,1095.0,787611.0
32.0,1306.0,789861.0
28.0,1130.0,790324.0
1.0,1307.0,790692.0
32.0,1095.0,791031.0
1.0,1105.0,791404.0
32.0,1057.0,791844.0
32.0,1094.0,793230.0
32.0,1308.0,794603.0
32.0,1309.0,795301.0
32.0,1310.0,797390.0
1.0,1105.0,798043.0
5.0,1311.0,798202.0
3.0,1312.0,799607.0
17.0,1138.0,799711.0
32.0,1313.0,799748.0
3.0,1314.0,800086.0
32.0,1315.0,802067.0
3.0,1168.0,802275.0
5.0,1099.0,802345.0
5.0,1316.0,802919.0
32.0,1317.0,803147.0
17.0,1037.0,806130.0
17.0,1138.0,809724.0
29.0,1258.0,809748.0
17.0,1037.0,816142.0
36.0,1073.0,816788.0
27.0,1049.0,817213.0
38.0,1116.0,818504.0
27.0,1292.0,818556.0
7.0,1076.0,819258.0
17.0,1138.0,819753.0
36.0,1219.0,819839.0
36.0,1221.0,821479.0
38.0,1010.0,821677.0
36.0,1222.0,821919.0
14.0,1230.0,821972.0
26.0,1127.0,822149.0
26.0,1118.0,822469.0
35.0,1293.0,823198.0
36.0,1219.0,823269.0
36.0,1220.0,824319.0
35.0,1221.0,825810.0
9.0,1318.0,826922.0
9.0,1319.0,827106.0
14.0,1230.0,828542.0
9.0,1315.0,828551.0
14.0,1032.0,830145.0
9.0,1020.0,830656.0
38.0,1253.0,832246.0
4.0,1280.0,832923.0
3.0,997.0,834638.0
3.0,1174.0,834928.0
4.0,1000.0,837095.0
9.0,1320.0,838142.0
9.0,1000.0,838862.0
8.0,1097.0,839604.0
17.0,1037.0,840631.0
17.0,1189.0,841780.0
3.0,1145.0,842524.0
3.0,999.0,842836.0
17.0,1138.0,843205.0
3.0,1321.0,843286.0
3.0,1322.0,843533.0
3.0,1323.0,844248.0
3.0,994.0,845318.0
23.0,1105.0,845334.0
11.0,1132.0,845919.0
8.0,1026.0,846357.0
16.0,1196.0,848210.0
23.0,1170.0,848245.0
20.0,1049.0,848331.0
7.0,1231.0,848680.0
30.0,1191.0,848759.0
30.0,1191.0,848919.0
38.0,1253.0,849098.0
30.0,1278.0,849140.0
30.0,1278.0,849431.0
20.0,1324.0,849747.0
30.0,1061.0,850304.0
30.0,1062.0,850509.0
30.0,1063.0,850923.0
30.0,1064.0,851155.0
30.0,1325.0,851386.0
17.0,1037.0,852075.0
38.0,1326.0,852321.0
38.0,1237.0,852777.0
7.0,1327.0,853175.0
3.0,1103.0,856007.0
16.0,1328.0,856546.0
3.0,1069.0,856875.0
8.0,1143.0,857198.0
38.0,1304.0,859071.0
8.0,1071.0,859949.0
38.0,1281.0,860231.0
8.0,1010.0,861337.0
38.0,1329.0,863921.0
38.0,1250.0,865356.0
22.0,1330.0,867279.0
2.0,1157.0,867895.0
2.0,1005.0,868411.0
1.0,1137.0,869257.0
1.0,1119.0,869668.0
1.0,1027.0,870063.0
1.0,1159.0,870541.0
2.0,1271.0,872114.0
2.0,1106.0,872474.0
2.0,1331.0,872725.0
1.0,1137.0,872743.0
2.0,1156.0,872989.0
17.0,988.0,877791.0
41.0,1102.0,878448.0
41.0,1332.0,878622.0
41.0,1333.0,879451.0
41.0,1334.0,879784.0
0.0,1053.0,881136.0
0.0,1223.0,886470.0
12.0,1130.0,901613.0
12.0,1237.0,901853.0
12.0,1335.0,902084.0
12.0,1089.0,902414.0
12.0,1153.0,903236.0
12.0,1050.0,903457.0
12.0,1256.0,903738.0
12.0,1033.0,903988.0
12.0,1336.0,904239.0
12.0,1098.0,904469.0
12.0,1178.0,904699.0
38.0,1176.0,907375.0
12.0,1256.0,907432.0
12.0,1337.0,908120.0
37.0,1338.0,909356.0
22.0,1086.0,911796.0
42.0,1030.0,912688.0
42.0,1244.0,913041.0
42.0,1117.0,913431.0
35.0,1265.0,915151.0
35.0,1195.0,915461.0
35.0,1188.0,915742.0
4.0,1216.0,915972.0
35.0,1193.0,916533.0
43.0,1320.0,916852.0
37.0,1218.0,917204.0
35.0,1190.0,917681.0
38.0,1236.0,917810.0
35.0,1236.0,917911.0
37.0,1172.0,918134.0
38.0,1236.0,920281.0
13.0,1012.0,921133.0
40.0,1339.0,921182.0
8.0,1340.0,921550.0
40.0,1341.0,921713.0
8.0,1342.0,921863.0
9.0,1197.0,922933.0
3.0,1343.0,923184.0
36.0,1236.0,923866.0
1.0,1159.0,924784.0
3.0,1224.0,925345.0
1.0,1142.0,925592.0
42.0,1117.0,925774.0
1.0,1344.0,925840.0
1.0,981.0,925999.0
42.0,1030.0,926219.0
42.0,1244.0,926473.0
42.0,1265.0,926746.0
3.0,1103.0,928185.0
9.0,1110.0,928202.0
3.0,1345.0,928537.0
3.0,1100.0,928926.0
3.0,1139.0,929164.0
3.0,988.0,929609.0
3.0,1346.0,930138.0
3.0,1131.0,930390.0
42.0,1197.0,931266.0
3.0,1279.0,931353.0
20.0,1194.0,931418.0
20.0,1255.0,931817.0
42.0,1347.0,931873.0
20.0,982.0,932024.0
42.0,1348.0,933101.0
38.0,1267.0,934156.0
3.0,1028.0,934236.0
15.0,1349.0,935455.0
42.0,1350.0,936493.0
42.0,1196.0,936745.0
29.0,1171.0,937121.0
29.0,1233.0,937381.0
42.0,1351.0,939522.0
20.0,1188.0,939679.0
29.0,1171.0,939823.0
36.0,1048.0,941213.0
1.0,1105.0,943043.0
10.0,1352.0,943473.0
10.0,1353.0,944435.0
10.0,1354.0,944615.0
42.0,1355.0,947337.0
35.0,1072.0,949970.0
32.0,1244.0,950450.0
35.0,1236.0,950589.0
1.0,1105.0,952144.0
32.0,1026.0,953626.0
0.0,1356.0,953769.0
32.0,1116.0,954597.0
32.0,1248.0,955274.0
32.0,1251.0,956355.0
1.0,1106.0,956508.0
1.0,1357.0,956832.0
1.0,1156.0,957063.0
1.0,1358.0,957377.0
32.0,1359.0,958117.0
38.0,1267.0,960318.0
3.0,1296.0,962588.0
38.0,1236.0,962812.0
1.0,1160.0,964902.0
5.0,1360.0,965672.0
32.0,1036.0,966853.0
1.0,1160.0,966973.0
1.0,1160.0,967462.0
1.0,1160.0,968884.0
1.0,1160.0,969212.0
32.0,1003.0,969241.0
1.0,1160.0,970693.0
44.0,1056.0,974601.0
1.0,1160.0,978042.0
42.0,1008.0,984229.0
40.0,1339.0,985475.0
12.0,1065.0,988273.0
12.0,1361.0,988934.0
9.0,1362.0,989889.0
9.0,1240.0,990485.0
44.0,1363.0,990883.0
28.0,1364.0,992064.0
35.0,1072.0,993932.0
10.0,1365.0,993976.0
22.0,1152.0,994475.0
27.0,1139.0,995380.0
12.0,1309.0,995451.0
12.0,1234.0,997558.0
12.0,1248.0,998260.0
14.0,1032.0,999350.0
40.0,1366.0,999707.0
40.0,1367.0,1000007.0
9.0,1103.0,1000216.0
36.0,1267.0,1000514.0
9.0,1185.0,1000990.0
4.0,1005.0,1001329.0
1.0,1106.0,1002388.0
17.0,1059.0,1002813.0
1.0,1160.0,1002853.0
40.0,1368.0,1003058.0
1.0,1160.0,1003599.0
1.0,1362.0,1004916.0
1.0,1119.0,1005155.0
1.0,1120.0,1005372.0
12.0,1312.0,1005706.0
12.0,1364.0,1005987.0
12.0,1074.0,1006540.0
44.0,986.0,1006660.0
40.0,1160.0,1007089.0
12.0,1369.0,1007523.0
12.0,1275.0,1008049.0
14.0,1032.0,1008269.0
12.0,1370.0,1008320.0
37.0,1371.0,1009999.0
38.0,1203.0,1011239.0
9.0,1372.0,1011294.0
38.0,1191.0,1011437.0
38.0,1278.0,1011660.0
9.0,1114.0,1011832.0
12.0,1065.0,1012206.0
38.0,1061.0,1012538.0
38.0,1062.0,1012738.0
12.0,1066.0,1012976.0
9.0,1373.0,1013112.0
38.0,1063.0,1013150.0
38.0,1064.0,1013381.0
38.0,1329.0,1013611.0
38.0,1203.0,1014307.0
15.0,1374.0,1016330.0
27.0,1375.0,1016820.0
44.0,1058.0,1018024.0
31.0,1293.0,1019621.0
44.0,1056.0,1019957.0
36.0,1221.0,1020146.0
23.0,1376.0,1021319.0
30.0,1342.0,1021759.0
38.0,1236.0,1022312.0
30.0,1342.0,1022879.0
6.0,1316.0,1023684.0
20.0,1377.0,1023832.0
30.0,1151.0,1023980.0
20.0,1338.0,1024307.0
30.0,1042.0,1024340.0
20.0,1076.0,1024560.0
17.0,1283.0,1024726.0
20.0,1300.0,1024758.0
20.0,1068.0,1025123.0
30.0,1038.0,1025660.0
17.0,1059.0,1025906.0
4.0,1036.0,1027309.0
3.0,1202.0,1028145.0
22.0,1183.0,1029326.0
17.0,1378.0,1030138.0
22.0,1192.0,1030198.0
20.0,1069.0,1030258.0
20.0,1200.0,1030441.0
20.0,1379.0,1030646.0
7.0,1190.0,1032367.0
7.0,1049.0,1033522.0
18.0,1380.0,1034793.0
22.0,1090.0,1034883.0
20.0,1188.0,1035432.0
20.0,1190.0,1035664.0
20.0,1193.0,1036185.0
38.0,1267.0,1036768.0
22.0,1152.0,1037141.0
20.0,1082.0,1037415.0
18.0,1381.0,1037862.0
18.0,1030.0,1038381.0
18.0,1382.0,1039948.0
18.0,990.0,1040178.0
18.0,1060.0,1040407.0
18.0,1246.0,1040826.0
27.0,1383.0,1041755.0
0.0,1052.0,1044852.0
0.0,1046.0,1045421.0
17.0,1283.0,1049552.0
19.0,1384.0,1050134.0
19.0,1209.0,1050629.0
19.0,1136.0,1050835.0
6.0,1316.0,1050951.0
19.0,1331.0,1053898.0
19.0,1357.0,1054111.0
19.0,1156.0,1054373.0
19.0,1358.0,1054671.0
19.0,1385.0,1055301.0
19.0,1386.0,1055589.0
19.0,1271.0,1055983.0
32.0,1254.0,1060149.0
3.0,1069.0,1062291.0
3.0,1387.0,1062433.0
3.0,1228.0,1062609.0
3.0,1076.0,1062840.0
15.0,1242.0,1063852.0
0.0,1052.0,1070911.0
0.0,1046.0,1071556.0
36.0,1262.0,1079349.0
28.0,1109.0,1083847.0
40.0,1160.0,1088817.0
32.0,1021.0,1089397.0
3.0,1030.0,1094622.0
5.0,1388.0,1096673.0
21.0,993.0,1106142.0
44.0,1389.0,1109188.0
21.0,993.0,1110193.0
21.0,1086.0,1111145.0
36.0,1167.0,1111312.0
36.0,1259.0,1111532.0
36.0,1243.0,1111752.0
7.0,1190.0,1111781.0
36.0,1261.0,1111993.0
4.0,1036.0,1118511.0
20.0,1241.0,1122986.0
44.0,1389.0,1123345.0
44.0,1389.0,1123997.0
18.0,1044.0,1124350.0
20.0,1385.0,1124756.0
22.0,1330.0,1126016.0
7.0,1267.0,1127631.0
27.0,1195.0,1128391.0
27.0,1193.0,1128631.0
27.0,1194.0,1128841.0
15.0,1390.0,1129001.0
27.0,1190.0,1129263.0
27.0,1188.0,1130003.0
31.0,1227.0,1135400.0
15.0,1073.0,1135754.0
4.0,1018.0,1142003.0
4.0,1196.0,1142749.0
4.0,991.0,1143628.0
32.0,1094.0,1146891.0
7.0,1391.0,1168171.0
10.0,1178.0,1169608.0
10.0,1392.0,1170221.0
7.0,1190.0,1170457.0
8.0,1021.0,1174889.0
7.0,1393.0,1175921.0
8.0,1116.0,1175922.0
7.0,990.0,1176162.0
7.0,1117.0,1176380.0
7.0,1060.0,1176623.0
36.0,1244.0,1177475.0
4.0,1112.0,1178663.0
38.0,1236.0,1179278.0
37.0,1247.0,1183365.0
32.0,1394.0,1184098.0
32.0,1032.0,1184548.0
17.0,1138.0,1185468.0
20.0,980.0,1185773.0
17.0,1378.0,1187102.0
3.0,1229.0,1187175.0
3.0,1166.0,1187511.0
3.0,1395.0,1187727.0
3.0,1158.0,1187885.0
3.0,1000.0,1188070.0
3.0,1396.0,1188305.0
3.0,991.0,1188589.0
40.0,1368.0,1189404.0
3.0,1298.0,1189530.0
3.0,1231.0,1189955.0
3.0,1280.0,1190169.0
3.0,1329.0,1191663.0
40.0,1160.0,1191799.0
22.0,1152.0,1194694.0
17.0,1059.0,1195433.0
35.0,1397.0,1197203.0
35.0,1397.0,1197439.0
15.0,1029.0,1201276.0
17.0,1283.0,1202645.0
15.0,1029.0,1203256.0
17.0,1059.0,1203736.0
15.0,1029.0,1204892.0
7.0,1190.0,1206087.0
7.0,1194.0,1206289.0
22.0,1258.0,1206295.0
7.0,1194.0,1206486.0
29.0,1014.0,1207073.0
29.0,1398.0,1207583.0
29.0,1014.0,1208254.0
29.0,1398.0,1209825.0
40.0,1302.0,1209827.0
40.0,1264.0,1210338.0
29.0,1398.0,1211346.0
40.0,1049.0,1212112.0
29.0,1014.0,1212756.0
32.0,1037.0,1215350.0
32.0,1094.0,1216477.0
32.0,1308.0,1217580.0
32.0,1244.0,1222454.0
12.0,1073.0,1222716.0
12.0,1215.0,1223267.0
38.0,1267.0,1223543.0
12.0,1201.0,1223578.0
12.0,1214.0,1224481.0
32.0,1399.0,1224820.0
38.0,1400.0,1225326.0
38.0,1401.0,1225591.0
38.0,1328.0,1225910.0
4.0,1016.0,1227218.0
12.0,1207.0,1228758.0
12.0,1041.0,1231763.0
12.0,1126.0,1232985.0
4.0,1020.0,1234590.0
12.0,1212.0,1235710.0
12.0,1096.0,1237764.0
4.0,1034.0,1240141.0
12.0,1211.0,1240248.0
12.0,1210.0,1240459.0
4.0,1060.0,1241001.0
12.0,1209.0,1241881.0
4.0,1005.0,1244271.0
12.0,1207.0,1248658.0
4.0,1281.0,1248723.0
12.0,1212.0,1249029.0
12.0,1212.0,1249479.0
12.0,1214.0,1249809.0
12.0,1096.0,1250069.0
12.0,1211.0,1250350.0
12.0,1011.0,1250642.0
12.0,1210.0,1250815.0
12.0,1209.0,1250999.0
12.0,1201.0,1251261.0
12.0,1126.0,1251511.0
10.0,1130.0,1251537.0
12.0,1041.0,1251752.0
12.0,1215.0,1252084.0
20.0,1064.0,1252148.0
12.0,1080.0,1252365.0
12.0,1082.0,1252626.0
12.0,1077.0,1252867.0
12.0,1087.0,1253149.0
12.0,1136.0,1253390.0
12.0,1044.0,1253831.0
12.0,1083.0,1254262.0
12.0,1273.0,1254735.0
12.0,1078.0,1255206.0
12.0,1382.0,1255459.0
4.0,1036.0,1255496.0
12.0,1381.0,1255689.0
12.0,1361.0,1255969.0
19.0,1106.0,1258655.0
19.0,1221.0,1258905.0
19.0,1156.0,1259348.0
19.0,1358.0,1259637.0
42.0,1237.0,1260116.0
38.0,1397.0,1260726.0
19.0,1137.0,1262311.0
4.0,1402.0,1262631.0
40.0,1160.0,1263910.0
12.0,1079.0,1263967.0
4.0,1246.0,1265646.0
12.0,1350.0,1266874.0
10.0,1235.0,1266926.0
12.0,1019.0,1267094.0
40.0,1160.0,1267290.0
4.0,1277.0,1271007.0
28.0,1403.0,1272023.0
16.0,1041.0,1273887.0
27.0,1195.0,1275034.0
27.0,1190.0,1275394.0
21.0,1086.0,1276032.0
21.0,1095.0,1276251.0
21.0,980.0,1276791.0
4.0,1229.0,1276878.0
21.0,1086.0,1277026.0
45.0,1404.0,1277686.0
10.0,1405.0,1278565.0
40.0,1160.0,1278732.0
21.0,1055.0,1279344.0
21.0,1095.0,1279570.0
36.0,1167.0,1279805.0
21.0,1056.0,1279828.0
21.0,1253.0,1280076.0
21.0,1245.0,1280307.0
29.0,1233.0,1280581.0
36.0,1243.0,1280675.0
21.0,1269.0,1280848.0
21.0,1270.0,1281122.0
21.0,1245.0,1281279.0
21.0,1055.0,1281436.0
21.0,1095.0,1281662.0
21.0,1056.0,1281920.0
20.0,1406.0,1281999.0
40.0,1009.0,1282152.0
21.0,1253.0,1282168.0
20.0,1111.0,1282237.0
21.0,1269.0,1282482.0
40.0,1264.0,1282525.0
21.0,1270.0,1282756.0
16.0,1201.0,1282764.0
20.0,1030.0,1282794.0
21.0,1054.0,1283050.0
21.0,980.0,1283326.0
20.0,1164.0,1283463.0
21.0,1086.0,1283560.0
21.0,1055.0,1283792.0
42.0,1244.0,1283827.0
21.0,1095.0,1284018.0
21.0,1056.0,1284276.0
21.0,1253.0,1284524.0
21.0,1245.0,1284755.0
42.0,1265.0,1285075.0
42.0,1380.0,1285256.0
21.0,1269.0,1285296.0
20.0,1192.0,1285666.0
29.0,1171.0,1286533.0
20.0,1056.0,1286727.0
20.0,1228.0,1287184.0
20.0,1332.0,1288158.0
29.0,1233.0,1288294.0
32.0,1144.0,1288635.0
29.0,1171.0,1290825.0
29.0,1233.0,1291095.0
29.0,1036.0,1292226.0
29.0,1286.0,1292526.0
7.0,1190.0,1292737.0
32.0,1264.0,1292806.0
7.0,1194.0,1292939.0
29.0,1340.0,1292946.0
29.0,1036.0,1293227.0
29.0,1286.0,1293497.0
46.0,1292.0,1294554.0
46.0,1143.0,1295510.0
46.0,1292.0,1297401.0
4.0,1166.0,1298291.0
4.0,1019.0,1300174.0
38.0,1397.0,1302124.0
38.0,1267.0,1304977.0
32.0,1359.0,1308097.0
4.0,997.0,1309247.0
32.0,1304.0,1310107.0
32.0,1407.0,1310602.0
2.0,1385.0,1316746.0
14.0,1305.0,1318478.0
0.0,1146.0,1321992.0
0.0,1408.0,1322284.0
0.0,1409.0,1322622.0
4.0,1020.0,1327497.0
4.0,1058.0,1328691.0
15.0,1106.0,1331634.0
29.0,1266.0,1333390.0
45.0,1101.0,1334197.0
7.0,1145.0,1334672.0
45.0,1325.0,1334779.0
12.0,1087.0,1334818.0
40.0,1008.0,1334872.0
7.0,999.0,1334988.0
7.0,1405.0,1335258.0
40.0,1009.0,1335272.0
45.0,1064.0,1335290.0
40.0,1410.0,1335442.0
40.0,1070.0,1335652.0
40.0,1411.0,1336142.0
12.0,1361.0,1336949.0
9.0,1323.0,1337217.0
4.0,1146.0,1337267.0
9.0,1011.0,1337862.0
45.0,1191.0,1338039.0
11.0,1172.0,1342531.0
9.0,1168.0,1343827.0
40.0,1160.0,1345873.0
4.0,1066.0,1346226.0
9.0,1077.0,1346234.0
9.0,1065.0,1346583.0
30.0,1412.0,1346993.0
9.0,1288.0,1347126.0
17.0,1378.0,1350013.0
9.0,1345.0,1350325.0
40.0,1413.0,1351034.0
9.0,991.0,1351195.0
40.0,1366.0,1351894.0
45.0,1044.0,1353238.0
21.0,980.0,1353345.0
21.0,1086.0,1353579.0
21.0,1055.0,1353810.0
21.0,1095.0,1354036.0
21.0,1056.0,1354294.0
21.0,1253.0,1354542.0
21.0,1245.0,1354774.0
21.0,1269.0,1355314.0
21.0,1270.0,1355588.0
40.0,1368.0,1355925.0
40.0,1341.0,1356175.0
40.0,1414.0,1356715.0
38.0,1072.0,1356910.0
7.0,1105.0,1364191.0
15.0,1106.0,1366617.0
29.0,1266.0,1369773.0
20.0,1049.0,1371152.0
38.0,1397.0,1374757.0
29.0,1266.0,1380937.0
35.0,1397.0,1381382.0
38.0,1072.0,1384582.0
14.0,1047.0,1387551.0
32.0,1315.0,1395755.0
38.0,1072.0,1404124.0
6.0,1408.0,1407122.0
6.0,1415.0,1408231.0
6.0,1409.0,1408528.0
6.0,1408.0,1409807.0
29.0,1266.0,1410125.0
38.0,1267.0,1410359.0
10.0,1191.0,1413468.0
22.0,1183.0,1413686.0
22.0,1192.0,1413937.0
22.0,1330.0,1415172.0
10.0,1144.0,1416964.0
8.0,991.0,1419407.0
19.0,1221.0,1421384.0
8.0,1416.0,1422250.0
35.0,1087.0,1432324.0
8.0,1417.0,1435594.0
10.0,1206.0,1436999.0
6.0,1408.0,1443429.0
6.0,1415.0,1444274.0
6.0,1409.0,1444570.0
6.0,1408.0,1446183.0
40.0,1418.0,1447370.0
40.0,1264.0,1449287.0
20.0,1419.0,1451501.0
20.0,1420.0,1452214.0
20.0,1421.0,1452484.0
20.0,1422.0,1452770.0
20.0,1423.0,1453006.0
40.0,1049.0,1453302.0
20.0,1049.0,1454482.0
20.0,1049.0,1454675.0
20.0,1324.0,1456043.0
7.0,1410.0,1456290.0
7.0,1070.0,1456507.0
7.0,1007.0,1456643.0
40.0,1269.0,1456892.0
7.0,1004.0,1458282.0
42.0,1380.0,1459111.0
42.0,1030.0,1459290.0
42.0,1265.0,1459573.0
42.0,1244.0,1459835.0
42.0,1351.0,1460419.0
40.0,1160.0,1460690.0
40.0,1418.0,1460811.0
47.0,1424.0,1461747.0
47.0,1425.0,1462771.0
48.0,1192.0,1463682.0
48.0,1264.0,1463957.0
6.0,1408.0,1464306.0
6.0,1415.0,1465273.0
6.0,1408.0,1467441.0
6.0,1415.0,1468403.0
6.0,1409.0,1469705.0
6.0,1408.0,1470518.0
6.0,1415.0,1471484.0
6.0,1409.0,1472779.0
6.0,1408.0,1473605.0
32.0,1057.0,1478636.0
32.0,1259.0,1480518.0
32.0,1254.0,1481221.0
32.0,1313.0,1483220.0
32.0,1175.0,1485006.0
4.0,1426.0,1488276.0
22.0,1398.0,1506637.0
48.0,1106.0,1508563.0
19.0,1221.0,1512889.0
17.0,1037.0,1513206.0
10.0,1191.0,1514792.0
10.0,1063.0,1514982.0
7.0,1267.0,1521089.0
10.0,1088.0,1521607.0
10.0,1206.0,1521838.0
4.0,1057.0,1522681.0
36.0,1152.0,1524814.0
17.0,1378.0,1525266.0
7.0,1169.0,1525708.0
16.0,1427.0,1526113.0
4.0,1166.0,1526172.0
4.0,1229.0,1528150.0
4.0,991.0,1528463.0
3.0,1139.0,1529389.0
9.0,1132.0,1532426.0
21.0,1260.0,1532847.0
6.0,1408.0,1533590.0
16.0,1083.0,1533706.0
21.0,981.0,1534015.0
21.0,1095.0,1534520.0
6.0,1415.0,1534552.0
4.0,1039.0,1534843.0
42.0,1351.0,1535740.0
22.0,1183.0,1536136.0
22.0,1192.0,1536357.0
40.0,1368.0,1537091.0
49.0,1428.0,1537311.0
40.0,1032.0,1537401.0
4.0,1112.0,1538474.0
21.0,1429.0,1540237.0
6.0,1408.0,1543131.0
6.0,1415.0,1544083.0
16.0,1089.0,1544269.0
50.0,1046.0,1544563.0
50.0,1165.0,1545342.0
2.0,1127.0,1545434.0
6.0,1409.0,1545625.0
2.0,1430.0,1545861.0
2.0,1128.0,1546091.0
22.0,1152.0,1546314.0
20.0,1387.0,1547302.0
16.0,1376.0,1547394.0
50.0,1431.0,1547944.0
49.0,1315.0,1548274.0
49.0,1285.0,1548624.0
25.0,1432.0,1551229.0
22.0,1086.0,1551837.0
38.0,1072.0,1551995.0
8.0,1340.0,1553371.0
32.0,1182.0,1557764.0
32.0,1433.0,1557965.0
32.0,1021.0,1558975.0
32.0,1291.0,1564318.0
32.0,1288.0,1566001.0
32.0,1116.0,1567105.0
32.0,1251.0,1567342.0
32.0,1032.0,1568456.0
7.0,1076.0,1568655.0
32.0,1037.0,1569034.0
32.0,1434.0,1570379.0
15.0,1239.0,1581600.0
15.0,1435.0,1582317.0
15.0,1436.0,1582587.0
40.0,1339.0,1598233.0
22.0,1155.0,1598305.0
22.0,1057.0,1599428.0
22.0,1036.0,1599649.0
42.0,1351.0,1601063.0
42.0,1119.0,1606596.0
42.0,1120.0,1606822.0
42.0,999.0,1607647.0
40.0,1368.0,1609006.0
40.0,1009.0,1610286.0
22.0,1437.0,1610436.0
4.0,1019.0,1612195.0
40.0,1341.0,1612937.0
22.0,1204.0,1613054.0
45.0,1379.0,1613301.0
40.0,1414.0,1613799.0
4.0,1059.0,1614204.0
25.0,1438.0,1614262.0
25.0,1013.0,1614522.0
25.0,1439.0,1615402.0
9.0,1132.0,1616475.0
25.0,1438.0,1618056.0
25.0,1013.0,1618306.0
4.0,1058.0,1618336.0
36.0,1380.0,1618662.0
10.0,1352.0,1618700.0
25.0,1439.0,1619196.0
36.0,1305.0,1619895.0
36.0,1219.0,1620235.0
36.0,1220.0,1621906.0
30.0,1440.0,1621932.0
30.0,1440.0,1622612.0
30.0,1278.0,1622862.0
30.0,1191.0,1623082.0
30.0,1062.0,1623273.0
22.0,1441.0,1624404.0
28.0,1014.0,1624652.0
42.0,1442.0,1625469.0
21.0,994.0,1626387.0
28.0,1443.0,1626702.0
24.0,1150.0,1626715.0
23.0,1212.0,1627747.0
23.0,1115.0,1628058.0
23.0,1087.0,1628326.0
21.0,1143.0,1628456.0
36.0,1236.0,1628501.0
21.0,1003.0,1628682.0
24.0,1107.0,1628972.0
24.0,1057.0,1629234.0
21.0,1090.0,1629285.0
21.0,1190.0,1629546.0
21.0,1049.0,1629751.0
20.0,1155.0,1629982.0
28.0,1348.0,1630315.0
4.0,1173.0,1631099.0
7.0,1073.0,1632595.0
23.0,1098.0,1634407.0
23.0,1186.0,1634625.0
22.0,1441.0,1634866.0
38.0,1072.0,1635711.0
22.0,1152.0,1635799.0
21.0,1090.0,1636361.0
40.0,1023.0,1636380.0
23.0,1212.0,1636762.0
40.0,1086.0,1637002.0
4.0,1034.0,1637290.0
8.0,1071.0,1637668.0
23.0,1273.0,1637685.0
23.0,1087.0,1638160.0
8.0,1021.0,1638849.0
0.0,1052.0,1639530.0
0.0,1046.0,1639887.0
23.0,1126.0,1639960.0
23.0,1239.0,1640690.0
26.0,1024.0,1640763.0
26.0,1122.0,1641013.0
26.0,1118.0,1641263.0
4.0,1081.0,1641359.0
23.0,1044.0,1641541.0
26.0,1108.0,1641544.0
6.0,1408.0,1641636.0
26.0,1123.0,1641834.0
32.0,1036.0,1642033.0
26.0,1124.0,1642064.0
26.0,1125.0,1642265.0
26.0,1127.0,1642576.0
6.0,1415.0,1642587.0
8.0,1340.0,1642832.0
23.0,1107.0,1642843.0
26.0,1128.0,1642867.0
23.0,1080.0,1643115.0
26.0,1129.0,1643167.0
23.0,1290.0,1643919.0
23.0,1103.0,1644224.0
40.0,1418.0,1644434.0
32.0,1407.0,1644794.0
23.0,1192.0,1645039.0
46.0,1012.0,1646284.0
32.0,1304.0,1646627.0
32.0,1444.0,1648602.0
32.0,1264.0,1649274.0
32.0,1095.0,1650329.0
4.0,1017.0,1652340.0
4.0,1177.0,1653164.0
4.0,1036.0,1655102.0
3.0,1290.0,1661606.0
3.0,1098.0,1661743.0
3.0,1445.0,1665654.0
3.0,1179.0,1666081.0
15.0,1221.0,1669751.0
8.0,1189.0,1675001.0
22.0,1446.0,1676221.0
20.0,1129.0,1680492.0
22.0,1152.0,1684624.0
42.0,1043.0,1685153.0
42.0,1187.0,1685428.0
42.0,1380.0,1685589.0
36.0,1262.0,1685624.0
42.0,1246.0,1686015.0
42.0,1060.0,1686809.0
42.0,1447.0,1687216.0
36.0,1220.0,1687363.0
42.0,1447.0,1688209.0
42.0,990.0,1688784.0
10.0,1353.0,1688919.0
42.0,1060.0,1689240.0
42.0,1447.0,1689697.0
36.0,1397.0,1689876.0
42.0,1447.0,1689963.0
26.0,1118.0,1692891.0
4.0,1036.0,1696992.0
26.0,1118.0,1698354.0
4.0,1168.0,1700855.0
17.0,1138.0,1701494.0
17.0,1037.0,1702533.0
21.0,981.0,1704123.0
21.0,1245.0,1704548.0
5.0,1365.0,1705044.0
21.0,1448.0,1705619.0
21.0,1429.0,1706787.0
21.0,1144.0,1707832.0
21.0,1344.0,1708905.0
21.0,1144.0,1709119.0
21.0,985.0,1709623.0
5.0,1405.0,1710146.0
21.0,1049.0,1710597.0
36.0,1267.0,1714185.0
5.0,1003.0,1714353.0
40.0,1367.0,1714918.0
40.0,1366.0,1715108.0
4.0,992.0,1717968.0
4.0,1280.0,1718148.0
20.0,1449.0,1719673.0
17.0,1037.0,1722735.0
20.0,1034.0,1723595.0
20.0,1450.0,1723827.0
4.0,1199.0,1724340.0
17.0,1283.0,1724439.0
4.0,1000.0,1724510.0
4.0,1229.0,1725840.0
20.0,1049.0,1726251.0
23.0,1101.0,1726776.0
23.0,1105.0,1727041.0
6.0,1408.0,1728523.0
40.0,1418.0,1730428.0
40.0,1028.0,1731048.0
40.0,1368.0,1734470.0
40.0,1190.0,1736371.0
40.0,1154.0,1738044.0
32.0,1289.0,1741265.0
40.0,1023.0,1743781.0
32.0,1317.0,1746291.0
32.0,1248.0,1746919.0
40.0,1328.0,1747101.0
40.0,1086.0,1747912.0
40.0,1359.0,1748693.0
40.0,1160.0,1751372.0
3.0,1066.0,1754219.0
21.0,1260.0,1755668.0
21.0,1027.0,1756596.0
21.0,1095.0,1757454.0
21.0,1027.0,1757738.0
36.0,1048.0,1758050.0
3.0,1131.0,1758922.0
21.0,981.0,1758927.0
3.0,1025.0,1759382.0
36.0,1220.0,1760961.0
36.0,1073.0,1761452.0
36.0,1219.0,1764172.0
21.0,1088.0,1764409.0
21.0,1253.0,1765487.0
22.0,1152.0,1766476.0
22.0,1243.0,1771491.0
36.0,1267.0,1771594.0
22.0,1441.0,1773389.0
17.0,1037.0,1773800.0
17.0,1283.0,1775897.0
17.0,1059.0,1776677.0
47.0,1135.0,1777258.0
47.0,1030.0,1777531.0
36.0,1135.0,1777541.0
47.0,1048.0,1777733.0
47.0,1135.0,1778197.0
7.0,1267.0,1778266.0
36.0,1261.0,1778285.0
22.0,1095.0,1778382.0
7.0,1194.0,1778468.0
45.0,1296.0,1778772.0
19.0,1221.0,1778811.0
19.0,1357.0,1780527.0
36.0,1436.0,1786485.0
37.0,1398.0,1787683.0
22.0,1330.0,1788657.0
27.0,1139.0,1789187.0
22.0,1451.0,1789560.0
27.0,1025.0,1790207.0
20.0,1105.0,1790588.0
47.0,1135.0,1792969.0
47.0,1030.0,1793257.0
47.0,1048.0,1793524.0
22.0,1452.0,1793951.0
40.0,1453.0,1794434.0
8.0,1114.0,1796414.0
7.0,1445.0,1800977.0
20.0,1065.0,1805501.0
51.0,1227.0,1805832.0
20.0,1066.0,1807238.0
51.0,1221.0,1807949.0
51.0,1152.0,1809180.0
51.0,1227.0,1810274.0
40.0,1263.0,1810396.0
47.0,1135.0,1810898.0
47.0,1030.0,1811169.0
47.0,1048.0,1811431.0
47.0,1264.0,1811672.0
38.0,1267.0,1811827.0
51.0,1243.0,1811828.0
47.0,1217.0,1811923.0
51.0,1299.0,1812732.0
51.0,1187.0,1813683.0
51.0,1303.0,1814204.0
51.0,1227.0,1815366.0
51.0,1243.0,1816929.0
27.0,1190.0,1819008.0
27.0,1190.0,1819228.0
27.0,1195.0,1819749.0
27.0,1188.0,1819969.0
27.0,1193.0,1820219.0
27.0,1194.0,1820429.0
27.0,1190.0,1820849.0
27.0,1195.0,1821359.0
32.0,1454.0,1821971.0
32.0,1258.0,1822243.0
51.0,1227.0,1826064.0
15.0,1221.0,1827482.0
51.0,1227.0,1828278.0
15.0,1349.0,1828950.0
51.0,1243.0,1829841.0
51.0,1299.0,1830733.0
15.0,1455.0,1831589.0
15.0,1442.0,1831779.0
32.0,1456.0,1831834.0
32.0,1169.0,1832444.0
32.0,1175.0,1832656.0
32.0,1313.0,1832879.0
47.0,1274.0,1836063.0
47.0,1457.0,1836134.0
14.0,1223.0,1836607.0
0.0,1119.0,1844172.0
0.0,1120.0,1844386.0
0.0,999.0,1845068.0
0.0,1094.0,1845385.0
0.0,1254.0,1845699.0
47.0,1135.0,1846965.0
36.0,1299.0,1850015.0
10.0,1151.0,1856224.0
12.0,1022.0,1859451.0
12.0,1023.0,1859621.0
12.0,1025.0,1859812.0
12.0,1015.0,1860062.0
40.0,1160.0,1860560.0
40.0,1294.0,1862590.0
40.0,1213.0,1863990.0
4.0,1000.0,1864069.0
12.0,1016.0,1865193.0
12.0,1017.0,1867135.0
12.0,1018.0,1867345.0
12.0,1019.0,1867546.0
12.0,1020.0,1867756.0
1.0,1160.0,1868524.0
40.0,1008.0,1869703.0
40.0,1009.0,1870103.0
12.0,1011.0,1872723.0
12.0,1210.0,1872903.0
12.0,1209.0,1873073.0
12.0,1201.0,1873333.0
12.0,1126.0,1873594.0
12.0,1041.0,1873884.0
12.0,1215.0,1874184.0
12.0,1080.0,1874474.0
12.0,1082.0,1874734.0
12.0,1077.0,1874975.0
16.0,1126.0,1875089.0
12.0,1087.0,1875255.0
12.0,1136.0,1875495.0
3.0,1069.0,1875672.0
42.0,1351.0,1876975.0
7.0,1458.0,1878345.0
7.0,1024.0,1879959.0
1.0,1105.0,1880067.0
7.0,1122.0,1880203.0
3.0,1379.0,1880341.0
7.0,1118.0,1880460.0
21.0,981.0,1880496.0
7.0,1108.0,1880741.0
7.0,1123.0,1881026.0
21.0,1088.0,1881189.0
7.0,1124.0,1881255.0
1.0,1105.0,1881356.0
7.0,1125.0,1881463.0
7.0,1127.0,1881772.0
7.0,1128.0,1882073.0
7.0,1129.0,1882365.0
7.0,1430.0,1882668.0
7.0,1230.0,1882900.0
20.0,1211.0,1883577.0
21.0,1245.0,1884786.0
21.0,1049.0,1885262.0
20.0,1066.0,1885608.0
8.0,1416.0,1886848.0
20.0,1065.0,1887598.0
40.0,1106.0,1888495.0
38.0,1431.0,1890577.0
4.0,1036.0,1891750.0
38.0,1267.0,1892922.0
49.0,1170.0,1895914.0
1.0,1160.0,1896095.0
8.0,1162.0,1896719.0
1.0,989.0,1896982.0
22.0,1090.0,1897170.0
0.0,1055.0,1898437.0
0.0,1230.0,1898664.0
0.0,980.0,1898910.0
0.0,1269.0,1899455.0
0.0,1270.0,1899725.0
0.0,1054.0,1900015.0
4.0,997.0,1911489.0
41.0,1459.0,1913201.0
38.0,1400.0,1918593.0
38.0,1401.0,1918858.0
38.0,1328.0,1919176.0
51.0,1227.0,1919998.0
14.0,1032.0,1920238.0
14.0,1032.0,1921036.0
0.0,1390.0,1928327.0
0.0,1028.0,1928562.0
0.0,1252.0,1928772.0
0.0,1429.0,1929487.0
45.0,1072.0,1934940.0
12.0,1044.0,1936490.0
12.0,1083.0,1936931.0
7.0,1417.0,1937696.0
12.0,1273.0,1937762.0
12.0,1078.0,1938233.0
29.0,1398.0,1938414.0
12.0,1382.0,1938483.0
12.0,1381.0,1938903.0
12.0,1361.0,1939174.0
12.0,1249.0,1939655.0
29.0,1014.0,1939835.0
47.0,1135.0,1945876.0
7.0,1460.0,1947489.0
38.0,1236.0,1948419.0
17.0,1037.0,1954621.0
17.0,1378.0,1954867.0
7.0,1007.0,1958463.0
7.0,1049.0,1958896.0
9.0,1461.0,1961930.0
48.0,1462.0,1962026.0
4.0,1277.0,1964855.0
23.0,1037.0,1965183.0
4.0,991.0,1966575.0
46.0,1147.0,1968950.0
46.0,1012.0,1969220.0
36.0,1463.0,1970918.0
20.0,1065.0,1971014.0
1.0,1197.0,1971447.0
20.0,1066.0,1971685.0
1.0,1418.0,1972797.0
29.0,1266.0,1972829.0
25.0,1255.0,1973293.0
1.0,1049.0,1974610.0
16.0,1273.0,1975892.0
38.0,1106.0,1977573.0
36.0,1397.0,1977794.0
38.0,1331.0,1977824.0
51.0,1219.0,1978052.0
38.0,1156.0,1978260.0
38.0,1358.0,1978562.0
36.0,1207.0,1978585.0
36.0,1201.0,1978865.0
36.0,1209.0,1978985.0
51.0,1220.0,1979036.0
36.0,1011.0,1979186.0
36.0,1041.0,1979426.0
36.0,1126.0,1979676.0
36.0,1212.0,1979986.0
29.0,1266.0,1980746.0
1.0,1049.0,1981183.0
7.0,1194.0,1981317.0
7.0,1190.0,1981524.0
7.0,1195.0,1981808.0
38.0,1137.0,1982350.0
51.0,1221.0,1982634.0
38.0,1385.0,1982659.0
51.0,1222.0,1982944.0
38.0,1386.0,1982951.0
38.0,1271.0,1983230.0
8.0,1093.0,1984989.0
4.0,1246.0,1986569.0
38.0,1464.0,1987273.0
38.0,1465.0,1987602.0
38.0,1416.0,1988185.0
38.0,1010.0,1989463.0
22.0,1090.0,1989608.0
22.0,1441.0,1990567.0
22.0,1441.0,1990659.0
4.0,1017.0,1990830.0
2.0,1270.0,1993095.0
52.0,1159.0,1999234.0
46.0,1012.0,1999806.0
32.0,1315.0,2000565.0
52.0,1397.0,2001735.0
32.0,1359.0,2003219.0
38.0,1232.0,2003441.0
32.0,1182.0,2004075.0
32.0,1407.0,2005098.0
14.0,1032.0,2009614.0
23.0,1186.0,2018844.0
23.0,1087.0,2022263.0
38.0,1106.0,2022604.0
38.0,1331.0,2022855.0
38.0,1156.0,2023266.0
38.0,1358.0,2023567.0
38.0,1137.0,2023853.0
38.0,1385.0,2024162.0
48.0,1385.0,2024200.0
38.0,1386.0,2024454.0
48.0,1262.0,2024530.0
38.0,1271.0,2024733.0
8.0,1098.0,2027648.0
18.0,1466.0,2031295.0
42.0,1278.0,2032291.0
38.0,1467.0,2032381.0
9.0,1276.0,2032443.0
42.0,1191.0,2032512.0
42.0,1062.0,2032702.0
18.0,1438.0,2033044.0
42.0,1203.0,2033165.0
38.0,1468.0,2033177.0
18.0,1001.0,2033203.0
18.0,1055.0,2033879.0
9.0,1469.0,2034289.0
18.0,1114.0,2034472.0
7.0,1381.0,2034940.0
9.0,1316.0,2036955.0
9.0,1014.0,2037582.0
8.0,997.0,2037738.0
9.0,1375.0,2039048.0
7.0,1267.0,2040223.0
9.0,1103.0,2041491.0
12.0,1350.0,2043367.0
17.0,1283.0,2044580.0
16.0,1120.0,2047395.0
11.0,1132.0,2047681.0
3.0,1114.0,2048668.0
3.0,1329.0,2049435.0
4.0,1036.0,2049811.0
32.0,1254.0,2053765.0
16.0,1275.0,2054990.0
20.0,1065.0,2057253.0
20.0,1195.0,2058437.0
20.0,1188.0,2058664.0
20.0,1193.0,2058902.0
20.0,1194.0,2059113.0
32.0,1283.0,2059570.0
20.0,1190.0,2059596.0
32.0,1057.0,2059830.0
31.0,1085.0,2060044.0
32.0,1434.0,2060829.0
3.0,1011.0,2060982.0
16.0,1469.0,2061026.0
20.0,1111.0,2063064.0
20.0,1049.0,2063452.0
38.0,1106.0,2063469.0
38.0,1331.0,2063719.0
29.0,1266.0,2063922.0
38.0,1156.0,2064131.0
32.0,1143.0,2064239.0
38.0,1358.0,2064432.0
38.0,1137.0,2064718.0
32.0,1310.0,2064846.0
38.0,1385.0,2065027.0
38.0,1386.0,2065319.0
38.0,1271.0,2065598.0
0.0,1135.0,2065700.0
0.0,1030.0,2065971.0
32.0,1291.0,2066005.0
0.0,1048.0,2066230.0
47.0,1135.0,2066256.0
49.0,1428.0,2066521.0
47.0,1030.0,2066538.0
0.0,1264.0,2066561.0
20.0,1338.0,2066714.0
0.0,1043.0,2066826.0
0.0,1265.0,2067119.0
29.0,1266.0,2067214.0
32.0,1444.0,2067865.0
22.0,1470.0,2069340.0
22.0,1470.0,2069440.0
22.0,1183.0,2069631.0
22.0,1007.0,2069751.0
32.0,1133.0,2069917.0
22.0,1090.0,2070994.0
22.0,1471.0,2073012.0
17.0,1059.0,2073890.0
22.0,1441.0,2074420.0
2.0,1472.0,2081181.0
14.0,1028.0,2084412.0
14.0,1027.0,2085015.0
51.0,1106.0,2087817.0
14.0,1032.0,2089656.0
51.0,1108.0,2090087.0
32.0,1399.0,2090293.0
51.0,1118.0,2092636.0
32.0,1304.0,2094725.0
49.0,1315.0,2096045.0
3.0,1345.0,2107411.0
3.0,1174.0,2107835.0
3.0,1057.0,2110207.0
4.0,1166.0,2113484.0
9.0,1215.0,2117161.0
11.0,1473.0,2118802.0
4.0,1008.0,2119182.0
11.0,1081.0,2120587.0
3.0,1200.0,2120623.0
8.0,1373.0,2121020.0
10.0,1063.0,2121088.0
1.0,1019.0,2124182.0
1.0,1020.0,2124392.0
10.0,1206.0,2124464.0
9.0,1166.0,2124820.0
9.0,1474.0,2125564.0
19.0,1221.0,2125940.0
40.0,1413.0,2125945.0
4.0,1008.0,2129514.0
7.0,1038.0,2133616.0
7.0,1097.0,2134878.0
7.0,990.0,2135157.0
16.0,1083.0,2135723.0
36.0,1221.0,2136666.0
36.0,1222.0,2137106.0
40.0,1030.0,2137624.0
16.0,1369.0,2138097.0
36.0,1219.0,2138448.0
1.0,1017.0,2140504.0
1.0,1018.0,2140718.0
1.0,1019.0,2140904.0
1.0,1020.0,2141116.0
1.0,1160.0,2142288.0
4.0,1158.0,2144037.0
38.0,1106.0,2144237.0
38.0,1331.0,2144488.0
38.0,1156.0,2144899.0
38.0,1358.0,2145200.0
5.0,1349.0,2145479.0
38.0,1137.0,2145487.0
36.0,1135.0,2145722.0
38.0,1385.0,2145796.0
1.0,1160.0,2145944.0
47.0,1135.0,2146063.0
38.0,1386.0,2146087.0
38.0,1271.0,2146367.0
4.0,1349.0,2147488.0
20.0,1094.0,2147643.0
51.0,1108.0,2148365.0
27.0,1139.0,2149119.0
27.0,1292.0,2149670.0
51.0,1118.0,2150167.0
27.0,1139.0,2153168.0
36.0,984.0,2153476.0
17.0,1037.0,2155625.0
51.0,1220.0,2155854.0
51.0,1221.0,2156726.0
51.0,1222.0,2157026.0
8.0,1182.0,2157728.0
51.0,1219.0,2157859.0
36.0,1291.0,2159280.0
51.0,1108.0,2159924.0
51.0,1118.0,2161738.0
53.0,1146.0,2165727.0
7.0,1106.0,2166133.0
53.0,1146.0,2166221.0
7.0,1331.0,2166382.0
7.0,1156.0,2166800.0
7.0,1358.0,2167100.0
1.0,1160.0,2167250.0
51.0,1220.0,2167420.0
7.0,1397.0,2167587.0
51.0,1221.0,2168286.0
51.0,1222.0,2168587.0
53.0,1146.0,2168800.0
51.0,1219.0,2169427.0
53.0,1146.0,2170314.0
51.0,1220.0,2174757.0
51.0,1108.0,2174957.0
1.0,1160.0,2176661.0
1.0,1160.0,2177856.0
1.0,1160.0,2179931.0
15.0,1390.0,2180124.0
1.0,1105.0,2182816.0
1.0,1219.0,2185685.0
1.0,1220.0,2186029.0
1.0,1002.0,2186793.0
1.0,1322.0,2187374.0
1.0,1185.0,2187645.0
10.0,1325.0,2189747.0
23.0,1204.0,2190540.0
8.0,1192.0,2190750.0
23.0,1044.0,2191765.0
10.0,1144.0,2192493.0
8.0,1164.0,2193932.0
45.0,1072.0,2200751.0
11.0,1162.0,2204396.0
36.0,1371.0,2205413.0
7.0,1021.0,2205420.0
12.0,1195.0,2205766.0
12.0,1188.0,2205986.0
12.0,1193.0,2206227.0
7.0,1313.0,2206230.0
5.0,1037.0,2206639.0
12.0,1194.0,2207480.0
12.0,1190.0,2207951.0
45.0,1475.0,2211030.0
30.0,1476.0,2214525.0
9.0,1362.0,2217232.0
7.0,1207.0,2217760.0
7.0,1212.0,2218092.0
7.0,1214.0,2218417.0
7.0,1096.0,2218682.0
7.0,1211.0,2218962.0
7.0,1011.0,2219242.0
7.0,1210.0,2219430.0
7.0,1209.0,2219603.0
7.0,1201.0,2219860.0
7.0,1041.0,2220358.0
54.0,994.0,2220381.0
7.0,1215.0,2220649.0
54.0,982.0,2221238.0
54.0,996.0,2223018.0
16.0,1350.0,2224032.0
25.0,1335.0,2224920.0
15.0,1030.0,2224928.0
25.0,1237.0,2225040.0
25.0,1335.0,2225190.0
15.0,1135.0,2225201.0
25.0,1256.0,2225420.0
15.0,1052.0,2226318.0
11.0,1081.0,2226960.0
15.0,1046.0,2227113.0
15.0,1047.0,2227383.0
4.0,1020.0,2229975.0
54.0,1142.0,2230144.0
15.0,989.0,2230222.0
1.0,1447.0,2230348.0
16.0,1346.0,2231875.0
20.0,1173.0,2232646.0
16.0,1012.0,2234651.0
16.0,1083.0,2235414.0
20.0,1272.0,2236408.0
16.0,1071.0,2237168.0
55.0,1146.0,2237338.0
20.0,1477.0,2237370.0
55.0,1478.0,2237618.0
51.0,1221.0,2237994.0
55.0,1146.0,2238211.0
55.0,1146.0,2239168.0
55.0,1263.0,2239778.0
51.0,1108.0,2239859.0
55.0,1264.0,2240138.0
55.0,1187.0,2240369.0
55.0,1265.0,2240659.0
55.0,1217.0,2240939.0
55.0,1135.0,2241379.0
15.0,1121.0,2241829.0
55.0,1263.0,2242269.0
55.0,1299.0,2243049.0
51.0,1118.0,2243319.0
40.0,984.0,2243728.0
40.0,1231.0,2244181.0
51.0,1118.0,2244236.0
51.0,1108.0,2244526.0
55.0,1146.0,2244930.0
15.0,1243.0,2245567.0
51.0,1386.0,2247057.0
51.0,1118.0,2247318.0
14.0,1147.0,2248428.0
26.0,1381.0,2248982.0
26.0,1361.0,2249262.0
26.0,1249.0,2249747.0
22.0,1441.0,2249888.0
26.0,1079.0,2250698.0
51.0,1331.0,2252463.0
51.0,1106.0,2253125.0
51.0,1222.0,2253876.0
51.0,1219.0,2254637.0
55.0,1377.0,2255833.0
51.0,1069.0,2256703.0
19.0,1410.0,2257368.0
51.0,1479.0,2258072.0
19.0,1214.0,2258510.0
19.0,1005.0,2259613.0
51.0,1076.0,2261338.0
51.0,1220.0,2262743.0
32.0,1037.0,2266175.0
32.0,1026.0,2268101.0
32.0,1147.0,2268292.0
14.0,1032.0,2272957.0
14.0,1043.0,2273246.0
4.0,990.0,2279112.0
19.0,1187.0,2376639.0
19.0,1207.0,2377011.0
38.0,1106.0,2379851.0
38.0,1156.0,2380165.0
19.0,1410.0,2380356.0
38.0,1358.0,2380467.0
38.0,1137.0,2380753.0
38.0,1385.0,2381062.0
38.0,1386.0,2381354.0
38.0,1271.0,2381633.0
48.0,1004.0,2381679.0
5.0,1480.0,2382075.0
29.0,1171.0,2383041.0
29.0,1233.0,2383301.0
19.0,1244.0,2383733.0
3.0,1092.0,2383897.0
3.0,1098.0,2386278.0
27.0,1307.0,2386517.0
27.0,1307.0,2387687.0
20.0,1324.0,2387797.0
27.0,1400.0,2388518.0
3.0,1004.0,2388559.0
27.0,1401.0,2388828.0
20.0,1481.0,2388832.0
27.0,1328.0,2388998.0
5.0,1099.0,2389998.0
20.0,1072.0,2390006.0
3.0,1139.0,2390187.0
51.0,1221.0,2391043.0
38.0,1191.0,2391059.0
38.0,1278.0,2391283.0
38.0,1061.0,2392160.0
38.0,1062.0,2392360.0
38.0,1063.0,2392772.0
56.0,1482.0,2392938.0
38.0,1064.0,2393004.0
38.0,1329.0,2393233.0
38.0,1203.0,2393929.0
48.0,1243.0,2394329.0
3.0,1006.0,2394443.0
48.0,1299.0,2394670.0
3.0,1284.0,2394836.0
12.0,1050.0,2395386.0
48.0,1009.0,2395652.0
3.0,989.0,2395844.0
38.0,1106.0,2395904.0
51.0,1220.0,2396213.0
12.0,1290.0,2396238.0
38.0,1156.0,2396445.0
3.0,1122.0,2396479.0
48.0,1447.0,2396614.0
38.0,1358.0,2396690.0
12.0,1114.0,2396690.0
38.0,1137.0,2396955.0
51.0,1221.0,2397074.0
38.0,1385.0,2397237.0
51.0,1222.0,2397385.0
38.0,1386.0,2397572.0
38.0,1271.0,2397819.0
51.0,1219.0,2398217.0
38.0,1236.0,2398678.0
3.0,1216.0,2399804.0
51.0,1108.0,2400281.0
12.0,1449.0,2400582.0
3.0,1001.0,2400814.0
3.0,1172.0,2401164.0
1.0,1049.0,2401519.0
48.0,1408.0,2402197.0
10.0,1164.0,2403049.0
1.0,1049.0,2403149.0
22.0,1090.0,2404310.0
20.0,1226.0,2407168.0
20.0,1170.0,2408383.0
51.0,1220.0,2409503.0
51.0,1221.0,2409793.0
2.0,1271.0,2410583.0
20.0,1239.0,2411112.0
20.0,1214.0,2411392.0
7.0,1194.0,2412192.0
51.0,1108.0,2412321.0
7.0,1195.0,2412567.0
7.0,1188.0,2412791.0
3.0,1309.0,2412840.0
7.0,1193.0,2413029.0
51.0,1219.0,2414393.0
57.0,1015.0,2414689.0
3.0,1192.0,2414893.0
7.0,1190.0,2415001.0
25.0,1483.0,2415388.0
25.0,1290.0,2415698.0
51.0,1118.0,2416275.0
25.0,1483.0,2418628.0
25.0,1290.0,2418938.0
51.0,1222.0,2421231.0
17.0,1138.0,2421690.0
7.0,1484.0,2421697.0
25.0,1483.0,2421858.0
25.0,1290.0,2422168.0
51.0,1220.0,2423145.0
51.0,1221.0,2423436.0
46.0,1286.0,2424075.0
32.0,1454.0,2424171.0
25.0,1483.0,2425098.0
25.0,1290.0,2425408.0
32.0,1288.0,2425629.0
51.0,1222.0,2427258.0
25.0,1483.0,2428339.0
25.0,1290.0,2428649.0
32.0,1456.0,2430318.0
25.0,1483.0,2431579.0
25.0,1290.0,2431889.0
17.0,1189.0,2433297.0
25.0,1483.0,2434809.0
17.0,1138.0,2434849.0
25.0,1290.0,2435119.0
1.0,1049.0,2443251.0
55.0,1146.0,2444285.0
55.0,1146.0,2444745.0
55.0,1146.0,2445045.0
55.0,1146.0,2445566.0
55.0,1146.0,2445906.0
55.0,1146.0,2446266.0
55.0,1146.0,2446586.0
55.0,1146.0,2446876.0
55.0,1146.0,2447156.0
52.0,1431.0,2447808.0
14.0,1032.0,2447993.0
14.0,1043.0,2448282.0
55.0,1007.0,2448437.0
55.0,1007.0,2448637.0
55.0,1007.0,2448838.0
55.0,1008.0,2449448.0
55.0,1009.0,2449848.0
55.0,1410.0,2450018.0
7.0,1397.0,2450464.0
47.0,1424.0,2453692.0
47.0,1425.0,2454403.0
10.0,1325.0,2455225.0
10.0,1485.0,2455986.0
10.0,1206.0,2456497.0
36.0,996.0,2456863.0
36.0,998.0,2457373.0
36.0,1332.0,2457944.0
55.0,1365.0,2458502.0
36.0,1463.0,2458727.0
55.0,1318.0,2459162.0
36.0,1102.0,2459670.0
10.0,1332.0,2459813.0
55.0,1365.0,2460433.0
36.0,1273.0,2460631.0
55.0,1311.0,2460923.0
55.0,1437.0,2461363.0
36.0,1303.0,2461721.0
10.0,1144.0,2462718.0
55.0,1181.0,2464073.0
55.0,1014.0,2464493.0
55.0,1330.0,2464753.0
40.0,1115.0,2466842.0
58.0,1486.0,2467621.0
27.0,1049.0,2468751.0
58.0,1131.0,2469965.0
27.0,1015.0,2470808.0
27.0,1049.0,2471421.0
40.0,1008.0,2471571.0
40.0,1009.0,2472862.0
46.0,1286.0,2475593.0
27.0,1015.0,2475989.0
27.0,1049.0,2476613.0
27.0,1487.0,2478614.0
27.0,1025.0,2479588.0
27.0,1292.0,2480071.0
19.0,1384.0,2480076.0
36.0,1488.0,2481883.0
36.0,1211.0,2482734.0
36.0,1239.0,2483815.0
54.0,1359.0,2485907.0
36.0,1489.0,2486256.0
48.0,1265.0,2486588.0
48.0,1137.0,2488566.0
1.0,1160.0,2488729.0
52.0,1329.0,2488874.0
48.0,1156.0,2488896.0
11.0,1452.0,2490613.0
11.0,1300.0,2490774.0
11.0,1068.0,2490998.0
48.0,1262.0,2491099.0
11.0,1076.0,2491210.0
11.0,1490.0,2491656.0
48.0,1331.0,2493134.0
52.0,1130.0,2493413.0
23.0,1098.0,2493578.0
48.0,1478.0,2493964.0
58.0,1131.0,2494367.0
23.0,1105.0,2494596.0
8.0,1439.0,2496107.0
53.0,1455.0,2497132.0
54.0,994.0,2497736.0
3.0,989.0,2498720.0
22.0,1441.0,2499401.0
22.0,1152.0,2499491.0
53.0,1466.0,2502829.0
32.0,1359.0,2504096.0
32.0,1491.0,2504845.0
41.0,1102.0,2505274.0
32.0,1032.0,2505470.0
41.0,1332.0,2505585.0
32.0,1248.0,2506185.0
41.0,1333.0,2506413.0
41.0,1334.0,2506745.0
41.0,1463.0,2507843.0
41.0,1492.0,2508339.0
41.0,1493.0,2508589.0
32.0,1289.0,2511664.0
32.0,1286.0,2513467.0
32.0,1433.0,2514770.0
32.0,1036.0,2517544.0
32.0,1258.0,2519331.0
1.0,1027.0,2520440.0
1.0,1155.0,2521419.0
1.0,981.0,2521670.0
52.0,1063.0,2525372.0
14.0,1032.0,2525421.0
14.0,1043.0,2525710.0
1.0,1155.0,2527867.0
1.0,981.0,2528117.0
55.0,1314.0,2536179.0
55.0,1377.0,2536770.0
8.0,1184.0,2538622.0
45.0,1069.0,2539082.0
45.0,1075.0,2540141.0
7.0,1367.0,2541522.0
45.0,1211.0,2541525.0
58.0,1029.0,2550085.0
58.0,1471.0,2550527.0
8.0,1292.0,2557812.0
3.0,1322.0,2558177.0
54.0,982.0,2558957.0
3.0,1069.0,2560020.0
3.0,1387.0,2560162.0
3.0,1228.0,2560338.0
27.0,1487.0,2560610.0
3.0,1490.0,2561416.0
12.0,1195.0,2561463.0
27.0,1025.0,2561575.0
12.0,1188.0,2561693.0
3.0,1379.0,2561717.0
12.0,1193.0,2561934.0
22.0,1090.0,2562000.0
27.0,1292.0,2562059.0
12.0,1194.0,2562144.0
3.0,1452.0,2562406.0
12.0,1190.0,2562614.0
3.0,1300.0,2562679.0
3.0,1076.0,2563232.0
12.0,1190.0,2564397.0
12.0,1193.0,2564639.0
12.0,1194.0,2564849.0
12.0,1188.0,2565300.0
27.0,1015.0,2565941.0
45.0,1018.0,2567470.0
57.0,1086.0,2568080.0
57.0,1095.0,2568279.0
57.0,1183.0,2568493.0
57.0,1055.0,2568920.0
57.0,1027.0,2570999.0
57.0,1429.0,2571255.0
3.0,1149.0,2571714.0
57.0,1197.0,2573542.0
3.0,1494.0,2574809.0
3.0,981.0,2575110.0
20.0,1451.0,2575810.0
20.0,1452.0,2575970.0
20.0,1200.0,2576143.0
20.0,1068.0,2576372.0
3.0,1419.0,2577132.0
7.0,1367.0,2577502.0
17.0,1378.0,2577578.0
20.0,1228.0,2578004.0
20.0,1379.0,2578647.0
3.0,1071.0,2579164.0
3.0,1038.0,2579473.0
16.0,1019.0,2579864.0
1.0,1222.0,2580039.0
20.0,1451.0,2580702.0
29.0,1294.0,2581331.0
3.0,1000.0,2581705.0
51.0,1220.0,2581823.0
51.0,1221.0,2582694.0
29.0,1213.0,2582734.0
51.0,1222.0,2582994.0
22.0,1090.0,2583827.0
51.0,1219.0,2583836.0
23.0,1231.0,2584420.0
23.0,1153.0,2584610.0
29.0,1294.0,2585054.0
23.0,1105.0,2585724.0
51.0,1108.0,2585897.0
3.0,1025.0,2585908.0
3.0,1064.0,2586059.0
29.0,1213.0,2586445.0
17.0,1189.0,2587367.0
53.0,1495.0,2594633.0
53.0,1388.0,2595144.0
53.0,1496.0,2597653.0
51.0,1118.0,2597716.0
51.0,1106.0,2599256.0
51.0,1331.0,2599668.0
51.0,1331.0,2599879.0
51.0,1156.0,2600143.0
51.0,1358.0,2600436.0
51.0,1137.0,2600587.0
51.0,1137.0,2600870.0
51.0,1385.0,2601437.0
51.0,1385.0,2601779.0
51.0,1386.0,2602072.0
51.0,1271.0,2602344.0
51.0,1271.0,2602656.0
51.0,1479.0,2603382.0
32.0,1264.0,2605363.0
32.0,1402.0,2606171.0
14.0,1032.0,2608810.0
14.0,1043.0,2609100.0
51.0,1106.0,2609972.0
55.0,1365.0,2613616.0
55.0,1014.0,2614146.0
55.0,1318.0,2614899.0
15.0,1455.0,2615850.0
15.0,1442.0,2616174.0
55.0,1311.0,2616512.0
15.0,1435.0,2617023.0
15.0,1436.0,2617293.0
55.0,1330.0,2618574.0
55.0,1437.0,2618804.0
55.0,1311.0,2619274.0
52.0,1034.0,2619609.0
55.0,1181.0,2621177.0
10.0,1206.0,2627249.0
10.0,1485.0,2628482.0
45.0,1230.0,2633156.0
45.0,1055.0,2633381.0
45.0,1095.0,2633593.0
45.0,1056.0,2633838.0
45.0,1253.0,2634082.0
45.0,1245.0,2634305.0
45.0,1269.0,2634770.0
45.0,1270.0,2635040.0
40.0,1481.0,2639204.0
40.0,1497.0,2639364.0
29.0,1294.0,2639898.0
12.0,1072.0,2640599.0
29.0,1213.0,2641288.0
10.0,1325.0,2642588.0
9.0,1147.0,2643019.0
10.0,1332.0,2643020.0
45.0,1387.0,2644825.0
38.0,1236.0,2645285.0
36.0,1106.0,2646172.0
36.0,1331.0,2646413.0
10.0,1206.0,2646750.0
10.0,1206.0,2647011.0
10.0,1206.0,2647503.0
27.0,1449.0,2648351.0
30.0,1288.0,2649124.0
35.0,1498.0,2649420.0
10.0,1088.0,2650052.0
36.0,1156.0,2650164.0
54.0,1293.0,2650273.0
36.0,1358.0,2650465.0
42.0,1139.0,2650473.0
36.0,1137.0,2650755.0
36.0,1385.0,2651055.0
42.0,1401.0,2651070.0
36.0,1386.0,2651356.0
42.0,1307.0,2651364.0
42.0,1328.0,2651566.0
36.0,1271.0,2651646.0
57.0,1025.0,2652447.0
57.0,1258.0,2652616.0
27.0,1114.0,2652896.0
27.0,1114.0,2653319.0
54.0,1499.0,2653474.0
10.0,1191.0,2653527.0
45.0,1286.0,2653655.0
12.0,1393.0,2654422.0
12.0,990.0,2654665.0
12.0,1117.0,2654887.0
10.0,1013.0,2654939.0
12.0,1060.0,2655128.0
17.0,1378.0,2655640.0
11.0,1473.0,2655875.0
7.0,1090.0,2656321.0
7.0,1195.0,2660298.0
10.0,1485.0,2662569.0
11.0,1452.0,2662648.0
11.0,1076.0,2662810.0
54.0,1188.0,2663089.0
11.0,1490.0,2663111.0
20.0,1106.0,2665254.0
20.0,1331.0,2665506.0
20.0,1156.0,2665991.0
20.0,1358.0,2666293.0
20.0,1137.0,2667706.0
20.0,1385.0,2668016.0
2.0,1127.0,2668067.0
20.0,1386.0,2668308.0
8.0,1493.0,2668463.0
20.0,1271.0,2668588.0
8.0,1192.0,2668934.0
57.0,1046.0,2669127.0
20.0,1271.0,2669283.0
20.0,1271.0,2669606.0
8.0,1292.0,2670200.0
3.0,1131.0,2670685.0
10.0,1063.0,2670725.0
51.0,1106.0,2670915.0
51.0,1331.0,2671335.0
51.0,1331.0,2671546.0
51.0,1156.0,2671807.0
10.0,1144.0,2672087.0
51.0,1358.0,2672098.0
51.0,1137.0,2672249.0
8.0,1333.0,2672490.0
51.0,1137.0,2672529.0
51.0,1385.0,2673100.0
53.0,1291.0,2673344.0
51.0,1385.0,2673442.0
51.0,1386.0,2673733.0
51.0,1271.0,2674013.0
8.0,1238.0,2674175.0
51.0,1271.0,2674324.0
51.0,1479.0,2675046.0
3.0,1328.0,2676071.0
3.0,1139.0,2676457.0
51.0,1106.0,2678193.0
51.0,1331.0,2678616.0
51.0,1331.0,2678828.0
51.0,1156.0,2679091.0
51.0,1358.0,2679383.0
51.0,1137.0,2679533.0
51.0,1137.0,2679814.0
51.0,1385.0,2680385.0
51.0,1385.0,2680725.0
51.0,1386.0,2681016.0
51.0,1271.0,2681296.0
10.0,1088.0,2681374.0
51.0,1271.0,2681607.0
51.0,1479.0,2682329.0
10.0,1206.0,2682726.0
5.0,1395.0,2685728.0
10.0,1191.0,2686826.0
32.0,1095.0,2691505.0
32.0,1175.0,2692675.0
32.0,1169.0,2694644.0
51.0,1220.0,2697261.0
52.0,1392.0,2706524.0
52.0,1283.0,2706849.0
8.0,1332.0,2707122.0
1.0,1447.0,2707793.0
52.0,1255.0,2708472.0
57.0,1183.0,2709028.0
57.0,1086.0,2713231.0
57.0,1095.0,2713495.0
40.0,1324.0,2718267.0
40.0,1481.0,2718457.0
40.0,1497.0,2718617.0
45.0,1252.0,2719112.0
45.0,1028.0,2719835.0
45.0,1429.0,2720039.0
45.0,1027.0,2720307.0
10.0,1144.0,2721573.0
11.0,1473.0,2721708.0
10.0,1325.0,2721996.0
11.0,1473.0,2722050.0
10.0,1063.0,2722418.0
9.0,1470.0,2723428.0
17.0,1059.0,2723550.0
35.0,1267.0,2724742.0
5.0,1298.0,2725255.0
11.0,1050.0,2725911.0
11.0,1452.0,2727234.0
11.0,1076.0,2727396.0
59.0,1453.0,2728981.0
11.0,1097.0,2729428.0
30.0,1288.0,2729551.0
30.0,1288.0,2733864.0
60.0,1412.0,2734823.0
12.0,1022.0,2735310.0
30.0,1440.0,2737326.0
30.0,1172.0,2737566.0
1.0,1049.0,2829182.0
22.0,1234.0,2829341.0
40.0,1097.0,2830900.0
22.0,1152.0,2834190.0
27.0,1480.0,2835455.0
4.0,1260.0,2836268.0
20.0,1281.0,2836407.0
1.0,1049.0,2836861.0
20.0,1034.0,2837110.0
1.0,1049.0,2837208.0
20.0,1111.0,2837376.0
22.0,1090.0,2838026.0
22.0,1429.0,2838619.0
20.0,1120.0,2838675.0
20.0,1413.0,2838978.0
20.0,1405.0,2839295.0
22.0,1441.0,2839473.0
20.0,1460.0,2839550.0
51.0,1331.0,2840043.0
4.0,1292.0,2840170.0
20.0,1281.0,2840599.0
16.0,1119.0,2840932.0
51.0,1106.0,2841035.0
51.0,1331.0,2841456.0
16.0,1273.0,2841507.0
51.0,1156.0,2841716.0
51.0,1358.0,2842017.0
51.0,1137.0,2842167.0
51.0,1137.0,2842448.0
4.0,1462.0,2842950.0
51.0,1385.0,2843008.0
51.0,1385.0,2843349.0
1.0,1049.0,2843512.0
51.0,1386.0,2843649.0
1.0,1049.0,2843846.0
51.0,1271.0,2843920.0
27.0,1294.0,2844194.0
1.0,1049.0,2844203.0
51.0,1271.0,2844230.0
25.0,1023.0,2844250.0
27.0,1212.0,2844454.0
27.0,1077.0,2844804.0
27.0,1011.0,2845134.0
25.0,1432.0,2845214.0
1.0,1344.0,2846566.0
32.0,1147.0,2846573.0
1.0,993.0,2846827.0
1.0,994.0,2847127.0
1.0,995.0,2847407.0
1.0,996.0,2847689.0
17.0,1059.0,2847880.0
1.0,998.0,2847934.0
1.0,981.0,2848208.0
32.0,1254.0,2848435.0
1.0,982.0,2848460.0
29.0,1500.0,2848486.0
1.0,984.0,2848675.0
4.0,1349.0,2848702.0
51.0,1386.0,2848778.0
1.0,985.0,2848882.0
51.0,1106.0,2849249.0
51.0,1118.0,2850110.0
51.0,1479.0,2850420.0
23.0,1246.0,2851531.0
20.0,1460.0,2851533.0
51.0,1331.0,2851902.0
32.0,1244.0,2852203.0
51.0,1069.0,2852273.0
20.0,1405.0,2852542.0
20.0,1120.0,2853493.0
4.0,1173.0,2854183.0
51.0,1221.0,2856734.0
51.0,1222.0,2862626.0
51.0,1220.0,2862947.0
51.0,1108.0,2863267.0
14.0,1032.0,2865460.0
1.0,1049.0,2866184.0
17.0,1378.0,2868479.0
17.0,1138.0,2869158.0
17.0,1037.0,2870969.0
17.0,1378.0,2873727.0
17.0,1138.0,2874397.0
47.0,1497.0,2874717.0
17.0,1037.0,2876210.0
17.0,1378.0,2878976.0
17.0,1138.0,2879644.0
17.0,1037.0,2881457.0
5.0,1496.0,2882369.0
1.0,1049.0,2883834.0
1.0,1049.0,2884041.0
17.0,1378.0,2884212.0
1.0,999.0,2884363.0
1.0,1049.0,2884527.0
47.0,1497.0,2884674.0
1.0,1049.0,2884787.0
17.0,1138.0,2884892.0
47.0,1072.0,2885957.0
17.0,1037.0,2886707.0
59.0,1266.0,2888016.0
52.0,1034.0,2889191.0
17.0,1378.0,2889461.0
17.0,1138.0,2890140.0
30.0,1440.0,2894865.0
30.0,1172.0,2895085.0
25.0,1440.0,2895101.0
3.0,1254.0,2900653.0
5.0,1388.0,2902824.0
42.0,1024.0,2906244.0
42.0,1118.0,2906749.0
42.0,1108.0,2907029.0
42.0,1123.0,2907313.0
42.0,1124.0,2907535.0
42.0,1125.0,2907736.0
42.0,1127.0,2908047.0
42.0,1128.0,2908350.0
42.0,1129.0,2908641.0
42.0,1430.0,2908952.0
10.0,1095.0,2909670.0
32.0,1116.0,2913091.0
10.0,1244.0,2913112.0
32.0,1306.0,2914616.0
17.0,1378.0,2915297.0
27.0,1114.0,2916205.0
1.0,1232.0,2918889.0
32.0,1258.0,2922334.0
51.0,1108.0,2922551.0
20.0,1452.0,2922650.0
20.0,1451.0,2923323.0
32.0,1310.0,2924329.0
51.0,1106.0,2925427.0
51.0,1106.0,2925758.0
17.0,1378.0,2925785.0
20.0,1371.0,2925985.0
51.0,1331.0,2926180.0
20.0,1008.0,2927107.0
17.0,1138.0,2927157.0
20.0,1009.0,2927542.0
20.0,1008.0,2928110.0
20.0,1009.0,2928315.0
20.0,1005.0,2928914.0
20.0,1477.0,2929149.0
20.0,1477.0,2929389.0
32.0,1143.0,2930220.0
22.0,1004.0,2932737.0
22.0,1086.0,2934010.0
32.0,1434.0,2934096.0
32.0,1037.0,2936499.0
17.0,1138.0,2937187.0
23.0,1098.0,2937480.0
20.0,1271.0,2937826.0
17.0,1189.0,2938004.0
23.0,1105.0,2938168.0
6.0,1277.0,2938252.0
6.0,1003.0,2938462.0
20.0,1024.0,2938875.0
20.0,1118.0,2939668.0
22.0,1429.0,2939874.0
20.0,1108.0,2939951.0
1.0,1049.0,2941790.0
1.0,1049.0,2942173.0
1.0,1049.0,2943006.0
1.0,1049.0,2943367.0
1.0,1049.0,2943774.0
1.0,1049.0,2943972.0
1.0,1049.0,2944961.0
1.0,1097.0,2945511.0
1.0,1053.0,2945753.0
4.0,1046.0,2948982.0
61.0,1501.0,2951552.0
46.0,1036.0,2952470.0
17.0,1138.0,2953766.0
4.0,1023.0,2953906.0
17.0,1037.0,2954471.0
4.0,1502.0,2955477.0
32.0,1026.0,2957333.0
32.0,1304.0,2958675.0
14.0,1032.0,2959783.0
14.0,1043.0,2960073.0
17.0,1138.0,2961624.0
17.0,1037.0,2962329.0
1.0,1094.0,2968687.0
1.0,1002.0,2968992.0
1.0,1322.0,2969576.0
1.0,999.0,2969921.0
1.0,1094.0,2970175.0
1.0,1501.0,2971194.0
20.0,1360.0,2972020.0
17.0,1138.0,2977364.0
17.0,1037.0,2978073.0
17.0,1138.0,2985230.0
17.0,1037.0,2985939.0
28.0,1080.0,2986300.0
20.0,1255.0,2988480.0
40.0,1324.0,2989073.0
30.0,1440.0,2989315.0
3.0,1055.0,2991694.0
3.0,1066.0,2992196.0
52.0,1255.0,2992710.0
3.0,1179.0,2993832.0
48.0,1106.0,2995096.0
48.0,1331.0,2995357.0
48.0,1156.0,2995617.0
3.0,1379.0,2995804.0
17.0,1059.0,2996370.0
2.0,1479.0,2996786.0
3.0,1323.0,2996958.0
51.0,1106.0,2997704.0
17.0,1138.0,2997972.0
3.0,1445.0,2998959.0
3.0,992.0,2999866.0
3.0,1344.0,3001518.0
3.0,1346.0,3001776.0
6.0,1272.0,3002241.0
1.0,1105.0,3002417.0
47.0,1497.0,3003541.0
29.0,1171.0,3004606.0
3.0,1201.0,3005581.0
3.0,1114.0,3006208.0
59.0,1503.0,3007277.0
1.0,1501.0,3008177.0
59.0,1348.0,3009428.0
3.0,1167.0,3009474.0
3.0,1398.0,3010137.0
4.0,1036.0,3010364.0
25.0,1486.0,3010590.0
20.0,1396.0,3010724.0
1.0,1105.0,3010781.0
20.0,1004.0,3012015.0
42.0,1215.0,3015661.0
42.0,1207.0,3015962.0
42.0,1212.0,3016294.0
53.0,1135.0,3016505.0
42.0,1214.0,3016627.0
53.0,1030.0,3016775.0
53.0,1048.0,3017053.0
42.0,1211.0,3017159.0
53.0,1264.0,3017477.0
42.0,1210.0,3017634.0
53.0,1030.0,3017727.0
42.0,1209.0,3017815.0
53.0,1048.0,3017997.0
42.0,1201.0,3018077.0
53.0,1217.0,3018259.0
42.0,1126.0,3018329.0
53.0,1043.0,3018539.0
42.0,1041.0,3018571.0
29.0,1233.0,3019496.0
17.0,1189.0,3023798.0
51.0,1220.0,3025335.0
51.0,1271.0,3026616.0
58.0,1284.0,3026801.0
32.0,1399.0,3027692.0
58.0,1473.0,3027942.0
32.0,1317.0,3028025.0
51.0,1118.0,3028449.0
51.0,1385.0,3029950.0
51.0,1271.0,3030681.0
55.0,1121.0,3030960.0
5.0,1094.0,3031147.0
51.0,1156.0,3031683.0
51.0,1386.0,3032685.0
51.0,1222.0,3032965.0
51.0,1137.0,3033285.0
51.0,1331.0,3034307.0
51.0,1479.0,3035290.0
4.0,1060.0,3035940.0
4.0,1020.0,3037780.0
17.0,1138.0,3038548.0
2.0,1479.0,3038628.0
51.0,1410.0,3039009.0
4.0,1208.0,3040111.0
4.0,1158.0,3040431.0
51.0,1393.0,3041622.0
1.0,1501.0,3042463.0
1.0,1501.0,3045001.0
4.0,1349.0,3049447.0
1.0,1094.0,3050762.0
1.0,1002.0,3051065.0
4.0,1060.0,3051189.0
1.0,1362.0,3051402.0
1.0,1119.0,3051641.0
1.0,1120.0,3051856.0
1.0,1405.0,3052964.0
4.0,1260.0,3054473.0
4.0,1032.0,3063724.0
45.0,1073.0,3066948.0
22.0,1195.0,3067200.0
45.0,1152.0,3067423.0
22.0,1188.0,3067521.0
22.0,1194.0,3067883.0
45.0,1056.0,3068013.0
22.0,1190.0,3068361.0
11.0,1452.0,3068976.0
45.0,1504.0,3069020.0
11.0,1076.0,3069137.0
11.0,1300.0,3069328.0
45.0,1255.0,3070545.0
45.0,1192.0,3070781.0
22.0,1090.0,3071425.0
40.0,1324.0,3071857.0
11.0,1374.0,3072315.0
11.0,1407.0,3072814.0
35.0,1297.0,3079135.0
40.0,1326.0,3080567.0
47.0,1497.0,3083673.0
9.0,1023.0,3085074.0
4.0,1112.0,3085408.0
57.0,1197.0,3086003.0
40.0,1190.0,3086452.0
9.0,1505.0,3086588.0
1.0,1094.0,3086991.0
9.0,1432.0,3087046.0
45.0,1421.0,3087136.0
1.0,1002.0,3087296.0
9.0,1099.0,3087475.0
1.0,1322.0,3087880.0
1.0,1185.0,3088152.0
1.0,1344.0,3088387.0
4.0,1030.0,3089157.0
20.0,1114.0,3091603.0
20.0,1487.0,3091830.0
52.0,1431.0,3092093.0
52.0,1283.0,3093058.0
40.0,1324.0,3095094.0
13.0,1506.0,3095145.0
59.0,1179.0,3095460.0
1.0,1049.0,3095717.0
3.0,1337.0,3096371.0
3.0,1437.0,3096583.0
59.0,1337.0,3096996.0
3.0,1365.0,3097881.0
3.0,1318.0,3098153.0
3.0,1311.0,3098364.0
3.0,1337.0,3098910.0
59.0,1445.0,3100003.0
0.0,1055.0,3100026.0
0.0,980.0,3100270.0
52.0,1507.0,3101239.0
0.0,1270.0,3101275.0
0.0,1230.0,3101537.0
0.0,1135.0,3101859.0
0.0,1030.0,3102130.0
53.0,1508.0,3102331.0
0.0,1048.0,3102390.0
53.0,1509.0,3102562.0
0.0,1265.0,3102976.0
0.0,1167.0,3103289.0
0.0,1259.0,3103515.0
0.0,1243.0,3103727.0
55.0,1220.0,3103841.0
0.0,1261.0,3103959.0
53.0,1509.0,3104109.0
0.0,1152.0,3104147.0
17.0,1283.0,3104159.0
0.0,1262.0,3104341.0
4.0,1199.0,3104760.0
22.0,1195.0,3104804.0
0.0,1299.0,3104847.0
55.0,1221.0,3104966.0
22.0,1188.0,3105035.0
0.0,1305.0,3105134.0
51.0,1265.0,3105172.0
22.0,1193.0,3105275.0
55.0,1222.0,3105277.0
22.0,1194.0,3105486.0
59.0,1453.0,3105554.0
51.0,1299.0,3105662.0
22.0,1190.0,3105958.0
55.0,1219.0,3106108.0
51.0,1389.0,3106769.0
4.0,1017.0,3107141.0
51.0,1385.0,3107771.0
51.0,1385.0,3108112.0
53.0,1005.0,3108220.0
53.0,1007.0,3109118.0
53.0,1009.0,3110008.0
52.0,1089.0,3112173.0
51.0,1263.0,3112749.0
0.0,1053.0,3112805.0
52.0,1510.0,3112954.0
17.0,1138.0,3112968.0
59.0,1500.0,3115675.0
17.0,1378.0,3115936.0
51.0,1243.0,3116183.0
0.0,999.0,3116524.0
52.0,1329.0,3116529.0
0.0,1119.0,3116722.0
52.0,1296.0,3116770.0
0.0,1094.0,3116947.0
51.0,1344.0,3116964.0
0.0,1254.0,3117205.0
17.0,1138.0,3117330.0
2.0,1479.0,3117507.0
51.0,1244.0,3117534.0
51.0,1069.0,3118625.0
58.0,1284.0,3119296.0
52.0,1392.0,3119574.0
5.0,1045.0,3120848.0
52.0,1130.0,3120976.0
52.0,1287.0,3121667.0
52.0,1255.0,3122798.0
51.0,1025.0,3122928.0
59.0,1010.0,3123876.0
14.0,1223.0,3123944.0
51.0,1030.0,3125004.0
51.0,1160.0,3125695.0
51.0,1160.0,3126276.0
4.0,1019.0,3126465.0
1.0,1049.0,3129393.0
1.0,1049.0,3129825.0
52.0,1504.0,3130219.0
0.0,1052.0,3130634.0
0.0,1046.0,3130964.0
52.0,1063.0,3135767.0
52.0,1255.0,3136548.0
8.0,1147.0,3138038.0
4.0,1008.0,3141053.0
4.0,1177.0,3142603.0
45.0,1109.0,3144240.0
17.0,1138.0,3144573.0
45.0,1110.0,3144790.0
4.0,1020.0,3145183.0
45.0,1111.0,3145305.0
4.0,1057.0,3148288.0
40.0,1324.0,3148545.0
9.0,1132.0,3148797.0
40.0,1481.0,3148885.0
40.0,1497.0,3149035.0
45.0,1023.0,3149760.0
40.0,1068.0,3150196.0
29.0,1500.0,3151124.0
4.0,1216.0,3153032.0
52.0,1283.0,3153205.0
45.0,1041.0,3153771.0
42.0,1073.0,3155838.0
52.0,1130.0,3156527.0
42.0,1073.0,3157438.0
4.0,1208.0,3161804.0
45.0,1001.0,3162133.0
27.0,1383.0,3163747.0
40.0,1068.0,3168276.0
9.0,1197.0,3168570.0
58.0,1473.0,3168911.0
9.0,1412.0,3169166.0
45.0,1422.0,3170019.0
59.0,1168.0,3170602.0
40.0,1009.0,3170848.0
4.0,1017.0,3171256.0
16.0,1192.0,3171822.0
61.0,1501.0,3171835.0
40.0,1197.0,3175256.0
40.0,1324.0,3177233.0
20.0,1068.0,3178380.0
1.0,1094.0,3179636.0
0.0,1008.0,3179719.0
1.0,1002.0,3179939.0
0.0,1009.0,3180094.0
0.0,1007.0,3180281.0
20.0,1106.0,3180467.0
0.0,1005.0,3180496.0
1.0,1322.0,3180522.0
1.0,1185.0,3180793.0
1.0,1362.0,3181362.0
40.0,1324.0,3181525.0
1.0,1119.0,3181603.0
1.0,1120.0,3181817.0
1.0,999.0,3182638.0
1.0,1405.0,3182905.0
20.0,1106.0,3185094.0
20.0,1210.0,3185579.0
1.0,1323.0,3185611.0
1.0,1094.0,3185909.0
20.0,1271.0,3186032.0
1.0,1119.0,3186281.0
20.0,1129.0,3186373.0
1.0,1120.0,3186495.0
20.0,1125.0,3186675.0
46.0,1289.0,3186815.0
46.0,1289.0,3186968.0
20.0,1078.0,3187013.0
20.0,1124.0,3187316.0
20.0,1011.0,3187549.0
20.0,1128.0,3188022.0
48.0,1511.0,3189663.0
29.0,1512.0,3191797.0
22.0,1194.0,3192134.0
17.0,1138.0,3192742.0
22.0,1090.0,3192994.0
22.0,1429.0,3193345.0
29.0,1435.0,3194319.0
17.0,1378.0,3194734.0
40.0,1513.0,3198004.0
1.0,1094.0,3201373.0
1.0,1002.0,3201677.0
1.0,1322.0,3202261.0
1.0,1185.0,3202532.0
1.0,1119.0,3202711.0
1.0,1120.0,3202925.0
1.0,999.0,3203744.0
1.0,1405.0,3204011.0
32.0,1283.0,3211141.0
51.0,1245.0,3213354.0
1.0,1053.0,3213895.0
51.0,1117.0,3214045.0
51.0,1118.0,3214738.0
51.0,1264.0,3215444.0
51.0,1479.0,3216657.0
3.0,1345.0,3221508.0
3.0,1103.0,3221880.0
40.0,1009.0,3231160.0
40.0,1413.0,3231980.0
47.0,1072.0,3232083.0
55.0,1121.0,3232489.0
40.0,1008.0,3232980.0
27.0,1487.0,3234332.0
40.0,1366.0,3234641.0
12.0,980.0,3234814.0
12.0,1086.0,3235045.0
12.0,1055.0,3235265.0
27.0,1049.0,3235313.0
12.0,1095.0,3235486.0
12.0,1056.0,3235746.0
12.0,1253.0,3235986.0
12.0,1245.0,3236207.0
12.0,1269.0,3236747.0
12.0,1270.0,3237378.0
12.0,1054.0,3237718.0
12.0,980.0,3238358.0
12.0,1086.0,3238588.0
12.0,1055.0,3238808.0
12.0,1095.0,3239029.0
12.0,1056.0,3239289.0
12.0,1253.0,3239529.0
12.0,1245.0,3239749.0
12.0,1269.0,3240380.0
12.0,1270.0,3240650.0
45.0,1024.0,3240949.0
47.0,1024.0,3240981.0
9.0,1417.0,3241209.0
47.0,1122.0,3241233.0
9.0,1131.0,3242445.0
9.0,1212.0,3243258.0
9.0,1514.0,3244140.0
47.0,1092.0,3244583.0
9.0,1266.0,3244836.0
17.0,1189.0,3245903.0
9.0,1320.0,3246289.0
9.0,1297.0,3247124.0
17.0,1037.0,3247501.0
12.0,1054.0,3248119.0
12.0,1515.0,3248359.0
12.0,1274.0,3248619.0
12.0,1196.0,3248870.0
12.0,1157.0,3249140.0
12.0,1516.0,3249350.0
9.0,1440.0,3249577.0
47.0,1024.0,3251805.0
47.0,1125.0,3251996.0
12.0,1161.0,3253052.0
12.0,1517.0,3253262.0
9.0,1010.0,3254188.0
9.0,1403.0,3254332.0
12.0,1350.0,3254473.0
40.0,1160.0,3254957.0
12.0,1343.0,3255594.0
12.0,1085.0,3256514.0
3.0,1066.0,3260424.0
48.0,1243.0,3263270.0
9.0,1242.0,3263355.0
40.0,1324.0,3265559.0
40.0,1324.0,3266334.0
47.0,1072.0,3267326.0
17.0,1518.0,3267405.0
31.0,1519.0,3269407.0
20.0,1009.0,3270922.0
20.0,1008.0,3271419.0
17.0,1518.0,3271828.0
4.0,1036.0,3271832.0
20.0,1410.0,3272114.0
20.0,1106.0,3273215.0
20.0,1331.0,3273467.0
17.0,1059.0,3274255.0
20.0,1358.0,3274430.0
20.0,1137.0,3274717.0
40.0,1324.0,3274862.0
20.0,1156.0,3275027.0
40.0,1160.0,3275243.0
20.0,1271.0,3275347.0
27.0,1400.0,3278358.0
6.0,1059.0,3278818.0
27.0,1401.0,3279138.0
62.0,1122.0,3279348.0
27.0,1307.0,3280438.0
27.0,1139.0,3280968.0
27.0,1328.0,3281588.0
29.0,1453.0,3281853.0
62.0,1106.0,3282226.0
29.0,1453.0,3283095.0
27.0,999.0,3283639.0
53.0,1037.0,3284230.0
27.0,1120.0,3284459.0
4.0,1036.0,3284540.0
17.0,1114.0,3285218.0
27.0,1405.0,3285299.0
27.0,1119.0,3285499.0
27.0,1119.0,3286079.0
27.0,1120.0,3286289.0
62.0,1207.0,3286961.0
2.0,1005.0,3287072.0
17.0,1438.0,3287186.0
62.0,1212.0,3287297.0
62.0,1214.0,3287625.0
17.0,1518.0,3287635.0
46.0,1277.0,3287786.0
62.0,1096.0,3287893.0
62.0,1135.0,3288175.0
62.0,1030.0,3288452.0
62.0,1048.0,3288718.0
17.0,1189.0,3289090.0
51.0,1160.0,3289291.0
53.0,1037.0,3289575.0
51.0,1160.0,3290272.0
62.0,1145.0,3290933.0
62.0,1405.0,3291230.0
62.0,999.0,3291501.0
51.0,1160.0,3291615.0
51.0,1160.0,3292968.0
17.0,1059.0,3294172.0
51.0,1160.0,3294310.0
62.0,1058.0,3294597.0
17.0,1138.0,3294726.0
51.0,1160.0,3295663.0
32.0,1309.0,3295670.0
31.0,1520.0,3296401.0
51.0,1160.0,3297005.0
51.0,1160.0,3298357.0
17.0,1438.0,3299049.0
51.0,1160.0,3299701.0
51.0,1160.0,3300464.0
51.0,1160.0,3301815.0
14.0,1032.0,3305942.0
14.0,1043.0,3306231.0
3.0,1278.0,3307025.0
1.0,1094.0,3307955.0
1.0,1002.0,3308259.0
1.0,1120.0,3308783.0
1.0,999.0,3309603.0
1.0,1405.0,3309870.0
1.0,1119.0,3311512.0
1.0,1120.0,3311726.0
1.0,999.0,3312547.0
1.0,1405.0,3312815.0
25.0,1131.0,3313113.0
17.0,1518.0,3315472.0
55.0,1472.0,3323067.0
40.0,1068.0,3325839.0
5.0,1058.0,3326287.0
5.0,1146.0,3327533.0
62.0,1227.0,3328284.0
17.0,1114.0,3328514.0
40.0,1521.0,3329899.0
17.0,1037.0,3330145.0
40.0,1341.0,3330369.0
40.0,1413.0,3331189.0
40.0,1367.0,3331489.0
35.0,1072.0,3334309.0
40.0,1324.0,3335620.0
40.0,1481.0,3335810.0
40.0,1497.0,3335960.0
52.0,1034.0,3336030.0
17.0,1378.0,3338163.0
8.0,1292.0,3339271.0
17.0,1085.0,3339776.0
53.0,1466.0,3340678.0
8.0,1522.0,3340683.0
17.0,1189.0,3341949.0
1.0,1120.0,3342644.0
1.0,1120.0,3343526.0
8.0,997.0,3344273.0
1.0,999.0,3344344.0
1.0,1119.0,3344514.0
1.0,1120.0,3344728.0
3.0,1076.0,3345114.0
17.0,1114.0,3345255.0
3.0,1085.0,3345541.0
1.0,999.0,3345548.0
17.0,1518.0,3345557.0
1.0,1405.0,3345815.0
17.0,1515.0,3346233.0
3.0,1440.0,3347235.0
17.0,1518.0,3347727.0
17.0,1138.0,3347929.0
3.0,1322.0,3348473.0
17.0,1438.0,3348699.0
11.0,1168.0,3348979.0
3.0,1504.0,3349335.0
52.0,1302.0,3349982.0
4.0,1097.0,3351410.0
40.0,1049.0,3351450.0
4.0,1036.0,3352080.0
8.0,1313.0,3353040.0
40.0,1324.0,3353625.0
59.0,1403.0,3354368.0
4.0,1023.0,3356091.0
59.0,1171.0,3356380.0
8.0,1439.0,3357244.0
38.0,1089.0,3358086.0
38.0,1050.0,3358451.0
17.0,1518.0,3358693.0
38.0,1130.0,3358735.0
38.0,1335.0,3358982.0
38.0,1256.0,3359223.0
51.0,1160.0,3359296.0
16.0,1365.0,3359902.0
17.0,1378.0,3361813.0
17.0,1438.0,3362316.0
20.0,1371.0,3363649.0
20.0,1200.0,3364790.0
51.0,1523.0,3364821.0
17.0,1085.0,3366783.0
8.0,1097.0,3367101.0
20.0,1300.0,3367804.0
20.0,1082.0,3368050.0
4.0,1059.0,3369003.0
22.0,1183.0,3371100.0
17.0,1059.0,3374048.0
51.0,1331.0,3375654.0
51.0,1118.0,3376184.0
51.0,1219.0,3377349.0
51.0,1108.0,3377700.0
4.0,1008.0,3378025.0
51.0,1106.0,3378390.0
17.0,1518.0,3378913.0
51.0,1386.0,3379051.0
51.0,1069.0,3381365.0
51.0,1220.0,3382868.0
32.0,1036.0,3387923.0
14.0,1032.0,3387957.0
14.0,1043.0,3388431.0
32.0,1144.0,3389022.0
17.0,1518.0,3391901.0
1.0,1323.0,3393870.0
1.0,1094.0,3394169.0
1.0,1002.0,3394474.0
17.0,1378.0,3394935.0
1.0,1322.0,3395058.0
17.0,1518.0,3395188.0
1.0,1185.0,3395329.0
23.0,1098.0,3397362.0
17.0,1138.0,3397728.0
17.0,1114.0,3398383.0
17.0,1378.0,3402162.0
17.0,1518.0,3402424.0
23.0,1035.0,3402824.0
17.0,1138.0,3404964.0
17.0,1114.0,3405619.0
17.0,1378.0,3409393.0
17.0,1518.0,3409657.0
22.0,1143.0,3411950.0
17.0,1138.0,3412195.0
17.0,1114.0,3412845.0
17.0,1378.0,3416622.0
17.0,1518.0,3416886.0
4.0,1007.0,3416915.0
3.0,1139.0,3417538.0
27.0,1487.0,3417679.0
17.0,1138.0,3419432.0
17.0,1114.0,3420082.0
36.0,1227.0,3420488.0
3.0,1345.0,3420660.0
3.0,1103.0,3421147.0
62.0,1048.0,3421392.0
35.0,1072.0,3421884.0
3.0,1064.0,3421984.0
0.0,1032.0,3422165.0
3.0,1203.0,3422216.0
3.0,1278.0,3422463.0
3.0,1329.0,3422687.0
17.0,1378.0,3423860.0
17.0,1518.0,3424115.0
52.0,1524.0,3424325.0
0.0,1167.0,3424793.0
0.0,1243.0,3425039.0
27.0,1049.0,3425179.0
0.0,1261.0,3425270.0
0.0,1152.0,3425458.0
0.0,1262.0,3425652.0
59.0,1525.0,3425819.0
0.0,1263.0,3426018.0
27.0,1383.0,3426070.0
0.0,1303.0,3426363.0
62.0,1198.0,3426403.0
17.0,1138.0,3426667.0
0.0,1299.0,3426809.0
0.0,1305.0,3427079.0
0.0,1135.0,3427394.0
0.0,1030.0,3427665.0
0.0,1264.0,3427901.0
62.0,1005.0,3428132.0
0.0,1265.0,3428180.0
8.0,1010.0,3430062.0
27.0,1139.0,3430371.0
17.0,1059.0,3430759.0
62.0,1470.0,3431656.0
62.0,1218.0,3431914.0
62.0,1227.0,3432857.0
17.0,1515.0,3433290.0
8.0,1453.0,3433389.0
40.0,1324.0,3433479.0
17.0,1518.0,3434068.0
4.0,1502.0,3434681.0
52.0,1130.0,3434768.0
17.0,1189.0,3434858.0
52.0,1524.0,3435011.0
38.0,1467.0,3437487.0
38.0,1468.0,3438283.0
4.0,1437.0,3438470.0
52.0,1063.0,3438573.0
52.0,1283.0,3439222.0
20.0,1142.0,3439281.0
52.0,1510.0,3439425.0
23.0,1105.0,3439699.0
20.0,982.0,3439938.0
46.0,1036.0,3440105.0
20.0,1102.0,3440544.0
1.0,1027.0,3441452.0
4.0,1469.0,3441608.0
52.0,1296.0,3441635.0
1.0,1159.0,3441707.0
38.0,1515.0,3441727.0
38.0,1274.0,3441991.0
6.0,1258.0,3442162.0
38.0,1196.0,3442244.0
38.0,1157.0,3442506.0
6.0,1003.0,3442641.0
38.0,1516.0,3442724.0
38.0,1161.0,3443273.0
38.0,1517.0,3443490.0
1.0,1105.0,3443868.0
1.0,1119.0,3444052.0
62.0,1106.0,3444304.0
1.0,1027.0,3444441.0
38.0,1350.0,3444505.0
62.0,1331.0,3444554.0
51.0,1455.0,3444683.0
51.0,1123.0,3444883.0
52.0,1507.0,3445268.0
8.0,1453.0,3445508.0
52.0,1089.0,3445665.0
8.0,1098.0,3445996.0
25.0,1237.0,3446156.0
52.0,1255.0,3446386.0
25.0,1089.0,3446477.0
25.0,1050.0,3446838.0
17.0,1518.0,3447020.0
1.0,1155.0,3447093.0
51.0,1027.0,3447358.0
25.0,1335.0,3447379.0
25.0,1256.0,3447609.0
6.0,1258.0,3447763.0
25.0,1153.0,3447820.0
1.0,1137.0,3448138.0
25.0,1237.0,3448773.0
1.0,1159.0,3448833.0
1.0,1137.0,3449493.0
51.0,1287.0,3450165.0
6.0,1003.0,3450470.0
62.0,1325.0,3451017.0
1.0,1137.0,3451114.0
51.0,1217.0,3451666.0
51.0,1271.0,3451957.0
8.0,1010.0,3452077.0
51.0,1271.0,3452267.0
8.0,1151.0,3452459.0
1.0,1027.0,3454366.0
1.0,1159.0,3454620.0
1.0,1155.0,3455223.0
62.0,1152.0,3455587.0
62.0,1262.0,3455785.0
8.0,1465.0,3456094.0
26.0,1024.0,3456204.0
1.0,1137.0,3456268.0
26.0,1122.0,3456445.0
26.0,1118.0,3456696.0
26.0,1108.0,3456976.0
62.0,1305.0,3457234.0
26.0,1123.0,3457266.0
26.0,1124.0,3457496.0
26.0,1125.0,3457706.0
26.0,1127.0,3458067.0
26.0,1128.0,3458367.0
62.0,1305.0,3458612.0
26.0,1129.0,3458668.0
62.0,1305.0,3458838.0
26.0,1430.0,3458968.0
51.0,1411.0,3459164.0
17.0,1518.0,3460067.0
51.0,1108.0,3460225.0
32.0,1289.0,3460772.0
51.0,1303.0,3460856.0
32.0,1491.0,3461368.0
51.0,1245.0,3462519.0
51.0,1118.0,3463901.0
51.0,1264.0,3464602.0
51.0,1358.0,3467077.0
51.0,1156.0,3467239.0
51.0,1331.0,3467490.0
51.0,1331.0,3467702.0
51.0,1106.0,3467955.0
51.0,1442.0,3468379.0
51.0,1380.0,3468660.0
46.0,1471.0,3468763.0
52.0,1524.0,3468780.0
51.0,1230.0,3470938.0
35.0,1222.0,3472748.0
51.0,1270.0,3472752.0
51.0,1034.0,3474285.0
1.0,999.0,3476221.0
1.0,1405.0,3476487.0
47.0,1024.0,3485153.0
47.0,1072.0,3485604.0
17.0,1518.0,3487328.0
4.0,1277.0,3491364.0
17.0,1114.0,3500320.0
25.0,1089.0,3500833.0
25.0,1050.0,3501195.0
25.0,1335.0,3501737.0
25.0,1256.0,3501967.0
25.0,1153.0,3502177.0
25.0,1237.0,3503128.0
25.0,1089.0,3503460.0
25.0,1050.0,3503821.0
25.0,1335.0,3504363.0
40.0,1324.0,3508041.0
40.0,1049.0,3508223.0
1.0,1405.0,3511063.0
34.0,1471.0,3511473.0
1.0,1501.0,3511821.0
1.0,1105.0,3514425.0
1.0,1160.0,3514974.0
62.0,1005.0,3515339.0
62.0,1005.0,3515580.0
62.0,1005.0,3515817.0
20.0,1004.0,3516411.0
62.0,1005.0,3516590.0
34.0,1471.0,3516921.0
20.0,1004.0,3517230.0
62.0,1283.0,3517858.0
62.0,1116.0,3518092.0
62.0,1407.0,3518956.0
25.0,1327.0,3519163.0
20.0,1278.0,3519216.0
51.0,1160.0,3519490.0
25.0,1378.0,3519843.0
25.0,1486.0,3520664.0
51.0,1160.0,3520832.0
29.0,1266.0,3522878.0
31.0,1442.0,3524853.0
34.0,1130.0,3527340.0
4.0,986.0,3527676.0
5.0,1208.0,3528028.0
51.0,1025.0,3529505.0
4.0,991.0,3530535.0
55.0,1191.0,3531986.0
4.0,1019.0,3532154.0
51.0,1025.0,3532547.0
55.0,1062.0,3532576.0
51.0,1152.0,3532737.0
51.0,1326.0,3533298.0
51.0,1009.0,3533468.0
53.0,1526.0,3533707.0
51.0,1055.0,3534800.0
53.0,1526.0,3536491.0
4.0,1097.0,3536703.0
0.0,1055.0,3537122.0
5.0,991.0,3537332.0
53.0,1007.0,3537376.0
0.0,1269.0,3537645.0
0.0,1270.0,3537916.0
5.0,1298.0,3537976.0
8.0,1153.0,3538199.0
53.0,1005.0,3538247.0
40.0,1324.0,3538953.0
26.0,1024.0,3539110.0
40.0,1160.0,3539547.0
5.0,1457.0,3539967.0
40.0,1324.0,3540151.0
40.0,1049.0,3540403.0
4.0,1007.0,3540675.0
5.0,1396.0,3540677.0
5.0,1199.0,3541064.0
14.0,1055.0,3541149.0
14.0,1095.0,3541627.0
14.0,980.0,3541849.0
6.0,1003.0,3542210.0
6.0,1277.0,3542475.0
40.0,1324.0,3543237.0
5.0,1061.0,3543495.0
4.0,1165.0,3543929.0
17.0,1114.0,3544398.0
17.0,1518.0,3545847.0
40.0,1049.0,3548269.0
40.0,1324.0,3550506.0
40.0,1324.0,3551416.0
40.0,1324.0,3552755.0
4.0,992.0,3552945.0
40.0,1160.0,3553188.0
6.0,1258.0,3553502.0
40.0,1324.0,3554720.0
40.0,1324.0,3560502.0
51.0,1393.0,3562791.0
17.0,1518.0,3566368.0
14.0,1032.0,3566433.0
14.0,1043.0,3566907.0
17.0,1138.0,3568458.0
17.0,1518.0,3570702.0
17.0,1138.0,3572793.0
25.0,1104.0,3578901.0
13.0,1126.0,3579548.0
55.0,1477.0,3581873.0
7.0,1527.0,3585563.0
20.0,1127.0,3585713.0
7.0,1247.0,3585770.0
8.0,1237.0,3587260.0
7.0,1247.0,3587648.0
8.0,1011.0,3587996.0
7.0,1510.0,3589638.0
20.0,1241.0,3590565.0
7.0,1195.0,3592099.0
7.0,1188.0,3592324.0
7.0,1193.0,3592562.0
7.0,1194.0,3592774.0
7.0,1510.0,3595939.0
7.0,1527.0,3596457.0
7.0,1247.0,3596665.0
35.0,1220.0,3598329.0
35.0,1222.0,3598650.0
30.0,1064.0,3603229.0
30.0,1191.0,3603479.0
35.0,1371.0,3603497.0
30.0,1278.0,3603699.0
30.0,1064.0,3603959.0
14.0,1043.0,3605335.0
17.0,1146.0,3605407.0
32.0,1264.0,3605980.0
17.0,986.0,3607624.0
22.0,1188.0,3608134.0
22.0,1190.0,3608245.0
51.0,1139.0,3609523.0
62.0,1106.0,3609674.0
51.0,1139.0,3609744.0
62.0,1331.0,3609926.0
51.0,1139.0,3609974.0
51.0,1139.0,3610204.0
62.0,1156.0,3610411.0
51.0,1139.0,3610424.0
51.0,1139.0,3610655.0
62.0,1358.0,3610714.0
51.0,1139.0,3610885.0
62.0,1137.0,3611000.0
51.0,1139.0,3611108.0
51.0,1139.0,3611339.0
17.0,1192.0,3614554.0
17.0,1192.0,3614966.0
62.0,1460.0,3616287.0
62.0,1326.0,3616500.0
51.0,1139.0,3616554.0
51.0,1401.0,3616725.0
62.0,1523.0,3616883.0
62.0,1281.0,3617095.0
51.0,1139.0,3617493.0
22.0,1236.0,3617562.0
22.0,1195.0,3617833.0
62.0,1460.0,3617926.0
22.0,1188.0,3618054.0
51.0,1401.0,3618094.0
22.0,1193.0,3618305.0
51.0,1400.0,3618455.0
51.0,1139.0,3618655.0
51.0,1328.0,3618926.0
22.0,1190.0,3619008.0
51.0,1401.0,3619256.0
47.0,1497.0,3619553.0
51.0,1400.0,3619617.0
51.0,1139.0,3619817.0
51.0,1328.0,3620088.0
51.0,1139.0,3620508.0
8.0,1003.0,3621031.0
14.0,1048.0,3621493.0
5.0,1395.0,3621846.0
17.0,1138.0,3621880.0
14.0,1265.0,3621964.0
17.0,1518.0,3622112.0
14.0,1217.0,3622244.0
62.0,1005.0,3622499.0
29.0,1502.0,3622569.0
32.0,1095.0,3623171.0
38.0,1283.0,3623690.0
14.0,1135.0,3623905.0
20.0,1379.0,3624267.0
14.0,1187.0,3624427.0
8.0,1308.0,3624662.0
14.0,1264.0,3624663.0
20.0,1314.0,3624665.0
32.0,1169.0,3624677.0
61.0,1501.0,3627722.0
8.0,1453.0,3628341.0
18.0,1265.0,3629193.0
62.0,1005.0,3630303.0
0.0,1198.0,3631371.0
32.0,1402.0,3631493.0
18.0,1048.0,3631537.0
18.0,1217.0,3631921.0
53.0,1360.0,3632100.0
46.0,1147.0,3632438.0
32.0,1309.0,3632477.0
18.0,1242.0,3632618.0
32.0,1315.0,3632734.0
18.0,1244.0,3633431.0
18.0,1060.0,3633666.0
0.0,1180.0,3634298.0
62.0,1106.0,3635017.0
62.0,1331.0,3635267.0
62.0,1156.0,3635752.0
62.0,1358.0,3636054.0
62.0,1137.0,3636340.0
51.0,1139.0,3644789.0
51.0,1139.0,3645029.0
51.0,1139.0,3645440.0
0.0,1008.0,3645651.0
51.0,1139.0,3645930.0
0.0,1009.0,3646026.0
0.0,1007.0,3646215.0
0.0,1005.0,3646937.0
62.0,1528.0,3646961.0
62.0,1460.0,3647525.0
62.0,1326.0,3647739.0
51.0,1271.0,3648063.0
62.0,1523.0,3648123.0
51.0,1331.0,3648303.0
62.0,1281.0,3648334.0
51.0,1106.0,3648644.0
62.0,1156.0,3648829.0
51.0,1358.0,3648934.0
51.0,1386.0,3649064.0
62.0,1358.0,3649130.0
51.0,1331.0,3649294.0
62.0,1137.0,3649417.0
62.0,1385.0,3649726.0
62.0,1386.0,3650018.0
51.0,1106.0,3650026.0
14.0,1032.0,3659324.0
14.0,1043.0,3659798.0
10.0,1329.0,3663468.0
63.0,1025.0,3669456.0
20.0,1049.0,3670512.0
20.0,1049.0,3670908.0
7.0,1510.0,3672608.0
7.0,1527.0,3673127.0
7.0,1247.0,3673335.0
35.0,1498.0,3674571.0
42.0,1328.0,3675639.0
42.0,1400.0,3675828.0
42.0,1401.0,3675974.0
42.0,1139.0,3676783.0
20.0,1072.0,3679070.0
42.0,1351.0,3681555.0
20.0,1190.0,3682757.0
35.0,1236.0,3686080.0
30.0,1440.0,3687495.0
7.0,1413.0,3687726.0
35.0,1107.0,3688004.0
38.0,1095.0,3691111.0
17.0,1518.0,3691324.0
17.0,1515.0,3692767.0
64.0,1202.0,3693289.0
20.0,1077.0,3694126.0
20.0,1107.0,3694400.0
62.0,1106.0,3694705.0
62.0,1331.0,3694955.0
20.0,1212.0,3695149.0
20.0,1273.0,3695736.0
18.0,1246.0,3695761.0
18.0,1030.0,3696016.0
62.0,1323.0,3696547.0
62.0,1094.0,3696851.0
62.0,1002.0,3697161.0
20.0,1239.0,3697314.0
40.0,1027.0,3700268.0
22.0,1004.0,3700316.0
22.0,1006.0,3700967.0
7.0,1331.0,3702137.0
51.0,1106.0,3702396.0
7.0,1156.0,3702942.0
40.0,1523.0,3702971.0
7.0,1358.0,3703243.0
51.0,1385.0,3703490.0
7.0,1137.0,3703528.0
7.0,1385.0,3703838.0
55.0,1146.0,3704045.0
51.0,1106.0,3704525.0
51.0,1271.0,3704816.0
51.0,1479.0,3705156.0
22.0,1441.0,3705993.0
51.0,1137.0,3706101.0
51.0,1106.0,3706381.0
51.0,1331.0,3706631.0
51.0,1271.0,3707573.0
51.0,1358.0,3707874.0
51.0,1331.0,3707984.0
51.0,1386.0,3708215.0
51.0,1156.0,3708495.0
51.0,1137.0,3708786.0
51.0,1331.0,3709296.0
51.0,1271.0,3709556.0
52.0,1524.0,3709631.0
51.0,1385.0,3709876.0
51.0,1479.0,3710240.0
51.0,1358.0,3710942.0
51.0,1106.0,3711574.0
51.0,1137.0,3711854.0
51.0,1271.0,3712155.0
51.0,1385.0,3712478.0
64.0,1202.0,3712615.0
51.0,1156.0,3712998.0
51.0,1137.0,3713530.0
55.0,1412.0,3713917.0
52.0,1287.0,3715262.0
62.0,1514.0,3717527.0
62.0,1529.0,3717760.0
5.0,1000.0,3718015.0
65.0,1219.0,3718437.0
52.0,1524.0,3719478.0
62.0,1005.0,3721262.0
62.0,1005.0,3721528.0
62.0,1227.0,3722405.0
62.0,1227.0,3722718.0
52.0,1287.0,3723373.0
62.0,1198.0,3725132.0
62.0,1198.0,3725638.0
66.0,1034.0,3727011.0
62.0,1034.0,3728147.0
62.0,1034.0,3728401.0
66.0,1095.0,3728713.0
62.0,1198.0,3729203.0
66.0,1201.0,3729217.0
55.0,1484.0,3729956.0
66.0,1373.0,3731510.0
66.0,985.0,3733354.0
66.0,1086.0,3734959.0
52.0,1287.0,3737076.0
38.0,1176.0,3737094.0
52.0,1524.0,3737715.0
66.0,1483.0,3737971.0
66.0,1245.0,3738463.0
14.0,1032.0,3743636.0
14.0,1043.0,3744110.0
42.0,1382.0,3749942.0
42.0,1381.0,3750175.0
9.0,1470.0,3751408.0
65.0,1530.0,3753188.0
38.0,1486.0,3755438.0
38.0,1378.0,3757022.0
9.0,1132.0,3757258.0
64.0,1348.0,3757353.0
17.0,1059.0,3758238.0
62.0,1135.0,3758934.0
62.0,1030.0,3759212.0
62.0,1048.0,3759478.0
62.0,1344.0,3760790.0
62.0,1034.0,3761018.0
11.0,1531.0,3762686.0
42.0,1114.0,3765372.0
67.0,1432.0,3765548.0
9.0,1132.0,3765579.0
16.0,1087.0,3767936.0
9.0,1470.0,3771970.0
42.0,1114.0,3772797.0
12.0,1114.0,3773335.0
1.0,1344.0,3774424.0
12.0,1360.0,3774656.0
1.0,993.0,3774686.0
1.0,994.0,3774995.0
1.0,995.0,3775271.0
1.0,996.0,3775551.0
1.0,998.0,3775799.0
16.0,1320.0,3775990.0
1.0,981.0,3776073.0
1.0,982.0,3776324.0
1.0,984.0,3776541.0
1.0,985.0,3776748.0
40.0,1068.0,3776769.0
1.0,1344.0,3778180.0
16.0,1111.0,3778288.0
1.0,993.0,3778442.0
1.0,994.0,3778747.0
1.0,995.0,3779024.0
40.0,1324.0,3780076.0
35.0,1087.0,3780745.0
64.0,1202.0,3781302.0
35.0,1532.0,3781606.0
5.0,1533.0,3781914.0
35.0,1273.0,3782507.0
16.0,1469.0,3784497.0
16.0,1275.0,3786984.0
23.0,1002.0,3787073.0
12.0,1360.0,3787365.0
44.0,996.0,3788571.0
44.0,996.0,3788801.0
33.0,1317.0,3790131.0
62.0,1344.0,3791122.0
62.0,1034.0,3791350.0
62.0,1198.0,3791590.0
62.0,1227.0,3791841.0
62.0,1005.0,3792350.0
62.0,1011.0,3792597.0
62.0,1046.0,3793073.0
33.0,1317.0,3793332.0
62.0,1122.0,3793761.0
6.0,991.0,3793986.0
62.0,1058.0,3794015.0
6.0,1000.0,3794305.0
16.0,1505.0,3794448.0
62.0,1106.0,3794650.0
6.0,1231.0,3794668.0
6.0,1208.0,3795382.0
5.0,1533.0,3795672.0
17.0,1138.0,3795910.0
5.0,1533.0,3796000.0
6.0,1280.0,3796089.0
64.0,1202.0,3796221.0
6.0,1158.0,3796685.0
62.0,1005.0,3796707.0
17.0,1515.0,3797580.0
17.0,1114.0,3798204.0
17.0,1518.0,3799856.0
62.0,1331.0,3800453.0
62.0,1156.0,3800937.0
65.0,1106.0,3800937.0
36.0,1221.0,3801057.0
62.0,1358.0,3801239.0
36.0,1498.0,3801518.0
62.0,1137.0,3801525.0
62.0,1385.0,3801835.0
62.0,1271.0,3802075.0
62.0,1046.0,3802705.0
36.0,1259.0,3802778.0
62.0,1122.0,3803392.0
53.0,1302.0,3803479.0
62.0,1058.0,3803645.0
62.0,1106.0,3804280.0
36.0,1102.0,3804480.0
36.0,1344.0,3804780.0
36.0,1333.0,3805150.0
36.0,1385.0,3808052.0
62.0,1046.0,3809909.0
62.0,1244.0,3810659.0
62.0,1187.0,3810905.0
1.0,1298.0,3810920.0
62.0,1380.0,3811186.0
61.0,1294.0,3811395.0
61.0,1216.0,3813407.0
61.0,1485.0,3813601.0
51.0,1139.0,3814093.0
51.0,1139.0,3814303.0
52.0,1524.0,3814375.0
51.0,1106.0,3814584.0
51.0,1386.0,3814854.0
51.0,1331.0,3815084.0
51.0,1358.0,3815335.0
62.0,1122.0,3815339.0
51.0,1385.0,3815505.0
51.0,1479.0,3816607.0
51.0,1271.0,3816937.0
51.0,1106.0,3817237.0
51.0,1156.0,3817708.0
14.0,1032.0,3819623.0
51.0,1118.0,3820543.0
52.0,1287.0,3820701.0
51.0,1127.0,3821103.0
4.0,1246.0,3822262.0
52.0,1524.0,3822969.0
4.0,991.0,3823772.0
14.0,1105.0,3824148.0
55.0,997.0,3825378.0
55.0,997.0,3826909.0
15.0,1515.0,3827087.0
14.0,1032.0,3827512.0
14.0,1043.0,3827986.0
19.0,1054.0,3828948.0
4.0,1112.0,3831294.0
17.0,1518.0,3831917.0
45.0,1419.0,3840380.0
45.0,1534.0,3840605.0
45.0,1078.0,3842067.0
45.0,1002.0,3842375.0
12.0,1078.0,3843212.0
62.0,1344.0,3845342.0
62.0,1034.0,3845570.0
62.0,1198.0,3845810.0
62.0,1227.0,3846061.0
62.0,1005.0,3846571.0
62.0,1011.0,3846817.0
62.0,1046.0,3847294.0
35.0,1293.0,3848699.0
7.0,1510.0,3849005.0
7.0,1195.0,3849301.0
7.0,1188.0,3849525.0
45.0,1046.0,3849578.0
7.0,1193.0,3849762.0
7.0,1194.0,3849973.0
12.0,1004.0,3850369.0
7.0,1190.0,3850444.0
45.0,1214.0,3851673.0
45.0,1014.0,3853127.0
45.0,1307.0,3855311.0
27.0,1015.0,3855780.0
45.0,1300.0,3856764.0
67.0,1199.0,3856771.0
45.0,1108.0,3858288.0
12.0,1095.0,3858684.0
12.0,1150.0,3859125.0
27.0,1487.0,3860494.0
12.0,1114.0,3860716.0
55.0,1263.0,3869451.0
55.0,1152.0,3870281.0
55.0,1259.0,3870451.0
32.0,1491.0,3873061.0
32.0,1264.0,3873261.0
22.0,1188.0,3873954.0
22.0,1194.0,3874164.0
22.0,1190.0,3874355.0
32.0,1248.0,3874517.0
22.0,1195.0,3874576.0
4.0,997.0,3875416.0
32.0,1402.0,3876011.0
62.0,1106.0,3876706.0
65.0,1466.0,3877201.0
62.0,1122.0,3877513.0
32.0,1359.0,3878149.0
62.0,1046.0,3878913.0
62.0,1122.0,3879601.0
62.0,1058.0,3879855.0
4.0,1112.0,3879987.0
62.0,1411.0,3881241.0
62.0,1283.0,3881730.0
29.0,1266.0,3881877.0
62.0,1116.0,3881964.0
4.0,1058.0,3882288.0
62.0,1407.0,3882828.0
51.0,1139.0,3885661.0
51.0,1139.0,3885891.0
51.0,1106.0,3886171.0
51.0,1331.0,3886412.0
51.0,1106.0,3886672.0
51.0,1137.0,3886953.0
51.0,1358.0,3887243.0
51.0,1386.0,3887574.0
51.0,1479.0,3887874.0
51.0,1385.0,3888487.0
51.0,1271.0,3888977.0
51.0,1271.0,3889909.0
51.0,1137.0,3890209.0
5.0,1218.0,3890284.0
2.0,1479.0,3892659.0
5.0,1231.0,3893024.0
0.0,1223.0,3896597.0
62.0,1106.0,3897608.0
62.0,1331.0,3897859.0
62.0,1156.0,3898344.0
62.0,1358.0,3898645.0
62.0,1137.0,3898932.0
62.0,1385.0,3899241.0
62.0,1386.0,3899533.0
1.0,1027.0,3899641.0
62.0,1271.0,3899813.0
61.0,1294.0,3900952.0
52.0,1524.0,3901157.0
52.0,1287.0,3903124.0
61.0,1216.0,3903311.0
61.0,1485.0,3903516.0
0.0,1257.0,3907356.0
32.0,1288.0,3908887.0
52.0,1287.0,3909478.0
32.0,1254.0,3910475.0
32.0,1169.0,3911183.0
32.0,1289.0,3913296.0
32.0,1433.0,3914496.0
23.0,1126.0,3920598.0
15.0,1085.0,3921031.0
15.0,1515.0,3921308.0
15.0,1157.0,3921576.0
17.0,1518.0,3922250.0
17.0,1138.0,3925607.0
17.0,1192.0,3925810.0
21.0,1056.0,3927879.0
21.0,1055.0,3928205.0
21.0,1245.0,3928647.0
21.0,1090.0,3930256.0
21.0,1253.0,3931027.0
21.0,980.0,3931246.0
17.0,1192.0,3931915.0
17.0,1189.0,3932675.0
62.0,1501.0,3932807.0
27.0,1468.0,3938045.0
9.0,1470.0,3938316.0
12.0,1211.0,3938732.0
67.0,1465.0,3946917.0
27.0,1292.0,3947895.0
27.0,1015.0,3949309.0
35.0,1532.0,3952660.0
64.0,1202.0,3958043.0
23.0,1112.0,3962422.0
42.0,1024.0,3966757.0
42.0,1118.0,3967266.0
42.0,1108.0,3967545.0
42.0,1123.0,3967826.0
42.0,1124.0,3968041.0
27.0,1189.0,3968203.0
42.0,1125.0,3968252.0
42.0,1127.0,3968555.0
42.0,1128.0,3968856.0
42.0,1129.0,3969148.0
42.0,1430.0,3969461.0
27.0,1189.0,3969853.0
64.0,1202.0,3969908.0
51.0,1156.0,3971827.0
27.0,1440.0,3972914.0
62.0,1106.0,3978450.0
62.0,1331.0,3978700.0
62.0,1156.0,3979185.0
62.0,1358.0,3979487.0
61.0,1294.0,3982281.0
65.0,1535.0,3983520.0
62.0,1030.0,3985990.0
62.0,1048.0,3986256.0
62.0,1264.0,3986502.0
32.0,1394.0,3986741.0
61.0,1216.0,3987537.0
61.0,1485.0,3987747.0
23.0,1146.0,3987912.0
62.0,1525.0,3988066.0
32.0,1285.0,3988584.0
32.0,1032.0,3994451.0
32.0,1259.0,3994697.0
32.0,1021.0,3996188.0
17.0,1518.0,4003410.0
14.0,1187.0,4004078.0
14.0,1265.0,4004350.0
17.0,1192.0,4004839.0
14.0,1030.0,4004878.0
14.0,1264.0,4005121.0
14.0,1043.0,4005377.0
14.0,1048.0,4005651.0
14.0,1217.0,4005912.0
14.0,1380.0,4006197.0
17.0,1146.0,4006304.0
7.0,1090.0,4009118.0
12.0,1078.0,4012637.0
9.0,1470.0,4012927.0
25.0,1359.0,4013267.0
12.0,1211.0,4013738.0
21.0,1056.0,4013960.0
21.0,1253.0,4014383.0
21.0,1056.0,4015395.0
21.0,1245.0,4016615.0
21.0,1095.0,4017771.0
21.0,1090.0,4018487.0
21.0,1054.0,4018892.0
21.0,1190.0,4019178.0
25.0,1359.0,4020481.0
21.0,1270.0,4020716.0
21.0,1269.0,4021311.0
11.0,1088.0,4021356.0
11.0,1144.0,4021571.0
11.0,1309.0,4021965.0
11.0,1234.0,4022419.0
11.0,1248.0,4022994.0
21.0,1332.0,4023073.0
10.0,1502.0,4023490.0
5.0,1383.0,4023603.0
21.0,1333.0,4023762.0
10.0,1164.0,4024443.0
10.0,1235.0,4026022.0
12.0,1248.0,4026112.0
65.0,1098.0,4026599.0
3.0,989.0,4026617.0
12.0,1536.0,4026683.0
65.0,1098.0,4027893.0
35.0,1236.0,4029476.0
40.0,1324.0,4034445.0
1.0,1049.0,4035083.0
1.0,1053.0,4035764.0
1.0,1344.0,4036644.0
1.0,993.0,4036904.0
1.0,994.0,4037198.0
1.0,995.0,4037483.0
1.0,996.0,4037766.0
1.0,998.0,4038007.0
1.0,981.0,4038284.0
1.0,982.0,4038536.0
1.0,984.0,4038751.0
1.0,985.0,4038957.0
15.0,1374.0,4041590.0
36.0,1303.0,4042857.0
36.0,1106.0,4043647.0
36.0,1331.0,4043897.0
32.0,1306.0,4044871.0
32.0,1147.0,4045080.0
36.0,1239.0,4045397.0
36.0,1209.0,4045557.0
18.0,1265.0,4046991.0
18.0,1246.0,4047293.0
18.0,1030.0,4047548.0
17.0,1192.0,4048210.0
18.0,1393.0,4048525.0
18.0,1187.0,4048799.0
18.0,990.0,4049860.0
1.0,1344.0,4050852.0
1.0,993.0,4051113.0
17.0,1515.0,4051303.0
1.0,994.0,4051407.0
1.0,995.0,4051691.0
18.0,1048.0,4051796.0
1.0,996.0,4051974.0
1.0,998.0,4052215.0
18.0,1217.0,4052362.0
1.0,981.0,4052493.0
17.0,1518.0,4052547.0
1.0,982.0,4052744.0
1.0,984.0,4052959.0
18.0,1242.0,4053060.0
1.0,985.0,4053165.0
17.0,1037.0,4053676.0
18.0,1244.0,4054006.0
18.0,1060.0,4054241.0
17.0,1189.0,4054332.0
18.0,1135.0,4054761.0
17.0,1059.0,4055068.0
18.0,1380.0,4056077.0
1.0,1344.0,4056181.0
1.0,993.0,4056449.0
1.0,994.0,4056743.0
1.0,995.0,4057027.0
18.0,1117.0,4057448.0
1.0,996.0,4057501.0
1.0,998.0,4057743.0
1.0,981.0,4058020.0
17.0,1138.0,4058080.0
1.0,982.0,4058272.0
17.0,1518.0,4058284.0
1.0,984.0,4058487.0
1.0,985.0,4058693.0
18.0,1043.0,4059040.0
52.0,1460.0,4059090.0
1.0,1053.0,4059290.0
52.0,1176.0,4059384.0
18.0,1264.0,4059670.0
15.0,1259.0,4059746.0
18.0,1187.0,4059897.0
15.0,1243.0,4059956.0
1.0,1017.0,4060072.0
15.0,1261.0,4060187.0
1.0,1022.0,4060289.0
15.0,1152.0,4060375.0
1.0,1023.0,4060470.0
18.0,1265.0,4060540.0
15.0,1262.0,4060568.0
1.0,1025.0,4060653.0
18.0,1246.0,4060841.0
1.0,1015.0,4060889.0
15.0,1263.0,4060933.0
18.0,1030.0,4061097.0
1.0,1016.0,4061137.0
15.0,1303.0,4061277.0
1.0,1017.0,4061544.0
15.0,1299.0,4061723.0
1.0,1018.0,4061757.0
18.0,1393.0,4061837.0
66.0,1344.0,4061880.0
1.0,1049.0,4061900.0
18.0,990.0,4062140.0
15.0,1259.0,4062202.0
18.0,1187.0,4062349.0
15.0,1243.0,4062413.0
15.0,1261.0,4062643.0
66.0,1493.0,4062818.0
66.0,1009.0,4063312.0
66.0,1074.0,4063796.0
61.0,1294.0,4064680.0
18.0,1048.0,4065135.0
15.0,1259.0,4065220.0
32.0,1454.0,4065275.0
18.0,1217.0,4065700.0
18.0,1242.0,4066398.0
61.0,1216.0,4066693.0
61.0,1485.0,4066896.0
32.0,1258.0,4067174.0
18.0,1244.0,4067210.0
15.0,1501.0,4067294.0
18.0,1060.0,4067445.0
32.0,1037.0,4067666.0
18.0,1135.0,4067965.0
52.0,1524.0,4068643.0
18.0,1380.0,4069281.0
18.0,1117.0,4070653.0
61.0,1426.0,4071856.0
51.0,1123.0,4074589.0
32.0,1399.0,4075513.0
41.0,1356.0,4076207.0
51.0,1069.0,4077053.0
32.0,1304.0,4078143.0
32.0,1456.0,4078421.0
32.0,1317.0,4078713.0
41.0,1024.0,4079192.0
41.0,1122.0,4079436.0
41.0,1118.0,4079692.0
41.0,1108.0,4079973.0
41.0,1123.0,4080257.0
41.0,1124.0,4080485.0
41.0,1125.0,4080692.0
32.0,1003.0,4080820.0
41.0,1128.0,4081303.0
41.0,1129.0,4081596.0
32.0,1026.0,4081736.0
41.0,1223.0,4082679.0
5.0,1062.0,4083324.0
32.0,1283.0,4084186.0
5.0,1480.0,4087100.0
4.0,1023.0,4091169.0
59.0,1315.0,4091680.0
5.0,1099.0,4096074.0
7.0,1510.0,4097309.0
7.0,1400.0,4097743.0
7.0,1401.0,4098005.0
21.0,1049.0,4098125.0
7.0,1328.0,4098321.0
17.0,1518.0,4098505.0
17.0,1138.0,4098737.0
17.0,1059.0,4099478.0
7.0,1182.0,4100374.0
41.0,1024.0,4101625.0
41.0,1122.0,4101871.0
41.0,1118.0,4102128.0
21.0,1102.0,4102247.0
41.0,1108.0,4102410.0
21.0,1332.0,4102557.0
22.0,1188.0,4105408.0
59.0,1133.0,4105416.0
22.0,1190.0,4105630.0
59.0,1285.0,4105987.0
53.0,1484.0,4108215.0
42.0,1022.0,4108888.0
42.0,1023.0,4109069.0
48.0,1009.0,4109135.0
4.0,992.0,4109184.0
42.0,1025.0,4109260.0
42.0,1015.0,4109500.0
42.0,1016.0,4109751.0
53.0,1001.0,4109790.0
48.0,1262.0,4110036.0
42.0,1017.0,4110161.0
21.0,1492.0,4110223.0
42.0,1018.0,4110381.0
21.0,1493.0,4110459.0
42.0,1019.0,4110581.0
42.0,1020.0,4110791.0
48.0,1148.0,4111328.0
21.0,1238.0,4111377.0
64.0,1202.0,4115449.0
3.0,1202.0,4115468.0
7.0,1049.0,4116489.0
4.0,1246.0,4117348.0
3.0,1329.0,4118859.0
17.0,1138.0,4122292.0
17.0,1518.0,4123351.0
65.0,1121.0,4123392.0
17.0,1192.0,4123834.0
17.0,1085.0,4124679.0
40.0,1049.0,4128177.0
51.0,1265.0,4128181.0
51.0,1380.0,4128482.0
51.0,1187.0,4128972.0
51.0,1244.0,4129233.0
51.0,1265.0,4129503.0
51.0,1217.0,4130294.0
18.0,1048.0,4130757.0
4.0,1327.0,4130818.0
18.0,990.0,4131187.0
51.0,1030.0,4131195.0
51.0,1264.0,4131445.0
17.0,1518.0,4131857.0
51.0,1222.0,4131976.0
18.0,1043.0,4132246.0
38.0,1155.0,4132328.0
4.0,1057.0,4132339.0
18.0,1242.0,4132541.0
40.0,1359.0,4133608.0
38.0,1003.0,4133664.0
18.0,1246.0,4133721.0
18.0,1244.0,4134154.0
40.0,1324.0,4135058.0
18.0,1030.0,4135537.0
18.0,1060.0,4136775.0
18.0,1217.0,4137006.0
17.0,1378.0,4137099.0
51.0,1152.0,4137161.0
18.0,1380.0,4137335.0
53.0,1502.0,4137364.0
18.0,1380.0,4137628.0
17.0,1138.0,4137814.0
18.0,1265.0,4138111.0
40.0,1049.0,4138509.0
51.0,1123.0,4138613.0
18.0,1117.0,4138801.0
18.0,1264.0,4139030.0
51.0,1230.0,4139434.0
51.0,1230.0,4139975.0
40.0,1123.0,4141244.0
38.0,1274.0,4141341.0
40.0,1086.0,4142586.0
4.0,991.0,4143541.0
18.0,1187.0,4145722.0
62.0,1322.0,4145727.0
62.0,1185.0,4146006.0
18.0,1135.0,4146301.0
62.0,1362.0,4146589.0
62.0,1145.0,4146928.0
62.0,1405.0,4147225.0
62.0,999.0,4147496.0
18.0,1393.0,4147895.0
17.0,1138.0,4148818.0
17.0,1518.0,4149049.0
51.0,1106.0,4149168.0
62.0,989.0,4149181.0
40.0,1324.0,4149561.0
18.0,1048.0,4149972.0
18.0,990.0,4150402.0
51.0,1108.0,4150841.0
18.0,1043.0,4151461.0
17.0,1192.0,4151637.0
18.0,1242.0,4151756.0
18.0,1246.0,4152922.0
4.0,1292.0,4153099.0
17.0,1378.0,4153320.0
18.0,1244.0,4153355.0
17.0,1518.0,4154641.0
18.0,1030.0,4154739.0
17.0,1138.0,4155357.0
18.0,1060.0,4155977.0
18.0,1380.0,4156299.0
17.0,1192.0,4156536.0
18.0,1265.0,4156782.0
18.0,1264.0,4157121.0
17.0,1378.0,4158461.0
17.0,1518.0,4159770.0
17.0,1138.0,4160486.0
17.0,1192.0,4161675.0
17.0,1378.0,4163599.0
17.0,1518.0,4164909.0
17.0,1138.0,4165624.0
62.0,1297.0,4166660.0
17.0,1192.0,4166812.0
62.0,1135.0,4167163.0
62.0,1030.0,4167440.0
62.0,1048.0,4167706.0
62.0,1264.0,4167952.0
62.0,1217.0,4168200.0
62.0,1043.0,4168482.0
17.0,1378.0,4168736.0
62.0,1265.0,4168781.0
62.0,1244.0,4169049.0
62.0,1187.0,4169294.0
62.0,1380.0,4169575.0
17.0,1518.0,4170046.0
17.0,1138.0,4170760.0
17.0,1192.0,4171949.0
52.0,1524.0,4172340.0
65.0,1296.0,4173213.0
52.0,1287.0,4174543.0
65.0,1535.0,4174700.0
52.0,1176.0,4177148.0
1.0,1027.0,4180349.0
1.0,1159.0,4180603.0
21.0,1102.0,4181954.0
55.0,1135.0,4181999.0
21.0,1332.0,4182264.0
55.0,1043.0,4182289.0
55.0,1265.0,4182589.0
55.0,1264.0,4182849.0
21.0,1333.0,4183087.0
55.0,1135.0,4183109.0
55.0,1030.0,4183379.0
21.0,1334.0,4183416.0
55.0,1217.0,4183649.0
55.0,1048.0,4183919.0
55.0,1244.0,4184159.0
55.0,1187.0,4184399.0
55.0,1314.0,4187303.0
33.0,1242.0,4188187.0
18.0,1117.0,4188419.0
18.0,1380.0,4188649.0
33.0,1242.0,4189437.0
18.0,990.0,4190232.0
18.0,1187.0,4190699.0
55.0,1490.0,4191215.0
18.0,1135.0,4191908.0
18.0,1043.0,4192927.0
18.0,1187.0,4193631.0
18.0,1135.0,4194840.0
18.0,1043.0,4195858.0
18.0,1060.0,4196836.0
18.0,1244.0,4197066.0
7.0,1199.0,4197269.0
7.0,1208.0,4197917.0
18.0,1217.0,4198150.0
18.0,1265.0,4200094.0
21.0,1049.0,4200376.0
18.0,1242.0,4200964.0
18.0,1048.0,4201916.0
21.0,1190.0,4202148.0
21.0,980.0,4202383.0
18.0,1393.0,4202629.0
21.0,1086.0,4202811.0
18.0,1246.0,4202902.0
21.0,1055.0,4203043.0
18.0,1264.0,4203157.0
21.0,1095.0,4203260.0
21.0,1056.0,4203508.0
10.0,1367.0,4203540.0
21.0,1253.0,4203756.0
18.0,1030.0,4203831.0
21.0,1245.0,4203983.0
10.0,1413.0,4204132.0
18.0,1117.0,4205266.0
18.0,1380.0,4205496.0
62.0,1105.0,4205576.0
18.0,990.0,4207375.0
18.0,1187.0,4207843.0
18.0,1135.0,4210751.0
18.0,1043.0,4211771.0
51.0,1139.0,4211808.0
22.0,1433.0,4212214.0
18.0,1060.0,4212752.0
18.0,1244.0,4212982.0
18.0,1217.0,4214067.0
22.0,1192.0,4214860.0
18.0,1265.0,4216018.0
18.0,1242.0,4216888.0
42.0,1355.0,4217829.0
18.0,1048.0,4217840.0
18.0,1393.0,4218565.0
18.0,1246.0,4218838.0
18.0,1264.0,4219093.0
18.0,1030.0,4219768.0
22.0,1188.0,4220270.0
22.0,1190.0,4220496.0
22.0,1190.0,4220609.0
10.0,1366.0,4221558.0
10.0,1366.0,4221959.0
10.0,1366.0,4222949.0
10.0,1413.0,4223120.0
18.0,1117.0,4223182.0
18.0,1244.0,4223425.0
10.0,1366.0,4223451.0
42.0,1119.0,4224137.0
42.0,1120.0,4224369.0
18.0,1187.0,4224473.0
18.0,1242.0,4224726.0
42.0,999.0,4225194.0
42.0,1405.0,4225478.0
18.0,1246.0,4226124.0
10.0,1366.0,4226419.0
4.0,1393.0,4227015.0
18.0,1060.0,4227255.0
18.0,1043.0,4227486.0
22.0,1143.0,4227650.0
18.0,1030.0,4228513.0
18.0,1380.0,4228780.0
22.0,1277.0,4229271.0
22.0,1003.0,4229553.0
18.0,1265.0,4230395.0
4.0,1208.0,4230399.0
18.0,1393.0,4230914.0
18.0,990.0,4231372.0
18.0,1217.0,4231582.0
62.0,1106.0,4232083.0
62.0,1331.0,4232334.0
62.0,1156.0,4232819.0
62.0,1358.0,4233120.0
62.0,1137.0,4233407.0
62.0,1385.0,4233716.0
62.0,1386.0,4234008.0
62.0,1271.0,4234288.0
62.0,1385.0,4235148.0
62.0,1386.0,4235440.0
62.0,1271.0,4235719.0
62.0,1106.0,4236035.0
62.0,1331.0,4236286.0
4.0,1059.0,4238167.0
62.0,1203.0,4239420.0
62.0,1325.0,4239635.0
51.0,1106.0,4240545.0
51.0,1160.0,4240947.0
62.0,1005.0,4241385.0
51.0,1160.0,4241539.0
5.0,1146.0,4242069.0
62.0,1283.0,4242872.0
62.0,1116.0,4243107.0
32.0,1491.0,4243676.0
32.0,1264.0,4243875.0
62.0,1407.0,4243972.0
32.0,1402.0,4244449.0
32.0,1248.0,4244887.0
0.0,1349.0,4245791.0
14.0,1032.0,4263831.0
14.0,1043.0,4264305.0
55.0,1121.0,4265999.0
27.0,1307.0,4268160.0
27.0,1400.0,4268980.0
27.0,1401.0,4269301.0
27.0,1328.0,4269461.0
12.0,1083.0,4269586.0
27.0,1139.0,4269801.0
22.0,1501.0,4270072.0
10.0,1366.0,4270705.0
62.0,1135.0,4273836.0
62.0,1030.0,4274113.0
62.0,1048.0,4274379.0
62.0,1264.0,4274625.0
62.0,1217.0,4274873.0
62.0,1043.0,4275154.0
62.0,1265.0,4275453.0
38.0,1202.0,4275502.0
62.0,1244.0,4275720.0
21.0,1090.0,4275802.0
62.0,1187.0,4275966.0
64.0,1537.0,4276131.0
21.0,1332.0,4276279.0
38.0,1116.0,4276351.0
32.0,1291.0,4276361.0
21.0,1492.0,4276522.0
22.0,1349.0,4276853.0
21.0,1190.0,4277002.0
38.0,1407.0,4277214.0
21.0,1055.0,4279749.0
21.0,1102.0,4280783.0
21.0,1180.0,4282558.0
21.0,1190.0,4282924.0
10.0,1413.0,4285332.0
10.0,1366.0,4287269.0
35.0,1532.0,4287746.0
28.0,1280.0,4292547.0
10.0,1366.0,4293489.0
11.0,1309.0,4294254.0
11.0,1144.0,4294466.0
11.0,1088.0,4294677.0
11.0,1234.0,4295069.0
10.0,1367.0,4295129.0
16.0,1181.0,4295153.0
16.0,1126.0,4295622.0
11.0,1452.0,4296446.0
11.0,1076.0,4296608.0
11.0,1300.0,4296801.0
11.0,1490.0,4297102.0
16.0,1328.0,4298376.0
48.0,1408.0,4298636.0
40.0,1324.0,4301015.0
7.0,1452.0,4301126.0
7.0,1387.0,4301557.0
16.0,1351.0,4304992.0
16.0,998.0,4307883.0
62.0,1106.0,4310307.0
62.0,1331.0,4310557.0
62.0,1156.0,4311042.0
62.0,1358.0,4311344.0
62.0,1137.0,4311631.0
62.0,1385.0,4311940.0
1.0,1119.0,4313880.0
1.0,1120.0,4314094.0
22.0,1441.0,4314659.0
1.0,999.0,4314914.0
1.0,1405.0,4315181.0
55.0,1121.0,4316294.0
2.0,1160.0,4319319.0
62.0,1105.0,4320995.0
62.0,1331.0,4322507.0
62.0,1156.0,4322992.0
62.0,1358.0,4323293.0
66.0,1258.0,4325013.0
51.0,1271.0,4326435.0
51.0,1331.0,4326956.0
51.0,1385.0,4327226.0
62.0,1005.0,4327252.0
51.0,1106.0,4327830.0
51.0,1331.0,4328071.0
66.0,1267.0,4329585.0
62.0,1283.0,4330144.0
62.0,1116.0,4330377.0
51.0,1160.0,4334713.0
32.0,1502.0,4343633.0
32.0,1264.0,4345347.0
21.0,1463.0,4353859.0
52.0,1176.0,4354115.0
21.0,1102.0,4354138.0
17.0,1518.0,4354276.0
21.0,1332.0,4354448.0
52.0,1287.0,4354591.0
21.0,1333.0,4355271.0
45.0,1239.0,4355376.0
21.0,1334.0,4355600.0
21.0,1463.0,4356239.0
21.0,1492.0,4356732.0
21.0,1493.0,4356968.0
17.0,1518.0,4357513.0
21.0,1463.0,4357809.0
9.0,1332.0,4358115.0
45.0,1017.0,4358286.0
21.0,1492.0,4358302.0
9.0,1284.0,4358374.0
21.0,1493.0,4358538.0
45.0,1307.0,4359002.0
9.0,1416.0,4359079.0
42.0,1197.0,4359142.0
12.0,1065.0,4359252.0
42.0,1347.0,4359767.0
9.0,1199.0,4360407.0
62.0,1116.0,4360556.0
42.0,1348.0,4360985.0
9.0,1147.0,4361996.0
9.0,1057.0,4362535.0
12.0,1517.0,4362938.0
12.0,1215.0,4363429.0
11.0,1088.0,4365422.0
11.0,1144.0,4365630.0
11.0,1309.0,4365829.0
52.0,1287.0,4366131.0
52.0,1460.0,4367349.0
16.0,1210.0,4367409.0
9.0,1209.0,4367443.0
52.0,1524.0,4367774.0
9.0,1229.0,4368075.0
52.0,1176.0,4368270.0
9.0,1091.0,4368286.0
9.0,1120.0,4368586.0
11.0,1512.0,4369162.0
9.0,1134.0,4369579.0
12.0,1516.0,4369791.0
58.0,1284.0,4373565.0
12.0,1178.0,4375458.0
9.0,1405.0,4377910.0
4.0,1112.0,4379921.0
33.0,1242.0,4382378.0
65.0,1335.0,4382848.0
4.0,1025.0,4382942.0
33.0,1242.0,4383420.0
32.0,1502.0,4384910.0
27.0,1013.0,4386658.0
27.0,1438.0,4386918.0
65.0,1247.0,4387024.0
32.0,1507.0,4387151.0
1.0,1105.0,4387875.0
27.0,1223.0,4388299.0
4.0,1018.0,4389284.0
1.0,1344.0,4389320.0
54.0,1142.0,4389703.0
32.0,1359.0,4390143.0
1.0,1015.0,4390233.0
17.0,1059.0,4390303.0
4.0,1173.0,4390614.0
33.0,1242.0,4390881.0
32.0,1468.0,4391604.0
32.0,1433.0,4391946.0
17.0,1192.0,4392219.0
1.0,1015.0,4393122.0
21.0,1049.0,4393271.0
32.0,1454.0,4393321.0
33.0,1242.0,4394306.0
62.0,1005.0,4394347.0
32.0,1036.0,4394868.0
27.0,1223.0,4395180.0
10.0,1367.0,4395417.0
27.0,1223.0,4395600.0
32.0,1317.0,4396733.0
6.0,1003.0,4398117.0
6.0,1277.0,4398378.0
62.0,1528.0,4398624.0
62.0,1460.0,4399189.0
56.0,1438.0,4400009.0
22.0,1501.0,4400146.0
27.0,1377.0,4401360.0
22.0,1152.0,4401761.0
66.0,996.0,4401813.0
62.0,1103.0,4402387.0
66.0,1122.0,4402686.0
67.0,1010.0,4403643.0
66.0,1009.0,4404441.0
62.0,1106.0,4404530.0
2.0,1160.0,4404578.0
62.0,1331.0,4404781.0
27.0,1035.0,4404831.0
62.0,1156.0,4405266.0
62.0,1358.0,4405568.0
62.0,1137.0,4405854.0
4.0,1020.0,4405888.0
62.0,1385.0,4406163.0
62.0,1386.0,4406455.0
62.0,1271.0,4406734.0
31.0,1538.0,4411320.0
62.0,1528.0,4413624.0
62.0,1460.0,4414188.0
62.0,1326.0,4414401.0
4.0,1284.0,4414720.0
62.0,1523.0,4414785.0
62.0,1281.0,4414996.0
62.0,1460.0,4415827.0
32.0,1003.0,4415955.0
55.0,1431.0,4415977.0
32.0,1456.0,4419924.0
1.0,1015.0,4420304.0
4.0,1022.0,4422536.0
51.0,1160.0,4423599.0
1.0,1105.0,4423681.0
55.0,1058.0,4424187.0
4.0,1035.0,4426637.0
1.0,1002.0,4427119.0
1.0,1322.0,4427701.0
32.0,1011.0,4427752.0
1.0,1185.0,4427972.0
1.0,1362.0,4428542.0
1.0,1119.0,4428782.0
1.0,1120.0,4428997.0
1.0,999.0,4429815.0
1.0,1405.0,4430082.0
4.0,1229.0,4431729.0
9.0,1523.0,4436581.0
45.0,1011.0,4436581.0
9.0,1365.0,4436836.0
9.0,1216.0,4437484.0
45.0,1124.0,4437491.0
9.0,1417.0,4437724.0
45.0,1423.0,4437737.0
9.0,1039.0,4438360.0
45.0,1033.0,4440056.0
12.0,1015.0,4440819.0
9.0,1103.0,4442802.0
17.0,1518.0,4442840.0
12.0,1028.0,4443014.0
22.0,1441.0,4443459.0
9.0,1014.0,4443563.0
12.0,1193.0,4443866.0
45.0,1539.0,4444011.0
45.0,1109.0,4444591.0
45.0,1125.0,4444820.0
22.0,1188.0,4445063.0
12.0,1335.0,4445129.0
45.0,1303.0,4445198.0
22.0,1195.0,4445284.0
12.0,1065.0,4445350.0
9.0,1474.0,4445467.0
17.0,1192.0,4445884.0
12.0,1023.0,4445980.0
9.0,1320.0,4446526.0
62.0,1528.0,4446589.0
17.0,1114.0,4446721.0
22.0,1236.0,4446809.0
62.0,1460.0,4447153.0
67.0,1233.0,4447332.0
62.0,1326.0,4447366.0
62.0,1523.0,4447750.0
62.0,1281.0,4447961.0
4.0,1426.0,4448633.0
9.0,1202.0,4449182.0
20.0,1490.0,4450799.0
4.0,1047.0,4452251.0
12.0,1253.0,4452754.0
12.0,1016.0,4453195.0
52.0,1524.0,4453199.0
12.0,1190.0,4455746.0
10.0,1067.0,4455796.0
52.0,1460.0,4457436.0
52.0,1287.0,4457679.0
16.0,1540.0,4458564.0
4.0,1058.0,4460288.0
1.0,1323.0,4460370.0
1.0,1094.0,4460670.0
1.0,1002.0,4460974.0
1.0,1322.0,4461558.0
1.0,1185.0,4461831.0
1.0,1362.0,4462400.0
4.0,1046.0,4462469.0
1.0,1119.0,4462640.0
1.0,1120.0,4462854.0
31.0,1472.0,4463599.0
1.0,999.0,4463673.0
1.0,1405.0,4463939.0
31.0,1541.0,4464565.0
31.0,1455.0,4465107.0
9.0,1025.0,4465653.0
4.0,1059.0,4465770.0
21.0,1190.0,4466008.0
9.0,1416.0,4467323.0
31.0,1351.0,4467928.0
52.0,1283.0,4469864.0
54.0,1142.0,4470050.0
20.0,1113.0,4470122.0
54.0,1344.0,4471081.0
54.0,993.0,4471341.0
54.0,994.0,4471632.0
54.0,995.0,4472075.0
54.0,996.0,4472365.0
54.0,998.0,4472606.0
54.0,981.0,4472887.0
52.0,1504.0,4472919.0
54.0,982.0,4473138.0
54.0,984.0,4473358.0
54.0,985.0,4473559.0
54.0,1373.0,4474070.0
21.0,1090.0,4475252.0
10.0,1163.0,4475309.0
42.0,1419.0,4475354.0
42.0,1420.0,4476067.0
3.0,1094.0,4476315.0
42.0,1421.0,4476349.0
42.0,1422.0,4476610.0
42.0,1423.0,4476843.0
3.0,1142.0,4477044.0
3.0,1085.0,4477475.0
42.0,1387.0,4477480.0
42.0,1228.0,4477643.0
42.0,1069.0,4478513.0
10.0,1502.0,4478644.0
42.0,1490.0,4478795.0
42.0,1379.0,4479261.0
10.0,1235.0,4479307.0
42.0,1200.0,4479463.0
42.0,1314.0,4479675.0
51.0,1106.0,4479847.0
10.0,1071.0,4480121.0
12.0,1025.0,4480843.0
1.0,1323.0,4481262.0
51.0,1106.0,4481273.0
10.0,1162.0,4481275.0
42.0,1135.0,4481323.0
42.0,1281.0,4481474.0
10.0,1067.0,4481526.0
1.0,1094.0,4481559.0
12.0,1140.0,4481625.0
1.0,1002.0,4481862.0
51.0,1139.0,4482044.0
42.0,1223.0,4482122.0
51.0,1328.0,4482255.0
1.0,1322.0,4482442.0
1.0,1185.0,4482713.0
51.0,1299.0,4482759.0
62.0,1034.0,4482817.0
62.0,1198.0,4483057.0
22.0,1359.0,4483257.0
1.0,1362.0,4483280.0
62.0,1227.0,4483308.0
22.0,1359.0,4483357.0
1.0,1119.0,4483520.0
1.0,1120.0,4483735.0
62.0,1005.0,4483818.0
62.0,1011.0,4484065.0
62.0,1046.0,4484541.0
1.0,999.0,4484552.0
1.0,1405.0,4484817.0
62.0,1122.0,4485229.0
62.0,1058.0,4485483.0
2.0,1118.0,4485716.0
62.0,1106.0,4486043.0
22.0,1062.0,4486796.0
22.0,1359.0,4486977.0
62.0,1005.0,4487934.0
62.0,1011.0,4488181.0
22.0,1008.0,4488441.0
62.0,1046.0,4488657.0
62.0,1122.0,4489345.0
68.0,1384.0,4491646.0
61.0,1008.0,4492054.0
61.0,1009.0,4492622.0
61.0,1410.0,4492783.0
61.0,1070.0,4493005.0
61.0,1411.0,4493476.0
2.0,1227.0,4495909.0
62.0,1203.0,4496660.0
62.0,1325.0,4496875.0
2.0,1227.0,4500139.0
2.0,1118.0,4500636.0
2.0,1227.0,4501156.0
4.0,1117.0,4501197.0
32.0,1116.0,4502662.0
39.0,1316.0,4504554.0
32.0,1283.0,4505376.0
32.0,1021.0,4505644.0
1.0,1240.0,4506674.0
14.0,1105.0,4511664.0
55.0,1058.0,4513221.0
55.0,1146.0,4515167.0
55.0,1121.0,4515982.0
17.0,1518.0,4517665.0
17.0,1138.0,4517877.0
15.0,1173.0,4518074.0
17.0,1059.0,4518998.0
17.0,1192.0,4519594.0
9.0,1330.0,4529226.0
52.0,1507.0,4529522.0
55.0,1462.0,4529662.0
9.0,1288.0,4530219.0
52.0,1510.0,4530334.0
52.0,1329.0,4531702.0
60.0,1430.0,4532116.0
42.0,1430.0,4532367.0
42.0,1024.0,4532650.0
62.0,1106.0,4532809.0
52.0,1524.0,4533019.0
62.0,1331.0,4533060.0
42.0,1118.0,4533157.0
42.0,1108.0,4533432.0
10.0,1366.0,4533530.0
62.0,1156.0,4533545.0
42.0,1123.0,4533727.0
62.0,1358.0,4533847.0
42.0,1124.0,4533949.0
62.0,1137.0,4534133.0
42.0,1125.0,4534151.0
10.0,1413.0,4534320.0
62.0,1385.0,4534443.0
42.0,1127.0,4534462.0
26.0,1038.0,4534520.0
21.0,1542.0,4534591.0
10.0,1366.0,4534611.0
52.0,1089.0,4534718.0
62.0,1386.0,4534734.0
42.0,1128.0,4534764.0
33.0,1242.0,4534998.0
62.0,1271.0,4535014.0
42.0,1129.0,4535055.0
60.0,1197.0,4535193.0
52.0,1063.0,4535309.0
60.0,1008.0,4535391.0
21.0,1102.0,4536283.0
15.0,1119.0,4536536.0
21.0,1332.0,4536593.0
60.0,1128.0,4536605.0
15.0,1120.0,4536752.0
21.0,1334.0,4537000.0
28.0,1543.0,4537373.0
10.0,1352.0,4538151.0
60.0,1017.0,4538155.0
17.0,1114.0,4538401.0
17.0,1059.0,4539360.0
10.0,1353.0,4539486.0
42.0,1123.0,4540106.0
42.0,1124.0,4540330.0
42.0,1125.0,4540533.0
42.0,1127.0,4540849.0
10.0,1354.0,4540883.0
28.0,1401.0,4541114.0
42.0,1128.0,4541144.0
42.0,1129.0,4541443.0
12.0,1197.0,4541583.0
28.0,1089.0,4541659.0
28.0,1229.0,4541805.0
60.0,1167.0,4544143.0
32.0,1143.0,4544761.0
68.0,1373.0,4545970.0
20.0,1396.0,4546369.0
68.0,1257.0,4546522.0
32.0,1057.0,4547170.0
60.0,1091.0,4548947.0
60.0,1212.0,4549331.0
20.0,1109.0,4551541.0
16.0,1115.0,4552148.0
23.0,1299.0,4558771.0
16.0,1212.0,4559579.0
35.0,1109.0,4559859.0
27.0,1405.0,4566409.0
65.0,1219.0,4567486.0
42.0,1021.0,4568080.0
27.0,1119.0,4568090.0
42.0,1419.0,4568637.0
42.0,1420.0,4569355.0
42.0,1421.0,4569636.0
42.0,1422.0,4569887.0
27.0,1487.0,4570060.0
27.0,1487.0,4570200.0
53.0,1008.0,4570286.0
28.0,1522.0,4570675.0
53.0,1009.0,4570683.0
22.0,1058.0,4570861.0
27.0,1292.0,4571090.0
53.0,1410.0,4571134.0
53.0,1070.0,4571345.0
2.0,1160.0,4572401.0
53.0,1267.0,4572677.0
62.0,1106.0,4572740.0
62.0,1331.0,4572992.0
15.0,1157.0,4573282.0
62.0,1156.0,4573476.0
22.0,1152.0,4573652.0
62.0,1358.0,4573778.0
53.0,1410.0,4573940.0
22.0,1501.0,4574013.0
62.0,1137.0,4574065.0
42.0,1363.0,4574222.0
62.0,1385.0,4574374.0
15.0,1515.0,4574385.0
28.0,1004.0,4574635.0
62.0,1386.0,4574666.0
62.0,1271.0,4574946.0
52.0,1524.0,4575456.0
62.0,1380.0,4577021.0
52.0,1255.0,4578488.0
62.0,1246.0,4579005.0
62.0,1122.0,4579757.0
2.0,1160.0,4579951.0
62.0,1025.0,4579979.0
20.0,1106.0,4579983.0
52.0,1089.0,4580070.0
20.0,1331.0,4580234.0
20.0,1156.0,4580720.0
51.0,1028.0,4580872.0
20.0,1358.0,4581022.0
55.0,1167.0,4581274.0
20.0,1137.0,4581309.0
51.0,990.0,4581393.0
55.0,1259.0,4581504.0
20.0,1385.0,4581619.0
55.0,1243.0,4581714.0
20.0,1386.0,4581912.0
55.0,1261.0,4581954.0
55.0,1152.0,4582144.0
20.0,1271.0,4582192.0
55.0,1262.0,4582344.0
55.0,1263.0,4582714.0
55.0,1303.0,4583064.0
20.0,1065.0,4583334.0
55.0,1299.0,4583516.0
38.0,1191.0,4583943.0
20.0,1066.0,4584006.0
38.0,1278.0,4584166.0
38.0,1061.0,4585044.0
38.0,1062.0,4585244.0
38.0,1063.0,4585656.0
38.0,1064.0,4585887.0
38.0,1329.0,4586117.0
38.0,1203.0,4586813.0
4.0,1229.0,4590381.0
4.0,1015.0,4591901.0
38.0,1184.0,4593286.0
28.0,1031.0,4595877.0
32.0,1434.0,4598374.0
32.0,1317.0,4601089.0
4.0,1023.0,4601203.0
4.0,1426.0,4607144.0
4.0,1019.0,4610985.0
45.0,1423.0,4611825.0
22.0,1360.0,4612127.0
45.0,1101.0,4613019.0
21.0,980.0,4613204.0
21.0,1086.0,4613631.0
21.0,1055.0,4613863.0
12.0,1274.0,4613916.0
21.0,1095.0,4614080.0
21.0,1056.0,4614328.0
21.0,1253.0,4614577.0
21.0,1245.0,4614804.0
45.0,1451.0,4615034.0
9.0,1170.0,4615129.0
21.0,1269.0,4615341.0
21.0,1270.0,4615615.0
21.0,1054.0,4615910.0
12.0,1096.0,4616846.0
9.0,1012.0,4617830.0
17.0,1114.0,4618225.0
9.0,1490.0,4618855.0
12.0,1095.0,4618858.0
9.0,992.0,4618981.0
12.0,1065.0,4619129.0
62.0,1135.0,4619347.0
9.0,1474.0,4619523.0
62.0,1030.0,4619624.0
9.0,1322.0,4619742.0
62.0,1048.0,4619890.0
22.0,1243.0,4620053.0
62.0,1264.0,4620136.0
62.0,1344.0,4620454.0
9.0,1080.0,4620577.0
68.0,1402.0,4620585.0
62.0,1034.0,4620682.0
9.0,1015.0,4620823.0
62.0,1198.0,4620922.0
62.0,1227.0,4621174.0
9.0,1008.0,4621740.0
9.0,1182.0,4622125.0
9.0,1418.0,4622595.0
68.0,1405.0,4622637.0
11.0,1132.0,4623726.0
28.0,1082.0,4624878.0
36.0,1458.0,4626223.0
11.0,1531.0,4626396.0
52.0,1130.0,4626397.0
36.0,1034.0,4626834.0
5.0,1192.0,4627629.0
52.0,1507.0,4628524.0
67.0,1017.0,4628925.0
52.0,1392.0,4629497.0
52.0,1287.0,4630268.0
9.0,1323.0,4631489.0
35.0,1113.0,4631873.0
35.0,1396.0,4632234.0
52.0,1283.0,4632296.0
38.0,1106.0,4634066.0
38.0,1331.0,4634316.0
38.0,1156.0,4634727.0
9.0,1216.0,4634753.0
38.0,1331.0,4635077.0
9.0,1192.0,4635225.0
38.0,1156.0,4635488.0
38.0,1358.0,4635789.0
9.0,1069.0,4635816.0
33.0,1242.0,4635856.0
9.0,1345.0,4637002.0
21.0,1102.0,4637111.0
9.0,1295.0,4637212.0
21.0,1332.0,4637421.0
9.0,1045.0,4637925.0
21.0,1333.0,4638244.0
21.0,1334.0,4638574.0
1.0,1123.0,4639807.0
36.0,1458.0,4642899.0
17.0,1518.0,4643586.0
38.0,1528.0,4647170.0
38.0,1460.0,4647609.0
38.0,1326.0,4647822.0
38.0,1523.0,4648207.0
38.0,1281.0,4648420.0
38.0,1191.0,4649355.0
38.0,1278.0,4649579.0
38.0,1061.0,4650456.0
17.0,1192.0,4650491.0
38.0,1062.0,4650656.0
38.0,1063.0,4651068.0
38.0,1064.0,4651300.0
38.0,1329.0,4651529.0
17.0,1189.0,4651628.0
23.0,1121.0,4651823.0
38.0,1203.0,4652225.0
17.0,1515.0,4652765.0
17.0,1138.0,4653007.0
10.0,1206.0,4653019.0
10.0,1206.0,4653440.0
23.0,1146.0,4653546.0
10.0,1206.0,4653731.0
61.0,1294.0,4653787.0
38.0,1267.0,4654252.0
61.0,1216.0,4655801.0
22.0,1190.0,4655978.0
61.0,1485.0,4656002.0
22.0,1441.0,4656440.0
15.0,1515.0,4657360.0
22.0,1236.0,4657503.0
22.0,1086.0,4657885.0
20.0,1268.0,4659696.0
0.0,1230.0,4661559.0
20.0,1385.0,4661767.0
0.0,1055.0,4661822.0
20.0,1228.0,4662062.0
0.0,1269.0,4662456.0
22.0,1359.0,4663279.0
22.0,1188.0,4664482.0
22.0,1090.0,4665544.0
32.0,1248.0,4666248.0
38.0,1267.0,4667660.0
32.0,1309.0,4668430.0
32.0,1491.0,4668646.0
55.0,1330.0,4669319.0
17.0,1518.0,4669651.0
12.0,1095.0,4670022.0
62.0,1106.0,4670182.0
62.0,1331.0,4670433.0
62.0,1156.0,4670918.0
62.0,1358.0,4671220.0
62.0,1137.0,4671506.0
32.0,1258.0,4671530.0
12.0,1215.0,4671604.0
62.0,1385.0,4671816.0
38.0,1184.0,4671995.0
62.0,1386.0,4672108.0
62.0,1271.0,4672388.0
62.0,1344.0,4672678.0
17.0,1518.0,4672808.0
62.0,1034.0,4672906.0
62.0,1198.0,4673146.0
62.0,1227.0,4673397.0
62.0,1005.0,4673906.0
62.0,1011.0,4674153.0
62.0,1046.0,4674629.0
17.0,1518.0,4675162.0
62.0,1122.0,4675318.0
62.0,1058.0,4675571.0
62.0,1106.0,4676207.0
62.0,1344.0,4676881.0
62.0,1034.0,4677109.0
62.0,1198.0,4677349.0
2.0,1426.0,4677378.0
62.0,1227.0,4677600.0
17.0,1518.0,4677625.0
62.0,1005.0,4678109.0
62.0,1011.0,4678356.0
15.0,1138.0,4678735.0
62.0,1046.0,4678833.0
32.0,1304.0,4678920.0
32.0,1399.0,4679238.0
62.0,1122.0,4679280.0
62.0,1058.0,4679533.0
32.0,1310.0,4680064.0
17.0,1518.0,4680088.0
32.0,1468.0,4680855.0
32.0,1286.0,4681865.0
17.0,1518.0,4682551.0
17.0,1518.0,4685015.0
17.0,1518.0,4687368.0
17.0,1518.0,4689830.0
17.0,1518.0,4692303.0
17.0,1518.0,4694765.0
17.0,1518.0,4697229.0
17.0,1518.0,4699692.0
10.0,1206.0,4699813.0
10.0,1206.0,4702038.0
17.0,1518.0,4702154.0
10.0,1095.0,4702927.0
17.0,1518.0,4704617.0
69.0,1202.0,4706764.0
17.0,1518.0,4707086.0
69.0,1202.0,4707372.0
17.0,1518.0,4709558.0
17.0,1518.0,4712017.0
63.0,1503.0,4713695.0
22.0,1501.0,4714322.0
17.0,1518.0,4714489.0
18.0,1048.0,4716119.0
18.0,1117.0,4716555.0
17.0,1518.0,4716954.0
18.0,1413.0,4717196.0
62.0,1344.0,4717336.0
62.0,1034.0,4717565.0
62.0,1198.0,4717805.0
18.0,1060.0,4717988.0
62.0,1227.0,4718056.0
62.0,1005.0,4718565.0
62.0,1011.0,4718812.0
18.0,1030.0,4718985.0
62.0,1011.0,4719087.0
17.0,1518.0,4719424.0
62.0,1046.0,4719566.0
62.0,1122.0,4720254.0
18.0,1135.0,4720363.0
18.0,1265.0,4720648.0
62.0,1106.0,4720897.0
65.0,1393.0,4721159.0
65.0,990.0,4721423.0
17.0,1518.0,4721893.0
34.0,1367.0,4722669.0
1.0,1197.0,4722891.0
18.0,990.0,4722964.0
18.0,1242.0,4723173.0
34.0,1413.0,4723500.0
18.0,1264.0,4723710.0
10.0,1517.0,4723810.0
1.0,1197.0,4723832.0
18.0,1244.0,4723957.0
1.0,1347.0,4724423.0
5.0,1177.0,4726792.0
18.0,1187.0,4727239.0
18.0,1217.0,4727493.0
10.0,1206.0,4728182.0
18.0,1246.0,4728757.0
18.0,1043.0,4729472.0
18.0,1393.0,4730440.0
18.0,990.0,4730792.0
35.0,1099.0,4731809.0
17.0,1438.0,4732071.0
18.0,1380.0,4732264.0
22.0,1143.0,4734852.0
18.0,1187.0,4734884.0
3.0,1004.0,4735018.0
18.0,1217.0,4735137.0
18.0,1246.0,4736436.0
18.0,1393.0,4737484.0
18.0,990.0,4737759.0
22.0,1277.0,4738807.0
69.0,1202.0,4738810.0
18.0,1380.0,4738992.0
22.0,1003.0,4739848.0
51.0,1221.0,4739893.0
51.0,1219.0,4740223.0
51.0,1222.0,4740573.0
51.0,1220.0,4740893.0
18.0,1187.0,4741290.0
18.0,1217.0,4741544.0
27.0,1405.0,4741798.0
18.0,1246.0,4743056.0
18.0,1043.0,4743773.0
18.0,990.0,4744823.0
22.0,1312.0,4745486.0
22.0,1234.0,4745726.0
27.0,1272.0,4745788.0
18.0,1380.0,4746057.0
44.0,1383.0,4746218.0
22.0,1441.0,4746658.0
40.0,1324.0,4746702.0
40.0,1324.0,4747322.0
32.0,1037.0,4747804.0
22.0,1234.0,4747979.0
32.0,1282.0,4748150.0
40.0,1324.0,4749069.0
18.0,1242.0,4749253.0
18.0,1217.0,4749533.0
1.0,1347.0,4749765.0
18.0,1117.0,4749803.0
22.0,1234.0,4750052.0
18.0,1393.0,4750332.0
1.0,1348.0,4750407.0
18.0,1030.0,4750605.0
18.0,1265.0,4751309.0
1.0,1348.0,4752430.0
17.0,1518.0,4753165.0
18.0,1246.0,4753276.0
18.0,1244.0,4753750.0
18.0,1264.0,4753986.0
32.0,1026.0,4754030.0
40.0,1324.0,4754622.0
18.0,1367.0,4755116.0
18.0,1135.0,4756671.0
40.0,1086.0,4756942.0
18.0,1043.0,4756956.0
4.0,1260.0,4760846.0
1.0,1348.0,4766441.0
1.0,1348.0,4767783.0
32.0,1291.0,4769565.0
32.0,1433.0,4772694.0
32.0,1313.0,4773259.0
65.0,1535.0,4774500.0
4.0,1437.0,4780774.0
14.0,1032.0,4784233.0
14.0,1043.0,4784707.0
20.0,1452.0,4789280.0
4.0,1348.0,4789368.0
20.0,1451.0,4789972.0
21.0,1102.0,4791233.0
21.0,1332.0,4791544.0
3.0,1038.0,4799576.0
18.0,1060.0,4802728.0
19.0,1126.0,4804069.0
4.0,1052.0,4804623.0
18.0,1187.0,4806221.0
19.0,1008.0,4806267.0
18.0,1048.0,4806474.0
18.0,1380.0,4806737.0
14.0,980.0,4806763.0
18.0,1413.0,4807044.0
18.0,990.0,4807282.0
2.0,1511.0,4807572.0
32.0,1359.0,4807785.0
18.0,1187.0,4808170.0
5.0,1392.0,4808175.0
18.0,1246.0,4809165.0
18.0,1380.0,4810299.0
18.0,1117.0,4810851.0
18.0,1030.0,4811533.0
18.0,1060.0,4811800.0
18.0,1265.0,4812577.0
51.0,1385.0,4813778.0
18.0,1393.0,4815095.0
40.0,1097.0,4815711.0
51.0,1137.0,4816243.0
20.0,1065.0,4816637.0
0.0,1053.0,4816681.0
18.0,990.0,4816737.0
51.0,1137.0,4817004.0
20.0,1066.0,4817308.0
18.0,1048.0,4817606.0
56.0,1438.0,4817731.0
51.0,1221.0,4817836.0
18.0,1217.0,4817868.0
70.0,1011.0,4818681.0
18.0,1393.0,4818850.0
51.0,1331.0,4819088.0
51.0,1106.0,4820380.0
18.0,1244.0,4820473.0
7.0,1190.0,4820564.0
7.0,1510.0,4821026.0
4.0,1009.0,4821218.0
7.0,1527.0,4821544.0
51.0,1219.0,4821693.0
7.0,1247.0,4821752.0
18.0,1246.0,4821778.0
38.0,989.0,4821968.0
51.0,1385.0,4822054.0
18.0,1265.0,4822332.0
2.0,1195.0,4822783.0
2.0,1188.0,4822921.0
38.0,1369.0,4823126.0
2.0,1194.0,4823466.0
22.0,1183.0,4823556.0
18.0,1030.0,4823699.0
51.0,1220.0,4824107.0
51.0,1479.0,4824448.0
18.0,1187.0,4824738.0
51.0,1271.0,4825179.0
22.0,1155.0,4826183.0
18.0,990.0,4826296.0
51.0,1331.0,4826381.0
3.0,1345.0,4826397.0
3.0,1103.0,4826696.0
51.0,1386.0,4826801.0
51.0,1358.0,4827072.0
18.0,1393.0,4827267.0
51.0,1156.0,4827362.0
51.0,1271.0,4827662.0
18.0,1117.0,4827862.0
38.0,989.0,4828510.0
18.0,1380.0,4828890.0
7.0,1544.0,4829327.0
42.0,1314.0,4829367.0
18.0,1135.0,4829493.0
38.0,1369.0,4829632.0
51.0,1108.0,4829746.0
44.0,1135.0,4829925.0
44.0,1511.0,4830167.0
44.0,1135.0,4830450.0
51.0,1222.0,4830598.0
42.0,1490.0,4830829.0
44.0,1156.0,4831157.0
42.0,1387.0,4831518.0
51.0,1118.0,4831559.0
42.0,1200.0,4831854.0
42.0,1069.0,4832046.0
42.0,1379.0,4832330.0
42.0,1228.0,4832535.0
51.0,1106.0,4832621.0
42.0,1246.0,4832729.0
17.0,1518.0,4832875.0
51.0,1385.0,4833202.0
42.0,1060.0,4833377.0
44.0,1056.0,4833490.0
4.0,986.0,4833758.0
42.0,990.0,4833784.0
51.0,1220.0,4833894.0
18.0,1217.0,4834210.0
18.0,1060.0,4834480.0
17.0,1059.0,4834589.0
51.0,1385.0,4835226.0
18.0,1367.0,4835277.0
62.0,1106.0,4835324.0
62.0,1331.0,4835574.0
18.0,1367.0,4835632.0
62.0,1156.0,4836059.0
4.0,1327.0,4836302.0
62.0,1358.0,4836360.0
62.0,1137.0,4836647.0
4.0,1292.0,4836941.0
62.0,1385.0,4836956.0
32.0,1289.0,4837119.0
51.0,1156.0,4837189.0
62.0,1386.0,4837248.0
62.0,1271.0,4837527.0
38.0,1089.0,4837791.0
17.0,1189.0,4837862.0
38.0,1050.0,4838156.0
38.0,1130.0,4838440.0
32.0,1147.0,4838538.0
51.0,1271.0,4838642.0
38.0,1335.0,4838687.0
38.0,1256.0,4838928.0
51.0,1137.0,4838943.0
38.0,1153.0,4839134.0
38.0,1033.0,4839332.0
38.0,1237.0,4839562.0
51.0,1331.0,4839895.0
4.0,997.0,4840096.0
2.0,1545.0,4840832.0
51.0,1221.0,4841152.0
32.0,1444.0,4841825.0
32.0,1285.0,4845582.0
32.0,1254.0,4850997.0
32.0,1032.0,4852722.0
32.0,1502.0,4857593.0
32.0,1306.0,4857902.0
14.0,1032.0,4859467.0
14.0,1043.0,4859941.0
14.0,1032.0,4860740.0
14.0,1043.0,4861214.0
7.0,1106.0,4862001.0
7.0,1331.0,4862251.0
7.0,1156.0,4862662.0
7.0,1358.0,4862963.0
7.0,1137.0,4863249.0
7.0,1385.0,4863557.0
12.0,1150.0,4876080.0
62.0,1106.0,4878601.0
62.0,1331.0,4878852.0
9.0,1469.0,4879286.0
62.0,1156.0,4879336.0
62.0,1358.0,4879638.0
62.0,1137.0,4879925.0
17.0,1138.0,4879926.0
62.0,1385.0,4880234.0
32.0,1491.0,4880517.0
62.0,1386.0,4880526.0
9.0,1404.0,4881352.0
17.0,1518.0,4883250.0
42.0,1200.0,4883638.0
40.0,1004.0,4883737.0
12.0,1029.0,4883797.0
42.0,1314.0,4883861.0
40.0,1068.0,4883967.0
35.0,1263.0,4884224.0
42.0,1069.0,4884405.0
12.0,1471.0,4884438.0
17.0,1378.0,4884531.0
42.0,1387.0,4884546.0
42.0,1490.0,4884928.0
42.0,1387.0,4885383.0
17.0,1037.0,4885702.0
42.0,1490.0,4885827.0
42.0,1228.0,4886302.0
12.0,1029.0,4887025.0
42.0,1379.0,4887029.0
42.0,1490.0,4887506.0
12.0,1471.0,4887657.0
42.0,1314.0,4887811.0
42.0,1069.0,4888004.0
5.0,1349.0,4888077.0
42.0,1200.0,4888693.0
42.0,1387.0,4889016.0
9.0,1346.0,4893089.0
68.0,1384.0,4893336.0
4.0,1166.0,4893625.0
17.0,1515.0,4896938.0
68.0,1330.0,4898134.0
68.0,1311.0,4899080.0
9.0,1059.0,4899094.0
68.0,1181.0,4899275.0
7.0,1544.0,4900050.0
16.0,1412.0,4900262.0
3.0,989.0,4903706.0
3.0,1216.0,4904880.0
3.0,1004.0,4905806.0
7.0,1331.0,4906875.0
3.0,1006.0,4907272.0
3.0,1204.0,4907706.0
3.0,1202.0,4908534.0
7.0,1331.0,4908546.0
62.0,1417.0,4911627.0
62.0,1514.0,4911838.0
62.0,1529.0,4912071.0
68.0,1391.0,4912736.0
48.0,999.0,4913121.0
62.0,1227.0,4919792.0
31.0,1252.0,4924552.0
31.0,1028.0,4925442.0
62.0,1501.0,4925454.0
31.0,1429.0,4925652.0
31.0,1027.0,4925868.0
1.0,1027.0,4926257.0
62.0,1105.0,4928361.0
65.0,1535.0,4932775.0
62.0,1323.0,4933050.0
62.0,1094.0,4933354.0
62.0,1002.0,4933664.0
1.0,1027.0,4934425.0
28.0,1089.0,4935421.0
1.0,1501.0,4936380.0
1.0,1105.0,4938980.0
32.0,1317.0,4943797.0
1.0,1501.0,4946376.0
36.0,1317.0,4955403.0
25.0,1237.0,4957552.0
25.0,1089.0,4957771.0
25.0,1050.0,4958351.0
7.0,1331.0,4959090.0
7.0,1156.0,4959502.0
7.0,1358.0,4959803.0
7.0,1331.0,4960692.0
68.0,1384.0,4963490.0
62.0,1106.0,4964874.0
62.0,1331.0,4965125.0
62.0,1156.0,4965610.0
25.0,1057.0,4965622.0
62.0,1358.0,4965911.0
62.0,1137.0,4966198.0
62.0,1385.0,4966507.0
62.0,1386.0,4966799.0
62.0,1271.0,4967079.0
5.0,1013.0,4967545.0
35.0,1397.0,4968086.0
42.0,1200.0,4971053.0
59.0,1285.0,4971679.0
68.0,1391.0,4971800.0
42.0,1314.0,4972010.0
25.0,1335.0,4972130.0
42.0,1069.0,4972425.0
42.0,1387.0,4972750.0
42.0,1228.0,4973503.0
42.0,1379.0,4973695.0
42.0,1490.0,4973998.0
68.0,1405.0,4977306.0
25.0,1381.0,4978362.0
25.0,1335.0,4979836.0
16.0,1251.0,4981426.0
16.0,1546.0,4983760.0
6.0,1266.0,4984651.0
68.0,1384.0,4985408.0
42.0,1228.0,4986063.0
71.0,1522.0,4987420.0
16.0,1080.0,4987529.0
3.0,1139.0,4991911.0
72.0,1267.0,4992511.0
3.0,1328.0,4992736.0
71.0,1038.0,4993247.0
0.0,1032.0,4993365.0
20.0,1066.0,4994025.0
68.0,1373.0,4994362.0
68.0,1257.0,4995152.0
71.0,1224.0,4995409.0
7.0,1331.0,4995410.0
62.0,1271.0,4995443.0
71.0,1097.0,4995686.0
7.0,1156.0,4995822.0
71.0,1151.0,4996004.0
20.0,1065.0,4996071.0
63.0,1459.0,4996147.0
62.0,1156.0,4996327.0
22.0,1243.0,4996390.0
62.0,1358.0,4996629.0
22.0,1152.0,4996910.0
62.0,1137.0,4996916.0
62.0,1385.0,4997225.0
62.0,1386.0,4997517.0
62.0,1271.0,4997796.0
25.0,1381.0,4998350.0
22.0,1349.0,4999084.0
20.0,1159.0,4999114.0
39.0,1511.0,4999533.0
25.0,1335.0,5000114.0
62.0,1106.0,5000234.0
62.0,1331.0,5000485.0
22.0,1143.0,5000527.0
62.0,1156.0,5000970.0
62.0,1358.0,5001271.0
62.0,1137.0,5001558.0
62.0,1385.0,5001867.0
0.0,1131.0,5003306.0
0.0,1486.0,5003542.0
0.0,1198.0,5004501.0
2.0,1160.0,5005085.0
24.0,1052.0,5005137.0
62.0,1009.0,5005603.0
62.0,1410.0,5005772.0
62.0,1070.0,5005988.0
62.0,1411.0,5006385.0
24.0,1304.0,5007104.0
62.0,1005.0,5007267.0
24.0,1149.0,5008689.0
18.0,1367.0,5009782.0
24.0,1152.0,5009784.0
18.0,1367.0,5010103.0
62.0,1283.0,5010158.0
62.0,1116.0,5010392.0
18.0,1217.0,5010778.0
53.0,1008.0,5012149.0
53.0,1009.0,5012551.0
53.0,1070.0,5013043.0
53.0,1267.0,5013747.0
4.0,1480.0,5014775.0
4.0,1081.0,5016500.0
52.0,1329.0,5017492.0
4.0,1166.0,5018699.0
24.0,1319.0,5020098.0
4.0,1258.0,5020194.0
51.0,1160.0,5021153.0
1.0,1049.0,5022867.0
24.0,1270.0,5023834.0
24.0,1057.0,5024536.0
24.0,1120.0,5025715.0
1.0,1049.0,5025974.0
1.0,1049.0,5026333.0
1.0,1344.0,5026792.0
1.0,1025.0,5027025.0
32.0,1123.0,5027315.0
32.0,1228.0,5028248.0
4.0,1484.0,5028423.0
24.0,1375.0,5028701.0
14.0,1032.0,5029814.0
14.0,1043.0,5030288.0
4.0,1070.0,5031329.0
24.0,1023.0,5032743.0
25.0,1381.0,5035551.0
25.0,1335.0,5037283.0
24.0,1108.0,5040947.0
55.0,1431.0,5041829.0
7.0,1090.0,5041985.0
24.0,1440.0,5042874.0
24.0,1237.0,5043545.0
21.0,1463.0,5043657.0
24.0,1543.0,5043951.0
40.0,1195.0,5043981.0
40.0,1193.0,5044221.0
24.0,1087.0,5044488.0
40.0,1194.0,5044561.0
21.0,1086.0,5044838.0
7.0,1510.0,5045920.0
45.0,1199.0,5046215.0
21.0,1055.0,5047101.0
40.0,1547.0,5047132.0
21.0,1270.0,5047338.0
40.0,1513.0,5047352.0
24.0,1068.0,5047855.0
24.0,1303.0,5051738.0
7.0,1194.0,5052091.0
24.0,995.0,5052270.0
45.0,1207.0,5052280.0
68.0,1284.0,5053895.0
7.0,1331.0,5053975.0
21.0,1238.0,5054304.0
7.0,1156.0,5054385.0
45.0,1095.0,5054631.0
40.0,1533.0,5055435.0
68.0,1473.0,5055839.0
21.0,1090.0,5055891.0
45.0,1017.0,5056921.0
45.0,1548.0,5058268.0
17.0,1515.0,5058381.0
17.0,1408.0,5058653.0
17.0,1146.0,5058865.0
45.0,1549.0,5060284.0
45.0,1534.0,5060905.0
45.0,1435.0,5061466.0
68.0,1365.0,5061624.0
68.0,1437.0,5062433.0
68.0,1330.0,5062674.0
68.0,1311.0,5062901.0
68.0,1181.0,5063107.0
27.0,1292.0,5063850.0
68.0,1550.0,5064009.0
68.0,1014.0,5064443.0
17.0,1189.0,5064482.0
45.0,1129.0,5064697.0
17.0,1518.0,5065579.0
12.0,1086.0,5065736.0
1.0,1197.0,5066411.0
17.0,1059.0,5067656.0
22.0,1006.0,5068268.0
68.0,987.0,5068858.0
5.0,1029.0,5069913.0
5.0,1029.0,5070278.0
22.0,1547.0,5070705.0
22.0,1547.0,5070815.0
20.0,1294.0,5070997.0
63.0,1021.0,5071837.0
22.0,1544.0,5072267.0
48.0,1173.0,5072275.0
48.0,1068.0,5072886.0
6.0,1383.0,5073796.0
48.0,1386.0,5074178.0
48.0,1385.0,5074459.0
48.0,1477.0,5075060.0
7.0,1255.0,5075187.0
4.0,1292.0,5075945.0
40.0,1547.0,5076742.0
40.0,1513.0,5076964.0
4.0,1360.0,5077294.0
29.0,1114.0,5079580.0
33.0,1242.0,5079796.0
4.0,1057.0,5080164.0
21.0,1049.0,5081984.0
40.0,1513.0,5082086.0
29.0,1258.0,5082141.0
40.0,1547.0,5082299.0
59.0,1093.0,5082556.0
21.0,980.0,5083024.0
29.0,1204.0,5083942.0
62.0,1001.0,5084433.0
20.0,1427.0,5084932.0
62.0,1198.0,5085136.0
72.0,1133.0,5086240.0
20.0,1300.0,5086981.0
71.0,1522.0,5087338.0
4.0,1019.0,5087667.0
22.0,1188.0,5088671.0
62.0,1320.0,5088811.0
40.0,1004.0,5089450.0
40.0,1513.0,5089663.0
72.0,1088.0,5089730.0
40.0,1547.0,5089886.0
62.0,1551.0,5090703.0
53.0,1165.0,5091342.0
62.0,1302.0,5092540.0
62.0,1552.0,5092705.0
62.0,1320.0,5094743.0
68.0,1405.0,5095129.0
62.0,1551.0,5096627.0
17.0,1518.0,5097555.0
5.0,1150.0,5098350.0
62.0,1302.0,5098930.0
62.0,1552.0,5099095.0
1.0,1501.0,5100127.0
2.0,1160.0,5101689.0
17.0,1408.0,5102110.0
17.0,1518.0,5102382.0
1.0,1105.0,5102725.0
17.0,1146.0,5103076.0
17.0,1037.0,5103600.0
4.0,1057.0,5104332.0
1.0,1501.0,5105796.0
17.0,1408.0,5106097.0
17.0,1518.0,5106369.0
51.0,1393.0,5107011.0
17.0,1146.0,5107064.0
51.0,1117.0,5107561.0
17.0,1037.0,5107578.0
17.0,1408.0,5110078.0
17.0,1518.0,5110349.0
17.0,1146.0,5111045.0
17.0,1037.0,5111558.0
1.0,1027.0,5111650.0
1.0,1027.0,5112007.0
1.0,1252.0,5113448.0
17.0,1408.0,5114049.0
1.0,1028.0,5114186.0
14.0,1032.0,5114281.0
17.0,1518.0,5114321.0
14.0,1043.0,5114755.0
17.0,1146.0,5115017.0
17.0,1037.0,5115531.0
17.0,1408.0,5118031.0
32.0,1342.0,5118286.0
17.0,1518.0,5118304.0
17.0,1146.0,5118990.0
17.0,1037.0,5119504.0
32.0,1211.0,5120142.0
10.0,1206.0,5120470.0
32.0,1088.0,5121088.0
17.0,1408.0,5121996.0
17.0,1146.0,5122894.0
17.0,1037.0,5123387.0
17.0,1192.0,5126810.0
52.0,1127.0,5128855.0
55.0,1462.0,5131415.0
21.0,1054.0,5133222.0
12.0,1350.0,5133232.0
21.0,1492.0,5134114.0
21.0,1190.0,5134339.0
21.0,1102.0,5135139.0
12.0,1126.0,5136095.0
55.0,1167.0,5137911.0
55.0,1259.0,5138141.0
55.0,1243.0,5138351.0
55.0,1261.0,5138591.0
55.0,1152.0,5138781.0
55.0,1262.0,5138981.0
55.0,1263.0,5139341.0
55.0,1303.0,5139701.0
5.0,1438.0,5139844.0
55.0,1299.0,5140142.0
47.0,1024.0,5140821.0
47.0,1497.0,5141112.0
11.0,1459.0,5142205.0
17.0,1059.0,5142951.0
3.0,1236.0,5143116.0
11.0,1132.0,5143609.0
40.0,1190.0,5144243.0
16.0,1107.0,5145474.0
11.0,1473.0,5145605.0
40.0,1547.0,5145614.0
3.0,1320.0,5146089.0
71.0,1312.0,5146703.0
3.0,1484.0,5146926.0
35.0,1532.0,5146999.0
71.0,1369.0,5147373.0
11.0,1088.0,5147572.0
11.0,1144.0,5147783.0
11.0,1309.0,5147983.0
71.0,1364.0,5148793.0
71.0,1370.0,5149073.0
3.0,1196.0,5149102.0
71.0,1074.0,5149563.0
71.0,1369.0,5149843.0
71.0,1312.0,5150673.0
59.0,1171.0,5151019.0
4.0,1208.0,5151095.0
3.0,1006.0,5152015.0
22.0,1258.0,5152330.0
3.0,989.0,5152474.0
35.0,1545.0,5152604.0
4.0,1426.0,5154226.0
3.0,1066.0,5157185.0
16.0,1067.0,5157614.0
40.0,1513.0,5160080.0
40.0,1547.0,5160294.0
16.0,1553.0,5160986.0
7.0,1195.0,5161649.0
7.0,1188.0,5161874.0
40.0,1547.0,5162589.0
7.0,1401.0,5162801.0
20.0,1419.0,5163081.0
7.0,1328.0,5163119.0
20.0,1420.0,5163803.0
59.0,1093.0,5163829.0
40.0,1004.0,5163883.0
20.0,1421.0,5164084.0
40.0,1513.0,5164097.0
20.0,1422.0,5164348.0
40.0,1324.0,5164590.0
20.0,1423.0,5164830.0
70.0,1428.0,5165076.0
3.0,1165.0,5165404.0
20.0,1268.0,5165752.0
33.0,1242.0,5166523.0
42.0,1420.0,5166764.0
20.0,1080.0,5171287.0
20.0,1082.0,5171545.0
42.0,1118.0,5171728.0
20.0,1077.0,5171802.0
3.0,1104.0,5171917.0
42.0,1129.0,5172056.0
20.0,1087.0,5172080.0
20.0,1136.0,5172325.0
42.0,1123.0,5172361.0
20.0,1044.0,5172777.0
42.0,1060.0,5172971.0
3.0,1311.0,5173022.0
20.0,1083.0,5173037.0
20.0,1083.0,5173320.0
42.0,990.0,5173378.0
3.0,1337.0,5173425.0
42.0,1246.0,5173743.0
66.0,1034.0,5174122.0
3.0,1142.0,5175611.0
3.0,981.0,5175883.0
3.0,995.0,5176170.0
3.0,996.0,5176420.0
4.0,1046.0,5177774.0
4.0,1277.0,5178924.0
42.0,1447.0,5179157.0
71.0,1522.0,5180245.0
53.0,1255.0,5181730.0
2.0,1545.0,5182093.0
51.0,1160.0,5182797.0
51.0,1160.0,5183962.0
71.0,1038.0,5186072.0
71.0,1224.0,5188234.0
71.0,1097.0,5188511.0
38.0,989.0,5188608.0
71.0,1151.0,5188829.0
62.0,1243.0,5192539.0
23.0,1121.0,5192681.0
38.0,989.0,5192758.0
62.0,1261.0,5192775.0
62.0,1152.0,5192968.0
62.0,1262.0,5193165.0
62.0,1263.0,5193535.0
62.0,1303.0,5193884.0
38.0,1369.0,5193916.0
62.0,1299.0,5194339.0
23.0,1146.0,5194503.0
38.0,989.0,5194668.0
66.0,1344.0,5194767.0
66.0,985.0,5194992.0
66.0,1074.0,5195207.0
38.0,1369.0,5195827.0
38.0,989.0,5196572.0
66.0,1323.0,5197458.0
66.0,1431.0,5198641.0
66.0,996.0,5198886.0
66.0,1257.0,5199706.0
66.0,1360.0,5200022.0
32.0,1472.0,5200138.0
32.0,1187.0,5202199.0
17.0,1138.0,5202217.0
66.0,1083.0,5202273.0
17.0,1146.0,5203844.0
17.0,1408.0,5204377.0
17.0,1037.0,5204981.0
17.0,1378.0,5205606.0
17.0,1518.0,5205858.0
32.0,1002.0,5206074.0
17.0,1192.0,5206099.0
32.0,1122.0,5206780.0
32.0,1215.0,5207063.0
17.0,1138.0,5207075.0
17.0,1146.0,5208704.0
17.0,1408.0,5209228.0
32.0,1317.0,5209644.0
17.0,1037.0,5209841.0
17.0,1378.0,5210465.0
17.0,1518.0,5210716.0
17.0,1192.0,5210958.0
17.0,1138.0,5211933.0
17.0,1146.0,5213562.0
17.0,1408.0,5214085.0
17.0,1037.0,5214700.0
17.0,1378.0,5215323.0
17.0,1518.0,5215575.0
17.0,1192.0,5215806.0
17.0,1138.0,5216784.0
68.0,1199.0,5217692.0
68.0,1208.0,5218349.0
17.0,1146.0,5218421.0
17.0,1408.0,5218944.0
40.0,1195.0,5219422.0
17.0,1037.0,5219547.0
17.0,1378.0,5220173.0
17.0,1518.0,5220434.0
17.0,1192.0,5220665.0
9.0,1170.0,5221632.0
17.0,1138.0,5221642.0
17.0,1146.0,5223282.0
40.0,1193.0,5223354.0
17.0,1408.0,5223824.0
62.0,1106.0,5224029.0
62.0,1331.0,5224280.0
17.0,1037.0,5224422.0
9.0,1233.0,5224742.0
62.0,1156.0,5224764.0
17.0,1378.0,5225049.0
62.0,1358.0,5225066.0
17.0,1518.0,5225301.0
62.0,1137.0,5225353.0
17.0,1192.0,5225534.0
62.0,1385.0,5225662.0
17.0,1138.0,5226533.0
9.0,1526.0,5226747.0
17.0,1146.0,5228172.0
17.0,1408.0,5228713.0
9.0,1403.0,5228764.0
7.0,1190.0,5228993.0
17.0,1037.0,5229313.0
17.0,1378.0,5229946.0
17.0,1518.0,5230219.0
17.0,1192.0,5230452.0
9.0,1094.0,5230843.0
9.0,1392.0,5231201.0
17.0,1138.0,5231427.0
9.0,1168.0,5232419.0
73.0,1224.0,5232965.0
17.0,1146.0,5233060.0
17.0,1408.0,5233584.0
5.0,1029.0,5233913.0
17.0,1037.0,5234188.0
17.0,1378.0,5234823.0
17.0,1518.0,5235075.0
17.0,1192.0,5235306.0
9.0,1145.0,5236257.0
17.0,1138.0,5236282.0
1.0,1049.0,5236639.0
4.0,991.0,5238236.0
1.0,1049.0,5238931.0
3.0,1445.0,5239077.0
4.0,1032.0,5240636.0
3.0,1452.0,5242435.0
3.0,1064.0,5242982.0
1.0,1049.0,5243216.0
9.0,1012.0,5243353.0
1.0,1049.0,5245019.0
17.0,1518.0,5245315.0
63.0,1025.0,5245624.0
73.0,1099.0,5246095.0
68.0,1484.0,5247005.0
63.0,1021.0,5248478.0
22.0,1234.0,5248844.0
22.0,1248.0,5249064.0
3.0,1278.0,5249310.0
3.0,1062.0,5249563.0
3.0,1191.0,5250144.0
3.0,1203.0,5250411.0
4.0,1166.0,5252303.0
26.0,1554.0,5254190.0
0.0,1025.0,5255711.0
0.0,1015.0,5255950.0
0.0,1016.0,5256210.0
20.0,1360.0,5256511.0
0.0,1017.0,5256626.0
0.0,1018.0,5256844.0
0.0,1019.0,5257035.0
0.0,1020.0,5257249.0
61.0,1001.0,5257877.0
20.0,1360.0,5257900.0
5.0,1029.0,5257991.0
61.0,1198.0,5258582.0
5.0,1471.0,5258797.0
68.0,1260.0,5259665.0
68.0,1112.0,5259959.0
68.0,1035.0,5260161.0
68.0,1448.0,5260918.0
38.0,1386.0,5261889.0
72.0,1088.0,5262978.0
4.0,1020.0,5264847.0
20.0,1032.0,5266360.0
73.0,1099.0,5266677.0
20.0,1065.0,5266683.0
17.0,1146.0,5267612.0
20.0,1405.0,5267874.0
53.0,1255.0,5268153.0
18.0,1217.0,5269572.0
18.0,1060.0,5269842.0
18.0,1187.0,5270938.0
18.0,990.0,5271227.0
6.0,1266.0,5272115.0
73.0,1097.0,5272212.0
73.0,1224.0,5272892.0
73.0,1151.0,5273222.0
62.0,1034.0,5273746.0
73.0,1342.0,5273831.0
62.0,1528.0,5273951.0
68.0,1373.0,5274099.0
73.0,1042.0,5274198.0
73.0,1225.0,5274554.0
68.0,1257.0,5275079.0
23.0,1146.0,5275126.0
4.0,1010.0,5276371.0
4.0,1292.0,5276853.0
73.0,1099.0,5277171.0
32.0,1288.0,5281697.0
4.0,1050.0,5282003.0
73.0,1097.0,5282793.0
32.0,1224.0,5282929.0
32.0,1058.0,5283440.0
73.0,1224.0,5283473.0
73.0,1151.0,5283804.0
73.0,1342.0,5284412.0
73.0,1042.0,5284779.0
73.0,1225.0,5285136.0
32.0,1322.0,5286676.0
38.0,1468.0,5287633.0
73.0,1099.0,5287753.0
38.0,1095.0,5287950.0
38.0,1369.0,5289038.0
68.0,1384.0,5290077.0
32.0,1468.0,5291605.0
32.0,1259.0,5292720.0
32.0,1312.0,5292975.0
32.0,1263.0,5293364.0
73.0,1097.0,5293375.0
73.0,1224.0,5294054.0
32.0,1442.0,5294068.0
73.0,1151.0,5294386.0
73.0,1342.0,5294994.0
73.0,1042.0,5295362.0
73.0,1225.0,5295719.0
68.0,1405.0,5297641.0
73.0,1099.0,5298335.0
73.0,1097.0,5303956.0
17.0,1378.0,5304479.0
73.0,1224.0,5304635.0
73.0,1151.0,5304966.0
7.0,1510.0,5305394.0
73.0,1342.0,5305574.0
17.0,1059.0,5305661.0
7.0,1527.0,5305914.0
73.0,1042.0,5305941.0
73.0,1225.0,5306298.0
17.0,1515.0,5308341.0
73.0,1099.0,5308915.0
17.0,1192.0,5309874.0
17.0,1518.0,5310502.0
72.0,1443.0,5311274.0
17.0,1059.0,5312616.0
29.0,1502.0,5313437.0
4.0,1469.0,5313760.0
18.0,1217.0,5313957.0
18.0,1060.0,5314227.0
73.0,1097.0,5314536.0
29.0,1512.0,5314578.0
68.0,1445.0,5314593.0
19.0,1273.0,5314757.0
73.0,1224.0,5315216.0
73.0,1151.0,5315547.0
18.0,1043.0,5315981.0
68.0,1418.0,5316040.0
73.0,1342.0,5316155.0
73.0,1042.0,5316522.0
18.0,1413.0,5316741.0
73.0,1225.0,5316879.0
18.0,1264.0,5317030.0
18.0,1242.0,5317271.0
63.0,1021.0,5317979.0
18.0,1048.0,5318016.0
18.0,1367.0,5318278.0
18.0,1244.0,5318905.0
68.0,1257.0,5319190.0
73.0,1099.0,5319496.0
68.0,1373.0,5319993.0
18.0,1246.0,5320210.0
40.0,1106.0,5320280.0
18.0,1265.0,5320764.0
62.0,1106.0,5321412.0
62.0,1331.0,5321664.0
18.0,1030.0,5322129.0
62.0,1156.0,5322149.0
62.0,1358.0,5322452.0
62.0,1137.0,5322738.0
18.0,1187.0,5322919.0
62.0,1385.0,5323048.0
62.0,1386.0,5323340.0
62.0,1271.0,5323619.0
62.0,1106.0,5324075.0
18.0,990.0,5324479.0
3.0,1057.0,5324555.0
73.0,1097.0,5325117.0
18.0,1393.0,5325450.0
3.0,1131.0,5325651.0
73.0,1224.0,5325796.0
18.0,1117.0,5326045.0
73.0,1151.0,5326127.0
4.0,1162.0,5326267.0
3.0,1192.0,5326391.0
73.0,1342.0,5326735.0
4.0,1112.0,5326902.0
73.0,1042.0,5327102.0
73.0,1225.0,5327458.0
63.0,1459.0,5328589.0
68.0,1384.0,5328788.0
40.0,1004.0,5329535.0
40.0,990.0,5329758.0
73.0,1099.0,5330076.0
40.0,1068.0,5330203.0
3.0,989.0,5330322.0
1.0,1307.0,5330502.0
40.0,1513.0,5330843.0
40.0,1547.0,5331056.0
1.0,1328.0,5332002.0
1.0,1307.0,5332967.0
1.0,1250.0,5334483.0
1.0,1155.0,5334794.0
1.0,1115.0,5335178.0
1.0,1107.0,5335441.0
22.0,1105.0,5335756.0
1.0,1404.0,5336037.0
1.0,1109.0,5336735.0
1.0,1110.0,5337856.0
68.0,1405.0,5338486.0
1.0,1111.0,5338894.0
20.0,1449.0,5339182.0
20.0,1114.0,5339889.0
32.0,1128.0,5339934.0
1.0,1207.0,5340880.0
1.0,1201.0,5341152.0
22.0,1032.0,5341390.0
1.0,1096.0,5341423.0
1.0,1041.0,5341719.0
1.0,1083.0,5342020.0
1.0,1080.0,5342301.0
1.0,1082.0,5342845.0
32.0,1265.0,5343001.0
1.0,1207.0,5343509.0
17.0,1408.0,5343605.0
1.0,1011.0,5343849.0
1.0,1209.0,5344113.0
1.0,1480.0,5344302.0
17.0,1138.0,5344493.0
32.0,1243.0,5344668.0
20.0,1385.0,5350166.0
5.0,1480.0,5350598.0
20.0,1228.0,5350626.0
20.0,1049.0,5351353.0
22.0,1246.0,5352122.0
20.0,1066.0,5352762.0
68.0,1104.0,5353365.0
20.0,1377.0,5353446.0
7.0,990.0,5353657.0
7.0,1117.0,5353875.0
20.0,1111.0,5354626.0
20.0,1207.0,5355298.0
20.0,1212.0,5355643.0
20.0,1214.0,5355969.0
20.0,1096.0,5356236.0
20.0,1211.0,5356520.0
20.0,1011.0,5356801.0
68.0,1174.0,5357687.0
39.0,1542.0,5359901.0
4.0,1146.0,5362230.0
1.0,1501.0,5362492.0
39.0,1294.0,5362754.0
68.0,1405.0,5363827.0
18.0,1187.0,5364127.0
1.0,1105.0,5365092.0
68.0,1384.0,5373073.0
1.0,1105.0,5374894.0
17.0,1408.0,5376531.0
1.0,1501.0,5377078.0
17.0,1192.0,5377507.0
1.0,1049.0,5378538.0
17.0,1138.0,5379860.0
17.0,1146.0,5380393.0
74.0,1545.0,5381741.0
68.0,1373.0,5381890.0
17.0,1518.0,5382013.0
74.0,1545.0,5382673.0
68.0,1257.0,5382675.0
74.0,1524.0,5384156.0
17.0,1408.0,5384910.0
74.0,1331.0,5385151.0
17.0,1192.0,5385886.0
17.0,1138.0,5388229.0
17.0,1146.0,5388773.0
22.0,990.0,5389374.0
17.0,1518.0,5390381.0
74.0,1555.0,5390393.0
22.0,1246.0,5390408.0
22.0,990.0,5391090.0
20.0,1268.0,5391964.0
74.0,1147.0,5392700.0
74.0,1524.0,5393030.0
17.0,1408.0,5393288.0
74.0,1545.0,5393351.0
17.0,1192.0,5394253.0
73.0,1179.0,5395259.0
7.0,1510.0,5396031.0
7.0,1527.0,5396550.0
17.0,1138.0,5396635.0
17.0,1146.0,5397161.0
22.0,1144.0,5397516.0
7.0,1314.0,5397856.0
67.0,1023.0,5397918.0
37.0,1272.0,5398049.0
22.0,1248.0,5398150.0
7.0,1007.0,5398229.0
7.0,1450.0,5398496.0
17.0,1518.0,5398828.0
22.0,1309.0,5398897.0
22.0,1088.0,5399370.0
22.0,1234.0,5399779.0
22.0,1183.0,5399989.0
67.0,1266.0,5400031.0
57.0,1337.0,5401114.0
17.0,1408.0,5401832.0
7.0,1521.0,5402228.0
7.0,1368.0,5402483.0
7.0,1414.0,5402718.0
17.0,1192.0,5402838.0
22.0,1032.0,5404744.0
17.0,1138.0,5405196.0
74.0,1545.0,5405206.0
74.0,1367.0,5405598.0
17.0,1146.0,5405730.0
18.0,1030.0,5405743.0
5.0,1254.0,5406156.0
74.0,1510.0,5406283.0
18.0,990.0,5406334.0
18.0,1060.0,5406543.0
18.0,1117.0,5406776.0
22.0,1032.0,5407015.0
19.0,1049.0,5407031.0
4.0,1050.0,5407247.0
17.0,1518.0,5407350.0
19.0,1357.0,5407515.0
18.0,1217.0,5408146.0
1.0,1049.0,5408777.0
18.0,1048.0,5408935.0
18.0,1380.0,5409196.0
4.0,1010.0,5409525.0
22.0,1086.0,5410046.0
40.0,1556.0,5410091.0
17.0,1408.0,5410248.0
18.0,1413.0,5410396.0
18.0,1265.0,5411192.0
17.0,1192.0,5411224.0
18.0,1393.0,5411493.0
18.0,1187.0,5411768.0
17.0,1138.0,5413579.0
20.0,1111.0,5413701.0
17.0,1146.0,5414112.0
17.0,1518.0,5415733.0
18.0,1048.0,5416221.0
4.0,1462.0,5416658.0
67.0,1557.0,5417154.0
18.0,990.0,5417861.0
18.0,1367.0,5418070.0
4.0,1393.0,5418729.0
22.0,1188.0,5419180.0
22.0,1190.0,5419581.0
1.0,1049.0,5420266.0
51.0,990.0,5420379.0
40.0,1513.0,5422957.0
40.0,1547.0,5423168.0
1.0,1049.0,5423909.0
18.0,1030.0,5424040.0
51.0,1393.0,5424213.0
7.0,1558.0,5424546.0
18.0,1043.0,5424892.0
51.0,1117.0,5425660.0
51.0,990.0,5425882.0
18.0,1242.0,5425925.0
18.0,1135.0,5426389.0
18.0,1264.0,5426674.0
51.0,1060.0,5426684.0
71.0,1522.0,5427139.0
58.0,1544.0,5427277.0
18.0,1265.0,5427666.0
1.0,1049.0,5427731.0
1.0,1344.0,5427972.0
33.0,1242.0,5428069.0
1.0,1053.0,5428209.0
18.0,1187.0,5428225.0
51.0,1246.0,5428380.0
58.0,1547.0,5428989.0
53.0,1559.0,5430144.0
18.0,1117.0,5431011.0
18.0,1217.0,5431241.0
18.0,1060.0,5432252.0
53.0,1526.0,5432688.0
18.0,1380.0,5432733.0
18.0,1246.0,5433376.0
73.0,1294.0,5433400.0
18.0,1244.0,5434023.0
18.0,1413.0,5434364.0
73.0,1216.0,5434584.0
73.0,1485.0,5435057.0
71.0,1224.0,5435131.0
71.0,1097.0,5435408.0
71.0,1151.0,5435726.0
18.0,1393.0,5436379.0
25.0,1204.0,5437295.0
25.0,1204.0,5437480.0
25.0,1204.0,5437665.0
53.0,1106.0,5437755.0
25.0,1204.0,5437850.0
25.0,1204.0,5438035.0
25.0,1204.0,5438220.0
7.0,1212.0,5438336.0
25.0,1204.0,5438405.0
62.0,1030.0,5438751.0
25.0,1204.0,5438845.0
62.0,1048.0,5439017.0
7.0,1214.0,5439172.0
72.0,1133.0,5439206.0
25.0,1204.0,5439236.0
62.0,1264.0,5439263.0
7.0,1096.0,5439439.0
62.0,1217.0,5439511.0
25.0,1204.0,5439628.0
62.0,1043.0,5439792.0
25.0,1204.0,5440019.0
62.0,1265.0,5440091.0
62.0,1244.0,5440358.0
25.0,1204.0,5440410.0
62.0,1187.0,5440604.0
25.0,1204.0,5440802.0
62.0,1380.0,5440885.0
68.0,1437.0,5440895.0
32.0,1024.0,5441080.0
25.0,1204.0,5441193.0
68.0,1550.0,5441488.0
62.0,1265.0,5442734.0
68.0,1550.0,5442799.0
4.0,990.0,5442884.0
53.0,1425.0,5442961.0
62.0,1244.0,5443002.0
29.0,1095.0,5443092.0
62.0,1187.0,5443249.0
29.0,1056.0,5443352.0
4.0,1158.0,5443454.0
29.0,1095.0,5443482.0
62.0,1380.0,5443530.0
29.0,1253.0,5443693.0
29.0,1095.0,5443783.0
53.0,1524.0,5443784.0
4.0,1426.0,5444714.0
17.0,1408.0,5445156.0
62.0,1103.0,5445424.0
17.0,1146.0,5445610.0
4.0,1032.0,5445945.0
17.0,1335.0,5446750.0
17.0,1089.0,5447394.0
2.0,1558.0,5447450.0
17.0,1050.0,5447746.0
2.0,1558.0,5447789.0
17.0,1130.0,5448039.0
17.0,1335.0,5448280.0
17.0,1256.0,5448512.0
17.0,1153.0,5448713.0
39.0,1213.0,5448888.0
17.0,1033.0,5448914.0
17.0,1237.0,5449136.0
31.0,1007.0,5450381.0
31.0,1008.0,5450605.0
32.0,1541.0,5450718.0
32.0,1323.0,5450950.0
31.0,1411.0,5451364.0
31.0,1410.0,5451601.0
31.0,1070.0,5452338.0
4.0,1168.0,5452383.0
32.0,1129.0,5454894.0
4.0,1039.0,5456797.0
51.0,1246.0,5457423.0
51.0,1117.0,5457835.0
1.0,1391.0,5457925.0
32.0,1207.0,5459789.0
32.0,1321.0,5460660.0
23.0,1290.0,5460684.0
17.0,1146.0,5462428.0
17.0,1408.0,5462941.0
23.0,1098.0,5463415.0
32.0,1135.0,5465668.0
0.0,1135.0,5467264.0
0.0,1030.0,5467534.0
0.0,1264.0,5469782.0
0.0,1217.0,5470026.0
0.0,1043.0,5470303.0
0.0,1265.0,5470596.0
0.0,1027.0,5470975.0
0.0,1429.0,5471271.0
9.0,1412.0,5472635.0
45.0,1211.0,5472891.0
17.0,1146.0,5474835.0
22.0,1560.0,5475062.0
9.0,1044.0,5475250.0
17.0,1408.0,5475342.0
22.0,1560.0,5475623.0
68.0,1321.0,5476806.0
42.0,1223.0,5476854.0
68.0,1254.0,5477078.0
68.0,1323.0,5477338.0
68.0,1094.0,5477649.0
42.0,1281.0,5477709.0
68.0,1002.0,5477961.0
42.0,1135.0,5478116.0
68.0,1322.0,5478553.0
68.0,1185.0,5478828.0
29.0,1095.0,5478914.0
68.0,1362.0,5479417.0
29.0,1095.0,5479685.0
68.0,1145.0,5479740.0
23.0,1290.0,5480708.0
73.0,1522.0,5481384.0
42.0,1287.0,5481412.0
42.0,1406.0,5481805.0
68.0,1480.0,5482726.0
9.0,1327.0,5482831.0
62.0,1008.0,5483196.0
68.0,1218.0,5483309.0
9.0,1081.0,5483320.0
62.0,1009.0,5483582.0
62.0,1410.0,5483751.0
68.0,1177.0,5483934.0
62.0,1070.0,5483967.0
62.0,1411.0,5484365.0
7.0,1513.0,5484477.0
5.0,992.0,5484506.0
22.0,1560.0,5484951.0
9.0,1532.0,5485063.0
22.0,1560.0,5485081.0
62.0,1005.0,5485246.0
73.0,1522.0,5485349.0
9.0,1182.0,5485725.0
68.0,1360.0,5486045.0
7.0,1216.0,5486235.0
9.0,1495.0,5486359.0
73.0,1097.0,5488264.0
73.0,1224.0,5488937.0
73.0,1151.0,5489265.0
9.0,1553.0,5489302.0
67.0,1453.0,5489664.0
73.0,1342.0,5489867.0
73.0,1042.0,5490231.0
73.0,1225.0,5490585.0
40.0,1481.0,5491273.0
4.0,1060.0,5494037.0
75.0,1419.0,5494404.0
68.0,1260.0,5494518.0
11.0,1531.0,5495590.0
1.0,1391.0,5496295.0
54.0,1397.0,5496620.0
9.0,981.0,5497315.0
63.0,1313.0,5499781.0
52.0,1443.0,5500428.0
73.0,1522.0,5501230.0
1.0,1396.0,5502285.0
1.0,1113.0,5502774.0
52.0,1063.0,5503534.0
1.0,1113.0,5503545.0
52.0,1025.0,5503949.0
73.0,1097.0,5504143.0
1.0,1199.0,5504196.0
1.0,1561.0,5504506.0
40.0,1513.0,5504651.0
76.0,1018.0,5504789.0
73.0,1224.0,5504817.0
40.0,1547.0,5504862.0
4.0,1327.0,5505144.0
73.0,1151.0,5505145.0
67.0,1432.0,5505280.0
52.0,1130.0,5505704.0
73.0,1342.0,5505747.0
67.0,1071.0,5505860.0
73.0,1042.0,5506110.0
73.0,1225.0,5506465.0
4.0,992.0,5506554.0
17.0,1408.0,5508266.0
7.0,1188.0,5508806.0
7.0,1193.0,5509044.0
76.0,1025.0,5509841.0
29.0,1095.0,5510238.0
70.0,1122.0,5510318.0
53.0,1220.0,5510358.0
53.0,1524.0,5510608.0
29.0,1095.0,5510679.0
70.0,1141.0,5510768.0
29.0,1095.0,5511120.0
40.0,1324.0,5511414.0
53.0,1425.0,5511455.0
17.0,1378.0,5511539.0
29.0,1095.0,5511570.0
40.0,1513.0,5511575.0
20.0,1532.0,5511972.0
51.0,1246.0,5512497.0
4.0,1173.0,5512538.0
18.0,1242.0,5512865.0
7.0,1501.0,5512881.0
70.0,1107.0,5513071.0
20.0,1240.0,5513509.0
51.0,1060.0,5513907.0
20.0,1241.0,5513919.0
18.0,1217.0,5514223.0
23.0,1098.0,5514267.0
51.0,1393.0,5514359.0
18.0,1187.0,5514493.0
23.0,1105.0,5515286.0
26.0,1123.0,5516772.0
18.0,1135.0,5517040.0
18.0,1367.0,5517325.0
67.0,1440.0,5517635.0
18.0,1246.0,5517646.0
18.0,1413.0,5517901.0
51.0,1246.0,5518241.0
18.0,1264.0,5518364.0
51.0,990.0,5518482.0
2.0,1558.0,5518846.0
4.0,1240.0,5518964.0
72.0,1334.0,5519630.0
18.0,1117.0,5519834.0
51.0,1393.0,5519840.0
26.0,1123.0,5519923.0
72.0,994.0,5520071.0
26.0,1024.0,5520262.0
26.0,1122.0,5520499.0
18.0,1048.0,5520506.0
22.0,1188.0,5520738.0
26.0,1118.0,5520750.0
18.0,1043.0,5520769.0
26.0,1108.0,5521010.0
26.0,1123.0,5521310.0
51.0,1117.0,5521568.0
18.0,990.0,5522660.0
22.0,1190.0,5522941.0
18.0,1030.0,5523161.0
18.0,1244.0,5523428.0
51.0,990.0,5523648.0
18.0,1060.0,5523663.0
72.0,1103.0,5523927.0
62.0,1198.0,5524249.0
18.0,1380.0,5525208.0
18.0,1265.0,5525954.0
17.0,1478.0,5526054.0
40.0,1324.0,5526343.0
17.0,1408.0,5526367.0
51.0,1246.0,5527006.0
68.0,1373.0,5527232.0
1.0,1501.0,5527328.0
4.0,1066.0,5527535.0
51.0,1246.0,5527879.0
68.0,1257.0,5527977.0
51.0,1060.0,5528332.0
4.0,1402.0,5529180.0
40.0,1324.0,5529345.0
4.0,1281.0,5530138.0
40.0,1513.0,5530747.0
40.0,1547.0,5530968.0
4.0,1196.0,5532696.0
29.0,1114.0,5532790.0
0.0,1254.0,5537631.0
0.0,1094.0,5537895.0
40.0,1345.0,5538108.0
0.0,1002.0,5538199.0
0.0,1119.0,5538427.0
0.0,1120.0,5538640.0
0.0,999.0,5538945.0
51.0,1117.0,5539047.0
0.0,1405.0,5539210.0
4.0,1216.0,5539648.0
32.0,1006.0,5539912.0
68.0,1550.0,5539981.0
32.0,1430.0,5540122.0
51.0,1060.0,5540165.0
32.0,1041.0,5540369.0
51.0,1393.0,5542137.0
14.0,1032.0,5542382.0
51.0,1246.0,5542398.0
14.0,1043.0,5542856.0
51.0,990.0,5544516.0
32.0,1124.0,5545293.0
68.0,1384.0,5545318.0
32.0,1185.0,5546150.0
32.0,1299.0,5546728.0
52.0,1191.0,5548989.0
38.0,1191.0,5550517.0
38.0,1278.0,5550865.0
17.0,1059.0,5553034.0
68.0,1405.0,5553654.0
52.0,1524.0,5554462.0
72.0,1103.0,5557443.0
17.0,1515.0,5557753.0
52.0,1433.0,5558788.0
17.0,1138.0,5559373.0
29.0,1114.0,5561578.0
17.0,1408.0,5561987.0
52.0,1474.0,5563244.0
4.0,1158.0,5563540.0
68.0,1257.0,5564972.0
17.0,1037.0,5566244.0
5.0,1392.0,5566949.0
40.0,1547.0,5567646.0
77.0,1445.0,5569022.0
68.0,1550.0,5569141.0
22.0,1032.0,5569683.0
4.0,1292.0,5570033.0
5.0,1298.0,5571473.0
17.0,1059.0,5572902.0
68.0,1405.0,5572950.0
9.0,1001.0,5573335.0
11.0,1512.0,5573975.0
17.0,1037.0,5574019.0
4.0,1030.0,5575652.0
38.0,1413.0,5576729.0
9.0,1020.0,5577490.0
48.0,1004.0,5578575.0
48.0,1226.0,5579166.0
54.0,1293.0,5580093.0
9.0,995.0,5580172.0
9.0,1233.0,5581062.0
9.0,1055.0,5581859.0
11.0,1234.0,5583618.0
11.0,1248.0,5583839.0
9.0,1171.0,5583912.0
11.0,1309.0,5584310.0
42.0,1281.0,5584375.0
9.0,1432.0,5586720.0
9.0,1146.0,5589903.0
64.0,1507.0,5589917.0
40.0,1558.0,5590212.0
72.0,1433.0,5590514.0
9.0,1312.0,5590873.0
64.0,1169.0,5591468.0
68.0,1405.0,5591584.0
38.0,1413.0,5591722.0
68.0,1550.0,5592521.0
14.0,1159.0,5593207.0
17.0,1192.0,5594551.0
20.0,1199.0,5594841.0
17.0,1518.0,5595104.0
54.0,1389.0,5595284.0
42.0,1387.0,5595372.0
20.0,1208.0,5595500.0
42.0,1228.0,5595524.0
42.0,1069.0,5595858.0
42.0,1490.0,5596149.0
42.0,1379.0,5596601.0
42.0,1200.0,5596812.0
20.0,1562.0,5596864.0
42.0,1314.0,5597023.0
17.0,1059.0,5598412.0
68.0,1373.0,5598422.0
53.0,1049.0,5598553.0
20.0,1207.0,5599386.0
20.0,1212.0,5599721.0
20.0,1214.0,5600048.0
7.0,1255.0,5600438.0
48.0,1328.0,5600545.0
20.0,1096.0,5600788.0
20.0,1211.0,5601071.0
20.0,1011.0,5601352.0
20.0,1210.0,5601543.0
20.0,1209.0,5601718.0
20.0,1201.0,5601977.0
20.0,1126.0,5602234.0
20.0,1041.0,5602480.0
20.0,1215.0,5602773.0
72.0,1022.0,5604041.0
72.0,1025.0,5604270.0
72.0,1015.0,5604507.0
72.0,1016.0,5604751.0
29.0,1114.0,5607623.0
72.0,1019.0,5607690.0
72.0,1103.0,5609242.0
29.0,1114.0,5609486.0
38.0,1413.0,5609973.0
22.0,1192.0,5610031.0
62.0,1005.0,5617020.0
17.0,1059.0,5618509.0
62.0,1283.0,5619918.0
62.0,1116.0,5620152.0
68.0,1384.0,5620566.0
62.0,1407.0,5621016.0
53.0,1049.0,5621351.0
62.0,1005.0,5621912.0
2.0,1558.0,5622944.0
17.0,1515.0,5623595.0
2.0,1545.0,5624593.0
4.0,1168.0,5624671.0
32.0,1134.0,5624997.0
17.0,1138.0,5625212.0
62.0,1046.0,5625293.0
4.0,1032.0,5625640.0
51.0,1393.0,5626641.0
4.0,1010.0,5627128.0
17.0,1408.0,5627501.0
32.0,1097.0,5628359.0
4.0,1050.0,5629276.0
17.0,1037.0,5633200.0
4.0,1327.0,5635037.0
3.0,1192.0,5635946.0
3.0,1139.0,5638063.0
68.0,1396.0,5640334.0
68.0,1457.0,5640707.0
68.0,1231.0,5641027.0
68.0,1298.0,5641287.0
68.0,1280.0,5641557.0
68.0,1561.0,5641808.0
64.0,1507.0,5641887.0
68.0,991.0,5642862.0
64.0,1169.0,5643439.0
17.0,1378.0,5643484.0
52.0,1075.0,5643510.0
17.0,1146.0,5644725.0
52.0,1034.0,5646838.0
52.0,1440.0,5647092.0
27.0,1139.0,5647831.0
45.0,1022.0,5648124.0
17.0,1189.0,5648355.0
45.0,1563.0,5650537.0
38.0,1236.0,5651200.0
7.0,1004.0,5651345.0
7.0,1564.0,5651996.0
38.0,1367.0,5653082.0
9.0,1132.0,5653112.0
45.0,1565.0,5653300.0
38.0,1413.0,5653650.0
42.0,1246.0,5653832.0
42.0,1246.0,5654315.0
42.0,990.0,5654446.0
42.0,1060.0,5654901.0
38.0,1366.0,5655104.0
7.0,1004.0,5655340.0
7.0,1339.0,5655890.0
45.0,1326.0,5656290.0
62.0,1106.0,5656328.0
62.0,1331.0,5656579.0
45.0,1064.0,5657060.0
62.0,1156.0,5657064.0
62.0,1358.0,5657365.0
62.0,1137.0,5657652.0
62.0,1385.0,5657962.0
62.0,1386.0,5658254.0
17.0,1189.0,5658979.0
17.0,1059.0,5660419.0
28.0,1181.0,5661666.0
17.0,1408.0,5662855.0
17.0,1037.0,5664132.0
11.0,1234.0,5664649.0
40.0,1556.0,5665046.0
11.0,1183.0,5665092.0
17.0,1518.0,5665148.0
11.0,1144.0,5665304.0
54.0,1566.0,5667231.0
40.0,1547.0,5670278.0
40.0,1513.0,5670498.0
64.0,1169.0,5671422.0
12.0,1393.0,5672119.0
12.0,990.0,5672359.0
12.0,1117.0,5672579.0
12.0,1060.0,5672819.0
12.0,1246.0,5673300.0
12.0,1140.0,5674412.0
16.0,1209.0,5676184.0
1.0,1027.0,5676282.0
11.0,1081.0,5680085.0
15.0,1306.0,5681195.0
17.0,1567.0,5681635.0
15.0,1308.0,5681794.0
15.0,1283.0,5682056.0
54.0,1188.0,5682261.0
15.0,1306.0,5682489.0
17.0,1138.0,5682833.0
17.0,1518.0,5683055.0
3.0,997.0,5683457.0
3.0,1174.0,5683964.0
7.0,1510.0,5684022.0
3.0,1103.0,5684770.0
3.0,1345.0,5685119.0
15.0,1349.0,5685773.0
70.0,1251.0,5686608.0
17.0,1050.0,5686825.0
17.0,1335.0,5686975.0
17.0,1089.0,5687216.0
3.0,1066.0,5687399.0
17.0,1050.0,5687577.0
17.0,1130.0,5687868.0
17.0,1335.0,5688109.0
31.0,1005.0,5688239.0
17.0,1256.0,5688349.0
17.0,1153.0,5688550.0
17.0,1033.0,5688741.0
17.0,1237.0,5688972.0
31.0,1009.0,5689569.0
38.0,1253.0,5690369.0
56.0,1438.0,5692044.0
62.0,1417.0,5692899.0
62.0,1514.0,5693110.0
38.0,1413.0,5693329.0
62.0,1529.0,5693343.0
7.0,1195.0,5694291.0
7.0,1188.0,5694516.0
6.0,1057.0,5694622.0
7.0,1193.0,5694753.0
7.0,1194.0,5694964.0
4.0,1022.0,5695515.0
17.0,1089.0,5696966.0
62.0,1106.0,5697197.0
51.0,1246.0,5697338.0
62.0,1331.0,5697448.0
4.0,1036.0,5697849.0
62.0,1156.0,5697932.0
68.0,1349.0,5698948.0
51.0,1246.0,5699266.0
51.0,1139.0,5699536.0
38.0,1413.0,5701271.0
68.0,1349.0,5701583.0
51.0,1139.0,5703930.0
51.0,1139.0,5704202.0
51.0,1401.0,5704382.0
51.0,1328.0,5704754.0
51.0,1400.0,5704945.0
51.0,1401.0,5705277.0
51.0,1139.0,5706075.0
51.0,1393.0,5707053.0
51.0,990.0,5708018.0
5.0,1037.0,5708039.0
62.0,1227.0,5709503.0
51.0,1117.0,5710355.0
51.0,1060.0,5710595.0
68.0,1562.0,5728402.0
68.0,1113.0,5728633.0
68.0,1166.0,5730069.0
68.0,1319.0,5730303.0
17.0,1515.0,5730557.0
17.0,1408.0,5731180.0
68.0,1349.0,5731252.0
17.0,1146.0,5731431.0
9.0,1132.0,5732876.0
7.0,1513.0,5732908.0
7.0,1513.0,5733160.0
7.0,1568.0,5733567.0
7.0,1320.0,5733924.0
7.0,1302.0,5734236.0
7.0,1060.0,5735123.0
7.0,1368.0,5736212.0
7.0,1331.0,5736764.0
55.0,1296.0,5738393.0
70.0,1108.0,5739364.0
9.0,1470.0,5741067.0
42.0,982.0,5745022.0
42.0,993.0,5745297.0
22.0,1309.0,5745903.0
17.0,1059.0,5747954.0
5.0,1058.0,5749746.0
38.0,1367.0,5753591.0
38.0,1413.0,5754159.0
38.0,1366.0,5755613.0
28.0,1144.0,5756747.0
12.0,980.0,5757733.0
12.0,1086.0,5757974.0
15.0,1407.0,5758107.0
12.0,1055.0,5758194.0
15.0,1308.0,5758335.0
12.0,1095.0,5758405.0
15.0,1283.0,5758598.0
12.0,1056.0,5758665.0
12.0,1253.0,5758906.0
12.0,1245.0,5759136.0
15.0,1116.0,5759297.0
4.0,1179.0,5759539.0
12.0,1269.0,5759676.0
5.0,1533.0,5759917.0
70.0,1331.0,5761761.0
70.0,1419.0,5763183.0
56.0,1438.0,5764693.0
67.0,1464.0,5765752.0
4.0,1320.0,5766616.0
4.0,1164.0,5766841.0
15.0,1030.0,5768646.0
15.0,1135.0,5768924.0
0.0,989.0,5769543.0
4.0,1297.0,5769989.0
20.0,1477.0,5770795.0
5.0,1533.0,5771360.0
67.0,1067.0,5772337.0
20.0,1569.0,5772575.0
20.0,1324.0,5772997.0
20.0,1481.0,5773191.0
42.0,1024.0,5773239.0
20.0,1497.0,5773352.0
16.0,1260.0,5773403.0
42.0,1118.0,5773731.0
42.0,1108.0,5774018.0
42.0,1123.0,5774312.0
42.0,1124.0,5774535.0
53.0,1212.0,5774694.0
14.0,1048.0,5774730.0
42.0,1125.0,5774736.0
42.0,1127.0,5775042.0
14.0,1265.0,5775202.0
42.0,1128.0,5775337.0
14.0,1217.0,5775483.0
4.0,1057.0,5775628.0
14.0,1264.0,5775727.0
58.0,1547.0,5775796.0
20.0,1387.0,5775926.0
20.0,1228.0,5776138.0
53.0,1207.0,5776260.0
20.0,1228.0,5776597.0
15.0,1105.0,5776908.0
16.0,1126.0,5776993.0
14.0,1135.0,5777175.0
53.0,1210.0,5777240.0
53.0,1044.0,5777421.0
62.0,1122.0,5777672.0
14.0,1187.0,5777698.0
40.0,1513.0,5777776.0
40.0,1004.0,5778190.0
40.0,1547.0,5778391.0
53.0,1209.0,5778532.0
53.0,1214.0,5779042.0
53.0,1201.0,5779313.0
2.0,1558.0,5779398.0
53.0,1215.0,5779623.0
3.0,1245.0,5779707.0
78.0,1053.0,5780405.0
3.0,1226.0,5780668.0
78.0,1271.0,5780961.0
1.0,1160.0,5781749.0
2.0,1558.0,5782182.0
78.0,1106.0,5782408.0
53.0,1126.0,5782436.0
62.0,1207.0,5782521.0
78.0,1331.0,5782659.0
42.0,1058.0,5782762.0
62.0,1212.0,5782857.0
62.0,1214.0,5783184.0
78.0,1156.0,5783317.0
62.0,1096.0,5783452.0
62.0,1211.0,5783736.0
62.0,1011.0,5784019.0
3.0,1257.0,5784029.0
62.0,1210.0,5784211.0
42.0,1058.0,5784255.0
3.0,1064.0,5784316.0
62.0,1209.0,5784387.0
62.0,1201.0,5784647.0
31.0,1455.0,5784740.0
62.0,1126.0,5784905.0
62.0,1041.0,5785151.0
62.0,1215.0,5785446.0
31.0,1472.0,5786014.0
62.0,1486.0,5786038.0
2.0,1227.0,5786230.0
2.0,1227.0,5786702.0
68.0,1349.0,5786900.0
2.0,1227.0,5787060.0
62.0,1378.0,5788143.0
62.0,1378.0,5789237.0
5.0,989.0,5791338.0
62.0,1378.0,5792661.0
5.0,1003.0,5794229.0
62.0,1378.0,5795240.0
62.0,1131.0,5795734.0
4.0,1036.0,5795948.0
62.0,1486.0,5797575.0
23.0,1290.0,5797592.0
5.0,1216.0,5798523.0
62.0,1427.0,5799063.0
78.0,1271.0,5805232.0
78.0,1271.0,5805552.0
6.0,1231.0,5806523.0
6.0,1280.0,5807153.0
6.0,1158.0,5807980.0
6.0,1208.0,5808485.0
6.0,991.0,5808777.0
6.0,1231.0,5809911.0
3.0,1502.0,5810110.0
38.0,1431.0,5810326.0
6.0,1000.0,5810463.0
3.0,1429.0,5811079.0
62.0,1106.0,5829076.0
62.0,1331.0,5829327.0
62.0,1156.0,5829811.0
62.0,1358.0,5830113.0
62.0,1137.0,5830400.0
62.0,1385.0,5830709.0
62.0,1386.0,5831001.0
22.0,1560.0,5833155.0
9.0,1487.0,5834274.0
68.0,1570.0,5835538.0
12.0,980.0,5836207.0
12.0,1086.0,5836427.0
9.0,1041.0,5836634.0
12.0,1095.0,5836647.0
12.0,1253.0,5836847.0
68.0,1320.0,5836975.0
4.0,1057.0,5837292.0
12.0,1245.0,5837418.0
4.0,1177.0,5837894.0
12.0,1269.0,5838059.0
78.0,1271.0,5838143.0
9.0,1026.0,5839466.0
12.0,980.0,5840510.0
7.0,1513.0,5842401.0
3.0,1214.0,5842972.0
9.0,1470.0,5844595.0
68.0,1119.0,5850109.0
68.0,1120.0,5850330.0
40.0,1123.0,5851001.0
68.0,999.0,5851171.0
32.0,1055.0,5851223.0
4.0,1059.0,5853358.0
4.0,1047.0,5853849.0
15.0,1029.0,5855295.0
72.0,1333.0,5855518.0
72.0,994.0,5855979.0
72.0,1019.0,5856864.0
4.0,1277.0,5857064.0
3.0,1322.0,5857410.0
72.0,1333.0,5857831.0
1.0,1160.0,5858900.0
72.0,1333.0,5859541.0
4.0,1018.0,5859604.0
3.0,1204.0,5859999.0
38.0,1112.0,5860088.0
72.0,1333.0,5860556.0
3.0,1297.0,5861807.0
3.0,1099.0,5862249.0
16.0,1405.0,5863079.0
1.0,1501.0,5863232.0
23.0,1290.0,5863602.0
1.0,1344.0,5863734.0
1.0,1025.0,5863967.0
1.0,1015.0,5864203.0
4.0,1036.0,5864338.0
1.0,1019.0,5864622.0
7.0,1331.0,5864766.0
1.0,1018.0,5864808.0
1.0,993.0,5865043.0
1.0,1017.0,5865313.0
1.0,1020.0,5865549.0
1.0,1016.0,5866141.0
1.0,996.0,5866381.0
62.0,1106.0,5866397.0
1.0,1022.0,5866605.0
62.0,1331.0,5866648.0
1.0,995.0,5866856.0
62.0,1156.0,5867133.0
1.0,994.0,5867142.0
1.0,1023.0,5867389.0
62.0,1358.0,5867435.0
62.0,1344.0,5867589.0
62.0,1034.0,5867817.0
1.0,998.0,5868603.0
62.0,1122.0,5868633.0
62.0,1106.0,5869304.0
78.0,1271.0,5869562.0
62.0,1030.0,5869652.0
4.0,1015.0,5869666.0
72.0,1019.0,5869734.0
72.0,1103.0,5870031.0
53.0,1388.0,5870281.0
58.0,1544.0,5870327.0
22.0,1560.0,5871637.0
53.0,1398.0,5871820.0
22.0,1560.0,5872873.0
68.0,1373.0,5872996.0
68.0,1257.0,5873299.0
72.0,1093.0,5875588.0
20.0,1127.0,5876860.0
20.0,1024.0,5877173.0
20.0,1125.0,5877408.0
20.0,1128.0,5877634.0
20.0,1430.0,5878081.0
68.0,1550.0,5878133.0
23.0,1443.0,5879158.0
68.0,1349.0,5879969.0
23.0,1290.0,5885347.0
51.0,1117.0,5888303.0
5.0,1104.0,5891093.0
17.0,1408.0,5892139.0
17.0,1146.0,5892381.0
17.0,1408.0,5895620.0
17.0,1408.0,5899209.0
55.0,1037.0,5902764.0
17.0,1408.0,5902781.0
17.0,1408.0,5906314.0
78.0,1271.0,5907080.0
3.0,990.0,5908298.0
3.0,1114.0,5909152.0
3.0,999.0,5909487.0
17.0,1408.0,5909807.0
7.0,1069.0,5911419.0
7.0,1513.0,5912034.0
17.0,1408.0,5913348.0
72.0,1103.0,5914790.0
7.0,1049.0,5916748.0
53.0,1149.0,5916846.0
40.0,1513.0,5919324.0
40.0,1547.0,5920934.0
40.0,1049.0,5921135.0
7.0,1513.0,5921727.0
17.0,1189.0,5921826.0
67.0,1523.0,5922681.0
7.0,1544.0,5922767.0
17.0,1059.0,5923808.0
4.0,1348.0,5924196.0
40.0,1324.0,5925193.0
68.0,1040.0,5926046.0
7.0,1510.0,5926152.0
21.0,1269.0,5926782.0
76.0,1258.0,5927317.0
21.0,1333.0,5927524.0
40.0,1086.0,5927737.0
21.0,1245.0,5927758.0
21.0,1095.0,5928822.0
7.0,1216.0,5929003.0
72.0,1398.0,5929288.0
78.0,1271.0,5930318.0
68.0,1279.0,5930401.0
40.0,1029.0,5930918.0
21.0,1054.0,5930935.0
40.0,1513.0,5931471.0
4.0,1035.0,5931679.0
21.0,1270.0,5931754.0
21.0,1049.0,5931962.0
26.0,1122.0,5932431.0
58.0,1544.0,5933550.0
21.0,1190.0,5935364.0
21.0,1238.0,5935839.0
62.0,1106.0,5938092.0
62.0,1331.0,5938343.0
62.0,1156.0,5938828.0
62.0,1358.0,5939130.0
62.0,1137.0,5939417.0
62.0,1385.0,5939727.0
62.0,1386.0,5940019.0
72.0,1398.0,5940255.0
62.0,1271.0,5940298.0
22.0,1277.0,5940449.0
21.0,1102.0,5940450.0
21.0,1056.0,5940779.0
7.0,1568.0,5941441.0
40.0,1471.0,5941971.0
71.0,1525.0,5941991.0
40.0,1471.0,5942072.0
51.0,1246.0,5942483.0
40.0,1004.0,5942917.0
40.0,1324.0,5943623.0
71.0,1443.0,5943660.0
51.0,1393.0,5943718.0
72.0,1038.0,5944177.0
40.0,1368.0,5944257.0
20.0,1109.0,5944511.0
40.0,1341.0,5944569.0
12.0,1495.0,5944953.0
21.0,1332.0,5945051.0
62.0,1398.0,5945148.0
12.0,1381.0,5945174.0
71.0,1292.0,5945436.0
62.0,1212.0,5945927.0
62.0,1214.0,5946255.0
21.0,1463.0,5946306.0
17.0,1057.0,5946508.0
62.0,1096.0,5946530.0
62.0,1211.0,5946813.0
62.0,1011.0,5947096.0
40.0,1123.0,5947212.0
62.0,1210.0,5947288.0
62.0,1209.0,5947465.0
62.0,1201.0,5947724.0
62.0,1126.0,5947983.0
62.0,1041.0,5948229.0
62.0,1215.0,5948524.0
51.0,990.0,5948668.0
78.0,1391.0,5948840.0
51.0,1117.0,5948889.0
22.0,1003.0,5949101.0
22.0,1234.0,5949274.0
78.0,1391.0,5949696.0
17.0,1192.0,5949944.0
40.0,1049.0,5950565.0
22.0,1003.0,5950670.0
51.0,1160.0,5950687.0
0.0,1167.0,5950929.0
40.0,1160.0,5951079.0
0.0,1259.0,5951155.0
0.0,1243.0,5951367.0
0.0,1261.0,5951599.0
40.0,1086.0,5951785.0
0.0,1262.0,5951999.0
51.0,1528.0,5952333.0
0.0,1263.0,5952366.0
51.0,1108.0,5953094.0
51.0,1008.0,5953355.0
40.0,1368.0,5953864.0
39.0,1195.0,5954034.0
39.0,1188.0,5954264.0
39.0,1193.0,5954504.0
39.0,1194.0,5954724.0
39.0,1190.0,5955194.0
5.0,1011.0,5955660.0
22.0,1143.0,5956327.0
7.0,1568.0,5957000.0
20.0,1300.0,5957931.0
17.0,1408.0,5958756.0
22.0,1309.0,5959956.0
17.0,1518.0,5959995.0
22.0,1560.0,5960117.0
4.0,1069.0,5960954.0
4.0,1119.0,5961650.0
22.0,1571.0,5962676.0
20.0,1377.0,5964179.0
22.0,1143.0,5964256.0
71.0,1522.0,5964542.0
68.0,1349.0,5964673.0
20.0,1504.0,5964879.0
4.0,1052.0,5967010.0
74.0,1163.0,5969298.0
71.0,1038.0,5970369.0
71.0,1224.0,5972530.0
71.0,1097.0,5972807.0
71.0,1151.0,5973125.0
52.0,1182.0,5973929.0
52.0,1504.0,5976588.0
62.0,1185.0,5977242.0
52.0,1287.0,5977788.0
62.0,1362.0,5977825.0
78.0,1391.0,5981519.0
78.0,1391.0,5982131.0
78.0,1391.0,5983005.0
78.0,1391.0,5984075.0
5.0,1316.0,5984663.0
78.0,1391.0,5985037.0
74.0,1206.0,5989979.0
78.0,1046.0,5990117.0
74.0,1479.0,5991356.0
74.0,1222.0,5992405.0
74.0,1220.0,5993081.0
74.0,1572.0,5993990.0
30.0,1267.0,5995662.0
74.0,1213.0,5995739.0
40.0,1547.0,6000901.0
40.0,1513.0,6001123.0
3.0,1066.0,6004321.0
62.0,1525.0,6011744.0
21.0,1090.0,6011959.0
21.0,1270.0,6012226.0
62.0,1443.0,6012525.0
19.0,989.0,6013670.0
19.0,1187.0,6013894.0
21.0,1090.0,6014711.0
21.0,1270.0,6014977.0
53.0,1412.0,6015249.0
40.0,1513.0,6015521.0
51.0,1160.0,6015659.0
51.0,1160.0,6015771.0
40.0,1547.0,6015904.0
62.0,1525.0,6016523.0
40.0,1324.0,6016699.0
68.0,1301.0,6016901.0
51.0,1160.0,6016928.0
40.0,1123.0,6017122.0
68.0,1150.0,6017214.0
51.0,1160.0,6018285.0
51.0,1160.0,6019450.0
70.0,1110.0,6019512.0
53.0,1297.0,6020492.0
51.0,1160.0,6020615.0
20.0,1322.0,6020772.0
78.0,1271.0,6021126.0
51.0,1160.0,6022534.0
51.0,1160.0,6023499.0
51.0,1160.0,6025237.0
32.0,1214.0,6025961.0
51.0,1160.0,6026402.0
17.0,1349.0,6026757.0
4.0,1487.0,6027031.0
51.0,1160.0,6027185.0
48.0,1007.0,6027780.0
51.0,1160.0,6028541.0
48.0,1409.0,6028992.0
51.0,1160.0,6029897.0
51.0,1160.0,6031423.0
51.0,1160.0,6032217.0
70.0,1419.0,6032737.0
72.0,1398.0,6033111.0
51.0,1160.0,6034126.0
51.0,1160.0,6035110.0
25.0,1293.0,6035548.0
51.0,1160.0,6037401.0
25.0,1293.0,6038373.0
51.0,1160.0,6038556.0
51.0,1160.0,6039351.0
4.0,1296.0,6039553.0
4.0,1391.0,6040491.0
51.0,1160.0,6040527.0
51.0,1160.0,6041872.0
7.0,1090.0,6041979.0
51.0,1160.0,6043227.0
51.0,1160.0,6044393.0
68.0,1257.0,6045439.0
72.0,1321.0,6046165.0
72.0,1323.0,6046481.0
51.0,1160.0,6046692.0
72.0,1094.0,6046779.0
72.0,1145.0,6047087.0
51.0,1160.0,6047464.0
17.0,1408.0,6048439.0
51.0,1160.0,6048449.0
4.0,1260.0,6048906.0
51.0,1160.0,6049804.0
51.0,1160.0,6051149.0
5.0,1192.0,6051160.0
1.0,1223.0,6051179.0
68.0,1550.0,6051197.0
2.0,1397.0,6051220.0
17.0,1518.0,6052914.0
68.0,1349.0,6054225.0
1.0,1223.0,6055646.0
5.0,1301.0,6057880.0
78.0,1271.0,6060984.0
1.0,1049.0,6061902.0
17.0,1408.0,6062294.0
17.0,1146.0,6062990.0
1.0,1049.0,6064289.0
17.0,1408.0,6066661.0
17.0,1146.0,6067707.0
4.0,1258.0,6070599.0
4.0,1081.0,6071310.0
25.0,1293.0,6074855.0
4.0,986.0,6077365.0
25.0,1293.0,6077546.0
17.0,1408.0,6077574.0
17.0,1146.0,6078610.0
17.0,1408.0,6082314.0
72.0,1321.0,6082529.0
72.0,1323.0,6082845.0
72.0,1094.0,6083142.0
17.0,1146.0,6083361.0
72.0,1145.0,6083451.0
19.0,1462.0,6086784.0
17.0,1408.0,6087074.0
17.0,1146.0,6088175.0
71.0,1312.0,6089686.0
48.0,1106.0,6089875.0
71.0,1369.0,6090356.0
48.0,1509.0,6091408.0
71.0,1364.0,6091777.0
71.0,1370.0,6092057.0
71.0,1074.0,6092547.0
19.0,1086.0,6096553.0
19.0,990.0,6097106.0
54.0,1499.0,6097615.0
11.0,1255.0,6098848.0
71.0,1074.0,6099508.0
71.0,1369.0,6099778.0
71.0,1312.0,6100608.0
22.0,1003.0,6102079.0
22.0,1277.0,6102580.0
1.0,1049.0,6102856.0
59.0,1285.0,6102882.0
1.0,1049.0,6103041.0
7.0,997.0,6103731.0
22.0,1143.0,6103744.0
4.0,1032.0,6104437.0
15.0,1541.0,6104678.0
15.0,1472.0,6105345.0
1.0,1344.0,6106474.0
1.0,993.0,6106734.0
3.0,1025.0,6106984.0
3.0,987.0,6107599.0
3.0,980.0,6107797.0
3.0,1086.0,6108025.0
79.0,1202.0,6108059.0
3.0,1055.0,6108250.0
79.0,1022.0,6108446.0
3.0,1202.0,6108485.0
79.0,1023.0,6108625.0
79.0,1025.0,6108808.0
79.0,1015.0,6109043.0
79.0,1022.0,6109379.0
79.0,1023.0,6109557.0
70.0,1031.0,6109685.0
79.0,1025.0,6109740.0
79.0,1015.0,6109975.0
7.0,1513.0,6110026.0
79.0,1016.0,6110223.0
3.0,1087.0,6110268.0
7.0,1530.0,6110295.0
70.0,1419.0,6110439.0
3.0,1192.0,6110527.0
79.0,1017.0,6110628.0
16.0,1165.0,6110657.0
74.0,1367.0,6111123.0
79.0,1308.0,6111758.0
16.0,1378.0,6111768.0
16.0,1375.0,6112371.0
4.0,1017.0,6112910.0
15.0,1138.0,6113070.0
72.0,1321.0,6113467.0
72.0,1323.0,6113783.0
72.0,1094.0,6114080.0
72.0,1145.0,6114389.0
7.0,987.0,6115227.0
11.0,1531.0,6115557.0
22.0,1115.0,6115891.0
79.0,1308.0,6116346.0
22.0,1155.0,6116744.0
79.0,1308.0,6116988.0
41.0,1058.0,6117089.0
22.0,1192.0,6117150.0
79.0,1308.0,6117327.0
22.0,1560.0,6119091.0
42.0,1246.0,6120114.0
42.0,990.0,6120536.0
22.0,1243.0,6120693.0
42.0,1060.0,6121000.0
31.0,1462.0,6121854.0
7.0,1513.0,6122168.0
11.0,1234.0,6122200.0
7.0,1530.0,6122386.0
11.0,1088.0,6122421.0
11.0,1309.0,6122642.0
11.0,1144.0,6122843.0
7.0,1547.0,6123809.0
7.0,1513.0,6124031.0
11.0,1452.0,6124191.0
62.0,1525.0,6124211.0
11.0,1300.0,6124352.0
11.0,1076.0,6124543.0
11.0,1490.0,6124844.0
42.0,1024.0,6124959.0
62.0,1443.0,6124993.0
63.0,1350.0,6125258.0
22.0,1292.0,6125377.0
42.0,1118.0,6125452.0
22.0,1062.0,6125752.0
42.0,1127.0,6126328.0
42.0,1128.0,6126630.0
42.0,1129.0,6126921.0
42.0,1430.0,6127233.0
15.0,1283.0,6127701.0
15.0,1306.0,6128124.0
68.0,1373.0,6128477.0
7.0,1248.0,6129305.0
72.0,1321.0,6129581.0
7.0,1216.0,6129759.0
51.0,1160.0,6129866.0
72.0,1323.0,6129897.0
72.0,1094.0,6130194.0
72.0,1145.0,6130503.0
4.0,1119.0,6130665.0
51.0,1160.0,6130847.0
68.0,1391.0,6132045.0
51.0,1160.0,6132193.0
68.0,1402.0,6133250.0
51.0,1160.0,6133535.0
68.0,1550.0,6134876.0
15.0,1029.0,6136556.0
62.0,1525.0,6137046.0
15.0,1471.0,6137387.0
15.0,1029.0,6140510.0
65.0,1535.0,6141111.0
4.0,1457.0,6141141.0
17.0,1518.0,6141172.0
15.0,1471.0,6141342.0
55.0,1379.0,6141684.0
55.0,1338.0,6142437.0
15.0,1029.0,6143496.0
68.0,1349.0,6143611.0
15.0,1471.0,6144328.0
62.0,1321.0,6144839.0
55.0,1314.0,6145075.0
62.0,1254.0,6145114.0
62.0,1323.0,6145379.0
55.0,1068.0,6145535.0
62.0,1094.0,6145684.0
55.0,1377.0,6146165.0
55.0,1431.0,6149776.0
55.0,1048.0,6150316.0
55.0,1220.0,6150596.0
55.0,1264.0,6154116.0
55.0,1121.0,6156086.0
55.0,1043.0,6156666.0
55.0,1030.0,6157236.0
26.0,1381.0,6158005.0
26.0,1361.0,6158197.0
55.0,1244.0,6158796.0
72.0,1321.0,6159280.0
3.0,1296.0,6159507.0
3.0,988.0,6159871.0
3.0,1343.0,6160199.0
72.0,1321.0,6160833.0
55.0,1058.0,6163627.0
4.0,1016.0,6165344.0
55.0,1221.0,6168467.0
55.0,1135.0,6171757.0
25.0,1293.0,6175870.0
9.0,1470.0,6176219.0
72.0,1267.0,6182109.0
28.0,1338.0,6182559.0
72.0,1461.0,6182678.0
11.0,1407.0,6183970.0
11.0,1473.0,6185327.0
55.0,1187.0,6187148.0
55.0,1265.0,6188538.0
59.0,1500.0,6189129.0
55.0,1217.0,6191338.0
59.0,1266.0,6191341.0
1.0,1160.0,6192014.0
63.0,1503.0,6193028.0
9.0,1286.0,6193089.0
39.0,1195.0,6194041.0
55.0,1425.0,6194059.0
39.0,1188.0,6194272.0
39.0,1193.0,6194512.0
39.0,1194.0,6194732.0
17.0,1059.0,6194946.0
39.0,1190.0,6195204.0
39.0,1542.0,6195644.0
1.0,1501.0,6196584.0
11.0,1132.0,6196860.0
17.0,1408.0,6197038.0
17.0,1146.0,6197280.0
39.0,1294.0,6198074.0
39.0,1213.0,6198485.0
39.0,1216.0,6199165.0
1.0,1105.0,6199185.0
38.0,1367.0,6199335.0
39.0,1485.0,6199365.0
38.0,1413.0,6199903.0
17.0,1518.0,6199992.0
76.0,1004.0,6200178.0
17.0,1138.0,6200235.0
25.0,1131.0,6200462.0
39.0,1216.0,6200645.0
38.0,1364.0,6201358.0
7.0,1276.0,6201825.0
7.0,1403.0,6201971.0
20.0,1568.0,6202439.0
7.0,1458.0,6202863.0
55.0,1219.0,6202919.0
20.0,1568.0,6203332.0
7.0,1023.0,6203486.0
38.0,1202.0,6204096.0
12.0,1114.0,6204358.0
25.0,1131.0,6204897.0
20.0,1106.0,6204933.0
39.0,1316.0,6205087.0
20.0,1331.0,6205185.0
12.0,1226.0,6205311.0
20.0,1156.0,6205671.0
76.0,1258.0,6205888.0
20.0,1358.0,6205974.0
15.0,1306.0,6206081.0
76.0,1258.0,6206149.0
22.0,1560.0,6206229.0
20.0,1137.0,6206261.0
68.0,1402.0,6206359.0
20.0,1385.0,6206571.0
15.0,1283.0,6206815.0
67.0,1157.0,6208578.0
38.0,1516.0,6208632.0
20.0,1568.0,6208705.0
3.0,1131.0,6209260.0
63.0,1573.0,6209427.0
16.0,1165.0,6209745.0
38.0,1376.0,6210126.0
4.0,1208.0,6210472.0
67.0,1345.0,6211531.0
67.0,1432.0,6211771.0
3.0,1114.0,6213156.0
2.0,1160.0,6213382.0
3.0,1158.0,6213546.0
72.0,1169.0,6213654.0
2.0,1479.0,6214219.0
12.0,1336.0,6215046.0
68.0,1391.0,6215376.0
3.0,1064.0,6217672.0
4.0,1196.0,6218647.0
7.0,1547.0,6218678.0
7.0,1513.0,6218900.0
1.0,1501.0,6219473.0
7.0,1559.0,6220134.0
68.0,1550.0,6220541.0
4.0,1066.0,6220781.0
55.0,1121.0,6221331.0
31.0,1049.0,6221418.0
7.0,1182.0,6221657.0
7.0,1119.0,6221908.0
1.0,1105.0,6222072.0
4.0,1240.0,6222504.0
15.0,1029.0,6222539.0
7.0,1569.0,6222563.0
68.0,1349.0,6224895.0
1.0,1501.0,6226792.0
1.0,1105.0,6227568.0
31.0,1008.0,6229911.0
1.0,1250.0,6231054.0
68.0,1384.0,6231329.0
1.0,1155.0,6231883.0
1.0,1250.0,6239476.0
1.0,1155.0,6240308.0
1.0,1418.0,6240559.0
15.0,1283.0,6240610.0
15.0,1407.0,6240837.0
15.0,1306.0,6241199.0
15.0,1116.0,6241422.0
15.0,1374.0,6241648.0
68.0,1373.0,6248191.0
68.0,1405.0,6250092.0
80.0,1523.0,6262797.0
80.0,1486.0,6263017.0
9.0,1529.0,6263535.0
80.0,1168.0,6263759.0
80.0,1136.0,6263972.0
81.0,1162.0,6265165.0
80.0,1269.0,6265876.0
9.0,1307.0,6266917.0
59.0,1453.0,6268053.0
82.0,1422.0,6268242.0
81.0,1191.0,6268783.0
80.0,1015.0,6269038.0
81.0,1278.0,6269187.0
3.0,1290.0,6269280.0
3.0,1030.0,6270180.0
54.0,1359.0,6270240.0
3.0,1168.0,6270376.0
59.0,1464.0,6270549.0
9.0,1464.0,6270614.0
59.0,1465.0,6270880.0
59.0,1416.0,6271462.0
81.0,1061.0,6271506.0
81.0,1062.0,6271715.0
80.0,1171.0,6272895.0
7.0,1510.0,6272982.0
72.0,1267.0,6273117.0
80.0,1010.0,6273411.0
9.0,1082.0,6273967.0
9.0,1130.0,6274382.0
80.0,1112.0,6274521.0
59.0,1010.0,6275461.0
