src,dst,time
1.0,10001.0,0.0
2.0,10002.0,6.32
3.0,10003.0,7.026
4.0,10003.0,13.599
5.0,10004.0,16.811
6.0,10005.0,18.043
7.0,10006.0,19.55
8.0,10007.0,27.476
9.0,10003.0,28.95
10.0,10008.0,37.69
11.0,10009.0,38.864000000000004
12.0,10010.0,40.405
13.0,10011.0,41.336999999999996
14.0,10007.0,45.702
15.0,10012.0,48.004
16.0,10003.0,50.555
17.0,10013.0,65.132
18.0,10014.0,77.359
19.0,10011.0,78.694
20.0,10015.0,84.62100000000001
21.0,10016.0,91.935
22.0,10017.0,94.221
23.0,10003.0,103.225
24.0,10018.0,105.64
25.0,10019.0,111.255
26.0,10016.0,113.523
27.0,10020.0,114.469
28.0,10007.0,115.435
29.0,10021.0,122.671
30.0,10022.0,158.384
31.0,10003.0,164.347
32.0,10003.0,167.998
33.0,10023.0,177.56099999999998
34.0,10003.0,178.429
35.0,10003.0,184.692
36.0,10020.0,195.25900000000001
37.0,10003.0,198.486
38.0,10024.0,200.715
39.0,10025.0,201.34400000000002
40.0,10003.0,212.165
41.0,10026.0,218.11700000000002
42.0,10011.0,220.28
43.0,10027.0,223.063
44.0,10028.0,231.268
45.0,10007.0,232.39
46.0,10029.0,240.46099999999998
47.0,10003.0,246.146
48.0,10030.0,250.61700000000002
49.0,10003.0,250.68099999999998
50.0,10031.0,251.803
51.0,10032.0,268.28
52.0,10033.0,270.798
53.0,10034.0,277.17400000000004
54.0,10035.0,281.796
55.0,10036.0,285.323
56.0,10003.0,287.29
57.0,10033.0,292.379
58.0,10003.0,292.995
59.0,10009.0,294.1
60.0,10037.0,299.765
61.0,10038.0,299.934
62.0,10007.0,302.51
63.0,10039.0,302.57099999999997
64.0,10040.0,309.795
51.0,10041.0,313.961
65.0,10003.0,316.881
66.0,10034.0,321.644
67.0,10042.0,328.402
68.0,10043.0,329.194
69.0,10044.0,333.264
70.0,10045.0,335.458
71.0,10046.0,339.88
72.0,10047.0,341.065
73.0,10048.0,346.23900000000003
74.0,10007.0,349.273
75.0,10017.0,352.37800000000004
76.0,10003.0,357.215
49.0,10003.0,358.163
10.0,10008.0,363.148
77.0,10003.0,368.67699999999996
78.0,10003.0,371.754
79.0,10003.0,372.08
69.0,10049.0,374.475
80.0,10050.0,377.75
81.0,10048.0,399.93199999999996
55.0,10036.0,402.75199999999995
82.0,10051.0,411.898
83.0,10052.0,419.657
84.0,10033.0,424.314
44.0,10028.0,425.286
85.0,10053.0,429.69699999999995
86.0,10054.0,430.597
87.0,10055.0,439.9
14.0,10007.0,442.319
88.0,10056.0,445.33099999999996
89.0,10057.0,445.345
71.0,10046.0,445.545
90.0,10058.0,448.939
91.0,10003.0,453.246
92.0,10059.0,454.686
93.0,10060.0,457.866
90.0,10058.0,467.329
94.0,10008.0,475.00199999999995
95.0,10032.0,479.275
96.0,10047.0,482.731
97.0,10007.0,484.91900000000004
2.0,10002.0,492.75699999999995
98.0,10061.0,493.746
99.0,10003.0,493.801
100.0,10032.0,494.897
101.0,10006.0,498.105
102.0,10031.0,511.7
96.0,10062.0,512.004
44.0,10028.0,512.122
103.0,10063.0,520.9209999999999
104.0,10064.0,522.149
105.0,10065.0,526.9119999999999
106.0,10033.0,528.016
55.0,10036.0,531.335
85.0,10007.0,537.012
107.0,10066.0,538.576
108.0,10019.0,539.4590000000001
109.0,10067.0,540.578
110.0,10066.0,556.429
111.0,10020.0,560.3290000000001
112.0,10003.0,565.635
44.0,10028.0,565.646
113.0,10068.0,567.401
80.0,10050.0,571.851
102.0,10069.0,571.861
114.0,10006.0,572.279
115.0,10039.0,575.181
102.0,10069.0,580.124
116.0,10070.0,587.913
117.0,10071.0,590.816
118.0,10003.0,592.2080000000001
119.0,10072.0,598.539
44.0,10028.0,603.661
120.0,10073.0,607.373
121.0,10051.0,611.65
28.0,10007.0,625.529
122.0,10074.0,626.174
102.0,10075.0,642.3530000000001
123.0,10076.0,645.2909999999999
124.0,10026.0,646.847
125.0,10077.0,647.11
126.0,10006.0,650.276
102.0,10078.0,651.034
127.0,10057.0,657.32
128.0,10079.0,657.7389999999999
129.0,10039.0,667.467
130.0,10080.0,678.709
131.0,10033.0,695.341
132.0,10070.0,697.91
84.0,10033.0,703.6
133.0,10081.0,706.426
134.0,10054.0,719.455
128.0,10079.0,722.674
135.0,10033.0,725.442
44.0,10028.0,727.659
136.0,10016.0,733.316
102.0,10082.0,739.44
137.0,10033.0,755.4780000000001
97.0,10007.0,755.7689999999999
138.0,10083.0,755.965
55.0,10036.0,764.2919999999999
139.0,10055.0,769.172
102.0,10084.0,779.355
80.0,10085.0,780.699
140.0,10032.0,781.823
141.0,10086.0,787.066
142.0,10010.0,792.9910000000001
143.0,10003.0,794.5880000000001
144.0,10073.0,795.091
145.0,10006.0,800.7739999999999
146.0,10017.0,811.113
147.0,10011.0,814.819
101.0,10006.0,815.7510000000001
148.0,10003.0,818.727
64.0,10040.0,819.7330000000001
149.0,10011.0,820.127
150.0,10087.0,820.202
151.0,10016.0,824.71
152.0,10047.0,825.6410000000001
103.0,10060.0,825.961
153.0,10088.0,831.5889999999999
154.0,10003.0,832.3439999999999
153.0,10088.0,832.813
155.0,10020.0,833.873
156.0,10089.0,834.002
157.0,10090.0,834.79
158.0,10039.0,835.775
159.0,10011.0,835.959
160.0,10073.0,837.6469999999999
44.0,10028.0,840.5
161.0,10091.0,844.818
162.0,10003.0,846.675
163.0,10092.0,848.827
124.0,10058.0,850.441
164.0,10093.0,856.925
158.0,10094.0,859.19
148.0,10003.0,868.552
75.0,10032.0,872.306
165.0,10095.0,873.7180000000001
44.0,10028.0,876.873
102.0,10096.0,877.263
166.0,10097.0,881.3380000000001
141.0,10086.0,887.692
44.0,10028.0,901.325
167.0,10098.0,901.617
102.0,10099.0,907.562
135.0,10033.0,908.003
168.0,10005.0,911.852
169.0,10100.0,922.683
170.0,10039.0,923.0110000000001
171.0,10101.0,929.8530000000001
172.0,10102.0,933.6610000000001
66.0,10034.0,934.4680000000001
173.0,10007.0,937.568
174.0,10103.0,938.584
175.0,10104.0,951.747
176.0,10033.0,961.919
177.0,10105.0,970.25
44.0,10028.0,970.4960000000001
178.0,10050.0,973.7539999999999
179.0,10011.0,985.9989999999999
180.0,10003.0,991.934
138.0,10083.0,994.953
44.0,10028.0,1001.318
181.0,10077.0,1001.547
182.0,10032.0,1004.367
183.0,10008.0,1011.798
184.0,10106.0,1012.99
185.0,10107.0,1019.388
186.0,10108.0,1020.82
187.0,10076.0,1026.1989999999998
44.0,10028.0,1026.538
188.0,10109.0,1032.258
189.0,10007.0,1037.839
144.0,10073.0,1056.556
164.0,10085.0,1071.847
190.0,10110.0,1080.8519999999999
191.0,10108.0,1087.223
192.0,10016.0,1090.437
193.0,10111.0,1097.385
194.0,10112.0,1131.384
195.0,10039.0,1135.663
28.0,10007.0,1137.246
196.0,10022.0,1141.137
197.0,10004.0,1144.392
198.0,10032.0,1151.741
199.0,10113.0,1158.281
200.0,10114.0,1158.557
190.0,10115.0,1163.1480000000001
201.0,10020.0,1163.223
202.0,10116.0,1175.915
203.0,10037.0,1178.789
125.0,10077.0,1210.73
120.0,10073.0,1211.5739999999998
203.0,10037.0,1212.642
55.0,10036.0,1215.307
193.0,10117.0,1220.874
44.0,10028.0,1222.353
204.0,10002.0,1225.944
205.0,10033.0,1238.1680000000001
206.0,10007.0,1241.375
207.0,10073.0,1244.788
208.0,10118.0,1250.288
209.0,10033.0,1253.827
210.0,10090.0,1261.796
211.0,10003.0,1262.016
189.0,10007.0,1268.347
212.0,10003.0,1269.164
213.0,10047.0,1280.87
186.0,10108.0,1283.639
214.0,10119.0,1293.828
215.0,10120.0,1293.8310000000001
216.0,10003.0,1300.123
178.0,10073.0,1308.795
217.0,10121.0,1312.736
218.0,10011.0,1320.745
219.0,10033.0,1320.971
113.0,10122.0,1336.089
220.0,10123.0,1358.8929999999998
221.0,10033.0,1361.381
222.0,10070.0,1369.872
174.0,10124.0,1371.342
197.0,10004.0,1375.424
109.0,10007.0,1379.9229999999998
178.0,10073.0,1390.711
223.0,10032.0,1407.9489999999998
224.0,10047.0,1410.125
178.0,10073.0,1412.513
225.0,10087.0,1416.507
170.0,10034.0,1419.385
221.0,10033.0,1421.146
44.0,10028.0,1432.567
106.0,10033.0,1438.171
226.0,10125.0,1443.9279999999999
227.0,10088.0,1444.945
219.0,10126.0,1456.3020000000001
227.0,10127.0,1462.3239999999998
228.0,10115.0,1466.289
229.0,10128.0,1467.97
230.0,10129.0,1468.089
178.0,10073.0,1469.536
44.0,10028.0,1486.615
231.0,10033.0,1491.567
232.0,10034.0,1496.999
183.0,10008.0,1501.514
233.0,10130.0,1509.08
178.0,10073.0,1509.08
159.0,10011.0,1509.138
234.0,10131.0,1510.344
235.0,10047.0,1511.641
236.0,10132.0,1515.19
237.0,10077.0,1519.31
238.0,10088.0,1522.496
239.0,10003.0,1530.9679999999998
240.0,10034.0,1546.2620000000002
241.0,10007.0,1548.626
242.0,10085.0,1550.382
243.0,10025.0,1552.641
244.0,10133.0,1554.8970000000002
109.0,10007.0,1560.7839999999999
226.0,10125.0,1564.42
245.0,10026.0,1565.546
178.0,10073.0,1568.592
246.0,10134.0,1573.713
210.0,10090.0,1575.608
247.0,10091.0,1578.665
248.0,10049.0,1583.165
249.0,10094.0,1583.369
250.0,10087.0,1583.6170000000002
251.0,10098.0,1586.878
252.0,10135.0,1588.7679999999998
136.0,10016.0,1590.651
253.0,10136.0,1592.836
254.0,10055.0,1602.033
196.0,10137.0,1603.65
178.0,10073.0,1604.735
223.0,10032.0,1612.5339999999999
255.0,10011.0,1613.808
183.0,10008.0,1613.819
178.0,10073.0,1627.7579999999998
256.0,10003.0,1628.065
257.0,10003.0,1642.165
193.0,10138.0,1659.06
258.0,10017.0,1673.4579999999999
74.0,10007.0,1678.473
178.0,10073.0,1681.609
22.0,10017.0,1681.854
64.0,10040.0,1687.7939999999999
153.0,10088.0,1690.4379999999999
259.0,10071.0,1694.0179999999998
260.0,10003.0,1698.714
261.0,10110.0,1701.6979999999999
262.0,10020.0,1703.2379999999998
263.0,10003.0,1704.0620000000001
172.0,10102.0,1705.42
264.0,10034.0,1714.781
178.0,10073.0,1716.871
265.0,10033.0,1730.3120000000001
266.0,10003.0,1738.3670000000002
267.0,10007.0,1746.743
246.0,10030.0,1751.8
195.0,10039.0,1752.402
151.0,10016.0,1754.5710000000001
178.0,10073.0,1755.359
196.0,10017.0,1757.4820000000002
268.0,10071.0,1759.152
269.0,10093.0,1759.71
270.0,10032.0,1764.371
271.0,10007.0,1778.656
201.0,10020.0,1782.2320000000002
178.0,10073.0,1793.9
233.0,10130.0,1794.457
272.0,10011.0,1795.489
170.0,10039.0,1800.3670000000002
273.0,10071.0,1813.31
274.0,10034.0,1817.165
275.0,10011.0,1822.0839999999998
125.0,10077.0,1823.211
276.0,10139.0,1827.858
200.0,10045.0,1832.374
277.0,10065.0,1835.9070000000002
278.0,10047.0,1848.067
279.0,10052.0,1849.014
280.0,10003.0,1849.65
120.0,10073.0,1856.5379999999998
281.0,10003.0,1856.764
140.0,10032.0,1860.977
233.0,10130.0,1861.896
282.0,10140.0,1865.6129999999998
282.0,10141.0,1865.953
283.0,10016.0,1869.912
284.0,10142.0,1874.604
285.0,10010.0,1874.6770000000001
286.0,10014.0,1878.0410000000002
287.0,10007.0,1879.155
235.0,10047.0,1891.484
241.0,10007.0,1893.2479999999998
288.0,10143.0,1894.9579999999999
158.0,10032.0,1897.8229999999999
289.0,10064.0,1899.5539999999999
189.0,10007.0,1900.386
290.0,10003.0,1905.881
291.0,10144.0,1907.425
292.0,10020.0,1924.108
223.0,10032.0,1935.141
159.0,10011.0,1936.7020000000002
22.0,10145.0,1968.1779999999999
293.0,10097.0,1968.265
294.0,10007.0,1970.017
44.0,10028.0,1974.654
295.0,10146.0,1980.4470000000001
275.0,10011.0,1981.369
81.0,10048.0,1983.9820000000002
296.0,10073.0,1985.46
297.0,10032.0,1990.421
109.0,10020.0,2005.505
298.0,10035.0,2019.149
299.0,10054.0,2020.253
300.0,10147.0,2038.7520000000002
301.0,10093.0,2040.7920000000001
302.0,10148.0,2048.5860000000002
14.0,10007.0,2051.121
61.0,10093.0,2051.121
303.0,10149.0,2057.126
285.0,10020.0,2058.382
304.0,10011.0,2063.99
305.0,10150.0,2068.876
306.0,10004.0,2069.887
44.0,10028.0,2078.226
307.0,10003.0,2079.627
101.0,10006.0,2091.609
166.0,10151.0,2098.674
308.0,10073.0,2105.344
309.0,10093.0,2110.702
310.0,10114.0,2110.765
311.0,10071.0,2114.145
312.0,10033.0,2116.152
313.0,10152.0,2122.581
44.0,10028.0,2129.05
275.0,10011.0,2132.3579999999997
314.0,10022.0,2145.011
315.0,10007.0,2145.768
283.0,10016.0,2147.0460000000003
316.0,10087.0,2148.1020000000003
317.0,10003.0,2152.03
179.0,10011.0,2156.225
318.0,10007.0,2158.52
319.0,10033.0,2163.169
178.0,10073.0,2169.859
320.0,10020.0,2176.792
126.0,10006.0,2185.02
321.0,10003.0,2185.2670000000003
322.0,10153.0,2187.758
323.0,10025.0,2190.374
324.0,10010.0,2190.907
325.0,10133.0,2201.087
326.0,10003.0,2204.455
145.0,10006.0,2207.887
80.0,10154.0,2215.904
235.0,10047.0,2217.891
94.0,10155.0,2218.6279999999997
327.0,10156.0,2219.627
44.0,10028.0,2221.5429999999997
10.0,10008.0,2225.11
328.0,10033.0,2227.37
178.0,10073.0,2235.129
101.0,10006.0,2254.161
133.0,10093.0,2271.345
329.0,10003.0,2271.647
330.0,10003.0,2271.946
331.0,10003.0,2291.859
303.0,10149.0,2297.8779999999997
332.0,10007.0,2310.985
153.0,10088.0,2324.512
178.0,10073.0,2328.901
188.0,10109.0,2331.945
333.0,10093.0,2340.683
334.0,10003.0,2343.159
44.0,10028.0,2349.606
219.0,10129.0,2363.699
335.0,10032.0,2364.923
336.0,10020.0,2366.279
337.0,10033.0,2368.2270000000003
97.0,10007.0,2386.815
338.0,10022.0,2388.808
339.0,10144.0,2398.555
1.0,10001.0,2398.732
42.0,10011.0,2416.248
340.0,10003.0,2420.657
341.0,10033.0,2424.949
342.0,10119.0,2433.396
343.0,10033.0,2445.4339999999997
344.0,10004.0,2448.303
296.0,10093.0,2452.396
345.0,10104.0,2453.953
346.0,10020.0,2456.291
347.0,10033.0,2460.154
348.0,10157.0,2466.947
349.0,10033.0,2471.047
193.0,10020.0,2471.679
272.0,10054.0,2473.9210000000003
129.0,10039.0,2478.541
158.0,10025.0,2478.798
327.0,10053.0,2479.518
44.0,10028.0,2479.942
350.0,10158.0,2482.38
351.0,10033.0,2493.697
352.0,10007.0,2496.998
209.0,10055.0,2508.4179999999997
353.0,10159.0,2510.667
317.0,10003.0,2515.709
354.0,10160.0,2520.3160000000003
355.0,10047.0,2524.419
356.0,10007.0,2543.716
97.0,10007.0,2547.946
242.0,10161.0,2554.445
357.0,10162.0,2557.188
358.0,10003.0,2558.368
359.0,10112.0,2560.657
360.0,10045.0,2588.714
361.0,10003.0,2589.448
362.0,10047.0,2597.6220000000003
103.0,10060.0,2600.34
178.0,10163.0,2601.681
363.0,10054.0,2607.891
364.0,10071.0,2610.9
365.0,10073.0,2617.9120000000003
151.0,10016.0,2620.09
75.0,10007.0,2634.671
362.0,10164.0,2635.603
344.0,10004.0,2636.948
366.0,10087.0,2647.063
286.0,10014.0,2647.388
201.0,10020.0,2655.509
64.0,10040.0,2664.135
367.0,10052.0,2664.52
144.0,10073.0,2671.2270000000003
242.0,10165.0,2671.88
368.0,10097.0,2678.73
369.0,10166.0,2680.844
285.0,10167.0,2686.947
362.0,10168.0,2694.6
370.0,10011.0,2700.545
22.0,10169.0,2700.7090000000003
371.0,10007.0,2701.179
178.0,10050.0,2709.3790000000004
372.0,10030.0,2709.453
153.0,10088.0,2718.368
373.0,10170.0,2720.7259999999997
120.0,10073.0,2725.843
362.0,10171.0,2728.2529999999997
124.0,10058.0,2731.6409999999996
374.0,10003.0,2734.886
50.0,10031.0,2740.9829999999997
359.0,10077.0,2751.1440000000002
362.0,10172.0,2752.4759999999997
375.0,10013.0,2762.184
376.0,10108.0,2764.849
52.0,10033.0,2769.288
377.0,10173.0,2769.647
362.0,10174.0,2773.034
378.0,10003.0,2775.921
183.0,10008.0,2780.3709999999996
379.0,10003.0,2781.292
178.0,10050.0,2782.305
380.0,10003.0,2789.8559999999998
381.0,10175.0,2792.245
382.0,10007.0,2793.223
36.0,10051.0,2794.2070000000003
383.0,10071.0,2800.992
178.0,10050.0,2809.9179999999997
384.0,10070.0,2815.6540000000005
385.0,10003.0,2822.59
85.0,10032.0,2826.009
44.0,10028.0,2831.039
386.0,10011.0,2834.87
387.0,10096.0,2835.718
388.0,10152.0,2843.485
389.0,10007.0,2843.76
242.0,10165.0,2857.1290000000004
390.0,10176.0,2859.283
125.0,10077.0,2863.6609999999996
391.0,10033.0,2865.889
392.0,10047.0,2876.52
284.0,10177.0,2879.103
104.0,10178.0,2883.211
393.0,10149.0,2885.211
394.0,10179.0,2886.94
233.0,10130.0,2888.702
178.0,10050.0,2888.702
395.0,10152.0,2892.303
396.0,10033.0,2898.9990000000003
262.0,10020.0,2902.518
160.0,10001.0,2905.3259999999996
397.0,10057.0,2909.4429999999998
398.0,10154.0,2913.717
319.0,10033.0,2914.74
52.0,10033.0,2925.9
46.0,10029.0,2927.366
399.0,10003.0,2930.153
400.0,10180.0,2937.34
401.0,10007.0,2937.65
106.0,10033.0,2940.677
402.0,10003.0,2940.7929999999997
403.0,10003.0,2947.15
46.0,10029.0,2947.296
404.0,10033.0,2956.009
197.0,10004.0,2960.6740000000004
405.0,10079.0,2976.7009999999996
242.0,10058.0,2977.7709999999997
178.0,10050.0,2978.675
327.0,10086.0,2979.087
406.0,10007.0,3002.855
407.0,10050.0,3021.833
408.0,10077.0,3026.345
400.0,10181.0,3047.6259999999997
409.0,10040.0,3050.817
410.0,10039.0,3051.1490000000003
347.0,10033.0,3059.389
357.0,10182.0,3068.163
178.0,10073.0,3070.454
411.0,10012.0,3077.258
412.0,10034.0,3083.33
200.0,10183.0,3098.788
413.0,10033.0,3103.6859999999997
414.0,10004.0,3103.6859999999997
52.0,10033.0,3107.9179999999997
353.0,10053.0,3120.7870000000003
415.0,10077.0,3120.7990000000004
416.0,10007.0,3121.034
261.0,10110.0,3121.1490000000003
417.0,10147.0,3124.61
389.0,10007.0,3125.594
418.0,10006.0,3137.203
419.0,10101.0,3143.952
420.0,10025.0,3146.7329999999997
421.0,10148.0,3148.336
422.0,10047.0,3149.18
423.0,10127.0,3151.373
104.0,10064.0,3156.595
424.0,10090.0,3161.4
178.0,10073.0,3163.006
66.0,10032.0,3165.498
425.0,10045.0,3166.478
426.0,10033.0,3173.32
390.0,10184.0,3182.2209999999995
24.0,10018.0,3183.324
363.0,10033.0,3189.308
427.0,10183.0,3191.388
428.0,10110.0,3194.0159999999996
429.0,10033.0,3197.245
430.0,10003.0,3200.513
286.0,10014.0,3201.1679999999997
431.0,10003.0,3203.3790000000004
319.0,10033.0,3205.2070000000003
338.0,10032.0,3205.658
432.0,10007.0,3219.664
338.0,10034.0,3223.676
350.0,10033.0,3224.573
433.0,10004.0,3234.37
188.0,10109.0,3236.212
297.0,10032.0,3237.5820000000003
434.0,10185.0,3239.438
435.0,10186.0,3252.758
178.0,10073.0,3252.7790000000005
201.0,10020.0,3255.329
436.0,10033.0,3274.345
437.0,10007.0,3275.333
438.0,10007.0,3286.836
439.0,10187.0,3301.867
64.0,10040.0,3302.005
440.0,10003.0,3314.526
441.0,10011.0,3322.508
298.0,10034.0,3325.02
442.0,10188.0,3326.8140000000003
443.0,10022.0,3345.702
444.0,10026.0,3360.722
80.0,10154.0,3361.98
445.0,10012.0,3367.244
446.0,10033.0,3384.69
447.0,10033.0,3402.002
448.0,10033.0,3425.43
449.0,10003.0,3435.4629999999997
296.0,10093.0,3437.643
322.0,10153.0,3443.365
23.0,10003.0,3443.4
450.0,10189.0,3447.41
371.0,10007.0,3447.716
451.0,10190.0,3475.06
111.0,10073.0,3482.593
452.0,10191.0,3483.6459999999997
453.0,10097.0,3487.6820000000002
179.0,10011.0,3492.772
126.0,10006.0,3500.482
454.0,10003.0,3501.835
140.0,10032.0,3505.315
262.0,10020.0,3507.0040000000004
455.0,10050.0,3508.909
151.0,10016.0,3509.0009999999997
456.0,10162.0,3527.562
178.0,10073.0,3528.403
446.0,10033.0,3529.518
457.0,10055.0,3532.205
456.0,10192.0,3534.7309999999998
458.0,10062.0,3543.9190000000003
456.0,10193.0,3548.743
459.0,10194.0,3550.4179999999997
460.0,10033.0,3551.127
456.0,10195.0,3551.6009999999997
314.0,10028.0,3556.5359999999996
461.0,10015.0,3559.0040000000004
11.0,10009.0,3559.353
275.0,10011.0,3561.945
462.0,10036.0,3565.1040000000003
428.0,10110.0,3575.7859999999996
463.0,10196.0,3594.9190000000003
1.0,10073.0,3599.635
444.0,10026.0,3611.5759999999996
457.0,10055.0,3615.679
464.0,10173.0,3616.486
465.0,10003.0,3621.0009999999997
466.0,10197.0,3626.67
467.0,10047.0,3635.991
468.0,10037.0,3653.242
107.0,10066.0,3653.875
469.0,10077.0,3660.4429999999998
393.0,10198.0,3660.941
120.0,10073.0,3664.007
470.0,10184.0,3673.493
471.0,10032.0,3673.4990000000003
370.0,10011.0,3676.0570000000002
472.0,10179.0,3680.427
347.0,10199.0,3680.659
473.0,10032.0,3682.3
155.0,10020.0,3686.518
474.0,10011.0,3688.5809999999997
411.0,10200.0,3689.942
475.0,10201.0,3698.9959999999996
200.0,10202.0,3699.018
476.0,10060.0,3702.433
463.0,10196.0,3705.8540000000003
437.0,10007.0,3707.0229999999997
477.0,10051.0,3708.58
478.0,10007.0,3709.975
457.0,10055.0,3711.7529999999997
479.0,10093.0,3715.441
381.0,10203.0,3715.664
351.0,10033.0,3724.9570000000003
480.0,10204.0,3729.192
481.0,10003.0,3729.192
412.0,10177.0,3732.546
136.0,10016.0,3733.675
482.0,10205.0,3735.4179999999997
483.0,10206.0,3743.888
484.0,10207.0,3746.028
279.0,10053.0,3746.813
446.0,10033.0,3749.678
485.0,10208.0,3755.403
486.0,10011.0,3762.539
380.0,10003.0,3772.0570000000002
487.0,10191.0,3774.389
488.0,10033.0,3774.925
489.0,10169.0,3778.1020000000003
371.0,10007.0,3778.8959999999997
490.0,10209.0,3783.7090000000003
491.0,10035.0,3785.975
492.0,10007.0,3786.798
242.0,10162.0,3787.5
493.0,10034.0,3788.116
428.0,10110.0,3791.259
494.0,10038.0,3804.873
495.0,10155.0,3810.0290000000005
437.0,10007.0,3821.328
122.0,10093.0,3824.111
178.0,10073.0,3824.553
496.0,10057.0,3827.778
494.0,10038.0,3835.5809999999997
128.0,10079.0,3851.228
497.0,10055.0,3858.458
498.0,10016.0,3859.603
472.0,10057.0,3862.903
474.0,10011.0,3873.203
499.0,10028.0,3886.3190000000004
500.0,10115.0,3886.616
501.0,10210.0,3903.6220000000003
178.0,10073.0,3905.3520000000003
502.0,10108.0,3906.978
503.0,10054.0,3914.85
504.0,10087.0,3917.022
300.0,10003.0,3923.7270000000003
505.0,10047.0,3924.968
506.0,10033.0,3933.64
435.0,10186.0,3937.611
507.0,10055.0,3939.69
478.0,10007.0,3945.467
178.0,10073.0,3954.7690000000002
415.0,10077.0,3957.01
402.0,10003.0,3958.063
508.0,10135.0,3963.04
509.0,10003.0,3970.178
510.0,10011.0,3971.5559999999996
64.0,10040.0,3984.8109999999997
511.0,10211.0,3985.6079999999997
512.0,10055.0,3991.507
178.0,10073.0,3993.242
513.0,10035.0,4005.656
514.0,10066.0,4010.683
80.0,10154.0,4018.2509999999997
515.0,10212.0,4035.929
516.0,10003.0,4038.678
517.0,10003.0,4041.296
518.0,10093.0,4044.5429999999997
519.0,10071.0,4045.611
520.0,10213.0,4051.509
521.0,10066.0,4053.2470000000003
522.0,10039.0,4057.0690000000004
523.0,10065.0,4062.145
160.0,10073.0,4070.99
524.0,10214.0,4071.437
525.0,10215.0,4073.915
296.0,10073.0,4078.053
515.0,10212.0,4095.035
500.0,10216.0,4102.059
522.0,10039.0,4109.371
526.0,10034.0,4114.965
527.0,10035.0,4115.468
528.0,10037.0,4116.867
151.0,10016.0,4119.884
529.0,10047.0,4123.263
530.0,10032.0,4135.635
531.0,10217.0,4137.835
178.0,10073.0,4138.2609999999995
503.0,10054.0,4151.927
532.0,10007.0,4156.295999999999
533.0,10011.0,4172.967000000001
254.0,10017.0,4173.527
534.0,10218.0,4174.101
535.0,10042.0,4180.6720000000005
294.0,10006.0,4187.809
508.0,10034.0,4199.3009999999995
536.0,10033.0,4210.662
522.0,10039.0,4217.565
537.0,10032.0,4219.022
508.0,10034.0,4235.518
140.0,10032.0,4235.604
538.0,10016.0,4243.2609999999995
491.0,10034.0,4245.722
539.0,10010.0,4247.665
536.0,10033.0,4256.474
540.0,10219.0,4260.34
541.0,10220.0,4260.612
542.0,10007.0,4264.592000000001
393.0,10020.0,4268.634
543.0,10033.0,4270.737
544.0,10079.0,4273.812
522.0,10032.0,4279.031
474.0,10011.0,4279.64
226.0,10221.0,4285.544
545.0,10022.0,4286.862
546.0,10196.0,4289.6140000000005
178.0,10073.0,4292.56
167.0,10208.0,4292.727
226.0,10114.0,4295.105
530.0,10032.0,4295.236
547.0,10222.0,4299.2029999999995
548.0,10223.0,4304.244000000001
347.0,10199.0,4306.613
549.0,10177.0,4317.537
550.0,10224.0,4321.066
381.0,10225.0,4321.066
551.0,10093.0,4322.255999999999
552.0,10226.0,4323.871
553.0,10011.0,4327.284000000001
530.0,10034.0,4327.794
554.0,10055.0,4335.751
555.0,10149.0,4336.5
136.0,10016.0,4340.78
556.0,10065.0,4345.193
550.0,10224.0,4347.685
474.0,10011.0,4350.354
557.0,10003.0,4351.314
178.0,10073.0,4354.062
413.0,10033.0,4367.697
179.0,10011.0,4382.0070000000005
558.0,10034.0,4386.968
559.0,10004.0,4404.398
456.0,10193.0,4404.447
560.0,10008.0,4408.942
469.0,10016.0,4409.145
549.0,10077.0,4410.985
456.0,10162.0,4420.134
561.0,10011.0,4424.045999999999
456.0,10192.0,4426.043
456.0,10195.0,4429.576
562.0,10007.0,4436.467000000001
563.0,10003.0,4436.501
201.0,10020.0,4444.376
522.0,10032.0,4446.392
411.0,10012.0,4448.41
564.0,10011.0,4451.7029999999995
138.0,10083.0,4452.39
565.0,10034.0,4453.027
566.0,10003.0,4453.52
474.0,10011.0,4462.443
567.0,10227.0,4473.247
568.0,10033.0,4473.93
428.0,10110.0,4477.63
569.0,10003.0,4478.375
570.0,10228.0,4488.425
571.0,10003.0,4503.906
121.0,10051.0,4506.479
311.0,10071.0,4509.784000000001
497.0,10033.0,4513.496
120.0,10073.0,4515.648
572.0,10003.0,4516.958
31.0,10003.0,4522.9529999999995
530.0,10035.0,4528.9220000000005
27.0,10180.0,4543.121
474.0,10011.0,4555.903
573.0,10033.0,4560.526
574.0,10147.0,4565.431
542.0,10007.0,4571.626
356.0,10007.0,4578.448
575.0,10087.0,4580.032999999999
435.0,10186.0,4581.928
576.0,10085.0,4584.28
577.0,10053.0,4589.153
578.0,10003.0,4599.313
579.0,10025.0,4607.803
580.0,10229.0,4609.572
581.0,10032.0,4617.755
183.0,10008.0,4620.984
478.0,10007.0,4636.318
475.0,10177.0,4636.53
582.0,10007.0,4646.92
583.0,10007.0,4648.755999999999
584.0,10122.0,4650.988
159.0,10011.0,4652.782999999999
503.0,10054.0,4653.98
530.0,10032.0,4657.612
173.0,10007.0,4658.325
370.0,10011.0,4662.2029999999995
562.0,10007.0,4662.496
585.0,10034.0,4663.88
586.0,10119.0,4666.312
587.0,10230.0,4672.959
588.0,10034.0,4679.486
474.0,10011.0,4680.781
167.0,10098.0,4682.394
527.0,10035.0,4690.52
589.0,10231.0,4693.525
590.0,10094.0,4694.375
27.0,10180.0,4697.738
591.0,10003.0,4701.366
592.0,10003.0,4708.959
474.0,10011.0,4712.522
593.0,10007.0,4714.429
594.0,10232.0,4715.693
595.0,10004.0,4720.135
596.0,10233.0,4722.913
597.0,10008.0,4732.488
598.0,10003.0,4734.784000000001
446.0,10033.0,4740.943
428.0,10110.0,4742.946
576.0,10234.0,4748.14
599.0,10020.0,4749.856
600.0,10235.0,4755.3009999999995
601.0,10007.0,4763.416
497.0,10033.0,4781.795999999999
109.0,10007.0,4792.392
602.0,10236.0,4796.275
603.0,10057.0,4800.221
604.0,10121.0,4803.72
605.0,10003.0,4804.755999999999
596.0,10007.0,4807.851
606.0,10032.0,4813.357
607.0,10003.0,4813.607
608.0,10003.0,4817.494000000001
609.0,10007.0,4820.389
428.0,10110.0,4821.056
400.0,10180.0,4826.1759999999995
319.0,10033.0,4838.734
610.0,10237.0,4843.3859999999995
80.0,10154.0,4844.677
611.0,10016.0,4847.8240000000005
612.0,10238.0,4849.103
400.0,10180.0,4850.619000000001
605.0,10003.0,4850.834
613.0,10072.0,4857.655
585.0,10034.0,4857.965
334.0,10003.0,4859.478
614.0,10071.0,4864.5509999999995
583.0,10007.0,4870.463
393.0,10229.0,4876.142
22.0,10148.0,4887.311
609.0,10007.0,4893.306
531.0,10217.0,4897.228
604.0,10121.0,4900.22
615.0,10239.0,4912.6
155.0,10020.0,4916.701
616.0,10031.0,4916.789000000001
617.0,10017.0,4933.77
618.0,10032.0,4934.733
279.0,10052.0,4938.855
619.0,10240.0,4947.37
620.0,10007.0,4952.916
518.0,10093.0,4966.582
446.0,10033.0,4975.434
609.0,10007.0,4975.484
621.0,10007.0,4981.119000000001
113.0,10241.0,4984.452
583.0,10007.0,4985.174
622.0,10152.0,4985.298
360.0,10045.0,4987.899
162.0,10003.0,4991.532999999999
623.0,10087.0,5001.458
503.0,10054.0,5016.354
624.0,10071.0,5023.613
625.0,10173.0,5025.059
626.0,10033.0,5032.988
173.0,10007.0,5035.424
296.0,10001.0,5035.697
530.0,10032.0,5037.088
627.0,10040.0,5037.523
373.0,10242.0,5040.236
628.0,10033.0,5042.27
629.0,10243.0,5046.275
630.0,10033.0,5049.655
5.0,10004.0,5049.96
631.0,10007.0,5051.0470000000005
188.0,10033.0,5053.254
530.0,10039.0,5067.029
632.0,10160.0,5073.98
178.0,10073.0,5076.167
633.0,10007.0,5082.893
634.0,10244.0,5084.717000000001
510.0,10011.0,5091.9
583.0,10007.0,5093.117
635.0,10155.0,5102.27
254.0,10017.0,5106.566
636.0,10003.0,5107.554
637.0,10245.0,5108.9
638.0,10003.0,5111.165
639.0,10032.0,5115.228
530.0,10034.0,5115.385
640.0,10033.0,5118.755
630.0,10033.0,5119.019
556.0,10065.0,5119.991
641.0,10246.0,5126.945
642.0,10087.0,5135.5470000000005
294.0,10007.0,5137.315
643.0,10077.0,5154.253
136.0,10016.0,5170.644
179.0,10011.0,5176.501
644.0,10020.0,5176.944
413.0,10033.0,5191.357
426.0,10033.0,5207.598
159.0,10011.0,5207.913
645.0,10033.0,5210.902
530.0,10032.0,5216.846
640.0,10033.0,5240.12
435.0,10186.0,5257.816999999999
345.0,10247.0,5258.882
646.0,10248.0,5279.225
631.0,10007.0,5285.986999999999
153.0,10088.0,5292.779
647.0,10091.0,5293.266
579.0,10249.0,5294.831999999999
648.0,10007.0,5307.5830000000005
649.0,10007.0,5308.165
650.0,10196.0,5308.206999999999
530.0,10032.0,5312.851
237.0,10115.0,5335.526999999999
242.0,10112.0,5337.378000000001
458.0,10164.0,5344.6
201.0,10020.0,5348.218000000001
530.0,10039.0,5349.034000000001
183.0,10008.0,5356.271
651.0,10077.0,5360.858
652.0,10152.0,5363.848000000001
342.0,10119.0,5365.089
653.0,10077.0,5372.035
654.0,10250.0,5372.491
655.0,10139.0,5388.897
656.0,10230.0,5395.065
657.0,10251.0,5399.0740000000005
164.0,10252.0,5401.839
656.0,10163.0,5409.5509999999995
658.0,10119.0,5410.951
659.0,10147.0,5417.579000000001
660.0,10032.0,5422.568
524.0,10092.0,5423.672
308.0,10073.0,5425.393
656.0,10253.0,5425.425
661.0,10007.0,5426.934
543.0,10008.0,5435.581
662.0,10254.0,5435.594
663.0,10003.0,5448.186
664.0,10093.0,5449.307
665.0,10003.0,5452.187
319.0,10033.0,5457.161
120.0,10073.0,5460.772
666.0,10004.0,5465.243
656.0,10255.0,5465.251
667.0,10251.0,5473.523
668.0,10256.0,5476.569
669.0,10003.0,5478.753000000001
486.0,10011.0,5482.937
633.0,10007.0,5491.085999999999
531.0,10217.0,5491.311
583.0,10007.0,5494.939
514.0,10066.0,5495.655
654.0,10093.0,5500.159000000001
670.0,10047.0,5504.526999999999
549.0,10177.0,5510.641
106.0,10033.0,5511.147
671.0,10257.0,5519.166
672.0,10033.0,5527.5869999999995
668.0,10256.0,5530.352
673.0,10007.0,5554.996999999999
674.0,10258.0,5560.823
675.0,10003.0,5575.485
543.0,10008.0,5581.848000000001
242.0,10259.0,5585.478
654.0,10217.0,5590.897
676.0,10260.0,5592.1269999999995
530.0,10032.0,5597.125
296.0,10261.0,5600.2119999999995
677.0,10003.0,5604.151999999999
151.0,10016.0,5604.732
678.0,10007.0,5608.609
679.0,10020.0,5609.776
463.0,10196.0,5611.201
680.0,10119.0,5645.522
583.0,10007.0,5658.304
681.0,10033.0,5664.571999999999
392.0,10164.0,5665.059
682.0,10262.0,5668.474
147.0,10011.0,5671.448
683.0,10001.0,5678.273
463.0,10196.0,5687.665
684.0,10033.0,5698.115
648.0,10007.0,5698.848000000001
685.0,10147.0,5699.7
686.0,10263.0,5706.803000000001
687.0,10065.0,5709.0869999999995
209.0,10033.0,5718.172
688.0,10033.0,5720.843000000001
689.0,10264.0,5726.925
371.0,10007.0,5729.0
679.0,10020.0,5733.891
690.0,10034.0,5734.262
691.0,10033.0,5744.641
49.0,10003.0,5748.16
72.0,10047.0,5767.883000000001
207.0,10033.0,5768.061
50.0,10017.0,5775.738
692.0,10148.0,5780.071999999999
693.0,10071.0,5784.459
694.0,10212.0,5788.924
633.0,10007.0,5789.283
695.0,10176.0,5793.0419999999995
381.0,10163.0,5800.57
696.0,10034.0,5811.094
596.0,10265.0,5812.887
697.0,10092.0,5816.691
698.0,10036.0,5837.025
460.0,10033.0,5839.734
42.0,10011.0,5840.951999999999
699.0,10266.0,5841.696999999999
700.0,10007.0,5852.57
701.0,10033.0,5854.423000000001
702.0,10003.0,5856.658
699.0,10239.0,5857.999
679.0,10020.0,5862.693
703.0,10267.0,5865.289000000001
704.0,10007.0,5870.651999999999
705.0,10155.0,5879.5380000000005
568.0,10033.0,5882.125
706.0,10007.0,5887.007
192.0,10016.0,5889.883000000001
437.0,10007.0,5890.561
14.0,10007.0,5897.21
153.0,10088.0,5903.603
693.0,10071.0,5918.924
707.0,10003.0,5928.281
708.0,10016.0,5928.705
709.0,10007.0,5932.687
518.0,10175.0,5933.013000000001
75.0,10268.0,5943.693
178.0,10269.0,5949.9169999999995
710.0,10241.0,5953.358
711.0,10033.0,5962.241
242.0,10093.0,5962.5740000000005
712.0,10196.0,5972.235
583.0,10007.0,5973.145
261.0,10110.0,5976.605
654.0,10073.0,5982.797
713.0,10008.0,5986.036999999999
657.0,10251.0,5998.071999999999
714.0,10270.0,6001.8009999999995
715.0,10011.0,6003.98
147.0,10011.0,6015.908
518.0,10093.0,6021.651
545.0,10252.0,6022.9169999999995
605.0,10003.0,6028.02
716.0,10271.0,6033.528
717.0,10007.0,6035.258000000001
718.0,10033.0,6041.848000000001
370.0,10011.0,6042.267
594.0,10032.0,6045.01
719.0,10071.0,6047.102
707.0,10003.0,6047.476
720.0,10272.0,6050.871999999999
265.0,10054.0,6063.44
721.0,10020.0,6072.736999999999
722.0,10003.0,6075.165
723.0,10031.0,6076.736
298.0,10034.0,6083.505999999999
724.0,10273.0,6087.05
183.0,10008.0,6089.478
593.0,10007.0,6089.543000000001
725.0,10143.0,6094.97
726.0,10037.0,6099.432
392.0,10164.0,6102.819
627.0,10040.0,6104.911
673.0,10007.0,6106.06
136.0,10045.0,6108.731
727.0,10003.0,6123.335
728.0,10269.0,6135.473000000001
729.0,10020.0,6149.901
133.0,10081.0,6162.081999999999
730.0,10274.0,6162.9
460.0,10033.0,6169.0
706.0,10007.0,6173.443
446.0,10033.0,6175.576999999999
731.0,10110.0,6176.545999999999
732.0,10040.0,6190.698
42.0,10011.0,6193.276999999999
733.0,10011.0,6199.24
151.0,10016.0,6202.6359999999995
734.0,10275.0,6207.358
735.0,10033.0,6210.159000000001
30.0,10229.0,6228.6269999999995
736.0,10007.0,6232.855
737.0,10020.0,6236.335
664.0,10093.0,6240.8730000000005
596.0,10054.0,6252.495
125.0,10077.0,6254.494000000001
738.0,10276.0,6255.283
656.0,10253.0,6257.433000000001
739.0,10017.0,6261.264
736.0,10007.0,6265.021
740.0,10033.0,6273.944
543.0,10008.0,6277.236999999999
741.0,10003.0,6283.564
742.0,10007.0,6284.486999999999
609.0,10007.0,6289.512
96.0,10047.0,6294.789000000001
743.0,10277.0,6318.81
120.0,10073.0,6322.819
96.0,10062.0,6323.554
173.0,10007.0,6323.851
744.0,10278.0,6332.366
745.0,10186.0,6343.36
746.0,10007.0,6348.71
747.0,10068.0,6348.821
748.0,10011.0,6349.993
749.0,10033.0,6360.029
129.0,10039.0,6360.139
674.0,10279.0,6381.172
672.0,10033.0,6389.598000000001
750.0,10071.0,6395.684
296.0,10154.0,6408.6630000000005
751.0,10136.0,6428.821999999999
583.0,10007.0,6437.960999999999
752.0,10280.0,6444.670999999999
577.0,10281.0,6444.68
555.0,10149.0,6450.005
343.0,10033.0,6450.438
555.0,10149.0,6451.1759999999995
753.0,10007.0,6454.161
599.0,10016.0,6460.606
754.0,10262.0,6462.908
755.0,10107.0,6478.098000000001
13.0,10011.0,6498.156999999999
756.0,10011.0,6499.4890000000005
192.0,10016.0,6500.61
757.0,10050.0,6511.257
758.0,10075.0,6512.658
759.0,10003.0,6516.2609999999995
760.0,10065.0,6517.186
761.0,10135.0,6529.397
761.0,10135.0,6548.928000000001
628.0,10033.0,6556.194
762.0,10033.0,6560.938
763.0,10031.0,6561.177
764.0,10077.0,6564.281999999999
109.0,10067.0,6571.521
765.0,10155.0,6578.859
748.0,10011.0,6582.994000000001
460.0,10282.0,6590.632
709.0,10057.0,6594.166
766.0,10020.0,6598.049
763.0,10031.0,6608.859
767.0,10017.0,6610.441999999999
768.0,10283.0,6617.8859999999995
769.0,10003.0,6627.771
98.0,10061.0,6628.493
50.0,10284.0,6638.226
704.0,10007.0,6650.866
770.0,10033.0,6651.884
676.0,10093.0,6656.632
771.0,10127.0,6656.963000000001
772.0,10039.0,6666.7480000000005
724.0,10017.0,6671.2390000000005
771.0,10088.0,6687.328
773.0,10285.0,6688.187
22.0,10073.0,6689.395
774.0,10011.0,6693.465999999999
725.0,10203.0,6697.365
775.0,10282.0,6700.58
776.0,10007.0,6707.284000000001
332.0,10007.0,6714.018
777.0,10264.0,6716.395
355.0,10047.0,6723.5
778.0,10105.0,6726.659000000001
438.0,10007.0,6730.887
779.0,10180.0,6733.469
780.0,10020.0,6750.438
781.0,10006.0,6754.945
446.0,10033.0,6756.246
782.0,10038.0,6765.759
99.0,10003.0,6767.847
783.0,10127.0,6770.811
784.0,10286.0,6772.658
785.0,10033.0,6779.749
786.0,10147.0,6780.8369999999995
787.0,10032.0,6793.986
372.0,10007.0,6798.505
151.0,10016.0,6799.507
323.0,10050.0,6812.7880000000005
788.0,10032.0,6814.271
510.0,10011.0,6826.630999999999
789.0,10007.0,6831.456
790.0,10287.0,6857.573
791.0,10077.0,6871.557
792.0,10288.0,6873.153
793.0,10122.0,6883.726
178.0,10269.0,6901.124
627.0,10040.0,6901.503000000001
794.0,10191.0,6904.545999999999
795.0,10034.0,6905.732
796.0,10052.0,6914.882
797.0,10289.0,6915.87
640.0,10033.0,6917.767
720.0,10272.0,6922.04
120.0,10073.0,6928.326999999999
798.0,10061.0,6931.609
799.0,10185.0,6933.507
800.0,10093.0,6938.126
801.0,10007.0,6938.126
8.0,10007.0,6952.219
791.0,10290.0,6957.04
802.0,10007.0,6957.526999999999
803.0,10011.0,6960.451999999999
472.0,10291.0,6961.611999999999
280.0,10003.0,6962.264
804.0,10047.0,6967.108
805.0,10057.0,6967.565
806.0,10256.0,6968.075
446.0,10033.0,6971.9259999999995
733.0,10011.0,6975.677
799.0,10047.0,6979.4619999999995
807.0,10278.0,6981.8330000000005
536.0,10037.0,6985.811
808.0,10160.0,6987.07
809.0,10034.0,6989.1990000000005
732.0,10040.0,6993.078
810.0,10088.0,7019.154
79.0,10003.0,7026.887
446.0,10033.0,7028.733
472.0,10179.0,7029.3240000000005
458.0,10164.0,7031.828
811.0,10077.0,7039.346
751.0,10136.0,7042.104
812.0,10003.0,7049.795999999999
813.0,10292.0,7065.823
517.0,10003.0,7078.004
14.0,10007.0,7083.96
805.0,10057.0,7084.275
814.0,10115.0,7088.594
815.0,10293.0,7090.6630000000005
816.0,10184.0,7096.291
817.0,10294.0,7101.231
818.0,10033.0,7104.331999999999
819.0,10191.0,7108.694
820.0,10177.0,7114.733
821.0,10003.0,7123.543000000001
572.0,10003.0,7138.871
822.0,10295.0,7147.685
709.0,10007.0,7148.02
823.0,10003.0,7149.126
370.0,10011.0,7149.854
543.0,10008.0,7161.721
824.0,10033.0,7162.281999999999
825.0,10011.0,7180.451
140.0,10032.0,7183.349
761.0,10135.0,7185.764
11.0,10009.0,7193.427
826.0,10147.0,7195.531999999999
1.0,10001.0,7198.914000000001
761.0,10135.0,7204.059
808.0,10296.0,7204.924
827.0,10036.0,7209.375
296.0,10073.0,7211.507
828.0,10278.0,7214.999
685.0,10147.0,7221.736
829.0,10108.0,7225.791
830.0,10159.0,7233.918000000001
831.0,10033.0,7240.846
311.0,10071.0,7246.974
832.0,10039.0,7248.388000000001
136.0,10016.0,7253.882
833.0,10007.0,7256.954000000001
834.0,10039.0,7279.259
835.0,10297.0,7288.019
836.0,10149.0,7298.656
760.0,10093.0,7306.246999999999
837.0,10007.0,7322.258000000001
831.0,10033.0,7334.933000000001
838.0,10087.0,7340.602
724.0,10298.0,7344.424
577.0,10016.0,7346.975
839.0,10122.0,7348.89
400.0,10180.0,7356.62
840.0,10077.0,7377.258000000001
172.0,10093.0,7383.88
841.0,10003.0,7385.369000000001
842.0,10033.0,7394.3369999999995
843.0,10299.0,7396.741999999999
631.0,10007.0,7399.95
763.0,10031.0,7401.346
844.0,10300.0,7410.069
451.0,10055.0,7414.361999999999
845.0,10122.0,7418.971
753.0,10013.0,7427.68
471.0,10032.0,7428.181
846.0,10033.0,7432.432
847.0,10282.0,7433.736999999999
848.0,10139.0,7439.73
50.0,10284.0,7441.075
126.0,10006.0,7449.571999999999
849.0,10189.0,7450.626
850.0,10149.0,7450.732
774.0,10011.0,7451.515
851.0,10093.0,7457.605
831.0,10033.0,7461.666
852.0,10087.0,7465.714
853.0,10011.0,7466.04
854.0,10003.0,7471.18
855.0,10064.0,7478.732
856.0,10011.0,7479.967
176.0,10033.0,7481.4890000000005
849.0,10189.0,7487.981
296.0,10008.0,7488.901999999999
386.0,10011.0,7497.515
857.0,10175.0,7500.557
858.0,10301.0,7517.596
98.0,10061.0,7517.923000000001
102.0,10302.0,7517.991999999999
839.0,10051.0,7521.204000000001
858.0,10301.0,7523.039000000001
120.0,10073.0,7526.326
370.0,10011.0,7531.388000000001
849.0,10189.0,7534.6140000000005
859.0,10052.0,7537.401999999999
860.0,10065.0,7537.795
849.0,10303.0,7552.454000000001
275.0,10011.0,7558.451999999999
332.0,10007.0,7562.522
183.0,10008.0,7566.165
849.0,10303.0,7574.3859999999995
849.0,10303.0,7590.029
858.0,10304.0,7595.738
861.0,10025.0,7604.512
58.0,10003.0,7607.754
862.0,10016.0,7611.607
863.0,10007.0,7612.894
849.0,10189.0,7618.352
864.0,10032.0,7631.267
675.0,10003.0,7639.651
865.0,10016.0,7643.172
785.0,10016.0,7645.22
555.0,10149.0,7645.255
452.0,10191.0,7645.32
555.0,10149.0,7645.9130000000005
866.0,10003.0,7659.55
867.0,10305.0,7662.4490000000005
849.0,10303.0,7663.434
868.0,10017.0,7664.486999999999
869.0,10003.0,7674.785
756.0,10011.0,7679.62
870.0,10007.0,7681.607
518.0,10093.0,7685.554
849.0,10189.0,7693.378000000001
146.0,10017.0,7696.173000000001
871.0,10306.0,7697.993
872.0,10003.0,7702.1759999999995
113.0,10020.0,7705.1990000000005
873.0,10091.0,7705.733
631.0,10007.0,7710.726
874.0,10003.0,7713.223000000001
42.0,10011.0,7722.298000000001
875.0,10298.0,7726.935
842.0,10060.0,7736.31
319.0,10033.0,7742.098000000001
871.0,10306.0,7744.035
813.0,10154.0,7745.340999999999
242.0,10007.0,7747.241
437.0,10007.0,7747.353
876.0,10003.0,7748.1669999999995
877.0,10003.0,7753.306
878.0,10064.0,7757.226
879.0,10274.0,7759.001
880.0,10061.0,7760.227
558.0,10034.0,7765.548000000001
871.0,10306.0,7767.641
422.0,10113.0,7768.486
881.0,10026.0,7770.754
882.0,10307.0,7778.264
883.0,10049.0,7781.446999999999
871.0,10306.0,7785.357
849.0,10189.0,7787.691
472.0,10179.0,7789.595
372.0,10007.0,7797.786
802.0,10057.0,7802.3859999999995
884.0,10020.0,7803.818
885.0,10011.0,7805.227
871.0,10306.0,7807.125
240.0,10034.0,7824.325
453.0,10097.0,7856.141
886.0,10011.0,7867.099
887.0,10006.0,7870.85
888.0,10007.0,7890.184
543.0,10008.0,7891.365
856.0,10011.0,7891.866
339.0,10308.0,7895.299
889.0,10003.0,7895.329000000001
713.0,10008.0,7898.691
260.0,10003.0,7901.846
113.0,10068.0,7905.193
147.0,10011.0,7907.757
240.0,10034.0,7912.8859999999995
890.0,10033.0,7930.392
875.0,10020.0,7938.186
214.0,10119.0,7941.745
543.0,10008.0,7947.134
339.0,10308.0,7953.353
891.0,10309.0,7960.19
892.0,10039.0,7962.972
893.0,10310.0,7964.767
381.0,10203.0,7965.203
894.0,10144.0,7967.815
895.0,10256.0,7968.659000000001
435.0,10186.0,7970.78
275.0,10011.0,7972.9259999999995
332.0,10007.0,7977.196999999999
895.0,10256.0,7983.786999999999
151.0,10016.0,7988.340999999999
645.0,10033.0,7988.653
892.0,10032.0,7990.193
896.0,10043.0,7996.191
153.0,10088.0,7998.316999999999
147.0,10011.0,7999.036999999999
897.0,10066.0,7999.605
153.0,10088.0,7999.666
153.0,10088.0,8000.754
153.0,10088.0,8000.956
153.0,10088.0,8001.672
895.0,10256.0,8004.009
898.0,10151.0,8008.96
899.0,10219.0,8013.968000000001
900.0,10273.0,8017.524
901.0,10033.0,8026.380999999999
435.0,10186.0,8027.14
892.0,10034.0,8045.664000000001
691.0,10033.0,8047.206
902.0,10020.0,8050.639
668.0,10256.0,8051.161
903.0,10006.0,8062.023
904.0,10007.0,8063.064
242.0,10311.0,8074.763000000001
891.0,10309.0,8079.015
709.0,10057.0,8083.276
905.0,10033.0,8083.661
125.0,10077.0,8087.392
732.0,10040.0,8095.254
195.0,10039.0,8095.67
853.0,10011.0,8099.554
906.0,10039.0,8109.757
218.0,10011.0,8113.934
907.0,10039.0,8116.187
908.0,10153.0,8119.225
909.0,10071.0,8119.454000000001
910.0,10011.0,8120.553000000001
911.0,10034.0,8125.678000000001
696.0,10034.0,8128.964
568.0,10211.0,8130.181
912.0,10122.0,8131.43
564.0,10011.0,8159.693
453.0,10097.0,8160.1990000000005
806.0,10256.0,8166.789000000001
136.0,10045.0,8172.835999999999
296.0,10312.0,8175.965999999999
120.0,10073.0,8177.231
577.0,10313.0,8188.928000000001
725.0,10314.0,8193.948
413.0,10033.0,8200.271
913.0,10007.0,8205.383
862.0,10315.0,8219.501
888.0,10007.0,8220.408000000001
887.0,10006.0,8220.745
848.0,10139.0,8223.234
914.0,10039.0,8224.478000000001
28.0,10007.0,8232.511
915.0,10316.0,8239.341
916.0,10034.0,8245.917
348.0,10317.0,8253.961
781.0,10033.0,8266.535
917.0,10007.0,8267.332
447.0,10033.0,8281.337
280.0,10003.0,8282.787
918.0,10071.0,8282.855
919.0,10003.0,8296.139000000001
920.0,10003.0,8298.857
921.0,10003.0,8299.218
433.0,10004.0,8300.657
922.0,10318.0,8303.884
739.0,10017.0,8318.405999999999
628.0,10033.0,8320.999
58.0,10003.0,8325.801
923.0,10159.0,8325.996
628.0,10033.0,8344.542
891.0,10309.0,8365.623
924.0,10051.0,8371.419
159.0,10011.0,8373.065999999999
925.0,10266.0,8373.073
856.0,10011.0,8375.663
926.0,10319.0,8381.215
927.0,10108.0,8383.135
928.0,10021.0,8385.666
664.0,10093.0,8388.353000000001
1.0,10001.0,8398.328000000001
929.0,10119.0,8400.252
627.0,10040.0,8407.113000000001
930.0,10033.0,8411.982
242.0,10073.0,8414.322
410.0,10257.0,8416.999
931.0,10320.0,8423.186
881.0,10026.0,8426.607
932.0,10032.0,8432.96
183.0,10008.0,8435.271
933.0,10007.0,8438.648000000001
934.0,10089.0,8444.495
935.0,10321.0,8445.084
936.0,10233.0,8472.482
937.0,10011.0,8481.809000000001
857.0,10175.0,8486.359
129.0,10039.0,8487.356
938.0,10006.0,8493.823
939.0,10003.0,8520.481
407.0,10050.0,8523.167
631.0,10007.0,8554.078000000001
940.0,10025.0,8559.494
926.0,10322.0,8578.075
914.0,10039.0,8604.151
941.0,10323.0,8604.825
942.0,10011.0,8631.108
943.0,10033.0,8633.953000000001
77.0,10003.0,8638.416
356.0,10007.0,8641.026
147.0,10011.0,8643.574
944.0,10133.0,8646.252
926.0,10319.0,8647.648000000001
597.0,10122.0,8659.802
151.0,10016.0,8668.314
945.0,10324.0,8674.745
802.0,10007.0,8675.666
284.0,10205.0,8683.889000000001
946.0,10007.0,8693.783000000001
880.0,10061.0,8708.421999999999
102.0,10325.0,8713.5
102.0,10325.0,8723.716
947.0,10039.0,8726.564
284.0,10205.0,8733.446
948.0,10079.0,8733.688
949.0,10011.0,8747.494
950.0,10032.0,8747.944
951.0,10055.0,8749.107
952.0,10326.0,8762.556999999999
953.0,10327.0,8777.133
862.0,10215.0,8777.548
136.0,10045.0,8778.636
954.0,10008.0,8780.575
111.0,10093.0,8794.854
955.0,10032.0,8798.17
956.0,10006.0,8805.104
725.0,10328.0,8809.269
957.0,10007.0,8810.902
949.0,10011.0,8816.543
447.0,10033.0,8823.662
958.0,10205.0,8829.276
959.0,10323.0,8838.946
776.0,10007.0,8843.309000000001
577.0,10093.0,8844.853000000001
960.0,10055.0,8850.554
961.0,10020.0,8868.055
949.0,10011.0,8872.742
847.0,10282.0,8895.037
962.0,10119.0,8903.698
801.0,10007.0,8906.860999999999
826.0,10147.0,8908.796
209.0,10033.0,8916.818000000001
963.0,10147.0,8924.971
964.0,10112.0,8936.615
965.0,10106.0,8948.69
966.0,10007.0,8951.371
867.0,10329.0,8951.65
967.0,10217.0,8953.925
125.0,10077.0,8954.564
543.0,10055.0,8956.979
965.0,10053.0,8965.701
968.0,10006.0,8967.834
969.0,10007.0,8968.476
970.0,10147.0,8971.091
686.0,10263.0,8972.068000000001
813.0,10177.0,8985.333
795.0,10034.0,8986.681999999999
971.0,10071.0,8993.529
972.0,10060.0,8996.687
668.0,10256.0,9002.302
973.0,10091.0,9010.601
974.0,10020.0,9014.095
902.0,10020.0,9028.159
975.0,10071.0,9028.801
276.0,10139.0,9035.499
810.0,10088.0,9037.408000000001
311.0,10071.0,9037.461
277.0,10065.0,9038.747
120.0,10073.0,9042.179
113.0,10122.0,9051.79
209.0,10009.0,9060.607
976.0,10020.0,9063.844000000001
977.0,10238.0,9064.835
978.0,10254.0,9065.607
947.0,10039.0,9067.866
979.0,10209.0,9068.459
813.0,10050.0,9082.453000000001
980.0,10055.0,9083.203000000001
965.0,10106.0,9095.381
904.0,10007.0,9112.575
981.0,10033.0,9115.619
805.0,10057.0,9117.098
982.0,10147.0,9122.371
980.0,10033.0,9137.51
355.0,10047.0,9147.343
50.0,10330.0,9151.874
850.0,10149.0,9155.278
970.0,10147.0,9158.811
983.0,10331.0,9161.713
808.0,10160.0,9164.502
786.0,10147.0,9168.18
984.0,10147.0,9171.58
985.0,10191.0,9176.514000000001
770.0,10033.0,9177.079
125.0,10077.0,9181.636999999999
986.0,10032.0,9190.711
360.0,10045.0,9195.702
70.0,10045.0,9195.738000000001
171.0,10048.0,9201.912
314.0,10034.0,9211.237
873.0,10332.0,9218.599
987.0,10003.0,9223.953000000001
732.0,10040.0,9227.072
756.0,10011.0,9227.985
586.0,10119.0,9234.072
988.0,10020.0,9234.711
989.0,10282.0,9236.896
942.0,10011.0,9237.54
411.0,10122.0,9244.341
990.0,10007.0,9251.072
437.0,10007.0,9251.71
946.0,10007.0,9262.498
991.0,10333.0,9270.379
984.0,10147.0,9283.368
429.0,10334.0,9289.045
746.0,10007.0,9289.972
992.0,10040.0,9296.68
993.0,10316.0,9309.063
994.0,10033.0,9315.860999999999
995.0,10057.0,9318.091999999999
183.0,10008.0,9321.992
996.0,10335.0,9323.931999999999
189.0,10007.0,9334.215
997.0,10073.0,9340.857
998.0,10336.0,9379.839
136.0,10016.0,9381.161
999.0,10032.0,9382.248
1000.0,10121.0,9396.821
631.0,10007.0,9407.696
61.0,10093.0,9417.555
1001.0,10297.0,9419.139000000001
998.0,10337.0,9419.502
1002.0,10003.0,9419.891
298.0,10057.0,9423.498
998.0,10338.0,9433.565
1003.0,10017.0,9449.421
1004.0,10248.0,9451.876
111.0,10093.0,9454.398000000001
1005.0,10034.0,9459.574
1006.0,10010.0,9461.288
978.0,10064.0,9473.28
1007.0,10339.0,9475.223
928.0,10130.0,9479.625
1008.0,10011.0,9492.275
1009.0,10003.0,9496.431
1010.0,10033.0,9497.401
479.0,10093.0,9499.049
1011.0,10007.0,9506.416
1012.0,10034.0,9507.052
998.0,10340.0,9514.517
1013.0,10003.0,9522.621
1014.0,10341.0,9529.705
931.0,10320.0,9530.888
1015.0,10147.0,9535.372
1016.0,10342.0,9542.36
1017.0,10011.0,9553.476
195.0,10032.0,9556.966
1018.0,10003.0,9560.55
171.0,10343.0,9570.483
1019.0,10071.0,9580.899
1020.0,10003.0,9590.907
1021.0,10073.0,9603.948
355.0,10047.0,9607.082
911.0,10034.0,9607.71
1022.0,10004.0,9619.502
786.0,10147.0,9624.232
1023.0,10057.0,9625.479
1024.0,10197.0,9635.164
837.0,10007.0,9635.353000000001
458.0,10062.0,9636.455
120.0,10073.0,9639.585
737.0,10020.0,9644.632
1025.0,10007.0,9653.567
1023.0,10007.0,9666.141
1022.0,10004.0,9666.802
1026.0,10091.0,9668.119
757.0,10093.0,9669.078000000001
1027.0,10030.0,9672.631
51.0,10032.0,9677.076
935.0,10344.0,9678.213
1028.0,10007.0,9684.93
979.0,10209.0,9685.17
1029.0,10345.0,9688.538
209.0,10033.0,9696.91
1030.0,10003.0,9700.698
1031.0,10177.0,9708.189
757.0,10177.0,9716.536
549.0,10177.0,9725.494
1032.0,10007.0,9727.716999999999
1033.0,10346.0,9734.589
735.0,10033.0,9736.764000000001
943.0,10033.0,9746.855
298.0,10034.0,9750.626
50.0,10284.0,9750.693000000001
1034.0,10011.0,9750.734
1035.0,10082.0,9751.163
888.0,10007.0,9758.593
1036.0,10003.0,9760.839
1028.0,10007.0,9767.535
194.0,10279.0,9774.586
862.0,10163.0,9790.248
727.0,10003.0,9794.884
151.0,10016.0,9802.715
192.0,10016.0,9802.838
1031.0,10347.0,9811.47
978.0,10064.0,9832.904
813.0,10050.0,9836.778
856.0,10011.0,9839.528
1037.0,10034.0,9839.601999999999
1038.0,10005.0,9847.331
302.0,10148.0,9848.218
1039.0,10348.0,9849.347
1040.0,10003.0,9851.440999999999
1041.0,10021.0,9852.358
1031.0,10177.0,9884.216
1039.0,10348.0,9884.892
1042.0,10033.0,9890.735999999999
160.0,10020.0,9895.124
927.0,10108.0,9905.69
1043.0,10033.0,9910.643
1039.0,10276.0,9919.005
1044.0,10033.0,9922.263
907.0,10349.0,9923.197
1045.0,10003.0,9924.001
1034.0,10011.0,9925.809000000001
214.0,10119.0,9946.696
1042.0,10033.0,9961.042
437.0,10007.0,9963.331
776.0,10007.0,9967.123
200.0,10350.0,9968.702
872.0,10003.0,9979.749
1046.0,10071.0,9988.124
673.0,10007.0,9992.761
136.0,10016.0,10016.938
978.0,10064.0,10031.511
996.0,10351.0,10042.07
970.0,10147.0,10052.78
78.0,10003.0,10054.252
58.0,10003.0,10062.126
1047.0,10033.0,10074.078000000001
1048.0,10009.0,10087.211
1049.0,10087.0,10092.371
828.0,10278.0,10096.827
1050.0,10033.0,10103.25
1051.0,10058.0,10107.346
1039.0,10352.0,10109.079
1052.0,10097.0,10114.961
1053.0,10017.0,10118.452
474.0,10025.0,10125.802
1054.0,10006.0,10127.485
264.0,10008.0,10128.610999999999
207.0,10093.0,10131.289
181.0,10073.0,10159.785
543.0,10055.0,10177.508
125.0,10077.0,10180.339
1055.0,10087.0,10184.971
495.0,10067.0,10195.761999999999
748.0,10353.0,10200.299
1056.0,10033.0,10203.571
183.0,10008.0,10206.796
954.0,10032.0,10208.867
889.0,10003.0,10209.860999999999
965.0,10106.0,10211.396
649.0,10007.0,10213.308
1057.0,10186.0,10224.76
739.0,10017.0,10230.596
965.0,10053.0,10233.496
1058.0,10003.0,10234.735
435.0,10354.0,10240.372
954.0,10008.0,10241.505
1059.0,10171.0,10256.324
677.0,10003.0,10257.938
181.0,10077.0,10264.190999999999
400.0,10180.0,10282.449
193.0,10163.0,10283.608
277.0,10065.0,10290.976999999999
970.0,10147.0,10291.896
126.0,10006.0,10297.713
549.0,10077.0,10301.955
400.0,10355.0,10303.01
890.0,10033.0,10306.384
1060.0,10356.0,10316.496
1061.0,10009.0,10319.985
426.0,10033.0,10333.313
407.0,10093.0,10338.862
555.0,10149.0,10353.190999999999
1062.0,10033.0,10355.360999999999
1063.0,10003.0,10370.538
1064.0,10055.0,10388.838
1057.0,10285.0,10397.716
151.0,10016.0,10407.329
165.0,10095.0,10412.860999999999
1065.0,10108.0,10427.146
437.0,10007.0,10428.649
1066.0,10127.0,10430.293
1067.0,10007.0,10431.294
407.0,10093.0,10431.476999999999
1068.0,10043.0,10433.016
986.0,10032.0,10438.974
1069.0,10057.0,10439.186
61.0,10038.0,10442.598
1070.0,10039.0,10443.462
1028.0,10007.0,10445.541
786.0,10147.0,10456.468
1071.0,10087.0,10459.403
1072.0,10357.0,10461.255
902.0,10020.0,10471.884
1073.0,10162.0,10473.564
1074.0,10358.0,10474.219000000001
1075.0,10003.0,10476.661
131.0,10033.0,10491.608999999999
209.0,10009.0,10494.246000000001
1076.0,10008.0,10496.796999999999
120.0,10073.0,10513.148000000001
1060.0,10359.0,10514.409
1073.0,10182.0,10525.01
1077.0,10289.0,10526.214
1078.0,10007.0,10541.385
1073.0,10360.0,10542.813999999998
193.0,10230.0,10556.065
1079.0,10341.0,10559.103000000001
1080.0,10361.0,10561.356000000002
732.0,10040.0,10569.498
616.0,10031.0,10588.51
1022.0,10004.0,10595.306999999999
1081.0,10068.0,10598.938999999998
1082.0,10027.0,10606.09
1083.0,10177.0,10615.208
1084.0,10007.0,10621.841
1085.0,10032.0,10626.161
200.0,10066.0,10636.854
1086.0,10147.0,10644.577
1087.0,10362.0,10648.858
687.0,10065.0,10669.572
732.0,10040.0,10669.594
1088.0,10050.0,10678.745
1089.0,10087.0,10690.108
1090.0,10032.0,10697.343
1091.0,10016.0,10703.992
1091.0,10016.0,10705.412
192.0,10016.0,10715.708
713.0,10353.0,10717.636999999999
1092.0,10177.0,10722.878999999999
946.0,10007.0,10744.96
351.0,10033.0,10774.653999999999
1093.0,10003.0,10777.488000000001
11.0,10009.0,10792.454
1.0,10016.0,10799.226999999999
1070.0,10363.0,10799.335
970.0,10147.0,10807.275
1094.0,10364.0,10807.385
559.0,10004.0,10816.921999999999
464.0,10173.0,10818.175
125.0,10077.0,10818.243999999999
351.0,10033.0,10819.732
495.0,10067.0,10827.097
850.0,10149.0,10828.42
1095.0,10365.0,10829.271999999999
280.0,10003.0,10830.245
111.0,10033.0,10830.917
1096.0,10177.0,10831.202
1097.0,10366.0,10841.928999999998
311.0,10071.0,10842.622
934.0,10025.0,10854.291000000001
1098.0,10289.0,10857.127
1099.0,10006.0,10860.298999999999
1100.0,10025.0,10868.045
1101.0,10045.0,10868.741000000002
1102.0,10139.0,10879.628999999999
1103.0,10057.0,10884.348999999998
963.0,10147.0,10888.705
1104.0,10211.0,10900.085
453.0,10097.0,10909.463
1105.0,10025.0,10913.367
1106.0,10034.0,10930.947
258.0,10017.0,10936.673999999999
894.0,10144.0,10937.181
555.0,10149.0,10952.006000000001
1036.0,10003.0,10960.253999999999
1019.0,10071.0,10968.362
1107.0,10011.0,10974.581
834.0,10039.0,10979.045
1108.0,10007.0,10986.416000000001
1109.0,10098.0,10991.692
1110.0,10019.0,11000.926000000001
264.0,10126.0,11008.205
904.0,10007.0,11008.515
874.0,10003.0,11009.615
880.0,10061.0,11011.829
1111.0,10032.0,11016.373
360.0,10045.0,11019.671
896.0,10043.0,11020.195
1112.0,10047.0,11022.026000000002
370.0,10011.0,11028.607
894.0,10144.0,11029.185
1113.0,10165.0,11032.856000000002
92.0,10147.0,11033.808
1036.0,10003.0,11035.998
147.0,10011.0,11045.06
1114.0,10194.0,11057.777
1115.0,10033.0,11064.75
1116.0,10064.0,11064.919
1084.0,10007.0,11083.78
904.0,10007.0,11096.597
795.0,10034.0,11097.388
1117.0,10367.0,11098.507
1118.0,10034.0,11104.454
102.0,10333.0,11107.027
630.0,10033.0,11107.351999999999
120.0,10073.0,11111.284
151.0,10016.0,11114.206
1119.0,10053.0,11123.538999999999
555.0,10032.0,11125.366000000002
1087.0,10368.0,11136.561000000002
1120.0,10011.0,11138.165
1121.0,10129.0,11138.663999999999
1122.0,10052.0,11139.117
934.0,10277.0,11140.257
1123.0,10369.0,11141.673
1017.0,10011.0,11150.675
1124.0,10370.0,11151.785
1125.0,10051.0,11153.112
1126.0,10007.0,11155.844
732.0,10040.0,11159.26
631.0,10007.0,11162.737
538.0,10169.0,11171.426000000001
1127.0,10007.0,11176.567
517.0,10003.0,11180.568000000001
1113.0,10371.0,11187.368
109.0,10020.0,11208.79
1128.0,10066.0,11212.455
934.0,10025.0,11219.103000000001
608.0,10003.0,11222.719
453.0,10097.0,11223.971000000001
630.0,10033.0,11225.071000000002
1129.0,10003.0,11237.485
1130.0,10055.0,11239.17
486.0,10011.0,11239.418
1131.0,10003.0,11240.111
1132.0,10055.0,11243.362
735.0,10033.0,11249.798
1133.0,10007.0,11255.056999999999
637.0,10143.0,11255.886
102.0,10372.0,11266.559
1134.0,10007.0,11272.481000000002
1135.0,10290.0,11273.063
1048.0,10009.0,11289.253999999999
1136.0,10007.0,11295.737
996.0,10373.0,11298.266000000001
1137.0,10032.0,11299.864
159.0,10011.0,11307.124
1073.0,10166.0,11307.913
1138.0,10374.0,11312.719
1139.0,10008.0,11317.603000000001
1140.0,10375.0,11318.775
1141.0,10007.0,11325.197
1142.0,10181.0,11338.008
1143.0,10017.0,11341.962
1144.0,10091.0,11343.255
1116.0,10064.0,11349.765
1145.0,10094.0,11350.283000000001
1100.0,10065.0,11375.878
104.0,10064.0,11378.499
1138.0,10374.0,11380.761999999999
1146.0,10073.0,11389.726999999999
1147.0,10020.0,11396.263
786.0,10147.0,11398.986
1148.0,10013.0,11405.927
1139.0,10008.0,11407.383
1149.0,10139.0,11412.435
1150.0,10092.0,11414.985
433.0,10004.0,11418.853000000001
537.0,10032.0,11419.113000000001
1151.0,10013.0,11432.714
290.0,10003.0,11444.1
1138.0,10374.0,11446.163
136.0,10045.0,11479.183
1152.0,10177.0,11484.283000000001
31.0,10003.0,11494.958
917.0,10007.0,11501.953000000001
1153.0,10003.0,11514.57
687.0,10008.0,11515.78
847.0,10282.0,11525.148000000001
1154.0,10008.0,11526.38
1155.0,10020.0,11526.867
1156.0,10046.0,11530.616000000002
1157.0,10093.0,11543.57
1158.0,10088.0,11559.595
1159.0,10185.0,11565.284
287.0,10007.0,11575.982
626.0,10033.0,11589.201000000001
1160.0,10197.0,11589.979
1161.0,10073.0,11591.079
874.0,10003.0,11603.006000000001
666.0,10004.0,11606.988000000001
605.0,10003.0,11612.036
791.0,10216.0,11613.117
167.0,10208.0,11617.65
193.0,10008.0,11622.188999999998
1162.0,10196.0,11629.971000000001
1163.0,10122.0,11633.31
1079.0,10091.0,11640.652
460.0,10033.0,11644.985
902.0,10020.0,11650.168
1164.0,10037.0,11650.278
1165.0,10073.0,11650.862
389.0,10007.0,11653.857
52.0,10033.0,11666.671
159.0,10011.0,11671.743
1166.0,10178.0,11691.007
1167.0,10097.0,11694.618999999999
630.0,10033.0,11700.663
1168.0,10168.0,11701.589
1169.0,10129.0,11706.776000000002
1170.0,10007.0,11719.535
120.0,10073.0,11723.378999999999
1171.0,10376.0,11733.62
522.0,10039.0,11741.405
1172.0,10008.0,11754.221000000001
1173.0,10011.0,11757.688
790.0,10377.0,11763.285
1174.0,10032.0,11767.594
1123.0,10369.0,11768.77
125.0,10077.0,11782.476999999999
577.0,10053.0,11786.826000000001
494.0,10254.0,11787.892
1175.0,10007.0,11788.203000000001
1176.0,10007.0,11789.673
1166.0,10178.0,11792.271
129.0,10039.0,11792.487
522.0,10039.0,11794.723
1148.0,10013.0,11801.014
994.0,10033.0,11801.524
1116.0,10064.0,11810.778999999999
579.0,10378.0,11828.992
1177.0,10004.0,11840.491000000002
1178.0,10379.0,11851.56
423.0,10127.0,11858.281
1179.0,10058.0,11858.946000000002
1051.0,10230.0,11865.287
1180.0,10380.0,11866.59
1181.0,10147.0,11875.322
1182.0,10007.0,11881.565
395.0,10152.0,11883.865
1183.0,10148.0,11888.622
685.0,10147.0,11901.146999999999
1113.0,10304.0,11924.242
111.0,10033.0,11928.798999999999
1146.0,10064.0,11930.753
1180.0,10169.0,11932.018
1184.0,10007.0,11935.798
445.0,10085.0,11951.938999999998
1017.0,10011.0,11962.562
477.0,10177.0,11964.594
1185.0,10194.0,11969.212
1186.0,10274.0,11973.921999999999
264.0,10032.0,11981.248
805.0,10057.0,11985.608999999999
703.0,10381.0,11990.103000000001
44.0,10028.0,11993.19
1187.0,10382.0,11996.393
1.0,10001.0,11998.14
477.0,10215.0,12000.688999999998
1188.0,10006.0,12006.68
1189.0,10055.0,12007.122
1190.0,10147.0,12009.056999999999
1191.0,10383.0,12017.523000000001
1192.0,10384.0,12031.865
1193.0,10032.0,12034.383
1194.0,10230.0,12041.926000000001
868.0,10353.0,12049.333
630.0,10033.0,12050.462
44.0,10028.0,12052.768
370.0,10011.0,12061.06
1195.0,10260.0,12066.268
136.0,10045.0,12087.796999999999
1152.0,10177.0,12090.721000000001
205.0,10033.0,12096.173
1092.0,10177.0,12097.298
732.0,10040.0,12099.486
1196.0,10139.0,12107.168
1149.0,10139.0,12107.707
1197.0,10007.0,12109.886999999999
732.0,10040.0,12117.286
833.0,10007.0,12118.936000000002
44.0,10028.0,12128.158000000001
1198.0,10385.0,12138.51
1199.0,10196.0,12143.268999999998
125.0,10077.0,12162.829
477.0,10073.0,12164.641000000001
810.0,10088.0,12165.615
44.0,10028.0,12167.267
1043.0,10033.0,12169.062
42.0,10011.0,12176.001
1199.0,10196.0,12177.229
1191.0,10047.0,12177.975
996.0,10386.0,12181.569
1200.0,10063.0,12191.475
1201.0,10037.0,12201.798999999999
1191.0,10062.0,12207.23
1202.0,10387.0,12219.615
1148.0,10013.0,12225.669
1203.0,10219.0,12230.93
1154.0,10008.0,12233.409
328.0,10033.0,12238.321000000002
1204.0,10007.0,12247.695
522.0,10388.0,12249.16
44.0,10028.0,12250.173999999999
324.0,10010.0,12259.878
1205.0,10007.0,12273.4
1123.0,10389.0,12274.833999999999
1206.0,10006.0,12282.125
1060.0,10359.0,12284.683
167.0,10098.0,12291.288999999999
1207.0,10051.0,12312.843
687.0,10057.0,12332.604
934.0,10025.0,12347.345
863.0,10007.0,12353.355
1207.0,10051.0,12359.053
1201.0,10037.0,12365.883999999998
1208.0,10047.0,12377.399
505.0,10047.0,12377.421999999999
1201.0,10037.0,12394.765
1186.0,10274.0,12395.855
1209.0,10006.0,12415.416000000001
1019.0,10071.0,12418.317
608.0,10003.0,12428.812
1186.0,10274.0,12431.624
1210.0,10277.0,12435.127
1211.0,10003.0,12436.282
1165.0,10390.0,12436.971000000001
1212.0,10012.0,12444.684
336.0,10020.0,12450.899
1213.0,10016.0,12451.613000000001
1214.0,10149.0,12455.546999999999
1215.0,10007.0,12461.528999999999
1216.0,10032.0,12464.19
630.0,10033.0,12467.583999999999
1148.0,10039.0,12485.046
631.0,10007.0,12506.628
1217.0,10003.0,12510.778999999999
151.0,10016.0,12517.737
1205.0,10007.0,12530.716999999999
1188.0,10006.0,12532.538999999999
985.0,10191.0,12541.651000000002
111.0,10016.0,12546.503999999999
1212.0,10012.0,12547.487
135.0,10033.0,12548.044
1218.0,10077.0,12561.058
1219.0,10051.0,12574.931999999999
1220.0,10217.0,12577.698999999999
1100.0,10032.0,12582.161
1221.0,10212.0,12585.725
1222.0,10065.0,12602.017
1186.0,10274.0,12602.423999999999
120.0,10073.0,12605.692
966.0,10007.0,12616.434
1223.0,10087.0,12618.571000000002
1169.0,10129.0,12632.443000000001
75.0,10032.0,12637.598
1116.0,10064.0,12638.136
1053.0,10017.0,12639.161
498.0,10079.0,12665.901000000002
1060.0,10356.0,12667.448999999999
275.0,10011.0,12675.368999999999
914.0,10155.0,12685.742
1224.0,10071.0,12688.518
1225.0,10391.0,12689.034
1226.0,10387.0,12691.598
159.0,10011.0,12696.906
1227.0,10007.0,12697.423999999999
1066.0,10392.0,12711.778
1107.0,10011.0,12723.739
1066.0,10127.0,12731.23
786.0,10147.0,12733.165
1228.0,10119.0,12737.721000000001
555.0,10149.0,12755.345
247.0,10343.0,12760.475
1015.0,10147.0,12764.421999999999
1080.0,10073.0,12769.265
1207.0,10058.0,12774.265
1229.0,10393.0,12803.836000000001
360.0,10045.0,12808.902
1230.0,10003.0,12813.401000000002
1124.0,10370.0,12819.818000000001
1162.0,10196.0,12822.267
544.0,10079.0,12826.302
1231.0,10071.0,12829.93
946.0,10007.0,12837.487
1232.0,10011.0,12841.413999999999
187.0,10076.0,12845.938
830.0,10159.0,12867.81
1233.0,10195.0,12873.577
125.0,10077.0,12873.633999999998
1234.0,10109.0,12879.218
1235.0,10003.0,12897.829
442.0,10188.0,12901.437
1236.0,10394.0,12906.579
1237.0,10003.0,12909.751
593.0,10007.0,12910.188
121.0,10051.0,12913.282
1238.0,10093.0,12918.338
415.0,10077.0,12920.135
102.0,10078.0,12937.358
1116.0,10064.0,12939.396
1239.0,10093.0,12955.433
1240.0,10098.0,12955.98
1241.0,10007.0,12968.276000000002
1238.0,10073.0,12972.63
1085.0,10032.0,12974.271999999999
577.0,10212.0,12985.419
135.0,10033.0,12986.611
1242.0,10165.0,12987.35
1243.0,10108.0,12999.14
781.0,10053.0,13000.511
1244.0,10395.0,13000.808
703.0,10381.0,13017.607
1245.0,10091.0,13043.952
1246.0,10003.0,13053.415
1188.0,10006.0,13054.857
1247.0,10047.0,13056.273000000001
1248.0,10033.0,13059.106000000002
846.0,10033.0,13060.023000000001
1249.0,10396.0,13066.633999999998
5.0,10004.0,13090.82
486.0,10011.0,13099.493999999999
420.0,10397.0,13101.536
1250.0,10088.0,13104.088
1251.0,10003.0,13114.62
1252.0,10039.0,13120.73
1197.0,10007.0,13135.181999999999
1253.0,10055.0,13135.306999999999
567.0,10227.0,13138.341
1254.0,10071.0,13141.753
1255.0,10205.0,13147.21
1256.0,10065.0,13169.957
1257.0,10398.0,13170.43
1241.0,10007.0,13180.428
786.0,10147.0,13180.878
506.0,10033.0,13181.212
45.0,10007.0,13182.416000000001
1116.0,10064.0,13182.667
735.0,10033.0,13185.055
1258.0,10020.0,13189.608999999999
61.0,10007.0,13195.458999999999
1259.0,10007.0,13204.821000000002
120.0,10073.0,13209.652
1220.0,10217.0,13218.725
902.0,10020.0,13220.124
1260.0,10024.0,13222.761
1261.0,10399.0,13228.006000000001
972.0,10400.0,13235.421999999999
1262.0,10003.0,13237.908000000001
1263.0,10007.0,13242.517
1257.0,10073.0,13247.567
1259.0,10007.0,13255.901000000002
1264.0,10033.0,13266.295
746.0,10007.0,13278.042
1265.0,10214.0,13278.425
1266.0,10401.0,13285.27
1267.0,10008.0,13292.871000000001
166.0,10151.0,13297.766000000001
193.0,10402.0,13313.381000000001
1176.0,10007.0,13319.243999999999
1086.0,10147.0,13330.693000000001
1268.0,10003.0,13340.151000000002
1269.0,10399.0,13340.298
888.0,10007.0,13340.775
1013.0,10003.0,13345.421
1072.0,10217.0,13348.428999999998
1270.0,10077.0,13350.181
1271.0,10149.0,13353.636999999999
1186.0,10274.0,13356.296999999999
1272.0,10032.0,13359.444
1273.0,10003.0,13369.312
1233.0,10403.0,13385.263
1233.0,10404.0,13389.961000000001
734.0,10275.0,13391.313999999998
151.0,10016.0,13397.233999999999
1042.0,10121.0,13398.032
1274.0,10013.0,13407.19
1275.0,10405.0,13424.903999999999
135.0,10033.0,13442.123
1276.0,10217.0,13444.155
1259.0,10007.0,13447.43
1277.0,10003.0,13447.952
1278.0,10003.0,13449.726999999999
60.0,10037.0,13450.846000000001
1205.0,10007.0,13457.471000000001
1233.0,10406.0,13458.88
1208.0,10047.0,13459.623
1279.0,10118.0,13465.943000000001
1239.0,10093.0,13473.11
317.0,10003.0,13475.027
1162.0,10196.0,13475.462
502.0,10108.0,13479.501
111.0,10034.0,13481.263
1280.0,10204.0,13482.263
64.0,10040.0,13482.671999999999
368.0,10097.0,13497.131000000001
1281.0,10149.0,13507.042
415.0,10020.0,13518.503
1282.0,10311.0,13518.542
61.0,10038.0,13531.97
1042.0,10121.0,13536.255
136.0,10016.0,13540.46
1283.0,10047.0,13554.72
1284.0,10003.0,13555.535
1170.0,10007.0,13558.233999999999
1040.0,10003.0,13564.521999999999
1285.0,10003.0,13565.042
81.0,10048.0,13565.582
834.0,10039.0,13568.291000000001
1286.0,10033.0,13569.098999999998
1287.0,10017.0,13569.569
129.0,10039.0,13572.546
1288.0,10004.0,13572.88
1125.0,10091.0,13577.017
1289.0,10227.0,13577.399
1290.0,10034.0,13584.588
1291.0,10039.0,13587.652
1281.0,10149.0,13594.995
1257.0,10073.0,13599.267
1292.0,10032.0,13603.161
1293.0,10033.0,13606.296
1294.0,10171.0,13631.003
1168.0,10047.0,13631.208
577.0,10281.0,13632.51
300.0,10066.0,13633.858
351.0,10033.0,13635.953000000001
1295.0,10407.0,13636.527
1296.0,10408.0,13640.812
1297.0,10389.0,13663.098999999998
1298.0,10264.0,13676.545
1299.0,10003.0,13679.286
1300.0,10264.0,13688.198
495.0,10067.0,13688.993
395.0,10152.0,13691.964
1301.0,10003.0,13694.907
1302.0,10049.0,13705.253999999999
1201.0,10037.0,13715.216999999999
1116.0,10064.0,13715.24
805.0,10057.0,13716.428
1303.0,10032.0,13718.748
604.0,10409.0,13726.627
133.0,10175.0,13732.548999999999
1304.0,10091.0,13734.411
1305.0,10033.0,13753.77
1306.0,10228.0,13753.983
1257.0,10073.0,13755.863000000001
1307.0,10088.0,13758.503999999999
1308.0,10158.0,13759.006000000001
1263.0,10410.0,13761.889
1309.0,10033.0,13775.273000000001
1310.0,10119.0,13784.261999999999
1311.0,10011.0,13790.148000000001
1312.0,10411.0,13791.731000000002
825.0,10011.0,13810.948999999999
1313.0,10020.0,13812.931999999999
974.0,10020.0,13813.746000000001
1314.0,10027.0,13814.158000000001
47.0,10003.0,13821.014
120.0,10073.0,13824.542
748.0,10011.0,13825.732
882.0,10093.0,13825.893999999998
1315.0,10044.0,13826.082
1316.0,10412.0,13828.851
1317.0,10003.0,13832.503
555.0,10149.0,13834.963
629.0,10077.0,13861.146999999999
282.0,10141.0,13865.361
282.0,10140.0,13865.743999999999
1318.0,10003.0,13875.005
999.0,10032.0,13877.857
732.0,10040.0,13883.965
1205.0,10007.0,13892.875
1305.0,10033.0,13899.296999999999
1238.0,10238.0,13899.32
1319.0,10003.0,13902.175
1320.0,10007.0,13902.395
1321.0,10047.0,13917.663999999999
1322.0,10196.0,13917.685
957.0,10007.0,13917.891000000001
1173.0,10011.0,13918.538
1064.0,10055.0,13919.39
1076.0,10413.0,13919.458
1116.0,10064.0,13922.32
1323.0,10220.0,13927.486
1179.0,10058.0,13930.572
181.0,10073.0,13943.156
1122.0,10052.0,13944.889
934.0,10025.0,13945.068000000001
1179.0,10026.0,13945.405
1324.0,10047.0,13950.466
718.0,10025.0,13953.811000000002
594.0,10232.0,13967.591
1325.0,10230.0,13969.215
1297.0,10204.0,13980.94
109.0,10067.0,13984.761999999999
1326.0,10414.0,13986.793
1327.0,10153.0,13986.909
231.0,10033.0,13992.751
368.0,10097.0,13997.708
1042.0,10121.0,14003.451000000001
125.0,10077.0,14007.161
1328.0,10003.0,14014.247
1329.0,10415.0,14017.007
1330.0,10217.0,14023.0
828.0,10278.0,14042.618
1331.0,10211.0,14057.05
1275.0,10103.0,14066.243
111.0,10034.0,14079.1
1332.0,10009.0,14085.291000000001
1333.0,10007.0,14093.213
1334.0,10083.0,14097.398000000001
1335.0,10139.0,14099.3
621.0,10007.0,14101.351
957.0,10007.0,14102.117
1336.0,10011.0,14108.719
1337.0,10003.0,14110.376
193.0,10402.0,14118.412
725.0,10416.0,14124.408000000001
1338.0,10006.0,14136.813
1339.0,10217.0,14139.931
1124.0,10370.0,14145.628999999999
934.0,10089.0,14159.548
1340.0,10219.0,14167.507
136.0,10045.0,14167.903999999999
5.0,10004.0,14170.659
1341.0,10219.0,14189.116000000002
272.0,10011.0,14191.841
934.0,10089.0,14205.866000000002
1008.0,10011.0,14207.684
1342.0,10025.0,14212.163
368.0,10097.0,14213.546
1343.0,10417.0,14215.54
1060.0,10418.0,14219.801000000001
1133.0,10007.0,14222.267
1344.0,10108.0,14223.362
934.0,10089.0,14227.153999999999
555.0,10149.0,14230.358
1345.0,10016.0,14233.271
166.0,10033.0,14240.538999999999
1346.0,10033.0,14264.575
1347.0,10034.0,14264.851
1128.0,10066.0,14265.993999999999
894.0,10144.0,14285.483
138.0,10025.0,14289.58
1291.0,10034.0,14304.376
631.0,10007.0,14305.156
1348.0,10298.0,14331.85
1349.0,10033.0,14333.511999999999
917.0,10007.0,14342.926000000001
247.0,10077.0,14356.642
1311.0,10077.0,14358.152
543.0,10033.0,14358.513
1275.0,10047.0,14361.548999999999
1350.0,10058.0,14369.184
1351.0,10148.0,14371.659
934.0,10089.0,14372.571000000002
1349.0,10033.0,14376.282
1352.0,10147.0,14381.66
1193.0,10032.0,14383.162
11.0,10009.0,14391.023000000001
1107.0,10011.0,14391.906
1353.0,10033.0,14394.948
1028.0,10007.0,14395.333
1354.0,10032.0,14396.465
1355.0,10034.0,14398.77
934.0,10089.0,14402.421
1356.0,10318.0,14411.155
1188.0,10006.0,14411.18
1357.0,10037.0,14413.725
520.0,10155.0,14416.872
854.0,10003.0,14437.141000000001
1358.0,10070.0,14449.444
596.0,10093.0,14451.082
120.0,10073.0,14454.063999999998
1359.0,10266.0,14454.34
672.0,10033.0,14456.403999999999
102.0,10083.0,14462.33
1359.0,10239.0,14475.703000000001
1360.0,10419.0,14487.399
917.0,10007.0,14490.27
1015.0,10147.0,14493.421999999999
934.0,10235.0,14505.472
1361.0,10101.0,14509.74
1309.0,10033.0,14539.965
1362.0,10047.0,14541.368999999999
1164.0,10033.0,14550.306
786.0,10147.0,14556.438999999998
577.0,10016.0,14556.577
1363.0,10147.0,14561.725
1364.0,10278.0,14567.708
596.0,10007.0,14574.693000000001
1365.0,10420.0,14578.573
1366.0,10141.0,14578.573
586.0,10246.0,14581.606000000002
70.0,10045.0,14587.15
1367.0,10244.0,14599.323
943.0,10033.0,14604.035
934.0,10025.0,14606.033000000001
1368.0,10007.0,14606.212
853.0,10011.0,14639.573
1369.0,10003.0,14640.686000000002
934.0,10089.0,14641.265
600.0,10235.0,14650.435
1291.0,10039.0,14653.213
1370.0,10421.0,14666.562
914.0,10039.0,14667.688
1371.0,10422.0,14672.92
1372.0,10032.0,14675.816
138.0,10083.0,14676.046
1367.0,10244.0,14680.344
1122.0,10052.0,14684.784
356.0,10007.0,14691.953000000001
1266.0,10001.0,14694.173999999999
44.0,10028.0,14700.746000000001
1373.0,10091.0,14711.195
151.0,10016.0,14712.163
555.0,10032.0,14716.258
1374.0,10039.0,14718.011
1375.0,10025.0,14736.027
596.0,10007.0,14753.66
1376.0,10003.0,14755.876
1221.0,10212.0,14765.652
102.0,10423.0,14766.483
1195.0,10092.0,14773.891000000001
367.0,10052.0,14775.506000000001
129.0,10039.0,14776.167
102.0,10424.0,14776.955
1377.0,10033.0,14781.107
57.0,10097.0,14781.285
1378.0,10003.0,14781.613000000001
1042.0,10033.0,14782.185
894.0,10144.0,14783.986
629.0,10077.0,14785.555
1379.0,10003.0,14803.204
1171.0,10425.0,14807.162
1380.0,10426.0,14808.954
102.0,10135.0,14814.48
111.0,10033.0,14814.569
1381.0,10034.0,14831.783000000001
1361.0,10055.0,14833.148000000001
1382.0,10003.0,14838.902
102.0,10076.0,14843.819
1244.0,10227.0,14847.715
861.0,10007.0,14854.02
102.0,10140.0,14861.735
1330.0,10427.0,14866.353000000001
1178.0,10164.0,14884.725
102.0,10071.0,14892.503999999999
429.0,10033.0,14894.561000000002
917.0,10007.0,14896.176000000001
1252.0,10039.0,14896.873
1091.0,10016.0,14914.501
1383.0,10003.0,14923.25
1384.0,10011.0,14927.377
882.0,10053.0,14929.844
1385.0,10428.0,14940.083
1386.0,10007.0,14941.19
510.0,10011.0,14957.507
115.0,10039.0,14961.791000000001
1387.0,10003.0,14976.641000000001
1347.0,10034.0,14977.628
1349.0,10033.0,14978.608999999999
102.0,10429.0,14979.883999999998
1388.0,10033.0,14981.375
1389.0,10007.0,14991.151000000002
1390.0,10150.0,14991.792
1197.0,10007.0,14993.448
214.0,10119.0,14994.943000000001
1391.0,10028.0,14996.659
1392.0,10205.0,15010.229
1307.0,10430.0,15020.569
1042.0,10033.0,15024.006000000001
1393.0,10331.0,15027.348999999998
1394.0,10155.0,15032.38
156.0,10007.0,15036.848999999998
136.0,10016.0,15038.955
885.0,10011.0,15041.761
102.0,10140.0,15043.271999999999
102.0,10431.0,15047.55
1395.0,10116.0,15055.028
1396.0,10008.0,15064.521999999999
1397.0,10098.0,15064.81
1398.0,10033.0,15065.128
1386.0,10007.0,15066.687
207.0,10033.0,15067.091999999999
905.0,10033.0,15068.668
934.0,10025.0,15071.671999999999
786.0,10147.0,15078.094
1042.0,10033.0,15079.633999999998
496.0,10057.0,15091.374
81.0,10048.0,15091.794
1399.0,10006.0,15093.1
1400.0,10020.0,15096.431
1401.0,10114.0,15113.358
134.0,10054.0,15120.133
1084.0,10432.0,15128.751
619.0,10240.0,15133.258999999998
555.0,10149.0,15136.256000000001
1402.0,10033.0,15136.656
555.0,10149.0,15137.393999999998
555.0,10149.0,15138.534
1355.0,10134.0,15150.653
1403.0,10433.0,15151.788999999999
1042.0,10033.0,15157.671999999999
1008.0,10011.0,15168.038999999999
1391.0,10028.0,15179.607
1316.0,10412.0,15195.573
1404.0,10394.0,15195.787
268.0,10071.0,15198.065
1405.0,10003.0,15211.317
1406.0,10064.0,15212.106000000002
192.0,10016.0,15215.444
1183.0,10434.0,15216.572
1319.0,10003.0,15227.288
506.0,10033.0,15235.606000000002
1407.0,10034.0,15235.713
1367.0,10435.0,15236.252
732.0,10040.0,15248.035
1408.0,10032.0,15257.363000000001
1409.0,10073.0,15271.687
917.0,10007.0,15317.218
1410.0,10047.0,15321.681999999999
120.0,10073.0,15327.171
1411.0,10122.0,15339.911
816.0,10016.0,15347.288999999999
1412.0,10043.0,15350.921999999999
1042.0,10033.0,15352.485
1413.0,10278.0,15374.457
841.0,10003.0,15377.575
1414.0,10073.0,15384.469
1415.0,10093.0,15384.81
577.0,10313.0,15390.883999999998
1355.0,10436.0,15397.405
271.0,10007.0,15399.73
1416.0,10007.0,15412.108999999999
1008.0,10011.0,15418.796999999999
1417.0,10007.0,15419.605
1418.0,10437.0,15420.381000000001
1419.0,10003.0,15424.236
85.0,10032.0,15427.14
1420.0,10003.0,15427.162
1421.0,10163.0,15445.485
1422.0,10020.0,15455.013
1423.0,10165.0,15456.401000000002
1424.0,10034.0,15456.815
1308.0,10033.0,15462.615
1425.0,10003.0,15467.752
395.0,10152.0,15484.885
1426.0,10219.0,15494.002
1276.0,10217.0,15494.303999999998
1111.0,10034.0,15500.802
1316.0,10112.0,15505.411
1427.0,10039.0,15511.438
429.0,10033.0,15513.589
1368.0,10007.0,15513.63
1428.0,10033.0,15520.848
725.0,10438.0,15534.329
1429.0,10026.0,15534.683
14.0,10007.0,15535.101999999999
436.0,10033.0,15535.776000000002
1372.0,10032.0,15551.26
1402.0,10291.0,15554.312
1430.0,10032.0,15563.695
1042.0,10033.0,15564.443000000001
145.0,10006.0,15573.777
839.0,10306.0,15583.673
1390.0,10150.0,15598.83
1.0,10016.0,15599.731000000002
442.0,10188.0,15615.675
1347.0,10034.0,15618.58
381.0,10388.0,15620.822
311.0,10071.0,15620.9
957.0,10439.0,15627.483999999999
861.0,10007.0,15640.253999999999
1431.0,10031.0,15653.216999999999
560.0,10008.0,15658.005
1432.0,10003.0,15664.243
1433.0,10003.0,15664.813999999998
733.0,10033.0,15672.526000000002
1111.0,10032.0,15688.761
1106.0,10034.0,15689.093
1434.0,10259.0,15715.448
1435.0,10045.0,15727.758
1436.0,10091.0,15731.106000000002
880.0,10061.0,15734.249
1437.0,10230.0,15734.386
599.0,10210.0,15742.268
1416.0,10007.0,15746.191
1438.0,10183.0,15748.513
1439.0,10033.0,15763.917
1440.0,10003.0,15779.885
61.0,10440.0,15789.157
5.0,10004.0,15790.692
801.0,10007.0,15790.923
1441.0,10007.0,15803.847
1252.0,10039.0,15806.37
319.0,10033.0,15806.895
1442.0,10034.0,15807.706
1443.0,10073.0,15808.276000000002
1444.0,10409.0,15812.463
1445.0,10441.0,15814.851999999999
1084.0,10432.0,15831.367
159.0,10011.0,15835.944
103.0,10079.0,15836.678
781.0,10034.0,15837.016000000001
122.0,10101.0,15845.208
1446.0,10007.0,15849.573
1367.0,10442.0,15852.483
1447.0,10007.0,15857.271
111.0,10033.0,15859.943000000001
1228.0,10119.0,15867.5
1448.0,10443.0,15878.016000000001
1316.0,10091.0,15882.837
1449.0,10007.0,15885.112
669.0,10003.0,15885.656
1060.0,10074.0,15897.277
1450.0,10047.0,15901.686000000002
1451.0,10149.0,15902.981000000002
136.0,10016.0,15913.757
1452.0,10020.0,15919.923999999999
1442.0,10035.0,15931.661
1336.0,10011.0,15941.737
1453.0,10271.0,15942.93
1377.0,10033.0,15944.237
1128.0,10066.0,15944.681
1251.0,10003.0,15946.391000000001
1454.0,10052.0,15947.728000000001
1155.0,10061.0,15951.972
890.0,10033.0,15956.49
1455.0,10273.0,15960.996000000001
1398.0,10033.0,15961.671999999999
1303.0,10032.0,15962.093
1316.0,10091.0,15968.251
1456.0,10332.0,15972.098
1122.0,10052.0,15976.92
1446.0,10007.0,15978.985
129.0,10039.0,16000.063
1457.0,10016.0,16003.868999999999
560.0,10008.0,16005.453000000001
1458.0,10428.0,16008.606000000002
1171.0,10247.0,16010.365
1459.0,10211.0,16018.678
1371.0,10444.0,16034.683
577.0,10093.0,16038.906
1367.0,10177.0,16041.351999999999
1460.0,10147.0,16045.241000000002
1271.0,10149.0,16046.452
1461.0,10003.0,16060.951000000001
1462.0,10055.0,16063.782
746.0,10007.0,16064.988000000001
1209.0,10006.0,16071.371000000001
486.0,10011.0,16077.403999999999
1253.0,10033.0,16108.985
1340.0,10147.0,16109.075
1463.0,10278.0,16110.817
205.0,10033.0,16118.694
1221.0,10212.0,16120.983
1325.0,10115.0,16120.998
1446.0,10007.0,16138.399
567.0,10227.0,16142.395
278.0,10047.0,16142.651000000002
243.0,10025.0,16153.587
1464.0,10413.0,16156.913999999999
151.0,10016.0,16176.171
1465.0,10413.0,16176.485
1466.0,10445.0,16178.038
1467.0,10446.0,16195.663999999999
957.0,10007.0,16206.91
1442.0,10034.0,16213.766000000001
1468.0,10375.0,16220.037
276.0,10139.0,16226.341999999999
1469.0,10064.0,16242.948999999999
1470.0,10447.0,16244.58
1471.0,10323.0,16250.094
1472.0,10077.0,16252.639
1367.0,10448.0,16261.457
1473.0,10044.0,16261.532
493.0,10034.0,16313.112
1446.0,10007.0,16323.443000000001
1042.0,10033.0,16329.499
1367.0,10051.0,16330.212
1031.0,10398.0,16354.242
1008.0,10011.0,16356.421999999999
1442.0,10034.0,16363.774
1470.0,10447.0,16364.101
1474.0,10265.0,16368.353000000001
1475.0,10003.0,16372.556
319.0,10033.0,16373.257
1445.0,10007.0,16374.033000000001
774.0,10011.0,16376.888
1367.0,10449.0,16384.478
1476.0,10003.0,16385.414
1207.0,10145.0,16398.751
1439.0,10033.0,16403.356
1477.0,10037.0,16412.743000000002
1190.0,10147.0,16417.181
1478.0,10003.0,16421.931
1207.0,10380.0,16422.326
1479.0,10021.0,16424.361
1480.0,10339.0,16426.828999999998
1481.0,10403.0,16431.831000000002
1111.0,10450.0,16439.089
1482.0,10144.0,16442.769
1483.0,10055.0,16447.38
122.0,10073.0,16447.811999999998
131.0,10033.0,16459.901
1484.0,10003.0,16467.75
1485.0,10003.0,16469.795
1446.0,10007.0,16471.93
1476.0,10003.0,16475.386000000002
261.0,10032.0,16477.265
1367.0,10244.0,16478.889
1361.0,10055.0,16485.023
1008.0,10011.0,16501.517
1486.0,10149.0,16509.613
1451.0,10149.0,16513.593
555.0,10032.0,16522.627
120.0,10073.0,16525.278000000002
1487.0,10055.0,16526.482
102.0,10451.0,16526.895
261.0,10110.0,16527.214
207.0,10033.0,16535.387
217.0,10452.0,16541.461
1488.0,10453.0,16547.153000000002
1469.0,10064.0,16554.343
1042.0,10033.0,16560.536
1117.0,10177.0,16560.742
1489.0,10073.0,16561.678
956.0,10006.0,16567.607
901.0,10033.0,16574.822
725.0,10433.0,16580.747
1314.0,10027.0,16587.56
1431.0,10017.0,16592.27
1354.0,10032.0,16593.435
1490.0,10007.0,16598.855
683.0,10093.0,16600.018
583.0,10007.0,16613.985
733.0,10011.0,16617.686
1491.0,10034.0,16623.22
1307.0,10454.0,16623.242
1492.0,10003.0,16623.418999999998
1289.0,10455.0,16628.06
1493.0,10015.0,16628.692
1494.0,10456.0,16646.631
1495.0,10037.0,16665.119
1496.0,10302.0,16670.508
1408.0,10032.0,16683.721
1415.0,10051.0,16688.814
360.0,10045.0,16692.128
192.0,10016.0,16693.74
1164.0,10037.0,16709.01
1495.0,10037.0,16712.87
1388.0,10033.0,16714.35
802.0,10030.0,16723.171000000002
1469.0,10064.0,16726.348
1472.0,10077.0,16738.578999999998
859.0,10052.0,16748.639
1497.0,10033.0,16749.036
1498.0,10349.0,16762.438000000002
1372.0,10032.0,16763.534
1499.0,10208.0,16774.356
1281.0,10149.0,16777.506
583.0,10007.0,16777.881999999998
1500.0,10118.0,16784.965
1303.0,10032.0,16804.487
1501.0,10457.0,16815.61
1502.0,10087.0,16818.587
311.0,10071.0,16822.103
158.0,10020.0,16835.529
788.0,10017.0,16839.648999999998
1502.0,10087.0,16855.915
1503.0,10047.0,16862.936999999998
8.0,10007.0,16863.715
136.0,10045.0,16871.4
1504.0,10011.0,16883.116
1505.0,10003.0,16889.667
1506.0,10033.0,16891.105
1111.0,10065.0,16906.131999999998
1184.0,10007.0,16929.418999999998
1507.0,10162.0,16929.523999999998
1508.0,10192.0,16937.112
1508.0,10195.0,16937.154
1508.0,10170.0,16940.543
850.0,10149.0,16944.646
1509.0,10033.0,16954.407
1510.0,10073.0,16959.9
628.0,10033.0,16961.268
1511.0,10077.0,16961.278000000002
1512.0,10034.0,16974.542
1513.0,10458.0,16979.991
1386.0,10007.0,16986.575
1514.0,10014.0,16992.833
683.0,10001.0,16994.877
885.0,10011.0,17004.898
253.0,10459.0,17005.11
151.0,10016.0,17013.286
1515.0,10007.0,17015.551
1171.0,10086.0,17024.368000000002
880.0,10061.0,17024.936999999998
564.0,10011.0,17027.61
1469.0,10064.0,17033.836
785.0,10055.0,17042.886000000002
1442.0,10034.0,17043.311
1111.0,10073.0,17048.326
667.0,10393.0,17053.635
1516.0,10263.0,17056.186
1483.0,10055.0,17063.827
144.0,10073.0,17069.678
1517.0,10433.0,17071.258
1501.0,10457.0,17094.482
1283.0,10047.0,17095.266
1518.0,10003.0,17096.035
1053.0,10017.0,17116.31
1519.0,10316.0,17125.816000000003
1520.0,10460.0,17125.816000000003
555.0,10032.0,17128.373
1521.0,10016.0,17130.064
1283.0,10168.0,17132.659
120.0,10073.0,17133.066000000003
1522.0,10032.0,17133.61
1523.0,10461.0,17133.795
1524.0,10359.0,17136.141
1525.0,10087.0,17136.504
1276.0,10217.0,17142.485
1526.0,10065.0,17148.081000000002
1527.0,10462.0,17163.834
999.0,10032.0,17167.236
1528.0,10007.0,17167.526
1510.0,10077.0,17168.995
1529.0,10007.0,17179.621
1221.0,10212.0,17182.171000000002
1377.0,10033.0,17183.615
1367.0,10449.0,17184.879
1117.0,10177.0,17185.686999999998
1530.0,10033.0,17185.707
798.0,10463.0,17189.641
1531.0,10178.0,17197.828
1527.0,10462.0,17210.554
1275.0,10047.0,17212.321
1532.0,10003.0,17226.05
1422.0,10020.0,17229.866
1533.0,10047.0,17239.542
1534.0,10229.0,17269.483
1367.0,10464.0,17282.377
1535.0,10011.0,17292.478
153.0,10088.0,17297.891
153.0,10088.0,17299.556
1006.0,10033.0,17307.569
845.0,10122.0,17311.069
1367.0,10016.0,17317.879
1536.0,10162.0,17325.296000000002
1536.0,10465.0,17328.096999999998
1281.0,10149.0,17331.172
1537.0,10127.0,17347.42
1538.0,10234.0,17355.945
236.0,10373.0,17356.74
27.0,10247.0,17357.841
147.0,10011.0,17371.475
1439.0,10033.0,17378.316000000003
1537.0,10392.0,17379.64
1416.0,10007.0,17380.465
828.0,10278.0,17380.523999999998
664.0,10093.0,17387.905
1539.0,10041.0,17390.841
1386.0,10007.0,17394.236
1540.0,10008.0,17394.747
292.0,10020.0,17395.061
1496.0,10433.0,17407.83
1506.0,10033.0,17412.565
1439.0,10033.0,17415.083
1514.0,10047.0,17420.23
1271.0,10149.0,17427.384
1541.0,10154.0,17432.144
1538.0,10234.0,17434.328
320.0,10020.0,17435.548
1250.0,10088.0,17439.176
1542.0,10033.0,17446.161
925.0,10266.0,17448.651
156.0,10089.0,17451.061
1101.0,10033.0,17451.203
27.0,10212.0,17462.005
560.0,10238.0,17468.293
1524.0,10466.0,17471.055
1543.0,10467.0,17476.893
732.0,10040.0,17483.371
51.0,10032.0,17486.968
1543.0,10195.0,17487.082
1503.0,10047.0,17487.641
1381.0,10034.0,17490.226000000002
1544.0,10003.0,17497.738
292.0,10020.0,17501.198
1303.0,10032.0,17502.884
1343.0,10417.0,17506.618000000002
1545.0,10003.0,17517.76
1538.0,10234.0,17518.631
1469.0,10064.0,17518.655
158.0,10025.0,17525.452
1406.0,10064.0,17528.267
1546.0,10151.0,17529.968
1258.0,10020.0,17570.5
1275.0,10047.0,17573.346999999998
959.0,10001.0,17578.345
292.0,10020.0,17579.836
983.0,10039.0,17584.379
788.0,10016.0,17585.115
1547.0,10033.0,17585.513
691.0,10055.0,17585.583
1511.0,10077.0,17590.892
1330.0,10427.0,17593.383
1383.0,10003.0,17596.497
880.0,10061.0,17599.159
1252.0,10039.0,17600.373
1548.0,10091.0,17604.764
1549.0,10007.0,17620.15
837.0,10007.0,17622.598
1511.0,10077.0,17636.01
1550.0,10020.0,17640.229
1551.0,10033.0,17640.824
370.0,10290.0,17651.22
187.0,10076.0,17656.221
1538.0,10234.0,17671.433
1552.0,10007.0,17677.409
1550.0,10059.0,17677.77
1442.0,10034.0,17694.896
1553.0,10178.0,17701.576
634.0,10456.0,17711.343
1554.0,10019.0,17713.144
207.0,10073.0,17716.338
683.0,10177.0,17718.78
1555.0,10011.0,17720.965
1534.0,10229.0,17729.506
560.0,10238.0,17732.346999999998
1556.0,10154.0,17734.756
1557.0,10033.0,17758.889
1190.0,10147.0,17764.244
1558.0,10047.0,17769.536
983.0,10468.0,17791.186
231.0,10054.0,17804.894
795.0,10034.0,17806.912
788.0,10032.0,17815.408
628.0,10033.0,17822.462
1422.0,10020.0,17830.272
1542.0,10033.0,17833.004
1291.0,10273.0,17836.912
1559.0,10003.0,17837.945
1560.0,10020.0,17839.057
1561.0,10177.0,17840.163
1488.0,10453.0,17844.729
1562.0,10075.0,17854.72
1563.0,10034.0,17872.427
1442.0,10034.0,17901.105
1481.0,10103.0,17907.305
1301.0,10003.0,17922.199
1564.0,10008.0,17942.987
1275.0,10047.0,17944.315
1565.0,10011.0,17953.273999999998
345.0,10073.0,17957.103
1372.0,10032.0,17959.861
393.0,10469.0,17962.371
1377.0,10033.0,17964.689
131.0,10093.0,17976.738999999998
1468.0,10093.0,17984.531000000003
1.0,10073.0,17998.878
1566.0,10196.0,18002.95
1023.0,10007.0,18006.79
102.0,10198.0,18007.181
1469.0,10064.0,18014.668
464.0,10173.0,18022.282
1557.0,10033.0,18033.032
1567.0,10139.0,18042.32
1475.0,10003.0,18044.105
120.0,10073.0,18048.065
1568.0,10032.0,18049.151
872.0,10003.0,18052.068
1508.0,10195.0,18052.692
1524.0,10073.0,18054.27
1508.0,10192.0,18055.509
159.0,10011.0,18055.841
1508.0,10170.0,18058.846
555.0,10032.0,18059.014
1312.0,10411.0,18061.131999999998
151.0,10048.0,18062.072
1507.0,10162.0,18066.164
1569.0,10470.0,18076.346999999998
1570.0,10471.0,18078.674
1179.0,10058.0,18090.231
1469.0,10064.0,18104.124
1571.0,10003.0,18112.546000000002
1189.0,10055.0,18124.837
999.0,10032.0,18129.666
1570.0,10472.0,18135.453999999998
1572.0,10473.0,18139.031000000003
1179.0,10026.0,18143.863999999998
1573.0,10020.0,18144.547
445.0,10085.0,18152.156000000003
125.0,10077.0,18154.073
1386.0,10007.0,18155.429
1570.0,10474.0,18164.788
1188.0,10006.0,18166.205
1464.0,10238.0,18167.311
1526.0,10039.0,18172.273
1439.0,10033.0,18180.034
1408.0,10032.0,18187.299
1481.0,10403.0,18190.308
409.0,10040.0,18202.453999999998
1574.0,10009.0,18205.876
1548.0,10022.0,18205.988
1539.0,10041.0,18208.275
1575.0,10017.0,18209.45
1576.0,10073.0,18216.179
1577.0,10007.0,18246.359
1578.0,10475.0,18247.971999999998
1503.0,10047.0,18255.052
145.0,10006.0,18260.293
1579.0,10087.0,18267.072
1506.0,10033.0,18269.756
1580.0,10073.0,18271.643
1569.0,10155.0,18285.995
1303.0,10032.0,18289.785
1578.0,10204.0,18291.087
785.0,10055.0,18291.121
1553.0,10093.0,18299.976000000002
1581.0,10164.0,18314.045
1096.0,10050.0,18319.244
102.0,10458.0,18320.308999999997
1532.0,10003.0,18326.793
260.0,10003.0,18328.177
145.0,10006.0,18332.405
1582.0,10021.0,18335.945
1574.0,10033.0,18339.142
88.0,10212.0,18348.004
1558.0,10047.0,18356.603
265.0,10476.0,18371.492
167.0,10208.0,18375.043
1583.0,10238.0,18378.951
1584.0,10007.0,18389.902
1585.0,10453.0,18393.65
1023.0,10057.0,18396.111
129.0,10039.0,18396.878
1529.0,10212.0,18399.732
1569.0,10155.0,18401.782
111.0,10033.0,18406.77
393.0,10149.0,18418.4
882.0,10088.0,18419.174
1442.0,10020.0,18420.324
1586.0,10016.0,18433.643
102.0,10477.0,18441.362
1469.0,10064.0,18444.208
785.0,10033.0,18453.282
1587.0,10189.0,18459.752
683.0,10238.0,18463.817
1588.0,10034.0,18466.623
785.0,10033.0,18475.449
1589.0,10407.0,18477.974
1276.0,10217.0,18481.023999999998
1581.0,10164.0,18485.045
1415.0,10177.0,18494.677
1557.0,10033.0,18497.758
1590.0,10003.0,18500.644
1591.0,10014.0,18503.933999999997
1592.0,10478.0,18505.58
1593.0,10054.0,18510.205
1594.0,10073.0,18516.922
1595.0,10144.0,18518.228
677.0,10003.0,18518.688000000002
560.0,10033.0,18539.15
1596.0,10017.0,18540.186
1597.0,10282.0,18555.513
1598.0,10479.0,18558.503
824.0,10033.0,18562.172
1595.0,10144.0,18568.581000000002
1599.0,10139.0,18575.05
1569.0,10155.0,18579.508
286.0,10014.0,18583.609
1600.0,10083.0,18593.665
937.0,10011.0,18595.902
1601.0,10003.0,18597.009
974.0,10020.0,18611.967
1602.0,10007.0,18613.605
453.0,10097.0,18618.6
121.0,10051.0,18621.241
1281.0,10149.0,18621.738999999998
278.0,10047.0,18627.023
1060.0,10057.0,18633.773
537.0,10032.0,18642.697
825.0,10011.0,18655.445
1034.0,10011.0,18657.255
1592.0,10478.0,18663.429
740.0,10129.0,18675.666
1603.0,10024.0,18687.417
1604.0,10003.0,18689.378
1605.0,10008.0,18697.211
794.0,10114.0,18698.273999999998
1606.0,10339.0,18702.756
203.0,10037.0,18704.854
1569.0,10225.0,18718.038
102.0,10480.0,18723.216
1607.0,10481.0,18724.951
1020.0,10003.0,18726.656000000003
450.0,10189.0,18726.856
93.0,10060.0,18731.105
409.0,10040.0,18736.396
684.0,10033.0,18741.773999999998
125.0,10077.0,18743.363
1595.0,10144.0,18753.075
1494.0,10007.0,18754.066000000003
1521.0,10016.0,18757.498
1588.0,10482.0,18761.777
1597.0,10282.0,18767.165
1291.0,10106.0,18777.61
1413.0,10278.0,18782.44
1608.0,10015.0,18788.442
574.0,10147.0,18799.215
1609.0,10079.0,18807.076
1548.0,10347.0,18809.901
1610.0,10076.0,18821.843999999997
1588.0,10349.0,18833.086
286.0,10014.0,18840.974
1560.0,10020.0,18846.692
1526.0,10149.0,18854.946
1171.0,10483.0,18856.766
902.0,10020.0,18861.7
805.0,10057.0,18862.357
1611.0,10003.0,18862.851000000002
1608.0,10015.0,18863.359
1612.0,10003.0,18867.418999999998
1613.0,10055.0,18874.929
1614.0,10003.0,18892.608
1281.0,10149.0,18896.958
1615.0,10003.0,18899.336
453.0,10097.0,18902.849
1616.0,10034.0,18906.4
892.0,10006.0,18910.443
1617.0,10087.0,18926.876
120.0,10073.0,18932.525
1618.0,10007.0,18954.397
1388.0,10033.0,18977.488
1619.0,10484.0,18979.467
1620.0,10105.0,18980.496
737.0,10020.0,18983.282
1034.0,10011.0,18984.023
1621.0,10056.0,19007.732
1459.0,10129.0,19009.766
1427.0,10039.0,19015.071
1303.0,10032.0,19020.57
1442.0,10016.0,19020.615
1569.0,10177.0,19034.053
1622.0,10003.0,19042.961
1592.0,10478.0,19047.168999999998
1583.0,10238.0,19051.621
555.0,10149.0,19052.18
555.0,10149.0,19052.982
1623.0,10032.0,19065.659
1624.0,10282.0,19081.957
1625.0,10330.0,19084.421000000002
1626.0,10362.0,19093.82
634.0,10244.0,19109.496
1569.0,10051.0,19111.769
1083.0,10177.0,19118.011000000002
1616.0,10034.0,19120.28
1589.0,10407.0,19122.185
957.0,10007.0,19124.353
732.0,10040.0,19131.384
1627.0,10003.0,19138.164
259.0,10071.0,19144.421000000002
1628.0,10003.0,19144.72
1629.0,10007.0,19145.37
1503.0,10047.0,19153.113
1372.0,10032.0,19153.775
1630.0,10153.0,19160.501
1341.0,10219.0,19173.445
1492.0,10003.0,19174.33
937.0,10011.0,19197.212
1.0,10001.0,19199.246
1631.0,10007.0,19203.803
1632.0,10011.0,19205.72
1569.0,10051.0,19211.8
442.0,10188.0,19218.171000000002
1581.0,10164.0,19219.261000000002
1633.0,10026.0,19283.193
577.0,10357.0,19289.923
1281.0,10149.0,19305.153000000002
129.0,10039.0,19306.858
1634.0,10147.0,19312.206000000002
14.0,10007.0,19327.412
830.0,10159.0,19327.785
393.0,10152.0,19328.751
258.0,10017.0,19337.453
1573.0,10020.0,19337.741
1635.0,10003.0,19345.797
1636.0,10339.0,19373.29
14.0,10007.0,19374.111
1637.0,10011.0,19375.298
1638.0,10031.0,19379.598
1639.0,10244.0,19393.477
1276.0,10217.0,19396.516
1640.0,10485.0,19405.282
286.0,10014.0,19420.652
1641.0,10047.0,19430.762
13.0,10011.0,19432.532
125.0,10077.0,19446.078999999998
1221.0,10032.0,19447.143
395.0,10152.0,19447.884
1535.0,10011.0,19447.884
1642.0,10066.0,19450.144
1569.0,10093.0,19452.36
1526.0,10149.0,19456.828999999998
1643.0,10003.0,19459.153000000002
892.0,10006.0,19459.863999999998
1641.0,10389.0,19484.846
1189.0,10033.0,19489.518
109.0,10001.0,19493.278000000002
1644.0,10149.0,19505.653000000002
784.0,10108.0,19526.576
1569.0,10051.0,19534.612
81.0,10048.0,19537.799
1644.0,10149.0,19538.137
767.0,10212.0,19547.909
1503.0,10047.0,19552.203999999998
882.0,10312.0,19556.769
1645.0,10033.0,19576.827
1646.0,10266.0,19579.12
1647.0,10034.0,19590.581000000002
1646.0,10239.0,19592.689
956.0,10006.0,19594.616
1189.0,10033.0,19596.05
1648.0,10006.0,19600.982
1209.0,10006.0,19605.99
1644.0,10149.0,19622.032
1298.0,10007.0,19626.233
193.0,10093.0,19636.161
1644.0,10149.0,19648.57
1649.0,10025.0,19648.884
1641.0,10405.0,19659.311999999998
349.0,10025.0,19660.525
1172.0,10020.0,19667.266
1640.0,10025.0,19672.033
1281.0,10149.0,19675.922
136.0,10016.0,19694.702
1412.0,10043.0,19695.019
1626.0,10362.0,19699.234
746.0,10007.0,19717.16
1650.0,10007.0,19717.41
1303.0,10032.0,19723.068
1589.0,10009.0,19726.484
1488.0,10453.0,19726.484
1189.0,10033.0,19727.104
805.0,10057.0,19737.231
226.0,10135.0,19737.478
1641.0,10368.0,19740.192
1481.0,10342.0,19748.08
1586.0,10231.0,19749.787
151.0,10048.0,19753.285
556.0,10033.0,19760.765
1155.0,10020.0,19762.499
1651.0,10288.0,19764.161
1115.0,10033.0,19792.965
1652.0,10398.0,19825.36
120.0,10073.0,19833.081000000002
992.0,10040.0,19847.14
1653.0,10486.0,19859.034
1654.0,10010.0,19863.368000000002
1472.0,10010.0,19871.995
1026.0,10091.0,19880.389
1655.0,10487.0,19889.738999999998
1656.0,10047.0,19890.814
381.0,10488.0,19891.79
1657.0,10033.0,19892.84
589.0,10148.0,19893.445
1658.0,10223.0,19898.32
762.0,10033.0,19916.517
1659.0,10162.0,19916.893
1660.0,10087.0,19921.683
1661.0,10024.0,19925.049
1662.0,10089.0,19932.789
616.0,10031.0,19939.749
214.0,10119.0,19944.756
1663.0,10032.0,19952.967
1503.0,10047.0,19960.903000000002
1664.0,10011.0,19967.768
1271.0,10149.0,19972.992
29.0,10144.0,19977.461
1665.0,10034.0,19979.573
1655.0,10487.0,19979.958
1630.0,10153.0,19980.068
192.0,10016.0,19989.771
393.0,10260.0,19993.32
1481.0,10161.0,20007.66
1661.0,10054.0,20015.671000000002
1666.0,10003.0,20019.901
1667.0,10259.0,20048.151
1115.0,10223.0,20053.616
1668.0,10149.0,20075.477
311.0,10071.0,20115.343
555.0,10032.0,20116.193
1669.0,10087.0,20121.202
1670.0,10073.0,20123.028000000002
1671.0,10007.0,20126.503
1672.0,10489.0,20129.311
1496.0,10033.0,20130.866
907.0,10085.0,20132.345
1673.0,10070.0,20134.596
1674.0,10148.0,20138.561999999998
1675.0,10007.0,20145.098
1676.0,10007.0,20151.609
1526.0,10149.0,20155.565
193.0,10051.0,20175.057
1296.0,10408.0,20180.145
577.0,10212.0,20189.568
1533.0,10047.0,20191.648
1677.0,10036.0,20207.551
1367.0,10448.0,20215.047
1678.0,10007.0,20216.717
1622.0,10003.0,20217.947
628.0,10033.0,20220.631
137.0,10033.0,20220.787
1367.0,10177.0,20228.352
1679.0,10034.0,20238.648999999998
1573.0,10020.0,20241.801
1680.0,10007.0,20244.362
1395.0,10490.0,20244.538
1655.0,10487.0,20248.189
1238.0,10055.0,20249.221
520.0,10213.0,20250.173
368.0,10097.0,20268.787
1053.0,10017.0,20278.339
1681.0,10007.0,20279.462
1682.0,10033.0,20287.764
1481.0,10474.0,20290.447
907.0,10016.0,20291.67
1488.0,10453.0,20293.707
1683.0,10039.0,20304.791
286.0,10014.0,20313.925
1684.0,10033.0,20325.659
38.0,10479.0,20330.41
1291.0,10039.0,20337.296000000002
1221.0,10032.0,20340.633
1372.0,10032.0,20351.95
1685.0,10020.0,20354.676
1303.0,10032.0,20362.675
1187.0,10034.0,20370.505
1686.0,10003.0,20379.101000000002
1329.0,10415.0,20386.362
1626.0,10472.0,20390.756999999998
1510.0,10463.0,20394.496
868.0,10428.0,20397.207
1687.0,10091.0,20397.396
1688.0,10007.0,20402.215
1689.0,10147.0,20402.83
1690.0,10289.0,20407.467
788.0,10032.0,20409.443
1691.0,10003.0,20418.013
1692.0,10070.0,20427.12
902.0,10020.0,20433.479
1026.0,10091.0,20443.548
1586.0,10447.0,20452.038
1641.0,10047.0,20478.13
1693.0,10491.0,20489.953999999998
1694.0,10492.0,20491.238
1329.0,10165.0,20496.629
1695.0,10033.0,20498.682
1056.0,10121.0,20500.585
536.0,10037.0,20500.881
1641.0,10368.0,20503.99
125.0,10077.0,20514.781000000003
1481.0,10493.0,20524.307
1695.0,10033.0,20525.658
667.0,10494.0,20528.592
1641.0,10389.0,20533.445
1696.0,10204.0,20534.3
129.0,10039.0,20548.334
1469.0,10064.0,20560.095
1662.0,10109.0,20560.452
1695.0,10033.0,20572.145
1697.0,10461.0,20580.385
1698.0,10294.0,20585.053
734.0,10275.0,20585.968999999997
1699.0,10495.0,20587.933
351.0,10033.0,20601.646
1700.0,10408.0,20607.805
1701.0,10496.0,20624.168999999998
1682.0,10055.0,20630.711
947.0,10039.0,20642.741
1276.0,10147.0,20647.998
445.0,10051.0,20651.153000000002
880.0,10061.0,20653.601000000002
151.0,10016.0,20665.221999999998
1702.0,10033.0,20692.894
1361.0,10001.0,20723.241
308.0,10073.0,20724.77
1503.0,10047.0,20733.082
1481.0,10493.0,20736.133
1574.0,10033.0,20751.266
120.0,10073.0,20757.19
629.0,10243.0,20758.497
1584.0,10007.0,20765.849
1703.0,10497.0,20776.091
688.0,10033.0,20778.173
804.0,10047.0,20785.304
1704.0,10498.0,20787.892
1696.0,10499.0,20789.18
1705.0,10196.0,20796.64
1481.0,10493.0,20800.863
913.0,10007.0,20802.604
424.0,10090.0,20803.48
300.0,10066.0,20807.706000000002
1706.0,10500.0,20818.445
1526.0,10197.0,20826.72
675.0,10003.0,20842.457
1707.0,10110.0,20852.666
1708.0,10003.0,20868.403000000002
1709.0,10086.0,20869.973
1710.0,10003.0,20878.404
1557.0,10033.0,20884.351000000002
1204.0,10007.0,20886.908
1208.0,10047.0,20896.128
136.0,10016.0,20897.221999999998
1711.0,10032.0,20924.352
1712.0,10501.0,20939.104
913.0,10007.0,20948.363999999998
393.0,10273.0,20951.993000000002
666.0,10004.0,20962.903000000002
329.0,10003.0,20964.266
1641.0,10405.0,20964.779
825.0,10011.0,20986.112999999998
1713.0,10007.0,20986.346
1714.0,10007.0,20992.022
1715.0,10083.0,21004.803
320.0,10020.0,21004.851000000002
1716.0,10003.0,21016.862999999998
1717.0,10032.0,21026.534
1481.0,10502.0,21030.843999999997
1718.0,10110.0,21032.795
577.0,10245.0,21040.317000000003
313.0,10152.0,21052.403
1719.0,10003.0,21060.138
1626.0,10503.0,21066.395
553.0,10011.0,21068.682999999997
1720.0,10033.0,21076.499
14.0,10007.0,21116.276
1721.0,10020.0,21127.349
756.0,10011.0,21138.832000000002
1722.0,10032.0,21142.331000000002
1557.0,10033.0,21142.41
1131.0,10003.0,21147.604
1100.0,10504.0,21165.277000000002
1723.0,10077.0,21177.537999999997
1030.0,10003.0,21181.732000000004
879.0,10274.0,21191.167999999998
889.0,10003.0,21192.854
1724.0,10009.0,21193.156000000003
1725.0,10149.0,21196.849
1155.0,10020.0,21197.292
1276.0,10217.0,21201.456000000002
1726.0,10306.0,21209.914
1727.0,10505.0,21212.428
1557.0,10033.0,21215.193
1726.0,10306.0,21217.191000000003
1641.0,10047.0,21228.706000000002
1728.0,10006.0,21229.837000000003
406.0,10007.0,21241.539
892.0,10006.0,21241.862999999998
1729.0,10051.0,21250.432
1481.0,10506.0,21252.796000000002
1388.0,10033.0,21269.013
1650.0,10007.0,21273.017999999996
1329.0,10415.0,21274.613999999998
1520.0,10093.0,21285.437
892.0,10006.0,21298.007999999998
1730.0,10016.0,21298.167999999998
991.0,10507.0,21312.494
1731.0,10093.0,21318.507999999998
1732.0,10047.0,21318.572999999997
988.0,10020.0,21334.25
1733.0,10003.0,21336.422000000002
1102.0,10139.0,21336.841
555.0,10149.0,21337.928
555.0,10149.0,21338.19
1734.0,10033.0,21338.595
1630.0,10153.0,21344.289
1291.0,10039.0,21355.572999999997
1408.0,10032.0,21358.677000000003
1735.0,10122.0,21359.51
1531.0,10033.0,21362.028
1736.0,10020.0,21376.366
1737.0,10508.0,21400.363999999998
1738.0,10008.0,21409.583
1739.0,10487.0,21418.772999999997
1740.0,10034.0,21421.127
14.0,10007.0,21426.812
207.0,10177.0,21432.603
661.0,10211.0,21432.908
1531.0,10033.0,21434.45
165.0,10095.0,21437.005
236.0,10020.0,21442.286
882.0,10052.0,21454.26
1741.0,10115.0,21455.011000000002
798.0,10061.0,21455.351000000002
1742.0,10047.0,21479.699
1743.0,10196.0,21490.144
1252.0,10039.0,21499.902000000002
1744.0,10016.0,21500.382999999998
1729.0,10073.0,21518.075
1652.0,10052.0,21523.715
1741.0,10115.0,21540.027000000002
183.0,10008.0,21548.597999999998
1734.0,10033.0,21549.898999999998
803.0,10011.0,21555.525
1666.0,10003.0,21559.869
1650.0,10007.0,21567.686
1711.0,10032.0,21570.653
804.0,10047.0,21574.931
1565.0,10011.0,21581.09
1745.0,10033.0,21583.888
1746.0,10033.0,21587.61
1747.0,10306.0,21587.718999999997
48.0,10030.0,21596.604
1.0,10001.0,21599.972999999998
1020.0,10003.0,21602.877
859.0,10052.0,21608.21
1748.0,10003.0,21611.802000000003
120.0,10073.0,21613.372000000003
1329.0,10509.0,21615.154
1171.0,10094.0,21621.806
1749.0,10086.0,21627.822
1750.0,10349.0,21645.619
1751.0,10003.0,21648.111
1061.0,10009.0,21655.042
1751.0,10003.0,21655.689
1545.0,10003.0,21656.171000000002
136.0,10016.0,21660.166
1748.0,10003.0,21662.465
1329.0,10165.0,21666.244
1752.0,10075.0,21668.921000000002
594.0,10032.0,21671.897999999997
1509.0,10033.0,21682.621
1291.0,10053.0,21684.147
555.0,10032.0,21688.657000000003
1753.0,10003.0,21704.916
853.0,10011.0,21705.568
1754.0,10035.0,21709.595
1558.0,10047.0,21709.623
594.0,10039.0,21734.91
129.0,10039.0,21737.278
1755.0,10204.0,21744.504
1526.0,10197.0,21744.513
1749.0,10510.0,21749.761000000002
1756.0,10033.0,21749.78
619.0,10240.0,21751.46
1063.0,10003.0,21756.976000000002
38.0,10010.0,21762.795
919.0,10003.0,21789.906000000003
1757.0,10310.0,21793.886000000002
1758.0,10189.0,21799.49
1291.0,10273.0,21800.097999999998
1759.0,10003.0,21809.28
151.0,10016.0,21818.124
1645.0,10073.0,21829.272
1760.0,10152.0,21844.33
1592.0,10478.0,21853.017999999996
1761.0,10153.0,21858.738999999998
577.0,10349.0,21866.785
1503.0,10047.0,21867.697999999997
1762.0,10418.0,21870.304
1586.0,10447.0,21876.902000000002
1291.0,10418.0,21878.092
95.0,10186.0,21879.612
1763.0,10039.0,21885.263
781.0,10001.0,21890.577
214.0,10119.0,21891.568
379.0,10003.0,21893.29
1764.0,10052.0,21897.43
480.0,10171.0,21900.194
1481.0,10511.0,21912.807
1451.0,10149.0,21920.874
1765.0,10003.0,21928.535
133.0,10007.0,21929.787999999997
675.0,10003.0,21935.086
781.0,10093.0,21948.822
1766.0,10003.0,21961.036
880.0,10061.0,21966.342
1674.0,10148.0,21967.773999999998
1095.0,10033.0,21970.59
153.0,10088.0,21971.892000000003
1767.0,10039.0,21972.607999999997
1395.0,10155.0,21982.487
589.0,10231.0,21985.52
1768.0,10025.0,21989.662999999997
1769.0,10211.0,21991.001
1770.0,10090.0,22000.021
172.0,10512.0,22005.05
183.0,10008.0,22013.981
1771.0,10011.0,22016.321
1772.0,10125.0,22020.939
1644.0,10149.0,22023.201
1557.0,10033.0,22028.958
1773.0,10003.0,22034.562
1606.0,10339.0,22034.775
236.0,10175.0,22042.39
1000.0,10381.0,22053.314
1774.0,10033.0,22064.0
1775.0,10025.0,22079.586
1630.0,10153.0,22082.806
1644.0,10149.0,22083.58
111.0,10177.0,22084.777000000002
38.0,10316.0,22089.865
422.0,10047.0,22102.674
1644.0,10149.0,22102.674
1776.0,10011.0,22106.943
102.0,10513.0,22114.558999999997
193.0,10111.0,22115.64
102.0,10513.0,22122.346
1631.0,10007.0,22139.397
1777.0,10032.0,22142.404
1750.0,10428.0,22144.708
616.0,10031.0,22149.522
1606.0,10339.0,22150.611
1372.0,10032.0,22160.343999999997
1307.0,10020.0,22162.695
286.0,10014.0,22167.308999999997
1778.0,10514.0,22174.773999999998
1100.0,10025.0,22177.047000000002
1746.0,10033.0,22194.386000000002
1388.0,10033.0,22198.95
853.0,10011.0,22208.216
102.0,10515.0,22208.832000000002
1778.0,10516.0,22212.509
311.0,10071.0,22215.382
121.0,10051.0,22219.91
120.0,10073.0,22220.482000000004
1291.0,10232.0,22227.572999999997
422.0,10047.0,22254.994
1680.0,10007.0,22263.382999999998
183.0,10008.0,22266.24
102.0,10517.0,22266.61
1545.0,10003.0,22268.511000000002
1711.0,10032.0,22274.486
1779.0,10149.0,22277.51
1574.0,10033.0,22287.106
1780.0,10003.0,22288.254
102.0,10060.0,22292.531000000003
1565.0,10011.0,22312.418999999998
1781.0,10091.0,22319.729
102.0,10088.0,22336.192000000003
1782.0,10003.0,22337.011000000002
804.0,10047.0,22339.915
977.0,10351.0,22350.583
1783.0,10269.0,22356.463
1526.0,10093.0,22357.759
921.0,10003.0,22371.252999999997
1784.0,10039.0,22377.932
102.0,10127.0,22390.097
136.0,10016.0,22392.882
1736.0,10020.0,22395.086
102.0,10127.0,22398.083
1398.0,10033.0,22413.061
1785.0,10149.0,22419.781000000003
1171.0,10094.0,22425.914
599.0,10440.0,22438.796000000002
1786.0,10009.0,22446.081000000002
1787.0,10128.0,22446.952
1788.0,10081.0,22448.977000000003
1789.0,10003.0,22480.53
1291.0,10034.0,22484.054
286.0,10014.0,22486.851000000002
1457.0,10016.0,22490.931
332.0,10007.0,22491.324
320.0,10020.0,22508.193
334.0,10003.0,22512.472999999998
1790.0,10191.0,22524.009
14.0,10007.0,22524.492000000002
555.0,10032.0,22529.368
1741.0,10115.0,22545.307999999997
1791.0,10273.0,22550.968999999997
1792.0,10070.0,22555.528
1793.0,10121.0,22558.514
1794.0,10036.0,22559.797000000002
395.0,10152.0,22561.862
1795.0,10003.0,22566.994
1780.0,10003.0,22569.824
1796.0,10064.0,22582.677000000003
1312.0,10518.0,22594.453999999998
1454.0,10052.0,22597.12
1797.0,10003.0,22599.022999999997
1798.0,10011.0,22599.806
1536.0,10519.0,22611.484
1799.0,10033.0,22611.791
1530.0,10033.0,22618.275
1281.0,10149.0,22620.144
1800.0,10149.0,22625.908
1291.0,10273.0,22632.953999999998
1801.0,10003.0,22633.145
616.0,10031.0,22647.781000000003
1802.0,10040.0,22647.993
1803.0,10039.0,22658.132999999998
1545.0,10003.0,22664.228
1063.0,10003.0,22679.236
77.0,10003.0,22682.063
1694.0,10516.0,22686.709
1804.0,10003.0,22688.691000000003
1805.0,10003.0,22701.89
1557.0,10033.0,22711.955
1709.0,10086.0,22719.522999999997
1056.0,10409.0,22723.482000000004
1221.0,10032.0,22742.646
1806.0,10085.0,22748.927000000003
1269.0,10399.0,22752.326
1528.0,10023.0,22763.639
687.0,10065.0,22777.507999999998
1100.0,10055.0,22777.972
1503.0,10047.0,22796.837000000003
1.0,10016.0,22798.336
1807.0,10491.0,22801.035
1251.0,10003.0,22807.148999999998
368.0,10097.0,22808.661
562.0,10007.0,22814.751
1808.0,10020.0,22815.222
1439.0,10033.0,22825.697999999997
1630.0,10153.0,22826.886000000002
120.0,10073.0,22827.92
1809.0,10003.0,22829.929
1499.0,10208.0,22830.847999999998
236.0,10049.0,22833.117000000002
788.0,10008.0,22849.431
1231.0,10071.0,22853.963
1800.0,10149.0,22855.776
1810.0,10033.0,22857.725
125.0,10077.0,22859.654
48.0,10030.0,22860.299
1275.0,10047.0,22867.124
1811.0,10033.0,22867.455
1650.0,10007.0,22868.147999999997
1711.0,10032.0,22873.568
937.0,10011.0,22887.656000000003
640.0,10033.0,22892.722
248.0,10035.0,22910.39
1812.0,10115.0,22914.871
1813.0,10007.0,22923.492000000002
1814.0,10039.0,22931.341
1815.0,10011.0,22939.575
489.0,10027.0,22950.292
1816.0,10016.0,22956.992000000002
1557.0,10033.0,22961.104
1756.0,10033.0,22961.799
1781.0,10091.0,22971.112999999998
687.0,10065.0,22991.014
1503.0,10047.0,22992.241
923.0,10159.0,22994.493
818.0,10033.0,22995.476000000002
1817.0,10016.0,23003.271
1818.0,10059.0,23034.693
1819.0,10520.0,23036.47
286.0,10047.0,23039.185
1820.0,10369.0,23039.601000000002
1465.0,10413.0,23044.231
151.0,10048.0,23052.072999999997
1821.0,10047.0,23065.453999999998
1822.0,10369.0,23070.088
1823.0,10177.0,23073.987999999998
1526.0,10073.0,23083.245
788.0,10039.0,23088.83
1824.0,10521.0,23090.342
1786.0,10009.0,23097.148999999998
1825.0,10020.0,23097.148999999998
109.0,10007.0,23104.551
1826.0,10093.0,23118.061
1822.0,10195.0,23119.396
1827.0,10025.0,23129.481
1697.0,10461.0,23133.006
1828.0,10247.0,23143.082000000002
156.0,10214.0,23151.681
136.0,10016.0,23163.627999999997
368.0,10097.0,23164.23
1829.0,10003.0,23164.232999999997
129.0,10039.0,23164.513
1799.0,10055.0,23169.264
1735.0,10244.0,23182.301
1615.0,10003.0,23198.135
1830.0,10025.0,23210.631
1831.0,10020.0,23210.821
1832.0,10052.0,23231.317000000003
1311.0,10522.0,23235.194
1762.0,10418.0,23237.827999999998
1288.0,10065.0,23242.252
613.0,10085.0,23245.488999999998
1833.0,10003.0,23251.528
1834.0,10003.0,23253.414
555.0,10149.0,23253.728
1735.0,10244.0,23254.053
555.0,10149.0,23254.638
1835.0,10151.0,23255.088
555.0,10149.0,23255.612
555.0,10149.0,23256.243
1836.0,10523.0,23258.322999999997
1830.0,10025.0,23268.764
929.0,10119.0,23274.764
1837.0,10003.0,23292.08
1836.0,10523.0,23294.76
1838.0,10003.0,23301.501
1694.0,10315.0,23303.953999999998
1839.0,10073.0,23305.009
1840.0,10017.0,23305.911
1097.0,10462.0,23317.046000000002
1841.0,10003.0,23319.027000000002
1735.0,10244.0,23322.543999999998
1395.0,10010.0,23344.166
1252.0,10275.0,23353.188
400.0,10020.0,23356.019
1842.0,10003.0,23365.943
1807.0,10491.0,23373.462000000003
781.0,10034.0,23392.178
1190.0,10147.0,23397.481
977.0,10007.0,23410.062
1069.0,10355.0,23428.752999999997
1843.0,10070.0,23435.636000000002
420.0,10025.0,23438.472999999998
1526.0,10053.0,23459.296000000002
1844.0,10003.0,23461.247000000003
486.0,10011.0,23462.377
1845.0,10149.0,23464.487
277.0,10065.0,23474.05
1846.0,10510.0,23479.556
1847.0,10313.0,23486.039
599.0,10433.0,23487.365
1848.0,10033.0,23489.944
1735.0,10244.0,23497.217
1839.0,10033.0,23501.246
1711.0,10032.0,23505.296000000002
120.0,10073.0,23506.511000000002
420.0,10025.0,23509.894
431.0,10003.0,23511.193
577.0,10524.0,23518.224
56.0,10003.0,23519.78
125.0,10077.0,23538.159
619.0,10240.0,23544.467999999997
1353.0,10033.0,23547.76
426.0,10294.0,23554.476000000002
400.0,10180.0,23558.174
483.0,10460.0,23559.147
1520.0,10155.0,23571.554
746.0,10007.0,23578.107000000004
1735.0,10244.0,23578.107000000004
1849.0,10003.0,23590.9
1850.0,10034.0,23592.435
1851.0,10033.0,23597.523999999998
1852.0,10003.0,23627.291
1853.0,10007.0,23628.558999999997
1221.0,10032.0,23643.803
1644.0,10149.0,23648.161
1854.0,10437.0,23665.125
151.0,10048.0,23677.851000000002
1855.0,10066.0,23690.203999999998
1856.0,10037.0,23693.921000000002
1857.0,10003.0,23695.833
1618.0,10007.0,23696.406000000003
1171.0,10187.0,23705.795
1858.0,10188.0,23711.278
555.0,10032.0,23714.298
1063.0,10003.0,23721.002999999997
1630.0,10153.0,23729.859
929.0,10076.0,23741.928
1859.0,10413.0,23754.465
1860.0,10003.0,23762.255
1506.0,10151.0,23796.164
1815.0,10011.0,23806.959
1861.0,10003.0,23815.438
1644.0,10149.0,23821.494
1862.0,10525.0,23824.346
1807.0,10491.0,23832.217
1644.0,10149.0,23849.775
560.0,10033.0,23873.892000000003
746.0,10007.0,23875.874
1863.0,10042.0,23905.852000000003
1442.0,10034.0,23916.182
1862.0,10525.0,23916.97
1864.0,10003.0,23917.191000000003
731.0,10110.0,23936.889
1865.0,10474.0,23947.303
1097.0,10462.0,23948.593999999997
560.0,10033.0,23953.405
369.0,10526.0,23954.38
1807.0,10491.0,23965.784
1169.0,10033.0,23970.959
1866.0,10199.0,23981.155
1867.0,10007.0,23982.113999999998
1735.0,10122.0,24001.498
1577.0,10007.0,24007.557999999997
1868.0,10071.0,24014.102000000003
1869.0,10149.0,24026.842999999997
996.0,10119.0,24031.813
1870.0,10016.0,24041.247000000003
1871.0,10003.0,24048.106
1299.0,10003.0,24065.834
1442.0,10034.0,24066.612
1738.0,10008.0,24070.674
1872.0,10009.0,24084.148999999998
1406.0,10064.0,24113.999
156.0,10037.0,24117.229
1873.0,10003.0,24119.987
506.0,10033.0,24140.222
577.0,10409.0,24145.9
1874.0,10119.0,24148.707000000002
135.0,10077.0,24154.355
1875.0,10003.0,24160.185
520.0,10213.0,24163.801
1044.0,10033.0,24177.362
1647.0,10034.0,24191.499
1876.0,10527.0,24200.953999999998
193.0,10093.0,24203.395
1728.0,10006.0,24210.877999999997
1820.0,10528.0,24213.681
1353.0,10033.0,24214.023999999998
1262.0,10003.0,24215.433999999997
1877.0,10003.0,24215.653
1878.0,10349.0,24217.52
1757.0,10310.0,24227.683999999997
567.0,10227.0,24245.005
1819.0,10132.0,24267.157000000003
1606.0,10339.0,24308.334
555.0,10032.0,24316.984
1796.0,10064.0,24323.601000000002
1763.0,10073.0,24324.442000000003
1442.0,10034.0,24327.566000000003
1879.0,10003.0,24341.092
136.0,10016.0,24341.092
120.0,10073.0,24348.292999999998
1526.0,10039.0,24354.482999999997
1800.0,10149.0,24375.902000000002
129.0,10039.0,24381.33
1707.0,10110.0,24386.603
1880.0,10219.0,24401.975
1679.0,10028.0,24402.201
125.0,10077.0,24414.847
1881.0,10025.0,24424.938
368.0,10097.0,24446.293999999998
1388.0,10240.0,24458.093999999997
1882.0,10003.0,24467.902000000002
211.0,10003.0,24476.6
1115.0,10033.0,24483.047000000002
153.0,10088.0,24485.193
153.0,10088.0,24487.113999999998
192.0,10016.0,24494.517000000003
688.0,10033.0,24498.732999999997
395.0,10152.0,24501.002
1032.0,10007.0,24501.389
1883.0,10003.0,24506.703999999998
1884.0,10003.0,24507.595
1786.0,10009.0,24528.787999999997
1885.0,10007.0,24549.876
1533.0,10047.0,24550.415
1886.0,10139.0,24552.988999999998
1887.0,10052.0,24579.03
151.0,10016.0,24579.135
1888.0,10003.0,24589.14
1807.0,10491.0,24592.381
1889.0,10033.0,24614.238999999998
1792.0,10070.0,24635.101000000002
996.0,10119.0,24635.397
1194.0,10155.0,24641.437
1890.0,10179.0,24641.63
1641.0,10405.0,24647.063
1825.0,10020.0,24649.172000000002
1891.0,10071.0,24652.425
1337.0,10003.0,24674.315
1641.0,10368.0,24684.757
1892.0,10006.0,24685.166
1878.0,10349.0,24699.837000000003
544.0,10039.0,24709.604
1893.0,10109.0,24712.749
1890.0,10179.0,24719.033
1665.0,10053.0,24732.121
731.0,10007.0,24735.354
1641.0,10047.0,24736.764
1115.0,10175.0,24752.622000000003
1894.0,10236.0,24755.932999999997
1895.0,10033.0,24771.627999999997
1641.0,10165.0,24786.566000000003
1896.0,10058.0,24802.168999999998
1897.0,10033.0,24808.563
544.0,10032.0,24819.716
1006.0,10033.0,24828.603
1898.0,10477.0,24830.914
1899.0,10055.0,24835.742000000002
1372.0,10032.0,24849.924
1900.0,10003.0,24864.671000000002
1901.0,10529.0,24867.76
1819.0,10236.0,24867.812
1902.0,10003.0,24892.682
1509.0,10033.0,24894.897999999997
1903.0,10042.0,24899.251
1904.0,10236.0,24900.892999999996
804.0,10047.0,24901.416
1905.0,10182.0,24904.738999999998
1905.0,10162.0,24911.224
1905.0,10170.0,24918.209
803.0,10011.0,24919.754
1305.0,10033.0,24943.607999999997
1569.0,10215.0,24947.03
1906.0,10159.0,24956.127
1907.0,10077.0,24961.39
1908.0,10097.0,24961.966
400.0,10180.0,24974.4
1442.0,10033.0,24979.648999999998
136.0,10045.0,24983.313
1909.0,10154.0,24989.259
1910.0,10154.0,24989.812
1911.0,10016.0,25024.52
1912.0,10003.0,25031.807999999997
1913.0,10007.0,25042.257999999998
555.0,10149.0,25042.621
555.0,10149.0,25043.357000000004
555.0,10149.0,25043.618
560.0,10033.0,25043.727000000003
555.0,10149.0,25045.137000000002
1914.0,10003.0,25065.696
181.0,10115.0,25067.725
979.0,10209.0,25072.997000000003
1125.0,10122.0,25078.087000000003
1915.0,10092.0,25079.182999999997
924.0,10230.0,25090.249
1916.0,10339.0,25111.245
1305.0,10033.0,25118.493
1917.0,10003.0,25136.624
480.0,10161.0,25139.58
1388.0,10240.0,25156.754
1918.0,10016.0,25157.438
1919.0,10496.0,25158.289
1408.0,10032.0,25172.452999999998
1920.0,10041.0,25173.502
1100.0,10020.0,25181.287999999997
1921.0,10003.0,25182.161
520.0,10155.0,25191.464
1172.0,10020.0,25194.926
1.0,10073.0,25199.386000000002
311.0,10071.0,25203.19
486.0,10011.0,25204.921000000002
1221.0,10212.0,25211.917
1890.0,10179.0,25231.661
1922.0,10139.0,25232.237999999998
125.0,10077.0,25251.742000000002
332.0,10007.0,25257.16
1923.0,10530.0,25258.958
1924.0,10002.0,25268.55
1925.0,10003.0,25269.071
1926.0,10052.0,25272.372000000003
135.0,10033.0,25284.301
1927.0,10003.0,25286.885
1928.0,10003.0,25289.828999999998
1929.0,10110.0,25292.131
1911.0,10020.0,25295.729
1458.0,10428.0,25309.411
1929.0,10013.0,25313.117000000002
1908.0,10097.0,25335.58
578.0,10003.0,25347.972
1930.0,10016.0,25348.872000000003
1748.0,10003.0,25377.275
1309.0,10033.0,25394.081000000002
1931.0,10033.0,25399.881
498.0,10073.0,25400.533
1932.0,10003.0,25405.63
1252.0,10039.0,25413.512000000002
1933.0,10003.0,25429.414
1901.0,10529.0,25437.952999999998
1904.0,10181.0,25443.673
1934.0,10016.0,25450.817000000003
422.0,10047.0,25459.197
332.0,10007.0,25472.687
1194.0,10279.0,25482.389
1935.0,10030.0,25484.62
371.0,10007.0,25488.328999999998
1936.0,10033.0,25510.715
1658.0,10025.0,25510.94
555.0,10032.0,25524.767000000003
120.0,10073.0,25526.317000000003
148.0,10003.0,25528.197
1937.0,10003.0,25528.689
1194.0,10448.0,25534.196
919.0,10003.0,25534.24
1938.0,10531.0,25534.703999999998
253.0,10016.0,25544.238999999998
159.0,10011.0,25547.042
1939.0,10149.0,25552.737
1569.0,10177.0,25554.0
1442.0,10033.0,25554.963
1194.0,10177.0,25570.738999999998
129.0,10039.0,25573.255
1940.0,10532.0,25577.429
214.0,10119.0,25577.741
1941.0,10007.0,25577.807
1942.0,10007.0,25582.009
956.0,10006.0,25584.841
1738.0,10008.0,25587.552000000003
1558.0,10047.0,25591.833
1532.0,10003.0,25602.354
99.0,10003.0,25603.498
1375.0,10033.0,25608.706000000002
1647.0,10034.0,25612.986
102.0,10533.0,25625.416
1943.0,10339.0,25626.441000000003
1944.0,10003.0,25634.975
555.0,10149.0,25645.504
1945.0,10187.0,25647.493
1943.0,10339.0,25651.756
1826.0,10307.0,25657.433999999997
1647.0,10028.0,25659.18
1946.0,10407.0,25668.587000000003
102.0,10534.0,25681.688
1569.0,10051.0,25685.789
102.0,10534.0,25690.287
151.0,10016.0,25708.305
1947.0,10020.0,25720.66
1948.0,10003.0,25732.083
1316.0,10215.0,25742.762000000002
444.0,10058.0,25746.403
204.0,10002.0,25754.441000000003
1800.0,10149.0,25756.692000000003
1172.0,10039.0,25772.067000000003
1949.0,10073.0,25772.339
1569.0,10051.0,25792.81
1919.0,10496.0,25796.468999999997
1950.0,10065.0,25801.195
444.0,10026.0,25803.554
135.0,10033.0,25818.687
537.0,10032.0,25820.558999999997
1951.0,10395.0,25820.967
1952.0,10003.0,25826.843999999997
882.0,10086.0,25847.101000000002
1953.0,10003.0,25866.962000000003
1908.0,10097.0,25869.707000000002
1388.0,10240.0,25870.927000000003
444.0,10058.0,25877.111
1559.0,10003.0,25891.793999999998
102.0,10040.0,25893.717
1221.0,10212.0,25907.036
444.0,10058.0,25911.278
85.0,10041.0,25912.638
950.0,10032.0,25916.681
1536.0,10519.0,25917.316000000003
1954.0,10103.0,25920.947999999997
480.0,10146.0,25925.291
1296.0,10408.0,25933.261000000002
1569.0,10122.0,25933.456000000002
1644.0,10149.0,25939.106
1090.0,10032.0,25963.278
1644.0,10149.0,25976.674
1942.0,10007.0,25991.664
1330.0,10427.0,25993.172000000002
1644.0,10149.0,25999.029
628.0,10033.0,26013.612
1955.0,10196.0,26013.709
1956.0,10016.0,26017.432999999997
1957.0,10339.0,26027.907000000003
1508.0,10192.0,26030.981
1508.0,10170.0,26032.692000000003
1906.0,10159.0,26033.932
1508.0,10195.0,26035.636000000002
1711.0,10032.0,26041.587000000003
1507.0,10162.0,26041.685
1958.0,10003.0,26041.772
1644.0,10149.0,26046.057999999997
1372.0,10032.0,26048.432999999997
1959.0,10007.0,26050.678
1960.0,10032.0,26050.702999999998
1947.0,10212.0,26055.363999999998
1961.0,10219.0,26055.987999999998
1943.0,10339.0,26074.087000000003
1520.0,10535.0,26077.085
1644.0,10149.0,26082.599
1962.0,10003.0,26085.828999999998
1916.0,10032.0,26101.687
47.0,10003.0,26112.463
1963.0,10003.0,26128.438
1631.0,10007.0,26130.549
1353.0,10450.0,26133.065
555.0,10032.0,26133.177000000003
1644.0,10149.0,26139.32
1451.0,10149.0,26149.237999999998
120.0,10073.0,26150.61
1964.0,10003.0,26152.92
1908.0,10097.0,26165.112999999998
592.0,10003.0,26178.562
999.0,10032.0,26182.129
1965.0,10032.0,26191.11
1966.0,10033.0,26201.527000000002
577.0,10053.0,26202.056
1967.0,10265.0,26205.339
1892.0,10022.0,26209.825
1968.0,10039.0,26227.585
1969.0,10105.0,26243.632
1970.0,10033.0,26246.266
1945.0,10067.0,26247.249
1905.0,10536.0,26250.845
728.0,10537.0,26253.107000000004
1971.0,10439.0,26272.905
1972.0,10003.0,26312.94
153.0,10088.0,26317.89
560.0,10055.0,26333.104
1973.0,10033.0,26343.277000000002
1974.0,10006.0,26347.337000000003
1910.0,10154.0,26354.786
1085.0,10032.0,26359.037999999997
1520.0,10460.0,26362.736
1295.0,10061.0,26363.612999999998
1668.0,10149.0,26363.91
1975.0,10159.0,26394.474
1.0,10016.0,26398.617000000002
1964.0,10003.0,26406.459
1976.0,10378.0,26410.522999999997
559.0,10004.0,26420.236
1977.0,10003.0,26422.314
1593.0,10033.0,26432.26
1978.0,10003.0,26463.151
1697.0,10461.0,26466.26
509.0,10003.0,26469.926
1786.0,10009.0,26472.69
788.0,10357.0,26477.208
1936.0,10033.0,26509.025
1569.0,10462.0,26513.465
1408.0,10032.0,26522.558999999997
555.0,10149.0,26540.541
555.0,10149.0,26541.603
555.0,10149.0,26542.007
555.0,10149.0,26543.109
1979.0,10017.0,26546.181
502.0,10108.0,26555.488999999998
1539.0,10041.0,26561.429
1276.0,10217.0,26580.375
1980.0,10003.0,26581.958
1943.0,10339.0,26585.167
1981.0,10020.0,26589.312
1539.0,10041.0,26589.566000000003
1905.0,10182.0,26604.368
1905.0,10162.0,26611.295
136.0,10016.0,26620.556
1539.0,10041.0,26630.853
1942.0,10007.0,26634.548
1526.0,10007.0,26634.64
1796.0,10008.0,26659.363999999998
1982.0,10538.0,26666.762000000002
1983.0,10071.0,26667.641
85.0,10034.0,26676.072999999997
1984.0,10539.0,26684.093999999997
1985.0,10053.0,26698.717999999997
1986.0,10003.0,26700.993
1987.0,10034.0,26703.405
747.0,10377.0,26703.472999999998
1526.0,10041.0,26703.593999999997
1863.0,10042.0,26720.29
1988.0,10033.0,26756.14
1989.0,10033.0,26762.234
1631.0,10007.0,26763.397999999997
1990.0,10026.0,26768.125
1991.0,10065.0,26770.847
129.0,10039.0,26772.772999999997
1992.0,10003.0,26777.859
1138.0,10374.0,26791.59
836.0,10149.0,26798.138
1738.0,10008.0,26800.33
1993.0,10054.0,26816.91
922.0,10020.0,26822.789
788.0,10032.0,26828.902000000002
1988.0,10033.0,26830.342999999997
1722.0,10032.0,26831.461
1994.0,10003.0,26839.682999999997
1138.0,10374.0,26841.622000000003
1757.0,10310.0,26856.26
1826.0,10179.0,26859.644
1995.0,10033.0,26868.581000000002
788.0,10039.0,26877.822999999997
1974.0,10006.0,26885.868
1996.0,10055.0,26890.374
1997.0,10008.0,26902.077
1457.0,10016.0,26915.438
1993.0,10054.0,26919.47
1998.0,10033.0,26921.014
1999.0,10003.0,26925.808999999997
1988.0,10033.0,26928.435
1764.0,10052.0,26931.621
1905.0,10162.0,26934.895
1905.0,10182.0,26944.613999999998
1221.0,10032.0,26945.769
1800.0,10149.0,26947.502
153.0,10088.0,26967.181
153.0,10088.0,26967.945
2000.0,10016.0,26981.661
1295.0,10540.0,26982.035
2001.0,10087.0,26986.547000000002
2002.0,10003.0,26993.09
2003.0,10003.0,27016.67
718.0,10295.0,27030.352000000003
445.0,10033.0,27035.382999999998
2004.0,10020.0,27038.457000000002
2005.0,10032.0,27046.145
2006.0,10093.0,27052.571
1238.0,10177.0,27055.813
1375.0,10033.0,27057.088
2007.0,10003.0,27057.637000000002
1804.0,10003.0,27058.52
1455.0,10289.0,27063.276
1506.0,10199.0,27071.918999999998
2008.0,10032.0,27073.165
1865.0,10001.0,27080.802000000003
2009.0,10003.0,27091.974
616.0,10031.0,27097.182
788.0,10053.0,27099.086
2010.0,10033.0,27101.423
2011.0,10003.0,27109.975
1973.0,10033.0,27116.1
2012.0,10003.0,27145.755
1779.0,10149.0,27147.395
159.0,10011.0,27147.962000000003
1534.0,10229.0,27150.871
2013.0,10003.0,27160.699
1906.0,10159.0,27166.215
1945.0,10187.0,27168.377999999997
2014.0,10007.0,27180.53
1935.0,10057.0,27184.824
1252.0,10039.0,27188.177000000003
395.0,10152.0,27201.555
1845.0,10149.0,27218.63
2015.0,10323.0,27227.097
2016.0,10003.0,27228.683999999997
1800.0,10149.0,27239.818
2017.0,10071.0,27251.952999999998
1943.0,10339.0,27254.629
1983.0,10071.0,27277.66
2018.0,10073.0,27279.325
2019.0,10541.0,27288.748
2020.0,10021.0,27296.173
555.0,10032.0,27302.754
1238.0,10093.0,27315.462000000003
16.0,10003.0,27315.777000000002
1670.0,10073.0,27316.521
120.0,10073.0,27333.914
561.0,10011.0,27341.026
2021.0,10542.0,27347.659
1056.0,10150.0,27365.218999999997
2019.0,10541.0,27368.959
2022.0,10020.0,27373.66
2020.0,10021.0,27375.271
1991.0,10065.0,27378.065
1256.0,10259.0,27378.104
1044.0,10154.0,27379.678
2023.0,10003.0,27384.119
1905.0,10543.0,27389.462000000003
1141.0,10007.0,27391.121
1905.0,10182.0,27393.556
1905.0,10162.0,27397.998
2024.0,10020.0,27408.016
2025.0,10003.0,27411.549
2026.0,10289.0,27419.499
2027.0,10003.0,27420.477000000003
2028.0,10009.0,27424.703999999998
258.0,10017.0,27429.236
483.0,10088.0,27430.117000000002
616.0,10031.0,27434.779
2029.0,10007.0,27435.737999999998
388.0,10427.0,27437.522999999997
1558.0,10047.0,27439.076
2020.0,10021.0,27444.819
977.0,10330.0,27451.791
2030.0,10003.0,27454.545
2031.0,10093.0,27464.276
1062.0,10020.0,27471.951
1910.0,10387.0,27487.165
1276.0,10217.0,27495.942000000003
2017.0,10071.0,27522.597
1526.0,10053.0,27526.526
4.0,10003.0,27532.65
1800.0,10149.0,27543.914
151.0,10016.0,27546.673
2032.0,10003.0,27559.717
125.0,10077.0,27572.981
2033.0,10007.0,27586.549
2034.0,10041.0,27593.389
311.0,10071.0,27609.721
283.0,10248.0,27622.926
1926.0,10052.0,27628.725
2035.0,10164.0,27637.867000000002
1965.0,10032.0,27650.553
2036.0,10007.0,27652.3
1989.0,10409.0,27661.216
2037.0,10496.0,27667.116
1998.0,10033.0,27676.111
1458.0,10428.0,27682.168999999998
947.0,10032.0,27692.439
2019.0,10222.0,27708.326
2038.0,10003.0,27711.59
2039.0,10045.0,27736.816000000003
1379.0,10003.0,27744.259
2040.0,10233.0,27746.606
2041.0,10032.0,27747.069
1536.0,10162.0,27747.641
1722.0,10032.0,27748.416
1536.0,10315.0,27752.145
1864.0,10066.0,27754.453999999998
1536.0,10465.0,27755.068
1979.0,10544.0,27756.802000000003
55.0,10036.0,27756.917999999998
2042.0,10006.0,27766.305
156.0,10004.0,27769.71
1398.0,10033.0,27770.347
2043.0,10007.0,27771.514
1238.0,10054.0,27780.572999999997
2044.0,10020.0,27780.588
106.0,10033.0,27783.683999999997
2036.0,10007.0,27791.705
947.0,10039.0,27796.057999999997
1800.0,10149.0,27803.248
734.0,10275.0,27803.336
1852.0,10003.0,27806.363999999998
136.0,10016.0,27809.342999999997
947.0,10052.0,27816.568
2045.0,10003.0,27817.221
2010.0,10033.0,27825.235
1847.0,10281.0,27826.051
2019.0,10073.0,27826.25
2046.0,10020.0,27831.252
979.0,10209.0,27839.931
2047.0,10003.0,27867.225
922.0,10039.0,27879.418999999998
1800.0,10149.0,27896.737999999998
1998.0,10033.0,27909.612
947.0,10032.0,27915.741
555.0,10032.0,27931.808999999997
120.0,10073.0,27942.416
1705.0,10196.0,27946.286
1228.0,10119.0,27959.677000000003
2048.0,10026.0,27962.94
1990.0,10058.0,27966.542999999998
1442.0,10033.0,27966.632
2049.0,10065.0,27968.993
129.0,10039.0,27969.583
2050.0,10545.0,27975.168999999998
2040.0,10051.0,27981.453999999998
2051.0,10003.0,27985.449
1943.0,10339.0,27992.909
1998.0,10033.0,28008.392000000003
1869.0,10149.0,28010.189
2052.0,10033.0,28017.382999999998
2053.0,10407.0,28020.87
1522.0,10032.0,28024.589
1906.0,10159.0,28030.359
1915.0,10129.0,28032.182999999997
1932.0,10003.0,28040.922000000002
1943.0,10339.0,28042.533
577.0,10281.0,28045.932
190.0,10115.0,28046.068
850.0,10149.0,28054.72
1238.0,10073.0,28055.812
2054.0,10003.0,28058.656000000003
1398.0,10033.0,28066.145
1997.0,10008.0,28071.787
1291.0,10022.0,28074.075
665.0,10003.0,28078.196
1305.0,10033.0,28085.42
395.0,10152.0,28092.296000000002
192.0,10016.0,28101.929
47.0,10003.0,28108.697
190.0,10115.0,28109.321
2055.0,10033.0,28115.279
2056.0,10003.0,28130.759
365.0,10073.0,28133.921000000002
2057.0,10003.0,28140.433999999997
1998.0,10033.0,28142.057
2035.0,10146.0,28157.124
818.0,10033.0,28159.304
437.0,10007.0,28167.043999999998
972.0,10400.0,28184.662999999997
1943.0,10339.0,28185.988999999998
2058.0,10349.0,28196.054
1291.0,10273.0,28208.629
1238.0,10050.0,28208.766
151.0,10048.0,28216.621
190.0,10007.0,28222.74
2059.0,10003.0,28227.097
193.0,10051.0,28236.27
2060.0,10003.0,28238.333
2061.0,10003.0,28241.481
308.0,10073.0,28247.165
2062.0,10011.0,28267.067000000003
1442.0,10073.0,28267.916
1825.0,10008.0,28269.127999999997
2063.0,10505.0,28274.455
2035.0,10303.0,28304.222999999998
2064.0,10032.0,28309.06
2065.0,10032.0,28312.512000000002
2049.0,10065.0,28317.411
1065.0,10108.0,28321.09
2066.0,10088.0,28321.127
2067.0,10003.0,28321.631
2068.0,10050.0,28322.603
2069.0,10011.0,28325.327
2070.0,10058.0,28326.706000000002
2071.0,10254.0,28329.241
555.0,10149.0,28337.653
2072.0,10003.0,28352.863999999998
2042.0,10006.0,28367.695
1990.0,10026.0,28373.18
2068.0,10546.0,28391.467999999997
125.0,10077.0,28396.456000000002
153.0,10088.0,28401.001
1398.0,10033.0,28412.042
1305.0,10033.0,28416.952999999998
2073.0,10033.0,28418.811
156.0,10056.0,28425.58
908.0,10153.0,28432.909
2074.0,10016.0,28434.41
458.0,10062.0,28437.617000000002
416.0,10007.0,28441.552000000003
2019.0,10091.0,28453.422000000002
193.0,10085.0,28481.201
2075.0,10041.0,28482.707000000002
2014.0,10007.0,28487.612
656.0,10230.0,28488.914
1614.0,10003.0,28493.468999999997
2076.0,10279.0,28496.583
351.0,10033.0,28503.857000000004
442.0,10188.0,28504.238999999998
656.0,10051.0,28505.744
2076.0,10177.0,28518.644
656.0,10163.0,28530.956000000002
388.0,10289.0,28533.804
2077.0,10110.0,28534.006
2065.0,10039.0,28536.677000000003
2078.0,10547.0,28537.357000000004
1764.0,10052.0,28537.773999999998
1599.0,10139.0,28540.409
2079.0,10217.0,28555.314
2076.0,10265.0,28565.494
956.0,10006.0,28566.147999999997
1441.0,10007.0,28570.787999999997
2075.0,10039.0,28575.157000000003
1488.0,10453.0,28600.11
2080.0,10003.0,28602.168999999998
2075.0,10041.0,28629.939
1003.0,10017.0,28631.135
1722.0,10032.0,28632.976000000002
2081.0,10003.0,28637.925
2082.0,10007.0,28640.035
988.0,10020.0,28654.063
2083.0,10003.0,28658.757999999998
1634.0,10147.0,28663.089
332.0,10007.0,28671.784
2084.0,10003.0,28673.487
2085.0,10036.0,28685.209
2086.0,10067.0,28689.861
815.0,10293.0,28691.017999999996
2087.0,10524.0,28694.339
2088.0,10266.0,28699.777000000002
41.0,10026.0,28710.039
192.0,10016.0,28717.912999999997
190.0,10007.0,28718.118
2089.0,10007.0,28728.276
2090.0,10003.0,28729.701
2091.0,10033.0,28732.695
2092.0,10020.0,28739.416
705.0,10033.0,28739.814
1466.0,10445.0,28744.856
1817.0,10020.0,28760.947
490.0,10008.0,28778.224
1935.0,10030.0,28784.95
2093.0,10058.0,28796.682999999997
2094.0,10548.0,28797.552000000003
2095.0,10253.0,28798.31
1.0,10073.0,28798.479
135.0,10179.0,28798.499
2096.0,10549.0,28801.99
2097.0,10190.0,28802.73
160.0,10001.0,28810.292999999998
207.0,10073.0,28825.982999999997
2098.0,10077.0,28826.277000000002
555.0,10032.0,28827.91
2050.0,10545.0,28828.615
2099.0,10039.0,28828.642999999996
2100.0,10003.0,28833.085
1943.0,10339.0,28848.49
1951.0,10395.0,28867.787999999997
1329.0,10415.0,28880.71
2101.0,10033.0,28881.562
836.0,10149.0,28884.137000000002
2063.0,10550.0,28888.332000000002
2102.0,10056.0,28894.251
1943.0,10339.0,28897.054
1441.0,10007.0,28917.474
1943.0,10339.0,28939.404
2103.0,10039.0,28941.035
1228.0,10119.0,28947.693
13.0,10273.0,28949.828999999998
2104.0,10149.0,28950.931
2105.0,10003.0,28962.065
2088.0,10093.0,28971.332000000002
1810.0,10033.0,28973.327999999998
1750.0,10149.0,28989.162
371.0,10007.0,28998.697
1641.0,10047.0,29007.477000000003
2106.0,10492.0,29010.63
151.0,10016.0,29013.967999999997
2019.0,10077.0,29037.852000000003
2102.0,10133.0,29041.295
824.0,10033.0,29044.553
2035.0,10405.0,29050.135
2010.0,10033.0,29051.278
2107.0,10020.0,29056.961
2102.0,10056.0,29058.411
577.0,10349.0,29060.481
1301.0,10003.0,29066.798
1757.0,10310.0,29076.295
2108.0,10153.0,29104.607000000004
656.0,10163.0,29107.58
2109.0,10039.0,29109.74
102.0,10551.0,29110.902000000002
442.0,10188.0,29114.592999999997
656.0,10230.0,29115.887000000002
2110.0,10006.0,29117.82
974.0,10020.0,29120.836
2111.0,10069.0,29122.345
2112.0,10552.0,29135.702
2113.0,10553.0,29159.032000000003
956.0,10006.0,29166.688
2114.0,10244.0,29167.786
2115.0,10007.0,29168.642999999996
129.0,10039.0,29176.104
218.0,10011.0,29178.641
2019.0,10112.0,29181.202999999998
2063.0,10550.0,29182.334
1461.0,10003.0,29187.319
253.0,10119.0,29200.96
2115.0,10007.0,29201.584
2116.0,10003.0,29228.456000000002
1520.0,10051.0,29229.901
1843.0,10070.0,29233.131
1193.0,10032.0,29234.943
102.0,10554.0,29243.701
1943.0,10339.0,29246.991
1413.0,10098.0,29249.642000000003
2115.0,10007.0,29253.701
900.0,10041.0,29259.001
2073.0,10033.0,29274.743
2117.0,10127.0,29275.317000000003
1726.0,10306.0,29276.307999999997
1726.0,10306.0,29286.676
2118.0,10474.0,29294.377
2119.0,10003.0,29296.531000000003
102.0,10555.0,29296.662
1726.0,10306.0,29297.267999999996
1979.0,10045.0,29306.583
947.0,10041.0,29313.407000000003
2120.0,10003.0,29316.376
102.0,10205.0,29319.273999999998
2091.0,10033.0,29335.126
193.0,10546.0,29353.269
2121.0,10003.0,29358.757999999998
2092.0,10073.0,29363.534
2122.0,10033.0,29371.427000000003
135.0,10260.0,29373.713
1763.0,10039.0,29377.392999999996
1520.0,10051.0,29379.561
2123.0,10357.0,29383.557
2124.0,10254.0,29414.301
2125.0,10133.0,29445.311
2126.0,10003.0,29466.357000000004
2127.0,10073.0,29472.341
2128.0,10032.0,29475.166
2129.0,10016.0,29477.705
2088.0,10261.0,29485.612999999998
1926.0,10052.0,29485.612999999998
1851.0,10033.0,29492.259
429.0,10033.0,29495.542
102.0,10041.0,29499.964
1117.0,10367.0,29505.336
102.0,10429.0,29513.793999999998
2130.0,10118.0,29523.682
102.0,10145.0,29525.953999999998
1935.0,10030.0,29542.737
1998.0,10033.0,29546.135
2112.0,10409.0,29563.299
157.0,10556.0,29567.8
922.0,10139.0,29567.896
2087.0,10524.0,29581.689
102.0,10044.0,29581.847
102.0,10433.0,29587.812
102.0,10433.0,29595.658
1750.0,10034.0,29606.277000000002
13.0,10273.0,29606.522999999997
148.0,10003.0,29609.006
190.0,10007.0,29617.99
153.0,10088.0,29618.827999999998
2131.0,10557.0,29623.327999999998
102.0,10387.0,29635.31
2101.0,10025.0,29636.637000000002
102.0,10196.0,29649.455
2132.0,10032.0,29650.511000000002
2008.0,10034.0,29653.615
2133.0,10008.0,29658.131
458.0,10164.0,29665.521
1887.0,10052.0,29665.94
2134.0,10073.0,29667.749
102.0,10558.0,29675.609
2135.0,10559.0,29689.439
2136.0,10003.0,29705.453999999998
120.0,10073.0,29706.482999999997
1906.0,10159.0,29707.523999999998
102.0,10560.0,29718.903
102.0,10560.0,29727.006
2137.0,10235.0,29738.897
2138.0,10003.0,29740.414
1065.0,10108.0,29741.569
2139.0,10003.0,29747.611
1872.0,10020.0,29750.486
2140.0,10561.0,29751.36
2141.0,10562.0,29771.468999999997
956.0,10006.0,29778.613999999998
1527.0,10265.0,29783.368
2142.0,10098.0,29784.255
1619.0,10484.0,29785.395
1905.0,10340.0,29796.411
2108.0,10153.0,29802.635
1520.0,10563.0,29810.917
1341.0,10219.0,29825.574
1329.0,10415.0,29826.911
2143.0,10003.0,29829.869
2144.0,10058.0,29852.299
1905.0,10162.0,29856.597
1558.0,10047.0,29859.056
1905.0,10182.0,29861.267000000003
1329.0,10342.0,29870.822
1935.0,10006.0,29870.991
494.0,10254.0,29872.569
1644.0,10149.0,29883.547000000002
360.0,10045.0,29886.705
2088.0,10564.0,29889.429
2144.0,10026.0,29892.804
151.0,10016.0,29899.588
125.0,10077.0,29902.012000000002
1242.0,10304.0,29904.947999999997
2145.0,10055.0,29918.808999999997
2146.0,10298.0,29920.033
1593.0,10055.0,29923.142999999996
788.0,10034.0,29931.17
2147.0,10032.0,29933.617000000002
2148.0,10003.0,29937.265
1823.0,10565.0,29955.648999999998
2139.0,10003.0,29958.459
1006.0,10033.0,29961.591
2149.0,10032.0,29976.45
2150.0,10240.0,29979.447
2073.0,10033.0,29987.217
1593.0,10055.0,29992.312
1.0,10001.0,29998.269
1644.0,10149.0,30005.093999999997
1808.0,10020.0,30006.647
1960.0,10032.0,30011.432999999997
2110.0,10039.0,30036.879
1935.0,10020.0,30039.16
2151.0,10407.0,30061.757
2152.0,10003.0,30062.676
2114.0,10244.0,30076.057999999997
129.0,10039.0,30078.336
1936.0,10033.0,30080.234
656.0,10163.0,30085.928
2135.0,10559.0,30093.155
2153.0,10003.0,30094.463
2127.0,10020.0,30095.792999999998
429.0,10033.0,30098.96
2109.0,10039.0,30104.682
1934.0,10016.0,30108.127999999997
1242.0,10369.0,30115.462000000003
1489.0,10020.0,30117.336
2154.0,10087.0,30121.209
1454.0,10052.0,30125.152000000002
536.0,10149.0,30131.947999999997
336.0,10020.0,30134.411
1722.0,10032.0,30136.982000000004
85.0,10032.0,30138.728
656.0,10051.0,30142.273999999998
2155.0,10003.0,30148.494
1774.0,10033.0,30158.963
2152.0,10003.0,30165.938
2124.0,10064.0,30172.607999999997
656.0,10163.0,30172.659
2156.0,10073.0,30177.708
2151.0,10407.0,30183.568
2014.0,10112.0,30186.621
2157.0,10127.0,30197.776
2158.0,10041.0,30202.577
2159.0,10177.0,30209.162999999997
1372.0,10032.0,30251.607999999997
2160.0,10430.0,30256.516
1948.0,10003.0,30264.351000000002
2091.0,10033.0,30269.171000000002
567.0,10227.0,30275.656000000003
2161.0,10003.0,30276.12
2129.0,10016.0,30297.463
2152.0,10003.0,30298.497000000003
2162.0,10033.0,30317.271
2063.0,10505.0,30333.606
351.0,10033.0,30333.662999999997
2162.0,10033.0,30338.662
2014.0,10112.0,30338.851000000002
2162.0,10033.0,30354.964
218.0,10011.0,30366.819
1990.0,10026.0,30369.903
1273.0,10003.0,30379.41
2163.0,10016.0,30406.918999999998
2162.0,10033.0,30409.552000000003
2088.0,10073.0,30427.252999999997
1814.0,10039.0,30434.081000000002
577.0,10093.0,30440.542
1615.0,10003.0,30442.568
2164.0,10060.0,30442.867000000002
555.0,10149.0,30443.032000000003
490.0,10209.0,30445.397
1478.0,10003.0,30450.466
1721.0,10020.0,30479.586
2165.0,10036.0,30482.964
2166.0,10016.0,30491.854
2167.0,10064.0,30493.112999999998
2087.0,10524.0,30494.482000000004
2130.0,10118.0,30497.593999999997
2168.0,10008.0,30518.088
2108.0,10153.0,30530.621
346.0,10020.0,30537.666
2169.0,10003.0,30539.43
2170.0,10161.0,30555.398999999998
2171.0,10166.0,30559.897999999997
2172.0,10511.0,30564.433999999997
2134.0,10073.0,30566.355
151.0,10016.0,30567.494
2162.0,10033.0,30580.032000000003
1596.0,10020.0,30592.081000000002
2173.0,10026.0,30604.656000000003
619.0,10039.0,30615.728
1817.0,10073.0,30616.063
2174.0,10008.0,30619.146
2175.0,10032.0,30638.978
2176.0,10064.0,30658.182999999997
1919.0,10093.0,30659.744
2162.0,10033.0,30662.112999999998
2177.0,10467.0,30662.112999999998
1520.0,10091.0,30674.446
2093.0,10406.0,30687.517999999996
2178.0,10033.0,30688.99
2162.0,10033.0,30690.734
656.0,10230.0,30731.847
2179.0,10003.0,30733.014
1489.0,10484.0,30733.561
2180.0,10003.0,30737.283
656.0,10163.0,30747.769
2181.0,10071.0,30762.664
2088.0,10093.0,30765.537
2042.0,10006.0,30771.599
2182.0,10003.0,30773.236
2183.0,10510.0,30775.463
2042.0,10035.0,30811.351000000002
1857.0,10003.0,30813.75
429.0,10033.0,30818.853
1606.0,10339.0,30834.057999999997
656.0,10215.0,30837.502999999997
1441.0,10007.0,30851.616
1329.0,10415.0,30854.556
430.0,10003.0,30859.246
2184.0,10003.0,30862.929
2185.0,10058.0,30866.496
788.0,10033.0,30868.408
2186.0,10003.0,30874.347999999998
125.0,10077.0,30876.001
2162.0,10033.0,30883.706000000002
2187.0,10071.0,30887.411
2188.0,10032.0,30891.901
2189.0,10071.0,30896.761000000002
120.0,10073.0,30911.905
1084.0,10006.0,30917.53
555.0,10032.0,30918.947
4.0,10003.0,30933.275
2063.0,10505.0,30938.888
2097.0,10566.0,30942.735
102.0,10567.0,30944.647
102.0,10567.0,30953.36
136.0,10016.0,30970.224
1518.0,10003.0,30970.45
2190.0,10086.0,30970.847
2191.0,10013.0,30982.898999999998
2187.0,10071.0,30989.195
2162.0,10033.0,30998.366
2185.0,10058.0,31016.763
1846.0,10510.0,31032.062
2192.0,10094.0,31036.265
1825.0,10020.0,31049.119
2193.0,10003.0,31061.179
1904.0,10427.0,31072.242000000002
2194.0,10264.0,31073.9
2195.0,10041.0,31074.074
2196.0,10422.0,31075.235
1242.0,10514.0,31083.582000000002
192.0,10016.0,31085.217
2189.0,10071.0,31100.706000000002
2033.0,10007.0,31108.354
2197.0,10073.0,31113.731
2198.0,10559.0,31117.744
1756.0,10033.0,31117.86
2199.0,10007.0,31118.306
1018.0,10003.0,31118.407000000003
2190.0,10086.0,31118.493
2200.0,10003.0,31142.841
1571.0,10003.0,31143.426
2201.0,10298.0,31149.674
2151.0,10407.0,31156.673
577.0,10206.0,31158.863999999998
1779.0,10149.0,31186.372000000003
208.0,10118.0,31189.193
1943.0,10339.0,31189.252999999997
2202.0,10033.0,31201.937
2203.0,10003.0,31202.867000000002
1944.0,10003.0,31208.112
2204.0,10032.0,31218.45
1943.0,10339.0,31218.635
2205.0,10003.0,31223.885
862.0,10162.0,31227.755
121.0,10051.0,31233.831000000002
2206.0,10003.0,31234.552000000003
2174.0,10008.0,31246.046000000002
2135.0,10559.0,31253.18
1736.0,10020.0,31255.029
2207.0,10033.0,31257.499
2195.0,10041.0,31270.303
2208.0,10155.0,31283.49
2209.0,10007.0,31293.824
2210.0,10055.0,31296.325
1943.0,10339.0,31298.324
2211.0,10568.0,31312.151
2187.0,10071.0,31331.609
303.0,10149.0,31333.685
1943.0,10339.0,31349.871
2212.0,10033.0,31350.292
936.0,10077.0,31356.478
555.0,10149.0,31356.506
555.0,10149.0,31358.071
2213.0,10094.0,31358.229
555.0,10149.0,31358.841
218.0,10011.0,31377.042999999998
1723.0,10077.0,31378.591
125.0,10077.0,31379.005
2087.0,10524.0,31394.382999999998
125.0,10077.0,31394.599
2214.0,10033.0,31398.998
125.0,10077.0,31412.845
2136.0,10003.0,31413.022999999997
213.0,10047.0,31421.84
2151.0,10033.0,31426.034
125.0,10077.0,31426.894
1725.0,10149.0,31444.257999999998
2172.0,10155.0,31444.257999999998
2175.0,10032.0,31446.308999999997
1262.0,10003.0,31450.901
2215.0,10047.0,31460.482999999997
1584.0,10007.0,31484.736
218.0,10011.0,31495.782000000003
1247.0,10047.0,31504.813
1919.0,10177.0,31507.377
1213.0,10214.0,31508.238999999998
1667.0,10033.0,31513.77
2150.0,10240.0,31523.695
1905.0,10543.0,31523.884
1905.0,10162.0,31533.565
1905.0,10182.0,31537.283
120.0,10073.0,31543.221
2163.0,10016.0,31549.495
1936.0,10033.0,31577.945
2216.0,10032.0,31584.471
16.0,10003.0,31586.647
2217.0,10087.0,31603.872000000003
626.0,10033.0,31604.994
2218.0,10033.0,31617.607000000004
2219.0,10052.0,31637.408
2129.0,10016.0,31645.991
2220.0,10005.0,31683.819
395.0,10152.0,31691.63
1964.0,10003.0,31696.096
331.0,10003.0,31707.982000000004
2221.0,10003.0,31744.161
2222.0,10003.0,31748.141
1989.0,10223.0,31757.912999999997
2223.0,10149.0,31764.206000000002
2224.0,10027.0,31788.19
385.0,10003.0,31793.537999999997
429.0,10033.0,31798.039
2225.0,10047.0,31798.921000000002
2005.0,10032.0,31819.279
2172.0,10155.0,31823.911
1375.0,10033.0,31850.096
2226.0,10289.0,31871.625
1520.0,10157.0,31874.834
2227.0,10071.0,31880.347
2228.0,10217.0,31883.132999999998
2092.0,10020.0,31896.599
2229.0,10129.0,31922.467
1522.0,10032.0,31923.2
2108.0,10153.0,31924.907000000003
2230.0,10003.0,31932.13
1722.0,10032.0,31936.257999999998
2231.0,10153.0,31947.269
2062.0,10011.0,31948.504
2189.0,10071.0,31953.846
2145.0,10149.0,31958.78
2232.0,10003.0,31967.246
2233.0,10091.0,31985.671000000002
2234.0,10007.0,31995.54
1285.0,10003.0,32002.281000000003
2235.0,10003.0,32016.069
2054.0,10003.0,32016.457000000002
151.0,10016.0,32022.2
2169.0,10003.0,32030.693
2233.0,10122.0,32033.445
2225.0,10047.0,32039.85
2236.0,10016.0,32041.761000000002
456.0,10162.0,32046.642999999996
2237.0,10529.0,32047.745
293.0,10009.0,32050.386000000002
1769.0,10211.0,32054.252999999997
1691.0,10003.0,32054.326
2175.0,10032.0,32054.488999999998
190.0,10110.0,32056.689
456.0,10192.0,32059.654
922.0,10020.0,32069.041
2174.0,10055.0,32075.467999999997
895.0,10256.0,32089.1
456.0,10195.0,32092.166
456.0,10193.0,32095.656000000003
253.0,10416.0,32100.571
895.0,10256.0,32105.444
2238.0,10091.0,32108.343999999997
1910.0,10176.0,32108.517000000003
1667.0,10199.0,32112.599
2239.0,10003.0,32113.802000000003
2210.0,10073.0,32120.926
895.0,10256.0,32123.271
2240.0,10041.0,32135.372000000003
2241.0,10528.0,32137.541
2242.0,10011.0,32146.5
284.0,10033.0,32149.95
190.0,10007.0,32151.672000000002
1748.0,10003.0,32154.263
2068.0,10016.0,32178.856
761.0,10135.0,32180.767000000003
249.0,10036.0,32185.418999999998
2099.0,10039.0,32185.996
249.0,10094.0,32189.73
326.0,10003.0,32216.016
2068.0,10017.0,32217.711
2243.0,10117.0,32218.252999999997
1422.0,10020.0,32235.203999999998
1192.0,10488.0,32247.915
2244.0,10033.0,32267.092999999997
1303.0,10032.0,32277.077999999998
2245.0,10196.0,32301.536
2246.0,10149.0,32320.103
2063.0,10153.0,32330.709
2247.0,10057.0,32332.201
2164.0,10060.0,32333.389
2248.0,10003.0,32334.645
2249.0,10339.0,32366.882
724.0,10298.0,32373.822
1616.0,10053.0,32375.435
2250.0,10003.0,32383.881
125.0,10077.0,32385.042999999998
2093.0,10026.0,32397.94
1.0,10001.0,32399.686
2251.0,10164.0,32405.909
1451.0,10149.0,32414.277000000002
464.0,10173.0,32415.186
190.0,10007.0,32415.634
555.0,10032.0,32416.02
616.0,10031.0,32427.907000000003
494.0,10316.0,32441.458
1945.0,10067.0,32461.982000000004
2252.0,10003.0,32468.121
2253.0,10003.0,32482.784
129.0,10039.0,32484.502999999997
2254.0,10003.0,32496.391
2255.0,10003.0,32506.281000000003
153.0,10088.0,32508.721
555.0,10149.0,32535.836
555.0,10149.0,32535.952
2063.0,10550.0,32540.471
2256.0,10240.0,32545.202999999998
1146.0,10064.0,32546.642000000003
1990.0,10026.0,32548.583
1192.0,10261.0,32551.44
2229.0,10129.0,32556.882
1722.0,10032.0,32556.977000000003
2093.0,10406.0,32574.132999999998
1809.0,10003.0,32577.836
125.0,10077.0,32582.238999999998
2146.0,10298.0,32587.488999999998
395.0,10152.0,32589.317000000003
2136.0,10003.0,32598.019
1192.0,10138.0,32624.138
1751.0,10003.0,32626.852000000003
2257.0,10073.0,32637.467
1668.0,10149.0,32642.894
190.0,10007.0,32644.394
2258.0,10094.0,32648.962000000003
1548.0,10347.0,32653.409
1146.0,10064.0,32657.381
2259.0,10569.0,32657.912
2237.0,10073.0,32662.331000000002
486.0,10011.0,32665.129
2260.0,10003.0,32666.725
567.0,10227.0,32670.213
2251.0,10511.0,32679.745
2162.0,10108.0,32688.432
143.0,10003.0,32689.266
458.0,10570.0,32692.635
932.0,10032.0,32707.529
1119.0,10053.0,32708.23
2175.0,10032.0,32714.59
2079.0,10032.0,32715.315
120.0,10073.0,32722.365
2257.0,10051.0,32730.141
2261.0,10093.0,32740.804
494.0,10112.0,32746.862999999998
2262.0,10036.0,32759.93
1347.0,10034.0,32772.161
1564.0,10008.0,32775.08
1667.0,10199.0,32775.62
113.0,10068.0,32780.79
136.0,10016.0,32781.807
2257.0,10177.0,32789.707
102.0,10408.0,32791.318999999996
2263.0,10003.0,32796.066
2185.0,10311.0,32803.85
2264.0,10339.0,32805.822
2044.0,10119.0,32806.189
1955.0,10196.0,32829.602
135.0,10077.0,32832.687000000005
2265.0,10003.0,32847.311
1341.0,10219.0,32860.913
2266.0,10020.0,32876.7
2258.0,10094.0,32881.262
2267.0,10208.0,32889.095
1987.0,10041.0,32891.541
747.0,10122.0,32898.18
2198.0,10559.0,32908.041
2268.0,10041.0,32914.51
1291.0,10418.0,32929.1
1901.0,10529.0,32948.933
850.0,10149.0,32951.437000000005
2085.0,10036.0,32965.242999999995
2199.0,10007.0,32966.997
102.0,10247.0,32968.636
1192.0,10279.0,32989.559
2223.0,10149.0,33002.683
113.0,10122.0,33007.464
1451.0,10149.0,33013.791
2269.0,10033.0,33017.122
2270.0,10003.0,33047.613
2271.0,10003.0,33068.995
2272.0,10033.0,33080.945
1955.0,10196.0,33082.029
2273.0,10011.0,33089.477999999996
2274.0,10146.0,33094.32
2124.0,10019.0,33105.278
2275.0,10003.0,33107.965
2276.0,10147.0,33114.581
2075.0,10065.0,33117.044
102.0,10571.0,33118.026
2277.0,10003.0,33125.625
2278.0,10086.0,33131.864
2279.0,10273.0,33134.065
2269.0,10033.0,33134.762
638.0,10003.0,33141.545
1520.0,10112.0,33145.521
850.0,10149.0,33147.093
2274.0,10234.0,33153.862
2280.0,10053.0,33156.462999999996
2281.0,10003.0,33165.06
2279.0,10418.0,33165.485
2282.0,10148.0,33170.967000000004
2283.0,10471.0,33199.579
1851.0,10033.0,33208.774
2198.0,10559.0,33221.936
334.0,10003.0,33226.824
2269.0,10033.0,33227.28
2284.0,10016.0,33227.28
2178.0,10033.0,33241.459
1796.0,10064.0,33244.498999999996
2225.0,10047.0,33250.609
2285.0,10032.0,33257.175
284.0,10205.0,33284.776
2192.0,10094.0,33284.998999999996
1520.0,10010.0,33290.941
967.0,10217.0,33301.941
2257.0,10051.0,33302.825
1171.0,10086.0,33315.086
2237.0,10529.0,33316.378
2286.0,10003.0,33328.433
555.0,10032.0,33328.549
1711.0,10032.0,33345.57
2192.0,10036.0,33348.001000000004
2287.0,10572.0,33354.969
1756.0,10033.0,33359.281
102.0,10343.0,33363.273
2288.0,10003.0,33380.61
1192.0,10471.0,33380.68
2269.0,10033.0,33382.818999999996
2289.0,10091.0,33388.689
2163.0,10016.0,33392.119
2290.0,10071.0,33401.506
1667.0,10199.0,33405.559
2291.0,10003.0,33419.026
2261.0,10051.0,33430.604
2292.0,10003.0,33436.473
2217.0,10047.0,33448.167
555.0,10149.0,33454.047
555.0,10149.0,33454.405
555.0,10149.0,33455.227999999996
555.0,10149.0,33456.568999999996
2293.0,10017.0,33474.737
2241.0,10499.0,33478.475
294.0,10007.0,33481.52
151.0,10016.0,33496.21
2294.0,10033.0,33498.496
2295.0,10573.0,33512.434
284.0,10205.0,33518.295
1756.0,10033.0,33525.275
2296.0,10242.0,33544.367999999995
2297.0,10003.0,33555.296
2298.0,10003.0,33555.81
2299.0,10574.0,33555.899
1313.0,10020.0,33562.311
2300.0,10007.0,33568.723
2189.0,10071.0,33579.774
2189.0,10071.0,33583.379
2301.0,10003.0,33590.722
988.0,10020.0,33595.212999999996
2302.0,10032.0,33598.067
1.0,10001.0,33598.551
1616.0,10032.0,33600.407999999996
120.0,10073.0,33603.904
598.0,10003.0,33605.897000000004
2303.0,10003.0,33609.723
2304.0,10007.0,33613.35
1618.0,10007.0,33626.823
2039.0,10045.0,33627.782
2305.0,10003.0,33630.172999999995
2189.0,10071.0,33641.285
2283.0,10471.0,33642.302
1944.0,10003.0,33647.176
2306.0,10033.0,33647.952000000005
2307.0,10041.0,33654.08
1539.0,10041.0,33661.148
2308.0,10349.0,33663.152
313.0,10152.0,33664.818
2309.0,10071.0,33667.982
2310.0,10196.0,33669.913
1738.0,10008.0,33673.742
967.0,10217.0,33680.531
1744.0,10016.0,33682.129
1539.0,10094.0,33684.039
2077.0,10039.0,33692.598
1539.0,10036.0,33702.257000000005
2311.0,10041.0,33722.69
2191.0,10036.0,33731.656
1965.0,10032.0,33734.899
1539.0,10041.0,33750.721
2312.0,10295.0,33762.451
1539.0,10094.0,33769.373999999996
560.0,10033.0,33785.395
1539.0,10036.0,33787.665
2282.0,10008.0,33793.178
2313.0,10017.0,33797.475
273.0,10071.0,33815.575
2241.0,10161.0,33816.663
2314.0,10032.0,33830.403
1707.0,10110.0,33837.867999999995
922.0,10073.0,33864.355
567.0,10227.0,33868.053
2315.0,10003.0,33880.498
2316.0,10508.0,33881.832
2317.0,10088.0,33882.448
2235.0,10003.0,33883.234
2318.0,10020.0,33887.476
1779.0,10149.0,33893.407
2202.0,10033.0,33893.981
2319.0,10196.0,33909.24
136.0,10016.0,33915.026
2320.0,10003.0,33934.953
102.0,10372.0,33951.341
2321.0,10019.0,33951.472
2322.0,10125.0,33955.623
776.0,10007.0,33969.774
129.0,10039.0,33974.245
1539.0,10041.0,33978.93
1756.0,10033.0,33980.029
1616.0,10032.0,33984.915
2232.0,10003.0,33998.645
1736.0,10020.0,34028.291
55.0,10036.0,34056.82
2175.0,10032.0,34074.695
55.0,10036.0,34076.924
1990.0,10026.0,34082.367999999995
2172.0,10155.0,34086.742
1756.0,10033.0,34088.321
192.0,10016.0,34089.431000000004
2269.0,10033.0,34109.789
1422.0,10020.0,34119.128
2034.0,10041.0,34134.19
2323.0,10003.0,34151.045
2324.0,10003.0,34157.792
2325.0,10144.0,34163.362
1999.0,10003.0,34168.437999999995
2144.0,10340.0,34170.373999999996
2271.0,10003.0,34172.372
2326.0,10011.0,34184.792
2271.0,10003.0,34186.594
2327.0,10375.0,34191.521
2328.0,10187.0,34201.56
894.0,10021.0,34211.152
2180.0,10003.0,34213.856
2269.0,10033.0,34242.621
2198.0,10559.0,34242.723
1670.0,10073.0,34244.31
2329.0,10042.0,34253.375
2118.0,10492.0,34254.54
153.0,10088.0,34279.262
2144.0,10165.0,34284.081
111.0,10073.0,34289.419
1738.0,10008.0,34290.88
2269.0,10033.0,34303.101
2330.0,10003.0,34310.585
1003.0,10017.0,34326.709
2144.0,10371.0,34330.454
2331.0,10003.0,34331.302
2332.0,10003.0,34337.476
328.0,10033.0,34341.955
1711.0,10032.0,34356.119
1703.0,10330.0,34358.384
2333.0,10003.0,34358.608
2122.0,10033.0,34370.918
2334.0,10008.0,34371.547999999995
1744.0,10054.0,34380.857
2264.0,10339.0,34382.361000000004
2317.0,10088.0,34393.165
46.0,10029.0,34394.095
365.0,10073.0,34395.495
2045.0,10003.0,34415.5
2335.0,10003.0,34418.326
1756.0,10033.0,34432.751000000004
2336.0,10552.0,34442.371
1918.0,10016.0,34444.433
2280.0,10105.0,34477.568
1961.0,10219.0,34477.613
2269.0,10033.0,34482.602999999996
2079.0,10039.0,34486.541
2337.0,10238.0,34487.936
2338.0,10055.0,34489.053
2339.0,10575.0,34489.215
2340.0,10003.0,34489.367999999995
2341.0,10003.0,34492.165
2342.0,10036.0,34498.852
2343.0,10339.0,34500.984
2344.0,10558.0,34511.992
1066.0,10392.0,34525.643
555.0,10032.0,34530.554
1750.0,10032.0,34537.342000000004
1066.0,10510.0,34545.589
2345.0,10474.0,34546.707
2011.0,10003.0,34547.215
965.0,10106.0,34556.36
2346.0,10033.0,34560.373
1066.0,10086.0,34561.413
2345.0,10492.0,34572.364
2022.0,10020.0,34575.141
2347.0,10011.0,34581.961
2348.0,10323.0,34585.395
577.0,10212.0,34585.484
2349.0,10076.0,34594.275
46.0,10029.0,34595.586
2311.0,10041.0,34597.672
816.0,10176.0,34597.876000000004
383.0,10020.0,34599.701
965.0,10106.0,34601.12
2345.0,10362.0,34604.721
2049.0,10065.0,34604.966
1526.0,10357.0,34607.342000000004
2350.0,10125.0,34618.87
2345.0,10403.0,34624.428
555.0,10149.0,34626.724
555.0,10149.0,34628.196
555.0,10149.0,34628.973
2348.0,10045.0,34629.791
2351.0,10033.0,34639.111000000004
1644.0,10149.0,34656.395
626.0,10033.0,34672.778
2345.0,10283.0,34677.898
2352.0,10029.0,34681.07
1796.0,10064.0,34681.295
2353.0,10020.0,34685.692
2354.0,10003.0,34688.013
2355.0,10020.0,34690.042
135.0,10177.0,34698.552
2356.0,10108.0,34698.808
1961.0,10219.0,34698.943
2282.0,10148.0,34706.176
1683.0,10039.0,34706.86
2357.0,10003.0,34708.761
2358.0,10047.0,34710.239
2269.0,10033.0,34717.975
2283.0,10576.0,34748.077000000005
2359.0,10003.0,34751.439
2360.0,10105.0,34753.85
1526.0,10041.0,34754.01
2081.0,10003.0,34762.893
2175.0,10032.0,34763.777
1115.0,10033.0,34764.297999999995
328.0,10033.0,34765.067
2110.0,10039.0,34771.263
443.0,10036.0,34786.219
2163.0,10016.0,34794.151
2361.0,10003.0,34794.477999999996
2362.0,10460.0,34794.487
1213.0,10426.0,34797.182
560.0,10033.0,34798.134
816.0,10016.0,34798.429
2363.0,10047.0,34799.24
1115.0,10033.0,34802.71
2233.0,10033.0,34812.711
442.0,10188.0,34815.583
2269.0,10033.0,34828.614
2364.0,10033.0,34833.848
1910.0,10184.0,34848.503
1539.0,10041.0,34851.512
1044.0,10033.0,34874.745
416.0,10007.0,34880.771
1956.0,10016.0,34881.827000000005
2363.0,10014.0,34885.939
2188.0,10073.0,34888.837
193.0,10255.0,34904.605
1539.0,10041.0,34910.506
1548.0,10565.0,34928.385
2365.0,10039.0,34930.719
2149.0,10032.0,34932.263
111.0,10034.0,34938.818
2366.0,10011.0,34941.022000000004
2041.0,10032.0,34943.082
2083.0,10003.0,34946.786
2193.0,10003.0,34948.725
734.0,10275.0,34983.39
2358.0,10047.0,34986.339
408.0,10077.0,35009.128
1178.0,10164.0,35015.29
650.0,10196.0,35021.097
1252.0,10275.0,35048.028
2367.0,10577.0,35048.178
2368.0,10039.0,35063.811
2181.0,10071.0,35065.32
2369.0,10008.0,35078.293
1400.0,10020.0,35085.984
25.0,10019.0,35086.275
2370.0,10108.0,35110.204
2371.0,10326.0,35110.476
1356.0,10318.0,35122.686
2257.0,10051.0,35125.11
2372.0,10003.0,35129.245
1810.0,10033.0,35131.445
2373.0,10204.0,35140.976
2374.0,10127.0,35145.416
2375.0,10003.0,35156.907
2376.0,10039.0,35169.465
2246.0,10149.0,35184.454
1426.0,10219.0,35188.068
129.0,10039.0,35189.477999999996
2377.0,10003.0,35210.166
318.0,10007.0,35211.187999999995
2092.0,10031.0,35211.428
2378.0,10033.0,35220.31
1894.0,10539.0,35220.496
1305.0,10033.0,35234.205
1115.0,10126.0,35234.205
1573.0,10020.0,35242.008
1303.0,10032.0,35242.906
2379.0,10071.0,35248.988
2380.0,10010.0,35265.685
2381.0,10020.0,35295.568999999996
2382.0,10003.0,35297.795
965.0,10106.0,35306.192
2135.0,10339.0,35308.443999999996
2311.0,10041.0,35310.454
1539.0,10041.0,35321.479
2383.0,10255.0,35335.391
2384.0,10008.0,35338.716
2385.0,10080.0,35339.292
1886.0,10139.0,35345.797999999995
2386.0,10063.0,35361.152
604.0,10409.0,35376.969
2175.0,10032.0,35388.469
2387.0,10003.0,35391.415
1600.0,10083.0,35403.355
1957.0,10339.0,35414.362
2241.0,10371.0,35422.636
2233.0,10033.0,35423.376000000004
136.0,10016.0,35430.237
1361.0,10055.0,35431.302
932.0,10032.0,35446.036
2388.0,10033.0,35450.309
572.0,10003.0,35460.027
2389.0,10003.0,35463.117999999995
2390.0,10191.0,35464.269
1053.0,10017.0,35471.494
1600.0,10083.0,35474.705
2104.0,10149.0,35477.441
2216.0,10032.0,35491.67
2342.0,10036.0,35497.859
2391.0,10033.0,35507.557
2355.0,10020.0,35509.185
2346.0,10033.0,35516.196
2392.0,10547.0,35519.208
2393.0,10041.0,35527.06
2394.0,10370.0,35533.001000000004
2395.0,10066.0,35538.665
1960.0,10032.0,35540.994
2396.0,10003.0,35567.315
2397.0,10003.0,35572.192
1722.0,10032.0,35579.449
2398.0,10119.0,35590.282
2399.0,10003.0,35594.932
2400.0,10003.0,35595.089
2401.0,10243.0,35602.788
360.0,10045.0,35605.22
2402.0,10063.0,35612.807
1526.0,10149.0,35617.626000000004
2379.0,10071.0,35629.872
151.0,10048.0,35654.962999999996
1750.0,10032.0,35661.922999999995
2403.0,10086.0,35668.649
1335.0,10139.0,35700.623
1979.0,10017.0,35710.034
2404.0,10073.0,35710.19
2405.0,10003.0,35713.437000000005
555.0,10032.0,35721.215
120.0,10073.0,35726.654
1044.0,10033.0,35734.442
739.0,10017.0,35742.677
2357.0,10003.0,35746.961
836.0,10149.0,35754.185
2406.0,10005.0,35762.979
2407.0,10149.0,35768.087999999996
113.0,10068.0,35776.535
1600.0,10083.0,35792.582
2406.0,10129.0,35793.117
2408.0,10003.0,35794.976
2325.0,10021.0,35808.696
1457.0,10016.0,35810.687000000005
406.0,10007.0,35817.469
2325.0,10144.0,35843.915
2409.0,10003.0,35844.434
2410.0,10156.0,35855.918
2411.0,10003.0,35858.104
2412.0,10266.0,35875.567
914.0,10039.0,35875.75
2413.0,10003.0,35880.193
1044.0,10033.0,35897.257000000005
2412.0,10239.0,35915.924
1788.0,10578.0,35930.78
2264.0,10339.0,35934.457
2414.0,10003.0,35945.432
2415.0,10022.0,35946.818999999996
2416.0,10039.0,35956.1
1236.0,10232.0,35958.312000000005
1183.0,10445.0,35959.22
921.0,10003.0,35960.223
600.0,10235.0,35970.919
2417.0,10148.0,35972.12
2412.0,10073.0,35973.687999999995
818.0,10033.0,35977.466
1595.0,10144.0,35978.561
2133.0,10008.0,35978.96
2418.0,10003.0,35981.336
2093.0,10026.0,36002.007000000005
2419.0,10579.0,36002.258
2093.0,10026.0,36005.677
384.0,10070.0,36007.589
2378.0,10033.0,36007.746
2420.0,10084.0,36019.327000000005
135.0,10033.0,36022.689
2421.0,10147.0,36030.784
36.0,10580.0,36034.416
2422.0,10016.0,36035.458
102.0,10429.0,36045.59
2374.0,10127.0,36056.697
640.0,10033.0,36063.873
1044.0,10033.0,36068.596
2423.0,10070.0,36087.578
136.0,10016.0,36106.643
2424.0,10003.0,36126.924
977.0,10007.0,36128.029
2392.0,10547.0,36130.675
1758.0,10189.0,36133.756
2425.0,10149.0,36134.765
2426.0,10108.0,36138.56
555.0,10149.0,36141.432
555.0,10149.0,36141.973
555.0,10149.0,36142.628
2427.0,10020.0,36148.657
2428.0,10020.0,36150.191
1398.0,10033.0,36151.998999999996
2429.0,10532.0,36155.028
2053.0,10033.0,36201.767
2175.0,10032.0,36202.162000000004
1236.0,10039.0,36211.161
2324.0,10003.0,36211.371
395.0,10152.0,36215.689
1963.0,10003.0,36217.994
2176.0,10064.0,36221.898
2325.0,10144.0,36225.836
567.0,10227.0,36248.779
2006.0,10230.0,36251.282999999996
2063.0,10091.0,36252.212999999996
2063.0,10122.0,36266.039
577.0,10349.0,36269.312999999995
2430.0,10033.0,36281.175
2431.0,10088.0,36288.614
2432.0,10003.0,36295.943
102.0,10581.0,36308.828
1958.0,10003.0,36310.185
102.0,10582.0,36314.387
1584.0,10007.0,36315.117999999995
1595.0,10144.0,36316.812999999995
2433.0,10009.0,36317.33
151.0,10016.0,36318.454
102.0,10235.0,36322.482
974.0,10020.0,36322.496
2012.0,10003.0,36323.03
2434.0,10583.0,36323.591
442.0,10188.0,36323.958
2435.0,10003.0,36325.863
2431.0,10454.0,36328.439
102.0,10235.0,36333.564
762.0,10228.0,36336.099
2436.0,10192.0,36336.55
1397.0,10098.0,36340.5
102.0,10235.0,36342.22
102.0,10235.0,36353.17
2437.0,10310.0,36357.331
1221.0,10212.0,36363.87
2342.0,10036.0,36368.317
214.0,10119.0,36370.26
129.0,10039.0,36379.601
2172.0,10584.0,36389.578
102.0,10569.0,36393.602999999996
1559.0,10003.0,36395.254
2110.0,10039.0,36397.56
1100.0,10001.0,36406.716
2438.0,10535.0,36414.711
2391.0,10033.0,36414.747
279.0,10247.0,36429.512
780.0,10020.0,36451.336
102.0,10090.0,36457.649
479.0,10093.0,36460.667
2439.0,10033.0,36463.362
2440.0,10197.0,36464.435
1645.0,10033.0,36473.365
2441.0,10318.0,36477.893
102.0,10191.0,36480.33
2346.0,10033.0,36480.626000000004
2442.0,10003.0,36488.273
2443.0,10071.0,36495.346
2444.0,10060.0,36495.449
1341.0,10219.0,36497.157
2317.0,10088.0,36514.461
818.0,10033.0,36523.492
2443.0,10071.0,36526.687999999995
2445.0,10025.0,36531.383
1883.0,10003.0,36535.967000000004
2446.0,10039.0,36545.559
96.0,10047.0,36549.568
1750.0,10052.0,36555.413
96.0,10062.0,36556.386
102.0,10556.0,36561.74
2447.0,10020.0,36565.858
2317.0,10088.0,36569.022000000004
102.0,10585.0,36570.372
2448.0,10246.0,36579.498999999996
771.0,10430.0,36583.385
318.0,10007.0,36584.61
640.0,10033.0,36586.426
2334.0,10008.0,36591.617
719.0,10555.0,36592.989
968.0,10006.0,36614.915
2362.0,10008.0,36616.23
121.0,10051.0,36627.312000000005
1356.0,10318.0,36658.878
2449.0,10275.0,36662.549
977.0,10007.0,36672.483
133.0,10007.0,36675.435
2450.0,10339.0,36694.363
2360.0,10125.0,36694.645
2451.0,10051.0,36697.131
2451.0,10052.0,36701.707
102.0,10586.0,36702.784
378.0,10003.0,36719.515
2452.0,10003.0,36725.142
102.0,10263.0,36733.315
787.0,10032.0,36738.722
2326.0,10011.0,36741.81
1468.0,10093.0,36755.695
2451.0,10051.0,36757.546
318.0,10007.0,36760.282999999996
2132.0,10032.0,36767.568999999996
2453.0,10439.0,36770.66
2452.0,10003.0,36775.041
1883.0,10003.0,36776.704
1636.0,10339.0,36800.111000000004
2103.0,10039.0,36807.793
2454.0,10041.0,36813.757000000005
2455.0,10003.0,36821.323
2155.0,10003.0,36822.501000000004
2292.0,10003.0,36842.107
2456.0,10003.0,36853.314
2457.0,10039.0,36853.638999999996
2458.0,10036.0,36872.083
2459.0,10055.0,36874.47
2438.0,10215.0,36874.736000000004
1733.0,10003.0,36877.476
2443.0,10071.0,36885.508
2103.0,10032.0,36891.2
633.0,10007.0,36901.288
304.0,10011.0,36902.347
2457.0,10039.0,36915.191
555.0,10032.0,36924.924
136.0,10016.0,36930.143
1723.0,10077.0,36931.772000000004
2175.0,10032.0,36940.332
102.0,10372.0,36952.083
318.0,10007.0,36955.804
1221.0,10212.0,36962.644
2460.0,10034.0,36965.879
2461.0,10003.0,36970.777
1900.0,10003.0,36978.862
2462.0,10003.0,36980.597
1053.0,10017.0,36982.111000000004
1738.0,10008.0,36986.557
818.0,10033.0,36990.919
1305.0,10033.0,36992.975
2463.0,10008.0,36994.974
2464.0,10003.0,36998.122
2451.0,10462.0,37005.398
894.0,10144.0,37006.184
2024.0,10020.0,37006.477
2465.0,10135.0,37014.562000000005
2466.0,10196.0,37020.872
1430.0,10032.0,37027.041
2467.0,10003.0,37040.079
555.0,10149.0,37042.994
555.0,10149.0,37043.44
193.0,10215.0,37044.651
1305.0,10033.0,37045.821
2443.0,10071.0,37049.315
2468.0,10587.0,37063.76
2469.0,10011.0,37065.073
2470.0,10052.0,37072.659
2471.0,10229.0,37075.288
2315.0,10003.0,37080.079
2472.0,10003.0,37080.098
1824.0,10588.0,37084.113
1486.0,10149.0,37090.799
2438.0,10589.0,37110.902
2473.0,10205.0,37117.599
151.0,10016.0,37117.995
2443.0,10071.0,37119.262
2474.0,10003.0,37120.878
2468.0,10464.0,37121.212999999996
1486.0,10149.0,37136.818999999996
979.0,10209.0,37137.981
125.0,10077.0,37164.303
2258.0,10094.0,37165.541
1117.0,10367.0,37167.218
2475.0,10033.0,37178.295
1100.0,10020.0,37181.005
1686.0,10003.0,37191.18
2476.0,10051.0,37192.246
2063.0,10177.0,37195.825
1.0,10001.0,37198.057
1808.0,10020.0,37207.51
1383.0,10003.0,37219.401
2477.0,10177.0,37219.65
311.0,10071.0,37221.089
2478.0,10003.0,37222.767
1945.0,10129.0,37223.91
604.0,10097.0,37227.893
190.0,10007.0,37229.854
2436.0,10162.0,37242.517
1870.0,10016.0,37258.115
2479.0,10020.0,37263.361000000004
2053.0,10033.0,37263.625
2480.0,10003.0,37264.31
2481.0,10090.0,37274.81
2482.0,10177.0,37284.082
580.0,10346.0,37285.422999999995
1928.0,10003.0,37287.915
125.0,10077.0,37293.532
2483.0,10540.0,37308.412000000004
2404.0,10073.0,37316.085
894.0,10144.0,37320.763
1966.0,10210.0,37336.059
1722.0,10032.0,37336.961
2484.0,10048.0,37342.411
1468.0,10177.0,37352.346
2134.0,10073.0,37368.221
2485.0,10034.0,37383.572
190.0,10007.0,37390.474
1937.0,10003.0,37393.739
190.0,10115.0,37399.322
125.0,10077.0,37399.539
2053.0,10033.0,37399.539
2346.0,10033.0,37404.183
1236.0,10394.0,37407.325
17.0,10013.0,37408.148
835.0,10007.0,37418.029
2486.0,10003.0,37425.998
2487.0,10114.0,37432.722
2381.0,10020.0,37440.404
2482.0,10177.0,37446.304
2488.0,10590.0,37449.95
1372.0,10032.0,37455.312999999995
965.0,10053.0,37458.927
2311.0,10149.0,37473.956
135.0,10033.0,37474.91
2489.0,10159.0,37476.817
2490.0,10077.0,37499.958
2491.0,10071.0,37499.975
1983.0,10071.0,37503.679
318.0,10007.0,37505.835
2492.0,10177.0,37516.821
2103.0,10032.0,37518.769
1966.0,10033.0,37521.61
2493.0,10033.0,37522.793
1960.0,10032.0,37541.22
102.0,10429.0,37541.317
2494.0,10086.0,37545.903
2127.0,10020.0,37561.462
1221.0,10212.0,37562.327000000005
2495.0,10003.0,37562.433
965.0,10106.0,37570.584
1750.0,10053.0,37570.584
1253.0,10535.0,37575.315
2496.0,10196.0,37581.932
999.0,10032.0,37591.692
17.0,10013.0,37595.135
2497.0,10020.0,37600.391
2498.0,10020.0,37603.805
36.0,10580.0,37604.414
2283.0,10471.0,37614.049
2499.0,10007.0,37616.078
2500.0,10039.0,37618.76
2501.0,10529.0,37620.275
914.0,10273.0,37623.351
2502.0,10003.0,37628.744
313.0,10152.0,37633.242
2503.0,10091.0,37640.312999999995
46.0,10029.0,37648.479
1253.0,10535.0,37648.643
135.0,10033.0,37650.004
2504.0,10149.0,37650.727
208.0,10537.0,37651.073
1990.0,10026.0,37654.388999999996
2505.0,10196.0,37656.461
2506.0,10087.0,37658.054
577.0,10093.0,37661.156
2507.0,10003.0,37661.239
2496.0,10196.0,37663.665
1526.0,10039.0,37668.278
2508.0,10017.0,37681.42
1091.0,10016.0,37689.541
1883.0,10003.0,37689.738
1772.0,10125.0,37704.165
2509.0,10414.0,37707.424
1957.0,10339.0,37721.567
2510.0,10003.0,37725.98
125.0,10077.0,37752.231
33.0,10023.0,37768.348
2234.0,10007.0,37776.301
650.0,10196.0,37791.973
1539.0,10041.0,37793.646
2511.0,10055.0,37804.795
1668.0,10149.0,37807.787000000004
1253.0,10535.0,37818.129
2376.0,10039.0,37828.157999999996
151.0,10048.0,37834.647000000004
277.0,10065.0,37842.616
136.0,10016.0,37848.096
463.0,10196.0,37848.962999999996
3.0,10003.0,37853.778
555.0,10032.0,37855.05
920.0,10003.0,37861.797999999995
2463.0,10008.0,37875.259
2512.0,10003.0,37887.406
1146.0,10050.0,37893.224
2513.0,10003.0,37895.702000000005
463.0,10196.0,37896.557
626.0,10033.0,37896.619
125.0,10077.0,37903.241
1612.0,10003.0,37911.73
2514.0,10020.0,37912.351
2083.0,10003.0,37917.082
1245.0,10091.0,37951.291
330.0,10003.0,37993.117999999995
360.0,10045.0,37996.696
626.0,10033.0,38008.997
1305.0,10065.0,38013.894
2482.0,10073.0,38043.174
36.0,10580.0,38046.62
463.0,10196.0,38051.998
1171.0,10238.0,38078.32
1065.0,10108.0,38104.591
120.0,10073.0,38105.907
2053.0,10033.0,38108.492
2515.0,10082.0,38110.314
2516.0,10110.0,38111.424
2517.0,10032.0,38113.752
2448.0,10257.0,38131.885
17.0,10013.0,38134.686
1075.0,10003.0,38153.255
2443.0,10071.0,38154.455
1894.0,10462.0,38164.602999999996
2499.0,10007.0,38178.32
2518.0,10003.0,38196.532
2311.0,10149.0,38200.346
2322.0,10108.0,38203.94
2519.0,10148.0,38213.165
2520.0,10032.0,38219.762
2077.0,10039.0,38239.267
2493.0,10033.0,38243.787000000004
2521.0,10149.0,38249.134
1337.0,10003.0,38258.716
1780.0,10003.0,38260.859
2522.0,10003.0,38264.316
2516.0,10110.0,38277.293
1526.0,10153.0,38277.546
383.0,10016.0,38282.065
1894.0,10591.0,38284.74
2523.0,10003.0,38296.327000000005
2524.0,10016.0,38306.327000000005
208.0,10073.0,38312.262
463.0,10196.0,38321.141
1750.0,10085.0,38326.102999999996
1398.0,10033.0,38366.951
577.0,10206.0,38379.845
33.0,10023.0,38382.25
2525.0,10009.0,38387.95
2499.0,10007.0,38387.966
2526.0,10003.0,38394.136
626.0,10033.0,38399.207
297.0,10032.0,38403.184
640.0,10033.0,38403.307
153.0,10088.0,38406.367
640.0,10033.0,38416.63
2527.0,10033.0,38419.777
68.0,10505.0,38429.345
2528.0,10003.0,38430.774
2063.0,10122.0,38438.939
2346.0,10033.0,38444.539
2499.0,10007.0,38446.259
135.0,10592.0,38447.525
2362.0,10042.0,38460.595
2270.0,10003.0,38482.839
2103.0,10039.0,38500.31
965.0,10106.0,38513.829
2488.0,10549.0,38519.18
1398.0,10033.0,38523.352999999996
965.0,10349.0,38536.953
1146.0,10225.0,38541.526
2529.0,10139.0,38543.855
2530.0,10154.0,38554.269
2531.0,10003.0,38555.827000000005
2532.0,10094.0,38563.042
2191.0,10036.0,38565.863
2532.0,10036.0,38565.962999999996
2533.0,10032.0,38569.226
2325.0,10144.0,38586.433
2534.0,10593.0,38589.674
2103.0,10073.0,38602.13
2492.0,10093.0,38606.132000000005
1221.0,10032.0,38651.403
151.0,10016.0,38656.24
2535.0,10339.0,38661.457
2536.0,10068.0,38668.596
567.0,10227.0,38668.729
1305.0,10065.0,38672.233
769.0,10003.0,38701.394
2325.0,10144.0,38706.27
2362.0,10112.0,38707.597
125.0,10077.0,38708.296
2537.0,10035.0,38710.422
818.0,10033.0,38711.466
2298.0,10003.0,38717.25
202.0,10234.0,38719.219
6.0,10005.0,38739.995
719.0,10555.0,38743.529
834.0,10032.0,38744.335
2538.0,10003.0,38745.253
2466.0,10196.0,38749.654
313.0,10152.0,38751.102999999996
2075.0,10039.0,38755.59
2539.0,10196.0,38757.462
2103.0,10093.0,38762.735
2540.0,10119.0,38767.873
1341.0,10219.0,38770.48
613.0,10072.0,38775.575
32.0,10003.0,38777.081
136.0,10045.0,38788.462999999996
2075.0,10041.0,38795.162000000004
2541.0,10594.0,38797.052
2542.0,10003.0,38799.19
2543.0,10160.0,38815.102
2544.0,10439.0,38826.492
2489.0,10159.0,38827.55
2009.0,10003.0,38830.541
2311.0,10149.0,38834.379
2545.0,10007.0,38846.591
2283.0,10576.0,38854.781
2537.0,10418.0,38865.752
2546.0,10595.0,38867.998
2246.0,10149.0,38874.904
1933.0,10003.0,38879.725
1990.0,10026.0,38885.922999999995
46.0,10029.0,38896.135
2547.0,10033.0,38901.285
2118.0,10403.0,38915.532
2175.0,10032.0,38918.722
821.0,10003.0,38934.642
1600.0,10083.0,38936.888999999996
2191.0,10036.0,38954.856
1229.0,10259.0,38967.841
2548.0,10553.0,38969.331
494.0,10112.0,38974.578
2404.0,10073.0,38977.943
208.0,10073.0,38992.529
1894.0,10279.0,39004.922999999995
2246.0,10149.0,39018.34
555.0,10032.0,39027.274
2549.0,10017.0,39057.492
2550.0,10007.0,39062.835
1980.0,10003.0,39065.977
2551.0,10126.0,39071.5
2514.0,10020.0,39082.045
1894.0,10596.0,39082.079
1500.0,10118.0,39105.933
2552.0,10323.0,39108.347
2485.0,10034.0,39123.211
2362.0,10122.0,39123.689
2553.0,10003.0,39127.437000000005
2554.0,10071.0,39130.527
1597.0,10282.0,39139.329
2457.0,10039.0,39140.661
2555.0,10039.0,39141.657999999996
2556.0,10373.0,39144.177
2518.0,10003.0,39154.762
2557.0,10506.0,39169.821
602.0,10597.0,39172.729
2557.0,10165.0,39173.829
2558.0,10033.0,39185.062999999995
2559.0,10505.0,39186.652
2560.0,10074.0,39186.867
2325.0,10021.0,39191.053
1433.0,10003.0,39199.787000000004
2372.0,10003.0,39203.89
2325.0,10144.0,39203.911
463.0,10196.0,39218.709
2539.0,10196.0,39221.586
135.0,10033.0,39227.068
2557.0,10474.0,39229.511
2557.0,10015.0,39233.495
2191.0,10036.0,39234.601
2535.0,10339.0,39235.886
2533.0,10032.0,39236.942
2561.0,10039.0,39254.925
2545.0,10007.0,39259.562999999995
125.0,10077.0,39261.876000000004
2562.0,10007.0,39264.781
2563.0,10018.0,39269.832
2564.0,10196.0,39272.371
2565.0,10241.0,39275.129
2119.0,10003.0,39291.782
2566.0,10290.0,39296.468
2567.0,10154.0,39297.664
1102.0,10139.0,39298.582
2568.0,10055.0,39300.08
120.0,10073.0,39304.977999999996
125.0,10077.0,39313.008
2025.0,10003.0,39330.649
2563.0,10094.0,39348.859
1305.0,10033.0,39351.299
2063.0,10016.0,39356.013
1448.0,10025.0,39377.809
882.0,10177.0,39378.393
2569.0,10182.0,39387.051
2570.0,10087.0,39387.412000000004
136.0,10016.0,39395.709
2571.0,10122.0,39412.484
2572.0,10196.0,39421.303
2573.0,10086.0,39423.752
2574.0,10139.0,39426.85
2242.0,10011.0,39429.339
2575.0,10033.0,39432.135
2133.0,10008.0,39442.175
1597.0,10282.0,39444.596
1728.0,10006.0,39445.323
1146.0,10085.0,39451.447
203.0,10037.0,39457.096
2576.0,10149.0,39458.46
2550.0,10007.0,39469.427
2573.0,10086.0,39492.098
2557.0,10415.0,39497.083
2439.0,10033.0,39498.184
2577.0,10003.0,39500.239
2557.0,10598.0,39501.21
1539.0,10094.0,39502.83
1539.0,10041.0,39515.364
2057.0,10003.0,39517.549
1388.0,10240.0,39523.045
965.0,10232.0,39525.949
1356.0,10318.0,39528.55
1960.0,10032.0,39530.186
1539.0,10036.0,39531.94
151.0,10016.0,39548.907999999996
2578.0,10071.0,39550.89
2322.0,10450.0,39558.48
2579.0,10087.0,39568.93
2103.0,10033.0,39575.582
1341.0,10219.0,39585.748999999996
1175.0,10007.0,39590.242999999995
2175.0,10032.0,39595.591
1.0,10073.0,39598.344
2580.0,10599.0,39600.904
2407.0,10149.0,39602.661
2581.0,10339.0,39615.697
2582.0,10600.0,39615.928
2583.0,10584.0,39620.123999999996
2584.0,10071.0,39622.366
1919.0,10177.0,39626.328
555.0,10032.0,39626.342000000004
464.0,10173.0,39627.202000000005
137.0,10137.0,39633.57
2558.0,10033.0,39642.768
2549.0,10017.0,39655.849
297.0,10032.0,39658.481
2027.0,10003.0,39669.878
33.0,10023.0,39673.763999999996
572.0,10003.0,39684.61
2585.0,10365.0,39685.998999999996
2557.0,10601.0,39694.265
2143.0,10003.0,39694.705
2559.0,10550.0,39695.941
2557.0,10514.0,39696.71
2492.0,10093.0,39698.266
129.0,10039.0,39701.837999999996
2586.0,10003.0,39704.209
1551.0,10177.0,39704.811
2587.0,10003.0,39707.345
1171.0,10238.0,39709.965
2588.0,10602.0,39718.723
2589.0,10108.0,39719.421
486.0,10011.0,39722.201
2463.0,10008.0,39727.054
367.0,10052.0,39766.706
904.0,10007.0,39793.367999999995
2590.0,10077.0,39820.894
2496.0,10196.0,39826.58
2591.0,10003.0,39828.833
2592.0,10503.0,39845.437999999995
2557.0,10165.0,39845.582
2593.0,10003.0,39846.696
600.0,10235.0,39848.222
2325.0,10144.0,39866.977999999996
135.0,10033.0,39872.494
2485.0,10034.0,39877.292
2550.0,10007.0,39896.568999999996
2509.0,10414.0,39906.546
2496.0,10196.0,39925.912000000004
2394.0,10370.0,39932.693999999996
1451.0,10149.0,39943.522000000004
965.0,10053.0,39944.433
2557.0,10511.0,39949.027
208.0,10155.0,39951.297
102.0,10569.0,39954.146
463.0,10196.0,39957.65
2594.0,10051.0,39961.062999999995
1878.0,10039.0,39961.927
102.0,10569.0,39962.187000000005
859.0,10052.0,39964.372
2289.0,10065.0,39966.556000000004
202.0,10116.0,39967.011
153.0,10088.0,39974.96
2595.0,10177.0,39975.244
102.0,10603.0,39978.075
136.0,10045.0,39993.397000000004
2117.0,10581.0,39998.104
2563.0,10020.0,39999.6
2596.0,10239.0,40010.105
2520.0,10032.0,40021.985
102.0,10604.0,40023.737
2557.0,10506.0,40027.888
336.0,10020.0,40042.327000000005
2597.0,10020.0,40048.966
135.0,10033.0,40053.732
2598.0,10133.0,40054.216
202.0,10116.0,40056.672999999995
102.0,10605.0,40059.782999999996
2598.0,10133.0,40064.075
102.0,10606.0,40068.492
321.0,10003.0,40069.335
2598.0,10133.0,40073.476
2599.0,10045.0,40078.102
2598.0,10133.0,40084.38
2191.0,10036.0,40088.145
2598.0,10133.0,40093.534
2598.0,10133.0,40103.419
102.0,10585.0,40108.373999999996
2600.0,10033.0,40110.823
2598.0,10133.0,40114.339
920.0,10003.0,40118.023
1926.0,10052.0,40120.947
2311.0,10149.0,40122.079
2599.0,10183.0,40123.27
2155.0,10003.0,40123.27
2598.0,10133.0,40123.926
2601.0,10212.0,40125.487
2168.0,10008.0,40126.39
102.0,10607.0,40137.892
1641.0,10047.0,40144.196
151.0,10048.0,40147.984
2581.0,10339.0,40151.667
824.0,10033.0,40154.662000000004
2598.0,10133.0,40160.062999999995
102.0,10071.0,40163.547999999995
125.0,10077.0,40164.222
1805.0,10003.0,40167.255
2602.0,10295.0,40176.212999999996
2598.0,10133.0,40181.495
2285.0,10298.0,40182.056000000004
2603.0,10450.0,40187.98
2604.0,10085.0,40188.623999999996
2557.0,10601.0,40189.367999999995
278.0,10047.0,40206.077000000005
2605.0,10032.0,40206.771
2532.0,10094.0,40219.547
488.0,10260.0,40219.833
2582.0,10091.0,40229.345
2222.0,10003.0,40229.906
2394.0,10370.0,40234.759
1036.0,10003.0,40238.614
2583.0,10608.0,40240.765
2568.0,10033.0,40243.763999999996
2248.0,10003.0,40252.329
2606.0,10003.0,40259.13
2197.0,10033.0,40263.359
487.0,10191.0,40263.631
2430.0,10033.0,40266.59
2571.0,10609.0,40266.949
2550.0,10007.0,40272.527
2607.0,10016.0,40273.388
2608.0,10148.0,40275.347
2557.0,10384.0,40280.428
1738.0,10008.0,40281.177
2609.0,10020.0,40287.473
2391.0,10033.0,40288.668
2176.0,10064.0,40298.336
102.0,10125.0,40299.437999999995
125.0,10077.0,40311.921
2610.0,10033.0,40316.277
2175.0,10032.0,40316.398
1641.0,10389.0,40318.824
2611.0,10003.0,40320.047
2589.0,10108.0,40320.435
98.0,10061.0,40320.822
2521.0,10149.0,40324.25
1722.0,10032.0,40333.866
965.0,10357.0,40337.997
2492.0,10093.0,40339.659
2612.0,10109.0,40344.28
555.0,10149.0,40345.336
1875.0,10003.0,40358.583
2511.0,10009.0,40363.49
102.0,10610.0,40372.151
2547.0,10033.0,40377.282999999996
1641.0,10165.0,40380.394
2613.0,10003.0,40383.549
33.0,10023.0,40391.818999999996
2614.0,10241.0,40393.89
2463.0,10008.0,40400.382000000005
2615.0,10053.0,40400.866
2616.0,10003.0,40403.008
1341.0,10219.0,40406.742
239.0,10003.0,40416.662000000004
2492.0,10611.0,40417.735
2557.0,10172.0,40420.453
2617.0,10511.0,40432.318999999996
2539.0,10196.0,40434.917
2618.0,10057.0,40438.951
2535.0,10339.0,40439.769
2540.0,10119.0,40454.671
2618.0,10612.0,40455.214
567.0,10227.0,40456.526
1622.0,10003.0,40460.136
463.0,10196.0,40460.502
2079.0,10139.0,40474.88
2619.0,10058.0,40477.129
218.0,10011.0,40481.201
2620.0,10034.0,40483.418
2621.0,10003.0,40487.917
1305.0,10033.0,40488.24
2622.0,10025.0,40507.793
238.0,10088.0,40511.024
2623.0,10546.0,40513.145
1526.0,10041.0,40519.955
974.0,10020.0,40524.808
1496.0,10086.0,40525.833
1305.0,10033.0,40529.607
1827.0,10025.0,40530.291
2624.0,10009.0,40531.388999999996
2625.0,10230.0,40539.184
2557.0,10601.0,40539.824
1183.0,10388.0,40543.18
2626.0,10027.0,40547.27
125.0,10077.0,40547.638999999996
2322.0,10450.0,40548.708
2514.0,10020.0,40552.027
1878.0,10349.0,40564.492
1726.0,10306.0,40564.869
125.0,10077.0,40570.231
624.0,10071.0,40570.459
1253.0,10033.0,40574.918
1641.0,10405.0,40582.867
577.0,10053.0,40582.94
1205.0,10007.0,40584.268
125.0,10077.0,40586.429
956.0,10006.0,40588.729
2557.0,10342.0,40594.015
2627.0,10196.0,40594.333
278.0,10047.0,40597.181000000004
1175.0,10007.0,40605.742999999995
2628.0,10016.0,40608.679
1253.0,10033.0,40611.123999999996
657.0,10001.0,40621.151
2557.0,10472.0,40623.46
2590.0,10077.0,40623.52
2322.0,10450.0,40629.227999999996
555.0,10149.0,40630.966
555.0,10149.0,40631.279
555.0,10149.0,40632.429
555.0,10149.0,40632.49
965.0,10357.0,40644.038
2499.0,10177.0,40650.848
135.0,10077.0,40652.04
2629.0,10003.0,40659.564
2630.0,10339.0,40678.42
326.0,10003.0,40679.221
2631.0,10071.0,40686.644
2332.0,10003.0,40688.962
2632.0,10075.0,40697.383
395.0,10152.0,40701.642
2533.0,10032.0,40704.312999999995
1305.0,10033.0,40708.297999999995
676.0,10211.0,40715.911
2633.0,10196.0,40726.26
2117.0,10392.0,40728.704
965.0,10232.0,40729.266
2457.0,10039.0,40732.403
125.0,10077.0,40733.159
2612.0,10020.0,40742.638
2634.0,10032.0,40747.847
2635.0,10357.0,40749.116
125.0,10077.0,40755.757000000005
1636.0,10339.0,40760.148
2636.0,10524.0,40774.236000000004
208.0,10155.0,40782.132000000005
2466.0,10196.0,40788.599
2637.0,10190.0,40790.48
2331.0,10003.0,40791.016
2638.0,10003.0,40796.984
1.0,10001.0,40798.685
2639.0,10070.0,40808.464
1305.0,10033.0,40809.311
2629.0,10003.0,40822.16
2557.0,10613.0,40823.955
2640.0,10034.0,40828.144
136.0,10016.0,40831.315
463.0,10196.0,40846.18
2641.0,10007.0,40852.532
2188.0,10512.0,40857.995
2485.0,10034.0,40859.971
2557.0,10511.0,40862.776
2106.0,10506.0,40872.998
2550.0,10007.0,40875.324
1330.0,10217.0,40890.015
535.0,10042.0,40892.303
2642.0,10017.0,40893.529
2643.0,10007.0,40903.824
129.0,10039.0,40904.422
1789.0,10003.0,40904.789
2644.0,10033.0,40908.665
683.0,10265.0,40911.418
602.0,10177.0,40915.637
1388.0,10240.0,40920.305
2645.0,10007.0,40920.594
2175.0,10032.0,40924.741
1548.0,10008.0,40934.104
2629.0,10003.0,40939.171
2521.0,10149.0,40942.873999999996
2191.0,10034.0,40944.562000000005
2207.0,10122.0,40948.163
2646.0,10003.0,40948.646
67.0,10042.0,40958.462
2647.0,10506.0,40962.796
486.0,10011.0,40964.172
2582.0,10600.0,40976.022000000004
2648.0,10211.0,41008.753
1028.0,10007.0,41016.462999999996
2610.0,10033.0,41020.115
650.0,10196.0,41025.97
2649.0,10003.0,41029.216
1253.0,10033.0,41031.555
463.0,10196.0,41035.866
2463.0,10008.0,41041.092000000004
2352.0,10029.0,41041.602999999996
2557.0,10598.0,41047.943
2650.0,10092.0,41053.512
2648.0,10211.0,41058.797999999995
1888.0,10003.0,41059.959
2651.0,10242.0,41063.962999999996
2652.0,10003.0,41064.918
2653.0,10032.0,41065.644
2654.0,10105.0,41068.789
2641.0,10007.0,41071.561
2655.0,10357.0,41074.741
2344.0,10088.0,41074.76
965.0,10159.0,41077.053
1773.0,10003.0,41079.746
2135.0,10181.0,41080.812000000005
2557.0,10614.0,41087.642
2656.0,10032.0,41097.811
2352.0,10029.0,41101.043
1341.0,10219.0,41110.503
102.0,10615.0,41116.042
2657.0,10171.0,41117.074
1986.0,10003.0,41121.193
2658.0,10204.0,41122.287000000004
1253.0,10233.0,41123.892
135.0,10033.0,41127.352999999996
2489.0,10159.0,41129.865
1533.0,10047.0,41132.174
2617.0,10185.0,41134.782999999996
2472.0,10003.0,41136.229
2557.0,10613.0,41152.794
2077.0,10418.0,41161.949
488.0,10091.0,41168.684
2659.0,10419.0,41170.496
2660.0,10395.0,41171.832
1220.0,10007.0,41190.333
2557.0,10172.0,41210.571
938.0,10006.0,41211.745
2557.0,10503.0,41213.382000000005
2661.0,10339.0,41219.814
2662.0,10010.0,41227.886
2274.0,10146.0,41229.297
1711.0,10032.0,41229.967000000004
463.0,10196.0,41246.668
683.0,10307.0,41255.948
2557.0,10170.0,41255.948
1063.0,10003.0,41258.397000000004
2111.0,10069.0,41291.24
1457.0,10016.0,41296.818
360.0,10045.0,41301.617999999995
2289.0,10054.0,41310.047
2499.0,10177.0,41327.38
2663.0,10033.0,41328.137
2664.0,10003.0,41328.677
2651.0,10616.0,41329.082
1200.0,10060.0,41345.616
1945.0,10187.0,41346.234
2578.0,10071.0,41350.507000000005
2634.0,10032.0,41356.551
16.0,10003.0,41357.152
151.0,10016.0,41357.657
1128.0,10091.0,41371.771
2665.0,10026.0,41373.68
110.0,10066.0,41380.878
2073.0,10524.0,41381.671
2457.0,10039.0,41382.879
1894.0,10539.0,41386.294
2617.0,10465.0,41387.393
1042.0,10121.0,41389.991
2666.0,10003.0,41397.558
2667.0,10448.0,41400.058
2668.0,10003.0,41402.651
1128.0,10091.0,41410.602999999996
2669.0,10011.0,41421.882000000005
1894.0,10386.0,41427.33
40.0,10003.0,41434.225
121.0,10051.0,41438.76
2363.0,10379.0,41448.039
2670.0,10031.0,41449.373999999996
2660.0,10395.0,41461.648
2671.0,10617.0,41464.021
2672.0,10058.0,41464.057
136.0,10045.0,41475.28
2557.0,10528.0,41477.732
1226.0,10387.0,41492.825
2673.0,10007.0,41494.675
678.0,10007.0,41500.348
2674.0,10008.0,41506.013
2499.0,10007.0,41510.829
471.0,10032.0,41518.367
686.0,10263.0,41531.492999999995
1744.0,10016.0,41532.551
1573.0,10020.0,41534.115
1648.0,10006.0,41535.254
787.0,10032.0,41540.078
307.0,10003.0,41542.397000000004
2617.0,10362.0,41551.245
2404.0,10073.0,41558.351
309.0,10093.0,41562.229
1128.0,10091.0,41563.476
2675.0,10010.0,41566.807
2676.0,10370.0,41573.772000000004
2600.0,10033.0,41577.092000000004
2665.0,10026.0,41577.486000000004
2677.0,10087.0,41579.677
2678.0,10033.0,41584.39
1527.0,10033.0,41584.644
933.0,10007.0,41588.277
2679.0,10003.0,41590.117999999995
2680.0,10003.0,41590.392
2681.0,10215.0,41601.685
2682.0,10003.0,41604.267
2363.0,10047.0,41612.199
2610.0,10033.0,41621.375
1199.0,10196.0,41625.845
2683.0,10003.0,41627.032999999996
2684.0,10034.0,41628.969
32.0,10003.0,41642.046
2672.0,10026.0,41644.149
1961.0,10219.0,41650.816
1221.0,10032.0,41661.974
2562.0,10007.0,41677.88
965.0,10357.0,41680.451
2685.0,10054.0,41690.412000000004
965.0,10106.0,41691.804
2684.0,10034.0,41700.227999999996
2686.0,10003.0,41705.326
481.0,10003.0,41705.326
1825.0,10020.0,41711.611000000004
2687.0,10020.0,41713.823
1073.0,10162.0,41714.787000000004
2557.0,10601.0,41722.975
1670.0,10073.0,41724.089
2191.0,10036.0,41728.614
555.0,10032.0,41730.397000000004
1073.0,10182.0,41731.177
1894.0,10618.0,41732.036
2191.0,10036.0,41738.242
2648.0,10211.0,41744.771
1073.0,10360.0,41747.76
2688.0,10033.0,41748.864
2352.0,10029.0,41749.722
2623.0,10085.0,41750.08
2175.0,10032.0,41762.981
1305.0,10033.0,41773.266
1731.0,10093.0,41783.099
577.0,10212.0,41787.543
1851.0,10033.0,41791.983
1834.0,10003.0,41792.464
2641.0,10007.0,41792.598
2689.0,10060.0,41792.599
2562.0,10007.0,41795.011
2690.0,10036.0,41798.519
2352.0,10029.0,41801.731
1146.0,10093.0,41811.507000000005
512.0,10619.0,41828.075
1073.0,10613.0,41833.915
2617.0,10124.0,41844.143
2557.0,10404.0,41883.41
1028.0,10007.0,41885.198
2557.0,10620.0,41886.325
2691.0,10003.0,41886.776
2692.0,10003.0,41896.735
1683.0,10039.0,41905.577000000005
1527.0,10033.0,41921.397000000004
373.0,10467.0,41940.153
2693.0,10087.0,41950.992999999995
2694.0,10175.0,41957.015999999996
1750.0,10001.0,41959.894
2695.0,10177.0,41960.352
2696.0,10581.0,41960.51
1960.0,10032.0,41965.543
2697.0,10003.0,41977.565
1644.0,10149.0,41982.852
2666.0,10003.0,41990.163
2698.0,10071.0,41995.350999999995
308.0,10073.0,42002.35400000001
2557.0,10613.0,42012.043
919.0,10003.0,42012.833
311.0,10071.0,42013.712999999996
2699.0,10594.0,42014.867
2652.0,10003.0,42015.751
2700.0,10003.0,42017.363
1366.0,10154.0,42020.514
2701.0,10147.0,42020.654
2496.0,10196.0,42024.864
2375.0,10003.0,42029.698
2702.0,10003.0,42035.667
2617.0,10389.0,42044.107
2703.0,10020.0,42050.504
1644.0,10149.0,42059.973
1845.0,10149.0,42061.797999999995
2704.0,10003.0,42063.14
463.0,10196.0,42073.621
2675.0,10621.0,42074.544
2705.0,10305.0,42074.916
578.0,10003.0,42076.40900000001
2361.0,10003.0,42079.344000000005
129.0,10039.0,42082.078
2706.0,10039.0,42082.378
136.0,10016.0,42083.691
306.0,10263.0,42091.734000000004
2463.0,10008.0,42093.925
2675.0,10163.0,42123.573
2521.0,10149.0,42127.108
2626.0,10026.0,42129.765999999996
2675.0,10230.0,42134.202000000005
1171.0,10086.0,42135.638
2707.0,10032.0,42137.77099999999
2557.0,10404.0,42144.007000000005
1199.0,10196.0,42144.998
2708.0,10007.0,42146.889
2709.0,10088.0,42152.51
2553.0,10003.0,42155.801
2617.0,10015.0,42160.445
2710.0,10268.0,42165.011
2404.0,10073.0,42166.638
2711.0,10016.0,42176.530999999995
2485.0,10034.0,42183.053
2672.0,10058.0,42190.385
734.0,10275.0,42196.971
2705.0,10547.0,42200.27
2694.0,10175.0,42219.05
2492.0,10316.0,42240.425
2712.0,10003.0,42252.920999999995
2617.0,10474.0,42255.612
2055.0,10033.0,42259.677
208.0,10118.0,42264.657
2492.0,10177.0,42266.721
1548.0,10556.0,42277.149000000005
2713.0,10366.0,42283.539000000004
2562.0,10007.0,42287.615999999995
2492.0,10177.0,42302.218
907.0,10357.0,42307.457
2714.0,10177.0,42308.373
463.0,10196.0,42315.198
2569.0,10170.0,42315.722
2562.0,10007.0,42333.02099999999
2492.0,10611.0,42357.388
2715.0,10003.0,42360.449
2716.0,10003.0,42364.987
463.0,10196.0,42367.637
907.0,10349.0,42370.303
2032.0,10003.0,42372.062999999995
2562.0,10007.0,42396.072
2717.0,10054.0,42404.567
996.0,10351.0,42408.797
2592.0,10608.0,42414.365999999995
1028.0,10007.0,42424.14599999999
2496.0,10196.0,42426.309
1632.0,10011.0,42444.613
2582.0,10463.0,42451.852
2718.0,10033.0,42457.178
2539.0,10196.0,42461.03599999999
463.0,10196.0,42463.598
2719.0,10003.0,42466.147000000004
2271.0,10003.0,42466.637
2175.0,10032.0,42473.651
1069.0,10057.0,42496.459
766.0,10020.0,42505.827000000005
2720.0,10390.0,42518.539000000004
2721.0,10149.0,42521.687000000005
1894.0,10496.0,42527.372
2722.0,10612.0,42528.312000000005
2723.0,10056.0,42530.59
151.0,10048.0,42549.888
1030.0,10003.0,42564.814000000006
2557.0,10195.0,42566.542
2634.0,10032.0,42571.435999999994
2476.0,10622.0,42572.753
1795.0,10003.0,42586.175
1087.0,10506.0,42606.890999999996
2724.0,10541.0,42615.420999999995
555.0,10032.0,42620.554000000004
2492.0,10177.0,42638.638
1705.0,10196.0,42642.009000000005
2725.0,10092.0,42648.54
2726.0,10033.0,42656.359000000004
463.0,10196.0,42660.012
1758.0,10189.0,42669.005
1941.0,10006.0,42669.987
313.0,10152.0,42682.528
102.0,10623.0,42683.255999999994
2727.0,10003.0,42684.460999999996
2728.0,10020.0,42685.203
2729.0,10057.0,42692.041
636.0,10003.0,42694.047
2537.0,10039.0,42696.755
956.0,10006.0,42705.582
2672.0,10457.0,42706.97900000001
2514.0,10020.0,42707.475
683.0,10265.0,42714.722
2730.0,10003.0,42715.557
2672.0,10026.0,42731.511
2557.0,10342.0,42734.985
1003.0,10017.0,42738.663
555.0,10149.0,42742.16
2731.0,10017.0,42743.955
2617.0,10174.0,42747.544
2732.0,10624.0,42756.097
492.0,10007.0,42772.585
1861.0,10003.0,42772.643
1937.0,10003.0,42781.685999999994
2733.0,10088.0,42781.751
2110.0,10050.0,42783.448
2404.0,10093.0,42793.047
2548.0,10553.0,42808.695
2562.0,10007.0,42809.564000000006
2674.0,10032.0,42812.663
2651.0,10528.0,42813.434
2734.0,10034.0,42826.53400000001
303.0,10149.0,42826.937000000005
1171.0,10086.0,42832.122
463.0,10196.0,42833.492
2735.0,10006.0,42840.233
2736.0,10055.0,42848.434
2492.0,10093.0,42854.944
2651.0,10340.0,42855.324
2737.0,10033.0,42866.49
2738.0,10165.0,42869.969000000005
2557.0,10384.0,42873.085
208.0,10073.0,42884.496
2709.0,10013.0,42887.905999999995
1427.0,10039.0,42909.356
2730.0,10003.0,42920.465
2739.0,10003.0,42921.937000000005
2651.0,10613.0,42923.587
2698.0,10071.0,42928.492
2718.0,10033.0,42929.792
2675.0,10351.0,42938.878
156.0,10089.0,42940.295999999995
1328.0,10003.0,42941.933
2372.0,10003.0,42943.119000000006
102.0,10184.0,42947.769
897.0,10066.0,42958.702000000005
2206.0,10003.0,42975.38
2541.0,10149.0,42984.198
1291.0,10034.0,42985.702000000005
617.0,10065.0,42986.030999999995
2544.0,10006.0,42986.389
2573.0,10086.0,42996.689000000006
1200.0,10063.0,43000.974
2740.0,10088.0,43002.192
2389.0,10003.0,43006.45
2741.0,10039.0,43014.806
1028.0,10007.0,43018.471
996.0,10049.0,43020.093
2742.0,10016.0,43025.797999999995
2131.0,10625.0,43026.265999999996
2743.0,10003.0,43032.742
2744.0,10032.0,43034.763
2492.0,10020.0,43038.168
2651.0,10195.0,43039.367999999995
450.0,10189.0,43040.687999999995
2745.0,10392.0,43048.715
2736.0,10407.0,43055.315
492.0,10007.0,43058.871
36.0,10175.0,43059.887
189.0,10007.0,43061.02
897.0,10066.0,43064.806
2746.0,10622.0,43070.047999999995
2747.0,10510.0,43075.57
2748.0,10244.0,43077.33
2749.0,10626.0,43082.275
2651.0,10360.0,43088.495
1955.0,10196.0,43101.452000000005
2750.0,10054.0,43108.78400000001
2651.0,10162.0,43113.529
2751.0,10033.0,43120.379
2752.0,10003.0,43122.246
2175.0,10032.0,43129.169
2659.0,10419.0,43130.424000000006
1341.0,10219.0,43131.172
2753.0,10121.0,43132.644
2754.0,10050.0,43148.095
1894.0,10627.0,43151.556
567.0,10227.0,43157.863
9.0,10003.0,43164.262
46.0,10029.0,43177.917
1551.0,10073.0,43179.462
2651.0,10369.0,43182.192
2493.0,10121.0,43184.747
2755.0,10003.0,43198.725
1.0,10001.0,43199.027
2134.0,10073.0,43202.915
389.0,10007.0,43206.189000000006
490.0,10209.0,43211.977999999996
2756.0,10087.0,43217.467000000004
2237.0,10108.0,43218.645
207.0,10033.0,43224.03400000001
2746.0,10628.0,43230.308
2714.0,10051.0,43232.734000000004
2651.0,10192.0,43232.988
2757.0,10629.0,43237.958
2492.0,10093.0,43248.27099999999
2758.0,10602.0,43250.385
555.0,10032.0,43252.628
2486.0,10003.0,43253.166
2759.0,10056.0,43254.95
2004.0,10020.0,43255.085
2549.0,10630.0,43260.11
2751.0,10033.0,43264.736
2760.0,10003.0,43272.235
832.0,10039.0,43280.168
189.0,10007.0,43280.751
2394.0,10370.0,43291.009000000005
2482.0,10026.0,43291.570999999996
129.0,10039.0,43298.709
1398.0,10033.0,43299.984000000004
1165.0,10631.0,43317.259000000005
1738.0,10008.0,43342.328
2761.0,10447.0,43345.822
2762.0,10003.0,43349.347
2242.0,10011.0,43349.622
2734.0,10357.0,43351.596
2763.0,10003.0,43357.0
2672.0,10406.0,43357.388
2492.0,10020.0,43357.412000000004
2521.0,10149.0,43366.627
577.0,10016.0,43371.162000000004
555.0,10149.0,43372.343
555.0,10149.0,43373.144
555.0,10149.0,43373.178
555.0,10149.0,43373.483
555.0,10149.0,43374.740999999995
1115.0,10006.0,43388.678
2724.0,10541.0,43397.483
1984.0,10539.0,43398.581
1419.0,10066.0,43402.724
2674.0,10482.0,43410.704000000005
463.0,10196.0,43419.28
2764.0,10153.0,43428.106
2765.0,10034.0,43429.195
1291.0,10039.0,43432.831
2766.0,10119.0,43438.678
1115.0,10033.0,43439.657
315.0,10007.0,43445.643
1162.0,10196.0,43448.807
2745.0,10088.0,43459.819
151.0,10048.0,43461.255
17.0,10013.0,43467.76
463.0,10196.0,43473.903
1829.0,10003.0,43481.532999999996
2767.0,10089.0,43485.882000000005
233.0,10130.0,43501.670999999995
2768.0,10033.0,43508.09
102.0,10331.0,43510.740999999995
2557.0,10161.0,43513.047999999995
257.0,10003.0,43514.773
136.0,10016.0,43552.514
2731.0,10017.0,43552.759000000005
463.0,10196.0,43561.792
120.0,10073.0,43564.317
2769.0,10089.0,43564.376
2461.0,10003.0,43579.359000000004
2770.0,10632.0,43582.374
2771.0,10007.0,43583.805
1948.0,10003.0,43591.044
2492.0,10093.0,43592.427
102.0,10603.0,43595.742
1934.0,10016.0,43601.655999999995
939.0,10003.0,43602.24
2772.0,10010.0,43610.975999999995
195.0,10039.0,43614.355
2391.0,10033.0,43620.199
2773.0,10056.0,43633.672
996.0,10537.0,43633.892
2774.0,10071.0,43636.066
2775.0,10007.0,43641.587
2582.0,10600.0,43643.602
2776.0,10006.0,43644.017
2776.0,10007.0,43649.814000000006
2212.0,10109.0,43655.06
2557.0,10170.0,43656.887
2270.0,10003.0,43668.867
2777.0,10479.0,43669.755999999994
1667.0,10055.0,43680.992999999995
2778.0,10182.0,43684.985
208.0,10016.0,43685.693
2773.0,10056.0,43698.89
740.0,10633.0,43704.004
2776.0,10181.0,43706.169
919.0,10003.0,43706.223
2779.0,10502.0,43725.393
2772.0,10010.0,43728.97900000001
2097.0,10566.0,43733.449
2557.0,10614.0,43736.72900000001
2013.0,10003.0,43737.204000000005
2175.0,10032.0,43747.181
2775.0,10007.0,43753.915
1372.0,10032.0,43759.913
2592.0,10475.0,43762.302
2780.0,10058.0,43769.745
2492.0,10634.0,43772.757000000005
115.0,10039.0,43777.614
2754.0,10050.0,43786.084
1073.0,10162.0,43790.803
1199.0,10196.0,43797.208
85.0,10032.0,43797.208
2781.0,10003.0,43803.77099999999
102.0,10635.0,43806.369000000006
1073.0,10182.0,43808.236
897.0,10335.0,43825.96400000001
2782.0,10032.0,43826.85400000001
1073.0,10360.0,43829.732
2783.0,10133.0,43829.789000000004
2784.0,10003.0,43840.138
2785.0,10039.0,43846.494000000006
2786.0,10402.0,43851.439000000006
2787.0,10636.0,43868.941
2689.0,10060.0,43871.49
2075.0,10017.0,43879.837999999996
2582.0,10600.0,43883.85
2684.0,10034.0,43885.67
2242.0,10011.0,43892.208
2788.0,10020.0,43894.852999999996
2789.0,10130.0,43899.394
2557.0,10509.0,43922.422999999995
796.0,10052.0,43924.814000000006
2557.0,10342.0,43926.612
2557.0,10165.0,43932.643
2790.0,10318.0,43933.748
97.0,10007.0,43934.507000000005
835.0,10073.0,43935.592000000004
555.0,10149.0,43941.52
341.0,10033.0,43945.732
2610.0,10033.0,43959.47
2728.0,10020.0,43972.193
195.0,10039.0,43972.27
2791.0,10035.0,43973.029
2792.0,10267.0,43977.222
2780.0,10026.0,43977.655
486.0,10011.0,43978.577000000005
36.0,10051.0,43990.35
386.0,10011.0,43992.127
1396.0,10008.0,43994.66099999999
2738.0,10165.0,43995.403
46.0,10029.0,44003.65
2557.0,10404.0,44005.022000000004
2724.0,10541.0,44005.72900000001
2557.0,10492.0,44008.425
2793.0,10154.0,44009.574
2684.0,10034.0,44011.719000000005
2717.0,10054.0,44029.149000000005
2794.0,10152.0,44031.765
102.0,10278.0,44036.758
2795.0,10039.0,44055.53599999999
2745.0,10086.0,44066.942
2796.0,10637.0,44067.59099999999
2687.0,10349.0,44068.71599999999
1046.0,10108.0,44075.499
2619.0,10058.0,44078.140999999996
1366.0,10136.0,44078.818
2557.0,10170.0,44079.968
2075.0,10638.0,44084.503
2589.0,10108.0,44086.434
2797.0,10003.0,44088.926
2798.0,10462.0,44090.611
2799.0,10033.0,44090.611
2714.0,10093.0,44102.557
2047.0,10003.0,44121.194
2587.0,10003.0,44123.4
653.0,10077.0,44123.434
2800.0,10020.0,44127.21599999999
433.0,10004.0,44131.227
195.0,10039.0,44131.294
2557.0,10404.0,44133.151
2557.0,10492.0,44136.845
2801.0,10012.0,44137.817
2802.0,10039.0,44160.106
2309.0,10071.0,44168.100999999995
14.0,10007.0,44171.374
2075.0,10036.0,44179.142
153.0,10088.0,44180.312000000005
2639.0,10070.0,44184.738
670.0,10047.0,44185.693
2803.0,10639.0,44190.58
2804.0,10238.0,44194.219000000005
577.0,10313.0,44194.744000000006
2805.0,10132.0,44199.71400000001
1975.0,10149.0,44200.325999999994
1377.0,10033.0,44202.011
2778.0,10616.0,44207.81
2075.0,10094.0,44212.962999999996
2806.0,10003.0,44213.753
1016.0,10342.0,44215.615
2807.0,10211.0,44218.467000000004
1411.0,10260.0,44224.887
1069.0,10093.0,44225.285
1199.0,10039.0,44226.079000000005
996.0,10065.0,44235.047
2808.0,10242.0,44241.794
2557.0,10614.0,44243.865
2500.0,10071.0,44246.530999999995
2809.0,10039.0,44247.950999999994
336.0,10020.0,44253.975
2069.0,10011.0,44254.386
2075.0,10094.0,44255.231
1087.0,10474.0,44267.975
2720.0,10390.0,44275.721
75.0,10032.0,44289.365
2810.0,10607.0,44297.242
2811.0,10032.0,44305.809
2812.0,10003.0,44308.58900000001
810.0,10088.0,44312.519
2751.0,10033.0,44319.10400000001
2813.0,10181.0,44321.824
2814.0,10114.0,44326.562999999995
2674.0,10034.0,44328.42
208.0,10339.0,44331.902
2815.0,10003.0,44333.092000000004
2116.0,10003.0,44335.365
2075.0,10638.0,44338.657999999996
2816.0,10027.0,44347.791
2492.0,10177.0,44355.319
2658.0,10006.0,44359.053
1361.0,10055.0,44365.425
2592.0,10368.0,44370.537000000004
810.0,10088.0,44370.537000000004
2619.0,10058.0,44378.39
773.0,10621.0,44381.179000000004
1835.0,10640.0,44381.179000000004
2340.0,10003.0,44383.718
1331.0,10211.0,44384.227
2817.0,10017.0,44386.15
1405.0,10003.0,44395.989
1.0,10016.0,44399.5
2576.0,10149.0,44411.928
1361.0,10055.0,44411.928
810.0,10088.0,44416.465
486.0,10011.0,44427.575
270.0,10032.0,44431.14599999999
2818.0,10063.0,44437.457
2819.0,10052.0,44438.928
2557.0,10601.0,44441.395
2557.0,10195.0,44447.412000000004
2820.0,10584.0,44448.235
2175.0,10032.0,44454.761
2674.0,10020.0,44460.524000000005
2821.0,10084.0,44472.84
1819.0,10041.0,44486.986
2492.0,10236.0,44490.955
1652.0,10016.0,44492.878
1378.0,10003.0,44499.244000000006
2803.0,10639.0,44500.649000000005
129.0,10039.0,44506.754
2557.0,10165.0,44509.721
226.0,10135.0,44517.573
1705.0,10196.0,44522.105
681.0,10033.0,44529.047
2131.0,10625.0,44541.718
617.0,10055.0,44545.13
2822.0,10007.0,44545.335999999996
1243.0,10108.0,44547.027
2510.0,10003.0,44550.685
2738.0,10162.0,44553.739
2535.0,10339.0,44565.780999999995
2801.0,10012.0,44573.005
226.0,10135.0,44573.259000000005
1126.0,10007.0,44573.736
154.0,10003.0,44577.905999999995
2610.0,10033.0,44580.28
2823.0,10641.0,44581.337
1857.0,10003.0,44587.025
463.0,10196.0,44587.025
2270.0,10003.0,44590.422
2040.0,10268.0,44620.594000000005
2824.0,10383.0,44626.75
2825.0,10486.0,44642.922
2720.0,10448.0,44655.778
1548.0,10347.0,44669.162000000004
567.0,10227.0,44678.009000000005
2561.0,10039.0,44678.34099999999
2695.0,10033.0,44681.75
1128.0,10091.0,44682.332
1965.0,10032.0,44684.555
2826.0,10033.0,44688.907999999996
2734.0,10039.0,44704.93
102.0,10642.0,44710.004
2496.0,10196.0,44714.74
151.0,10048.0,44717.945
1235.0,10003.0,44721.852999999996
2734.0,10137.0,44727.045
2827.0,10159.0,44734.4
2820.0,10584.0,44737.795
190.0,10110.0,44739.304000000004
2828.0,10003.0,44742.642
2800.0,10020.0,44743.377
2829.0,10077.0,44750.412000000004
136.0,10045.0,44775.028
2730.0,10003.0,44778.187000000005
874.0,10003.0,44778.210999999996
2830.0,10389.0,44784.887
2742.0,10016.0,44790.545999999995
2441.0,10318.0,44793.56
2831.0,10087.0,44801.082
2832.0,10030.0,44807.3
2833.0,10033.0,44818.856
373.0,10362.0,44819.755999999994
527.0,10035.0,44821.133
2511.0,10009.0,44822.824
2696.0,10187.0,44834.746
2556.0,10386.0,44835.668
1814.0,10039.0,44848.562000000005
289.0,10643.0,44848.867999999995
1126.0,10007.0,44850.114
2775.0,10007.0,44854.202000000005
2834.0,10382.0,44855.642
2780.0,10058.0,44882.47
125.0,10077.0,44894.655
2835.0,10003.0,44900.54
2777.0,10071.0,44908.384000000005
2836.0,10020.0,44916.362
2837.0,10003.0,44919.683
1162.0,10196.0,44922.324
2830.0,10171.0,44923.445999999996
2838.0,10117.0,44924.977999999996
1694.0,10166.0,44927.187000000005
110.0,10066.0,44939.998
932.0,10032.0,44946.333
2839.0,10003.0,44946.890999999996
2245.0,10196.0,44952.015
2569.0,10601.0,44955.744000000006
1895.0,10033.0,44957.344000000005
1372.0,10032.0,44960.7
1894.0,10261.0,44966.117999999995
2840.0,10324.0,44967.218
208.0,10020.0,44978.55
2841.0,10053.0,44981.115999999995
2413.0,10003.0,44984.147000000004
2842.0,10033.0,44985.64
2615.0,10053.0,44993.437000000005
2843.0,10091.0,44995.944
2429.0,10644.0,44998.096
289.0,10058.0,45000.179000000004
2844.0,10056.0,45001.155
1948.0,10003.0,45001.727999999996
2207.0,10122.0,45005.481
2844.0,10056.0,45006.889
2021.0,10542.0,45008.098
2845.0,10240.0,45008.862
2626.0,10169.0,45009.194
2846.0,10073.0,45010.975
2847.0,10003.0,45026.257000000005
1894.0,10215.0,45034.023
2848.0,10003.0,45039.064000000006
2796.0,10645.0,45050.922999999995
466.0,10055.0,45050.957
2849.0,10003.0,45051.937000000005
277.0,10065.0,45053.212999999996
2842.0,10033.0,45053.212999999996
2850.0,10003.0,45063.989
2021.0,10542.0,45067.707
2738.0,10165.0,45069.097
2838.0,10117.0,45071.198
2175.0,10032.0,45073.965
2273.0,10011.0,45074.312000000005
1508.0,10369.0,45081.498
2801.0,10012.0,45082.662000000004
2754.0,10041.0,45086.183
1571.0,10003.0,45088.497
1508.0,10369.0,45090.538
2830.0,10204.0,45091.007000000005
2819.0,10052.0,45095.22900000001
1361.0,10055.0,45097.74
1641.0,10047.0,45097.92
2851.0,10007.0,45098.306
2780.0,10058.0,45116.903
81.0,10048.0,45117.352
2521.0,10149.0,45127.708
18.0,10014.0,45136.648
2852.0,10031.0,45138.417
768.0,10283.0,45138.883
561.0,10011.0,45139.477999999996
2392.0,10152.0,45142.055
1087.0,10474.0,45150.170999999995
2775.0,10007.0,45156.975999999995
2830.0,10014.0,45161.187999999995
2821.0,10084.0,45168.98
1569.0,10186.0,45169.34
2850.0,10003.0,45180.019
2853.0,10021.0,45182.352
2105.0,10098.0,45187.288
395.0,10152.0,45192.437999999995
2854.0,10066.0,45195.125
1863.0,10042.0,45196.035
2766.0,10033.0,45199.695999999996
2855.0,10093.0,45206.269
487.0,10191.0,45215.274000000005
2808.0,10616.0,45215.329000000005
2332.0,10003.0,45216.044
580.0,10346.0,45220.850999999995
2804.0,10324.0,45224.155999999995
2856.0,10006.0,45224.54
2857.0,10003.0,45225.486
2858.0,10033.0,45225.595
2832.0,10030.0,45229.073
2511.0,10009.0,45230.282999999996
242.0,10007.0,45248.435
2830.0,10368.0,45249.358
773.0,10093.0,45250.557
1337.0,10003.0,45255.545
2809.0,10039.0,45263.621
2123.0,10034.0,45269.816
2859.0,10007.0,45273.25
449.0,10003.0,45280.539000000004
486.0,10011.0,45287.395
2085.0,10036.0,45291.191
2860.0,10054.0,45306.574
882.0,10357.0,45308.768
725.0,10523.0,45311.965
1548.0,10370.0,45318.268
120.0,10073.0,45318.505999999994
2861.0,10266.0,45322.205
2862.0,10088.0,45326.489
1087.0,10368.0,45340.665
2863.0,10196.0,45348.84099999999
1644.0,10149.0,45356.244000000006
2064.0,10032.0,45361.39
2053.0,10033.0,45373.727999999996
2864.0,10073.0,45387.172999999995
2865.0,10039.0,45388.757000000005
136.0,10016.0,45391.404
2866.0,10460.0,45391.405
1644.0,10149.0,45393.15
133.0,10007.0,45400.257000000005
2867.0,10003.0,45402.675
1965.0,10032.0,45402.77
2853.0,10021.0,45405.774000000005
663.0,10003.0,45431.825999999994
2830.0,10204.0,45439.045
10.0,10033.0,45456.584
2826.0,10033.0,45467.427
2868.0,10200.0,45474.787000000004
2869.0,10091.0,45476.897000000004
602.0,10051.0,45477.383
156.0,10646.0,45495.361
2766.0,10033.0,45496.208
2514.0,10020.0,45497.258
2870.0,10496.0,45498.718
2861.0,10239.0,45501.699
2871.0,10003.0,45506.065
1551.0,10073.0,45508.0
2872.0,10003.0,45511.304000000004
2544.0,10007.0,45520.949
2610.0,10033.0,45524.018
2832.0,10030.0,45524.551
2185.0,10058.0,45536.047
2623.0,10647.0,45536.254
153.0,10088.0,45541.310999999994
2873.0,10555.0,45549.292
1544.0,10003.0,45549.637
2874.0,10039.0,45556.04
2875.0,10033.0,45557.582
2771.0,10007.0,45561.337999999996
2876.0,10339.0,45566.824
2877.0,10037.0,45570.018
2870.0,10343.0,45575.582
190.0,10007.0,45579.920999999995
567.0,10227.0,45586.79
2795.0,10034.0,45589.45
2878.0,10077.0,45592.119000000006
2705.0,10157.0,45597.79
555.0,10032.0,45614.69
1199.0,10196.0,45615.990999999995
2879.0,10055.0,45622.996
2880.0,10001.0,45635.832
2881.0,10093.0,45639.454000000005
2882.0,10020.0,45639.524000000005
848.0,10139.0,45665.815
2477.0,10343.0,45666.210999999996
2883.0,10004.0,45676.937999999995
6.0,10005.0,45691.225
1948.0,10003.0,45691.291
2884.0,10177.0,45692.05
2175.0,10032.0,45693.323
2869.0,10091.0,45694.320999999996
129.0,10039.0,45702.455
2885.0,10086.0,45717.107
2775.0,10007.0,45723.808
2886.0,10003.0,45724.997
2884.0,10093.0,45728.062000000005
1508.0,10192.0,45732.788
302.0,10148.0,45732.93
555.0,10149.0,45739.455
1508.0,10195.0,45743.251
1891.0,10071.0,45744.456
2053.0,10033.0,45748.982
2887.0,10238.0,45749.809
1507.0,10162.0,45753.085999999996
2206.0,10003.0,45754.490999999995
577.0,10409.0,45759.003
2888.0,10017.0,45759.105
2889.0,10556.0,45762.245
2392.0,10041.0,45762.712999999996
1652.0,10181.0,45765.119000000006
2869.0,10091.0,45768.740999999995
2890.0,10071.0,45779.185999999994
36.0,10177.0,45784.428
1507.0,10162.0,45791.56
2891.0,10007.0,45792.100999999995
2892.0,10457.0,45792.919
2893.0,10052.0,45795.925
309.0,10288.0,45796.505
1508.0,10195.0,45796.825
1508.0,10192.0,45799.499
2646.0,10003.0,45800.244000000006
1912.0,10003.0,45806.075999999994
2661.0,10339.0,45806.113
512.0,10055.0,45808.274000000005
580.0,10428.0,45809.151
75.0,10007.0,45810.564000000006
2794.0,10152.0,45814.916
2894.0,10020.0,45815.307
36.0,10177.0,45815.84099999999
1128.0,10091.0,45831.6
922.0,10039.0,45840.399000000005
2887.0,10238.0,45840.518
2895.0,10003.0,45841.316
2746.0,10622.0,45842.014
2896.0,10087.0,45842.763
2897.0,10003.0,45854.808
1858.0,10602.0,45854.962999999996
899.0,10219.0,45855.157999999996
1128.0,10091.0,45862.343
2898.0,10007.0,45862.816
2899.0,10185.0,45866.835999999996
2900.0,10003.0,45871.829000000005
2569.0,10620.0,45872.46599999999
2899.0,10383.0,45888.246
2901.0,10189.0,45891.047
1552.0,10007.0,45893.014
2902.0,10034.0,45896.736
81.0,10048.0,45897.674000000006
2833.0,10033.0,45898.524000000005
2714.0,10051.0,45900.774000000005
2698.0,10071.0,45904.253
725.0,10339.0,45913.393
1361.0,10033.0,45915.606
1539.0,10041.0,45925.587
303.0,10149.0,45933.651
2903.0,10216.0,45940.709
2901.0,10189.0,45949.347
2028.0,10009.0,45950.719000000005
133.0,10007.0,45950.942
2904.0,10093.0,45957.486
2569.0,10170.0,45960.475
2273.0,10011.0,45963.927
2905.0,10108.0,45964.765
1539.0,10041.0,45968.37
54.0,10035.0,45987.084
1299.0,10003.0,45987.883
2906.0,10527.0,46009.876
2907.0,10556.0,46017.432
2802.0,10039.0,46032.724
2908.0,10033.0,46038.377
2909.0,10128.0,46046.475
2910.0,10195.0,46056.602
2884.0,10073.0,46061.852
1644.0,10149.0,46065.028
2911.0,10003.0,46068.513
1539.0,10041.0,46076.905
2912.0,10018.0,46082.312999999995
164.0,10398.0,46113.231
1532.0,10003.0,46115.733
2819.0,10052.0,46131.303
2913.0,10212.0,46131.361
75.0,10007.0,46135.905999999995
545.0,10055.0,46152.40900000001
1772.0,10125.0,46153.28599999999
1241.0,10007.0,46156.87
1790.0,10066.0,46159.712999999996
2541.0,10149.0,46176.84099999999
242.0,10073.0,46208.989
1894.0,10539.0,46210.985
463.0,10196.0,46212.819
2908.0,10033.0,46219.096
2914.0,10003.0,46225.309
2775.0,10007.0,46225.905999999995
555.0,10032.0,46231.2
545.0,10055.0,46236.390999999996
2915.0,10196.0,46237.253
1539.0,10041.0,46238.465
2916.0,10032.0,46240.181
1268.0,10003.0,46252.986
1569.0,10034.0,46253.058
2917.0,10011.0,46258.361
2918.0,10003.0,46259.723
2558.0,10033.0,46266.219000000005
2919.0,10003.0,46266.350999999995
1738.0,10008.0,46273.178
2006.0,10163.0,46273.388
1171.0,10425.0,46288.35400000001
36.0,10580.0,46296.422
2175.0,10032.0,46297.53400000001
491.0,10034.0,46304.905
2738.0,10165.0,46320.053
2920.0,10128.0,46321.727999999996
2921.0,10033.0,46327.725
2879.0,10648.0,46332.077000000005
965.0,10106.0,46347.357
2098.0,10077.0,46347.81
810.0,10088.0,46350.434
2138.0,10003.0,46360.941
965.0,10053.0,46361.600999999995
555.0,10149.0,46362.25
1476.0,10003.0,46363.108
2881.0,10093.0,46376.526
2775.0,10007.0,46378.89
2922.0,10006.0,46386.517
2923.0,10039.0,46388.094000000005
2924.0,10016.0,46392.445
2492.0,10177.0,46396.567
110.0,10066.0,46398.883
2925.0,10217.0,46399.237
1851.0,10033.0,46400.626
2165.0,10036.0,46405.825
2926.0,10032.0,46406.663
2908.0,10033.0,46406.763
2771.0,10007.0,46408.791
1212.0,10012.0,46424.955
1997.0,10034.0,46426.584
2927.0,10106.0,46437.647000000004
1569.0,10051.0,46441.648
2928.0,10221.0,46442.263
1372.0,10032.0,46444.245
2929.0,10383.0,46449.185999999994
153.0,10088.0,46450.102999999996
2930.0,10260.0,46450.265999999996
2931.0,10510.0,46458.025
1807.0,10291.0,46470.376
151.0,10016.0,46478.106
2744.0,10034.0,46478.268
2932.0,10003.0,46484.742999999995
303.0,10149.0,46485.085999999996
2064.0,10032.0,46486.875
2933.0,10020.0,46487.570999999996
2414.0,10003.0,46488.004
2881.0,10093.0,46489.894
2929.0,10185.0,46492.856
242.0,10621.0,46499.635
2934.0,10649.0,46499.852
1997.0,10232.0,46501.943
2935.0,10003.0,46505.777
2936.0,10084.0,46510.4
2937.0,10003.0,46514.255999999994
2835.0,10003.0,46516.525
1361.0,10033.0,46519.041
2938.0,10287.0,46524.689000000006
120.0,10073.0,46525.030999999995
2748.0,10244.0,46537.253
1377.0,10033.0,46539.518
1395.0,10312.0,46540.608
2939.0,10003.0,46545.997
2176.0,10355.0,46548.072
1628.0,10003.0,46557.522000000004
2558.0,10033.0,46559.865999999995
2940.0,10583.0,46559.865999999995
1807.0,10491.0,46563.505
2941.0,10020.0,46564.532999999996
2492.0,10093.0,46580.269
2694.0,10297.0,46580.385
1694.0,10166.0,46580.884000000005
545.0,10220.0,46584.922
491.0,10035.0,46588.932
242.0,10177.0,46590.969000000005
1395.0,10347.0,46593.049000000006
1162.0,10196.0,46593.157
2942.0,10033.0,46605.732
2943.0,10302.0,46607.345
2944.0,10064.0,46607.418
2908.0,10033.0,46609.602
1878.0,10053.0,46611.367
2688.0,10033.0,46615.775
545.0,10220.0,46618.684
864.0,10032.0,46622.488
1548.0,10008.0,46628.295999999995
862.0,10177.0,46631.233
2945.0,10041.0,46633.092000000004
2846.0,10177.0,46636.288
2113.0,10553.0,46640.265999999996
2941.0,10020.0,46643.039000000004
2946.0,10003.0,46643.609000000004
2422.0,10016.0,46645.959
2910.0,10242.0,46662.638
2694.0,10010.0,46665.084
2947.0,10003.0,46666.069
2945.0,10041.0,46668.7
2626.0,10027.0,46671.198
2941.0,10020.0,46672.125
2937.0,10003.0,46677.288
2945.0,10039.0,46689.570999999996
2422.0,10431.0,46700.955
611.0,10006.0,46703.219000000005
2941.0,10020.0,46704.824
1878.0,10017.0,46708.776
2943.0,10302.0,46712.775
2948.0,10055.0,46715.592000000004
2925.0,10088.0,46716.718
2148.0,10003.0,46738.706
463.0,10196.0,46742.187999999995
902.0,10020.0,46742.47900000001
2873.0,10555.0,46746.887
2379.0,10071.0,46751.324
2949.0,10003.0,46752.577000000005
2950.0,10031.0,46761.309
725.0,10339.0,46761.587999999996
2830.0,10171.0,46772.559
2951.0,10089.0,46773.7
2176.0,10355.0,46774.85400000001
303.0,10149.0,46774.926
2952.0,10087.0,46776.46599999999
2888.0,10033.0,46777.828
2819.0,10052.0,46780.515
2320.0,10003.0,46790.450999999994
2953.0,10374.0,46793.54
641.0,10246.0,46794.155
2943.0,10302.0,46797.56
2945.0,10032.0,46798.315
2861.0,10073.0,46799.573
2954.0,10650.0,46799.807
2844.0,10056.0,46801.78400000001
164.0,10177.0,46805.554000000004
862.0,10448.0,46806.369000000006
1922.0,10139.0,46814.742
1807.0,10491.0,46815.210999999996
2273.0,10011.0,46816.791
464.0,10173.0,46819.708
1451.0,10149.0,46828.835999999996
1894.0,10651.0,46839.08900000001
102.0,10176.0,46845.415
242.0,10311.0,46845.721
2176.0,10644.0,46848.327000000005
1323.0,10220.0,46858.633
2423.0,10070.0,46859.453
2955.0,10016.0,46859.8
2827.0,10159.0,46860.113
136.0,10016.0,46860.334
2714.0,10177.0,46861.683
254.0,10037.0,46872.384000000005
2956.0,10144.0,46874.68
2957.0,10091.0,46881.206
2938.0,10535.0,46882.139
1258.0,10020.0,46882.443
2943.0,10302.0,46883.695
2678.0,10033.0,46890.3
2958.0,10032.0,46899.956
2959.0,10091.0,46904.16
2960.0,10071.0,46906.445
442.0,10188.0,46906.675
2131.0,10557.0,46909.01
129.0,10039.0,46918.93
2902.0,10034.0,46919.373
2775.0,10007.0,46919.524000000005
159.0,10011.0,46930.129
2961.0,10003.0,46931.737
2392.0,10175.0,46932.740999999995
2962.0,10446.0,46933.452000000005
2963.0,10103.0,46936.657999999996
2964.0,10034.0,46938.363
1738.0,10008.0,46943.753
2273.0,10217.0,46944.280999999995
1398.0,10033.0,46958.288
2965.0,10149.0,46960.134000000005
2966.0,10003.0,46962.170999999995
1824.0,10497.0,46964.18
2967.0,10196.0,46970.623
2175.0,10032.0,46980.049000000006
2908.0,10033.0,46994.562999999995
1807.0,10291.0,47006.012
428.0,10110.0,47006.52
2835.0,10003.0,47006.973
192.0,10016.0,47009.012
2394.0,10370.0,47020.005999999994
2759.0,10079.0,47027.746
2968.0,10007.0,47029.953
2614.0,10269.0,47036.871
153.0,10088.0,47038.014
153.0,10088.0,47038.303
2756.0,10087.0,47042.718
2969.0,10039.0,47043.369000000006
1926.0,10032.0,47048.135
1372.0,10032.0,47051.18
882.0,10307.0,47060.706
2923.0,10026.0,47062.218
242.0,10112.0,47066.319
1902.0,10003.0,47070.928
2123.0,10034.0,47072.422999999995
151.0,10016.0,47077.744000000006
1694.0,10001.0,47091.504
2970.0,10008.0,47091.925
2971.0,10007.0,47099.21400000001
2084.0,10003.0,47105.145
1640.0,10652.0,47106.918
1569.0,10093.0,47108.024000000005
2933.0,10653.0,47108.884000000005
2916.0,10298.0,47109.02
1152.0,10154.0,47113.33900000001
2775.0,10007.0,47114.562999999995
974.0,10020.0,47115.75
2544.0,10409.0,47117.794
2972.0,10088.0,47118.013
2973.0,10034.0,47120.247
2972.0,10086.0,47120.453
1214.0,10163.0,47120.687000000005
2972.0,10510.0,47122.857
727.0,10003.0,47124.81
2972.0,10430.0,47125.505999999994
2972.0,10392.0,47127.383
2297.0,10003.0,47131.237
102.0,10494.0,47133.263
120.0,10073.0,47133.835999999996
1361.0,10073.0,47139.325
2479.0,10453.0,47141.974
2974.0,10290.0,47142.615999999995
1910.0,10176.0,47142.825
2975.0,10654.0,47150.565
2976.0,10087.0,47151.737
2977.0,10003.0,47154.52
2978.0,10003.0,47159.093
2979.0,10087.0,47168.717000000004
153.0,10088.0,47189.042
2980.0,10242.0,47195.843
242.0,10162.0,47198.613
2746.0,10051.0,47203.537000000004
2897.0,10003.0,47204.96
91.0,10003.0,47205.772000000004
2942.0,10033.0,47206.557
2905.0,10108.0,47207.973
2981.0,10003.0,47215.317
2982.0,10254.0,47218.238
2728.0,10048.0,47218.698
2067.0,10003.0,47224.998
555.0,10032.0,47228.195999999996
1060.0,10655.0,47235.9
2918.0,10003.0,47238.712
1215.0,10007.0,47242.78599999999
2983.0,10559.0,47246.426
2984.0,10323.0,47251.679000000004
2985.0,10052.0,47256.027
864.0,10032.0,47259.129
2986.0,10003.0,47260.134000000005
2987.0,10066.0,47263.21400000001
2910.0,10467.0,47264.7
1740.0,10034.0,47267.692
2988.0,10003.0,47283.1
2938.0,10386.0,47288.28400000001
2989.0,10367.0,47300.03400000001
1320.0,10007.0,47302.735
1200.0,10063.0,47311.029
2908.0,10033.0,47311.242
2956.0,10144.0,47316.148
979.0,10209.0,47339.492
1377.0,10061.0,47341.808
2917.0,10011.0,47341.977999999996
2990.0,10007.0,47354.029
2991.0,10013.0,47354.865999999995
902.0,10020.0,47355.501
36.0,10448.0,47356.824
2992.0,10427.0,47358.871
2071.0,10033.0,47359.915
2993.0,10003.0,47360.15
2744.0,10039.0,47361.052
2775.0,10007.0,47361.363
174.0,10103.0,47369.747
2994.0,10003.0,47375.812000000005
1917.0,10003.0,47378.62
1197.0,10007.0,47379.147000000004
2884.0,10656.0,47379.147000000004
1716.0,10003.0,47382.731
1716.0,10003.0,47385.532
1569.0,10093.0,47396.205
121.0,10051.0,47408.4
2794.0,10152.0,47408.88
1640.0,10033.0,47413.819
2995.0,10003.0,47422.46
2996.0,10149.0,47424.718
263.0,10003.0,47433.53
2997.0,10191.0,47440.181
2998.0,10008.0,47440.394
2063.0,10177.0,47441.670999999995
537.0,10032.0,47445.165
102.0,10245.0,47448.015999999996
463.0,10196.0,47454.86
2999.0,10472.0,47455.357
3000.0,10247.0,47457.095
3001.0,10020.0,47458.416
2744.0,10017.0,47460.119000000006
2466.0,10196.0,47461.66099999999
3002.0,10400.0,47477.037000000004
1569.0,10093.0,47477.346
2063.0,10448.0,47477.737
3003.0,10657.0,47488.325999999994
102.0,10319.0,47490.948
1823.0,10658.0,47494.477999999996
2352.0,10029.0,47503.225999999995
36.0,10236.0,47505.532
2539.0,10196.0,47505.653
2113.0,10553.0,47508.13
164.0,10093.0,47512.259000000005
1548.0,10318.0,47513.551
33.0,10023.0,47516.653
2461.0,10003.0,47517.669
2219.0,10052.0,47520.157999999996
2063.0,10279.0,47521.378
2742.0,10020.0,47527.185
3001.0,10123.0,47529.780999999995
3004.0,10036.0,47529.780999999995
2352.0,10029.0,47540.724
555.0,10149.0,47547.83900000001
555.0,10149.0,47548.505999999994
555.0,10149.0,47548.630999999994
2534.0,10593.0,47548.75
3005.0,10007.0,47554.240999999995
773.0,10659.0,47555.232
3006.0,10075.0,47557.994000000006
1712.0,10501.0,47559.812000000005
2811.0,10034.0,47562.78
2514.0,10020.0,47567.703
1626.0,10161.0,47582.17
2175.0,10032.0,47585.263
2286.0,10003.0,47607.112
3007.0,10003.0,47608.232
3008.0,10071.0,47610.944
3009.0,10162.0,47615.047999999995
3010.0,10047.0,47621.636
1073.0,10162.0,47622.636
3009.0,10182.0,47628.162000000004
3011.0,10032.0,47638.224
189.0,10007.0,47640.998
2908.0,10033.0,47642.460999999996
1073.0,10182.0,47645.689000000006
3010.0,10171.0,47653.005999999994
3012.0,10020.0,47653.594000000005
2738.0,10502.0,47657.837
1073.0,10360.0,47660.915
1372.0,10032.0,47663.718
2422.0,10016.0,47666.655
833.0,10007.0,47669.306
725.0,10138.0,47671.28599999999
3013.0,10033.0,47677.787000000004
3014.0,10025.0,47679.262
3010.0,10234.0,47683.78
2714.0,10448.0,47702.59099999999
2744.0,10137.0,47702.655999999995
420.0,10025.0,47714.72900000001
56.0,10003.0,47715.797
1930.0,10016.0,47718.058
1214.0,10010.0,47720.422
810.0,10088.0,47724.931
3008.0,10071.0,47728.828
120.0,10073.0,47730.807
3015.0,10457.0,47734.968
887.0,10006.0,47735.594000000005
2819.0,10052.0,47744.307
2922.0,10013.0,47748.512
136.0,10016.0,47750.207
2100.0,10003.0,47751.187000000005
3010.0,10234.0,47751.210999999996
3016.0,10184.0,47751.596
563.0,10003.0,47751.639
3017.0,10448.0,47756.802
1587.0,10358.0,47759.114
1004.0,10090.0,47770.207
1192.0,10261.0,47773.178
2539.0,10196.0,47775.439000000006
3018.0,10003.0,47779.751
2973.0,10034.0,47787.97
3019.0,10118.0,47792.524000000005
3020.0,10077.0,47797.677
577.0,10053.0,47805.655999999995
2610.0,10033.0,47809.277
3021.0,10003.0,47813.045
366.0,10087.0,47818.948
3022.0,10642.0,47827.988
3001.0,10236.0,47836.387
3023.0,10003.0,47836.992
3024.0,10003.0,47837.073
3025.0,10039.0,47842.975999999995
1073.0,10528.0,47843.15
2986.0,10003.0,47844.807
3026.0,10501.0,47850.897000000004
1722.0,10032.0,47854.157999999996
3027.0,10035.0,47854.192
3028.0,10380.0,47855.413
174.0,10124.0,47866.005999999994
2991.0,10013.0,47870.394
3029.0,10003.0,47889.431
146.0,10017.0,47891.121
2857.0,10003.0,47891.253
1361.0,10073.0,47895.454000000005
3030.0,10008.0,47895.593
192.0,10016.0,47902.221
1996.0,10033.0,47913.748
278.0,10047.0,47923.718
3031.0,10310.0,47927.31
3032.0,10003.0,47951.328
151.0,10016.0,47953.897000000004
3033.0,10460.0,47957.017
3034.0,10032.0,47958.621
2992.0,10427.0,47959.97
2957.0,10644.0,47984.205
2971.0,10007.0,47985.09
3035.0,10007.0,47987.40900000001
1060.0,10418.0,47989.334
3036.0,10091.0,47995.904
3029.0,10003.0,47997.554000000004
1.0,10016.0,47998.172999999995
2954.0,10650.0,47999.551
2432.0,10003.0,47999.551
810.0,10088.0,48000.191
1994.0,10003.0,48003.294
3037.0,10318.0,48003.295999999995
2954.0,10432.0,48004.505
463.0,10196.0,48015.551
3038.0,10033.0,48020.71
2075.0,10041.0,48025.74
238.0,10088.0,48027.522000000004
3039.0,10003.0,48030.365999999995
2496.0,10196.0,48034.797
2908.0,10033.0,48037.684
1165.0,10660.0,48044.791
781.0,10034.0,48047.184
2892.0,10457.0,48048.873
2802.0,10039.0,48050.579000000005
3040.0,10020.0,48061.331
242.0,10085.0,48066.859000000004
1199.0,10196.0,48068.767
3041.0,10147.0,48068.85400000001
1919.0,10448.0,48070.675
2944.0,10033.0,48080.808
1711.0,10032.0,48081.810999999994
2158.0,10041.0,48089.873
1625.0,10025.0,48091.496
420.0,10025.0,48092.957
97.0,10007.0,48094.637
242.0,10093.0,48106.34
1551.0,10033.0,48110.47
3042.0,10047.0,48120.085
833.0,10007.0,48131.285
1377.0,10033.0,48132.885
2530.0,10154.0,48137.832
2923.0,10026.0,48145.187000000005
3043.0,10387.0,48149.295999999995
2120.0,10003.0,48173.692
1376.0,10003.0,48173.986
3044.0,10070.0,48174.634000000005
81.0,10048.0,48178.365999999995
2912.0,10310.0,48181.874
545.0,10055.0,48182.457
242.0,10186.0,48185.525
2550.0,10007.0,48186.334
2175.0,10032.0,48195.873
3045.0,10007.0,48196.265999999996
3046.0,10093.0,48199.804000000004
2441.0,10318.0,48200.380999999994
97.0,10007.0,48201.907
3025.0,10034.0,48207.625
3029.0,10003.0,48211.367999999995
3047.0,10244.0,48213.568
2315.0,10003.0,48214.596
922.0,10135.0,48223.218
2445.0,10524.0,48225.34
463.0,10196.0,48230.047999999995
810.0,10088.0,48231.176
3048.0,10007.0,48231.389
3024.0,10003.0,48238.42
3049.0,10321.0,48239.922
3050.0,10196.0,48241.0
2040.0,10197.0,48243.1
3051.0,10007.0,48245.128
2744.0,10034.0,48248.100999999995
833.0,10007.0,48258.530999999995
2296.0,10242.0,48259.056
3052.0,10177.0,48259.915
3053.0,10196.0,48261.545
