dataset,model,coverage,batch_id,start_event,end_event,targets,timestamp_span,endpoint,fanout,depth,tdp_entries,total_packets,memory_packets,hash_hits,insert_attempts,colliding_inserts,collision_probes,full_bucket_fallbacks,sync_stall_cycles,forward_cycles,no_oats_cycles,memory_bytes,no_oats_memory_bytes
WIKI,JODIE,full,0,0,999,1000,27365.0,dst,0,0,16,1000,1000,0,1000,2,2,0,0,10756,10756,48000,48000
WIKI,JODIE,full,1,1000,1999,1000,27727.0,dst,0,0,16,1000,1000,0,1000,7,7,0,0,10756,10756,48000,48000
WIKI,JODIE,full,2,2000,2999,1000,21794.0,dst,0,0,16,1000,1000,0,1000,1,1,0,0,10756,10756,48000,48000
WIKI,JODIE,full,3,3000,3999,1000,25241.0,dst,0,0,16,1000,1000,0,1000,7,7,0,0,10756,10756,48000,48000
WIKI,JODIE,full,4,4000,4999,1000,24622.0,dst,0,0,16,1000,1000,0,1000,5,5,0,0,10756,10756,48000,48000
WIKI,JODIE,full,5,5000,5999,1000,21851.0,dst,0,0,16,1000,1000,0,1000,3,3,0,0,10756,10756,48000,48000
WIKI,JODIE,full,6,6000,6999,1000,17851.0,dst,0,0,16,1000,1000,0,1000,1,1,0,0,10756,10756,48000,48000
WIKI,JODIE,full,7,7000,7999,1000,19515.0,dst,0,0,16,1000,1000,0,1000,5,5,0,0,10756,10756,48000,48000
WIKI,JODIE,full,8,8000,8999,1000,26215.0,dst,0,0,16,1000,1000,0,1000,3,3,0,0,10756,10756,48000,48000
WIKI,JODIE,full,9,9000,9999,1000,20109.0,dst,0,0,16,1000,1000,0,1000,3,3,0,0,10756,10756,48000,48000
WIKI,JODIE,full,10,10000,10999,1000,15596.0,dst,0,0,16,1000,1000,0,1000,2,2,0,0,10756,10756,48000,48000
WIKI,JODIE,full,11,11000,11999,1000,13199.0,dst,0,0,16,1000,1000,0,1000,4,4,0,0,10756,10756,48000,48000
WIKI,JODIE,full,12,12000,12999,1000,18207.0,dst,0,0,16,1000,1000,0,1000,4,4,0,0,10756,10756,48000,48000
WIKI,JODIE,full,13,13000,13999,1000,21806.0,dst,0,0,16,1000,1000,0,1000,4,4,0,0,10756,10756,48000,48000
WIKI,JODIE,full,14,14000,14999,1000,22114.0,dst,0,0,16,1000,1000,0,1000,4,4,0,0,10756,10756,48000,48000
WIKI,JODIE,full,15,15000,15999,1000,14910.0,dst,0,0,16,1000,1000,0,1000,5,5,0,0,10756,10756,48000,48000
WIKI,JODIE,full,16,16000,16999,1000,17653.0,dst,0,0,16,1000,1000,0,1000,4,4,0,0,10756,10756,48000,48000
WIKI,JODIE,full,17,17000,17999,1000,21682.0,dst,0,0,16,1000,1000,0,1000,3,3,0,0,10756,10756,48000,48000
WIKI,JODIE,full,18,18000,18999,1000,22259.0,dst,0,0,16,1000,1000,0,1000,4,4,0,0,10756,10756,48000,48000
WIKI,JODIE,full,19,19000,19999,1000,14991.0,dst,0,0,16,1000,1000,0,1000,2,2,0,0,10756,10756,48000,48000
WIKI,JODIE,full,20,20000,20999,1000,17387.0,dst,0,0,16,1000,1000,0,1000,3,3,0,0,10756,10756,48000,48000
WIKI,JODIE,full,21,21000,21999,1000,18981.0,dst,0,0,16,1000,1000,0,1000,4,4,0,0,10756,10756,48000,48000
WIKI,JODIE,full,22,22000,22999,1000,18667.0,dst,0,0,16,1000,1000,0,1000,0,0,0,0,10756,10756,48000,48000
WIKI,JODIE,full,23,23000,23999,1000,16438.0,dst,0,0,16,1000,1000,0,1000,2,2,0,0,10756,10756,48000,48000
WIKI,JODIE,full,24,24000,24999,1000,14898.0,dst,0,0,16,1000,1000,0,1000,3,3,0,0,10756,10756,48000,48000
WIKI,JODIE,full,25,25000,25999,1000,15610.0,dst,0,0,16,1000,1000,0,1000,6,6,0,0,10756,10756,48000,48000
WIKI,JODIE,full,26,26000,26999,1000,15547.0,dst,0,0,16,1000,1000,0,1000,0,0,0,0,10756,10756,48000,48000
WIKI,JODIE,full,27,27000,27999,1000,16264.0,dst,0,0,16,1000,1000,0,1000,4,4,0,0,10756,10756,48000,48000
WIKI,JODIE,full,28,28000,28999,1000,19773.0,dst,0,0,16,1000,1000,0,1000,1,1,0,0,10756,10756,48000,48000
WIKI,JODIE,full,29,29000,29999,1000,13245.0,dst,0,0,16,1000,1000,0,1000,1,1,0,0,10756,10756,48000,48000
WIKI,JODIE,full,30,30000,30999,1000,12902.0,dst,0,0,16,1000,1000,0,1000,7,7,0,0,10756,10756,48000,48000
WIKI,JODIE,full,31,31000,31999,1000,16887.0,dst,0,0,16,1000,1000,0,1000,0,0,0,0,10756,10756,48000,48000
WIKI,JODIE,full,32,32000,32999,1000,16552.0,dst,0,0,16,1000,1000,0,1000,2,2,0,0,10756,10756,48000,48000
WIKI,JODIE,full,33,33000,33999,1000,20310.0,dst,0,0,16,1000,1000,0,1000,2,2,0,0,10756,10756,48000,48000
WIKI,JODIE,full,34,34000,34999,1000,13788.0,dst,0,0,16,1000,1000,0,1000,0,0,0,0,10756,10756,48000,48000
WIKI,JODIE,full,35,35000,35999,1000,13475.0,dst,0,0,16,1000,1000,0,1000,7,7,0,0,10756,10756,48000,48000
WIKI,JODIE,full,36,36000,36999,1000,11200.0,dst,0,0,16,1000,1000,0,1000,4,4,0,0,10756,10756,48000,48000
WIKI,JODIE,full,37,37000,37999,1000,13420.0,dst,0,0,16,1000,1000,0,1000,2,2,0,0,10756,10756,48000,48000
WIKI,JODIE,full,38,38000,38999,1000,18435.0,dst,0,0,16,1000,1000,0,1000,4,4,0,0,10756,10756,48000,48000
WIKI,JODIE,full,39,39000,39999,1000,20580.0,dst,0,0,16,1000,1000,0,1000,4,4,0,0,10756,10756,48000,48000
WIKI,JODIE,full,40,40000,40999,1000,16167.0,dst,0,0,16,1000,1000,0,1000,1,1,0,0,10756,10756,48000,48000
WIKI,JODIE,full,41,41000,41999,1000,13929.0,dst,0,0,16,1000,1000,0,1000,5,5,0,0,10756,10756,48000,48000
WIKI,JODIE,full,42,42000,42999,1000,16537.0,dst,0,0,16,1000,1000,0,1000,7,7,0,0,10756,10756,48000,48000
WIKI,JODIE,full,43,43000,43999,1000,15720.0,dst,0,0,16,1000,1000,0,1000,1,1,0,0,10756,10756,48000,48000
WIKI,JODIE,full,44,44000,44999,1000,20714.0,dst,0,0,16,1000,1000,0,1000,3,3,0,0,10756,10756,48000,48000
WIKI,JODIE,full,45,45000,45999,1000,15818.0,dst,0,0,16,1000,1000,0,1000,6,6,0,0,10756,10756,48000,48000
WIKI,JODIE,full,46,46000,46999,1000,13330.0,dst,0,0,16,1000,1000,0,1000,5,5,0,0,10756,10756,48000,48000
WIKI,JODIE,full,47,47000,47999,1000,15012.0,dst,0,0,16,1000,1000,0,1000,3,3,0,0,10756,10756,48000,48000
WIKI,JODIE,full,48,48000,48999,1000,17848.0,dst,0,0,16,1000,1000,0,1000,8,8,0,0,10756,10756,48000,48000
WIKI,JODIE,full,49,49000,49999,1000,21473.0,dst,0,0,16,1000,1000,0,1000,2,2,0,0,10756,10756,48000,48000
WIKI,JODIE,full,50,50000,50999,1000,17778.0,dst,0,0,16,1000,1000,0,1000,5,5,0,0,10756,10756,48000,48000
WIKI,JODIE,full,51,51000,51999,1000,15132.0,dst,0,0,16,1000,1000,0,1000,4,4,0,0,10756,10756,48000,48000
WIKI,JODIE,full,52,52000,52999,1000,12873.0,dst,0,0,16,1000,1000,0,1000,4,4,0,0,10756,10756,48000,48000
WIKI,JODIE,full,53,53000,53999,1000,15934.0,dst,0,0,16,1000,1000,0,1000,4,4,0,0,10756,10756,48000,48000
WIKI,JODIE,full,54,54000,54999,1000,17419.0,dst,0,0,16,1000,1000,0,1000,4,4,0,0,10756,10756,48000,48000
WIKI,JODIE,full,55,55000,55999,1000,16095.0,dst,0,0,16,1000,1000,0,1000,2,2,0,0,10756,10756,48000,48000
WIKI,JODIE,full,56,56000,56999,1000,11869.0,dst,0,0,16,1000,1000,0,1000,1,1,0,0,10756,10756,48000,48000
WIKI,JODIE,full,57,57000,57999,1000,13850.0,dst,0,0,16,1000,1000,0,1000,2,2,0,0,10756,10756,48000,48000
WIKI,JODIE,full,58,58000,58999,1000,13069.0,dst,0,0,16,1000,1000,0,1000,8,8,0,0,10756,10756,48000,48000
WIKI,JODIE,full,59,59000,59999,1000,16525.0,dst,0,0,16,1000,1000,0,1000,1,1,0,0,10756,10756,48000,48000
WIKI,JODIE,full,60,60000,60999,1000,20049.0,dst,0,0,16,1000,1000,0,1000,6,6,0,0,10756,10756,48000,48000
WIKI,JODIE,full,61,61000,61999,1000,18493.0,dst,0,0,16,1000,1000,0,1000,4,4,0,0,10756,10756,48000,48000
WIKI,JODIE,full,62,62000,62999,1000,15783.0,dst,0,0,16,1000,1000,0,1000,1,1,0,0,10756,10756,48000,48000
WIKI,JODIE,full,63,63000,63999,1000,16082.0,dst,0,0,16,1000,1000,0,1000,1,1,0,0,10756,10756,48000,48000
WIKI,JODIE,full,64,64000,64999,1000,21634.0,dst,0,0,16,1000,1000,0,1000,6,6,0,0,10756,10756,48000,48000
WIKI,JODIE,full,65,65000,65999,1000,18270.0,dst,0,0,16,1000,1000,0,1000,2,2,0,0,10756,10756,48000,48000
WIKI,JODIE,full,66,66000,66999,1000,14069.0,dst,0,0,16,1000,1000,0,1000,1,1,0,0,10756,10756,48000,48000
WIKI,JODIE,full,67,67000,67999,1000,14767.0,dst,0,0,16,1000,1000,0,1000,1,1,0,0,10756,10756,48000,48000
WIKI,JODIE,full,68,68000,68999,1000,12182.0,dst,0,0,16,1000,1000,0,1000,4,4,0,0,10756,10756,48000,48000
WIKI,JODIE,full,69,69000,69999,1000,12836.0,dst,0,0,16,1000,1000,0,1000,4,4,0,0,10756,10756,48000,48000
WIKI,JODIE,full,70,70000,70999,1000,15862.0,dst,0,0,16,1000,1000,0,1000,1,1,0,0,10756,10756,48000,48000
WIKI,JODIE,full,71,71000,71999,1000,20612.0,dst,0,0,16,1000,1000,0,1000,4,4,0,0,10756,10756,48000,48000
WIKI,JODIE,full,72,72000,72999,1000,16115.0,dst,0,0,16,1000,1000,0,1000,5,5,0,0,10756,10756,48000,48000
WIKI,JODIE,full,73,73000,73999,1000,14981.0,dst,0,0,16,1000,1000,0,1000,4,4,0,0,10756,10756,48000,48000
WIKI,JODIE,full,74,74000,74999,1000,15405.0,dst,0,0,16,1000,1000,0,1000,3,3,0,0,10756,10756,48000,48000
WIKI,JODIE,full,75,75000,75999,1000,16095.0,dst,0,0,16,1000,1000,0,1000,2,2,0,0,10756,10756,48000,48000
WIKI,JODIE,full,76,76000,76999,1000,19135.0,dst,0,0,16,1000,1000,0,1000,2,2,0,0,10756,10756,48000,48000
WIKI,JODIE,full,77,77000,77999,1000,12827.0,dst,0,0,16,1000,1000,0,1000,4,4,0,0,10756,10756,48000,48000
WIKI,JODIE,full,78,78000,78999,1000,11597.0,dst,0,0,16,1000,1000,0,1000,1,1,0,0,10756,10756,48000,48000
WIKI,JODIE,full,79,79000,79999,1000,13148.0,dst,0,0,16,1000,1000,0,1000,1,1,0,0,10756,10756,48000,48000
WIKI,JODIE,full,80,80000,80999,1000,12427.0,dst,0,0,16,1000,1000,0,1000,5,5,0,0,10756,10756,48000,48000
WIKI,JODIE,full,81,81000,81999,1000,20999.0,dst,0,0,16,1000,1000,0,1000,2,2,0,0,10756,10756,48000,48000
WIKI,JODIE,full,82,82000,82999,1000,17371.0,dst,0,0,16,1000,1000,0,1000,3,3,0,0,10756,10756,48000,48000
WIKI,JODIE,full,83,83000,83999,1000,14897.0,dst,0,0,16,1000,1000,0,1000,1,1,0,0,10756,10756,48000,48000
WIKI,JODIE,full,84,84000,84999,1000,11571.0,dst,0,0,16,1000,1000,0,1000,2,2,0,0,10756,10756,48000,48000
WIKI,JODIE,full,85,85000,85999,1000,9249.0,dst,0,0,16,1000,1000,0,1000,3,3,0,0,10756,10756,48000,48000
WIKI,JODIE,full,86,86000,86999,1000,12052.0,dst,0,0,16,1000,1000,0,1000,1,1,0,0,10756,10756,48000,48000
WIKI,JODIE,full,87,87000,87999,1000,14240.0,dst,0,0,16,1000,1000,0,1000,3,3,0,0,10756,10756,48000,48000
WIKI,JODIE,full,88,88000,88999,1000,13387.0,dst,0,0,16,1000,1000,0,1000,4,4,0,0,10756,10756,48000,48000
WIKI,JODIE,full,89,89000,89999,1000,18996.0,dst,0,0,16,1000,1000,0,1000,3,3,0,0,10756,10756,48000,48000
WIKI,JODIE,full,90,90000,90999,1000,12967.0,dst,0,0,16,1000,1000,0,1000,4,4,0,0,10756,10756,48000,48000
WIKI,JODIE,full,91,91000,91999,1000,14576.0,dst,0,0,16,1000,1000,0,1000,4,4,0,0,10756,10756,48000,48000
WIKI,JODIE,full,92,92000,92999,1000,16472.0,dst,0,0,16,1000,1000,0,1000,8,8,0,0,10756,10756,48000,48000
WIKI,JODIE,full,93,93000,93999,1000,14219.0,dst,0,0,16,1000,1000,0,1000,1,1,0,0,10756,10756,48000,48000
WIKI,JODIE,full,94,94000,94999,1000,20499.0,dst,0,0,16,1000,1000,0,1000,4,4,0,0,10756,10756,48000,48000
WIKI,JODIE,full,95,95000,95999,1000,17556.0,dst,0,0,16,1000,1000,0,1000,2,2,0,0,10756,10756,48000,48000
WIKI,JODIE,full,96,96000,96999,1000,13668.0,dst,0,0,16,1000,1000,0,1000,4,4,0,0,10756,10756,48000,48000
WIKI,JODIE,full,97,97000,97999,1000,15657.0,dst,0,0,16,1000,1000,0,1000,2,2,0,0,10756,10756,48000,48000
WIKI,JODIE,full,98,98000,98999,1000,17250.0,dst,0,0,16,1000,1000,0,1000,1,1,0,0,10756,10756,48000,48000
WIKI,JODIE,full,99,99000,99999,1000,17359.0,dst,0,0,16,1000,1000,0,1000,2,2,0,0,10756,10756,48000,48000
WIKI,JODIE,full,100,100000,100999,1000,17308.0,dst,0,0,16,1000,1000,0,1000,6,6,0,0,10756,10756,48000,48000
WIKI,JODIE,full,101,101000,101999,1000,14844.0,dst,0,0,16,1000,1000,0,1000,3,3,0,0,10756,10756,48000,48000
WIKI,JODIE,full,102,102000,102999,1000,15133.0,dst,0,0,16,1000,1000,0,1000,8,8,0,0,10756,10756,48000,48000
WIKI,JODIE,full,103,103000,103999,1000,20506.0,dst,0,0,16,1000,1000,0,1000,3,3,0,0,10756,10756,48000,48000
WIKI,JODIE,full,104,104000,104999,1000,19495.0,dst,0,0,16,1000,1000,0,1000,3,3,0,0,10756,10756,48000,48000
WIKI,JODIE,full,105,105000,105999,1000,18061.0,dst,0,0,16,1000,1000,0,1000,3,3,0,0,10756,10756,48000,48000
WIKI,JODIE,full,106,106000,106999,1000,14985.0,dst,0,0,16,1000,1000,0,1000,5,5,0,0,10756,10756,48000,48000
WIKI,JODIE,full,107,107000,107999,1000,17437.0,dst,0,0,16,1000,1000,0,1000,4,4,0,0,10756,10756,48000,48000
WIKI,JODIE,full,108,108000,108999,1000,16181.0,dst,0,0,16,1000,1000,0,1000,5,5,0,0,10756,10756,48000,48000
WIKI,JODIE,full,109,109000,109999,1000,20631.0,dst,0,0,16,1000,1000,0,1000,1,1,0,0,10756,10756,48000,48000
WIKI,JODIE,full,110,110000,110999,1000,17610.0,dst,0,0,16,1000,1000,0,1000,2,2,0,0,10756,10756,48000,48000
WIKI,JODIE,full,111,111000,111999,1000,13955.0,dst,0,0,16,1000,1000,0,1000,4,4,0,0,10756,10756,48000,48000
WIKI,JODIE,full,112,112000,112999,1000,11984.0,dst,0,0,16,1000,1000,0,1000,6,6,0,0,10756,10756,48000,48000
WIKI,JODIE,full,113,113000,113999,1000,13673.0,dst,0,0,16,1000,1000,0,1000,2,2,0,0,10756,10756,48000,48000
WIKI,JODIE,full,114,114000,114999,1000,17211.0,dst,0,0,16,1000,1000,0,1000,4,4,0,0,10756,10756,48000,48000
WIKI,JODIE,full,115,115000,115999,1000,18411.0,dst,0,0,16,1000,1000,0,1000,2,2,0,0,10756,10756,48000,48000
WIKI,JODIE,full,116,116000,116999,1000,13585.0,dst,0,0,16,1000,1000,0,1000,1,1,0,0,10756,10756,48000,48000
WIKI,JODIE,full,117,117000,117999,1000,10105.0,dst,0,0,16,1000,1000,0,1000,4,4,0,0,10756,10756,48000,48000
WIKI,JODIE,full,118,118000,118999,1000,12118.0,dst,0,0,16,1000,1000,0,1000,2,2,0,0,10756,10756,48000,48000
WIKI,JODIE,full,119,119000,119999,1000,13803.0,dst,0,0,16,1000,1000,0,1000,4,4,0,0,10756,10756,48000,48000
WIKI,JODIE,full,120,120000,120999,1000,18216.0,dst,0,0,16,1000,1000,0,1000,3,3,0,0,10756,10756,48000,48000
WIKI,JODIE,full,121,121000,121999,1000,19773.0,dst,0,0,16,1000,1000,0,1000,3,3,0,0,10756,10756,48000,48000
WIKI,JODIE,full,122,122000,122999,1000,14260.0,dst,0,0,16,1000,1000,0,1000,2,2,0,0,10756,10756,48000,48000
WIKI,JODIE,full,123,123000,123999,1000,13437.0,dst,0,0,16,1000,1000,0,1000,4,4,0,0,10756,10756,48000,48000
WIKI,JODIE,full,124,124000,124999,1000,12963.0,dst,0,0,16,1000,1000,0,1000,0,0,0,0,10756,10756,48000,48000
WIKI,JODIE,full,125,125000,125999,1000,12948.0,dst,0,0,16,1000,1000,0,1000,4,4,0,0,10756,10756,48000,48000
WIKI,JODIE,full,126,126000,126999,1000,19156.0,dst,0,0,16,1000,1000,0,1000,3,3,0,0,10756,10756,48000,48000
WIKI,JODIE,full,127,127000,127999,1000,16845.0,dst,0,0,16,1000,1000,0,1000,3,3,0,0,10756,10756,48000,48000
WIKI,JODIE,full,128,128000,128999,1000,12792.0,dst,0,0,16,1000,1000,0,1000,4,4,0,0,10756,10756,48000,48000
WIKI,JODIE,full,129,129000,129999,1000,13103.0,dst,0,0,16,1000,1000,0,1000,1,1,0,0,10756,10756,48000,48000
WIKI,JODIE,full,130,130000,130999,1000,13457.0,dst,0,0,16,1000,1000,0,1000,4,4,0,0,10756,10756,48000,48000
WIKI,JODIE,full,131,131000,131999,1000,15006.0,dst,0,0,16,1000,1000,0,1000,9,9,0,0,10756,10756,48000,48000
WIKI,JODIE,full,132,132000,132999,1000,21632.0,dst,0,0,16,1000,1000,0,1000,1,1,0,0,10756,10756,48000,48000
WIKI,JODIE,full,133,133000,133999,1000,15186.0,dst,0,0,16,1000,1000,0,1000,2,2,0,0,10756,10756,48000,48000
WIKI,JODIE,full,134,134000,134999,1000,13747.0,dst,0,0,16,1000,1000,0,1000,2,2,0,0,10756,10756,48000,48000
WIKI,JODIE,full,135,135000,135999,1000,15642.0,dst,0,0,16,1000,1000,0,1000,2,2,0,0,10756,10756,48000,48000
WIKI,JODIE,full,136,136000,136999,1000,13950.0,dst,0,0,16,1000,1000,0,1000,2,2,0,0,10756,10756,48000,48000
WIKI,JODIE,full,137,137000,137999,1000,16666.0,dst,0,0,16,1000,1000,0,1000,5,5,0,0,10756,10756,48000,48000
WIKI,JODIE,full,138,138000,138999,1000,22106.0,dst,0,0,16,1000,1000,0,1000,6,6,0,0,10756,10756,48000,48000
WIKI,JODIE,full,139,139000,139999,1000,14721.0,dst,0,0,16,1000,1000,0,1000,4,4,0,0,10756,10756,48000,48000
WIKI,JODIE,full,140,140000,140999,1000,13641.0,dst,0,0,16,1000,1000,0,1000,1,1,0,0,10756,10756,48000,48000
WIKI,JODIE,full,141,141000,141999,1000,15789.0,dst,0,0,16,1000,1000,0,1000,3,3,0,0,10756,10756,48000,48000
WIKI,JODIE,full,142,142000,142999,1000,25532.0,dst,0,0,16,1000,1000,0,1000,5,5,0,0,10756,10756,48000,48000
WIKI,JODIE,full,143,143000,143999,1000,21448.0,dst,0,0,16,1000,1000,0,1000,1,1,0,0,10756,10756,48000,48000
WIKI,JODIE,full,144,144000,144999,1000,20127.0,dst,0,0,16,1000,1000,0,1000,1,1,0,0,10756,10756,48000,48000
WIKI,JODIE,full,145,145000,145999,1000,19489.0,dst,0,0,16,1000,1000,0,1000,2,2,0,0,10756,10756,48000,48000
WIKI,JODIE,full,146,146000,146999,1000,21970.0,dst,0,0,16,1000,1000,0,1000,5,5,0,0,10756,10756,48000,48000
WIKI,JODIE,full,147,147000,147999,1000,21156.0,dst,0,0,16,1000,1000,0,1000,8,8,0,0,10756,10756,48000,48000
WIKI,JODIE,full,148,148000,148999,1000,14927.0,dst,0,0,16,1000,1000,0,1000,4,4,0,0,10756,10756,48000,48000
WIKI,JODIE,full,149,149000,149999,1000,19385.0,dst,0,0,16,1000,1000,0,1000,4,4,0,0,10756,10756,48000,48000
WIKI,JODIE,full,150,150000,150999,1000,25331.0,dst,0,0,16,1000,1000,0,1000,5,5,0,0,10756,10756,48000,48000
WIKI,JODIE,full,151,151000,151999,1000,22692.0,dst,0,0,16,1000,1000,0,1000,4,4,0,0,10756,10756,48000,48000
WIKI,JODIE,full,152,152000,152999,1000,16513.0,dst,0,0,16,1000,1000,0,1000,3,3,0,0,10756,10756,48000,48000
WIKI,JODIE,full,153,153000,153999,1000,20404.0,dst,0,0,16,1000,1000,0,1000,4,4,0,0,10756,10756,48000,48000
WIKI,JODIE,full,154,154000,154999,1000,31216.0,dst,0,0,16,1000,1000,0,1000,2,2,0,0,10756,10756,48000,48000
WIKI,JODIE,full,155,155000,155999,1000,21949.0,dst,0,0,16,1000,1000,0,1000,0,0,0,0,10756,10756,48000,48000
WIKI,JODIE,full,156,156000,156999,1000,18090.0,dst,0,0,16,1000,1000,0,1000,6,6,0,0,10756,10756,48000,48000
WIKI,TGAT,full,0,0,999,1000,27365.0,dst,10,1,16,13048,7025,6023,7025,194,201,0,72,74048,135380,337200,626304
WIKI,TGAT,full,1,1000,1999,1000,27727.0,dst,10,1,16,13593,8659,4934,8659,246,251,0,0,90620,140800,415632,652464
WIKI,TGAT,full,2,2000,2999,1000,21794.0,dst,10,1,16,14595,9913,4682,9913,356,370,0,0,103592,151144,475824,700560
WIKI,TGAT,full,3,3000,3999,1000,25241.0,dst,10,1,16,17306,11198,6108,11198,456,475,0,0,116448,178492,537504,830688
WIKI,TGAT,full,4,4000,4999,1000,24622.0,dst,10,1,16,17744,11603,6141,11603,501,512,0,0,120624,183216,556944,851712
WIKI,TGAT,full,5,5000,5999,1000,21851.0,dst,10,1,16,18426,12544,5882,12544,612,630,0,0,130060,190524,602112,884448
WIKI,TGAT,full,6,6000,6999,1000,17851.0,dst,10,1,16,17865,12450,5415,12450,617,636,0,0,129672,184464,597600,857520
WIKI,TGAT,full,7,7000,7999,1000,19515.0,dst,10,1,16,19435,13606,5829,13606,645,662,0,0,140952,200192,653088,932880
WIKI,TGAT,full,8,8000,8999,1000,26215.0,dst,10,1,16,19875,12787,7088,12787,618,634,0,0,132716,205168,613776,954000
WIKI,TGAT,full,9,9000,9999,1000,20109.0,dst,10,1,16,19807,13379,6428,13379,709,727,0,0,138800,204116,642192,950736
WIKI,TGAT,full,10,10000,10999,1000,15596.0,dst,10,1,16,20650,15132,5518,15132,845,884,0,0,156748,213184,726336,991200
WIKI,TGAT,full,11,11000,11999,1000,13199.0,dst,10,1,16,21306,15929,5377,15929,1020,1103,1,0,164604,219592,764592,1022688
WIKI,TGAT,full,12,12000,12999,1000,18207.0,dst,10,1,16,20416,14007,6409,14007,738,759,0,0,145228,210624,672336,979968
WIKI,TGAT,full,13,13000,13999,1000,21806.0,dst,10,1,16,20810,14676,6134,14676,804,847,0,0,152012,214752,704448,998880
WIKI,TGAT,full,14,14000,14999,1000,22114.0,dst,10,1,16,20023,15184,4839,15184,868,904,0,0,157080,206664,728832,961104
WIKI,TGAT,full,15,15000,15999,1000,14910.0,dst,10,1,16,20300,15652,4648,15652,894,928,0,0,162112,209308,751296,974400
WIKI,TGAT,full,16,16000,16999,1000,17653.0,dst,10,1,16,20597,15388,5209,15388,910,949,2,0,159112,212156,738624,988656
WIKI,TGAT,full,17,17000,17999,1000,21682.0,dst,10,1,16,21529,15965,5564,15965,911,952,0,0,165316,221844,766320,1033392
WIKI,TGAT,full,18,18000,18999,1000,22259.0,dst,10,1,16,21124,16135,4989,16135,1003,1047,0,0,167084,217804,774480,1013952
WIKI,TGAT,full,19,19000,19999,1000,14991.0,dst,10,1,16,21698,16213,5485,16213,1002,1048,0,0,167476,223408,778224,1041504
WIKI,TGAT,full,20,20000,20999,1000,17387.0,dst,10,1,16,21651,16161,5490,16161,943,977,0,0,167260,223248,775728,1039248
WIKI,TGAT,full,21,21000,21999,1000,18981.0,dst,10,1,16,21681,15471,6210,15471,924,965,0,0,160028,223444,742608,1040688
WIKI,TGAT,full,22,22000,22999,1000,18667.0,dst,10,1,16,22250,16497,5753,16497,1028,1064,0,0,170816,229196,791856,1068000
WIKI,TGAT,full,23,23000,23999,1000,16438.0,dst,10,1,16,21837,17235,4602,17235,1173,1228,0,0,178400,224680,827280,1048176
WIKI,TGAT,full,24,24000,24999,1000,14898.0,dst,10,1,16,21681,16970,4711,16970,1108,1162,1,0,175152,223272,814560,1040688
WIKI,TGAT,full,25,25000,25999,1000,15610.0,dst,10,1,16,21764,16154,5610,16154,1001,1059,0,0,166872,224348,775392,1044672
WIKI,TGAT,full,26,26000,26999,1000,15547.0,dst,10,1,16,21880,15496,6384,15496,880,915,0,0,160636,225412,743808,1050240
WIKI,TGAT,full,27,27000,27999,1000,16264.0,dst,10,1,16,22123,16258,5865,16258,962,1001,0,0,167740,227768,780384,1061904
WIKI,TGAT,full,28,28000,28999,1000,19773.0,dst,10,1,16,22461,16591,5870,16591,1031,1081,0,0,171516,231552,796368,1078128
WIKI,TGAT,full,29,29000,29999,1000,13245.0,dst,10,1,16,21967,16433,5534,16433,1000,1056,0,0,169820,225972,788784,1054416
WIKI,TGAT,full,30,30000,30999,1000,12902.0,dst,10,1,16,21791,16895,4896,16895,1046,1104,0,0,174856,224440,810960,1045968
WIKI,TGAT,full,31,31000,31999,1000,16887.0,dst,10,1,16,22094,17708,4386,17708,1138,1195,1,0,182668,227584,849984,1060512
WIKI,TGAT,full,32,32000,32999,1000,16552.0,dst,10,1,16,22298,16691,5607,16691,1055,1104,0,0,172864,229756,801168,1070304
WIKI,TGAT,full,33,33000,33999,1000,20310.0,dst,10,1,16,22185,16080,6105,16080,987,1024,0,0,166700,228296,771840,1064880
WIKI,TGAT,full,34,34000,34999,1000,13788.0,dst,10,1,16,22921,17669,5252,17669,1216,1267,0,0,182748,235692,848112,1100208
WIKI,TGAT,full,35,35000,35999,1000,13475.0,dst,10,1,16,22300,17767,4533,17767,1182,1241,0,0,183536,229940,852816,1070400
WIKI,TGAT,full,36,36000,36999,1000,11200.0,dst,10,1,16,22615,17283,5332,17283,1150,1195,0,0,178904,232636,829584,1085520
WIKI,TGAT,full,37,37000,37999,1000,13420.0,dst,10,1,16,22504,16420,6084,16420,1036,1086,0,0,169708,231840,788160,1080192
WIKI,TGAT,full,38,38000,38999,1000,18435.0,dst,10,1,16,22839,17130,5709,17130,1034,1079,0,0,177212,234592,822240,1096272
WIKI,TGAT,full,39,39000,39999,1000,20580.0,dst,10,1,16,22382,17367,5015,17367,1094,1141,0,0,179316,230476,833616,1074336
WIKI,TGAT,full,40,40000,40999,1000,16167.0,dst,10,1,16,23000,17977,5023,17977,1241,1299,0,0,185868,237080,862896,1104000
WIKI,TGAT,full,41,41000,41999,1000,13929.0,dst,10,1,16,22693,17339,5354,17339,1098,1157,0,0,179248,233644,832272,1089264
WIKI,TGAT,full,42,42000,42999,1000,16537.0,dst,10,1,16,23391,17115,6276,17115,1063,1113,0,0,177156,240956,821520,1122768
WIKI,TGAT,full,43,43000,43999,1000,15720.0,dst,10,1,16,22910,15776,7134,15776,924,945,0,0,163232,235864,757248,1099680
WIKI,TGAT,full,44,44000,44999,1000,20714.0,dst,10,1,16,23234,15765,7469,15765,936,979,1,0,163048,239020,756720,1115232
WIKI,TGAT,full,45,45000,45999,1000,15818.0,dst,10,1,16,23286,17446,5840,17446,1150,1214,0,0,180196,239432,837408,1117728
WIKI,TGAT,full,46,46000,46999,1000,13330.0,dst,10,1,16,23019,18662,4357,18662,1288,1340,0,0,192744,236904,895776,1104912
WIKI,TGAT,full,47,47000,47999,1000,15012.0,dst,10,1,16,23540,18060,5480,18060,1206,1261,0,0,186624,242132,866880,1129920
WIKI,TGAT,full,48,48000,48999,1000,17848.0,dst,10,1,16,22957,17782,5175,17782,1179,1238,0,0,183984,236528,853536,1101936
WIKI,TGAT,full,49,49000,49999,1000,21473.0,dst,10,1,16,22840,16684,6156,16684,1051,1097,0,0,172604,235176,800832,1096320
WIKI,TGAT,full,50,50000,50999,1000,17778.0,dst,10,1,16,22909,17496,5413,17496,1127,1184,0,0,180448,235988,839808,1099632
WIKI,TGAT,full,51,51000,51999,1000,15132.0,dst,10,1,16,22746,17700,5046,17700,1207,1258,0,0,183000,234036,849600,1091808
WIKI,TGAT,full,52,52000,52999,1000,12873.0,dst,10,1,16,22946,17959,4987,17959,1250,1327,0,0,185480,236284,862032,1101408
WIKI,TGAT,full,53,53000,53999,1000,15934.0,dst,10,1,16,23519,17817,5702,17817,1190,1247,0,0,184452,242180,855216,1128912
WIKI,TGAT,full,54,54000,54999,1000,17419.0,dst,10,1,16,22751,17529,5222,17529,1216,1286,0,0,180904,234388,841392,1092048
WIKI,TGAT,full,55,55000,55999,1000,16095.0,dst,10,1,16,23195,16751,6444,16751,1110,1158,0,0,173184,238552,804048,1113360
WIKI,TGAT,full,56,56000,56999,1000,11869.0,dst,10,1,16,23279,17941,5338,17941,1174,1221,0,0,185548,239536,861168,1117392
WIKI,TGAT,full,57,57000,57999,1000,13850.0,dst,10,1,16,22774,17871,4903,17871,1209,1274,0,0,184760,234480,857808,1093152
WIKI,TGAT,full,58,58000,58999,1000,13069.0,dst,10,1,16,23121,18244,4877,18244,1250,1311,0,0,188408,237888,875712,1109808
WIKI,TGAT,full,59,59000,59999,1000,16525.0,dst,10,1,16,23200,17328,5872,17328,1131,1191,0,0,179108,238632,831744,1113600
WIKI,TGAT,full,60,60000,60999,1000,20049.0,dst,10,1,16,23657,16920,6737,16920,1083,1125,0,0,174832,243620,812160,1135536
WIKI,TGAT,full,61,61000,61999,1000,18493.0,dst,10,1,16,23307,16822,6485,16822,1082,1137,0,0,173732,239912,807456,1118736
WIKI,TGAT,full,62,62000,62999,1000,15783.0,dst,10,1,16,22970,17400,5570,17400,1115,1172,0,0,179692,236732,835200,1102560
WIKI,TGAT,full,63,63000,63999,1000,16082.0,dst,10,1,16,23276,17251,6025,17251,1076,1119,0,0,178344,239596,828048,1117248
WIKI,TGAT,full,64,64000,64999,1000,21634.0,dst,10,1,16,23506,17323,6183,17323,1087,1139,0,0,178996,241780,831504,1128288
WIKI,TGAT,full,65,65000,65999,1000,18270.0,dst,10,1,16,23730,16578,7152,16578,1090,1135,0,0,171184,243892,795744,1139040
WIKI,TGAT,full,66,66000,66999,1000,14069.0,dst,10,1,16,23049,16815,6234,16815,1118,1169,0,0,173848,237468,807120,1106352
WIKI,TGAT,full,67,67000,67999,1000,14767.0,dst,10,1,16,23442,18213,5229,18213,1235,1293,0,0,188044,241448,874224,1125216
WIKI,TGAT,full,68,68000,68999,1000,12182.0,dst,10,1,16,22871,17952,4919,17952,1122,1179,0,0,185344,235272,861696,1097808
WIKI,TGAT,full,69,69000,69999,1000,12836.0,dst,10,1,16,23916,17518,6398,17518,1111,1174,0,0,181008,246080,840864,1147968
WIKI,TGAT,full,70,70000,70999,1000,15862.0,dst,10,1,16,23652,17365,6287,17365,1189,1244,0,0,179476,243220,833520,1135296
WIKI,TGAT,full,71,71000,71999,1000,20612.0,dst,10,1,16,23798,18105,5693,18105,1289,1352,0,0,187060,245020,869040,1142304
WIKI,TGAT,full,72,72000,72999,1000,16115.0,dst,10,1,16,23759,18970,4789,18970,1374,1452,0,0,195604,244848,910560,1140432
WIKI,TGAT,full,73,73000,73999,1000,14981.0,dst,10,1,16,23827,19352,4475,19352,1448,1525,1,0,199676,245076,928896,1143696
WIKI,TGAT,full,74,74000,74999,1000,15405.0,dst,10,1,16,23770,18567,5203,18567,1258,1321,0,0,191532,244240,891216,1140960
WIKI,TGAT,full,75,75000,75999,1000,16095.0,dst,10,1,16,23625,17673,5952,17673,1234,1284,0,0,182840,243372,848304,1134000
WIKI,TGAT,full,76,76000,76999,1000,19135.0,dst,10,1,16,23923,16531,7392,16531,1077,1127,0,0,170988,246232,793488,1148304
WIKI,TGAT,full,77,77000,77999,1000,12827.0,dst,10,1,16,23660,18270,5390,18270,1266,1329,0,0,188488,243356,876960,1135680
WIKI,TGAT,full,78,78000,78999,1000,11597.0,dst,10,1,16,23186,18767,4419,18767,1343,1428,1,0,193636,238656,900816,1112928
WIKI,TGAT,full,79,79000,79999,1000,13148.0,dst,10,1,16,23564,18089,5475,18089,1139,1185,0,0,186968,242672,868272,1131072
WIKI,TGAT,full,80,80000,80999,1000,12427.0,dst,10,1,16,23653,18145,5508,18145,1243,1302,0,0,187676,243588,870960,1135344
WIKI,TGAT,full,81,81000,81999,1000,20999.0,dst,10,1,16,24031,17690,6341,17690,1184,1247,0,0,182644,247364,849120,1153488
WIKI,TGAT,full,82,82000,82999,1000,17371.0,dst,10,1,16,24001,17949,6052,17949,1236,1303,0,0,185448,247824,861552,1152048
WIKI,TGAT,full,83,83000,83999,1000,14897.0,dst,10,1,16,23639,18328,5311,18328,1292,1388,0,0,189280,243324,879744,1134672
WIKI,TGAT,full,84,84000,84999,1000,11571.0,dst,10,1,16,23184,18705,4479,18705,1311,1389,0,0,193192,238780,897840,1112832
WIKI,TGAT,full,85,85000,85999,1000,9249.0,dst,10,1,16,23498,18778,4720,18778,1351,1408,0,0,193728,242260,901344,1127904
WIKI,TGAT,full,86,86000,86999,1000,12052.0,dst,10,1,16,23406,17188,6218,17188,1102,1169,0,0,177792,240896,825024,1123488
WIKI,TGAT,full,87,87000,87999,1000,14240.0,dst,10,1,16,23271,17192,6079,17192,1000,1046,0,0,177656,239352,825216,1117008
WIKI,TGAT,full,88,88000,88999,1000,13387.0,dst,10,1,16,24016,17923,6093,17923,1287,1350,0,0,185376,247168,860304,1152768
WIKI,TGAT,full,89,89000,89999,1000,18996.0,dst,10,1,16,23857,18625,5232,18625,1263,1315,0,0,192400,245520,894000,1145136
WIKI,TGAT,full,90,90000,90999,1000,12967.0,dst,10,1,16,23272,17645,5627,17645,1117,1177,3,0,182404,239580,846960,1117056
WIKI,TGAT,full,91,91000,91999,1000,14576.0,dst,10,1,16,23716,18267,5449,18267,1271,1349,0,0,188568,244356,876816,1138368
WIKI,TGAT,full,92,92000,92999,1000,16472.0,dst,10,1,16,24275,18254,6021,18254,1211,1250,0,0,188856,249616,876192,1165200
WIKI,TGAT,full,93,93000,93999,1000,14219.0,dst,10,1,16,23815,18214,5601,18214,1199,1255,0,0,188204,245212,874272,1143120
WIKI,TGAT,full,94,94000,94999,1000,20499.0,dst,10,1,16,23868,17752,6116,17752,1140,1189,0,0,183572,245776,852096,1145664
WIKI,TGAT,full,95,95000,95999,1000,17556.0,dst,10,1,16,23655,17899,5756,17899,1188,1248,0,0,184896,243416,859152,1135440
WIKI,TGAT,full,96,96000,96999,1000,13668.0,dst,10,1,16,23740,19605,4135,19605,1499,1582,0,0,201976,244528,941040,1139520
WIKI,TGAT,full,97,97000,97999,1000,15657.0,dst,10,1,16,23757,19436,4321,19436,1374,1445,0,0,200488,244516,932928,1140336
WIKI,TGAT,full,98,98000,98999,1000,17250.0,dst,10,1,16,24130,17981,6149,17981,1195,1253,0,0,186260,248900,863088,1158240
WIKI,TGAT,full,99,99000,99999,1000,17359.0,dst,10,1,16,24107,18253,5854,18253,1236,1285,0,0,188284,248268,876144,1157136
WIKI,TGAT,full,100,100000,100999,1000,17308.0,dst,10,1,16,23874,18707,5167,18707,1340,1408,0,0,193284,245760,897936,1145952
WIKI,TGAT,full,101,101000,101999,1000,14844.0,dst,10,1,16,23498,18364,5134,18364,1248,1307,0,0,189644,242216,881472,1127904
WIKI,TGAT,full,102,102000,102999,1000,15133.0,dst,10,1,16,23913,18546,5367,18546,1261,1329,0,0,191360,246012,890208,1147824
WIKI,TGAT,full,103,103000,103999,1000,20506.0,dst,10,1,16,24359,18752,5607,18752,1307,1369,0,0,193672,250556,900096,1169232
WIKI,TGAT,full,104,104000,104999,1000,19495.0,dst,10,1,16,24138,17435,6703,17435,1162,1203,0,0,180552,248644,836880,1158624
WIKI,TGAT,full,105,105000,105999,1000,18061.0,dst,10,1,16,23844,18840,5004,18840,1372,1456,0,0,194504,245612,904320,1144512
WIKI,TGAT,full,106,106000,106999,1000,14985.0,dst,10,1,16,23779,18394,5385,18394,1276,1341,1,0,189736,244812,882912,1141392
WIKI,TGAT,full,107,107000,107999,1000,17437.0,dst,10,1,16,24023,18704,5319,18704,1319,1380,0,0,193500,247420,897792,1153104
WIKI,TGAT,full,108,108000,108999,1000,16181.0,dst,10,1,16,23784,17832,5952,17832,1263,1321,0,0,184096,244904,855936,1141632
WIKI,TGAT,full,109,109000,109999,1000,20631.0,dst,10,1,16,24090,17708,6382,17708,1201,1266,0,0,182848,247808,849984,1156320
WIKI,TGAT,full,110,110000,110999,1000,17610.0,dst,10,1,16,23997,18408,5589,18408,1281,1336,0,0,190252,246940,883584,1151856
WIKI,TGAT,full,111,111000,111999,1000,13955.0,dst,10,1,16,23882,18934,4948,18934,1305,1361,0,0,195224,245772,908832,1146336
WIKI,TGAT,full,112,112000,112999,1000,11984.0,dst,10,1,16,23382,17863,5519,17863,1169,1230,0,0,184428,240672,857424,1122336
WIKI,TGAT,full,113,113000,113999,1000,13673.0,dst,10,1,16,24101,17711,6390,17711,1170,1236,0,0,183180,247948,850128,1156848
WIKI,TGAT,full,114,114000,114999,1000,17211.0,dst,10,1,16,24251,17632,6619,17632,1142,1203,0,0,182128,249712,846336,1164048
WIKI,TGAT,full,115,115000,115999,1000,18411.0,dst,10,1,16,24173,18228,5945,18228,1197,1258,0,0,188184,248832,874944,1160304
WIKI,TGAT,full,116,116000,116999,1000,13585.0,dst,10,1,16,24039,18199,5840,18199,1201,1254,0,0,187712,247184,873552,1153872
WIKI,TGAT,full,117,117000,117999,1000,10105.0,dst,10,1,16,23546,18629,4917,18629,1292,1348,0,0,192300,242568,894192,1130208
WIKI,TGAT,full,118,118000,118999,1000,12118.0,dst,10,1,16,23821,18998,4823,18998,1347,1422,0,0,196200,245156,911904,1143408
WIKI,TGAT,full,119,119000,119999,1000,13803.0,dst,10,1,16,23556,18200,5356,18200,1229,1280,0,0,187964,242604,873600,1130688
WIKI,TGAT,full,120,120000,120999,1000,18216.0,dst,10,1,16,23929,17105,6824,17105,1102,1155,0,0,176980,246712,821040,1148592
WIKI,TGAT,full,121,121000,121999,1000,19773.0,dst,10,1,16,24235,17469,6766,17469,1181,1238,0,0,180608,249504,838512,1163280
WIKI,TGAT,full,122,122000,122999,1000,14260.0,dst,10,1,16,24146,18374,5772,18374,1168,1215,0,0,189508,248544,881952,1159008
WIKI,TGAT,full,123,123000,123999,1000,13437.0,dst,10,1,16,24244,19581,4663,19581,1454,1528,0,0,202184,249632,939888,1163712
WIKI,TGAT,full,124,124000,124999,1000,12963.0,dst,10,1,16,24503,19014,5489,19014,1307,1378,0,0,196028,252128,912672,1176144
WIKI,TGAT,full,125,125000,125999,1000,12948.0,dst,10,1,16,24362,18169,6193,18169,1214,1289,0,0,187620,250696,872112,1169376
WIKI,TGAT,full,126,126000,126999,1000,19156.0,dst,10,1,16,24150,17447,6703,17447,1126,1180,0,0,180368,248864,837456,1159200
WIKI,TGAT,full,127,127000,127999,1000,16845.0,dst,10,1,16,23841,18227,5614,18227,1228,1288,1,0,188168,245452,874896,1144368
WIKI,TGAT,full,128,128000,128999,1000,12792.0,dst,10,1,16,24074,18678,5396,18678,1291,1364,0,0,192972,247812,896544,1155552
WIKI,TGAT,full,129,129000,129999,1000,13103.0,dst,10,1,16,23998,18531,5467,18531,1321,1387,0,0,191300,247144,889488,1151904
WIKI,TGAT,full,130,130000,130999,1000,13457.0,dst,10,1,16,23591,17368,6223,17368,1073,1131,0,0,179348,243016,833664,1132368
WIKI,TGAT,full,131,131000,131999,1000,15006.0,dst,10,1,16,23960,17551,6409,17551,1148,1208,0,0,181732,246644,842448,1150080
WIKI,TGAT,full,132,132000,132999,1000,21632.0,dst,10,1,16,24217,17138,7079,17138,1133,1183,0,0,176868,249492,822624,1162416
WIKI,TGAT,full,133,133000,133999,1000,15186.0,dst,10,1,16,24016,18790,5226,18790,1318,1381,0,0,193796,247480,901920,1152768
WIKI,TGAT,full,134,134000,134999,1000,13747.0,dst,10,1,16,23856,18676,5180,18676,1230,1302,0,0,192688,245592,896448,1145088
WIKI,TGAT,full,135,135000,135999,1000,15642.0,dst,10,1,16,24181,19419,4762,19419,1431,1507,0,0,200340,249036,932112,1160688
WIKI,TGAT,full,136,136000,136999,1000,13950.0,dst,10,1,16,24177,16436,7741,16436,980,1015,0,0,169844,248716,788928,1160496
WIKI,TGAT,full,137,137000,137999,1000,16666.0,dst,10,1,16,23789,15597,8192,15597,936,971,0,12,161528,244616,748656,1141872
WIKI,TGAT,full,138,138000,138999,1000,22106.0,dst,10,1,16,24150,18118,6032,18118,1190,1234,0,0,187244,248648,869664,1159200
WIKI,TGAT,full,139,139000,139999,1000,14721.0,dst,10,1,16,23748,18665,5083,18665,1277,1345,0,0,192744,244676,895920,1139904
WIKI,TGAT,full,140,140000,140999,1000,13641.0,dst,10,1,16,24216,18990,5226,18990,1332,1402,0,0,195960,249140,911520,1162368
WIKI,TGAT,full,141,141000,141999,1000,15789.0,dst,10,1,16,24015,17884,6131,17884,1145,1181,0,0,184832,247208,858432,1152720
WIKI,TGAT,full,142,142000,142999,1000,25532.0,dst,10,1,16,24453,17698,6755,17698,1153,1210,0,0,182808,251908,849504,1173744
WIKI,TGAT,full,143,143000,143999,1000,21448.0,dst,10,1,16,23892,17784,6108,17784,1218,1277,0,0,183480,246080,853632,1146816
WIKI,TGAT,full,144,144000,144999,1000,20127.0,dst,10,1,16,24142,18154,5988,18154,1239,1306,0,0,187448,248556,871392,1158816
WIKI,TGAT,full,145,145000,145999,1000,19489.0,dst,10,1,16,24205,18579,5626,18579,1246,1299,0,0,191716,249712,891792,1161840
WIKI,TGAT,full,146,146000,146999,1000,21970.0,dst,10,1,16,24242,17646,6596,17646,1149,1195,0,0,182472,249400,847008,1163616
WIKI,TGAT,full,147,147000,147999,1000,21156.0,dst,10,1,16,24204,18246,5958,18246,1199,1254,0,0,188948,249356,875808,1161792
WIKI,TGAT,full,148,148000,148999,1000,14927.0,dst,10,1,16,24778,19041,5737,19041,1372,1461,2,0,196736,255284,913968,1189344
WIKI,TGAT,full,149,149000,149999,1000,19385.0,dst,10,1,16,24580,19378,5202,19378,1324,1400,1,0,200192,252892,930144,1179840
WIKI,TGAT,full,150,150000,150999,1000,25331.0,dst,10,1,16,24387,17937,6450,17937,1231,1289,0,0,185424,251200,860976,1170576
WIKI,TGAT,full,151,151000,151999,1000,22692.0,dst,10,1,16,24356,17201,7155,17201,1150,1211,1,0,177612,250876,825648,1169088
WIKI,TGAT,full,152,152000,152999,1000,16513.0,dst,10,1,16,24261,18613,5648,18613,1288,1356,0,0,192240,249548,893424,1164528
WIKI,TGAT,full,153,153000,153999,1000,20404.0,dst,10,1,16,24269,18531,5738,18531,1343,1413,0,0,191280,249768,889488,1164912
WIKI,TGAT,full,154,154000,154999,1000,31216.0,dst,10,1,16,24467,17573,6894,17573,1218,1274,0,0,181556,251932,843504,1174416
WIKI,TGAT,full,155,155000,155999,1000,21949.0,dst,10,1,16,24725,17098,7627,17098,1055,1109,0,0,176684,254576,820704,1186800
WIKI,TGAT,full,156,156000,156999,1000,18090.0,dst,10,1,16,24760,19328,5432,19328,1424,1521,0,0,199320,255284,927744,1188480
WIKI,TGN,full,0,0,999,1000,27365.0,dst,20,2,16,20173,10137,10036,10137,453,485,0,156,105944,207900,486576,968304
WIKI,TGN,full,1,1000,1999,1000,27727.0,dst,20,2,16,20885,12510,8375,12510,586,608,0,36,129604,215816,600480,1002480
WIKI,TGN,full,2,2000,2999,1000,21794.0,dst,20,2,16,24481,15768,8713,15768,961,1011,0,36,163176,251824,756864,1175088
WIKI,TGN,full,3,3000,3999,1000,25241.0,dst,20,2,16,30529,18837,11692,18837,1277,1347,0,0,194024,313788,904176,1465392
WIKI,TGN,full,4,4000,4999,1000,24622.0,dst,20,2,16,31483,19884,11599,19884,1432,1512,0,0,205340,323180,954432,1511184
WIKI,TGN,full,5,5000,5999,1000,21851.0,dst,20,2,16,33878,22567,11311,22567,1919,2042,0,0,232324,347496,1083216,1626144
WIKI,TGN,full,6,6000,6999,1000,17851.0,dst,20,2,16,33228,22336,10892,22336,1826,1939,0,0,230284,341000,1072128,1594944
WIKI,TGN,full,7,7000,7999,1000,19515.0,dst,20,2,16,35323,24080,11243,24080,2162,2292,0,0,247888,362516,1155840,1695504
WIKI,TGN,full,8,8000,8999,1000,26215.0,dst,20,2,16,39790,24816,14974,24816,2344,2491,0,0,255576,407984,1191168,1909920
WIKI,TGN,full,9,9000,9999,1000,20109.0,dst,20,2,16,38914,25569,13345,25569,2383,2536,0,0,263172,399108,1227312,1867872
WIKI,TGN,full,10,10000,10999,1000,15596.0,dst,20,2,16,42165,30107,12058,30107,3277,3551,0,0,309260,432304,1445136,2023920
WIKI,TGN,full,11,11000,11999,1000,13199.0,dst,20,2,16,45343,32826,12517,32826,4021,4450,6,0,336928,464608,1575648,2176464
WIKI,TGN,full,12,12000,12999,1000,18207.0,dst,20,2,16,42130,28129,14001,28129,2940,3193,0,12,289404,431592,1350192,2022240
WIKI,TGN,full,13,13000,13999,1000,21806.0,dst,20,2,16,43227,30056,13171,30056,3350,3666,1,0,309020,443180,1442688,2074896
WIKI,TGN,full,14,14000,14999,1000,22114.0,dst,20,2,16,41788,31193,10595,31193,3642,3998,7,0,320512,428380,1497264,2005824
WIKI,TGN,full,15,15000,15999,1000,14910.0,dst,20,2,16,43090,32601,10489,32601,3888,4240,0,0,334880,441444,1564848,2068320
WIKI,TGN,full,16,16000,16999,1000,17653.0,dst,20,2,16,42819,31644,11175,31644,3594,3910,4,0,324576,439188,1518912,2055312
WIKI,TGN,full,17,17000,17999,1000,21682.0,dst,20,2,16,47309,34289,13020,34289,4071,4456,1,0,351832,484360,1645872,2270832
WIKI,TGN,full,18,18000,18999,1000,22259.0,dst,20,2,16,46160,34414,11746,34414,4306,4702,1,0,353012,472452,1651872,2215680
WIKI,TGN,full,19,19000,19999,1000,14991.0,dst,20,2,16,46018,34011,12007,34011,4237,4644,1,0,348940,471272,1632528,2208864
WIKI,TGN,full,20,20000,20999,1000,17387.0,dst,20,2,16,47701,35162,12539,35162,4443,4915,2,0,361144,488192,1687776,2289648
WIKI,TGN,full,21,21000,21999,1000,18981.0,dst,20,2,16,46613,33310,13303,33310,4204,4611,0,0,341960,477576,1598880,2237424
WIKI,TGN,full,22,22000,22999,1000,18667.0,dst,20,2,16,48306,35404,12902,35404,4526,4943,0,0,363180,494540,1699392,2318688
WIKI,TGN,full,23,23000,23999,1000,16438.0,dst,20,2,16,47945,37457,10488,37457,5131,5680,2,0,384308,491064,1797936,2301360
WIKI,TGN,full,24,24000,24999,1000,14898.0,dst,20,2,16,49344,37994,11350,37994,5188,5761,7,0,389660,505328,1823712,2368512
WIKI,TGN,full,25,25000,25999,1000,15610.0,dst,20,2,16,47451,34840,12611,34840,4396,4878,3,0,357472,486316,1672320,2277648
WIKI,TGN,full,26,26000,26999,1000,15547.0,dst,20,2,16,48924,34046,14878,34046,4160,4542,1,0,349600,501060,1634208,2348352
WIKI,TGN,full,27,27000,27999,1000,16264.0,dst,20,2,16,49132,35729,13403,35729,4489,4862,2,0,366728,503440,1714992,2358336
WIKI,TGN,full,28,28000,28999,1000,19773.0,dst,20,2,16,50142,36580,13562,36580,4789,5255,1,0,374916,513344,1755840,2406816
WIKI,TGN,full,29,29000,29999,1000,13245.0,dst,20,2,16,49027,36476,12551,36476,4717,5214,1,0,373932,502376,1750848,2353296
WIKI,TGN,full,30,30000,30999,1000,12902.0,dst,20,2,16,49397,37798,11599,37798,5145,5687,4,0,387980,505820,1814304,2371056
WIKI,TGN,full,31,31000,31999,1000,16887.0,dst,20,2,16,51387,40871,10516,40871,5884,6569,2,0,419080,526064,1961808,2466576
WIKI,TGN,full,32,32000,32999,1000,16552.0,dst,20,2,16,49289,36686,12603,36686,4827,5303,4,0,376404,504560,1760928,2365872
WIKI,TGN,full,33,33000,33999,1000,20310.0,dst,20,2,16,51221,36687,14534,36687,4967,5445,0,0,376072,524668,1760976,2458608
WIKI,TGN,full,34,34000,34999,1000,13788.0,dst,20,2,16,53173,40679,12494,40679,5926,6655,2,0,416848,544344,1952592,2552304
WIKI,TGN,full,35,35000,35999,1000,13475.0,dst,20,2,16,51111,40364,10747,40364,5689,6313,4,0,413568,523356,1937472,2453328
WIKI,TGN,full,36,36000,36999,1000,11200.0,dst,20,2,16,52605,40040,12565,40040,5889,6606,11,0,410376,538348,1921920,2525040
WIKI,TGN,full,37,37000,37999,1000,13420.0,dst,20,2,16,51950,37799,14151,37799,5122,5660,2,0,387316,532288,1814352,2493600
WIKI,TGN,full,38,38000,38999,1000,18435.0,dst,20,2,16,53271,39600,13671,39600,5558,6205,3,0,406108,545156,1900800,2557008
WIKI,TGN,full,39,39000,39999,1000,20580.0,dst,20,2,16,52681,40636,12045,40636,5834,6470,1,0,416920,539152,1950528,2528688
WIKI,TGN,full,40,40000,40999,1000,16167.0,dst,20,2,16,55315,42661,12654,42661,6613,7479,8,0,437060,566000,2047728,2655120
WIKI,TGN,full,41,41000,41999,1000,13929.0,dst,20,2,16,54466,41380,13086,41380,6186,6895,3,0,424056,557440,1986240,2614368
WIKI,TGN,full,42,42000,42999,1000,16537.0,dst,20,2,16,55219,39987,15232,39987,5675,6334,4,0,409860,565048,1919376,2650512
WIKI,TGN,full,43,43000,43999,1000,15720.0,dst,20,2,16,52845,36383,16462,36383,4764,5229,3,0,373508,540660,1746384,2536560
WIKI,TGN,full,44,44000,44999,1000,20714.0,dst,20,2,16,54764,37303,17461,37303,5091,5612,2,0,383016,560600,1790544,2628672
WIKI,TGN,full,45,45000,45999,1000,15818.0,dst,20,2,16,55277,41166,14111,41166,5954,6621,4,0,422340,565628,1975968,2653296
WIKI,TGN,full,46,46000,46999,1000,13330.0,dst,20,2,16,53809,43514,10295,43514,6870,7718,6,0,445592,550624,2088672,2582832
WIKI,TGN,full,47,47000,47999,1000,15012.0,dst,20,2,16,56911,43140,13771,43140,6579,7405,5,0,442172,582480,2070720,2731728
WIKI,TGN,full,48,48000,48999,1000,17848.0,dst,20,2,16,56100,43300,12800,43300,6655,7492,8,0,443752,573832,2078400,2692800
WIKI,TGN,full,49,49000,49999,1000,21473.0,dst,20,2,16,54033,39230,14803,39230,5397,5997,2,0,402332,553104,1883040,2593584
WIKI,TGN,full,50,50000,50999,1000,17778.0,dst,20,2,16,54989,41716,13273,41716,6220,6961,10,0,427808,562804,2002368,2639472
WIKI,TGN,full,51,51000,51999,1000,15132.0,dst,20,2,16,55904,43294,12610,43294,6764,7573,4,0,443572,571784,2078112,2683392
WIKI,TGN,full,52,52000,52999,1000,12873.0,dst,20,2,16,54693,42947,11746,42947,6566,7364,4,0,440300,559520,2061456,2625264
WIKI,TGN,full,53,53000,53999,1000,15934.0,dst,20,2,16,56694,42526,14168,42526,6452,7267,10,0,435516,580376,2041248,2721312
WIKI,TGN,full,54,54000,54999,1000,17419.0,dst,20,2,16,53675,41314,12361,41314,6280,7073,7,0,423564,549296,1983072,2576400
WIKI,TGN,full,55,55000,55999,1000,16095.0,dst,20,2,16,54381,38859,15522,38859,5415,6007,3,0,398364,556296,1865232,2610288
WIKI,TGN,full,56,56000,56999,1000,11869.0,dst,20,2,16,56039,42723,13316,42723,6423,7113,2,0,437656,573604,2050704,2689872
WIKI,TGN,full,57,57000,57999,1000,13850.0,dst,20,2,16,56322,43533,12789,43533,6693,7532,12,0,446200,576740,2089584,2703456
WIKI,TGN,full,58,58000,58999,1000,13069.0,dst,20,2,16,54802,43189,11613,43189,6611,7365,6,0,442724,560896,2073072,2630496
WIKI,TGN,full,59,59000,59999,1000,16525.0,dst,20,2,16,58645,42950,15695,42950,6521,7355,8,0,440400,599900,2061600,2814960
WIKI,TGN,full,60,60000,60999,1000,20049.0,dst,20,2,16,57204,40601,16603,40601,5943,6633,0,0,416096,584940,1948848,2745792
WIKI,TGN,full,61,61000,61999,1000,18493.0,dst,20,2,16,55767,40122,15645,40122,5776,6426,2,0,411656,570664,1925856,2676816
WIKI,TGN,full,62,62000,62999,1000,15783.0,dst,20,2,16,55221,42233,12988,42233,6450,7194,7,0,433092,565220,2027184,2650608
WIKI,TGN,full,63,63000,63999,1000,16082.0,dst,20,2,16,57686,42128,15558,42128,6188,6945,6,0,431500,590420,2022144,2768928
WIKI,TGN,full,64,64000,64999,1000,21634.0,dst,20,2,16,59286,43354,15932,43354,6584,7353,5,0,444304,606612,2080992,2845728
WIKI,TGN,full,65,65000,65999,1000,18270.0,dst,20,2,16,58184,40055,18129,40055,5799,6364,1,0,410628,595588,1922640,2792832
WIKI,TGN,full,66,66000,66999,1000,14069.0,dst,20,2,16,59790,42509,17281,42509,6407,7181,4,0,435640,611580,2040432,2869920
WIKI,TGN,full,67,67000,67999,1000,14767.0,dst,20,2,16,58860,45338,13522,45338,7239,8179,7,0,464388,602464,2176224,2825280
WIKI,TGN,full,68,68000,68999,1000,12182.0,dst,20,2,16,56484,43928,12556,43928,6698,7499,4,0,449564,578180,2108544,2711232
WIKI,TGN,full,69,69000,69999,1000,12836.0,dst,20,2,16,59652,43047,16605,43047,6530,7320,4,0,440904,610492,2066256,2863296
WIKI,TGN,full,70,70000,70999,1000,15862.0,dst,20,2,16,59469,43403,16066,43403,6825,7678,1,0,444728,608572,2083344,2854512
WIKI,TGN,full,71,71000,71999,1000,20612.0,dst,20,2,16,59829,45212,14617,45212,7288,8217,6,0,463280,612140,2170176,2871792
WIKI,TGN,full,72,72000,72999,1000,16115.0,dst,20,2,16,62130,49035,13095,49035,8562,9741,8,0,502168,635212,2353680,2982240
WIKI,TGN,full,73,73000,73999,1000,14981.0,dst,20,2,16,62304,49600,12704,49600,8567,9713,11,0,507832,637500,2380800,2990592
WIKI,TGN,full,74,74000,74999,1000,15405.0,dst,20,2,16,59507,46181,13326,46181,7591,8607,9,0,472612,608652,2216688,2856336
WIKI,TGN,full,75,75000,75999,1000,16095.0,dst,20,2,16,58307,43294,15013,43294,6708,7527,4,0,443628,596608,2078112,2798736
WIKI,TGN,full,76,76000,76999,1000,19135.0,dst,20,2,16,59708,40632,19076,40632,6029,6692,1,0,416336,610916,1950336,2865984
WIKI,TGN,full,77,77000,77999,1000,12827.0,dst,20,2,16,58001,44082,13919,44082,6830,7663,8,0,451988,593256,2115936,2784048
WIKI,TGN,full,78,78000,78999,1000,11597.0,dst,20,2,16,56666,45736,10930,45736,7463,8446,10,0,468588,580388,2195328,2719968
WIKI,TGN,full,79,79000,79999,1000,13148.0,dst,20,2,16,57247,43910,13337,43910,6736,7568,8,0,449528,585912,2107680,2747856
WIKI,TGN,full,80,80000,80999,1000,12427.0,dst,20,2,16,57012,43535,13477,43535,6754,7631,4,0,446236,583440,2089680,2736576
WIKI,TGN,full,81,81000,81999,1000,20999.0,dst,20,2,16,60906,44005,16901,44005,6954,7814,4,0,451028,622996,2112240,2923488
WIKI,TGN,full,82,82000,82999,1000,17371.0,dst,20,2,16,59803,44657,15146,44657,7118,8025,5,0,457604,612060,2143536,2870544
WIKI,TGN,full,83,83000,83999,1000,14897.0,dst,20,2,16,57840,44643,13197,44643,6929,7814,5,0,457616,591436,2142864,2776320
WIKI,TGN,full,84,84000,84999,1000,11571.0,dst,20,2,16,57776,46043,11733,46043,7468,8502,11,0,471800,591436,2210064,2773248
WIKI,TGN,full,85,85000,85999,1000,9249.0,dst,20,2,16,55861,43745,12116,43745,6793,7660,6,0,448168,571592,2099760,2681328
WIKI,TGN,full,86,86000,86999,1000,12052.0,dst,20,2,16,56873,41417,15456,41417,6176,6848,2,0,424296,581920,1988016,2729904
WIKI,TGN,full,87,87000,87999,1000,14240.0,dst,20,2,16,56812,42049,14763,42049,6199,6903,6,0,431124,580948,2018352,2726976
WIKI,TGN,full,88,88000,88999,1000,13387.0,dst,20,2,16,57482,42610,14872,42610,6575,7390,7,0,436764,588060,2045280,2759136
WIKI,TGN,full,89,89000,89999,1000,18996.0,dst,20,2,16,59208,45804,13404,45804,7622,8610,4,0,469248,605828,2198592,2841984
WIKI,TGN,full,90,90000,90999,1000,12967.0,dst,20,2,16,55979,42946,13033,42946,6597,7416,7,0,440024,572952,2061408,2686992
WIKI,TGN,full,91,91000,91999,1000,14576.0,dst,20,2,16,58484,44524,13960,44524,7070,7984,2,0,455992,598448,2137152,2807232
WIKI,TGN,full,92,92000,92999,1000,16472.0,dst,20,2,16,65331,47575,17756,47575,7957,8947,6,0,487140,668396,2283600,3135888
WIKI,TGN,full,93,93000,93999,1000,14219.0,dst,20,2,16,58948,44387,14561,44387,6948,7836,8,0,454688,603196,2130576,2829504
WIKI,TGN,full,94,94000,94999,1000,20499.0,dst,20,2,16,59114,43425,15689,43425,6736,7500,8,0,444816,604636,2084400,2837472
WIKI,TGN,full,95,95000,95999,1000,17556.0,dst,20,2,16,59350,44720,14630,44720,7023,7944,6,0,457972,607084,2146560,2848800
WIKI,TGN,full,96,96000,96999,1000,13668.0,dst,20,2,16,60437,49274,11163,49274,8653,9862,16,0,504800,618320,2365152,2900976
WIKI,TGN,full,97,97000,97999,1000,15657.0,dst,20,2,16,58768,47883,10885,47883,8174,9363,15,0,490788,601056,2298384,2820864
WIKI,TGN,full,98,98000,98999,1000,17250.0,dst,20,2,16,60854,44988,15866,44988,7168,8086,10,0,460612,622504,2159424,2920992
WIKI,TGN,full,99,99000,99999,1000,17359.0,dst,20,2,16,61529,46089,15440,46089,7579,8464,8,0,472076,629092,2212272,2953392
WIKI,TGN,full,100,100000,100999,1000,17308.0,dst,20,2,16,61159,47581,13578,47581,7938,8933,7,0,487244,625272,2283888,2935632
WIKI,TGN,full,101,101000,101999,1000,14844.0,dst,20,2,16,58852,45851,13001,45851,7359,8307,8,0,469788,602224,2200848,2824896
WIKI,TGN,full,102,102000,102999,1000,15133.0,dst,20,2,16,61376,47027,14349,47027,7786,8837,6,0,481444,627960,2257296,2946048
WIKI,TGN,full,103,103000,103999,1000,20506.0,dst,20,2,16,63697,47999,15698,47999,8049,9187,10,0,491624,651420,2303952,3057456
WIKI,TGN,full,104,104000,104999,1000,19495.0,dst,20,2,16,60511,43562,16949,43562,6721,7519,4,0,446132,619116,2090976,2904528
WIKI,TGN,full,105,105000,105999,1000,18061.0,dst,20,2,16,61563,47828,13735,47828,7923,9052,17,0,489840,629940,2295744,2955024
WIKI,TGN,full,106,106000,106999,1000,14985.0,dst,20,2,16,59550,45559,13991,45559,7366,8276,10,0,466732,608892,2186832,2858400
WIKI,TGN,full,107,107000,107999,1000,17437.0,dst,20,2,16,61326,47033,14293,47033,7759,8793,7,0,481384,627376,2257584,2943648
WIKI,TGN,full,108,108000,108999,1000,16181.0,dst,20,2,16,58533,43406,15127,43406,6862,7781,4,0,444760,598792,2083488,2809584
WIKI,TGN,full,109,109000,109999,1000,20631.0,dst,20,2,16,62234,45219,17015,45219,7126,8014,3,0,463072,636768,2170512,2987232
WIKI,TGN,full,110,110000,110999,1000,17610.0,dst,20,2,16,61073,46250,14823,46250,7667,8682,14,0,474032,624812,2220000,2931504
WIKI,TGN,full,111,111000,111999,1000,13955.0,dst,20,2,16,60455,47613,12842,47613,8014,9119,5,0,487768,618420,2285424,2901840
WIKI,TGN,full,112,112000,112999,1000,11984.0,dst,20,2,16,56123,42978,13145,42978,6616,7440,4,0,440356,574244,2062944,2693904
WIKI,TGN,full,113,113000,113999,1000,13673.0,dst,20,2,16,59916,43921,15995,43921,6788,7625,6,0,449804,612632,2108208,2875968
WIKI,TGN,full,114,114000,114999,1000,17211.0,dst,20,2,16,62002,44738,17264,44738,7146,8057,8,0,458244,634136,2147424,2976096
WIKI,TGN,full,115,115000,115999,1000,18411.0,dst,20,2,16,62356,46468,15888,46468,7417,8370,7,0,475848,637568,2230464,2993088
WIKI,TGN,full,116,116000,116999,1000,13585.0,dst,20,2,16,61321,46122,15199,46122,7478,8499,8,0,472600,627388,2213856,2943408
WIKI,TGN,full,117,117000,117999,1000,10105.0,dst,20,2,16,57158,45139,12019,45139,7214,8126,4,0,462364,584940,2166672,2743584
WIKI,TGN,full,118,118000,118999,1000,12118.0,dst,20,2,16,57770,45686,12084,45686,7367,8373,13,0,468048,590920,2192928,2772960
WIKI,TGN,full,119,119000,119999,1000,13803.0,dst,20,2,16,55506,43041,12465,43041,6721,7596,14,0,440996,567840,2065968,2664288
WIKI,TGN,full,120,120000,120999,1000,18216.0,dst,20,2,16,59362,42424,16938,42424,6252,6963,5,0,434760,607380,2036352,2849376
WIKI,TGN,full,121,121000,121999,1000,19773.0,dst,20,2,16,60568,42807,17761,42807,6474,7218,1,0,438124,619748,2054736,2907264
WIKI,TGN,full,122,122000,122999,1000,14260.0,dst,20,2,16,61040,46017,15023,46017,7378,8259,4,0,471284,624404,2208816,2929920
WIKI,TGN,full,123,123000,123999,1000,13437.0,dst,20,2,16,62180,49876,12304,49876,8795,10087,13,0,510716,636128,2394048,2984640
WIKI,TGN,full,124,124000,124999,1000,12963.0,dst,20,2,16,64279,49008,15271,49008,8232,9388,12,0,501804,657368,2352384,3085392
WIKI,TGN,full,125,125000,125999,1000,12948.0,dst,20,2,16,65164,47117,18047,47117,7961,8975,6,0,482748,666612,2261616,3127872
WIKI,TGN,full,126,126000,126999,1000,19156.0,dst,20,2,16,62258,44293,17965,44293,6845,7654,1,0,453680,636836,2126064,2988384
WIKI,TGN,full,127,127000,127999,1000,16845.0,dst,20,2,16,60399,45849,14550,45849,7359,8268,4,0,469696,618008,2200752,2899152
WIKI,TGN,full,128,128000,128999,1000,12792.0,dst,20,2,16,60225,46347,13878,46347,7601,8651,6,0,474728,615984,2224656,2890800
WIKI,TGN,full,129,129000,129999,1000,13103.0,dst,20,2,16,60320,46138,14182,46138,7550,8535,9,0,472728,617200,2214624,2895360
WIKI,TGN,full,130,130000,130999,1000,13457.0,dst,20,2,16,59818,43858,15960,43858,6769,7639,4,0,449440,612012,2105184,2871264
WIKI,TGN,full,131,131000,131999,1000,15006.0,dst,20,2,16,60686,44648,16038,44648,7117,8047,8,0,457572,620800,2143104,2912928
WIKI,TGN,full,132,132000,132999,1000,21632.0,dst,20,2,16,60970,43475,17495,43475,6844,7628,1,0,445400,623592,2086800,2926560
WIKI,TGN,full,133,133000,133999,1000,15186.0,dst,20,2,16,60312,47000,13312,47000,7708,8644,6,0,481568,616968,2256000,2894976
WIKI,TGN,full,134,134000,134999,1000,13747.0,dst,20,2,16,61144,47195,13949,47195,7659,8671,9,0,483148,625284,2265360,2934912
WIKI,TGN,full,135,135000,135999,1000,15642.0,dst,20,2,16,61797,49082,12715,49082,8393,9544,7,0,502316,632260,2355936,2966256
WIKI,TGN,full,136,136000,136999,1000,13950.0,dst,20,2,16,62421,42043,20378,42043,6204,6888,4,0,430656,638356,2018064,2996208
WIKI,TGN,full,137,137000,137999,1000,16666.0,dst,20,2,16,59209,39045,20164,39045,5863,6556,2,24,400676,605588,1874160,2842032
WIKI,TGN,full,138,138000,138999,1000,22106.0,dst,20,2,16,62711,46319,16392,46319,7371,8277,3,0,474408,641400,2223312,3010128
WIKI,TGN,full,139,139000,139999,1000,14721.0,dst,20,2,16,61137,47768,13369,47768,8096,9182,7,0,489344,625488,2292864,2934576
WIKI,TGN,full,140,140000,140999,1000,13641.0,dst,20,2,16,63104,49088,14016,49088,8453,9649,10,0,502824,645496,2356224,3028992
WIKI,TGN,full,141,141000,141999,1000,15789.0,dst,20,2,16,61255,45423,15832,45423,7456,8418,14,0,465384,626900,2180304,2940240
WIKI,TGN,full,142,142000,142999,1000,25532.0,dst,20,2,16,63614,45591,18023,45591,7399,8343,10,0,466860,650324,2188368,3053472
WIKI,TGN,full,143,143000,143999,1000,21448.0,dst,20,2,16,61565,45063,16502,45063,7249,8136,1,0,462112,629628,2163024,2955120
WIKI,TGN,full,144,144000,144999,1000,20127.0,dst,20,2,16,62875,46722,16153,46722,7600,8565,6,0,478868,642852,2242656,3018000
WIKI,TGN,full,145,145000,145999,1000,19489.0,dst,20,2,16,62400,47568,14832,47568,7768,8750,8,0,487184,638188,2283264,2995200
WIKI,TGN,full,146,146000,146999,1000,21970.0,dst,20,2,16,62640,45678,16962,45678,7380,8351,6,0,467776,640644,2192544,3006720
WIKI,TGN,full,147,147000,147999,1000,21156.0,dst,20,2,16,62412,47125,15287,47125,7784,8816,9,0,482588,638184,2262000,2995776
WIKI,TGN,full,148,148000,148999,1000,14927.0,dst,20,2,16,66395,50077,16318,50077,8722,9992,10,0,512992,678976,2403696,3186960
WIKI,TGN,full,149,149000,149999,1000,19385.0,dst,20,2,16,64178,50103,14075,50103,8567,9722,7,0,513036,656560,2404944,3080544
WIKI,TGN,full,150,150000,150999,1000,25331.0,dst,20,2,16,63888,46562,17326,46562,7733,8811,8,0,477176,653364,2234976,3066624
WIKI,TGN,full,151,151000,151999,1000,22692.0,dst,20,2,16,62541,43615,18926,43615,6792,7662,10,0,447152,639536,2093520,3001968
WIKI,TGN,full,152,152000,152999,1000,16513.0,dst,20,2,16,62542,47576,14966,47576,7915,8996,8,0,487208,639604,2283648,3002016
WIKI,TGN,full,153,153000,153999,1000,20404.0,dst,20,2,16,62621,47649,14972,47649,8057,9144,9,0,488308,640544,2287152,3005808
WIKI,TGN,full,154,154000,154999,1000,31216.0,dst,20,2,16,64904,46108,18796,46108,7643,8701,10,0,472428,663808,2213184,3115392
WIKI,TGN,full,155,155000,155999,1000,21949.0,dst,20,2,16,66230,44385,21845,44385,6977,7834,7,0,454952,677684,2130480,3179040
WIKI,TGN,full,156,156000,156999,1000,18090.0,dst,20,2,16,66079,51163,14916,51163,9136,10467,14,0,523548,675592,2455824,3171792
WIKI,APAN,full,0,0,999,1000,27365.0,dst,20,2,16,20173,10137,10036,10137,453,485,0,156,105944,207900,486576,968304
WIKI,APAN,full,1,1000,1999,1000,27727.0,dst,20,2,16,20885,12510,8375,12510,586,608,0,36,129604,215816,600480,1002480
WIKI,APAN,full,2,2000,2999,1000,21794.0,dst,20,2,16,24481,15768,8713,15768,961,1011,0,36,163176,251824,756864,1175088
WIKI,APAN,full,3,3000,3999,1000,25241.0,dst,20,2,16,30529,18837,11692,18837,1277,1347,0,0,194024,313788,904176,1465392
WIKI,APAN,full,4,4000,4999,1000,24622.0,dst,20,2,16,31483,19884,11599,19884,1432,1512,0,0,205340,323180,954432,1511184
WIKI,APAN,full,5,5000,5999,1000,21851.0,dst,20,2,16,33878,22567,11311,22567,1919,2042,0,0,232324,347496,1083216,1626144
WIKI,APAN,full,6,6000,6999,1000,17851.0,dst,20,2,16,33228,22336,10892,22336,1826,1939,0,0,230284,341000,1072128,1594944
WIKI,APAN,full,7,7000,7999,1000,19515.0,dst,20,2,16,35323,24080,11243,24080,2162,2292,0,0,247888,362516,1155840,1695504
WIKI,APAN,full,8,8000,8999,1000,26215.0,dst,20,2,16,39790,24816,14974,24816,2344,2491,0,0,255576,407984,1191168,1909920
WIKI,APAN,full,9,9000,9999,1000,20109.0,dst,20,2,16,38914,25569,13345,25569,2383,2536,0,0,263172,399108,1227312,1867872
WIKI,APAN,full,10,10000,10999,1000,15596.0,dst,20,2,16,42165,30107,12058,30107,3277,3551,0,0,309260,432304,1445136,2023920
WIKI,APAN,full,11,11000,11999,1000,13199.0,dst,20,2,16,45343,32826,12517,32826,4021,4450,6,0,336928,464608,1575648,2176464
WIKI,APAN,full,12,12000,12999,1000,18207.0,dst,20,2,16,42130,28129,14001,28129,2940,3193,0,12,289404,431592,1350192,2022240
WIKI,APAN,full,13,13000,13999,1000,21806.0,dst,20,2,16,43227,30056,13171,30056,3350,3666,1,0,309020,443180,1442688,2074896
WIKI,APAN,full,14,14000,14999,1000,22114.0,dst,20,2,16,41788,31193,10595,31193,3642,3998,7,0,320512,428380,1497264,2005824
WIKI,APAN,full,15,15000,15999,1000,14910.0,dst,20,2,16,43090,32601,10489,32601,3888,4240,0,0,334880,441444,1564848,2068320
WIKI,APAN,full,16,16000,16999,1000,17653.0,dst,20,2,16,42819,31644,11175,31644,3594,3910,4,0,324576,439188,1518912,2055312
WIKI,APAN,full,17,17000,17999,1000,21682.0,dst,20,2,16,47309,34289,13020,34289,4071,4456,1,0,351832,484360,1645872,2270832
WIKI,APAN,full,18,18000,18999,1000,22259.0,dst,20,2,16,46160,34414,11746,34414,4306,4702,1,0,353012,472452,1651872,2215680
WIKI,APAN,full,19,19000,19999,1000,14991.0,dst,20,2,16,46018,34011,12007,34011,4237,4644,1,0,348940,471272,1632528,2208864
WIKI,APAN,full,20,20000,20999,1000,17387.0,dst,20,2,16,47701,35162,12539,35162,4443,4915,2,0,361144,488192,1687776,2289648
WIKI,APAN,full,21,21000,21999,1000,18981.0,dst,20,2,16,46613,33310,13303,33310,4204,4611,0,0,341960,477576,1598880,2237424
WIKI,APAN,full,22,22000,22999,1000,18667.0,dst,20,2,16,48306,35404,12902,35404,4526,4943,0,0,363180,494540,1699392,2318688
WIKI,APAN,full,23,23000,23999,1000,16438.0,dst,20,2,16,47945,37457,10488,37457,5131,5680,2,0,384308,491064,1797936,2301360
WIKI,APAN,full,24,24000,24999,1000,14898.0,dst,20,2,16,49344,37994,11350,37994,5188,5761,7,0,389660,505328,1823712,2368512
WIKI,APAN,full,25,25000,25999,1000,15610.0,dst,20,2,16,47451,34840,12611,34840,4396,4878,3,0,357472,486316,1672320,2277648
WIKI,APAN,full,26,26000,26999,1000,15547.0,dst,20,2,16,48924,34046,14878,34046,4160,4542,1,0,349600,501060,1634208,2348352
WIKI,APAN,full,27,27000,27999,1000,16264.0,dst,20,2,16,49132,35729,13403,35729,4489,4862,2,0,366728,503440,1714992,2358336
WIKI,APAN,full,28,28000,28999,1000,19773.0,dst,20,2,16,50142,36580,13562,36580,4789,5255,1,0,374916,513344,1755840,2406816
WIKI,APAN,full,29,29000,29999,1000,13245.0,dst,20,2,16,49027,36476,12551,36476,4717,5214,1,0,373932,502376,1750848,2353296
WIKI,APAN,full,30,30000,30999,1000,12902.0,dst,20,2,16,49397,37798,11599,37798,5145,5687,4,0,387980,505820,1814304,2371056
WIKI,APAN,full,31,31000,31999,1000,16887.0,dst,20,2,16,51387,40871,10516,40871,5884,6569,2,0,419080,526064,1961808,2466576
WIKI,APAN,full,32,32000,32999,1000,16552.0,dst,20,2,16,49289,36686,12603,36686,4827,5303,4,0,376404,504560,1760928,2365872
WIKI,APAN,full,33,33000,33999,1000,20310.0,dst,20,2,16,51221,36687,14534,36687,4967,5445,0,0,376072,524668,1760976,2458608
WIKI,APAN,full,34,34000,34999,1000,13788.0,dst,20,2,16,53173,40679,12494,40679,5926,6655,2,0,416848,544344,1952592,2552304
WIKI,APAN,full,35,35000,35999,1000,13475.0,dst,20,2,16,51111,40364,10747,40364,5689,6313,4,0,413568,523356,1937472,2453328
WIKI,APAN,full,36,36000,36999,1000,11200.0,dst,20,2,16,52605,40040,12565,40040,5889,6606,11,0,410376,538348,1921920,2525040
WIKI,APAN,full,37,37000,37999,1000,13420.0,dst,20,2,16,51950,37799,14151,37799,5122,5660,2,0,387316,532288,1814352,2493600
WIKI,APAN,full,38,38000,38999,1000,18435.0,dst,20,2,16,53271,39600,13671,39600,5558,6205,3,0,406108,545156,1900800,2557008
WIKI,APAN,full,39,39000,39999,1000,20580.0,dst,20,2,16,52681,40636,12045,40636,5834,6470,1,0,416920,539152,1950528,2528688
WIKI,APAN,full,40,40000,40999,1000,16167.0,dst,20,2,16,55315,42661,12654,42661,6613,7479,8,0,437060,566000,2047728,2655120
WIKI,APAN,full,41,41000,41999,1000,13929.0,dst,20,2,16,54466,41380,13086,41380,6186,6895,3,0,424056,557440,1986240,2614368
WIKI,APAN,full,42,42000,42999,1000,16537.0,dst,20,2,16,55219,39987,15232,39987,5675,6334,4,0,409860,565048,1919376,2650512
WIKI,APAN,full,43,43000,43999,1000,15720.0,dst,20,2,16,52845,36383,16462,36383,4764,5229,3,0,373508,540660,1746384,2536560
WIKI,APAN,full,44,44000,44999,1000,20714.0,dst,20,2,16,54764,37303,17461,37303,5091,5612,2,0,383016,560600,1790544,2628672
WIKI,APAN,full,45,45000,45999,1000,15818.0,dst,20,2,16,55277,41166,14111,41166,5954,6621,4,0,422340,565628,1975968,2653296
WIKI,APAN,full,46,46000,46999,1000,13330.0,dst,20,2,16,53809,43514,10295,43514,6870,7718,6,0,445592,550624,2088672,2582832
WIKI,APAN,full,47,47000,47999,1000,15012.0,dst,20,2,16,56911,43140,13771,43140,6579,7405,5,0,442172,582480,2070720,2731728
WIKI,APAN,full,48,48000,48999,1000,17848.0,dst,20,2,16,56100,43300,12800,43300,6655,7492,8,0,443752,573832,2078400,2692800
WIKI,APAN,full,49,49000,49999,1000,21473.0,dst,20,2,16,54033,39230,14803,39230,5397,5997,2,0,402332,553104,1883040,2593584
WIKI,APAN,full,50,50000,50999,1000,17778.0,dst,20,2,16,54989,41716,13273,41716,6220,6961,10,0,427808,562804,2002368,2639472
WIKI,APAN,full,51,51000,51999,1000,15132.0,dst,20,2,16,55904,43294,12610,43294,6764,7573,4,0,443572,571784,2078112,2683392
WIKI,APAN,full,52,52000,52999,1000,12873.0,dst,20,2,16,54693,42947,11746,42947,6566,7364,4,0,440300,559520,2061456,2625264
WIKI,APAN,full,53,53000,53999,1000,15934.0,dst,20,2,16,56694,42526,14168,42526,6452,7267,10,0,435516,580376,2041248,2721312
WIKI,APAN,full,54,54000,54999,1000,17419.0,dst,20,2,16,53675,41314,12361,41314,6280,7073,7,0,423564,549296,1983072,2576400
WIKI,APAN,full,55,55000,55999,1000,16095.0,dst,20,2,16,54381,38859,15522,38859,5415,6007,3,0,398364,556296,1865232,2610288
WIKI,APAN,full,56,56000,56999,1000,11869.0,dst,20,2,16,56039,42723,13316,42723,6423,7113,2,0,437656,573604,2050704,2689872
WIKI,APAN,full,57,57000,57999,1000,13850.0,dst,20,2,16,56322,43533,12789,43533,6693,7532,12,0,446200,576740,2089584,2703456
WIKI,APAN,full,58,58000,58999,1000,13069.0,dst,20,2,16,54802,43189,11613,43189,6611,7365,6,0,442724,560896,2073072,2630496
WIKI,APAN,full,59,59000,59999,1000,16525.0,dst,20,2,16,58645,42950,15695,42950,6521,7355,8,0,440400,599900,2061600,2814960
WIKI,APAN,full,60,60000,60999,1000,20049.0,dst,20,2,16,57204,40601,16603,40601,5943,6633,0,0,416096,584940,1948848,2745792
WIKI,APAN,full,61,61000,61999,1000,18493.0,dst,20,2,16,55767,40122,15645,40122,5776,6426,2,0,411656,570664,1925856,2676816
WIKI,APAN,full,62,62000,62999,1000,15783.0,dst,20,2,16,55221,42233,12988,42233,6450,7194,7,0,433092,565220,2027184,2650608
WIKI,APAN,full,63,63000,63999,1000,16082.0,dst,20,2,16,57686,42128,15558,42128,6188,6945,6,0,431500,590420,2022144,2768928
WIKI,APAN,full,64,64000,64999,1000,21634.0,dst,20,2,16,59286,43354,15932,43354,6584,7353,5,0,444304,606612,2080992,2845728
WIKI,APAN,full,65,65000,65999,1000,18270.0,dst,20,2,16,58184,40055,18129,40055,5799,6364,1,0,410628,595588,1922640,2792832
WIKI,APAN,full,66,66000,66999,1000,14069.0,dst,20,2,16,59790,42509,17281,42509,6407,7181,4,0,435640,611580,2040432,2869920
WIKI,APAN,full,67,67000,67999,1000,14767.0,dst,20,2,16,58860,45338,13522,45338,7239,8179,7,0,464388,602464,2176224,2825280
WIKI,APAN,full,68,68000,68999,1000,12182.0,dst,20,2,16,56484,43928,12556,43928,6698,7499,4,0,449564,578180,2108544,2711232
WIKI,APAN,full,69,69000,69999,1000,12836.0,dst,20,2,16,59652,43047,16605,43047,6530,7320,4,0,440904,610492,2066256,2863296
WIKI,APAN,full,70,70000,70999,1000,15862.0,dst,20,2,16,59469,43403,16066,43403,6825,7678,1,0,444728,608572,2083344,2854512
WIKI,APAN,full,71,71000,71999,1000,20612.0,dst,20,2,16,59829,45212,14617,45212,7288,8217,6,0,463280,612140,2170176,2871792
WIKI,APAN,full,72,72000,72999,1000,16115.0,dst,20,2,16,62130,49035,13095,49035,8562,9741,8,0,502168,635212,2353680,2982240
WIKI,APAN,full,73,73000,73999,1000,14981.0,dst,20,2,16,62304,49600,12704,49600,8567,9713,11,0,507832,637500,2380800,2990592
WIKI,APAN,full,74,74000,74999,1000,15405.0,dst,20,2,16,59507,46181,13326,46181,7591,8607,9,0,472612,608652,2216688,2856336
WIKI,APAN,full,75,75000,75999,1000,16095.0,dst,20,2,16,58307,43294,15013,43294,6708,7527,4,0,443628,596608,2078112,2798736
WIKI,APAN,full,76,76000,76999,1000,19135.0,dst,20,2,16,59708,40632,19076,40632,6029,6692,1,0,416336,610916,1950336,2865984
WIKI,APAN,full,77,77000,77999,1000,12827.0,dst,20,2,16,58001,44082,13919,44082,6830,7663,8,0,451988,593256,2115936,2784048
WIKI,APAN,full,78,78000,78999,1000,11597.0,dst,20,2,16,56666,45736,10930,45736,7463,8446,10,0,468588,580388,2195328,2719968
WIKI,APAN,full,79,79000,79999,1000,13148.0,dst,20,2,16,57247,43910,13337,43910,6736,7568,8,0,449528,585912,2107680,2747856
WIKI,APAN,full,80,80000,80999,1000,12427.0,dst,20,2,16,57012,43535,13477,43535,6754,7631,4,0,446236,583440,2089680,2736576
WIKI,APAN,full,81,81000,81999,1000,20999.0,dst,20,2,16,60906,44005,16901,44005,6954,7814,4,0,451028,622996,2112240,2923488
WIKI,APAN,full,82,82000,82999,1000,17371.0,dst,20,2,16,59803,44657,15146,44657,7118,8025,5,0,457604,612060,2143536,2870544
WIKI,APAN,full,83,83000,83999,1000,14897.0,dst,20,2,16,57840,44643,13197,44643,6929,7814,5,0,457616,591436,2142864,2776320
WIKI,APAN,full,84,84000,84999,1000,11571.0,dst,20,2,16,57776,46043,11733,46043,7468,8502,11,0,471800,591436,2210064,2773248
WIKI,APAN,full,85,85000,85999,1000,9249.0,dst,20,2,16,55861,43745,12116,43745,6793,7660,6,0,448168,571592,2099760,2681328
WIKI,APAN,full,86,86000,86999,1000,12052.0,dst,20,2,16,56873,41417,15456,41417,6176,6848,2,0,424296,581920,1988016,2729904
WIKI,APAN,full,87,87000,87999,1000,14240.0,dst,20,2,16,56812,42049,14763,42049,6199,6903,6,0,431124,580948,2018352,2726976
WIKI,APAN,full,88,88000,88999,1000,13387.0,dst,20,2,16,57482,42610,14872,42610,6575,7390,7,0,436764,588060,2045280,2759136
WIKI,APAN,full,89,89000,89999,1000,18996.0,dst,20,2,16,59208,45804,13404,45804,7622,8610,4,0,469248,605828,2198592,2841984
WIKI,APAN,full,90,90000,90999,1000,12967.0,dst,20,2,16,55979,42946,13033,42946,6597,7416,7,0,440024,572952,2061408,2686992
WIKI,APAN,full,91,91000,91999,1000,14576.0,dst,20,2,16,58484,44524,13960,44524,7070,7984,2,0,455992,598448,2137152,2807232
WIKI,APAN,full,92,92000,92999,1000,16472.0,dst,20,2,16,65331,47575,17756,47575,7957,8947,6,0,487140,668396,2283600,3135888
WIKI,APAN,full,93,93000,93999,1000,14219.0,dst,20,2,16,58948,44387,14561,44387,6948,7836,8,0,454688,603196,2130576,2829504
WIKI,APAN,full,94,94000,94999,1000,20499.0,dst,20,2,16,59114,43425,15689,43425,6736,7500,8,0,444816,604636,2084400,2837472
WIKI,APAN,full,95,95000,95999,1000,17556.0,dst,20,2,16,59350,44720,14630,44720,7023,7944,6,0,457972,607084,2146560,2848800
WIKI,APAN,full,96,96000,96999,1000,13668.0,dst,20,2,16,60437,49274,11163,49274,8653,9862,16,0,504800,618320,2365152,2900976
WIKI,APAN,full,97,97000,97999,1000,15657.0,dst,20,2,16,58768,47883,10885,47883,8174,9363,15,0,490788,601056,2298384,2820864
WIKI,APAN,full,98,98000,98999,1000,17250.0,dst,20,2,16,60854,44988,15866,44988,7168,8086,10,0,460612,622504,2159424,2920992
WIKI,APAN,full,99,99000,99999,1000,17359.0,dst,20,2,16,61529,46089,15440,46089,7579,8464,8,0,472076,629092,2212272,2953392
WIKI,APAN,full,100,100000,100999,1000,17308.0,dst,20,2,16,61159,47581,13578,47581,7938,8933,7,0,487244,625272,2283888,2935632
WIKI,APAN,full,101,101000,101999,1000,14844.0,dst,20,2,16,58852,45851,13001,45851,7359,8307,8,0,469788,602224,2200848,2824896
WIKI,APAN,full,102,102000,102999,1000,15133.0,dst,20,2,16,61376,47027,14349,47027,7786,8837,6,0,481444,627960,2257296,2946048
WIKI,APAN,full,103,103000,103999,1000,20506.0,dst,20,2,16,63697,47999,15698,47999,8049,9187,10,0,491624,651420,2303952,3057456
WIKI,APAN,full,104,104000,104999,1000,19495.0,dst,20,2,16,60511,43562,16949,43562,6721,7519,4,0,446132,619116,2090976,2904528
WIKI,APAN,full,105,105000,105999,1000,18061.0,dst,20,2,16,61563,47828,13735,47828,7923,9052,17,0,489840,629940,2295744,2955024
WIKI,APAN,full,106,106000,106999,1000,14985.0,dst,20,2,16,59550,45559,13991,45559,7366,8276,10,0,466732,608892,2186832,2858400
WIKI,APAN,full,107,107000,107999,1000,17437.0,dst,20,2,16,61326,47033,14293,47033,7759,8793,7,0,481384,627376,2257584,2943648
WIKI,APAN,full,108,108000,108999,1000,16181.0,dst,20,2,16,58533,43406,15127,43406,6862,7781,4,0,444760,598792,2083488,2809584
WIKI,APAN,full,109,109000,109999,1000,20631.0,dst,20,2,16,62234,45219,17015,45219,7126,8014,3,0,463072,636768,2170512,2987232
WIKI,APAN,full,110,110000,110999,1000,17610.0,dst,20,2,16,61073,46250,14823,46250,7667,8682,14,0,474032,624812,2220000,2931504
WIKI,APAN,full,111,111000,111999,1000,13955.0,dst,20,2,16,60455,47613,12842,47613,8014,9119,5,0,487768,618420,2285424,2901840
WIKI,APAN,full,112,112000,112999,1000,11984.0,dst,20,2,16,56123,42978,13145,42978,6616,7440,4,0,440356,574244,2062944,2693904
WIKI,APAN,full,113,113000,113999,1000,13673.0,dst,20,2,16,59916,43921,15995,43921,6788,7625,6,0,449804,612632,2108208,2875968
WIKI,APAN,full,114,114000,114999,1000,17211.0,dst,20,2,16,62002,44738,17264,44738,7146,8057,8,0,458244,634136,2147424,2976096
WIKI,APAN,full,115,115000,115999,1000,18411.0,dst,20,2,16,62356,46468,15888,46468,7417,8370,7,0,475848,637568,2230464,2993088
WIKI,APAN,full,116,116000,116999,1000,13585.0,dst,20,2,16,61321,46122,15199,46122,7478,8499,8,0,472600,627388,2213856,2943408
WIKI,APAN,full,117,117000,117999,1000,10105.0,dst,20,2,16,57158,45139,12019,45139,7214,8126,4,0,462364,584940,2166672,2743584
WIKI,APAN,full,118,118000,118999,1000,12118.0,dst,20,2,16,57770,45686,12084,45686,7367,8373,13,0,468048,590920,2192928,2772960
WIKI,APAN,full,119,119000,119999,1000,13803.0,dst,20,2,16,55506,43041,12465,43041,6721,7596,14,0,440996,567840,2065968,2664288
WIKI,APAN,full,120,120000,120999,1000,18216.0,dst,20,2,16,59362,42424,16938,42424,6252,6963,5,0,434760,607380,2036352,2849376
WIKI,APAN,full,121,121000,121999,1000,19773.0,dst,20,2,16,60568,42807,17761,42807,6474,7218,1,0,438124,619748,2054736,2907264
WIKI,APAN,full,122,122000,122999,1000,14260.0,dst,20,2,16,61040,46017,15023,46017,7378,8259,4,0,471284,624404,2208816,2929920
WIKI,APAN,full,123,123000,123999,1000,13437.0,dst,20,2,16,62180,49876,12304,49876,8795,10087,13,0,510716,636128,2394048,2984640
WIKI,APAN,full,124,124000,124999,1000,12963.0,dst,20,2,16,64279,49008,15271,49008,8232,9388,12,0,501804,657368,2352384,3085392
WIKI,APAN,full,125,125000,125999,1000,12948.0,dst,20,2,16,65164,47117,18047,47117,7961,8975,6,0,482748,666612,2261616,3127872
WIKI,APAN,full,126,126000,126999,1000,19156.0,dst,20,2,16,62258,44293,17965,44293,6845,7654,1,0,453680,636836,2126064,2988384
WIKI,APAN,full,127,127000,127999,1000,16845.0,dst,20,2,16,60399,45849,14550,45849,7359,8268,4,0,469696,618008,2200752,2899152
WIKI,APAN,full,128,128000,128999,1000,12792.0,dst,20,2,16,60225,46347,13878,46347,7601,8651,6,0,474728,615984,2224656,2890800
WIKI,APAN,full,129,129000,129999,1000,13103.0,dst,20,2,16,60320,46138,14182,46138,7550,8535,9,0,472728,617200,2214624,2895360
WIKI,APAN,full,130,130000,130999,1000,13457.0,dst,20,2,16,59818,43858,15960,43858,6769,7639,4,0,449440,612012,2105184,2871264
WIKI,APAN,full,131,131000,131999,1000,15006.0,dst,20,2,16,60686,44648,16038,44648,7117,8047,8,0,457572,620800,2143104,2912928
WIKI,APAN,full,132,132000,132999,1000,21632.0,dst,20,2,16,60970,43475,17495,43475,6844,7628,1,0,445400,623592,2086800,2926560
WIKI,APAN,full,133,133000,133999,1000,15186.0,dst,20,2,16,60312,47000,13312,47000,7708,8644,6,0,481568,616968,2256000,2894976
WIKI,APAN,full,134,134000,134999,1000,13747.0,dst,20,2,16,61144,47195,13949,47195,7659,8671,9,0,483148,625284,2265360,2934912
WIKI,APAN,full,135,135000,135999,1000,15642.0,dst,20,2,16,61797,49082,12715,49082,8393,9544,7,0,502316,632260,2355936,2966256
WIKI,APAN,full,136,136000,136999,1000,13950.0,dst,20,2,16,62421,42043,20378,42043,6204,6888,4,0,430656,638356,2018064,2996208
WIKI,APAN,full,137,137000,137999,1000,16666.0,dst,20,2,16,59209,39045,20164,39045,5863,6556,2,24,400676,605588,1874160,2842032
WIKI,APAN,full,138,138000,138999,1000,22106.0,dst,20,2,16,62711,46319,16392,46319,7371,8277,3,0,474408,641400,2223312,3010128
WIKI,APAN,full,139,139000,139999,1000,14721.0,dst,20,2,16,61137,47768,13369,47768,8096,9182,7,0,489344,625488,2292864,2934576
WIKI,APAN,full,140,140000,140999,1000,13641.0,dst,20,2,16,63104,49088,14016,49088,8453,9649,10,0,502824,645496,2356224,3028992
WIKI,APAN,full,141,141000,141999,1000,15789.0,dst,20,2,16,61255,45423,15832,45423,7456,8418,14,0,465384,626900,2180304,2940240
WIKI,APAN,full,142,142000,142999,1000,25532.0,dst,20,2,16,63614,45591,18023,45591,7399,8343,10,0,466860,650324,2188368,3053472
WIKI,APAN,full,143,143000,143999,1000,21448.0,dst,20,2,16,61565,45063,16502,45063,7249,8136,1,0,462112,629628,2163024,2955120
WIKI,APAN,full,144,144000,144999,1000,20127.0,dst,20,2,16,62875,46722,16153,46722,7600,8565,6,0,478868,642852,2242656,3018000
WIKI,APAN,full,145,145000,145999,1000,19489.0,dst,20,2,16,62400,47568,14832,47568,7768,8750,8,0,487184,638188,2283264,2995200
WIKI,APAN,full,146,146000,146999,1000,21970.0,dst,20,2,16,62640,45678,16962,45678,7380,8351,6,0,467776,640644,2192544,3006720
WIKI,APAN,full,147,147000,147999,1000,21156.0,dst,20,2,16,62412,47125,15287,47125,7784,8816,9,0,482588,638184,2262000,2995776
WIKI,APAN,full,148,148000,148999,1000,14927.0,dst,20,2,16,66395,50077,16318,50077,8722,9992,10,0,512992,678976,2403696,3186960
WIKI,APAN,full,149,149000,149999,1000,19385.0,dst,20,2,16,64178,50103,14075,50103,8567,9722,7,0,513036,656560,2404944,3080544
WIKI,APAN,full,150,150000,150999,1000,25331.0,dst,20,2,16,63888,46562,17326,46562,7733,8811,8,0,477176,653364,2234976,3066624
WIKI,APAN,full,151,151000,151999,1000,22692.0,dst,20,2,16,62541,43615,18926,43615,6792,7662,10,0,447152,639536,2093520,3001968
WIKI,APAN,full,152,152000,152999,1000,16513.0,dst,20,2,16,62542,47576,14966,47576,7915,8996,8,0,487208,639604,2283648,3002016
WIKI,APAN,full,153,153000,153999,1000,20404.0,dst,20,2,16,62621,47649,14972,47649,8057,9144,9,0,488308,640544,2287152,3005808
WIKI,APAN,full,154,154000,154999,1000,31216.0,dst,20,2,16,64904,46108,18796,46108,7643,8701,10,0,472428,663808,2213184,3115392
WIKI,APAN,full,155,155000,155999,1000,21949.0,dst,20,2,16,66230,44385,21845,44385,6977,7834,7,0,454952,677684,2130480,3179040
WIKI,APAN,full,156,156000,156999,1000,18090.0,dst,20,2,16,66079,51163,14916,51163,9136,10467,14,0,523548,675592,2455824,3171792
MOOC,JODIE,full,0,0,999,1000,71233.0,dst,0,0,16,5,5,0,5,0,0,0,0,184,184,240,240
MOOC,JODIE,full,1,1000,1999,1000,4193.0,dst,0,0,16,0,0,0,0,0,0,0,0,0,0,0,0
MOOC,JODIE,full,2,2000,2999,1000,4374.0,dst,0,0,16,0,0,0,0,0,0,0,0,0,0,0,0
MOOC,JODIE,full,3,3000,3999,1000,3582.0,dst,0,0,16,0,0,0,0,0,0,0,0,0,0,0,0
MOOC,JODIE,full,4,4000,4999,1000,3130.0,dst,0,0,16,0,0,0,0,0,0,0,0,0,0,0,0
MOOC,JODIE,full,5,5000,5999,1000,3547.0,dst,0,0,16,0,0,0,0,0,0,0,0,0,0,0,0
MOOC,JODIE,full,6,6000,6999,1000,3642.0,dst,0,0,16,0,0,0,0,0,0,0,0,0,0,0,0
MOOC,JODIE,full,7,7000,7999,1000,3052.0,dst,0,0,16,0,0,0,0,0,0,0,0,0,0,0,0
MOOC,JODIE,full,8,8000,8999,1000,3438.0,dst,0,0,16,0,0,0,0,0,0,0,0,0,0,0,0
MOOC,JODIE,full,9,9000,9999,1000,4923.0,dst,0,0,16,0,0,0,0,0,0,0,0,0,0,0,0
MOOC,JODIE,full,10,10000,10999,1000,3384.0,dst,0,0,16,0,0,0,0,0,0,0,0,0,0,0,0
MOOC,JODIE,full,11,11000,11999,1000,2278.0,dst,0,0,16,16,16,0,16,0,0,0,0,1104,1104,768,768
MOOC,JODIE,full,12,12000,12999,1000,2172.0,dst,0,0,16,45,45,0,45,0,0,0,0,3128,3128,2160,2160
MOOC,JODIE,full,13,13000,13999,1000,1938.0,dst,0,0,16,58,58,0,58,0,0,0,0,3404,3404,2784,2784
MOOC,JODIE,full,14,14000,14999,1000,1468.0,dst,0,0,16,61,61,0,61,0,0,0,0,3496,3496,2928,2928
MOOC,JODIE,full,15,15000,15999,1000,1379.0,dst,0,0,16,87,87,0,87,0,0,0,0,4324,4324,4176,4176
MOOC,JODIE,full,16,16000,16999,1000,1753.0,dst,0,0,16,59,59,0,59,0,0,0,0,3220,3220,2832,2832
MOOC,JODIE,full,17,17000,17999,1000,2354.0,dst,0,0,16,97,97,0,97,0,0,0,0,4508,4508,4656,4656
MOOC,JODIE,full,18,18000,18999,1000,3834.0,dst,0,0,16,95,95,0,95,0,0,0,0,4692,4692,4560,4560
MOOC,JODIE,full,19,19000,19999,1000,32442.0,dst,0,0,16,124,124,0,124,0,0,0,0,4876,4876,5952,5952
MOOC,JODIE,full,20,20000,20999,1000,4852.0,dst,0,0,16,102,102,0,102,0,0,0,0,4784,4784,4896,4896
MOOC,JODIE,full,21,21000,21999,1000,4824.0,dst,0,0,16,129,129,0,129,0,0,0,0,5060,5060,6192,6192
MOOC,JODIE,full,22,22000,22999,1000,5713.0,dst,0,0,16,103,103,0,103,0,0,0,0,4232,4232,4944,4944
MOOC,JODIE,full,23,23000,23999,1000,4640.0,dst,0,0,16,103,103,0,103,0,0,0,0,4600,4600,4944,4944
MOOC,JODIE,full,24,24000,24999,1000,3824.0,dst,0,0,16,106,106,0,106,0,0,0,0,4876,4876,5088,5088
MOOC,JODIE,full,25,25000,25999,1000,3786.0,dst,0,0,16,104,104,0,104,0,0,0,0,4784,4784,4992,4992
MOOC,JODIE,full,26,26000,26999,1000,4548.0,dst,0,0,16,104,104,0,104,0,0,0,0,4600,4600,4992,4992
MOOC,JODIE,full,27,27000,27999,1000,3704.0,dst,0,0,16,92,92,0,92,0,0,0,0,4508,4508,4416,4416
MOOC,JODIE,full,28,28000,28999,1000,2713.0,dst,0,0,16,85,85,0,85,0,0,0,0,4508,4508,4080,4080
MOOC,JODIE,full,29,29000,29999,1000,2522.0,dst,0,0,16,98,98,0,98,0,0,0,0,4692,4692,4704,4704
MOOC,JODIE,full,30,30000,30999,1000,2523.0,dst,0,0,16,97,97,0,97,0,0,0,0,4324,4324,4656,4656
MOOC,JODIE,full,31,31000,31999,1000,2517.0,dst,0,0,16,81,81,0,81,0,0,0,0,4140,4140,3888,3888
MOOC,JODIE,full,32,32000,32999,1000,2517.0,dst,0,0,16,88,88,0,88,0,0,0,0,4508,4508,4224,4224
MOOC,JODIE,full,33,33000,33999,1000,3911.0,dst,0,0,16,96,96,0,96,0,0,0,0,4140,4140,4608,4608
MOOC,JODIE,full,34,34000,34999,1000,31952.0,dst,0,0,16,90,90,0,90,0,0,0,0,4324,4324,4320,4320
MOOC,JODIE,full,35,35000,35999,1000,5227.0,dst,0,0,16,106,106,0,106,0,0,0,0,4876,4876,5088,5088
MOOC,JODIE,full,36,36000,36999,1000,3518.0,dst,0,0,16,105,105,0,105,0,0,0,0,4876,4876,5040,5040
MOOC,JODIE,full,37,37000,37999,1000,6688.0,dst,0,0,16,92,92,0,92,0,0,0,0,4692,4692,4416,4416
MOOC,JODIE,full,38,38000,38999,1000,4904.0,dst,0,0,16,92,92,0,92,0,0,0,0,4600,4600,4416,4416
MOOC,JODIE,full,39,39000,39999,1000,4581.0,dst,0,0,16,126,126,0,126,0,0,0,0,4968,4968,6048,6048
MOOC,JODIE,full,40,40000,40999,1000,4540.0,dst,0,0,16,89,89,0,89,0,0,0,0,4784,4784,4272,4272
MOOC,JODIE,full,41,41000,41999,1000,6342.0,dst,0,0,16,113,113,0,113,0,0,0,0,5060,5060,5424,5424
MOOC,JODIE,full,42,42000,42999,1000,4243.0,dst,0,0,16,111,111,0,111,0,0,0,0,4508,4508,5328,5328
MOOC,JODIE,full,43,43000,43999,1000,2863.0,dst,0,0,16,95,95,0,95,0,0,0,0,4140,4140,4560,4560
MOOC,JODIE,full,44,44000,44999,1000,2744.0,dst,0,0,16,105,105,0,105,0,0,0,0,4968,4968,5040,5040
MOOC,JODIE,full,45,45000,45999,1000,2447.0,dst,0,0,16,106,106,0,106,0,0,0,0,4416,4416,5088,5088
MOOC,JODIE,full,46,46000,46999,1000,3173.0,dst,0,0,16,102,102,0,102,0,0,0,0,4508,4508,4896,4896
MOOC,JODIE,full,47,47000,47999,1000,33225.0,dst,0,0,16,107,107,0,107,0,0,0,0,4968,4968,5136,5136
MOOC,JODIE,full,48,48000,48999,1000,8130.0,dst,0,0,16,102,102,0,102,0,0,0,0,4692,4692,4896,4896
MOOC,JODIE,full,49,49000,49999,1000,5715.0,dst,0,0,16,131,131,0,131,0,0,0,0,4876,4876,6288,6288
MOOC,JODIE,full,50,50000,50999,1000,6444.0,dst,0,0,16,93,93,0,93,1,1,0,0,4600,4600,4464,4464
MOOC,JODIE,full,51,51000,51999,1000,6371.0,dst,0,0,16,117,117,0,117,0,0,0,0,4968,4968,5616,5616
MOOC,JODIE,full,52,52000,52999,1000,5538.0,dst,0,0,16,125,125,0,125,0,0,0,0,4784,4784,6000,6000
MOOC,JODIE,full,53,53000,53999,1000,7605.0,dst,0,0,16,96,96,0,96,0,0,0,0,4784,4784,4608,4608
MOOC,JODIE,full,54,54000,54999,1000,3581.0,dst,0,0,16,100,100,0,100,0,0,0,0,4600,4600,4800,4800
MOOC,JODIE,full,55,55000,55999,1000,2729.0,dst,0,0,16,88,88,0,88,0,0,0,0,4232,4232,4224,4224
MOOC,JODIE,full,56,56000,56999,1000,2774.0,dst,0,0,16,113,113,0,113,0,0,0,0,4692,4692,5424,5424
MOOC,JODIE,full,57,57000,57999,1000,2794.0,dst,0,0,16,110,110,0,110,0,0,0,0,4692,4692,5280,5280
MOOC,JODIE,full,58,58000,58999,1000,8573.0,dst,0,0,16,107,107,0,107,0,0,0,0,4692,4692,5136,5136
MOOC,JODIE,full,59,59000,59999,1000,31303.0,dst,0,0,16,125,125,0,125,0,0,0,0,4968,4968,6000,6000
MOOC,JODIE,full,60,60000,60999,1000,5644.0,dst,0,0,16,161,161,0,161,0,0,0,0,5428,5428,7728,7728
MOOC,JODIE,full,61,61000,61999,1000,8371.0,dst,0,0,16,171,171,0,171,0,0,0,0,5612,5612,8208,8208
MOOC,JODIE,full,62,62000,62999,1000,7316.0,dst,0,0,16,170,170,0,170,0,0,0,0,5428,5428,8160,8160
MOOC,JODIE,full,63,63000,63999,1000,7772.0,dst,0,0,16,173,173,0,173,0,0,0,0,5704,5704,8304,8304
MOOC,JODIE,full,64,64000,64999,1000,7654.0,dst,0,0,16,154,154,0,154,0,0,0,0,5692,5692,7392,7392
MOOC,JODIE,full,65,65000,65999,1000,4089.0,dst,0,0,16,194,194,0,194,0,0,0,0,5704,5704,9312,9312
MOOC,JODIE,full,66,66000,66999,1000,3566.0,dst,0,0,16,166,166,0,166,0,0,0,0,5612,5612,7968,7968
MOOC,JODIE,full,67,67000,67999,1000,4653.0,dst,0,0,16,194,194,0,194,0,0,0,0,5612,5612,9312,9312
MOOC,JODIE,full,68,68000,68999,1000,35809.0,dst,0,0,16,184,184,0,184,0,0,0,0,5704,5704,8832,8832
MOOC,JODIE,full,69,69000,69999,1000,9851.0,dst,0,0,16,191,191,0,191,0,0,0,0,5520,5520,9168,9168
MOOC,JODIE,full,70,70000,70999,1000,11515.0,dst,0,0,16,162,162,0,162,0,0,0,0,5336,5336,7776,7776
MOOC,JODIE,full,71,71000,71999,1000,8924.0,dst,0,0,16,162,162,0,162,0,0,0,0,5520,5520,7776,7776
MOOC,JODIE,full,72,72000,72999,1000,7654.0,dst,0,0,16,184,184,0,184,0,0,0,0,5428,5428,8832,8832
MOOC,JODIE,full,73,73000,73999,1000,3703.0,dst,0,0,16,184,184,0,184,1,1,0,0,5428,5428,8832,8832
MOOC,JODIE,full,74,74000,74999,1000,4327.0,dst,0,0,16,214,214,0,214,0,0,0,0,5796,5796,10272,10272
MOOC,JODIE,full,75,75000,75999,1000,13219.0,dst,0,0,16,205,205,0,205,3,3,0,0,5796,5796,9840,9840
MOOC,JODIE,full,76,76000,76999,1000,32459.0,dst,0,0,16,173,173,0,173,1,1,0,0,5428,5428,8304,8304
MOOC,JODIE,full,77,77000,77999,1000,13521.0,dst,0,0,16,210,210,0,210,0,0,0,0,5796,5796,10080,10080
MOOC,JODIE,full,78,78000,78999,1000,9376.0,dst,0,0,16,196,196,0,196,0,0,0,0,5612,5612,9408,9408
MOOC,JODIE,full,79,79000,79999,1000,11308.0,dst,0,0,16,204,204,0,204,0,0,0,0,5704,5704,9792,9792
MOOC,JODIE,full,80,80000,80999,1000,5045.0,dst,0,0,16,207,207,0,207,0,0,0,0,5784,5784,9936,9936
MOOC,JODIE,full,81,81000,81999,1000,5128.0,dst,0,0,16,190,190,0,190,0,0,0,0,5336,5336,9120,9120
MOOC,JODIE,full,82,82000,82999,1000,36169.0,dst,0,0,16,170,170,0,170,0,0,0,0,5612,5612,8160,8160
MOOC,JODIE,full,83,83000,83999,1000,5358.0,dst,0,0,16,204,204,0,204,0,0,0,0,5796,5796,9792,9792
MOOC,JODIE,full,84,84000,84999,1000,4390.0,dst,0,0,16,190,190,0,190,0,0,0,0,5704,5704,9120,9120
MOOC,JODIE,full,85,85000,85999,1000,5319.0,dst,0,0,16,196,196,0,196,0,0,0,0,5796,5796,9408,9408
MOOC,JODIE,full,86,86000,86999,1000,4924.0,dst,0,0,16,208,208,0,208,0,0,0,0,5612,5612,9984,9984
MOOC,JODIE,full,87,87000,87999,1000,4282.0,dst,0,0,16,205,205,0,205,0,0,0,0,5612,5612,9840,9840
MOOC,JODIE,full,88,88000,88999,1000,4335.0,dst,0,0,16,248,248,0,248,0,0,0,0,5796,5796,11904,11904
MOOC,JODIE,full,89,89000,89999,1000,6562.0,dst,0,0,16,202,202,0,202,1,1,0,0,5796,5796,9696,9696
MOOC,JODIE,full,90,90000,90999,1000,4550.0,dst,0,0,16,192,192,0,192,0,0,0,0,5612,5612,9216,9216
MOOC,JODIE,full,91,91000,91999,1000,2057.0,dst,0,0,16,181,181,0,181,0,0,0,0,5612,5612,8688,8688
MOOC,JODIE,full,92,92000,92999,1000,1950.0,dst,0,0,16,170,170,0,170,0,0,0,0,5520,5520,8160,8160
MOOC,JODIE,full,93,93000,93999,1000,2495.0,dst,0,0,16,192,192,0,192,0,0,0,0,5520,5520,9216,9216
MOOC,JODIE,full,94,94000,94999,1000,2555.0,dst,0,0,16,188,188,0,188,0,0,0,0,5704,5704,9024,9024
MOOC,JODIE,full,95,95000,95999,1000,3505.0,dst,0,0,16,216,216,0,216,0,0,0,0,5704,5704,10368,10368
MOOC,JODIE,full,96,96000,96999,1000,27905.0,dst,0,0,16,221,221,0,221,1,1,0,0,5612,5612,10608,10608
MOOC,JODIE,full,97,97000,97999,1000,6628.0,dst,0,0,16,178,178,0,178,0,0,0,0,5428,5428,8544,8544
MOOC,JODIE,full,98,98000,98999,1000,3932.0,dst,0,0,16,232,232,0,232,0,0,0,0,5796,5796,11136,11136
MOOC,JODIE,full,99,99000,99999,1000,3516.0,dst,0,0,16,220,220,0,220,0,0,0,0,5796,5796,10560,10560
MOOC,JODIE,full,100,100000,100999,1000,4370.0,dst,0,0,16,222,222,0,222,0,0,0,0,5796,5796,10656,10656
MOOC,JODIE,full,101,101000,101999,1000,4918.0,dst,0,0,16,213,213,0,213,0,0,0,0,5612,5612,10224,10224
MOOC,JODIE,full,102,102000,102999,1000,4603.0,dst,0,0,16,208,208,0,208,0,0,0,0,5704,5704,9984,9984
MOOC,JODIE,full,103,103000,103999,1000,3611.0,dst,0,0,16,196,196,0,196,0,0,0,0,5704,5704,9408,9408
MOOC,JODIE,full,104,104000,104999,1000,3275.0,dst,0,0,16,212,212,0,212,0,0,0,0,5796,5796,10176,10176
MOOC,JODIE,full,105,105000,105999,1000,5472.0,dst,0,0,16,252,252,0,252,0,0,0,0,5796,5796,12096,12096
MOOC,JODIE,full,106,106000,106999,1000,4277.0,dst,0,0,16,291,291,0,291,1,1,0,0,5796,5796,13968,13968
MOOC,JODIE,full,107,107000,107999,1000,3354.0,dst,0,0,16,268,268,0,268,0,0,0,0,5784,5784,12864,12864
MOOC,JODIE,full,108,108000,108999,1000,2968.0,dst,0,0,16,341,341,0,341,0,0,0,0,6276,6276,16368,16368
MOOC,JODIE,full,109,109000,109999,1000,3542.0,dst,0,0,16,319,319,0,319,0,0,0,0,6036,6036,15312,15312
MOOC,JODIE,full,110,110000,110999,1000,4071.0,dst,0,0,16,307,307,0,307,0,0,0,0,6196,6196,14736,14736
MOOC,JODIE,full,111,111000,111999,1000,30102.0,dst,0,0,16,331,331,0,331,0,0,0,0,6276,6276,15888,15888
MOOC,JODIE,full,112,112000,112999,1000,5576.0,dst,0,0,16,294,294,0,294,0,0,0,0,5784,5784,14112,14112
MOOC,JODIE,full,113,113000,113999,1000,3518.0,dst,0,0,16,305,305,0,305,0,0,0,0,5956,5956,14640,14640
MOOC,JODIE,full,114,114000,114999,1000,4476.0,dst,0,0,16,312,312,0,312,0,0,0,0,5956,5956,14976,14976
MOOC,JODIE,full,115,115000,115999,1000,4606.0,dst,0,0,16,301,301,0,301,0,0,0,0,6104,6104,14448,14448
MOOC,JODIE,full,116,116000,116999,1000,4304.0,dst,0,0,16,302,302,0,302,0,0,0,0,5956,5956,14496,14496
MOOC,JODIE,full,117,117000,117999,1000,5085.0,dst,0,0,16,296,296,0,296,0,0,0,0,5876,5876,14208,14208
MOOC,JODIE,full,118,118000,118999,1000,3973.0,dst,0,0,16,299,299,0,299,0,0,0,0,6036,6036,14352,14352
MOOC,JODIE,full,119,119000,119999,1000,4755.0,dst,0,0,16,352,352,0,352,0,0,0,0,6676,6676,16896,16896
MOOC,JODIE,full,120,120000,120999,1000,5006.0,dst,0,0,16,319,319,0,319,0,0,0,0,6104,6104,15312,15312
MOOC,JODIE,full,121,121000,121999,1000,3026.0,dst,0,0,16,310,310,0,310,1,1,0,0,6116,6116,14880,14880
MOOC,JODIE,full,122,122000,122999,1000,2701.0,dst,0,0,16,335,335,0,335,1,1,0,0,6116,6116,16080,16080
MOOC,JODIE,full,123,123000,123999,1000,2607.0,dst,0,0,16,307,307,0,307,0,0,0,0,5784,5784,14736,14736
MOOC,JODIE,full,124,124000,124999,1000,3062.0,dst,0,0,16,309,309,0,309,0,0,0,0,6116,6116,14832,14832
MOOC,JODIE,full,125,125000,125999,1000,12910.0,dst,0,0,16,309,309,0,309,0,0,0,0,5784,5784,14832,14832
MOOC,JODIE,full,126,126000,126999,1000,25758.0,dst,0,0,16,267,267,0,267,0,0,0,0,5704,5704,12816,12816
MOOC,JODIE,full,127,127000,127999,1000,4868.0,dst,0,0,16,312,312,0,312,0,0,0,0,5796,5796,14976,14976
MOOC,JODIE,full,128,128000,128999,1000,5237.0,dst,0,0,16,278,278,0,278,0,0,0,0,6036,6036,13344,13344
MOOC,JODIE,full,129,129000,129999,1000,5478.0,dst,0,0,16,277,277,0,277,0,0,0,0,5796,5796,13296,13296
MOOC,JODIE,full,130,130000,130999,1000,4235.0,dst,0,0,16,309,309,0,309,0,0,0,0,6276,6276,14832,14832
MOOC,JODIE,full,131,131000,131999,1000,4209.0,dst,0,0,16,331,331,0,331,0,0,0,0,6036,6036,15888,15888
MOOC,JODIE,full,132,132000,132999,1000,5215.0,dst,0,0,16,361,361,0,361,0,0,0,0,6116,6116,17328,17328
MOOC,JODIE,full,133,133000,133999,1000,5634.0,dst,0,0,16,341,341,0,341,0,0,0,0,5932,5932,16368,16368
MOOC,JODIE,full,134,134000,134999,1000,3274.0,dst,0,0,16,367,367,0,367,0,0,0,0,6196,6196,17616,17616
MOOC,JODIE,full,135,135000,135999,1000,2094.0,dst,0,0,16,351,351,0,351,1,1,0,0,6356,6356,16848,16848
MOOC,JODIE,full,136,136000,136999,1000,2411.0,dst,0,0,16,391,391,0,391,1,1,0,0,6436,6436,18768,18768
MOOC,JODIE,full,137,137000,137999,1000,2516.0,dst,0,0,16,350,350,0,350,0,0,0,0,6196,6196,16800,16800
MOOC,JODIE,full,138,138000,138999,1000,3140.0,dst,0,0,16,392,392,0,392,0,0,0,0,6436,6436,18816,18816
MOOC,JODIE,full,139,139000,139999,1000,33548.0,dst,0,0,16,419,419,0,419,2,2,0,0,6836,6836,20112,20112
MOOC,JODIE,full,140,140000,140999,1000,6477.0,dst,0,0,16,372,372,0,372,0,0,0,0,6356,6356,17856,17856
MOOC,JODIE,full,141,141000,141999,1000,4868.0,dst,0,0,16,457,457,0,457,0,0,0,0,7396,7396,21936,21936
MOOC,JODIE,full,142,142000,142999,1000,7281.0,dst,0,0,16,437,437,0,437,2,2,0,0,7076,7076,20976,20976
MOOC,JODIE,full,143,143000,143999,1000,5135.0,dst,0,0,16,386,386,0,386,1,1,0,0,6516,6516,18528,18528
MOOC,JODIE,full,144,144000,144999,1000,4476.0,dst,0,0,16,406,406,0,406,1,1,0,0,6356,6356,19488,19488
MOOC,JODIE,full,145,145000,145999,1000,4550.0,dst,0,0,16,425,425,0,425,0,0,0,0,6676,6676,20400,20400
MOOC,JODIE,full,146,146000,146999,1000,5890.0,dst,0,0,16,443,443,0,443,0,0,0,0,6996,6996,21264,21264
MOOC,JODIE,full,147,147000,147999,1000,3203.0,dst,0,0,16,397,397,0,397,0,0,0,0,6196,6196,19056,19056
MOOC,JODIE,full,148,148000,148999,1000,3288.0,dst,0,0,16,446,446,0,446,3,3,0,0,7076,7076,21408,21408
MOOC,JODIE,full,149,149000,149999,1000,2640.0,dst,0,0,16,468,468,0,468,2,2,0,0,7156,7156,22464,22464
MOOC,JODIE,full,150,150000,150999,1000,2501.0,dst,0,0,16,513,513,0,513,1,1,0,0,8196,8196,24624,24624
MOOC,JODIE,full,151,151000,151999,1000,3790.0,dst,0,0,16,527,527,0,527,0,0,0,0,8196,8196,25296,25296
MOOC,JODIE,full,152,152000,152999,1000,32522.0,dst,0,0,16,536,536,0,536,1,1,0,0,8276,8276,25728,25728
MOOC,JODIE,full,153,153000,153999,1000,7018.0,dst,0,0,16,556,556,0,556,0,0,0,0,8356,8356,26688,26688
MOOC,JODIE,full,154,154000,154999,1000,7213.0,dst,0,0,16,578,578,0,578,2,2,0,0,8916,8916,27744,27744
MOOC,JODIE,full,155,155000,155999,1000,5870.0,dst,0,0,16,546,546,0,546,2,2,0,0,8516,8516,26208,26208
MOOC,JODIE,full,156,156000,156999,1000,4691.0,dst,0,0,16,582,582,0,582,2,2,0,0,9236,9236,27936,27936
MOOC,JODIE,full,157,157000,157999,1000,4622.0,dst,0,0,16,526,526,0,526,2,2,0,0,8036,8036,25248,25248
MOOC,JODIE,full,158,158000,158999,1000,8031.0,dst,0,0,16,586,586,0,586,0,0,0,0,8836,8836,28128,28128
MOOC,JODIE,full,159,159000,159999,1000,4699.0,dst,0,0,16,595,595,0,595,2,2,0,0,9236,9236,28560,28560
MOOC,JODIE,full,160,160000,160999,1000,3775.0,dst,0,0,16,627,627,0,627,0,0,0,0,9316,9316,30096,30096
MOOC,JODIE,full,161,161000,161999,1000,2911.0,dst,0,0,16,635,635,0,635,1,1,0,0,9716,9716,30480,30480
MOOC,JODIE,full,162,162000,162999,1000,3327.0,dst,0,0,16,647,647,0,647,4,4,0,0,9716,9716,31056,31056
MOOC,JODIE,full,163,163000,163999,1000,34101.0,dst,0,0,16,642,642,0,642,2,2,0,0,9316,9316,30816,30816
MOOC,JODIE,full,164,164000,164999,1000,6676.0,dst,0,0,16,592,592,0,592,1,1,0,0,9156,9156,28416,28416
MOOC,JODIE,full,165,165000,165999,1000,5521.0,dst,0,0,16,624,624,0,624,5,5,0,0,9476,9476,29952,29952
MOOC,JODIE,full,166,166000,166999,1000,8177.0,dst,0,0,16,594,594,0,594,0,0,0,0,9076,9076,28512,28512
MOOC,JODIE,full,167,167000,167999,1000,7552.0,dst,0,0,16,620,620,0,620,2,2,0,0,9476,9476,29760,29760
MOOC,JODIE,full,168,168000,168999,1000,6092.0,dst,0,0,16,653,653,0,653,2,2,0,0,9716,9716,31344,31344
MOOC,JODIE,full,169,169000,169999,1000,6474.0,dst,0,0,16,692,692,0,692,2,2,0,0,9956,9956,33216,33216
MOOC,JODIE,full,170,170000,170999,1000,3511.0,dst,0,0,16,722,722,0,722,1,1,0,0,10116,10116,34656,34656
MOOC,JODIE,full,171,171000,171999,1000,3138.0,dst,0,0,16,725,725,0,725,2,2,0,0,10436,10436,34800,34800
MOOC,JODIE,full,172,172000,172999,1000,3052.0,dst,0,0,16,681,681,0,681,1,1,0,0,10116,10116,32688,32688
MOOC,JODIE,full,173,173000,173999,1000,4867.0,dst,0,0,16,672,672,0,672,0,0,0,0,9956,9956,32256,32256
MOOC,JODIE,full,174,174000,174999,1000,34547.0,dst,0,0,16,618,618,0,618,0,0,0,0,9556,9556,29664,29664
MOOC,JODIE,full,175,175000,175999,1000,5026.0,dst,0,0,16,526,526,0,526,2,2,0,0,8116,8116,25248,25248
MOOC,JODIE,full,176,176000,176999,1000,4264.0,dst,0,0,16,526,526,0,526,3,3,0,0,8196,8196,25248,25248
MOOC,JODIE,full,177,177000,177999,1000,5329.0,dst,0,0,16,534,534,0,534,1,1,0,0,8596,8596,25632,25632
MOOC,JODIE,full,178,178000,178999,1000,4819.0,dst,0,0,16,537,537,0,537,0,0,0,0,8356,8356,25776,25776
MOOC,JODIE,full,179,179000,179999,1000,3306.0,dst,0,0,16,536,536,0,536,1,1,0,0,8436,8436,25728,25728
MOOC,JODIE,full,180,180000,180999,1000,2615.0,dst,0,0,16,519,519,0,519,0,0,0,0,7956,7956,24912,24912
MOOC,JODIE,full,181,181000,181999,1000,3238.0,dst,0,0,16,538,538,0,538,1,1,0,0,8276,8276,25824,25824
MOOC,JODIE,full,182,182000,182999,1000,5197.0,dst,0,0,16,513,513,0,513,3,3,0,0,7796,7796,24624,24624
MOOC,JODIE,full,183,183000,183999,1000,3745.0,dst,0,0,16,502,502,0,502,2,2,0,0,8036,8036,24096,24096
MOOC,JODIE,full,184,184000,184999,1000,3546.0,dst,0,0,16,545,545,0,545,1,1,0,0,8436,8436,26160,26160
MOOC,JODIE,full,185,185000,185999,1000,2431.0,dst,0,0,16,529,529,0,529,1,1,0,0,8196,8196,25392,25392
MOOC,JODIE,full,186,186000,186999,1000,2481.0,dst,0,0,16,544,544,0,544,1,1,0,0,8676,8676,26112,26112
MOOC,JODIE,full,187,187000,187999,1000,3022.0,dst,0,0,16,562,562,0,562,3,3,0,0,8756,8756,26976,26976
MOOC,JODIE,full,188,188000,188999,1000,5350.0,dst,0,0,16,637,637,0,637,0,0,0,0,9556,9556,30576,30576
MOOC,JODIE,full,189,189000,189999,1000,33348.0,dst,0,0,16,582,582,0,582,2,2,0,0,8836,8836,27936,27936
MOOC,JODIE,full,190,190000,190999,1000,3569.0,dst,0,0,16,591,591,0,591,1,1,0,0,9396,9396,28368,28368
MOOC,JODIE,full,191,191000,191999,1000,3859.0,dst,0,0,16,579,579,0,579,2,2,0,0,8836,8836,27792,27792
MOOC,JODIE,full,192,192000,192999,1000,5147.0,dst,0,0,16,547,547,0,547,1,1,0,0,8516,8516,26256,26256
MOOC,JODIE,full,193,193000,193999,1000,4124.0,dst,0,0,16,558,558,0,558,0,0,0,0,8756,8756,26784,26784
MOOC,JODIE,full,194,194000,194999,1000,3870.0,dst,0,0,16,538,538,0,538,1,1,0,0,8356,8356,25824,25824
MOOC,JODIE,full,195,195000,195999,1000,3710.0,dst,0,0,16,535,535,0,535,1,1,0,0,8276,8276,25680,25680
MOOC,JODIE,full,196,196000,196999,1000,4692.0,dst,0,0,16,625,625,0,625,1,1,0,0,9396,9396,30000,30000
MOOC,JODIE,full,197,197000,197999,1000,4784.0,dst,0,0,16,494,494,0,494,0,0,0,0,7716,7716,23712,23712
MOOC,JODIE,full,198,198000,198999,1000,3877.0,dst,0,0,16,591,591,0,591,3,3,0,0,8996,8996,28368,28368
MOOC,JODIE,full,199,199000,199999,1000,2663.0,dst,0,0,16,527,527,0,527,1,1,0,0,8356,8356,25296,25296
MOOC,JODIE,full,200,200000,200999,1000,2444.0,dst,0,0,16,552,552,0,552,1,1,0,0,8676,8676,26496,26496
MOOC,JODIE,full,201,201000,201999,1000,2116.0,dst,0,0,16,551,551,0,551,1,1,0,0,8516,8516,26448,26448
MOOC,JODIE,full,202,202000,202999,1000,2385.0,dst,0,0,16,591,591,0,591,1,1,0,0,9156,9156,28368,28368
MOOC,JODIE,full,203,203000,203999,1000,4402.0,dst,0,0,16,636,636,0,636,1,1,0,0,9716,9716,30528,30528
MOOC,JODIE,full,204,204000,204999,1000,32964.0,dst,0,0,16,650,650,0,650,1,1,0,0,9396,9396,31200,31200
MOOC,JODIE,full,205,205000,205999,1000,4456.0,dst,0,0,16,622,622,0,622,2,2,0,0,9316,9316,29856,29856
MOOC,JODIE,full,206,206000,206999,1000,3289.0,dst,0,0,16,578,578,0,578,3,3,0,0,9156,9156,27744,27744
MOOC,JODIE,full,207,207000,207999,1000,5163.0,dst,0,0,16,584,584,0,584,1,1,0,0,8996,8996,28032,28032
MOOC,JODIE,full,208,208000,208999,1000,4369.0,dst,0,0,16,603,603,0,603,1,1,0,0,9316,9316,28944,28944
MOOC,JODIE,full,209,209000,209999,1000,2939.0,dst,0,0,16,594,594,0,594,1,1,0,0,9236,9236,28512,28512
MOOC,JODIE,full,210,210000,210999,1000,2700.0,dst,0,0,16,606,606,0,606,1,1,0,0,9316,9316,29088,29088
MOOC,JODIE,full,211,211000,211999,1000,2823.0,dst,0,0,16,617,617,0,617,2,2,0,0,9316,9316,29616,29616
MOOC,JODIE,full,212,212000,212999,1000,2832.0,dst,0,0,16,657,657,0,657,3,3,0,0,9956,9956,31536,31536
MOOC,JODIE,full,213,213000,213999,1000,3500.0,dst,0,0,16,640,640,0,640,2,2,0,0,9156,9156,30720,30720
MOOC,JODIE,full,214,214000,214999,1000,3438.0,dst,0,0,16,568,568,0,568,2,2,0,0,8676,8676,27264,27264
MOOC,JODIE,full,215,215000,215999,1000,3172.0,dst,0,0,16,622,622,0,622,0,0,0,0,9796,9796,29856,29856
MOOC,JODIE,full,216,216000,216999,1000,2267.0,dst,0,0,16,631,631,0,631,0,0,0,0,9556,9556,30288,30288
MOOC,JODIE,full,217,217000,217999,1000,2265.0,dst,0,0,16,664,664,0,664,1,1,0,0,9876,9876,31872,31872
MOOC,JODIE,full,218,218000,218999,1000,2071.0,dst,0,0,16,668,668,0,668,0,0,0,0,9796,9796,32064,32064
MOOC,JODIE,full,219,219000,219999,1000,2051.0,dst,0,0,16,709,709,0,709,1,1,0,0,10436,10436,34032,34032
MOOC,JODIE,full,220,220000,220999,1000,2322.0,dst,0,0,16,636,636,0,636,1,1,0,0,9636,9636,30528,30528
MOOC,JODIE,full,221,221000,221999,1000,11272.0,dst,0,0,16,610,610,0,610,2,2,0,0,9396,9396,29280,29280
MOOC,JODIE,full,222,222000,222999,1000,26003.0,dst,0,0,16,587,587,0,587,2,2,0,0,9156,9156,28176,28176
MOOC,JODIE,full,223,223000,223999,1000,4611.0,dst,0,0,16,625,625,0,625,1,1,0,0,9236,9236,30000,30000
MOOC,JODIE,full,224,224000,224999,1000,6648.0,dst,0,0,16,646,646,0,646,1,1,0,0,9636,9636,31008,31008
MOOC,JODIE,full,225,225000,225999,1000,4680.0,dst,0,0,16,619,619,0,619,0,0,0,0,9876,9876,29712,29712
MOOC,JODIE,full,226,226000,226999,1000,4431.0,dst,0,0,16,641,641,0,641,2,2,0,0,9556,9556,30768,30768
MOOC,JODIE,full,227,227000,227999,1000,3982.0,dst,0,0,16,655,655,0,655,1,1,0,0,10196,10196,31440,31440
MOOC,JODIE,full,228,228000,228999,1000,3363.0,dst,0,0,16,629,629,0,629,3,3,0,0,9796,9796,30192,30192
MOOC,JODIE,full,229,229000,229999,1000,6302.0,dst,0,0,16,751,751,0,751,0,0,0,0,10196,10196,36048,36048
MOOC,JODIE,full,230,230000,230999,1000,3740.0,dst,0,0,16,691,691,0,691,0,0,0,0,10116,10116,33168,33168
MOOC,JODIE,full,231,231000,231999,1000,2770.0,dst,0,0,16,778,778,0,778,3,3,0,0,10676,10676,37344,37344
MOOC,JODIE,full,232,232000,232999,1000,2640.0,dst,0,0,16,773,773,0,773,3,3,0,0,10516,10516,37104,37104
MOOC,JODIE,full,233,233000,233999,1000,2062.0,dst,0,0,16,763,763,0,763,3,3,0,0,10596,10596,36624,36624
MOOC,JODIE,full,234,234000,234999,1000,1975.0,dst,0,0,16,770,770,0,770,4,4,0,0,10596,10596,36960,36960
MOOC,JODIE,full,235,235000,235999,1000,2575.0,dst,0,0,16,740,740,0,740,7,7,0,0,10276,10276,35520,35520
MOOC,JODIE,full,236,236000,236999,1000,30821.0,dst,0,0,16,790,790,0,790,1,1,0,0,10436,10436,37920,37920
MOOC,JODIE,full,237,237000,237999,1000,8811.0,dst,0,0,16,776,776,0,776,2,2,0,0,10676,10676,37248,37248
MOOC,JODIE,full,238,238000,238999,1000,4249.0,dst,0,0,16,778,778,0,778,3,3,0,0,10756,10756,37344,37344
MOOC,JODIE,full,239,239000,239999,1000,5595.0,dst,0,0,16,826,826,0,826,1,1,0,0,10596,10596,39648,39648
MOOC,JODIE,full,240,240000,240999,1000,4168.0,dst,0,0,16,804,804,0,804,5,5,0,0,10516,10516,38592,38592
MOOC,JODIE,full,241,241000,241999,1000,3727.0,dst,0,0,16,767,767,0,767,4,4,0,0,10596,10596,36816,36816
MOOC,JODIE,full,242,242000,242999,1000,2711.0,dst,0,0,16,786,786,0,786,1,1,0,0,10596,10596,37728,37728
MOOC,JODIE,full,243,243000,243999,1000,3361.0,dst,0,0,16,780,780,0,780,2,2,0,0,10516,10516,37440,37440
MOOC,JODIE,full,244,244000,244999,1000,5678.0,dst,0,0,16,823,823,0,823,2,2,0,0,10676,10676,39504,39504
MOOC,JODIE,full,245,245000,245999,1000,4026.0,dst,0,0,16,856,856,0,856,2,2,0,0,10756,10756,41088,41088
MOOC,JODIE,full,246,246000,246999,1000,2569.0,dst,0,0,16,828,828,0,828,4,4,0,0,10756,10756,39744,39744
MOOC,JODIE,full,247,247000,247999,1000,2201.0,dst,0,0,16,859,859,0,859,3,3,0,0,10756,10756,41232,41232
MOOC,JODIE,full,248,248000,248999,1000,2107.0,dst,0,0,16,851,851,0,851,2,2,0,0,10756,10756,40848,40848
MOOC,JODIE,full,249,249000,249999,1000,2167.0,dst,0,0,16,856,856,0,856,0,0,0,0,10756,10756,41088,41088
MOOC,JODIE,full,250,250000,250999,1000,2332.0,dst,0,0,16,846,846,0,846,6,6,0,0,10756,10756,40608,40608
MOOC,JODIE,full,251,251000,251999,1000,4103.0,dst,0,0,16,839,839,0,839,0,0,0,0,10756,10756,40272,40272
MOOC,JODIE,full,252,252000,252999,1000,31108.0,dst,0,0,16,865,865,0,865,4,4,0,0,10756,10756,41520,41520
MOOC,JODIE,full,253,253000,253999,1000,6599.0,dst,0,0,16,821,821,0,821,3,3,0,0,10756,10756,39408,39408
MOOC,JODIE,full,254,254000,254999,1000,5480.0,dst,0,0,16,880,880,0,880,6,6,0,0,10756,10756,42240,42240
MOOC,JODIE,full,255,255000,255999,1000,6120.0,dst,0,0,16,910,910,0,910,2,2,0,0,10756,10756,43680,43680
MOOC,JODIE,full,256,256000,256999,1000,4707.0,dst,0,0,16,921,921,0,921,1,1,0,0,10756,10756,44208,44208
MOOC,JODIE,full,257,257000,257999,1000,4373.0,dst,0,0,16,875,875,0,875,2,2,0,0,10756,10756,42000,42000
MOOC,JODIE,full,258,258000,258999,1000,5774.0,dst,0,0,16,909,909,0,909,7,7,0,0,10756,10756,43632,43632
MOOC,JODIE,full,259,259000,259999,1000,5696.0,dst,0,0,16,883,883,0,883,4,4,0,0,10756,10756,42384,42384
MOOC,JODIE,full,260,260000,260999,1000,4046.0,dst,0,0,16,896,896,0,896,3,3,0,0,10756,10756,43008,43008
MOOC,JODIE,full,261,261000,261999,1000,3244.0,dst,0,0,16,884,884,0,884,1,1,0,0,10756,10756,42432,42432
MOOC,JODIE,full,262,262000,262999,1000,2246.0,dst,0,0,16,899,899,0,899,2,2,0,0,10756,10756,43152,43152
MOOC,JODIE,full,263,263000,263999,1000,2279.0,dst,0,0,16,883,883,0,883,3,3,0,0,10756,10756,42384,42384
MOOC,JODIE,full,264,264000,264999,1000,3263.0,dst,0,0,16,882,882,0,882,2,2,0,0,10756,10756,42336,42336
MOOC,JODIE,full,265,265000,265999,1000,32624.0,dst,0,0,16,880,880,0,880,5,5,0,0,10756,10756,42240,42240
MOOC,JODIE,full,266,266000,266999,1000,6584.0,dst,0,0,16,871,871,0,871,1,1,0,0,10756,10756,41808,41808
MOOC,JODIE,full,267,267000,267999,1000,4506.0,dst,0,0,16,873,873,0,873,2,2,0,0,10756,10756,41904,41904
MOOC,JODIE,full,268,268000,268999,1000,5853.0,dst,0,0,16,875,875,0,875,2,2,0,0,10756,10756,42000,42000
MOOC,JODIE,full,269,269000,269999,1000,5051.0,dst,0,0,16,849,849,0,849,2,2,0,0,10756,10756,40752,40752
MOOC,JODIE,full,270,270000,270999,1000,3758.0,dst,0,0,16,836,836,0,836,3,3,0,0,10756,10756,40128,40128
MOOC,JODIE,full,271,271000,271999,1000,3219.0,dst,0,0,16,867,867,0,867,4,4,0,0,10756,10756,41616,41616
MOOC,JODIE,full,272,272000,272999,1000,5598.0,dst,0,0,16,846,846,0,846,3,3,0,0,10596,10596,40608,40608
MOOC,JODIE,full,273,273000,273999,1000,6363.0,dst,0,0,16,861,861,0,861,3,3,0,0,10756,10756,41328,41328
MOOC,JODIE,full,274,274000,274999,1000,2833.0,dst,0,0,16,869,869,0,869,2,2,0,0,10676,10676,41712,41712
MOOC,JODIE,full,275,275000,275999,1000,2824.0,dst,0,0,16,898,898,0,898,4,4,0,0,10756,10756,43104,43104
MOOC,JODIE,full,276,276000,276999,1000,3295.0,dst,0,0,16,893,893,0,893,2,2,0,0,10756,10756,42864,42864
MOOC,JODIE,full,277,277000,277999,1000,4364.0,dst,0,0,16,920,920,0,920,2,2,0,0,10756,10756,44160,44160
MOOC,JODIE,full,278,278000,278999,1000,31578.0,dst,0,0,16,933,933,0,933,1,1,0,0,10756,10756,44784,44784
MOOC,JODIE,full,279,279000,279999,1000,5085.0,dst,0,0,16,945,945,0,945,1,1,0,0,10756,10756,45360,45360
MOOC,JODIE,full,280,280000,280999,1000,3284.0,dst,0,0,16,941,941,0,941,3,3,0,0,10756,10756,45168,45168
MOOC,JODIE,full,281,281000,281999,1000,3742.0,dst,0,0,16,925,925,0,925,1,1,0,0,10756,10756,44400,44400
MOOC,JODIE,full,282,282000,282999,1000,4230.0,dst,0,0,16,910,910,0,910,2,2,0,0,10756,10756,43680,43680
MOOC,JODIE,full,283,283000,283999,1000,3712.0,dst,0,0,16,914,914,0,914,4,4,0,0,10676,10676,43872,43872
MOOC,JODIE,full,284,284000,284999,1000,3414.0,dst,0,0,16,899,899,0,899,5,5,0,0,10676,10676,43152,43152
MOOC,JODIE,full,285,285000,285999,1000,2820.0,dst,0,0,16,917,917,0,917,7,7,0,0,10756,10756,44016,44016
MOOC,JODIE,full,286,286000,286999,1000,2843.0,dst,0,0,16,920,920,0,920,0,0,0,0,10756,10756,44160,44160
MOOC,JODIE,full,287,287000,287999,1000,3762.0,dst,0,0,16,949,949,0,949,2,2,0,0,10756,10756,45552,45552
MOOC,JODIE,full,288,288000,288999,1000,4798.0,dst,0,0,16,919,919,0,919,4,4,0,0,10756,10756,44112,44112
MOOC,JODIE,full,289,289000,289999,1000,3073.0,dst,0,0,16,923,923,0,923,2,2,0,0,10756,10756,44304,44304
MOOC,JODIE,full,290,290000,290999,1000,2543.0,dst,0,0,16,950,950,0,950,2,2,0,0,10756,10756,45600,45600
MOOC,JODIE,full,291,291000,291999,1000,1878.0,dst,0,0,16,917,917,0,917,5,5,0,0,10756,10756,44016,44016
MOOC,JODIE,full,292,292000,292999,1000,1604.0,dst,0,0,16,920,920,0,920,8,8,0,0,10756,10756,44160,44160
MOOC,JODIE,full,293,293000,293999,1000,1957.0,dst,0,0,16,931,931,0,931,3,3,0,0,10756,10756,44688,44688
MOOC,JODIE,full,294,294000,294999,1000,2058.0,dst,0,0,16,890,890,0,890,4,4,0,0,10756,10756,42720,42720
MOOC,JODIE,full,295,295000,295999,1000,2062.0,dst,0,0,16,912,912,0,912,2,2,0,0,10756,10756,43776,43776
MOOC,JODIE,full,296,296000,296999,1000,4201.0,dst,0,0,16,903,903,0,903,1,1,0,0,10756,10756,43344,43344
MOOC,JODIE,full,297,297000,297999,1000,32778.0,dst,0,0,16,923,923,0,923,3,3,0,0,10756,10756,44304,44304
MOOC,JODIE,full,298,298000,298999,1000,4058.0,dst,0,0,16,930,930,0,930,0,0,0,0,10756,10756,44640,44640
MOOC,JODIE,full,299,299000,299999,1000,3076.0,dst,0,0,16,914,914,0,914,2,2,0,0,10756,10756,43872,43872
MOOC,JODIE,full,300,300000,300999,1000,4838.0,dst,0,0,16,918,918,0,918,4,4,0,0,10756,10756,44064,44064
MOOC,JODIE,full,301,301000,301999,1000,4050.0,dst,0,0,16,900,900,0,900,1,1,0,0,10756,10756,43200,43200
MOOC,JODIE,full,302,302000,302999,1000,3366.0,dst,0,0,16,906,906,0,906,2,2,0,0,10756,10756,43488,43488
MOOC,JODIE,full,303,303000,303999,1000,2662.0,dst,0,0,16,891,891,0,891,2,2,0,0,10676,10676,42768,42768
MOOC,JODIE,full,304,304000,304999,1000,3617.0,dst,0,0,16,889,889,0,889,4,4,0,0,10756,10756,42672,42672
MOOC,JODIE,full,305,305000,305999,1000,3052.0,dst,0,0,16,912,912,0,912,3,3,0,0,10756,10756,43776,43776
MOOC,JODIE,full,306,306000,306999,1000,4490.0,dst,0,0,16,932,932,0,932,3,3,0,0,10756,10756,44736,44736
MOOC,JODIE,full,307,307000,307999,1000,3564.0,dst,0,0,16,926,926,0,926,3,3,0,0,10756,10756,44448,44448
MOOC,JODIE,full,308,308000,308999,1000,2323.0,dst,0,0,16,897,897,0,897,3,3,0,0,10756,10756,43056,43056
MOOC,JODIE,full,309,309000,309999,1000,2252.0,dst,0,0,16,912,912,0,912,3,3,0,0,10756,10756,43776,43776
MOOC,JODIE,full,310,310000,310999,1000,2345.0,dst,0,0,16,940,940,0,940,2,2,0,0,10756,10756,45120,45120
MOOC,JODIE,full,311,311000,311999,1000,2493.0,dst,0,0,16,907,907,0,907,1,1,0,0,10756,10756,43536,43536
MOOC,JODIE,full,312,312000,312999,1000,2870.0,dst,0,0,16,961,961,0,961,2,2,0,0,10756,10756,46128,46128
MOOC,JODIE,full,313,313000,313999,1000,6935.0,dst,0,0,16,947,947,0,947,3,3,0,0,10756,10756,45456,45456
MOOC,JODIE,full,314,314000,314999,1000,30555.0,dst,0,0,16,971,971,0,971,2,2,0,0,10756,10756,46608,46608
MOOC,JODIE,full,315,315000,315999,1000,4252.0,dst,0,0,16,966,966,0,966,6,6,0,0,10756,10756,46368,46368
MOOC,JODIE,full,316,316000,316999,1000,3240.0,dst,0,0,16,918,918,0,918,6,6,0,0,10676,10676,44064,44064
MOOC,JODIE,full,317,317000,317999,1000,5094.0,dst,0,0,16,959,959,0,959,3,3,0,0,10756,10756,46032,46032
MOOC,JODIE,full,318,318000,318999,1000,4261.0,dst,0,0,16,935,935,0,935,3,3,0,0,10756,10756,44880,44880
MOOC,JODIE,full,319,319000,319999,1000,3450.0,dst,0,0,16,949,949,0,949,3,3,0,0,10756,10756,45552,45552
MOOC,JODIE,full,320,320000,320999,1000,3845.0,dst,0,0,16,900,900,0,900,4,4,0,0,10756,10756,43200,43200
MOOC,JODIE,full,321,321000,321999,1000,3335.0,dst,0,0,16,956,956,0,956,4,4,0,0,10756,10756,45888,45888
MOOC,JODIE,full,322,322000,322999,1000,3998.0,dst,0,0,16,929,929,0,929,3,3,0,0,10756,10756,44592,44592
MOOC,JODIE,full,323,323000,323999,1000,4281.0,dst,0,0,16,964,964,0,964,4,4,0,0,10756,10756,46272,46272
MOOC,JODIE,full,324,324000,324999,1000,3004.0,dst,0,0,16,925,925,0,925,4,4,0,0,10756,10756,44400,44400
MOOC,JODIE,full,325,325000,325999,1000,2130.0,dst,0,0,16,920,920,0,920,3,3,0,0,10676,10676,44160,44160
MOOC,JODIE,full,326,326000,326999,1000,2216.0,dst,0,0,16,922,922,0,922,3,3,0,0,10756,10756,44256,44256
MOOC,JODIE,full,327,327000,327999,1000,2188.0,dst,0,0,16,919,919,0,919,2,2,0,0,10756,10756,44112,44112
MOOC,JODIE,full,328,328000,328999,1000,2617.0,dst,0,0,16,941,941,0,941,3,3,0,0,10756,10756,45168,45168
MOOC,JODIE,full,329,329000,329999,1000,4916.0,dst,0,0,16,935,935,0,935,3,3,0,0,10756,10756,44880,44880
MOOC,JODIE,full,330,330000,330999,1000,31496.0,dst,0,0,16,957,957,0,957,4,4,0,0,10756,10756,45936,45936
MOOC,JODIE,full,331,331000,331999,1000,5378.0,dst,0,0,16,952,952,0,952,3,3,0,0,10756,10756,45696,45696
MOOC,JODIE,full,332,332000,332999,1000,3740.0,dst,0,0,16,953,953,0,953,4,4,0,0,10756,10756,45744,45744
MOOC,JODIE,full,333,333000,333999,1000,4750.0,dst,0,0,16,938,938,0,938,4,4,0,0,10756,10756,45024,45024
MOOC,JODIE,full,334,334000,334999,1000,4046.0,dst,0,0,16,943,943,0,943,1,1,0,0,10756,10756,45264,45264
MOOC,JODIE,full,335,335000,335999,1000,3683.0,dst,0,0,16,942,942,0,942,5,5,0,0,10756,10756,45216,45216
MOOC,JODIE,full,336,336000,336999,1000,4790.0,dst,0,0,16,971,971,0,971,1,1,0,0,10756,10756,46608,46608
MOOC,JODIE,full,337,337000,337999,1000,4081.0,dst,0,0,16,930,930,0,930,1,1,0,0,10756,10756,44640,44640
MOOC,JODIE,full,338,338000,338999,1000,6484.0,dst,0,0,16,945,945,0,945,4,4,0,0,10676,10676,45360,45360
MOOC,JODIE,full,339,339000,339999,1000,3776.0,dst,0,0,16,964,964,0,964,6,6,0,0,10756,10756,46272,46272
MOOC,JODIE,full,340,340000,340999,1000,2341.0,dst,0,0,16,960,960,0,960,1,1,0,0,10756,10756,46080,46080
MOOC,JODIE,full,341,341000,341999,1000,1861.0,dst,0,0,16,934,934,0,934,3,3,0,0,10756,10756,44832,44832
MOOC,JODIE,full,342,342000,342999,1000,1519.0,dst,0,0,16,948,948,0,948,4,4,0,0,10756,10756,45504,45504
MOOC,JODIE,full,343,343000,343999,1000,2226.0,dst,0,0,16,948,948,0,948,1,1,0,0,10756,10756,45504,45504
MOOC,JODIE,full,344,344000,344999,1000,2885.0,dst,0,0,16,923,923,0,923,5,5,0,0,10756,10756,44304,44304
MOOC,JODIE,full,345,345000,345999,1000,32998.0,dst,0,0,16,945,945,0,945,1,1,0,0,10756,10756,45360,45360
MOOC,JODIE,full,346,346000,346999,1000,7100.0,dst,0,0,16,950,950,0,950,6,6,0,0,10756,10756,45600,45600
MOOC,JODIE,full,347,347000,347999,1000,5540.0,dst,0,0,16,922,922,0,922,2,2,0,0,10756,10756,44256,44256
MOOC,JODIE,full,348,348000,348999,1000,5384.0,dst,0,0,16,954,954,0,954,2,2,0,0,10756,10756,45792,45792
MOOC,JODIE,full,349,349000,349999,1000,3476.0,dst,0,0,16,972,972,0,972,4,4,0,0,10756,10756,46656,46656
MOOC,JODIE,full,350,350000,350999,1000,4421.0,dst,0,0,16,920,920,0,920,4,4,0,0,10676,10676,44160,44160
MOOC,JODIE,full,351,351000,351999,1000,4132.0,dst,0,0,16,961,961,0,961,3,3,0,0,10756,10756,46128,46128
MOOC,JODIE,full,352,352000,352999,1000,4784.0,dst,0,0,16,927,927,0,927,2,2,0,0,10756,10756,44496,44496
MOOC,JODIE,full,353,353000,353999,1000,4888.0,dst,0,0,16,955,955,0,955,4,4,0,0,10756,10756,45840,45840
MOOC,JODIE,full,354,354000,354999,1000,2790.0,dst,0,0,16,945,945,0,945,4,4,0,0,10756,10756,45360,45360
MOOC,JODIE,full,355,355000,355999,1000,2033.0,dst,0,0,16,951,951,0,951,2,2,0,0,10756,10756,45648,45648
MOOC,JODIE,full,356,356000,356999,1000,2348.0,dst,0,0,16,942,942,0,942,1,1,0,0,10756,10756,45216,45216
MOOC,JODIE,full,357,357000,357999,1000,1923.0,dst,0,0,16,926,926,0,926,3,3,0,0,10756,10756,44448,44448
MOOC,JODIE,full,358,358000,358999,1000,2053.0,dst,0,0,16,943,943,0,943,3,3,0,0,10756,10756,45264,45264
MOOC,JODIE,full,359,359000,359999,1000,2727.0,dst,0,0,16,886,886,0,886,6,6,0,0,10756,10756,42528,42528
MOOC,JODIE,full,360,360000,360999,1000,24580.0,dst,0,0,16,929,929,0,929,1,1,0,0,10756,10756,44592,44592
MOOC,JODIE,full,361,361000,361999,1000,13723.0,dst,0,0,16,968,968,0,968,1,1,0,0,10756,10756,46464,46464
MOOC,JODIE,full,362,362000,362999,1000,5531.0,dst,0,0,16,1000,1000,0,1000,6,6,0,0,10756,10756,48000,48000
MOOC,JODIE,full,363,363000,363999,1000,4815.0,dst,0,0,16,1000,1000,0,1000,5,5,0,0,10756,10756,48000,48000
MOOC,JODIE,full,364,364000,364999,1000,4892.0,dst,0,0,16,1000,1000,0,1000,4,4,0,0,10756,10756,48000,48000
MOOC,JODIE,full,365,365000,365999,1000,4463.0,dst,0,0,16,1000,1000,0,1000,4,4,0,0,10756,10756,48000,48000
MOOC,JODIE,full,366,366000,366999,1000,3700.0,dst,0,0,16,1000,1000,0,1000,7,7,0,0,10756,10756,48000,48000
MOOC,JODIE,full,367,367000,367999,1000,2873.0,dst,0,0,16,1000,1000,0,1000,7,7,0,0,10756,10756,48000,48000
MOOC,JODIE,full,368,368000,368999,1000,6489.0,dst,0,0,16,1000,1000,0,1000,3,3,0,0,10756,10756,48000,48000
MOOC,JODIE,full,369,369000,369999,1000,4036.0,dst,0,0,16,1000,1000,0,1000,4,4,0,0,10756,10756,48000,48000
MOOC,JODIE,full,370,370000,370999,1000,2639.0,dst,0,0,16,1000,1000,0,1000,5,5,0,0,10756,10756,48000,48000
MOOC,JODIE,full,371,371000,371999,1000,2054.0,dst,0,0,16,1000,1000,0,1000,2,2,0,0,10756,10756,48000,48000
MOOC,JODIE,full,372,372000,372999,1000,2213.0,dst,0,0,16,1000,1000,0,1000,5,5,0,0,10756,10756,48000,48000
MOOC,JODIE,full,373,373000,373999,1000,2905.0,dst,0,0,16,1000,1000,0,1000,1,1,0,0,10756,10756,48000,48000
MOOC,JODIE,full,374,374000,374999,1000,22516.0,dst,0,0,16,1000,1000,0,1000,3,3,0,0,10756,10756,48000,48000
MOOC,JODIE,full,375,375000,375999,1000,15875.0,dst,0,0,16,1000,1000,0,1000,2,2,0,0,10756,10756,48000,48000
MOOC,JODIE,full,376,376000,376999,1000,5630.0,dst,0,0,16,1000,1000,0,1000,3,3,0,0,10756,10756,48000,48000
MOOC,JODIE,full,377,377000,377999,1000,6439.0,dst,0,0,16,1000,1000,0,1000,2,2,0,0,10756,10756,48000,48000
MOOC,JODIE,full,378,378000,378999,1000,5858.0,dst,0,0,16,1000,1000,0,1000,3,3,0,0,10756,10756,48000,48000
MOOC,JODIE,full,379,379000,379999,1000,4307.0,dst,0,0,16,1000,1000,0,1000,4,4,0,0,10756,10756,48000,48000
MOOC,JODIE,full,380,380000,380999,1000,3594.0,dst,0,0,16,1000,1000,0,1000,1,1,0,0,10756,10756,48000,48000
MOOC,JODIE,full,381,381000,381999,1000,4915.0,dst,0,0,16,1000,1000,0,1000,5,5,0,0,10756,10756,48000,48000
MOOC,JODIE,full,382,382000,382999,1000,5142.0,dst,0,0,16,1000,1000,0,1000,3,3,0,0,10756,10756,48000,48000
MOOC,JODIE,full,383,383000,383999,1000,3131.0,dst,0,0,16,1000,1000,0,1000,2,2,0,0,10756,10756,48000,48000
MOOC,JODIE,full,384,384000,384999,1000,2230.0,dst,0,0,16,1000,1000,0,1000,2,2,0,0,10756,10756,48000,48000
MOOC,JODIE,full,385,385000,385999,1000,2241.0,dst,0,0,16,1000,1000,0,1000,0,0,0,0,10756,10756,48000,48000
MOOC,JODIE,full,386,386000,386999,1000,2874.0,dst,0,0,16,1000,1000,0,1000,3,3,0,0,10756,10756,48000,48000
MOOC,JODIE,full,387,387000,387999,1000,2704.0,dst,0,0,16,1000,1000,0,1000,4,4,0,0,10756,10756,48000,48000
MOOC,JODIE,full,388,388000,388999,1000,11155.0,dst,0,0,16,1000,1000,0,1000,4,4,0,0,10756,10756,48000,48000
MOOC,JODIE,full,389,389000,389999,1000,25699.0,dst,0,0,16,1000,1000,0,1000,4,4,0,0,10756,10756,48000,48000
MOOC,JODIE,full,390,390000,390999,1000,3107.0,dst,0,0,16,1000,1000,0,1000,3,3,0,0,10756,10756,48000,48000
MOOC,JODIE,full,391,391000,391999,1000,3074.0,dst,0,0,16,1000,1000,0,1000,4,4,0,0,10756,10756,48000,48000
MOOC,JODIE,full,392,392000,392999,1000,4652.0,dst,0,0,16,1000,1000,0,1000,5,5,0,0,10756,10756,48000,48000
MOOC,JODIE,full,393,393000,393999,1000,3786.0,dst,0,0,16,1000,1000,0,1000,3,3,0,0,10756,10756,48000,48000
MOOC,JODIE,full,394,394000,394999,1000,3292.0,dst,0,0,16,1000,1000,0,1000,2,2,0,0,10756,10756,48000,48000
MOOC,JODIE,full,395,395000,395999,1000,2847.0,dst,0,0,16,1000,1000,0,1000,4,4,0,0,10756,10756,48000,48000
MOOC,JODIE,full,396,396000,396999,1000,2266.0,dst,0,0,16,1000,1000,0,1000,2,2,0,0,10756,10756,48000,48000
MOOC,JODIE,full,397,397000,397999,1000,2379.0,dst,0,0,16,1000,1000,0,1000,4,4,0,0,10756,10756,48000,48000
MOOC,JODIE,full,398,398000,398999,1000,2455.0,dst,0,0,16,1000,1000,0,1000,3,3,0,0,10756,10756,48000,48000
MOOC,JODIE,full,399,399000,399999,1000,4046.0,dst,0,0,16,1000,1000,0,1000,4,4,0,0,10756,10756,48000,48000
MOOC,JODIE,full,400,400000,400999,1000,3721.0,dst,0,0,16,1000,1000,0,1000,6,6,0,0,10756,10756,48000,48000
MOOC,JODIE,full,401,401000,401999,1000,2387.0,dst,0,0,16,1000,1000,0,1000,2,2,0,0,10756,10756,48000,48000
MOOC,JODIE,full,402,402000,402999,1000,1810.0,dst,0,0,16,1000,1000,0,1000,2,2,0,0,10756,10756,48000,48000
MOOC,JODIE,full,403,403000,403999,1000,1659.0,dst,0,0,16,1000,1000,0,1000,6,6,0,0,10756,10756,48000,48000
MOOC,JODIE,full,404,404000,404999,1000,1323.0,dst,0,0,16,1000,1000,0,1000,6,6,0,0,10756,10756,48000,48000
MOOC,JODIE,full,405,405000,405999,1000,1270.0,dst,0,0,16,1000,1000,0,1000,2,2,0,0,10756,10756,48000,48000
MOOC,JODIE,full,406,406000,406999,1000,1122.0,dst,0,0,16,1000,1000,0,1000,6,6,0,0,10756,10756,48000,48000
MOOC,JODIE,full,407,407000,407999,1000,1124.0,dst,0,0,16,1000,1000,0,1000,5,5,0,0,10756,10756,48000,48000
MOOC,JODIE,full,408,408000,408999,1000,1406.0,dst,0,0,16,1000,1000,0,1000,2,2,0,0,10756,10756,48000,48000
MOOC,JODIE,full,409,409000,409999,1000,1135.0,dst,0,0,16,1000,1000,0,1000,6,6,0,0,10756,10756,48000,48000
MOOC,JODIE,full,410,410000,410999,1000,1837.0,dst,0,0,16,1000,1000,0,1000,6,6,0,0,10756,10756,48000,48000
MOOC,TGAT,full,0,0,999,1000,71233.0,dst,10,1,16,22,15,7,15,0,0,0,24,288,368,720,1056
MOOC,TGAT,full,1,1000,1999,1000,4193.0,dst,10,1,16,0,0,0,0,0,0,0,0,0,0,0,0
MOOC,TGAT,full,2,2000,2999,1000,4374.0,dst,10,1,16,0,0,0,0,0,0,0,0,0,0,0,0
MOOC,TGAT,full,3,3000,3999,1000,3582.0,dst,10,1,16,0,0,0,0,0,0,0,0,0,0,0,0
MOOC,TGAT,full,4,4000,4999,1000,3130.0,dst,10,1,16,0,0,0,0,0,0,0,0,0,0,0,0
MOOC,TGAT,full,5,5000,5999,1000,3547.0,dst,10,1,16,0,0,0,0,0,0,0,0,0,0,0,0
MOOC,TGAT,full,6,6000,6999,1000,3642.0,dst,10,1,16,0,0,0,0,0,0,0,0,0,0,0,0
MOOC,TGAT,full,7,7000,7999,1000,3052.0,dst,10,1,16,0,0,0,0,0,0,0,0,0,0,0,0
MOOC,TGAT,full,8,8000,8999,1000,3438.0,dst,10,1,16,0,0,0,0,0,0,0,0,0,0,0,0
MOOC,TGAT,full,9,9000,9999,1000,4923.0,dst,10,1,16,0,0,0,0,0,0,0,0,0,0,0,0
MOOC,TGAT,full,10,10000,10999,1000,3384.0,dst,10,1,16,0,0,0,0,0,0,0,0,0,0,0,0
MOOC,TGAT,full,11,11000,11999,1000,2278.0,dst,10,1,16,158,131,27,131,2,2,0,144,1888,2208,6288,7584
MOOC,TGAT,full,12,12000,12999,1000,2172.0,dst,10,1,16,515,421,94,421,1,1,0,408,6176,7296,20208,24720
MOOC,TGAT,full,13,13000,13999,1000,1938.0,dst,10,1,16,879,732,147,732,12,12,0,444,9368,10728,35136,42192
MOOC,TGAT,full,14,14000,14999,1000,1468.0,dst,10,1,16,1036,881,155,881,3,3,0,444,11300,12820,42288,49728
MOOC,TGAT,full,15,15000,15999,1000,1379.0,dst,10,1,16,1695,1459,236,1459,30,30,0,564,17368,19848,70032,81360
MOOC,TGAT,full,16,16000,16999,1000,1753.0,dst,10,1,16,1208,999,209,999,3,3,0,420,12040,14200,47952,57984
MOOC,TGAT,full,17,17000,17999,1000,2354.0,dst,10,1,16,1966,1425,541,1425,13,13,0,564,17336,22616,68400,94368
MOOC,TGAT,full,18,18000,18999,1000,3834.0,dst,10,1,16,2048,1683,365,1683,11,11,0,576,19784,23384,80784,98304
MOOC,TGAT,full,19,19000,19999,1000,32442.0,dst,10,1,16,2610,2022,588,2022,20,20,0,600,23192,28964,97056,125280
MOOC,TGAT,full,20,20000,20999,1000,4852.0,dst,10,1,16,2106,1695,411,1695,4,4,0,612,19888,23968,81360,101088
MOOC,TGAT,full,21,21000,21999,1000,4824.0,dst,10,1,16,2735,2141,594,2141,31,31,0,588,24440,30600,102768,131280
MOOC,TGAT,full,22,22000,22999,1000,5713.0,dst,10,1,16,2227,1732,495,1732,9,9,0,492,20064,25104,83136,106896
MOOC,TGAT,full,23,23000,23999,1000,4640.0,dst,10,1,16,2166,1827,339,1827,9,9,0,588,21040,24240,87696,103968
MOOC,TGAT,full,24,24000,24999,1000,3824.0,dst,10,1,16,2277,1863,414,1863,6,6,0,600,21992,25912,89424,109296
MOOC,TGAT,full,25,25000,25999,1000,3786.0,dst,10,1,16,2100,1743,357,1743,10,10,0,588,20448,24060,83664,100800
MOOC,TGAT,full,26,26000,26999,1000,4548.0,dst,10,1,16,2140,1673,467,1673,5,5,0,588,19760,24400,80304,102720
MOOC,TGAT,full,27,27000,27999,1000,3704.0,dst,10,1,16,1909,1617,292,1617,5,5,0,564,19176,21896,77616,91632
MOOC,TGAT,full,28,28000,28999,1000,2713.0,dst,10,1,16,1811,1519,292,1519,22,22,0,552,17736,20536,72912,86928
MOOC,TGAT,full,29,29000,29999,1000,2522.0,dst,10,1,16,2092,1776,316,1776,16,16,0,564,20584,23704,85248,100416
MOOC,TGAT,full,30,30000,30999,1000,2523.0,dst,10,1,16,1992,1662,330,1662,10,10,0,540,19688,22968,79776,95616
MOOC,TGAT,full,31,31000,31999,1000,2517.0,dst,10,1,16,1636,1360,276,1360,7,7,0,528,16200,18920,65280,78528
MOOC,TGAT,full,32,32000,32999,1000,2517.0,dst,10,1,16,1884,1613,271,1613,20,20,0,552,18776,21576,77424,90432
MOOC,TGAT,full,33,33000,33999,1000,3911.0,dst,10,1,16,1880,1499,381,1499,11,11,0,516,17720,21480,71952,90240
MOOC,TGAT,full,34,34000,34999,1000,31952.0,dst,10,1,16,1895,1634,261,1634,7,7,0,540,19128,21528,78432,90960
MOOC,TGAT,full,35,35000,35999,1000,5227.0,dst,10,1,16,2239,1938,301,1938,18,18,0,600,22392,25192,93024,107472
MOOC,TGAT,full,36,36000,36999,1000,3518.0,dst,10,1,16,2312,1932,380,1932,14,14,0,612,22232,26072,92736,110976
MOOC,TGAT,full,37,37000,37999,1000,6688.0,dst,10,1,16,1950,1691,259,1691,9,9,0,600,19624,22264,81168,93600
MOOC,TGAT,full,38,38000,38999,1000,4904.0,dst,10,1,16,1999,1636,363,1636,21,21,0,564,19200,22560,78528,95952
MOOC,TGAT,full,39,39000,39999,1000,4581.0,dst,10,1,16,2700,2037,663,2037,17,17,0,540,23376,30028,97776,129600
MOOC,TGAT,full,40,40000,40999,1000,4540.0,dst,10,1,16,1932,1698,234,1698,12,12,0,588,19808,22128,81504,92736
MOOC,TGAT,full,41,41000,41999,1000,6342.0,dst,10,1,16,2432,1954,478,1954,36,36,0,648,22360,27332,93792,116736
MOOC,TGAT,full,42,42000,42999,1000,4243.0,dst,10,1,16,2441,1908,533,1908,11,11,0,504,21896,27188,91584,117168
MOOC,TGAT,full,43,43000,43999,1000,2863.0,dst,10,1,16,1891,1515,376,1515,14,14,0,516,17720,21480,72720,90768
MOOC,TGAT,full,44,44000,44999,1000,2744.0,dst,10,1,16,2170,1790,380,1790,15,15,0,624,21296,25056,85920,104160
MOOC,TGAT,full,45,45000,45999,1000,2447.0,dst,10,1,16,2099,1672,427,1672,14,14,0,552,19392,23804,80256,100752
MOOC,TGAT,full,46,46000,46999,1000,3173.0,dst,10,1,16,2186,1737,449,1737,24,24,0,540,20296,24776,83376,104928
MOOC,TGAT,full,47,47000,47999,1000,33225.0,dst,10,1,16,2252,1842,410,1842,7,7,0,636,21616,25536,88416,108096
MOOC,TGAT,full,48,48000,48999,1000,8130.0,dst,10,1,16,2131,1744,387,1744,13,13,0,600,20344,24344,83712,102288
MOOC,TGAT,full,49,49000,49999,1000,5715.0,dst,10,1,16,2787,2171,616,2171,17,17,0,564,24632,31032,104208,133776
MOOC,TGAT,full,50,50000,50999,1000,6444.0,dst,10,1,16,1973,1658,315,1658,15,15,0,576,19360,22560,79584,94704
MOOC,TGAT,full,51,51000,51999,1000,6371.0,dst,10,1,16,2479,1978,501,1978,17,17,0,636,22816,27776,94944,118992
MOOC,TGAT,full,52,52000,52999,1000,5538.0,dst,10,1,16,2806,2148,658,2148,26,26,0,528,24448,31020,103104,134688
MOOC,TGAT,full,53,53000,53999,1000,7605.0,dst,10,1,16,2016,1648,368,1648,7,7,0,612,19488,23088,79104,96768
MOOC,TGAT,full,54,54000,54999,1000,3581.0,dst,10,1,16,2150,1809,341,1809,15,17,0,552,21280,24320,86832,103200
MOOC,TGAT,full,55,55000,55999,1000,2729.0,dst,10,1,16,1910,1594,316,1594,13,13,0,516,18784,21744,76512,91680
MOOC,TGAT,full,56,56000,56999,1000,2774.0,dst,10,1,16,2403,2025,378,2025,7,7,0,540,23064,26904,97200,115344
MOOC,TGAT,full,57,57000,57999,1000,2794.0,dst,10,1,16,2411,2005,406,2005,36,36,0,540,22904,27144,96240,115728
MOOC,TGAT,full,58,58000,58999,1000,8573.0,dst,10,1,16,2220,1842,378,1842,17,17,0,564,21464,25064,88416,106560
MOOC,TGAT,full,59,59000,59999,1000,31303.0,dst,10,1,16,2622,2080,542,2080,31,33,0,600,23696,28988,99840,125856
MOOC,TGAT,full,60,60000,60999,1000,5644.0,dst,10,1,16,3423,2875,548,2875,57,57,0,540,31816,37852,138000,164304
MOOC,TGAT,full,61,61000,61999,1000,8371.0,dst,10,1,16,3717,3117,600,3117,37,37,0,516,34904,40584,149616,178416
MOOC,TGAT,full,62,62000,62999,1000,7316.0,dst,10,1,16,3790,3194,596,3194,39,39,0,468,35496,41428,153312,181920
MOOC,TGAT,full,63,63000,63999,1000,7772.0,dst,10,1,16,3730,3059,671,3059,34,35,0,540,34368,41020,146832,179040
MOOC,TGAT,full,64,64000,64999,1000,7654.0,dst,10,1,16,3401,2880,521,2880,24,24,0,540,32424,37648,138240,163248
MOOC,TGAT,full,65,65000,65999,1000,4089.0,dst,10,1,16,4163,3249,914,3249,51,51,0,504,36128,45340,155952,199824
MOOC,TGAT,full,66,66000,66999,1000,3566.0,dst,10,1,16,3658,2818,840,2818,39,40,0,552,31864,40048,135264,175584
MOOC,TGAT,full,67,67000,67999,1000,4653.0,dst,10,1,16,4241,3272,969,3272,62,63,0,504,36184,46276,157056,203568
MOOC,TGAT,full,68,68000,68999,1000,35809.0,dst,10,1,16,4085,3356,729,3356,59,59,0,456,37328,44416,161088,196080
MOOC,TGAT,full,69,69000,69999,1000,9851.0,dst,10,1,16,4262,3475,787,3475,50,52,0,408,38240,46264,166800,204576
MOOC,TGAT,full,70,70000,70999,1000,11515.0,dst,10,1,16,3631,2955,676,2955,49,50,0,480,32912,39484,141840,174288
MOOC,TGAT,full,71,71000,71999,1000,8924.0,dst,10,1,16,3607,2861,746,2861,28,28,0,504,32000,39372,137328,173136
MOOC,TGAT,full,72,72000,72999,1000,7654.0,dst,10,1,16,4041,3233,808,3233,78,78,0,432,35416,43796,155184,193968
MOOC,TGAT,full,73,73000,73999,1000,3703.0,dst,10,1,16,4146,3336,810,3336,61,61,0,408,36696,44892,160128,199008
MOOC,TGAT,full,74,74000,74999,1000,4327.0,dst,10,1,16,4828,3992,836,3992,75,76,0,288,43432,51720,191616,231744
MOOC,TGAT,full,75,75000,75999,1000,13219.0,dst,10,1,16,4643,3723,920,3723,63,63,0,384,40632,49924,178704,222864
MOOC,TGAT,full,76,76000,76999,1000,32459.0,dst,10,1,16,3862,3126,736,3126,55,55,0,444,34696,42296,150048,185376
MOOC,TGAT,full,77,77000,77999,1000,13521.0,dst,10,1,16,4698,3827,871,3827,70,70,0,384,42084,50576,183696,225504
MOOC,TGAT,full,78,78000,78999,1000,9376.0,dst,10,1,16,4298,3643,655,3643,41,41,0,336,40264,46916,174864,206304
MOOC,TGAT,full,79,79000,79999,1000,11308.0,dst,10,1,16,4559,3824,735,3824,54,54,0,384,42048,49088,183552,218832
MOOC,TGAT,full,80,80000,80999,1000,5045.0,dst,10,1,16,4635,3891,744,3891,65,68,0,348,42860,50496,186768,222480
MOOC,TGAT,full,81,81000,81999,1000,5128.0,dst,10,1,16,4322,3526,796,3526,60,61,0,336,38752,46776,169248,207456
MOOC,TGAT,full,82,82000,82999,1000,36169.0,dst,10,1,16,3604,2997,607,2997,22,22,0,540,33144,39328,143856,172992
MOOC,TGAT,full,83,83000,83999,1000,5358.0,dst,10,1,16,4372,3979,393,3979,65,65,0,396,43272,47468,190992,209856
MOOC,TGAT,full,84,84000,84999,1000,4390.0,dst,10,1,16,4174,3654,520,3654,51,52,0,408,40300,45492,175392,200352
MOOC,TGAT,full,85,85000,85999,1000,5319.0,dst,10,1,16,4438,3917,521,3917,60,60,0,348,42496,47880,188016,213024
MOOC,TGAT,full,86,86000,86999,1000,4924.0,dst,10,1,16,4720,4126,594,4126,107,107,0,312,44620,50816,198048,226560
MOOC,TGAT,full,87,87000,87999,1000,4282.0,dst,10,1,16,4550,3992,558,3992,62,62,0,324,43968,49272,191616,218400
MOOC,TGAT,full,88,88000,88999,1000,4335.0,dst,10,1,16,5520,4688,832,4688,91,91,0,240,50404,58900,225024,264960
MOOC,TGAT,full,89,89000,89999,1000,6562.0,dst,10,1,16,4500,3977,523,3977,76,76,0,384,43204,48280,190896,216000
MOOC,TGAT,full,90,90000,90999,1000,4550.0,dst,10,1,16,4030,3425,605,3425,55,56,0,492,37704,44104,164400,193440
MOOC,TGAT,full,91,91000,91999,1000,2057.0,dst,10,1,16,3891,3300,591,3300,45,45,0,456,36436,42700,158400,186768
MOOC,TGAT,full,92,92000,92999,1000,1950.0,dst,10,1,16,3691,3231,460,3231,48,49,0,456,35520,40332,155088,177168
MOOC,TGAT,full,93,93000,93999,1000,2495.0,dst,10,1,16,4208,3765,443,3765,59,59,0,348,41280,45544,180720,201984
MOOC,TGAT,full,94,94000,94999,1000,2555.0,dst,10,1,16,4301,3747,554,3747,55,56,0,360,41340,46896,179856,206448
MOOC,TGAT,full,95,95000,95999,1000,3505.0,dst,10,1,16,4799,4234,565,4234,92,92,0,312,45752,51572,203232,230352
MOOC,TGAT,full,96,96000,96999,1000,27905.0,dst,10,1,16,5015,4078,937,4078,84,85,0,288,44356,53536,195744,240720
MOOC,TGAT,full,97,97000,97999,1000,6628.0,dst,10,1,16,4046,3463,583,3463,75,76,0,336,38216,43908,166224,194208
MOOC,TGAT,full,98,98000,98999,1000,3932.0,dst,10,1,16,5087,4421,666,4421,95,98,0,264,47592,54452,212208,244176
MOOC,TGAT,full,99,99000,99999,1000,3516.0,dst,10,1,16,4879,4401,478,4401,65,65,0,300,47948,52784,211248,234192
MOOC,TGAT,full,100,100000,100999,1000,4370.0,dst,10,1,16,4830,4277,553,4277,85,85,0,312,46748,52304,205296,231840
MOOC,TGAT,full,101,101000,101999,1000,4918.0,dst,10,1,16,4664,4088,576,4088,66,66,0,300,44584,50348,196224,223872
MOOC,TGAT,full,102,102000,102999,1000,4603.0,dst,10,1,16,4702,4261,441,4261,54,55,0,264,46392,50896,204528,225696
MOOC,TGAT,full,103,103000,103999,1000,3611.0,dst,10,1,16,4321,3879,442,3879,85,85,0,372,42380,46964,186192,207408
MOOC,TGAT,full,104,104000,104999,1000,3275.0,dst,10,1,16,4684,4114,570,4114,80,82,0,360,44792,50772,197472,224832
MOOC,TGAT,full,105,105000,105999,1000,5472.0,dst,10,1,16,5682,5045,637,5045,102,102,0,240,54188,60536,242160,272736
MOOC,TGAT,full,106,106000,106999,1000,4277.0,dst,10,1,16,6840,5783,1057,5783,134,137,0,108,61916,72552,277584,328320
MOOC,TGAT,full,107,107000,107999,1000,3354.0,dst,10,1,16,5978,5102,876,5102,80,80,0,168,54884,63792,244896,286944
MOOC,TGAT,full,108,108000,108999,1000,2968.0,dst,10,1,16,8139,6619,1520,6619,191,193,0,72,69956,85568,317712,390672
MOOC,TGAT,full,109,109000,109999,1000,3542.0,dst,10,1,16,7637,6340,1297,6340,198,200,0,120,66936,80420,304320,366576
MOOC,TGAT,full,110,110000,110999,1000,4071.0,dst,10,1,16,7553,5983,1570,5983,144,146,0,120,63416,79736,287184,362544
MOOC,TGAT,full,111,111000,111999,1000,30102.0,dst,10,1,16,7978,6444,1534,6444,234,237,0,120,68344,83932,309312,382944
MOOC,TGAT,full,112,112000,112999,1000,5576.0,dst,10,1,16,7196,5816,1380,5816,140,142,0,156,61928,75584,279168,345408
MOOC,TGAT,full,113,113000,113999,1000,3518.0,dst,10,1,16,7273,5912,1361,5912,142,146,0,96,63140,76876,283776,349104
MOOC,TGAT,full,114,114000,114999,1000,4476.0,dst,10,1,16,7400,6224,1176,6224,198,204,0,84,65952,78064,298752,355200
MOOC,TGAT,full,115,115000,115999,1000,4606.0,dst,10,1,16,7308,6059,1249,6059,148,149,0,168,64400,77416,290832,350784
MOOC,TGAT,full,116,116000,116999,1000,4304.0,dst,10,1,16,7391,6100,1291,6100,132,133,0,144,64524,77884,292800,354768
MOOC,TGAT,full,117,117000,117999,1000,5085.0,dst,10,1,16,6960,5826,1134,5826,131,132,0,156,62284,73468,279648,334080
MOOC,TGAT,full,118,118000,118999,1000,3973.0,dst,10,1,16,7270,5985,1285,5985,137,141,0,132,63656,76592,287280,348960
MOOC,TGAT,full,119,119000,119999,1000,4755.0,dst,10,1,16,8724,6538,2186,6538,173,175,0,120,69132,91768,313824,418752
MOOC,TGAT,full,120,120000,120999,1000,5006.0,dst,10,1,16,7857,6325,1532,6325,197,199,0,72,67220,82844,303600,377136
MOOC,TGAT,full,121,121000,121999,1000,3026.0,dst,10,1,16,7416,6107,1309,6107,224,227,0,156,64924,78480,293136,355968
MOOC,TGAT,full,122,122000,122999,1000,2701.0,dst,10,1,16,8122,6541,1581,6541,150,153,0,84,68992,85260,313968,389856
MOOC,TGAT,full,123,123000,123999,1000,2607.0,dst,10,1,16,7530,6244,1286,6244,163,163,0,108,66376,79140,299712,361440
MOOC,TGAT,full,124,124000,124999,1000,3062.0,dst,10,1,16,7609,6270,1339,6270,139,141,0,156,66572,80240,300960,365232
MOOC,TGAT,full,125,125000,125999,1000,12910.0,dst,10,1,16,7410,6065,1345,6065,191,192,0,120,64524,78340,291120,355680
MOOC,TGAT,full,126,126000,126999,1000,25758.0,dst,10,1,16,6324,5150,1174,5150,153,156,0,168,55228,67188,247200,303552
MOOC,TGAT,full,127,127000,127999,1000,4868.0,dst,10,1,16,7375,6196,1179,6196,157,158,0,108,65908,77892,297408,354000
MOOC,TGAT,full,128,128000,128999,1000,5237.0,dst,10,1,16,6618,5716,902,5716,162,167,0,132,61080,70276,274368,317664
MOOC,TGAT,full,129,129000,129999,1000,5478.0,dst,10,1,16,6714,5712,1002,5712,160,164,0,156,60956,71228,274176,322272
MOOC,TGAT,full,130,130000,130999,1000,4235.0,dst,10,1,16,7386,6130,1256,6130,145,146,0,156,65360,78136,294240,354528
MOOC,TGAT,full,131,131000,131999,1000,4209.0,dst,10,1,16,8207,6792,1415,6792,162,167,0,60,71864,86596,326016,393936
MOOC,TGAT,full,132,132000,132999,1000,5215.0,dst,10,1,16,9094,7211,1883,7211,217,223,0,36,76120,95336,346128,436512
MOOC,TGAT,full,133,133000,133999,1000,5634.0,dst,10,1,16,8775,6812,1963,6812,154,157,0,36,71784,91624,326976,421200
MOOC,TGAT,full,134,134000,134999,1000,3274.0,dst,10,1,16,8884,7384,1500,7384,228,238,0,72,78088,93152,354432,426432
MOOC,TGAT,full,135,135000,135999,1000,2094.0,dst,10,1,16,8139,6704,1435,6704,182,187,0,96,70652,85580,321792,390672
MOOC,TGAT,full,136,136000,136999,1000,2411.0,dst,10,1,16,9699,7562,2137,7562,194,198,0,108,79736,101272,362976,465552
MOOC,TGAT,full,137,137000,137999,1000,2516.0,dst,10,1,16,8467,6959,1508,6959,176,177,0,108,73456,89000,334032,406416
MOOC,TGAT,full,138,138000,138999,1000,3140.0,dst,10,1,16,9571,7496,2075,7496,227,230,0,48,78796,100152,359808,459408
MOOC,TGAT,full,139,139000,139999,1000,33548.0,dst,10,1,16,9988,7594,2394,7594,244,252,0,60,79836,104108,364512,479424
MOOC,TGAT,full,140,140000,140999,1000,6477.0,dst,10,1,16,8699,6882,1817,6882,198,205,0,108,72860,91092,330336,417552
MOOC,TGAT,full,141,141000,141999,1000,4868.0,dst,10,1,16,10973,8148,2825,8148,237,240,0,48,85704,114528,391104,526704
MOOC,TGAT,full,142,142000,142999,1000,7281.0,dst,10,1,16,10529,7849,2680,7849,270,274,0,72,82652,109772,376752,505392
MOOC,TGAT,full,143,143000,143999,1000,5135.0,dst,10,1,16,9467,7635,1832,7635,214,218,0,36,80260,98984,366480,454416
MOOC,TGAT,full,144,144000,144999,1000,4476.0,dst,10,1,16,9816,7459,2357,7459,205,207,0,60,78704,102772,358032,471168
MOOC,TGAT,full,145,145000,145999,1000,4550.0,dst,10,1,16,10447,8074,2373,8074,260,262,0,0,84972,109392,387552,501456
MOOC,TGAT,full,146,146000,146999,1000,5890.0,dst,10,1,16,10461,7966,2495,7966,259,263,0,24,83564,109232,382368,502128
MOOC,TGAT,full,147,147000,147999,1000,3203.0,dst,10,1,16,9744,7750,1994,7750,298,309,0,60,81576,101728,372000,467712
MOOC,TGAT,full,148,148000,148999,1000,3288.0,dst,10,1,16,11244,8492,2752,8492,263,268,0,36,89044,117104,407616,539712
MOOC,TGAT,full,149,149000,149999,1000,2640.0,dst,10,1,16,11782,9118,2664,9118,335,342,0,0,95552,122764,437664,565536
MOOC,TGAT,full,150,150000,150999,1000,2501.0,dst,10,1,16,13368,9856,3512,9856,399,414,0,0,102996,138812,473088,641664
MOOC,TGAT,full,151,151000,151999,1000,3790.0,dst,10,1,16,13555,9893,3662,9893,361,366,0,0,103260,140388,474864,650640
MOOC,TGAT,full,152,152000,152999,1000,32522.0,dst,10,1,16,14240,10362,3878,10362,358,369,0,0,108224,147904,497376,683520
MOOC,TGAT,full,153,153000,153999,1000,7018.0,dst,10,1,16,14471,10219,4252,10219,423,441,0,0,107000,149976,490512,694608
MOOC,TGAT,full,154,154000,154999,1000,7213.0,dst,10,1,16,15415,11243,4172,11243,535,548,0,0,117504,159892,539664,739920
MOOC,TGAT,full,155,155000,155999,1000,5870.0,dst,10,1,16,14443,10347,4096,10347,390,399,0,12,107984,149896,496656,693264
MOOC,TGAT,full,156,156000,156999,1000,4691.0,dst,10,1,16,15521,11099,4422,11099,538,556,0,24,115820,160760,532752,745008
MOOC,TGAT,full,157,157000,157999,1000,4622.0,dst,10,1,16,13944,10326,3618,10326,373,380,0,12,108032,144692,495648,669312
MOOC,TGAT,full,158,158000,158999,1000,8031.0,dst,10,1,16,15808,11289,4519,11289,498,514,0,0,117512,163668,541872,758784
MOOC,TGAT,full,159,159000,159999,1000,4699.0,dst,10,1,16,15975,11570,4405,11570,541,561,0,0,120280,165704,555360,766800
MOOC,TGAT,full,160,160000,160999,1000,3775.0,dst,10,1,16,17140,12380,4760,12380,536,548,0,0,128996,177016,594240,822720
MOOC,TGAT,full,161,161000,161999,1000,2911.0,dst,10,1,16,17039,12163,4876,12163,568,591,0,0,126732,175976,583824,817872
MOOC,TGAT,full,162,162000,162999,1000,3327.0,dst,10,1,16,17383,12872,4511,12872,605,635,0,0,133720,179796,617856,834384
MOOC,TGAT,full,163,163000,163999,1000,34101.0,dst,10,1,16,17546,12273,5273,12273,565,578,0,0,127236,181652,589104,842208
MOOC,TGAT,full,164,164000,164999,1000,6676.0,dst,10,1,16,15769,11300,4469,11300,532,548,0,24,117868,163096,542400,756912
MOOC,TGAT,full,165,165000,165999,1000,5521.0,dst,10,1,16,16805,11736,5069,11736,594,615,0,0,122100,173688,563328,806640
MOOC,TGAT,full,166,166000,166999,1000,8177.0,dst,10,1,16,16045,11621,4424,11621,479,489,0,0,120864,166196,557808,770160
MOOC,TGAT,full,167,167000,167999,1000,7552.0,dst,10,1,16,16569,12088,4481,12088,618,634,0,0,125576,171068,580224,795312
MOOC,TGAT,full,168,168000,168999,1000,6092.0,dst,10,1,16,17611,12822,4789,12822,641,664,0,0,133344,181800,615456,845328
MOOC,TGAT,full,169,169000,169999,1000,6474.0,dst,10,1,16,19123,13395,5728,13395,633,658,0,0,139040,197528,642960,917904
MOOC,TGAT,full,170,170000,170999,1000,3511.0,dst,10,1,16,20216,14351,5865,14351,882,914,0,0,148864,208860,688848,970368
MOOC,TGAT,full,171,171000,171999,1000,3138.0,dst,10,1,16,20026,14699,5327,14699,798,830,0,0,152368,206560,705552,961248
MOOC,TGAT,full,172,172000,172999,1000,3052.0,dst,10,1,16,19120,13877,5243,13877,732,755,0,0,143856,197332,666096,917760
MOOC,TGAT,full,173,173000,173999,1000,4867.0,dst,10,1,16,18439,12975,5464,12975,602,635,0,0,135128,190376,622800,885072
MOOC,TGAT,full,174,174000,174999,1000,34547.0,dst,10,1,16,16105,12088,4017,12088,569,590,0,0,125848,167168,580224,773040
MOOC,TGAT,full,175,175000,175999,1000,5026.0,dst,10,1,16,14071,11370,2701,11370,540,562,0,0,118440,145892,545760,675408
MOOC,TGAT,full,176,176000,176999,1000,4264.0,dst,10,1,16,14529,11846,2683,11846,610,624,0,0,123184,150548,568608,697392
MOOC,TGAT,full,177,177000,177999,1000,5329.0,dst,10,1,16,14343,11400,2943,11400,548,574,0,12,118656,148752,547200,688464
MOOC,TGAT,full,178,178000,178999,1000,4819.0,dst,10,1,16,14390,11047,3343,11047,463,482,0,0,115444,149060,530256,690720
MOOC,TGAT,full,179,179000,179999,1000,3306.0,dst,10,1,16,14473,11846,2627,11846,575,583,0,24,123336,150160,568608,694704
MOOC,TGAT,full,180,180000,180999,1000,2615.0,dst,10,1,16,13872,10608,3264,10608,444,457,0,12,110628,143800,509184,665856
MOOC,TGAT,full,181,181000,181999,1000,3238.0,dst,10,1,16,14404,11372,3032,11372,506,526,0,0,118168,149164,545856,691392
MOOC,TGAT,full,182,182000,182999,1000,5197.0,dst,10,1,16,13856,11236,2620,11236,501,515,0,12,117100,143636,539328,665088
MOOC,TGAT,full,183,183000,183999,1000,3745.0,dst,10,1,16,13200,10461,2739,10461,482,494,0,24,109108,136820,502128,633600
MOOC,TGAT,full,184,184000,184999,1000,3546.0,dst,10,1,16,14325,11322,3003,11322,544,559,0,12,117708,148740,543456,687600
MOOC,TGAT,full,185,185000,185999,1000,2431.0,dst,10,1,16,14006,11192,2814,11192,506,525,0,12,116704,145204,537216,672288
MOOC,TGAT,full,186,186000,186999,1000,2481.0,dst,10,1,16,14550,11405,3145,11405,521,537,0,0,118588,150684,547440,698400
MOOC,TGAT,full,187,187000,187999,1000,3022.0,dst,10,1,16,15120,11675,3445,11675,561,574,0,0,121780,156540,560400,725760
MOOC,TGAT,full,188,188000,188999,1000,5350.0,dst,10,1,16,17372,12837,4535,12837,671,693,0,0,133160,179660,616176,833856
MOOC,TGAT,full,189,189000,189999,1000,33348.0,dst,10,1,16,16072,12253,3819,12253,566,574,0,0,127600,166640,588144,771456
MOOC,TGAT,full,190,190000,190999,1000,3569.0,dst,10,1,16,16265,12405,3860,12405,572,589,0,0,128916,168312,595440,780720
MOOC,TGAT,full,191,191000,191999,1000,3859.0,dst,10,1,16,15871,13008,2863,13008,736,780,0,12,135244,164560,624384,761808
MOOC,TGAT,full,192,192000,192999,1000,5147.0,dst,10,1,16,15118,12091,3027,12091,594,616,0,24,125828,156852,580368,725664
MOOC,TGAT,full,193,193000,193999,1000,4124.0,dst,10,1,16,15461,12533,2928,12533,610,631,0,0,129992,159836,601584,742128
MOOC,TGAT,full,194,194000,194999,1000,3870.0,dst,10,1,16,14484,11645,2839,11645,551,564,0,0,121492,150376,558960,695232
MOOC,TGAT,full,195,195000,195999,1000,3710.0,dst,10,1,16,14840,12034,2806,12034,598,620,0,0,124720,153728,577632,712320
MOOC,TGAT,full,196,196000,196999,1000,4692.0,dst,10,1,16,17245,13553,3692,13553,697,726,0,0,140620,178160,650544,827760
MOOC,TGAT,full,197,197000,197999,1000,4784.0,dst,10,1,16,13251,10452,2799,10452,441,463,0,36,109048,137476,501696,636048
MOOC,TGAT,full,198,198000,198999,1000,3877.0,dst,10,1,16,16257,12906,3351,12906,677,692,0,0,134076,168116,619488,780336
MOOC,TGAT,full,199,199000,199999,1000,2663.0,dst,10,1,16,14524,11966,2558,11966,561,576,0,0,124696,150308,574368,697152
MOOC,TGAT,full,200,200000,200999,1000,2444.0,dst,10,1,16,15183,12053,3130,12053,600,623,0,12,125268,157136,578544,728784
MOOC,TGAT,full,201,201000,201999,1000,2116.0,dst,10,1,16,15443,12454,2989,12454,582,600,0,24,129636,159896,597792,741264
MOOC,TGAT,full,202,202000,202999,1000,2385.0,dst,10,1,16,16189,12872,3317,12872,698,732,0,0,133652,167396,617856,777072
MOOC,TGAT,full,203,203000,203999,1000,4402.0,dst,10,1,16,16285,12613,3672,12613,626,656,0,24,130908,168584,605424,781680
MOOC,TGAT,full,204,204000,204999,1000,32964.0,dst,10,1,16,17983,14030,3953,14030,750,772,0,0,145732,186212,673440,863184
MOOC,TGAT,full,205,205000,205999,1000,4456.0,dst,10,1,16,17062,13367,3695,13367,694,722,0,12,138904,176524,641616,818976
MOOC,TGAT,full,206,206000,206999,1000,3289.0,dst,10,1,16,15576,12524,3052,12524,637,654,0,0,129868,161436,601152,747648
MOOC,TGAT,full,207,207000,207999,1000,5163.0,dst,10,1,16,16094,12946,3148,12946,673,691,0,0,134340,166608,621408,772512
MOOC,TGAT,full,208,208000,208999,1000,4369.0,dst,10,1,16,16484,13051,3433,13051,711,744,0,0,135504,170404,626448,791232
MOOC,TGAT,full,209,209000,209999,1000,2939.0,dst,10,1,16,15978,12373,3605,12373,650,676,0,0,128448,165668,593904,766944
MOOC,TGAT,full,210,210000,210999,1000,2700.0,dst,10,1,16,16503,12969,3534,12969,647,670,0,0,134784,170920,622512,792144
MOOC,TGAT,full,211,211000,211999,1000,2823.0,dst,10,1,16,16548,13106,3442,13106,688,715,0,0,136168,171400,629088,794304
MOOC,TGAT,full,212,212000,212999,1000,2832.0,dst,10,1,16,18182,14453,3729,14453,782,820,0,0,149792,187676,693744,872736
MOOC,TGAT,full,213,213000,213999,1000,3500.0,dst,10,1,16,17324,13601,3723,13601,752,797,0,0,141216,179052,652848,831552
MOOC,TGAT,full,214,214000,214999,1000,3438.0,dst,10,1,16,15318,12265,3053,12265,579,607,0,0,127556,158760,588720,735264
MOOC,TGAT,full,215,215000,215999,1000,3172.0,dst,10,1,16,16890,13420,3470,13420,746,771,0,0,139568,174856,644160,810720
MOOC,TGAT,full,216,216000,216999,1000,2267.0,dst,10,1,16,17180,13454,3726,13454,696,722,0,12,139384,177748,645792,824640
MOOC,TGAT,full,217,217000,217999,1000,2265.0,dst,10,1,16,18356,14328,4028,14328,755,787,0,12,148720,189448,687744,881088
MOOC,TGAT,full,218,218000,218999,1000,2071.0,dst,10,1,16,18603,14549,4054,14549,806,842,0,0,150904,192172,698352,892944
MOOC,TGAT,full,219,219000,219999,1000,2051.0,dst,10,1,16,19589,14987,4602,14987,810,840,0,0,155360,201964,719376,940272
MOOC,TGAT,full,220,220000,220999,1000,2322.0,dst,10,1,16,17333,13608,3725,13608,705,720,0,0,141376,179268,653184,831984
MOOC,TGAT,full,221,221000,221999,1000,11272.0,dst,10,1,16,16404,13040,3364,13040,689,722,0,0,135688,169924,625920,787392
MOOC,TGAT,full,222,222000,222999,1000,26003.0,dst,10,1,16,16128,12464,3664,12464,628,662,0,0,129456,167008,598272,774144
MOOC,TGAT,full,223,223000,223999,1000,4611.0,dst,10,1,16,16909,12925,3984,12925,652,677,0,0,134248,174728,620400,811632
MOOC,TGAT,full,224,224000,224999,1000,6648.0,dst,10,1,16,17792,13739,4053,13739,759,799,0,12,142736,183684,659472,854016
MOOC,TGAT,full,225,225000,225999,1000,4680.0,dst,10,1,16,16896,13440,3456,13440,686,711,0,0,139452,174648,645120,811008
MOOC,TGAT,full,226,226000,226999,1000,4431.0,dst,10,1,16,17665,13970,3695,13970,816,853,0,0,144940,182736,670560,847920
MOOC,TGAT,full,227,227000,227999,1000,3982.0,dst,10,1,16,18110,14294,3816,14294,781,822,0,0,148224,187092,686112,869280
MOOC,TGAT,full,228,228000,228999,1000,3363.0,dst,10,1,16,17068,13439,3629,13439,743,774,0,0,139740,176444,645072,819264
MOOC,TGAT,full,229,229000,229999,1000,6302.0,dst,10,1,16,21069,15584,5485,15584,958,1000,0,0,161240,217088,748032,1011312
MOOC,TGAT,full,230,230000,230999,1000,3740.0,dst,10,1,16,19382,14432,4950,14432,817,859,0,0,149300,199800,692736,930336
MOOC,TGAT,full,231,231000,231999,1000,2770.0,dst,10,1,16,22532,17544,4988,17544,1198,1250,0,0,181672,232220,842112,1081536
MOOC,TGAT,full,232,232000,232999,1000,2640.0,dst,10,1,16,22054,16587,5467,16587,1048,1091,0,0,171572,227072,796176,1058592
MOOC,TGAT,full,233,233000,233999,1000,2062.0,dst,10,1,16,21778,17227,4551,17227,1037,1074,0,0,178092,224808,826896,1045344
MOOC,TGAT,full,234,234000,234999,1000,1975.0,dst,10,1,16,22132,16967,5165,16967,1121,1163,0,0,175276,228252,814416,1062336
MOOC,TGAT,full,235,235000,235999,1000,2575.0,dst,10,1,16,21091,16237,4854,16237,1034,1082,0,0,167932,217496,779376,1012368
MOOC,TGAT,full,236,236000,236999,1000,30821.0,dst,10,1,16,22915,16885,6030,16885,1101,1153,1,0,174580,235568,810480,1099920
MOOC,TGAT,full,237,237000,237999,1000,8811.0,dst,10,1,16,21670,16977,4693,16977,1079,1116,0,0,175312,223148,814896,1040160
MOOC,TGAT,full,238,238000,238999,1000,4249.0,dst,10,1,16,21851,17072,4779,17072,1190,1231,0,0,176604,225228,819456,1048848
MOOC,TGAT,full,239,239000,239999,1000,5595.0,dst,10,1,16,23925,17587,6338,17587,1242,1295,0,0,181580,246344,844176,1148400
MOOC,TGAT,full,240,240000,240999,1000,4168.0,dst,10,1,16,23256,17691,5565,17691,1215,1288,0,0,183052,239736,849168,1116288
MOOC,TGAT,full,241,241000,241999,1000,3727.0,dst,10,1,16,22164,16952,5212,16952,1156,1238,0,0,175256,228364,813696,1063872
MOOC,TGAT,full,242,242000,242999,1000,2711.0,dst,10,1,16,22030,16117,5913,16117,1024,1069,0,0,166712,227096,773616,1057440
MOOC,TGAT,full,243,243000,243999,1000,3361.0,dst,10,1,16,22543,17490,5053,17490,1117,1173,0,0,180596,232392,839520,1082064
MOOC,TGAT,full,244,244000,244999,1000,5678.0,dst,10,1,16,23798,18218,5580,18218,1245,1312,0,0,188076,245040,874464,1142304
MOOC,TGAT,full,245,245000,245999,1000,4026.0,dst,10,1,16,24433,17934,6499,17934,1164,1215,0,0,185448,251700,860832,1172784
MOOC,TGAT,full,246,246000,246999,1000,2569.0,dst,10,1,16,24029,17941,6088,17941,1262,1319,0,0,185068,247388,861168,1153392
MOOC,TGAT,full,247,247000,247999,1000,2201.0,dst,10,1,16,24677,19012,5665,19012,1329,1406,1,0,196576,254044,912576,1184496
MOOC,TGAT,full,248,248000,248999,1000,2107.0,dst,10,1,16,24770,19252,5518,19252,1338,1419,0,0,198580,255428,924096,1188960
MOOC,TGAT,full,249,249000,249999,1000,2167.0,dst,10,1,16,24806,19347,5459,19347,1309,1376,0,0,199780,255188,928656,1190688
MOOC,TGAT,full,250,250000,250999,1000,2332.0,dst,10,1,16,24063,18226,5837,18226,1324,1383,0,0,188136,247180,874848,1155024
MOOC,TGAT,full,251,251000,251999,1000,4103.0,dst,10,1,16,24484,18486,5998,18486,1272,1340,0,0,190524,252168,887328,1175232
MOOC,TGAT,full,252,252000,252999,1000,31108.0,dst,10,1,16,25571,18631,6940,18631,1286,1331,0,0,192616,263048,894288,1227408
MOOC,TGAT,full,253,253000,253999,1000,6599.0,dst,10,1,16,23538,18093,5445,18093,1229,1267,0,0,187140,241852,868464,1129824
MOOC,TGAT,full,254,254000,254999,1000,5480.0,dst,10,1,16,25764,19408,6356,19408,1427,1512,0,0,200328,265176,931584,1236672
MOOC,TGAT,full,255,255000,255999,1000,6120.0,dst,10,1,16,26917,19955,6962,19955,1559,1638,0,0,206276,276852,957840,1292016
MOOC,TGAT,full,256,256000,256999,1000,4707.0,dst,10,1,16,27312,19601,7711,19601,1397,1473,0,0,202100,280812,940848,1310976
MOOC,TGAT,full,257,257000,257999,1000,4373.0,dst,10,1,16,25636,18563,7073,18563,1275,1335,0,0,191636,263768,891024,1230528
MOOC,TGAT,full,258,258000,258999,1000,5774.0,dst,10,1,16,27285,20877,6408,20877,1812,1931,1,0,215596,280560,1002096,1309680
MOOC,TGAT,full,259,259000,259999,1000,5696.0,dst,10,1,16,26025,19263,6762,19263,1514,1602,0,0,198772,267632,924624,1249200
MOOC,TGAT,full,260,260000,260999,1000,4046.0,dst,10,1,16,26358,20045,6313,20045,1384,1458,0,0,206720,270996,962160,1265184
MOOC,TGAT,full,261,261000,261999,1000,3244.0,dst,10,1,16,25671,18851,6820,18851,1419,1490,0,0,194336,264144,904848,1232208
MOOC,TGAT,full,262,262000,262999,1000,2246.0,dst,10,1,16,26438,19858,6580,19858,1491,1578,0,0,204724,271992,953184,1269024
MOOC,TGAT,full,263,263000,263999,1000,2279.0,dst,10,1,16,25833,19822,6011,19822,1387,1452,0,0,204628,265768,951456,1239984
MOOC,TGAT,full,264,264000,264999,1000,3263.0,dst,10,1,16,26062,19777,6285,19777,1489,1576,0,0,204024,267632,949296,1250976
MOOC,TGAT,full,265,265000,265999,1000,32624.0,dst,10,1,16,26128,18800,7328,18800,1343,1403,0,0,194312,269188,902400,1254144
MOOC,TGAT,full,266,266000,266999,1000,6584.0,dst,10,1,16,25483,19289,6194,19289,1378,1450,0,0,199000,262500,925872,1223184
MOOC,TGAT,full,267,267000,267999,1000,4506.0,dst,10,1,16,25599,19033,6566,19033,1316,1384,0,0,196360,263640,913584,1228752
MOOC,TGAT,full,268,268000,268999,1000,5853.0,dst,10,1,16,25775,19135,6640,19135,1359,1423,0,0,197560,264932,918480,1237200
MOOC,TGAT,full,269,269000,269999,1000,5051.0,dst,10,1,16,24985,18778,6207,18778,1309,1368,0,0,193888,257248,901344,1199280
MOOC,TGAT,full,270,270000,270999,1000,3758.0,dst,10,1,16,24571,18653,5918,18653,1241,1296,0,0,192812,252912,895344,1179408
MOOC,TGAT,full,271,271000,271999,1000,3219.0,dst,10,1,16,25244,18628,6616,18628,1302,1366,0,0,192264,259636,894144,1211712
MOOC,TGAT,full,272,272000,272999,1000,5598.0,dst,10,1,16,24839,18190,6649,18190,1312,1395,1,0,188136,255508,873120,1192272
MOOC,TGAT,full,273,273000,273999,1000,6363.0,dst,10,1,16,25621,18852,6769,18852,1380,1452,0,0,195008,263548,904896,1229808
MOOC,TGAT,full,274,274000,274999,1000,2833.0,dst,10,1,16,25260,18593,6667,18593,1337,1400,0,0,191840,259696,892464,1212480
MOOC,TGAT,full,275,275000,275999,1000,2824.0,dst,10,1,16,26325,19801,6524,19801,1538,1617,0,0,204124,270608,950448,1263600
MOOC,TGAT,full,276,276000,276999,1000,3295.0,dst,10,1,16,26337,19414,6923,19414,1381,1451,0,0,200340,271040,931872,1264176
MOOC,TGAT,full,277,277000,277999,1000,4364.0,dst,10,1,16,27073,20078,6995,20078,1598,1686,0,0,207388,278088,963744,1299504
MOOC,TGAT,full,278,278000,278999,1000,31578.0,dst,10,1,16,27570,19836,7734,19836,1353,1408,0,0,204572,283280,952128,1323360
MOOC,TGAT,full,279,279000,279999,1000,5085.0,dst,10,1,16,27299,20654,6645,20654,1618,1705,0,0,213024,280752,991392,1310352
MOOC,TGAT,full,280,280000,280999,1000,3284.0,dst,10,1,16,27853,21780,6073,21780,1754,1885,3,0,224384,285876,1045440,1336944
MOOC,TGAT,full,281,281000,281999,1000,3742.0,dst,10,1,16,27441,21491,5950,21491,1668,1745,0,0,221640,282024,1031568,1317168
MOOC,TGAT,full,282,282000,282999,1000,4230.0,dst,10,1,16,26897,20446,6451,20446,1660,1770,0,0,210712,276556,981408,1291056
MOOC,TGAT,full,283,283000,283999,1000,3712.0,dst,10,1,16,26787,20082,6705,20082,1491,1551,0,0,206860,275528,963936,1285776
MOOC,TGAT,full,284,284000,284999,1000,3414.0,dst,10,1,16,26545,20586,5959,20586,1513,1586,0,0,212316,273352,988128,1274160
MOOC,TGAT,full,285,285000,285999,1000,2820.0,dst,10,1,16,27243,21214,6029,21214,1715,1825,1,0,218940,280248,1018272,1307664
MOOC,TGAT,full,286,286000,286999,1000,2843.0,dst,10,1,16,27503,21286,6217,21286,1732,1847,0,0,219304,282892,1021728,1320144
MOOC,TGAT,full,287,287000,287999,1000,3762.0,dst,10,1,16,28453,21690,6763,21690,1725,1835,2,0,223252,292020,1041120,1365744
MOOC,TGAT,full,288,288000,288999,1000,4798.0,dst,10,1,16,27646,21716,5930,21716,1654,1731,0,0,224076,283936,1042368,1327008
MOOC,TGAT,full,289,289000,289999,1000,3073.0,dst,10,1,16,27308,20643,6665,20643,1567,1644,0,0,213108,281004,990864,1310784
MOOC,TGAT,full,290,290000,290999,1000,2543.0,dst,10,1,16,28503,22186,6317,22186,1755,1864,0,0,228616,293244,1064928,1368144
MOOC,TGAT,full,291,291000,291999,1000,1878.0,dst,10,1,16,26923,21081,5842,21081,1705,1805,0,0,217440,277116,1011888,1292304
MOOC,TGAT,full,292,292000,292999,1000,1604.0,dst,10,1,16,26734,20213,6521,20213,1579,1690,1,0,208484,274840,970224,1283232
MOOC,TGAT,full,293,293000,293999,1000,1957.0,dst,10,1,16,27447,20927,6520,20927,1686,1769,0,0,215620,282320,1004496,1317456
MOOC,TGAT,full,294,294000,294999,1000,2058.0,dst,10,1,16,26080,19334,6746,19334,1447,1516,0,0,199664,268216,928032,1251840
MOOC,TGAT,full,295,295000,295999,1000,2062.0,dst,10,1,16,26917,19902,7015,19902,1542,1615,0,0,205064,276520,955296,1292016
MOOC,TGAT,full,296,296000,296999,1000,4201.0,dst,10,1,16,26537,19568,6969,19568,1427,1504,0,0,202204,272928,939264,1273776
MOOC,TGAT,full,297,297000,297999,1000,32778.0,dst,10,1,16,27778,20515,7263,20515,1654,1754,0,0,211596,285660,984720,1333344
MOOC,TGAT,full,298,298000,298999,1000,4058.0,dst,10,1,16,27981,20657,7324,20657,1563,1651,0,0,212852,287548,991536,1343088
MOOC,TGAT,full,299,299000,299999,1000,3076.0,dst,10,1,16,26860,20673,6187,20673,1603,1681,0,0,213116,276328,992304,1289280
MOOC,TGAT,full,300,300000,300999,1000,4838.0,dst,10,1,16,27438,21647,5791,21647,1668,1757,0,0,223000,282012,1039056,1317024
MOOC,TGAT,full,301,301000,301999,1000,4050.0,dst,10,1,16,26575,20321,6254,20321,1529,1608,0,0,209592,273512,975408,1275600
MOOC,TGAT,full,302,302000,302999,1000,3366.0,dst,10,1,16,26754,20419,6335,20419,1521,1611,0,0,210244,275252,980112,1284192
MOOC,TGAT,full,303,303000,303999,1000,2662.0,dst,10,1,16,26354,20259,6095,20259,1571,1653,0,0,208996,271088,972432,1264992
MOOC,TGAT,full,304,304000,304999,1000,3617.0,dst,10,1,16,26104,20601,5503,20601,1459,1523,0,0,212372,268800,988848,1252992
MOOC,TGAT,full,305,305000,305999,1000,3052.0,dst,10,1,16,27014,20497,6517,20497,1575,1659,0,0,211436,277892,983856,1296672
MOOC,TGAT,full,306,306000,306999,1000,4490.0,dst,10,1,16,27662,20979,6683,20979,1650,1733,0,0,216468,284172,1006992,1327776
MOOC,TGAT,full,307,307000,307999,1000,3564.0,dst,10,1,16,27859,21115,6744,21115,1773,1874,0,0,217668,286356,1013520,1337232
MOOC,TGAT,full,308,308000,308999,1000,2323.0,dst,10,1,16,26691,20863,5828,20863,1705,1802,0,0,215336,274356,1001424,1281168
MOOC,TGAT,full,309,309000,309999,1000,2252.0,dst,10,1,16,27258,21039,6219,21039,1649,1745,0,0,216740,280456,1009872,1308384
MOOC,TGAT,full,310,310000,310999,1000,2345.0,dst,10,1,16,27831,21624,6207,21624,1836,1959,0,0,222872,286144,1037952,1335888
MOOC,TGAT,full,311,311000,311999,1000,2493.0,dst,10,1,16,26384,19987,6397,19987,1597,1693,0,0,206412,270996,959376,1266432
MOOC,TGAT,full,312,312000,312999,1000,2870.0,dst,10,1,16,28444,21030,7414,21030,1631,1719,0,0,216652,292124,1009440,1365312
MOOC,TGAT,full,313,313000,313999,1000,6935.0,dst,10,1,16,28227,21007,7220,21007,1553,1642,0,0,216616,290064,1008336,1354896
MOOC,TGAT,full,314,314000,314999,1000,30555.0,dst,10,1,16,29562,21477,8085,21477,1692,1772,0,0,221764,303696,1030896,1418976
MOOC,TGAT,full,315,315000,315999,1000,4252.0,dst,10,1,16,29222,22048,7174,22048,1852,1962,0,0,227244,300244,1058304,1402656
MOOC,TGAT,full,316,316000,316999,1000,3240.0,dst,10,1,16,27415,20603,6812,20603,1609,1704,0,0,212364,281736,988944,1315920
MOOC,TGAT,full,317,317000,317999,1000,5094.0,dst,10,1,16,28786,21382,7404,21382,1758,1873,0,0,220368,295612,1026336,1381728
MOOC,TGAT,full,318,318000,318999,1000,4261.0,dst,10,1,16,27719,21075,6644,21075,1734,1843,1,0,217292,285192,1011600,1330512
MOOC,TGAT,full,319,319000,319999,1000,3450.0,dst,10,1,16,28298,21122,7176,21122,1645,1741,0,0,217624,290828,1013856,1358304
MOOC,TGAT,full,320,320000,320999,1000,3845.0,dst,10,1,16,26651,20071,6580,20071,1482,1555,0,0,207228,274268,963408,1279248
MOOC,TGAT,full,321,321000,321999,1000,3335.0,dst,10,1,16,28643,21724,6919,21724,1789,1899,1,0,224008,294468,1042752,1374864
MOOC,TGAT,full,322,322000,322999,1000,3998.0,dst,10,1,16,27619,20400,7219,20400,1548,1632,0,0,210144,283816,979200,1325712
MOOC,TGAT,full,323,323000,323999,1000,4281.0,dst,10,1,16,28894,21890,7004,21890,1804,1932,0,0,225424,296824,1050720,1386912
MOOC,TGAT,full,324,324000,324999,1000,3004.0,dst,10,1,16,27785,21758,6027,21758,1755,1853,0,0,224408,285844,1044384,1333680
MOOC,TGAT,full,325,325000,325999,1000,2130.0,dst,10,1,16,27101,21139,5962,21139,1571,1650,0,0,217956,278980,1014672,1300848
MOOC,TGAT,full,326,326000,326999,1000,2216.0,dst,10,1,16,27218,20772,6446,20772,1588,1662,0,0,213940,280136,997056,1306464
MOOC,TGAT,full,327,327000,327999,1000,2188.0,dst,10,1,16,26955,20406,6549,20406,1520,1608,0,0,210428,277320,979488,1293840
MOOC,TGAT,full,328,328000,328999,1000,2617.0,dst,10,1,16,28044,21564,6480,21564,1703,1798,0,0,222748,288416,1035072,1346112
MOOC,TGAT,full,329,329000,329999,1000,4916.0,dst,10,1,16,27802,20857,6945,20857,1702,1819,0,0,215164,285740,1001136,1334496
MOOC,TGAT,full,330,330000,330999,1000,31496.0,dst,10,1,16,28822,21671,7151,21671,1799,1910,0,0,223252,296044,1040208,1383456
MOOC,TGAT,full,331,331000,331999,1000,5378.0,dst,10,1,16,28576,21553,7023,21553,1771,1881,0,0,222312,293508,1034544,1371648
MOOC,TGAT,full,332,332000,332999,1000,3740.0,dst,10,1,16,28726,22176,6550,22176,1795,1896,0,0,228788,295096,1064448,1378848
MOOC,TGAT,full,333,333000,333999,1000,4750.0,dst,10,1,16,28079,21341,6738,21341,1714,1807,0,0,220256,288716,1024368,1347792
MOOC,TGAT,full,334,334000,334999,1000,4046.0,dst,10,1,16,28197,21370,6827,21370,1680,1790,0,0,220404,289492,1025760,1353456
MOOC,TGAT,full,335,335000,335999,1000,3683.0,dst,10,1,16,28075,21683,6392,21683,1792,1901,0,0,223672,288496,1040784,1347600
MOOC,TGAT,full,336,336000,336999,1000,4790.0,dst,10,1,16,29217,22747,6470,22747,1891,1989,0,0,234348,299992,1091856,1402416
MOOC,TGAT,full,337,337000,337999,1000,4081.0,dst,10,1,16,28015,20886,7129,20886,1538,1608,0,0,215452,288004,1002528,1344720
MOOC,TGAT,full,338,338000,338999,1000,6484.0,dst,10,1,16,28614,21345,7269,21345,1687,1785,0,0,219808,294144,1024560,1373472
MOOC,TGAT,full,339,339000,339999,1000,3776.0,dst,10,1,16,29149,22103,7046,22103,1913,2039,0,0,227940,300040,1060944,1399152
MOOC,TGAT,full,340,340000,340999,1000,2341.0,dst,10,1,16,28554,21780,6774,21780,1765,1870,1,0,224636,293576,1045440,1370592
MOOC,TGAT,full,341,341000,341999,1000,1861.0,dst,10,1,16,27893,21819,6074,21819,1847,1972,2,0,225196,286540,1047312,1338864
MOOC,TGAT,full,342,342000,342999,1000,1519.0,dst,10,1,16,28015,21158,6857,21158,1654,1737,0,0,218208,287984,1015584,1344720
MOOC,TGAT,full,343,343000,343999,1000,2226.0,dst,10,1,16,28117,21390,6727,21390,1705,1807,2,0,220448,289240,1026720,1349616
MOOC,TGAT,full,344,344000,344999,1000,2885.0,dst,10,1,16,27479,21111,6368,21111,1682,1779,0,0,217292,282548,1013328,1318992
MOOC,TGAT,full,345,345000,345999,1000,32998.0,dst,10,1,16,28576,21828,6748,21828,1735,1841,0,0,225148,293368,1047744,1371648
MOOC,TGAT,full,346,346000,346999,1000,7100.0,dst,10,1,16,27970,21304,6666,21304,1662,1745,0,0,219612,287652,1022592,1342560
MOOC,TGAT,full,347,347000,347999,1000,5540.0,dst,10,1,16,26799,20534,6265,20534,1516,1606,1,0,212076,275892,985632,1286352
MOOC,TGAT,full,348,348000,348999,1000,5384.0,dst,10,1,16,28715,21749,6966,21749,1760,1847,0,0,223984,294868,1043952,1378320
MOOC,TGAT,full,349,349000,349999,1000,3476.0,dst,10,1,16,29617,22713,6904,22713,2028,2165,0,0,233808,304508,1090224,1421616
MOOC,TGAT,full,350,350000,350999,1000,4421.0,dst,10,1,16,27383,21127,6256,21127,1697,1809,0,0,217840,281520,1014096,1314384
MOOC,TGAT,full,351,351000,351999,1000,4132.0,dst,10,1,16,29058,22337,6721,22337,1907,2029,0,0,230044,298584,1072176,1394784
MOOC,TGAT,full,352,352000,352999,1000,4784.0,dst,10,1,16,27607,20355,7252,20355,1522,1601,0,0,209868,283864,977040,1325136
MOOC,TGAT,full,353,353000,353999,1000,4888.0,dst,10,1,16,28599,21014,7585,21014,1640,1721,0,0,216836,293988,1008672,1372752
MOOC,TGAT,full,354,354000,354999,1000,2790.0,dst,10,1,16,28051,21050,7001,21050,1670,1777,0,0,217028,288072,1010400,1346448
MOOC,TGAT,full,355,355000,355999,1000,2033.0,dst,10,1,16,28588,21892,6696,21892,1795,1907,0,0,225596,293644,1050816,1372224
MOOC,TGAT,full,356,356000,356999,1000,2348.0,dst,10,1,16,28296,21846,6450,21846,1836,1961,0,0,224932,290828,1048608,1358208
MOOC,TGAT,full,357,357000,357999,1000,1923.0,dst,10,1,16,27351,20797,6554,20797,1642,1736,0,0,214568,281384,998256,1312848
MOOC,TGAT,full,358,358000,358999,1000,2053.0,dst,10,1,16,28213,21951,6262,21951,1768,1889,1,0,226328,290028,1053648,1354224
MOOC,TGAT,full,359,359000,359999,1000,2727.0,dst,10,1,16,26136,20030,6106,20030,1512,1609,0,0,206700,268880,961440,1254528
MOOC,TGAT,full,360,360000,360999,1000,24580.0,dst,10,1,16,27840,21038,6802,21038,1587,1681,0,0,217016,286368,1009824,1336320
MOOC,TGAT,full,361,361000,361999,1000,13723.0,dst,10,1,16,29418,21501,7917,21501,1776,1870,0,0,221524,302460,1032048,1412064
MOOC,TGAT,full,362,362000,362999,1000,5531.0,dst,10,1,16,30503,22626,7877,22626,1882,1996,0,0,233032,313040,1086048,1464144
MOOC,TGAT,full,363,363000,363999,1000,4815.0,dst,10,1,16,30273,22303,7970,22303,1917,2045,0,0,229772,311028,1070544,1453104
MOOC,TGAT,full,364,364000,364999,1000,4892.0,dst,10,1,16,30290,22243,8047,22243,1897,2021,1,0,228808,311200,1067664,1453920
MOOC,TGAT,full,365,365000,365999,1000,4463.0,dst,10,1,16,30205,22390,7815,22390,1863,1985,0,0,230904,310320,1074720,1449840
MOOC,TGAT,full,366,366000,366999,1000,3700.0,dst,10,1,16,30269,22996,7273,22996,1987,2124,0,0,236944,311280,1103808,1452912
MOOC,TGAT,full,367,367000,367999,1000,2873.0,dst,10,1,16,30218,22513,7705,22513,1894,2019,0,0,231796,310468,1080624,1450464
MOOC,TGAT,full,368,368000,368999,1000,6489.0,dst,10,1,16,30454,22762,7692,22762,1982,2113,0,0,234620,312720,1092576,1461792
MOOC,TGAT,full,369,369000,369999,1000,4036.0,dst,10,1,16,30318,22294,8024,22294,1850,1965,0,0,229860,311348,1070112,1455264
MOOC,TGAT,full,370,370000,370999,1000,2639.0,dst,10,1,16,30412,22322,8090,22322,1854,1966,0,0,229772,312560,1071456,1459776
MOOC,TGAT,full,371,371000,371999,1000,2054.0,dst,10,1,16,30219,22485,7734,22485,1962,2077,0,0,231956,310320,1079280,1450512
MOOC,TGAT,full,372,372000,372999,1000,2213.0,dst,10,1,16,30099,22584,7515,22584,1934,2059,0,0,232688,309280,1084032,1444752
MOOC,TGAT,full,373,373000,373999,1000,2905.0,dst,10,1,16,30252,21367,8885,21367,1745,1839,0,0,220196,310708,1025616,1452096
MOOC,TGAT,full,374,374000,374999,1000,22516.0,dst,10,1,16,30292,22046,8246,22046,1752,1835,0,0,226980,311348,1058208,1454016
MOOC,TGAT,full,375,375000,375999,1000,15875.0,dst,10,1,16,30962,22948,8014,22948,1976,2106,0,0,236144,317920,1101504,1486176
MOOC,TGAT,full,376,376000,376999,1000,5630.0,dst,10,1,16,30742,23138,7604,23138,1955,2080,1,0,238532,315600,1110624,1475616
MOOC,TGAT,full,377,377000,377999,1000,6439.0,dst,10,1,16,30677,23144,7533,23144,2036,2172,1,0,238236,314880,1110912,1472496
MOOC,TGAT,full,378,378000,378999,1000,5858.0,dst,10,1,16,30505,22890,7615,22890,2014,2163,0,0,235640,313268,1098720,1464240
MOOC,TGAT,full,379,379000,379999,1000,4307.0,dst,10,1,16,30387,22671,7716,22671,1965,2094,1,0,233764,312240,1088208,1458576
MOOC,TGAT,full,380,380000,380999,1000,3594.0,dst,10,1,16,30703,23240,7463,23240,1952,2076,1,0,239036,314960,1115520,1473744
MOOC,TGAT,full,381,381000,381999,1000,4915.0,dst,10,1,16,30365,22557,7808,22557,1914,2027,0,0,232472,311816,1082736,1457520
MOOC,TGAT,full,382,382000,382999,1000,5142.0,dst,10,1,16,30443,21539,8904,21539,1718,1831,0,0,221704,312640,1033872,1461264
MOOC,TGAT,full,383,383000,383999,1000,3131.0,dst,10,1,16,30703,23129,7574,23129,1983,2101,1,0,238452,315280,1110192,1473744
MOOC,TGAT,full,384,384000,384999,1000,2230.0,dst,10,1,16,30206,21840,8366,21840,1714,1818,0,0,225000,310068,1048320,1449888
MOOC,TGAT,full,385,385000,385999,1000,2241.0,dst,10,1,16,29916,20544,9372,20544,1513,1592,0,0,211768,307280,986112,1435968
MOOC,TGAT,full,386,386000,386999,1000,2874.0,dst,10,1,16,30264,22380,7884,22380,1895,2013,0,0,230320,311200,1074240,1452672
MOOC,TGAT,full,387,387000,387999,1000,2704.0,dst,10,1,16,30059,21456,8603,21456,1801,1905,0,0,221228,309120,1029888,1442832
MOOC,TGAT,full,388,388000,388999,1000,11155.0,dst,10,1,16,30286,20430,9856,20430,1577,1664,0,0,210496,310960,980640,1453728
MOOC,TGAT,full,389,389000,389999,1000,25699.0,dst,10,1,16,30381,22402,7979,22402,1960,2110,0,0,230892,311976,1075296,1458288
MOOC,TGAT,full,390,390000,390999,1000,3107.0,dst,10,1,16,30516,23315,7201,23315,1923,2055,0,0,240064,313520,1119120,1464768
MOOC,TGAT,full,391,391000,391999,1000,3074.0,dst,10,1,16,30710,23691,7019,23691,2041,2160,0,0,243908,315520,1137168,1474080
MOOC,TGAT,full,392,392000,392999,1000,4652.0,dst,10,1,16,30617,23593,7024,23593,2068,2212,0,0,242936,314640,1132464,1469616
MOOC,TGAT,full,393,393000,393999,1000,3786.0,dst,10,1,16,30387,22996,7391,22996,1960,2063,0,0,236464,311760,1103808,1458576
MOOC,TGAT,full,394,394000,394999,1000,3292.0,dst,10,1,16,30426,23026,7400,23026,1962,2080,0,0,236964,312720,1105248,1460448
MOOC,TGAT,full,395,395000,395999,1000,2847.0,dst,10,1,16,30694,24098,6596,24098,2213,2362,1,0,247876,315040,1156704,1473312
MOOC,TGAT,full,396,396000,396999,1000,2266.0,dst,10,1,16,30388,22851,7537,22851,1931,2033,0,0,235628,312080,1096848,1458624
MOOC,TGAT,full,397,397000,397999,1000,2379.0,dst,10,1,16,30356,23193,7163,23193,1915,2021,0,0,238864,311840,1113264,1457088
MOOC,TGAT,full,398,398000,398999,1000,2455.0,dst,10,1,16,30304,23563,6741,23563,2025,2142,0,0,242308,311360,1131024,1454592
MOOC,TGAT,full,399,399000,399999,1000,4046.0,dst,10,1,16,30241,22558,7683,22558,1854,1971,0,0,232540,310640,1082784,1451568
MOOC,TGAT,full,400,400000,400999,1000,3721.0,dst,10,1,16,30458,23048,7410,23048,2008,2130,0,0,237388,312640,1106304,1461984
MOOC,TGAT,full,401,401000,401999,1000,2387.0,dst,10,1,16,30553,22770,7783,22770,1852,1969,0,0,234736,313840,1092960,1466544
MOOC,TGAT,full,402,402000,402999,1000,1810.0,dst,10,1,16,30179,22550,7629,22550,1903,1991,0,0,232608,310000,1082400,1448592
MOOC,TGAT,full,403,403000,403999,1000,1659.0,dst,10,1,16,30151,22731,7420,22731,1897,2018,0,0,233832,309840,1091088,1447248
MOOC,TGAT,full,404,404000,404999,1000,1323.0,dst,10,1,16,30160,22077,8083,22077,1777,1878,0,0,227460,309920,1059696,1447680
MOOC,TGAT,full,405,405000,405999,1000,1270.0,dst,10,1,16,30023,22191,7832,22191,1967,2055,0,0,228396,308228,1065168,1441104
MOOC,TGAT,full,406,406000,406999,1000,1122.0,dst,10,1,16,29900,20322,9578,20322,1541,1613,0,0,209696,307040,975456,1435200
MOOC,TGAT,full,407,407000,407999,1000,1124.0,dst,10,1,16,29924,21428,8496,21428,1705,1802,1,0,220540,307600,1028544,1436352
MOOC,TGAT,full,408,408000,408999,1000,1406.0,dst,10,1,16,30087,22339,7748,22339,1847,1961,1,0,229840,308948,1072272,1444176
MOOC,TGAT,full,409,409000,409999,1000,1135.0,dst,10,1,16,29433,19137,10296,19137,1415,1486,0,0,197420,302364,918576,1412784
MOOC,TGAT,full,410,410000,410999,1000,1837.0,dst,10,1,16,29615,19777,9838,19777,1486,1562,0,0,204240,303976,949296,1421520
MOOC,TGN,full,0,0,999,1000,71233.0,dst,20,2,16,32,19,13,19,0,0,0,48,312,472,912,1536
MOOC,TGN,full,1,1000,1999,1000,4193.0,dst,20,2,16,0,0,0,0,0,0,0,0,0,0,0,0
MOOC,TGN,full,2,2000,2999,1000,4374.0,dst,20,2,16,0,0,0,0,0,0,0,0,0,0,0,0
MOOC,TGN,full,3,3000,3999,1000,3582.0,dst,20,2,16,0,0,0,0,0,0,0,0,0,0,0,0
MOOC,TGN,full,4,4000,4999,1000,3130.0,dst,20,2,16,0,0,0,0,0,0,0,0,0,0,0,0
MOOC,TGN,full,5,5000,5999,1000,3547.0,dst,20,2,16,0,0,0,0,0,0,0,0,0,0,0,0
MOOC,TGN,full,6,6000,6999,1000,3642.0,dst,20,2,16,0,0,0,0,0,0,0,0,0,0,0,0
MOOC,TGN,full,7,7000,7999,1000,3052.0,dst,20,2,16,0,0,0,0,0,0,0,0,0,0,0,0
MOOC,TGN,full,8,8000,8999,1000,3438.0,dst,20,2,16,0,0,0,0,0,0,0,0,0,0,0,0
MOOC,TGN,full,9,9000,9999,1000,4923.0,dst,20,2,16,0,0,0,0,0,0,0,0,0,0,0,0
MOOC,TGN,full,10,10000,10999,1000,3384.0,dst,20,2,16,0,0,0,0,0,0,0,0,0,0,0,0
MOOC,TGN,full,11,11000,11999,1000,2278.0,dst,20,2,16,282,215,67,215,3,3,0,288,3152,3792,10320,13536
MOOC,TGN,full,12,12000,12999,1000,2172.0,dst,20,2,16,1142,925,217,925,9,9,0,816,11704,13864,44400,54816
MOOC,TGN,full,13,13000,13999,1000,1938.0,dst,20,2,16,1945,1561,384,1561,38,38,0,840,17972,21812,74928,93360
MOOC,TGN,full,14,14000,14999,1000,1468.0,dst,20,2,16,2633,2232,401,2232,31,31,0,768,25184,29264,107136,126384
MOOC,TGN,full,15,15000,15999,1000,1379.0,dst,20,2,16,4373,3683,690,3683,119,121,0,816,40092,46972,176784,209904
MOOC,TGN,full,16,16000,16999,1000,1753.0,dst,20,2,16,3352,2711,641,2711,66,67,0,636,29180,35604,130128,160896
MOOC,TGN,full,17,17000,17999,1000,2354.0,dst,20,2,16,5472,3855,1617,3855,84,84,0,900,41604,57896,185040,262656
MOOC,TGN,full,18,18000,18999,1000,3834.0,dst,20,2,16,5701,4558,1143,4558,97,97,0,828,49196,60720,218784,273648
MOOC,TGN,full,19,19000,19999,1000,32442.0,dst,20,2,16,7394,5307,2087,5307,138,139,0,600,56868,77964,254736,354912
MOOC,TGN,full,20,20000,20999,1000,4852.0,dst,20,2,16,6424,4941,1483,4941,110,113,0,660,53232,68232,237168,308352
MOOC,TGN,full,21,21000,21999,1000,4824.0,dst,20,2,16,7829,5801,2028,5801,198,204,0,624,61592,82380,278448,375792
MOOC,TGN,full,22,22000,22999,1000,5713.0,dst,20,2,16,6589,4873,1716,4873,141,146,0,444,52068,69332,233904,316272
MOOC,TGN,full,23,23000,23999,1000,4640.0,dst,20,2,16,6475,5250,1225,5250,126,130,0,468,56372,68504,252000,310800
MOOC,TGN,full,24,24000,24999,1000,3824.0,dst,20,2,16,6765,5317,1448,5317,165,165,0,564,56960,71572,255216,324720
MOOC,TGN,full,25,25000,25999,1000,3786.0,dst,20,2,16,6448,5073,1375,5073,160,163,0,624,54376,68316,243504,309504
MOOC,TGN,full,26,26000,26999,1000,4548.0,dst,20,2,16,6117,4608,1509,4608,109,109,0,684,49400,64524,221184,293616
MOOC,TGN,full,27,27000,27999,1000,3704.0,dst,20,2,16,5562,4559,1003,4559,77,77,0,732,48724,58944,218832,266976
MOOC,TGN,full,28,28000,28999,1000,2713.0,dst,20,2,16,5214,4270,944,4270,109,109,0,780,45856,55676,204960,250272
MOOC,TGN,full,29,29000,29999,1000,2522.0,dst,20,2,16,6259,5139,1120,5139,165,165,0,576,55312,66356,246672,300432
MOOC,TGN,full,30,30000,30999,1000,2523.0,dst,20,2,16,5653,4572,1081,4572,124,124,0,648,49236,59960,219456,271344
MOOC,TGN,full,31,31000,31999,1000,2517.0,dst,20,2,16,4868,3898,970,3898,70,71,0,696,42100,51888,187104,233664
MOOC,TGN,full,32,32000,32999,1000,2517.0,dst,20,2,16,5464,4476,988,4476,136,137,0,744,47948,58032,214848,262272
MOOC,TGN,full,33,33000,33999,1000,3911.0,dst,20,2,16,5556,4279,1277,4279,85,87,0,600,45884,58804,205392,266688
MOOC,TGN,full,34,34000,34999,1000,31952.0,dst,20,2,16,5493,4531,962,4531,136,141,0,600,48664,58336,217488,263664
MOOC,TGN,full,35,35000,35999,1000,5227.0,dst,20,2,16,6659,5492,1167,5492,103,105,0,648,58732,70372,263616,319632
MOOC,TGN,full,36,36000,36999,1000,3518.0,dst,20,2,16,6891,5577,1314,5577,178,188,0,564,59372,72908,267696,330768
MOOC,TGN,full,37,37000,37999,1000,6688.0,dst,20,2,16,5933,5015,918,5015,137,137,0,588,53768,62972,240720,284784
MOOC,TGN,full,38,38000,38999,1000,4904.0,dst,20,2,16,5962,4718,1244,4718,115,118,0,588,50692,63348,226464,286176
MOOC,TGN,full,39,39000,39999,1000,4581.0,dst,20,2,16,8243,5892,2351,5892,180,182,0,528,62916,86692,282816,395664
MOOC,TGN,full,40,40000,40999,1000,4540.0,dst,20,2,16,5786,4935,851,4935,156,160,0,660,52856,61340,236880,277728
MOOC,TGN,full,41,41000,41999,1000,6342.0,dst,20,2,16,7370,5624,1746,5624,176,178,0,492,60300,77704,269952,353760
MOOC,TGN,full,42,42000,42999,1000,4243.0,dst,20,2,16,7175,5322,1853,5322,140,140,0,492,56896,75616,255456,344400
MOOC,TGN,full,43,43000,43999,1000,2863.0,dst,20,2,16,5655,4260,1395,4260,97,97,0,624,45472,59604,204480,271440
MOOC,TGN,full,44,44000,44999,1000,2744.0,dst,20,2,16,6340,5115,1225,5115,113,113,0,720,54916,67160,245520,304320
MOOC,TGN,full,45,45000,45999,1000,2447.0,dst,20,2,16,6192,4768,1424,4768,116,117,0,648,50940,65440,228864,297216
MOOC,TGN,full,46,46000,46999,1000,3173.0,dst,20,2,16,6460,4912,1548,4912,160,162,0,576,52736,68204,235776,310080
MOOC,TGN,full,47,47000,47999,1000,33225.0,dst,20,2,16,6877,5421,1456,5421,103,105,0,624,58196,72876,260208,330096
MOOC,TGN,full,48,48000,48999,1000,8130.0,dst,20,2,16,6178,4902,1276,4902,128,128,0,696,52728,65384,235296,296544
MOOC,TGN,full,49,49000,49999,1000,5715.0,dst,20,2,16,8397,6174,2223,6174,142,144,0,492,65372,87776,296352,403056
MOOC,TGN,full,50,50000,50999,1000,6444.0,dst,20,2,16,6087,4911,1176,4911,120,122,0,540,52544,64252,235728,292176
MOOC,TGN,full,51,51000,51999,1000,6371.0,dst,20,2,16,7100,5475,1625,5475,167,172,0,636,58516,74968,262800,340800
MOOC,TGN,full,52,52000,52999,1000,5538.0,dst,20,2,16,8597,6191,2406,6191,239,244,0,420,65704,90076,297168,412656
MOOC,TGN,full,53,53000,53999,1000,7605.0,dst,20,2,16,6177,4848,1329,4848,121,124,0,672,52204,65488,232704,296496
MOOC,TGN,full,54,54000,54999,1000,3581.0,dst,20,2,16,6435,5177,1258,5177,118,120,0,588,55240,67988,248496,308880
MOOC,TGN,full,55,55000,55999,1000,2729.0,dst,20,2,16,5809,4673,1136,4673,114,117,0,516,50000,61388,224304,278832
MOOC,TGN,full,56,56000,56999,1000,2774.0,dst,20,2,16,7379,5942,1437,5942,142,146,0,444,63256,77872,285216,354192
MOOC,TGN,full,57,57000,57999,1000,2794.0,dst,20,2,16,7236,5815,1421,5815,217,219,0,492,62124,76120,279120,347328
MOOC,TGN,full,58,58000,58999,1000,8573.0,dst,20,2,16,6457,5172,1285,5172,189,198,0,648,55152,68288,248256,309936
MOOC,TGN,full,59,59000,59999,1000,31303.0,dst,20,2,16,7464,5715,1749,5715,213,225,0,660,60540,78504,274320,358272
MOOC,TGN,full,60,60000,60999,1000,5644.0,dst,20,2,16,10085,8194,1891,8194,317,328,0,336,86568,105700,393312,484080
MOOC,TGN,full,61,61000,61999,1000,8371.0,dst,20,2,16,11369,9199,2170,9199,399,408,0,264,96504,118384,441552,545712
MOOC,TGN,full,62,62000,62999,1000,7316.0,dst,20,2,16,11887,9530,2357,9530,371,385,0,180,99840,123804,457440,570576
MOOC,TGN,full,63,63000,63999,1000,7772.0,dst,20,2,16,11713,9291,2422,9291,359,369,0,276,97764,122168,445968,562224
MOOC,TGN,full,64,64000,64999,1000,7654.0,dst,20,2,16,10456,8527,1929,8527,332,345,0,372,89852,109248,409296,501888
MOOC,TGN,full,65,65000,65999,1000,4089.0,dst,20,2,16,13263,9861,3402,9861,420,440,0,228,103504,137596,473328,636624
MOOC,TGN,full,66,66000,66999,1000,3566.0,dst,20,2,16,11452,8492,2960,8492,326,337,0,300,89520,119576,407616,549696
MOOC,TGN,full,67,67000,67999,1000,4653.0,dst,20,2,16,13441,9813,3628,9813,446,467,0,204,102956,139436,471024,645168
MOOC,TGN,full,68,68000,68999,1000,35809.0,dst,20,2,16,12738,9917,2821,9917,438,448,0,264,104204,132772,476016,611424
MOOC,TGN,full,69,69000,69999,1000,9851.0,dst,20,2,16,13531,10485,3046,10485,516,530,0,144,109392,140420,503280,649488
MOOC,TGN,full,70,70000,70999,1000,11515.0,dst,20,2,16,11284,8821,2463,8821,386,405,0,252,92568,117580,423408,541632
MOOC,TGN,full,71,71000,71999,1000,8924.0,dst,20,2,16,11161,8531,2630,8531,351,369,0,336,89748,116452,409488,535728
MOOC,TGN,full,72,72000,72999,1000,7654.0,dst,20,2,16,12320,9375,2945,9375,480,498,0,252,98048,127876,450000,591360
MOOC,TGN,full,73,73000,73999,1000,3703.0,dst,20,2,16,12876,9943,2933,9943,431,439,0,132,104040,133388,477264,618048
MOOC,TGN,full,74,74000,74999,1000,4327.0,dst,20,2,16,15445,12220,3225,12220,643,662,0,132,127316,159900,586560,741360
MOOC,TGN,full,75,75000,75999,1000,13219.0,dst,20,2,16,14894,11276,3618,11276,544,566,0,120,117936,154832,541248,714912
MOOC,TGN,full,76,76000,76999,1000,32459.0,dst,20,2,16,12229,9401,2828,9401,455,472,0,180,98320,127336,451248,586992
MOOC,TGN,full,77,77000,77999,1000,13521.0,dst,20,2,16,14770,11536,3234,11536,582,596,0,156,120384,153356,553728,708960
MOOC,TGN,full,78,78000,78999,1000,9376.0,dst,20,2,16,13586,11095,2491,11095,471,478,0,156,116060,141404,532560,652128
MOOC,TGN,full,79,79000,79999,1000,11308.0,dst,20,2,16,14599,11627,2972,11627,572,589,0,84,121112,151156,558096,700752
MOOC,TGN,full,80,80000,80999,1000,5045.0,dst,20,2,16,14796,11840,2956,11840,584,603,0,120,123220,153448,568320,710208
MOOC,TGN,full,81,81000,81999,1000,5128.0,dst,20,2,16,13533,10531,3002,10531,499,511,0,132,109792,140336,505488,649584
MOOC,TGN,full,82,82000,82999,1000,36169.0,dst,20,2,16,11238,8982,2256,8982,361,364,0,336,94472,117048,431136,539424
MOOC,TGN,full,83,83000,83999,1000,5358.0,dst,20,2,16,13019,11548,1471,11548,593,619,0,216,120660,135656,554304,624912
MOOC,TGN,full,84,84000,84999,1000,4390.0,dst,20,2,16,12751,10804,1947,10804,601,620,0,204,113032,132808,518592,612048
MOOC,TGN,full,85,85000,85999,1000,5319.0,dst,20,2,16,13676,11828,1848,11828,575,600,0,288,123168,141844,567744,656448
MOOC,TGN,full,86,86000,86999,1000,4924.0,dst,20,2,16,14926,12638,2288,12638,711,759,0,132,131432,154488,606624,716448
MOOC,TGN,full,87,87000,87999,1000,4282.0,dst,20,2,16,14518,12351,2167,12351,687,704,0,120,128528,150280,592848,696864
MOOC,TGN,full,88,88000,88999,1000,4335.0,dst,20,2,16,17739,14433,3306,14433,830,850,0,96,149892,183344,692784,851472
MOOC,TGN,full,89,89000,89999,1000,6562.0,dst,20,2,16,14514,12306,2208,12306,640,656,0,168,128128,150888,590688,696672
MOOC,TGN,full,90,90000,90999,1000,4550.0,dst,20,2,16,12767,10548,2219,10548,514,534,0,168,110088,132724,506304,612816
MOOC,TGN,full,91,91000,91999,1000,2057.0,dst,20,2,16,12070,9973,2097,9973,491,506,0,276,104328,125532,478704,579360
MOOC,TGN,full,92,92000,92999,1000,1950.0,dst,20,2,16,11633,9963,1670,9963,474,481,0,192,104440,121412,478224,558384
MOOC,TGN,full,93,93000,93999,1000,2495.0,dst,20,2,16,13270,11607,1663,11607,667,680,0,192,120932,137940,557136,636960
MOOC,TGN,full,94,94000,94999,1000,2555.0,dst,20,2,16,13570,11561,2009,11561,638,666,0,180,120764,141224,554928,651360
MOOC,TGN,full,95,95000,95999,1000,3505.0,dst,20,2,16,15737,13462,2275,13462,828,871,0,144,139896,162724,646176,755376
MOOC,TGN,full,96,96000,96999,1000,27905.0,dst,20,2,16,15852,12304,3548,12304,649,672,0,108,127988,164164,590592,760896
MOOC,TGN,full,97,97000,97999,1000,6628.0,dst,20,2,16,12968,10775,2193,10775,535,552,0,96,112420,134540,517200,622464
MOOC,TGN,full,98,98000,98999,1000,3932.0,dst,20,2,16,16129,13555,2574,13555,898,956,0,120,141108,166716,650640,774192
MOOC,TGN,full,99,99000,99999,1000,3516.0,dst,20,2,16,15426,13455,1971,13455,752,792,0,96,139600,159808,645840,740448
MOOC,TGN,full,100,100000,100999,1000,4370.0,dst,20,2,16,15174,13066,2108,13066,787,806,0,72,135976,157236,627168,728352
MOOC,TGN,full,101,101000,101999,1000,4918.0,dst,20,2,16,14787,12511,2276,12511,649,678,0,60,130208,153312,600528,709776
MOOC,TGN,full,102,102000,102999,1000,4603.0,dst,20,2,16,14897,13027,1870,13027,716,751,0,108,135300,154420,625296,715056
MOOC,TGN,full,103,103000,103999,1000,3611.0,dst,20,2,16,13985,12015,1970,12015,687,715,0,180,125396,144848,576720,671280
MOOC,TGN,full,104,104000,104999,1000,3275.0,dst,20,2,16,14540,12464,2076,12464,682,714,0,168,129628,150660,598272,697920
MOOC,TGN,full,105,105000,105999,1000,5472.0,dst,20,2,16,17783,15286,2497,15286,961,1019,0,72,158492,183964,733728,853584
MOOC,TGN,full,106,106000,106999,1000,4277.0,dst,20,2,16,22777,18070,4707,18070,1345,1419,0,24,186660,234932,867360,1093296
MOOC,TGN,full,107,107000,107999,1000,3354.0,dst,20,2,16,19178,15749,3429,15749,948,995,0,60,163020,197940,755952,920544
MOOC,TGN,full,108,108000,108999,1000,2968.0,dst,20,2,16,26323,20010,6313,20010,1581,1681,0,0,206220,270676,960480,1263504
MOOC,TGN,full,109,109000,109999,1000,3542.0,dst,20,2,16,25815,19622,6193,19622,1671,1808,0,60,202720,265760,941856,1239120
MOOC,TGN,full,110,110000,110999,1000,4071.0,dst,20,2,16,25714,18845,6869,18845,1438,1526,0,36,194692,264740,904560,1234272
MOOC,TGN,full,111,111000,111999,1000,30102.0,dst,20,2,16,26988,20223,6765,20223,1663,1761,0,12,208280,277424,970704,1295424
MOOC,TGN,full,112,112000,112999,1000,5576.0,dst,20,2,16,23949,18116,5833,18116,1249,1305,0,48,186660,246244,869568,1149552
MOOC,TGN,full,113,113000,113999,1000,3518.0,dst,20,2,16,24260,18639,5621,18639,1391,1466,0,12,192140,249628,894672,1164480
MOOC,TGN,full,114,114000,114999,1000,4476.0,dst,20,2,16,24234,19416,4818,19416,1519,1612,0,0,200192,249732,931968,1163232
MOOC,TGN,full,115,115000,115999,1000,4606.0,dst,20,2,16,24541,18836,5705,18836,1518,1601,0,36,194416,252260,904128,1177968
MOOC,TGN,full,116,116000,116999,1000,4304.0,dst,20,2,16,24653,19171,5482,19171,1368,1471,0,24,197916,253736,920208,1183344
MOOC,TGN,full,117,117000,117999,1000,5085.0,dst,20,2,16,23503,18538,4965,18538,1308,1357,0,72,191272,241728,889824,1128144
MOOC,TGN,full,118,118000,118999,1000,3973.0,dst,20,2,16,24510,18843,5667,18843,1477,1594,0,36,194544,252444,904464,1176480
MOOC,TGN,full,119,119000,119999,1000,4755.0,dst,20,2,16,29105,20147,8958,20147,1610,1719,0,48,207800,299436,967056,1397040
MOOC,TGN,full,120,120000,120999,1000,5006.0,dst,20,2,16,26005,19517,6488,19517,1609,1721,0,36,201164,267428,936816,1248240
MOOC,TGN,full,121,121000,121999,1000,3026.0,dst,20,2,16,25458,19539,5919,19539,1908,2069,1,48,201692,261664,937872,1221984
MOOC,TGN,full,122,122000,122999,1000,2701.0,dst,20,2,16,27400,20478,6922,20478,1564,1652,0,24,211244,281932,982944,1315200
MOOC,TGN,full,123,123000,123999,1000,2607.0,dst,20,2,16,25572,19959,5613,19959,1726,1820,0,24,206276,262968,958032,1227456
MOOC,TGN,full,124,124000,124999,1000,3062.0,dst,20,2,16,25833,19843,5990,19843,1522,1628,0,12,204780,266044,952464,1239984
MOOC,TGN,full,125,125000,125999,1000,12910.0,dst,20,2,16,25030,19289,5741,19289,1514,1601,0,36,199244,257500,925872,1201440
MOOC,TGN,full,126,126000,126999,1000,25758.0,dst,20,2,16,20364,15825,4539,15825,1168,1240,0,84,163672,210020,759600,977472
MOOC,TGN,full,127,127000,127999,1000,4868.0,dst,20,2,16,24543,19465,5078,19465,1479,1563,0,36,200868,252536,934320,1178064
MOOC,TGN,full,128,128000,128999,1000,5237.0,dst,20,2,16,21892,17960,3932,17960,1344,1440,0,60,185748,225652,862080,1050816
MOOC,TGN,full,129,129000,129999,1000,5478.0,dst,20,2,16,22440,18046,4394,18046,1399,1495,0,36,186192,231236,866208,1077120
MOOC,TGN,full,130,130000,130999,1000,4235.0,dst,20,2,16,24632,19252,5380,19252,1553,1654,0,72,198924,253576,924096,1182336
MOOC,TGN,full,131,131000,131999,1000,4209.0,dst,20,2,16,27606,20882,6724,20882,1665,1747,0,0,215224,283876,1002336,1325088
MOOC,TGN,full,132,132000,132999,1000,5215.0,dst,20,2,16,31154,22629,8525,22629,1944,2074,0,24,232984,319944,1086192,1495392
MOOC,TGN,full,133,133000,133999,1000,5634.0,dst,20,2,16,29942,21374,8568,21374,1862,1988,0,12,220320,307368,1025952,1437216
MOOC,TGN,full,134,134000,134999,1000,3274.0,dst,20,2,16,29785,23050,6735,23050,2192,2355,2,12,237664,306044,1106400,1429680
MOOC,TGN,full,135,135000,135999,1000,2094.0,dst,20,2,16,27720,21458,6262,21458,1990,2125,0,60,221148,285056,1029984,1330560
MOOC,TGN,full,136,136000,136999,1000,2411.0,dst,20,2,16,33607,23902,9705,23902,2238,2372,1,12,246116,345256,1147296,1613136
MOOC,TGN,full,137,137000,137999,1000,2516.0,dst,20,2,16,28525,22047,6478,22047,1892,1988,0,0,227140,292980,1058256,1369200
MOOC,TGN,full,138,138000,138999,1000,3140.0,dst,20,2,16,31723,23507,8216,23507,2213,2400,3,24,242492,325572,1128336,1522704
MOOC,TGN,full,139,139000,139999,1000,33548.0,dst,20,2,16,33512,23742,9770,23742,2393,2583,0,36,244596,343824,1139616,1608576
MOOC,TGN,full,140,140000,140999,1000,6477.0,dst,20,2,16,29022,21823,7199,21823,1815,1926,0,24,225004,298268,1047504,1393056
MOOC,TGN,full,141,141000,141999,1000,4868.0,dst,20,2,16,35566,24553,11013,24553,2347,2535,0,12,252716,365012,1178544,1707168
MOOC,TGN,full,142,142000,142999,1000,7281.0,dst,20,2,16,35113,24292,10821,24292,2252,2417,0,24,249952,360080,1166016,1685424
MOOC,TGN,full,143,143000,143999,1000,5135.0,dst,20,2,16,31894,24052,7842,24052,2224,2367,1,0,247760,327468,1154496,1530912
MOOC,TGN,full,144,144000,144999,1000,4476.0,dst,20,2,16,32665,23295,9370,23295,1986,2123,0,36,240192,335088,1118160,1567920
MOOC,TGN,full,145,145000,145999,1000,4550.0,dst,20,2,16,34882,25358,9524,25358,2307,2453,0,0,261032,357736,1217184,1674336
MOOC,TGN,full,146,146000,146999,1000,5890.0,dst,20,2,16,34978,24634,10344,24634,2372,2533,0,0,253540,358696,1182432,1678944
MOOC,TGN,full,147,147000,147999,1000,3203.0,dst,20,2,16,32186,24048,8138,24048,2270,2435,0,12,247412,330340,1154304,1544928
MOOC,TGN,full,148,148000,148999,1000,3288.0,dst,20,2,16,38054,26401,11653,26401,2767,3010,2,24,271752,390232,1267248,1826592
MOOC,TGN,full,149,149000,149999,1000,2640.0,dst,20,2,16,39377,27987,11390,27987,2991,3230,2,0,287696,403832,1343376,1890096
MOOC,TGN,full,150,150000,150999,1000,2501.0,dst,20,2,16,45123,30851,14272,30851,3566,3864,0,0,317092,462400,1480848,2165904
MOOC,TGN,full,151,151000,151999,1000,3790.0,dst,20,2,16,46698,31260,15438,31260,3728,4087,1,0,320960,478160,1500480,2241504
MOOC,TGN,full,152,152000,152999,1000,32522.0,dst,20,2,16,50843,32729,18114,32729,3662,3990,0,0,335968,520288,1570992,2440464
MOOC,TGN,full,153,153000,153999,1000,7018.0,dst,20,2,16,49983,31869,18114,31869,3639,3954,0,0,327172,511572,1529712,2399184
MOOC,TGN,full,154,154000,154999,1000,7213.0,dst,20,2,16,54391,35230,19161,35230,4838,5374,1,0,361692,556764,1691040,2610768
MOOC,TGN,full,155,155000,155999,1000,5870.0,dst,20,2,16,50402,32779,17623,32779,4129,4549,1,12,336892,516056,1573392,2419296
MOOC,TGN,full,156,156000,156999,1000,4691.0,dst,20,2,16,54341,34958,19383,34958,4503,4915,2,0,358636,556104,1677984,2608368
MOOC,TGN,full,157,157000,157999,1000,4622.0,dst,20,2,16,48716,33045,15671,33045,3904,4263,0,0,339100,498680,1586160,2338368
MOOC,TGN,full,158,158000,158999,1000,8031.0,dst,20,2,16,56405,35482,20923,35482,4737,5237,0,0,364244,577096,1703136,2707440
MOOC,TGN,full,159,159000,159999,1000,4699.0,dst,20,2,16,57795,37025,20770,37025,5048,5641,0,0,379744,591356,1777200,2774160
MOOC,TGN,full,160,160000,160999,1000,3775.0,dst,20,2,16,61770,39159,22611,39159,5441,5960,0,0,401760,631908,1879632,2964960
MOOC,TGN,full,161,161000,161999,1000,2911.0,dst,20,2,16,60429,39212,21217,39212,5392,5905,1,0,402140,618432,1882176,2900592
MOOC,TGN,full,162,162000,162999,1000,3327.0,dst,20,2,16,62436,41643,20793,41643,6303,7051,9,0,427064,638816,1998864,2996928
MOOC,TGN,full,163,163000,163999,1000,34101.0,dst,20,2,16,63109,38482,24627,38482,5292,5831,1,0,394796,645368,1847136,3029232
MOOC,TGN,full,164,164000,164999,1000,6676.0,dst,20,2,16,56316,36439,19877,36439,4923,5405,2,0,373852,576500,1749072,2703168
MOOC,TGN,full,165,165000,165999,1000,5521.0,dst,20,2,16,59742,37257,22485,37257,5248,5909,7,0,382064,610940,1788336,2867616
MOOC,TGN,full,166,166000,166999,1000,8177.0,dst,20,2,16,57190,36808,20382,36808,4851,5312,0,0,377432,585204,1766784,2745120
MOOC,TGN,full,167,167000,167999,1000,7552.0,dst,20,2,16,59045,38910,20135,38910,5477,6015,1,0,398732,604156,1867680,2834160
MOOC,TGN,full,168,168000,168999,1000,6092.0,dst,20,2,16,63253,41046,22207,41046,6248,6936,4,0,420520,647164,1970208,3036144
MOOC,TGN,full,169,169000,169999,1000,6474.0,dst,20,2,16,69083,42263,26820,42263,6494,7301,4,0,432988,706040,2028624,3315984
MOOC,TGN,full,170,170000,170999,1000,3511.0,dst,20,2,16,73533,45581,27952,45581,7565,8506,2,0,466928,751828,2187888,3529584
MOOC,TGN,full,171,171000,171999,1000,3138.0,dst,20,2,16,72540,47128,25412,47128,7919,8949,8,0,482632,741488,2262144,3481920
MOOC,TGN,full,172,172000,172999,1000,3052.0,dst,20,2,16,69230,44750,24480,44750,7220,8132,7,0,458268,707664,2148000,3323040
MOOC,TGN,full,173,173000,173999,1000,4867.0,dst,20,2,16,66523,42300,24223,42300,6308,6989,0,0,433376,680520,2030400,3193104
MOOC,TGN,full,174,174000,174999,1000,34547.0,dst,20,2,16,56774,38500,18274,38500,5328,5968,7,0,394728,581208,1848000,2725152
MOOC,TGN,full,175,175000,175999,1000,5026.0,dst,20,2,16,50023,37142,12881,37142,5255,5868,2,0,380976,512328,1782816,2401104
MOOC,TGN,full,176,176000,176999,1000,4264.0,dst,20,2,16,52411,39393,13018,39393,5854,6590,9,0,403868,536244,1890864,2515728
MOOC,TGN,full,177,177000,177999,1000,5329.0,dst,20,2,16,51874,37907,13967,37907,5440,6075,0,0,388620,530880,1819536,2489952
MOOC,TGN,full,178,178000,178999,1000,4819.0,dst,20,2,16,51157,36424,14733,36424,4821,5361,5,0,373712,523640,1748352,2455536
MOOC,TGN,full,179,179000,179999,1000,3306.0,dst,20,2,16,51589,39102,12487,39102,5750,6353,2,0,400872,527872,1876896,2476272
MOOC,TGN,full,180,180000,180999,1000,2615.0,dst,20,2,16,48658,34796,13862,34796,4489,4932,6,0,357080,498352,1670208,2335584
MOOC,TGN,full,181,181000,181999,1000,3238.0,dst,20,2,16,51281,37578,13703,37578,5232,5778,7,0,385484,524876,1803744,2461488
MOOC,TGN,full,182,182000,182999,1000,5197.0,dst,20,2,16,49875,37191,12684,37191,5232,5787,0,0,381468,510452,1785168,2394000
MOOC,TGN,full,183,183000,183999,1000,3745.0,dst,20,2,16,46413,34184,12229,34184,4513,4978,1,12,350688,475256,1640832,2227824
MOOC,TGN,full,184,184000,184999,1000,3546.0,dst,20,2,16,49949,36984,12965,36984,5232,5845,4,0,379480,511436,1775232,2397552
MOOC,TGN,full,185,185000,185999,1000,2431.0,dst,20,2,16,48757,36745,12012,36745,4928,5451,7,0,377168,499196,1763760,2340336
MOOC,TGN,full,186,186000,186999,1000,2481.0,dst,20,2,16,50648,37151,13497,37151,5081,5570,1,0,381160,518412,1783248,2431104
MOOC,TGN,full,187,187000,187999,1000,3022.0,dst,20,2,16,52866,37673,15193,37673,5654,6290,3,0,386264,540980,1808304,2537568
MOOC,TGN,full,188,188000,188999,1000,5350.0,dst,20,2,16,62079,41988,20091,41988,6571,7357,7,0,430416,635420,2015424,2979792
MOOC,TGN,full,189,189000,189999,1000,33348.0,dst,20,2,16,58443,40328,18115,40328,5974,6717,15,0,413336,597956,1935744,2805264
MOOC,TGN,full,190,190000,190999,1000,3569.0,dst,20,2,16,58433,40568,17865,40568,6043,6833,7,0,416164,597900,1947264,2804784
MOOC,TGN,full,191,191000,191999,1000,3859.0,dst,20,2,16,58048,42959,15089,42959,6878,7840,11,0,440368,593816,2062032,2786304
MOOC,TGN,full,192,192000,192999,1000,5147.0,dst,20,2,16,55808,40585,15223,40585,6011,6713,1,0,415992,571280,1948080,2678784
MOOC,TGN,full,193,193000,193999,1000,4124.0,dst,20,2,16,56690,41618,15072,41618,6268,6982,5,0,426928,580400,1997664,2721120
MOOC,TGN,full,194,194000,194999,1000,3870.0,dst,20,2,16,52691,38870,13821,38870,5680,6336,3,0,398524,539448,1865760,2529168
MOOC,TGN,full,195,195000,195999,1000,3710.0,dst,20,2,16,54223,40465,13758,40465,6104,6864,4,0,415008,554776,1942320,2602704
MOOC,TGN,full,196,196000,196999,1000,4692.0,dst,20,2,16,63990,45116,18874,45116,7410,8482,6,0,462248,654484,2165568,3071520
MOOC,TGN,full,197,197000,197999,1000,4784.0,dst,20,2,16,47990,34646,13344,34646,4578,5115,10,0,355448,491648,1663008,2303520
MOOC,TGN,full,198,198000,198999,1000,3877.0,dst,20,2,16,59416,43093,16323,43093,6612,7335,1,0,441604,607576,2068464,2851968
MOOC,TGN,full,199,199000,199999,1000,2663.0,dst,20,2,16,53409,40964,12445,40964,5987,6654,0,0,419892,546484,1966272,2563632
MOOC,TGN,full,200,200000,200999,1000,2444.0,dst,20,2,16,54980,40237,14743,40237,6079,6837,2,12,412308,562532,1931376,2639040
MOOC,TGN,full,201,201000,201999,1000,2116.0,dst,20,2,16,57385,41969,15416,41969,6715,7560,6,12,430140,587388,2014512,2754480
MOOC,TGN,full,202,202000,202999,1000,2385.0,dst,20,2,16,59105,42950,16155,42950,6752,7671,7,0,440244,604716,2061600,2837040
MOOC,TGN,full,203,203000,203999,1000,4402.0,dst,20,2,16,60192,43281,16911,43281,6710,7596,16,0,443800,615664,2077488,2889216
MOOC,TGN,full,204,204000,204999,1000,32964.0,dst,20,2,16,65975,46257,19718,46257,7681,8713,3,0,473860,675008,2220336,3166800
MOOC,TGN,full,205,205000,205999,1000,4456.0,dst,20,2,16,62453,44761,17692,44761,7365,8398,6,0,458348,638812,2148528,2997744
MOOC,TGN,full,206,206000,206999,1000,3289.0,dst,20,2,16,55125,41097,14028,41097,6304,7096,2,0,420968,564200,1972656,2646000
MOOC,TGN,full,207,207000,207999,1000,5163.0,dst,20,2,16,58845,43525,15320,43525,6984,7896,8,0,446028,602120,2089200,2824560
MOOC,TGN,full,208,208000,208999,1000,4369.0,dst,20,2,16,59422,43385,16037,43385,6870,7790,3,0,444508,607840,2082480,2852256
MOOC,TGN,full,209,209000,209999,1000,2939.0,dst,20,2,16,57091,40979,16112,40979,6051,6729,1,0,420280,584428,1966992,2740368
MOOC,TGN,full,210,210000,210999,1000,2700.0,dst,20,2,16,58655,42955,15700,42955,6495,7169,3,0,439956,600064,2061840,2815440
MOOC,TGN,full,211,211000,211999,1000,2823.0,dst,20,2,16,59241,43754,15487,43754,6638,7472,8,0,448236,606180,2100192,2843568
MOOC,TGN,full,212,212000,212999,1000,2832.0,dst,20,2,16,65511,47801,17710,47801,7991,9001,6,0,489588,669804,2294448,3144528
MOOC,TGN,full,213,213000,213999,1000,3500.0,dst,20,2,16,63149,45404,17745,45404,7733,8948,17,0,465084,645712,2179392,3031152
MOOC,TGN,full,214,214000,214999,1000,3438.0,dst,20,2,16,55923,41807,14116,41807,6501,7333,1,0,428780,572392,2006736,2684304
MOOC,TGN,full,215,215000,215999,1000,3172.0,dst,20,2,16,61404,45246,16158,45246,7559,8513,4,0,463680,628132,2171808,2947392
MOOC,TGN,full,216,216000,216999,1000,2267.0,dst,20,2,16,62185,45156,17029,45156,7378,8324,12,12,462340,636208,2167488,2984880
MOOC,TGN,full,217,217000,217999,1000,2265.0,dst,20,2,16,65675,47082,18593,47082,7833,8883,9,0,482092,671464,2259936,3152400
MOOC,TGN,full,218,218000,218999,1000,2071.0,dst,20,2,16,67814,48772,19042,48772,8225,9319,16,0,499128,693172,2341056,3255072
MOOC,TGN,full,219,219000,219999,1000,2051.0,dst,20,2,16,70649,49405,21244,49405,8471,9613,4,0,505796,722524,2371440,3391152
MOOC,TGN,full,220,220000,220999,1000,2322.0,dst,20,2,16,63718,46143,17575,46143,7574,8569,6,0,472544,651752,2214864,3058464
MOOC,TGN,full,221,221000,221999,1000,11272.0,dst,20,2,16,59049,43256,15793,43256,7004,8006,9,0,442884,604064,2076288,2834352
MOOC,TGN,full,222,222000,222999,1000,26003.0,dst,20,2,16,59228,41644,17584,41644,6459,7288,12,0,426388,605964,1998912,2842944
MOOC,TGN,full,223,223000,223999,1000,4611.0,dst,20,2,16,61752,43566,18186,43566,6993,7876,8,0,446452,631816,2091168,2964096
MOOC,TGN,full,224,224000,224999,1000,6648.0,dst,20,2,16,65279,46443,18836,46443,7745,8767,6,0,475724,667640,2229264,3133392
MOOC,TGN,full,225,225000,225999,1000,4680.0,dst,20,2,16,62177,45530,16647,45530,7541,8554,12,0,466468,636068,2185440,2984496
MOOC,TGN,full,226,226000,226999,1000,4431.0,dst,20,2,16,64405,46501,17904,46501,7816,8940,6,0,476020,658876,2232048,3091440
MOOC,TGN,full,227,227000,227999,1000,3982.0,dst,20,2,16,66668,48097,18571,48097,8091,9103,9,0,492484,681572,2308656,3200064
MOOC,TGN,full,228,228000,228999,1000,3363.0,dst,20,2,16,62094,45307,16787,45307,7540,8574,7,0,464240,634676,2174736,2980512
MOOC,TGN,full,229,229000,229999,1000,6302.0,dst,20,2,16,76528,51471,25057,51471,9321,10703,17,0,526856,782200,2470608,3673344
MOOC,TGN,full,230,230000,230999,1000,3740.0,dst,20,2,16,70419,47839,22580,47839,8016,9109,8,0,489828,720028,2296272,3380112
MOOC,TGN,full,231,231000,231999,1000,2770.0,dst,20,2,16,85143,59261,25882,59261,12150,14214,22,0,606340,870080,2844528,4086864
MOOC,TGN,full,232,232000,232999,1000,2640.0,dst,20,2,16,82422,56080,26342,56080,11033,12875,23,0,573764,842468,2691840,3956256
MOOC,TGN,full,233,233000,233999,1000,2062.0,dst,20,2,16,81208,58461,22747,58461,11637,13567,19,0,598632,829976,2806128,3897984
MOOC,TGN,full,234,234000,234999,1000,1975.0,dst,20,2,16,82962,57842,25120,57842,11416,13278,19,0,592008,847536,2776416,3982176
MOOC,TGN,full,235,235000,235999,1000,2575.0,dst,20,2,16,77891,54923,22968,54923,10472,12080,15,0,562108,796152,2636304,3738768
MOOC,TGN,full,236,236000,236999,1000,30821.0,dst,20,2,16,86271,56915,29356,56915,11298,13105,20,0,582572,881484,2731920,4141008
MOOC,TGN,full,237,237000,237999,1000,8811.0,dst,20,2,16,82072,58700,23372,58700,11521,13234,9,0,600772,838624,2817600,3939456
MOOC,TGN,full,238,238000,238999,1000,4249.0,dst,20,2,16,82164,58697,23467,58697,11824,13713,14,0,600564,839552,2817456,3943872
MOOC,TGN,full,239,239000,239999,1000,5595.0,dst,20,2,16,90441,59522,30919,59522,12292,14455,28,0,608880,923796,2857056,4341168
MOOC,TGN,full,240,240000,240999,1000,4168.0,dst,20,2,16,87276,59868,27408,59868,12290,14516,38,0,612596,891620,2873664,4189248
MOOC,TGN,full,241,241000,241999,1000,3727.0,dst,20,2,16,84557,58579,25978,58579,11931,13990,15,0,599260,864064,2811792,4058736
MOOC,TGN,full,242,242000,242999,1000,2711.0,dst,20,2,16,80573,53918,26655,53918,10501,12309,20,0,552076,823136,2588064,3867504
MOOC,TGN,full,243,243000,243999,1000,3361.0,dst,20,2,16,84324,59410,24914,59410,11677,13517,16,0,607552,861364,2851680,4047552
MOOC,TGN,full,244,244000,244999,1000,5678.0,dst,20,2,16,90828,62057,28771,62057,13010,15287,31,0,634696,927880,2978736,4359744
MOOC,TGN,full,245,245000,245999,1000,4026.0,dst,20,2,16,91361,60466,30895,60466,12343,14398,18,0,618432,933636,2902368,4385328
MOOC,TGN,full,246,246000,246999,1000,2569.0,dst,20,2,16,88971,60061,28910,60061,12612,14818,22,0,614212,909052,2882928,4270608
MOOC,TGN,full,247,247000,247999,1000,2201.0,dst,20,2,16,90747,63477,27270,63477,13678,16247,35,0,649352,927480,3046896,4355856
MOOC,TGN,full,248,248000,248999,1000,2107.0,dst,20,2,16,94433,66586,27847,66586,14796,17376,18,0,680704,964792,3196128,4532784
MOOC,TGN,full,249,249000,249999,1000,2167.0,dst,20,2,16,93799,66241,27558,66241,14489,17132,38,0,677580,958272,3179568,4502352
MOOC,TGN,full,250,250000,250999,1000,2332.0,dst,20,2,16,89871,62311,27560,62311,13035,15360,34,0,637188,918132,2990928,4313808
MOOC,TGN,full,251,251000,251999,1000,4103.0,dst,20,2,16,92646,62492,30154,62492,13339,15687,30,0,639056,946320,2999616,4447008
MOOC,TGN,full,252,252000,252999,1000,31108.0,dst,20,2,16,98809,62815,35994,62815,13231,15612,29,0,642204,1009300,3015120,4742832
MOOC,TGN,full,253,253000,253999,1000,6599.0,dst,20,2,16,89422,62289,27133,62289,13086,15351,23,0,637260,913696,2989872,4292256
MOOC,TGN,full,254,254000,254999,1000,5480.0,dst,20,2,16,97239,65657,31582,65657,14182,16758,33,0,671472,993436,3151536,4667472
MOOC,TGN,full,255,255000,255999,1000,6120.0,dst,20,2,16,103248,67536,35712,67536,15258,18162,43,0,690368,1054368,3241728,4955904
MOOC,TGN,full,256,256000,256999,1000,4707.0,dst,20,2,16,105634,66847,38787,66847,15221,18097,24,0,683904,1078620,3208656,5070432
MOOC,TGN,full,257,257000,257999,1000,4373.0,dst,20,2,16,97507,63124,34383,63124,13450,15963,36,0,645552,996040,3029952,4680336
MOOC,TGN,full,258,258000,258999,1000,5774.0,dst,20,2,16,104853,71543,33310,71543,17287,21000,78,0,731388,1070600,3434064,5032944
MOOC,TGN,full,259,259000,259999,1000,5696.0,dst,20,2,16,100550,66325,34225,66325,14887,17935,54,0,678300,1027040,3183600,4826400
MOOC,TGN,full,260,260000,260999,1000,4046.0,dst,20,2,16,99882,68820,31062,68820,15604,18590,48,0,703844,1020568,3303360,4794336
MOOC,TGN,full,261,261000,261999,1000,3244.0,dst,20,2,16,97690,64799,32891,64799,14185,16664,31,0,662712,997736,3110352,4689120
MOOC,TGN,full,262,262000,262999,1000,2246.0,dst,20,2,16,99941,67953,31988,67953,15283,18138,38,0,694692,1021128,3261744,4797168
MOOC,TGN,full,263,263000,263999,1000,2279.0,dst,20,2,16,97015,67592,29423,67592,15065,17792,25,0,691320,990864,3244416,4656720
MOOC,TGN,full,264,264000,264999,1000,3263.0,dst,20,2,16,99689,67803,31886,67803,15330,18516,55,0,693320,1018096,3254544,4785072
MOOC,TGN,full,265,265000,265999,1000,32624.0,dst,20,2,16,100360,63469,36891,63469,13678,16146,42,0,649076,1025292,3046512,4817280
MOOC,TGN,full,266,266000,266999,1000,6584.0,dst,20,2,16,98637,65695,32942,65695,14427,16991,27,0,671976,1007632,3153360,4734576
MOOC,TGN,full,267,267000,267999,1000,4506.0,dst,20,2,16,97970,65188,32782,65188,14259,16854,40,0,667092,1000572,3129024,4702560
MOOC,TGN,full,268,268000,268999,1000,5853.0,dst,20,2,16,98107,65416,32691,65416,14186,16758,31,0,669128,1001840,3139968,4709136
MOOC,TGN,full,269,269000,269999,1000,5051.0,dst,20,2,16,95920,64971,30949,64971,13838,16107,18,0,664564,979652,3118608,4604160
MOOC,TGN,full,270,270000,270999,1000,3758.0,dst,20,2,16,93287,64001,29286,64001,13721,16217,29,0,654408,952988,3072048,4477776
MOOC,TGN,full,271,271000,271999,1000,3219.0,dst,20,2,16,96020,63689,32331,63689,13406,15768,26,0,651364,980772,3057072,4608960
MOOC,TGN,full,272,272000,272999,1000,5598.0,dst,20,2,16,95153,62181,32972,62181,13230,15546,17,0,636288,971804,2984688,4567344
MOOC,TGN,full,273,273000,273999,1000,6363.0,dst,20,2,16,100460,65963,34497,65963,14504,17248,40,0,674468,1026288,3166224,4822080
MOOC,TGN,full,274,274000,274999,1000,2833.0,dst,20,2,16,95909,63856,32053,63856,13753,16265,27,0,653328,979572,3065088,4603632
MOOC,TGN,full,275,275000,275999,1000,2824.0,dst,20,2,16,99324,68061,31263,68061,15820,19104,53,0,695768,1014320,3266928,4767552
MOOC,TGN,full,276,276000,276999,1000,3295.0,dst,20,2,16,101176,66344,34832,66344,14624,17269,19,0,678472,1033184,3184512,4856448
MOOC,TGN,full,277,277000,277999,1000,4364.0,dst,20,2,16,103129,68485,34644,68485,15672,18726,33,0,700552,1053200,3287280,4950192
MOOC,TGN,full,278,278000,278999,1000,31578.0,dst,20,2,16,105473,66522,38951,66522,14414,16928,16,0,680796,1076992,3193056,5062704
MOOC,TGN,full,279,279000,279999,1000,5085.0,dst,20,2,16,102137,69645,32492,69645,16057,19064,41,0,712160,1043144,3342960,4902576
MOOC,TGN,full,280,280000,280999,1000,3284.0,dst,20,2,16,104976,73754,31222,73754,17705,21217,61,0,754184,1072076,3540192,5038848
MOOC,TGN,full,281,281000,281999,1000,3742.0,dst,20,2,16,103942,74302,29640,74302,17981,21625,47,0,759928,1061736,3566496,4989216
MOOC,TGN,full,282,282000,282999,1000,4230.0,dst,20,2,16,101607,70990,30617,70990,16619,19979,47,0,725680,1037692,3407520,4877136
MOOC,TGN,full,283,283000,283999,1000,3712.0,dst,20,2,16,101947,69732,32215,69732,16209,19356,27,0,713028,1040780,3347136,4893456
MOOC,TGN,full,284,284000,284999,1000,3414.0,dst,20,2,16,102092,72093,29999,72093,16852,20032,41,0,736980,1042632,3460464,4900416
MOOC,TGN,full,285,285000,285999,1000,2820.0,dst,20,2,16,103936,73826,30110,73826,17744,21295,49,0,755076,1061312,3543648,4988928
MOOC,TGN,full,286,286000,286999,1000,2843.0,dst,20,2,16,105224,73891,31333,73891,18117,22088,95,0,755592,1074924,3546768,5050752
MOOC,TGN,full,287,287000,287999,1000,3762.0,dst,20,2,16,108625,75474,33151,75474,18561,22596,91,0,771584,1109112,3622752,5214000
MOOC,TGN,full,288,288000,288999,1000,4798.0,dst,20,2,16,106533,75778,30755,75778,18645,22578,55,0,774716,1087928,3637344,5113584
MOOC,TGN,full,289,289000,289999,1000,3073.0,dst,20,2,16,104820,70975,33845,70975,16525,19826,54,0,725588,1070428,3406800,5031360
MOOC,TGN,full,290,290000,290999,1000,2543.0,dst,20,2,16,110530,77549,32981,77549,19053,22839,55,0,792792,1128664,3722352,5305440
MOOC,TGN,full,291,291000,291999,1000,1878.0,dst,20,2,16,102462,73170,29292,73170,17473,20829,43,0,747804,1046188,3512160,4918176
MOOC,TGN,full,292,292000,292999,1000,1604.0,dst,20,2,16,100781,69619,31162,69619,16143,19358,37,0,711816,1029352,3341712,4837488
MOOC,TGN,full,293,293000,293999,1000,1957.0,dst,20,2,16,103343,72177,31166,72177,17158,20591,38,0,737872,1055044,3464496,4960464
MOOC,TGN,full,294,294000,294999,1000,2058.0,dst,20,2,16,99011,66781,32230,66781,15051,17770,27,0,682740,1011336,3205488,4752528
MOOC,TGN,full,295,295000,295999,1000,2062.0,dst,20,2,16,101295,68402,32893,68402,15903,19112,31,0,699304,1034808,3283296,4862160
MOOC,TGN,full,296,296000,296999,1000,4201.0,dst,20,2,16,99474,67314,32160,67314,14965,17643,23,0,688276,1016140,3231072,4774752
MOOC,TGN,full,297,297000,297999,1000,32778.0,dst,20,2,16,107557,70844,36713,70844,17122,20702,57,0,724076,1098188,3400512,5162736
MOOC,TGN,full,298,298000,298999,1000,4058.0,dst,20,2,16,107639,70786,36853,70786,16770,20202,64,0,723860,1099344,3397728,5166672
MOOC,TGN,full,299,299000,299999,1000,3076.0,dst,20,2,16,103135,72524,30611,72524,17260,20748,58,0,741260,1053328,3481152,4950480
MOOC,TGN,full,300,300000,300999,1000,4838.0,dst,20,2,16,105228,74739,30489,74739,17920,21527,53,0,764344,1074704,3587472,5050944
MOOC,TGN,full,301,301000,301999,1000,4050.0,dst,20,2,16,101839,70974,30865,70974,16656,19931,45,0,725748,1039692,3406752,4888272
MOOC,TGN,full,302,302000,302999,1000,3366.0,dst,20,2,16,101780,70581,31199,70581,16198,19225,30,0,721724,1039292,3387888,4885440
MOOC,TGN,full,303,303000,303999,1000,2662.0,dst,20,2,16,101149,70661,30488,70661,16848,20385,64,0,722556,1033140,3391728,4855152
MOOC,TGN,full,304,304000,304999,1000,3617.0,dst,20,2,16,99440,71782,27658,71782,16814,20139,46,0,734020,1015352,3445536,4773120
MOOC,TGN,full,305,305000,305999,1000,3052.0,dst,20,2,16,102401,70390,32011,70390,16466,19665,41,0,719640,1045584,3378720,4915248
MOOC,TGN,full,306,306000,306999,1000,4490.0,dst,20,2,16,104972,72337,32635,72337,17242,20753,51,0,739188,1072124,3472176,5038656
MOOC,TGN,full,307,307000,307999,1000,3564.0,dst,20,2,16,107252,73908,33344,73908,18050,21938,78,0,755444,1095044,3547584,5148096
MOOC,TGN,full,308,308000,308999,1000,2323.0,dst,20,2,16,102044,72498,29546,72498,17681,21496,51,0,741088,1041900,3479904,4898112
MOOC,TGN,full,309,309000,309999,1000,2252.0,dst,20,2,16,103546,72206,31340,72206,17363,21083,76,0,738124,1057604,3465888,4970208
MOOC,TGN,full,310,310000,310999,1000,2345.0,dst,20,2,16,104164,73761,30403,73761,18012,21884,65,0,753956,1063600,3540528,4999872
MOOC,TGN,full,311,311000,311999,1000,2493.0,dst,20,2,16,98868,68829,30039,68829,16019,19372,54,0,703568,1009964,3303792,4745664
MOOC,TGN,full,312,312000,312999,1000,2870.0,dst,20,2,16,107686,72938,34748,72938,17526,21255,73,0,745468,1099620,3501024,5168928
MOOC,TGN,full,313,313000,313999,1000,6935.0,dst,20,2,16,106740,71736,35004,71736,17031,20421,43,0,733300,1089988,3443328,5123520
MOOC,TGN,full,314,314000,314999,1000,30555.0,dst,20,2,16,114369,73259,41110,73259,17663,21395,63,0,748820,1167896,3516432,5489712
MOOC,TGN,full,315,315000,315999,1000,4252.0,dst,20,2,16,112835,77129,35706,77129,19509,24009,92,0,788056,1152192,3702192,5416080
MOOC,TGN,full,316,316000,316999,1000,3240.0,dst,20,2,16,104728,71038,33690,71038,16777,20164,59,0,726172,1069696,3409824,5026944
MOOC,TGN,full,317,317000,317999,1000,5094.0,dst,20,2,16,109887,73350,36537,73350,17694,21435,72,0,749712,1122036,3520800,5274576
MOOC,TGN,full,318,318000,318999,1000,4261.0,dst,20,2,16,104535,72416,32119,72416,17569,21176,62,0,740208,1067796,3475968,5017680
MOOC,TGN,full,319,319000,319999,1000,3450.0,dst,20,2,16,107276,72168,35108,72168,17104,20473,45,0,737804,1095444,3464064,5149248
MOOC,TGN,full,320,320000,320999,1000,3845.0,dst,20,2,16,101548,69610,31938,69610,16188,19370,49,0,711828,1036948,3341280,4874304
MOOC,TGN,full,321,321000,321999,1000,3335.0,dst,20,2,16,110102,74742,35360,74742,18358,22293,70,0,763860,1124512,3587616,5284896
MOOC,TGN,full,322,322000,322999,1000,3998.0,dst,20,2,16,104708,70020,34688,70020,16358,19690,49,0,716232,1069444,3360960,5025984
MOOC,TGN,full,323,323000,323999,1000,4281.0,dst,20,2,16,111001,75938,35063,75938,18734,22711,57,0,776112,1133376,3645024,5328048
MOOC,TGN,full,324,324000,324999,1000,3004.0,dst,20,2,16,106424,75844,30580,75844,18728,22659,81,0,775484,1086692,3640512,5108352
MOOC,TGN,full,325,325000,325999,1000,2130.0,dst,20,2,16,102913,73865,29048,73865,17794,21454,53,0,754896,1050924,3545520,4939824
MOOC,TGN,full,326,326000,326999,1000,2216.0,dst,20,2,16,103581,72293,31288,72293,17132,20572,49,0,738844,1058084,3470064,4971888
MOOC,TGN,full,327,327000,327999,1000,2188.0,dst,20,2,16,102404,71111,31293,71111,16670,20083,51,0,726732,1045732,3413328,4915392
MOOC,TGN,full,328,328000,328999,1000,2617.0,dst,20,2,16,107097,75346,31751,75346,18359,22283,64,0,770428,1093408,3616608,5140656
MOOC,TGN,full,329,329000,329999,1000,4916.0,dst,20,2,16,106180,72475,33705,72475,17172,20638,54,0,740996,1084384,3478800,5096640
MOOC,TGN,full,330,330000,330999,1000,31496.0,dst,20,2,16,111203,74582,36621,74582,18130,21890,73,0,762112,1135272,3579936,5337744
MOOC,TGN,full,331,331000,331999,1000,5378.0,dst,20,2,16,110799,75738,35061,75738,18999,23212,60,0,774032,1131500,3635424,5318352
MOOC,TGN,full,332,332000,332999,1000,3740.0,dst,20,2,16,111907,77944,33963,77944,19605,23772,52,0,796280,1142844,3741312,5371536
MOOC,TGN,full,333,333000,333999,1000,4750.0,dst,20,2,16,109106,74731,34375,74731,18387,22145,52,0,763920,1113940,3587088,5237088
MOOC,TGN,full,334,334000,334999,1000,4046.0,dst,20,2,16,108024,74645,33379,74645,18128,21865,60,0,763280,1103200,3582960,5185152
MOOC,TGN,full,335,335000,335999,1000,3683.0,dst,20,2,16,107241,75214,32027,75214,18362,22082,53,0,768780,1095204,3610272,5147568
MOOC,TGN,full,336,336000,336999,1000,4790.0,dst,20,2,16,111835,78583,33252,78583,19683,23893,80,0,803144,1141768,3771984,5368080
MOOC,TGN,full,337,337000,337999,1000,4081.0,dst,20,2,16,107508,72907,34601,72907,17098,20429,59,0,745344,1098052,3499536,5160384
MOOC,TGN,full,338,338000,338999,1000,6484.0,dst,20,2,16,111079,74255,36824,74255,17755,21323,42,0,758840,1134472,3564240,5331792
MOOC,TGN,full,339,339000,339999,1000,3776.0,dst,20,2,16,113552,77477,36075,77477,19621,24054,71,0,792240,1159488,3718896,5450496
MOOC,TGN,full,340,340000,340999,1000,2341.0,dst,20,2,16,109809,75607,34202,75607,18634,22747,73,0,772820,1121204,3629136,5270832
MOOC,TGN,full,341,341000,341999,1000,1861.0,dst,20,2,16,107402,76653,30749,76653,19261,23795,123,0,783228,1096828,3679344,5155296
MOOC,TGN,full,342,342000,342999,1000,1519.0,dst,20,2,16,105990,72943,33047,72943,17459,21257,94,0,745880,1082220,3501264,5087520
MOOC,TGN,full,343,343000,343999,1000,2226.0,dst,20,2,16,107274,74478,32796,74478,17979,21697,57,0,761540,1095236,3574944,5149152
MOOC,TGN,full,344,344000,344999,1000,2885.0,dst,20,2,16,105006,73439,31567,73439,17779,21576,61,0,750720,1072512,3525072,5040288
MOOC,TGN,full,345,345000,345999,1000,32998.0,dst,20,2,16,111567,76669,34898,76669,19150,23285,64,0,783276,1139208,3680112,5355216
MOOC,TGN,full,346,346000,346999,1000,7100.0,dst,20,2,16,109271,75850,33421,75850,18860,22825,69,0,775324,1115908,3640800,5245008
MOOC,TGN,full,347,347000,347999,1000,5540.0,dst,20,2,16,103054,72263,30791,72263,17247,20732,51,0,738756,1052388,3468624,4946592
MOOC,TGN,full,348,348000,348999,1000,5384.0,dst,20,2,16,110222,75376,34846,75376,18676,22758,66,0,770576,1125344,3618048,5290656
MOOC,TGN,full,349,349000,349999,1000,3476.0,dst,20,2,16,114648,78663,35985,78663,20255,24891,88,0,803760,1170552,3775824,5503104
MOOC,TGN,full,350,350000,350999,1000,4421.0,dst,20,2,16,104179,73135,31044,73135,17968,21859,86,0,747632,1064112,3510480,5000592
MOOC,TGN,full,351,351000,351999,1000,4132.0,dst,20,2,16,112002,77395,34607,77395,19464,23619,81,0,791140,1143564,3714960,5376096
MOOC,TGN,full,352,352000,352999,1000,4784.0,dst,20,2,16,106255,70855,35400,70855,16479,19789,56,0,724344,1084876,3401040,5100240
MOOC,TGN,full,353,353000,353999,1000,4888.0,dst,20,2,16,109923,73163,36760,73163,17818,21419,56,0,748020,1122256,3511824,5276304
MOOC,TGN,full,354,354000,354999,1000,2790.0,dst,20,2,16,107512,73771,33741,73771,18010,21790,62,0,754312,1097996,3541008,5160576
MOOC,TGN,full,355,355000,355999,1000,2033.0,dst,20,2,16,109796,76409,33387,76409,18819,22739,62,0,781088,1121088,3667632,5270208
MOOC,TGN,full,356,356000,356999,1000,2348.0,dst,20,2,16,108481,76127,32354,76127,18828,23021,73,0,778240,1107880,3654096,5207088
MOOC,TGN,full,357,357000,357999,1000,1923.0,dst,20,2,16,103282,72077,31205,72077,17533,21334,59,0,736856,1054424,3459696,4957536
MOOC,TGN,full,358,358000,358999,1000,2053.0,dst,20,2,16,107741,76315,31426,76315,19069,23253,83,0,780048,1100144,3663120,5171568
MOOC,TGN,full,359,359000,359999,1000,2727.0,dst,20,2,16,98735,69119,29616,69119,16277,19690,90,0,706760,1008568,3317712,4739280
MOOC,TGN,full,360,360000,360999,1000,24580.0,dst,20,2,16,105944,72415,33529,72415,17266,20743,57,0,740620,1081992,3475920,5085312
MOOC,TGN,full,361,361000,361999,1000,13723.0,dst,20,2,16,114640,75238,39402,75238,18767,22770,55,0,768676,1170608,3611424,5502720
MOOC,TGN,full,362,362000,362999,1000,5531.0,dst,20,2,16,118567,79302,39265,79302,20406,25169,102,0,810452,1210448,3806496,5691216
MOOC,TGN,full,363,363000,363999,1000,4815.0,dst,20,2,16,117836,78082,39754,78082,19949,24597,115,0,798028,1203148,3747936,5656128
MOOC,TGN,full,364,364000,364999,1000,4892.0,dst,20,2,16,115808,77115,38693,77115,19617,24070,94,0,787996,1182380,3701520,5558784
MOOC,TGN,full,365,365000,365999,1000,4463.0,dst,20,2,16,115879,77912,37967,77912,19685,24192,110,0,796452,1182952,3739776,5562192
MOOC,TGN,full,366,366000,366999,1000,3700.0,dst,20,2,16,116952,80622,36330,80622,20942,25764,108,0,823868,1194148,3869856,5613696
MOOC,TGN,full,367,367000,367999,1000,2873.0,dst,20,2,16,115210,77157,38053,77157,19367,23863,115,0,788720,1176544,3703536,5530080
MOOC,TGN,full,368,368000,368999,1000,6489.0,dst,20,2,16,117403,78998,38405,78998,20410,25080,90,0,807284,1198860,3791904,5635344
MOOC,TGN,full,369,369000,369999,1000,4036.0,dst,20,2,16,117774,77484,40290,77484,19530,23747,78,0,791968,1202464,3719232,5653152
MOOC,TGN,full,370,370000,370999,1000,2639.0,dst,20,2,16,116291,77107,39184,77107,19153,23265,55,0,788168,1187340,3701136,5581968
MOOC,TGN,full,371,371000,371999,1000,2054.0,dst,20,2,16,115747,78801,36946,78801,20123,24658,83,0,805256,1181440,3782448,5555856
MOOC,TGN,full,372,372000,372999,1000,2213.0,dst,20,2,16,114582,78198,36384,78198,19968,24365,78,0,799220,1169876,3753504,5499936
MOOC,TGN,full,373,373000,373999,1000,2905.0,dst,20,2,16,115234,73755,41479,73755,17971,21672,61,0,754056,1176532,3540240,5531232
MOOC,TGN,full,374,374000,374999,1000,22516.0,dst,20,2,16,115993,75537,40456,75537,18353,22035,47,0,772168,1184528,3625776,5567664
MOOC,TGN,full,375,375000,375999,1000,15875.0,dst,20,2,16,121608,79720,41888,79720,20506,25181,103,0,814776,1241572,3826560,5837184
MOOC,TGN,full,376,376000,376999,1000,5630.0,dst,20,2,16,121829,82285,39544,82285,21849,26904,89,0,841164,1243780,3949680,5847792
MOOC,TGN,full,377,377000,377999,1000,6439.0,dst,20,2,16,120558,81807,38751,81807,21548,26569,108,0,836156,1230556,3926736,5786784
MOOC,TGN,full,378,378000,378999,1000,5858.0,dst,20,2,16,119237,80688,38549,80688,21098,26094,90,0,824408,1217368,3873024,5723376
MOOC,TGN,full,379,379000,379999,1000,4307.0,dst,20,2,16,118139,79652,38487,79652,20769,25642,111,0,814056,1206136,3823296,5670672
MOOC,TGN,full,380,380000,380999,1000,3594.0,dst,20,2,16,119715,81740,37975,81740,21476,26448,81,0,835308,1222252,3923520,5746320
MOOC,TGN,full,381,381000,381999,1000,4915.0,dst,20,2,16,117268,78986,38282,78986,20170,24648,72,0,807132,1197248,3791328,5628864
MOOC,TGN,full,382,382000,382999,1000,5142.0,dst,20,2,16,117647,75282,42365,75282,18472,22485,75,0,769672,1201308,3613536,5647056
MOOC,TGN,full,383,383000,383999,1000,3131.0,dst,20,2,16,121108,82346,38762,82346,21410,26238,94,0,841816,1236128,3952608,5813184
MOOC,TGN,full,384,384000,384999,1000,2230.0,dst,20,2,16,117764,77587,40177,77587,19523,23762,58,0,792904,1202120,3724176,5652672
MOOC,TGN,full,385,385000,385999,1000,2241.0,dst,20,2,16,112676,70570,42106,70570,16597,19916,44,0,721732,1150544,3387360,5408448
MOOC,TGN,full,386,386000,386999,1000,2874.0,dst,20,2,16,116460,78718,37742,78718,19892,24195,70,0,804504,1188944,3778464,5590080
MOOC,TGN,full,387,387000,387999,1000,2704.0,dst,20,2,16,115134,74753,40381,74753,18698,22927,93,0,764104,1175548,3588144,5526432
MOOC,TGN,full,388,388000,388999,1000,11155.0,dst,20,2,16,115096,69348,45748,69348,16193,19704,73,0,709036,1175172,3328704,5524608
MOOC,TGN,full,389,389000,389999,1000,25699.0,dst,20,2,16,117852,79372,38480,79372,20854,26036,144,0,810908,1203584,3809856,5656896
MOOC,TGN,full,390,390000,390999,1000,3107.0,dst,20,2,16,116465,81860,34605,81860,21470,26625,128,0,836244,1189128,3929280,5590320
MOOC,TGN,full,391,391000,391999,1000,3074.0,dst,20,2,16,119490,84263,35227,84263,22533,27916,122,0,860952,1219804,4044624,5735520
MOOC,TGN,full,392,392000,392999,1000,4652.0,dst,20,2,16,119636,84593,35043,84593,22841,28262,97,0,864256,1221348,4060464,5742528
MOOC,TGN,full,393,393000,393999,1000,3786.0,dst,20,2,16,117486,81626,35860,81626,21525,26634,114,0,834004,1199420,3918048,5639328
MOOC,TGN,full,394,394000,394999,1000,3292.0,dst,20,2,16,118631,81103,37528,81103,21332,26200,99,0,828948,1211376,3892944,5694288
MOOC,TGN,full,395,395000,395999,1000,2847.0,dst,20,2,16,120032,85805,34227,85805,23442,29325,145,0,876908,1225536,4118640,5761536
MOOC,TGN,full,396,396000,396999,1000,2266.0,dst,20,2,16,117746,80738,37008,80738,21120,26116,129,0,825024,1202076,3875424,5651808
MOOC,TGN,full,397,397000,397999,1000,2379.0,dst,20,2,16,116196,81480,34716,81480,21267,26110,80,0,832412,1186152,3911040,5577408
MOOC,TGN,full,398,398000,398999,1000,2455.0,dst,20,2,16,117320,84093,33227,84093,22319,27422,84,0,859272,1197788,4036464,5631360
MOOC,TGN,full,399,399000,399999,1000,4046.0,dst,20,2,16,115065,78933,36132,78933,19847,24204,81,0,806576,1174632,3788784,5523120
MOOC,TGN,full,400,400000,400999,1000,3721.0,dst,20,2,16,118389,81511,36878,81511,21286,26221,107,0,832756,1208688,3912528,5682672
MOOC,TGN,full,401,401000,401999,1000,2387.0,dst,20,2,16,118002,79994,38008,79994,20650,25327,84,0,817544,1204420,3839712,5664096
MOOC,TGN,full,402,402000,402999,1000,1810.0,dst,20,2,16,116046,79498,36548,79498,20444,24955,77,0,812532,1184756,3815904,5570208
MOOC,TGN,full,403,403000,403999,1000,1659.0,dst,20,2,16,115373,80067,35306,80067,20497,25073,88,0,818240,1177664,3843216,5537904
MOOC,TGN,full,404,404000,404999,1000,1323.0,dst,20,2,16,113993,76302,37691,76302,18938,23130,80,0,780220,1163940,3662496,5471664
MOOC,TGN,full,405,405000,405999,1000,1270.0,dst,20,2,16,113504,77744,35760,77744,20070,24687,99,0,794632,1159156,3731712,5448192
MOOC,TGN,full,406,406000,406999,1000,1122.0,dst,20,2,16,111444,70418,41026,70418,16642,20204,63,0,720428,1137516,3380064,5349312
MOOC,TGN,full,407,407000,407999,1000,1124.0,dst,20,2,16,112745,74940,37805,74940,18264,22158,53,0,766196,1150748,3597120,5411760
MOOC,TGN,full,408,408000,408999,1000,1406.0,dst,20,2,16,113921,77914,36007,77914,19698,23940,78,0,796532,1163056,3739872,5468208
MOOC,TGN,full,409,409000,409999,1000,1135.0,dst,20,2,16,107968,64237,43731,64237,14237,17052,49,0,657220,1102904,3083376,5182464
MOOC,TGN,full,410,410000,410999,1000,1837.0,dst,20,2,16,108799,66556,42243,66556,15123,17967,28,0,680416,1111036,3194688,5222352
MOOC,APAN,full,0,0,999,1000,71233.0,dst,20,2,16,32,19,13,19,0,0,0,48,312,472,912,1536
MOOC,APAN,full,1,1000,1999,1000,4193.0,dst,20,2,16,0,0,0,0,0,0,0,0,0,0,0,0
MOOC,APAN,full,2,2000,2999,1000,4374.0,dst,20,2,16,0,0,0,0,0,0,0,0,0,0,0,0
MOOC,APAN,full,3,3000,3999,1000,3582.0,dst,20,2,16,0,0,0,0,0,0,0,0,0,0,0,0
MOOC,APAN,full,4,4000,4999,1000,3130.0,dst,20,2,16,0,0,0,0,0,0,0,0,0,0,0,0
MOOC,APAN,full,5,5000,5999,1000,3547.0,dst,20,2,16,0,0,0,0,0,0,0,0,0,0,0,0
MOOC,APAN,full,6,6000,6999,1000,3642.0,dst,20,2,16,0,0,0,0,0,0,0,0,0,0,0,0
MOOC,APAN,full,7,7000,7999,1000,3052.0,dst,20,2,16,0,0,0,0,0,0,0,0,0,0,0,0
MOOC,APAN,full,8,8000,8999,1000,3438.0,dst,20,2,16,0,0,0,0,0,0,0,0,0,0,0,0
MOOC,APAN,full,9,9000,9999,1000,4923.0,dst,20,2,16,0,0,0,0,0,0,0,0,0,0,0,0
MOOC,APAN,full,10,10000,10999,1000,3384.0,dst,20,2,16,0,0,0,0,0,0,0,0,0,0,0,0
MOOC,APAN,full,11,11000,11999,1000,2278.0,dst,20,2,16,282,215,67,215,3,3,0,288,3152,3792,10320,13536
MOOC,APAN,full,12,12000,12999,1000,2172.0,dst,20,2,16,1142,925,217,925,9,9,0,816,11704,13864,44400,54816
MOOC,APAN,full,13,13000,13999,1000,1938.0,dst,20,2,16,1945,1561,384,1561,38,38,0,840,17972,21812,74928,93360
MOOC,APAN,full,14,14000,14999,1000,1468.0,dst,20,2,16,2633,2232,401,2232,31,31,0,768,25184,29264,107136,126384
MOOC,APAN,full,15,15000,15999,1000,1379.0,dst,20,2,16,4373,3683,690,3683,119,121,0,816,40092,46972,176784,209904
MOOC,APAN,full,16,16000,16999,1000,1753.0,dst,20,2,16,3352,2711,641,2711,66,67,0,636,29180,35604,130128,160896
MOOC,APAN,full,17,17000,17999,1000,2354.0,dst,20,2,16,5472,3855,1617,3855,84,84,0,900,41604,57896,185040,262656
MOOC,APAN,full,18,18000,18999,1000,3834.0,dst,20,2,16,5701,4558,1143,4558,97,97,0,828,49196,60720,218784,273648
MOOC,APAN,full,19,19000,19999,1000,32442.0,dst,20,2,16,7394,5307,2087,5307,138,139,0,600,56868,77964,254736,354912
MOOC,APAN,full,20,20000,20999,1000,4852.0,dst,20,2,16,6424,4941,1483,4941,110,113,0,660,53232,68232,237168,308352
MOOC,APAN,full,21,21000,21999,1000,4824.0,dst,20,2,16,7829,5801,2028,5801,198,204,0,624,61592,82380,278448,375792
MOOC,APAN,full,22,22000,22999,1000,5713.0,dst,20,2,16,6589,4873,1716,4873,141,146,0,444,52068,69332,233904,316272
MOOC,APAN,full,23,23000,23999,1000,4640.0,dst,20,2,16,6475,5250,1225,5250,126,130,0,468,56372,68504,252000,310800
MOOC,APAN,full,24,24000,24999,1000,3824.0,dst,20,2,16,6765,5317,1448,5317,165,165,0,564,56960,71572,255216,324720
MOOC,APAN,full,25,25000,25999,1000,3786.0,dst,20,2,16,6448,5073,1375,5073,160,163,0,624,54376,68316,243504,309504
MOOC,APAN,full,26,26000,26999,1000,4548.0,dst,20,2,16,6117,4608,1509,4608,109,109,0,684,49400,64524,221184,293616
MOOC,APAN,full,27,27000,27999,1000,3704.0,dst,20,2,16,5562,4559,1003,4559,77,77,0,732,48724,58944,218832,266976
MOOC,APAN,full,28,28000,28999,1000,2713.0,dst,20,2,16,5214,4270,944,4270,109,109,0,780,45856,55676,204960,250272
MOOC,APAN,full,29,29000,29999,1000,2522.0,dst,20,2,16,6259,5139,1120,5139,165,165,0,576,55312,66356,246672,300432
MOOC,APAN,full,30,30000,30999,1000,2523.0,dst,20,2,16,5653,4572,1081,4572,124,124,0,648,49236,59960,219456,271344
MOOC,APAN,full,31,31000,31999,1000,2517.0,dst,20,2,16,4868,3898,970,3898,70,71,0,696,42100,51888,187104,233664
MOOC,APAN,full,32,32000,32999,1000,2517.0,dst,20,2,16,5464,4476,988,4476,136,137,0,744,47948,58032,214848,262272
MOOC,APAN,full,33,33000,33999,1000,3911.0,dst,20,2,16,5556,4279,1277,4279,85,87,0,600,45884,58804,205392,266688
MOOC,APAN,full,34,34000,34999,1000,31952.0,dst,20,2,16,5493,4531,962,4531,136,141,0,600,48664,58336,217488,263664
MOOC,APAN,full,35,35000,35999,1000,5227.0,dst,20,2,16,6659,5492,1167,5492,103,105,0,648,58732,70372,263616,319632
MOOC,APAN,full,36,36000,36999,1000,3518.0,dst,20,2,16,6891,5577,1314,5577,178,188,0,564,59372,72908,267696,330768
MOOC,APAN,full,37,37000,37999,1000,6688.0,dst,20,2,16,5933,5015,918,5015,137,137,0,588,53768,62972,240720,284784
MOOC,APAN,full,38,38000,38999,1000,4904.0,dst,20,2,16,5962,4718,1244,4718,115,118,0,588,50692,63348,226464,286176
MOOC,APAN,full,39,39000,39999,1000,4581.0,dst,20,2,16,8243,5892,2351,5892,180,182,0,528,62916,86692,282816,395664
MOOC,APAN,full,40,40000,40999,1000,4540.0,dst,20,2,16,5786,4935,851,4935,156,160,0,660,52856,61340,236880,277728
MOOC,APAN,full,41,41000,41999,1000,6342.0,dst,20,2,16,7370,5624,1746,5624,176,178,0,492,60300,77704,269952,353760
MOOC,APAN,full,42,42000,42999,1000,4243.0,dst,20,2,16,7175,5322,1853,5322,140,140,0,492,56896,75616,255456,344400
MOOC,APAN,full,43,43000,43999,1000,2863.0,dst,20,2,16,5655,4260,1395,4260,97,97,0,624,45472,59604,204480,271440
MOOC,APAN,full,44,44000,44999,1000,2744.0,dst,20,2,16,6340,5115,1225,5115,113,113,0,720,54916,67160,245520,304320
MOOC,APAN,full,45,45000,45999,1000,2447.0,dst,20,2,16,6192,4768,1424,4768,116,117,0,648,50940,65440,228864,297216
MOOC,APAN,full,46,46000,46999,1000,3173.0,dst,20,2,16,6460,4912,1548,4912,160,162,0,576,52736,68204,235776,310080
MOOC,APAN,full,47,47000,47999,1000,33225.0,dst,20,2,16,6877,5421,1456,5421,103,105,0,624,58196,72876,260208,330096
MOOC,APAN,full,48,48000,48999,1000,8130.0,dst,20,2,16,6178,4902,1276,4902,128,128,0,696,52728,65384,235296,296544
MOOC,APAN,full,49,49000,49999,1000,5715.0,dst,20,2,16,8397,6174,2223,6174,142,144,0,492,65372,87776,296352,403056
MOOC,APAN,full,50,50000,50999,1000,6444.0,dst,20,2,16,6087,4911,1176,4911,120,122,0,540,52544,64252,235728,292176
MOOC,APAN,full,51,51000,51999,1000,6371.0,dst,20,2,16,7100,5475,1625,5475,167,172,0,636,58516,74968,262800,340800
MOOC,APAN,full,52,52000,52999,1000,5538.0,dst,20,2,16,8597,6191,2406,6191,239,244,0,420,65704,90076,297168,412656
MOOC,APAN,full,53,53000,53999,1000,7605.0,dst,20,2,16,6177,4848,1329,4848,121,124,0,672,52204,65488,232704,296496
MOOC,APAN,full,54,54000,54999,1000,3581.0,dst,20,2,16,6435,5177,1258,5177,118,120,0,588,55240,67988,248496,308880
MOOC,APAN,full,55,55000,55999,1000,2729.0,dst,20,2,16,5809,4673,1136,4673,114,117,0,516,50000,61388,224304,278832
MOOC,APAN,full,56,56000,56999,1000,2774.0,dst,20,2,16,7379,5942,1437,5942,142,146,0,444,63256,77872,285216,354192
MOOC,APAN,full,57,57000,57999,1000,2794.0,dst,20,2,16,7236,5815,1421,5815,217,219,0,492,62124,76120,279120,347328
MOOC,APAN,full,58,58000,58999,1000,8573.0,dst,20,2,16,6457,5172,1285,5172,189,198,0,648,55152,68288,248256,309936
MOOC,APAN,full,59,59000,59999,1000,31303.0,dst,20,2,16,7464,5715,1749,5715,213,225,0,660,60540,78504,274320,358272
MOOC,APAN,full,60,60000,60999,1000,5644.0,dst,20,2,16,10085,8194,1891,8194,317,328,0,336,86568,105700,393312,484080
MOOC,APAN,full,61,61000,61999,1000,8371.0,dst,20,2,16,11369,9199,2170,9199,399,408,0,264,96504,118384,441552,545712
MOOC,APAN,full,62,62000,62999,1000,7316.0,dst,20,2,16,11887,9530,2357,9530,371,385,0,180,99840,123804,457440,570576
MOOC,APAN,full,63,63000,63999,1000,7772.0,dst,20,2,16,11713,9291,2422,9291,359,369,0,276,97764,122168,445968,562224
MOOC,APAN,full,64,64000,64999,1000,7654.0,dst,20,2,16,10456,8527,1929,8527,332,345,0,372,89852,109248,409296,501888
MOOC,APAN,full,65,65000,65999,1000,4089.0,dst,20,2,16,13263,9861,3402,9861,420,440,0,228,103504,137596,473328,636624
MOOC,APAN,full,66,66000,66999,1000,3566.0,dst,20,2,16,11452,8492,2960,8492,326,337,0,300,89520,119576,407616,549696
MOOC,APAN,full,67,67000,67999,1000,4653.0,dst,20,2,16,13441,9813,3628,9813,446,467,0,204,102956,139436,471024,645168
MOOC,APAN,full,68,68000,68999,1000,35809.0,dst,20,2,16,12738,9917,2821,9917,438,448,0,264,104204,132772,476016,611424
MOOC,APAN,full,69,69000,69999,1000,9851.0,dst,20,2,16,13531,10485,3046,10485,516,530,0,144,109392,140420,503280,649488
MOOC,APAN,full,70,70000,70999,1000,11515.0,dst,20,2,16,11284,8821,2463,8821,386,405,0,252,92568,117580,423408,541632
MOOC,APAN,full,71,71000,71999,1000,8924.0,dst,20,2,16,11161,8531,2630,8531,351,369,0,336,89748,116452,409488,535728
MOOC,APAN,full,72,72000,72999,1000,7654.0,dst,20,2,16,12320,9375,2945,9375,480,498,0,252,98048,127876,450000,591360
MOOC,APAN,full,73,73000,73999,1000,3703.0,dst,20,2,16,12876,9943,2933,9943,431,439,0,132,104040,133388,477264,618048
MOOC,APAN,full,74,74000,74999,1000,4327.0,dst,20,2,16,15445,12220,3225,12220,643,662,0,132,127316,159900,586560,741360
MOOC,APAN,full,75,75000,75999,1000,13219.0,dst,20,2,16,14894,11276,3618,11276,544,566,0,120,117936,154832,541248,714912
MOOC,APAN,full,76,76000,76999,1000,32459.0,dst,20,2,16,12229,9401,2828,9401,455,472,0,180,98320,127336,451248,586992
MOOC,APAN,full,77,77000,77999,1000,13521.0,dst,20,2,16,14770,11536,3234,11536,582,596,0,156,120384,153356,553728,708960
MOOC,APAN,full,78,78000,78999,1000,9376.0,dst,20,2,16,13586,11095,2491,11095,471,478,0,156,116060,141404,532560,652128
MOOC,APAN,full,79,79000,79999,1000,11308.0,dst,20,2,16,14599,11627,2972,11627,572,589,0,84,121112,151156,558096,700752
MOOC,APAN,full,80,80000,80999,1000,5045.0,dst,20,2,16,14796,11840,2956,11840,584,603,0,120,123220,153448,568320,710208
MOOC,APAN,full,81,81000,81999,1000,5128.0,dst,20,2,16,13533,10531,3002,10531,499,511,0,132,109792,140336,505488,649584
MOOC,APAN,full,82,82000,82999,1000,36169.0,dst,20,2,16,11238,8982,2256,8982,361,364,0,336,94472,117048,431136,539424
MOOC,APAN,full,83,83000,83999,1000,5358.0,dst,20,2,16,13019,11548,1471,11548,593,619,0,216,120660,135656,554304,624912
MOOC,APAN,full,84,84000,84999,1000,4390.0,dst,20,2,16,12751,10804,1947,10804,601,620,0,204,113032,132808,518592,612048
MOOC,APAN,full,85,85000,85999,1000,5319.0,dst,20,2,16,13676,11828,1848,11828,575,600,0,288,123168,141844,567744,656448
MOOC,APAN,full,86,86000,86999,1000,4924.0,dst,20,2,16,14926,12638,2288,12638,711,759,0,132,131432,154488,606624,716448
MOOC,APAN,full,87,87000,87999,1000,4282.0,dst,20,2,16,14518,12351,2167,12351,687,704,0,120,128528,150280,592848,696864
MOOC,APAN,full,88,88000,88999,1000,4335.0,dst,20,2,16,17739,14433,3306,14433,830,850,0,96,149892,183344,692784,851472
MOOC,APAN,full,89,89000,89999,1000,6562.0,dst,20,2,16,14514,12306,2208,12306,640,656,0,168,128128,150888,590688,696672
MOOC,APAN,full,90,90000,90999,1000,4550.0,dst,20,2,16,12767,10548,2219,10548,514,534,0,168,110088,132724,506304,612816
MOOC,APAN,full,91,91000,91999,1000,2057.0,dst,20,2,16,12070,9973,2097,9973,491,506,0,276,104328,125532,478704,579360
MOOC,APAN,full,92,92000,92999,1000,1950.0,dst,20,2,16,11633,9963,1670,9963,474,481,0,192,104440,121412,478224,558384
MOOC,APAN,full,93,93000,93999,1000,2495.0,dst,20,2,16,13270,11607,1663,11607,667,680,0,192,120932,137940,557136,636960
MOOC,APAN,full,94,94000,94999,1000,2555.0,dst,20,2,16,13570,11561,2009,11561,638,666,0,180,120764,141224,554928,651360
MOOC,APAN,full,95,95000,95999,1000,3505.0,dst,20,2,16,15737,13462,2275,13462,828,871,0,144,139896,162724,646176,755376
MOOC,APAN,full,96,96000,96999,1000,27905.0,dst,20,2,16,15852,12304,3548,12304,649,672,0,108,127988,164164,590592,760896
MOOC,APAN,full,97,97000,97999,1000,6628.0,dst,20,2,16,12968,10775,2193,10775,535,552,0,96,112420,134540,517200,622464
MOOC,APAN,full,98,98000,98999,1000,3932.0,dst,20,2,16,16129,13555,2574,13555,898,956,0,120,141108,166716,650640,774192
MOOC,APAN,full,99,99000,99999,1000,3516.0,dst,20,2,16,15426,13455,1971,13455,752,792,0,96,139600,159808,645840,740448
MOOC,APAN,full,100,100000,100999,1000,4370.0,dst,20,2,16,15174,13066,2108,13066,787,806,0,72,135976,157236,627168,728352
MOOC,APAN,full,101,101000,101999,1000,4918.0,dst,20,2,16,14787,12511,2276,12511,649,678,0,60,130208,153312,600528,709776
MOOC,APAN,full,102,102000,102999,1000,4603.0,dst,20,2,16,14897,13027,1870,13027,716,751,0,108,135300,154420,625296,715056
MOOC,APAN,full,103,103000,103999,1000,3611.0,dst,20,2,16,13985,12015,1970,12015,687,715,0,180,125396,144848,576720,671280
MOOC,APAN,full,104,104000,104999,1000,3275.0,dst,20,2,16,14540,12464,2076,12464,682,714,0,168,129628,150660,598272,697920
MOOC,APAN,full,105,105000,105999,1000,5472.0,dst,20,2,16,17783,15286,2497,15286,961,1019,0,72,158492,183964,733728,853584
MOOC,APAN,full,106,106000,106999,1000,4277.0,dst,20,2,16,22777,18070,4707,18070,1345,1419,0,24,186660,234932,867360,1093296
MOOC,APAN,full,107,107000,107999,1000,3354.0,dst,20,2,16,19178,15749,3429,15749,948,995,0,60,163020,197940,755952,920544
MOOC,APAN,full,108,108000,108999,1000,2968.0,dst,20,2,16,26323,20010,6313,20010,1581,1681,0,0,206220,270676,960480,1263504
MOOC,APAN,full,109,109000,109999,1000,3542.0,dst,20,2,16,25815,19622,6193,19622,1671,1808,0,60,202720,265760,941856,1239120
MOOC,APAN,full,110,110000,110999,1000,4071.0,dst,20,2,16,25714,18845,6869,18845,1438,1526,0,36,194692,264740,904560,1234272
MOOC,APAN,full,111,111000,111999,1000,30102.0,dst,20,2,16,26988,20223,6765,20223,1663,1761,0,12,208280,277424,970704,1295424
MOOC,APAN,full,112,112000,112999,1000,5576.0,dst,20,2,16,23949,18116,5833,18116,1249,1305,0,48,186660,246244,869568,1149552
MOOC,APAN,full,113,113000,113999,1000,3518.0,dst,20,2,16,24260,18639,5621,18639,1391,1466,0,12,192140,249628,894672,1164480
MOOC,APAN,full,114,114000,114999,1000,4476.0,dst,20,2,16,24234,19416,4818,19416,1519,1612,0,0,200192,249732,931968,1163232
MOOC,APAN,full,115,115000,115999,1000,4606.0,dst,20,2,16,24541,18836,5705,18836,1518,1601,0,36,194416,252260,904128,1177968
MOOC,APAN,full,116,116000,116999,1000,4304.0,dst,20,2,16,24653,19171,5482,19171,1368,1471,0,24,197916,253736,920208,1183344
MOOC,APAN,full,117,117000,117999,1000,5085.0,dst,20,2,16,23503,18538,4965,18538,1308,1357,0,72,191272,241728,889824,1128144
MOOC,APAN,full,118,118000,118999,1000,3973.0,dst,20,2,16,24510,18843,5667,18843,1477,1594,0,36,194544,252444,904464,1176480
MOOC,APAN,full,119,119000,119999,1000,4755.0,dst,20,2,16,29105,20147,8958,20147,1610,1719,0,48,207800,299436,967056,1397040
MOOC,APAN,full,120,120000,120999,1000,5006.0,dst,20,2,16,26005,19517,6488,19517,1609,1721,0,36,201164,267428,936816,1248240
MOOC,APAN,full,121,121000,121999,1000,3026.0,dst,20,2,16,25458,19539,5919,19539,1908,2069,1,48,201692,261664,937872,1221984
MOOC,APAN,full,122,122000,122999,1000,2701.0,dst,20,2,16,27400,20478,6922,20478,1564,1652,0,24,211244,281932,982944,1315200
MOOC,APAN,full,123,123000,123999,1000,2607.0,dst,20,2,16,25572,19959,5613,19959,1726,1820,0,24,206276,262968,958032,1227456
MOOC,APAN,full,124,124000,124999,1000,3062.0,dst,20,2,16,25833,19843,5990,19843,1522,1628,0,12,204780,266044,952464,1239984
MOOC,APAN,full,125,125000,125999,1000,12910.0,dst,20,2,16,25030,19289,5741,19289,1514,1601,0,36,199244,257500,925872,1201440
MOOC,APAN,full,126,126000,126999,1000,25758.0,dst,20,2,16,20364,15825,4539,15825,1168,1240,0,84,163672,210020,759600,977472
MOOC,APAN,full,127,127000,127999,1000,4868.0,dst,20,2,16,24543,19465,5078,19465,1479,1563,0,36,200868,252536,934320,1178064
MOOC,APAN,full,128,128000,128999,1000,5237.0,dst,20,2,16,21892,17960,3932,17960,1344,1440,0,60,185748,225652,862080,1050816
MOOC,APAN,full,129,129000,129999,1000,5478.0,dst,20,2,16,22440,18046,4394,18046,1399,1495,0,36,186192,231236,866208,1077120
MOOC,APAN,full,130,130000,130999,1000,4235.0,dst,20,2,16,24632,19252,5380,19252,1553,1654,0,72,198924,253576,924096,1182336
MOOC,APAN,full,131,131000,131999,1000,4209.0,dst,20,2,16,27606,20882,6724,20882,1665,1747,0,0,215224,283876,1002336,1325088
MOOC,APAN,full,132,132000,132999,1000,5215.0,dst,20,2,16,31154,22629,8525,22629,1944,2074,0,24,232984,319944,1086192,1495392
MOOC,APAN,full,133,133000,133999,1000,5634.0,dst,20,2,16,29942,21374,8568,21374,1862,1988,0,12,220320,307368,1025952,1437216
MOOC,APAN,full,134,134000,134999,1000,3274.0,dst,20,2,16,29785,23050,6735,23050,2192,2355,2,12,237664,306044,1106400,1429680
MOOC,APAN,full,135,135000,135999,1000,2094.0,dst,20,2,16,27720,21458,6262,21458,1990,2125,0,60,221148,285056,1029984,1330560
MOOC,APAN,full,136,136000,136999,1000,2411.0,dst,20,2,16,33607,23902,9705,23902,2238,2372,1,12,246116,345256,1147296,1613136
MOOC,APAN,full,137,137000,137999,1000,2516.0,dst,20,2,16,28525,22047,6478,22047,1892,1988,0,0,227140,292980,1058256,1369200
MOOC,APAN,full,138,138000,138999,1000,3140.0,dst,20,2,16,31723,23507,8216,23507,2213,2400,3,24,242492,325572,1128336,1522704
MOOC,APAN,full,139,139000,139999,1000,33548.0,dst,20,2,16,33512,23742,9770,23742,2393,2583,0,36,244596,343824,1139616,1608576
MOOC,APAN,full,140,140000,140999,1000,6477.0,dst,20,2,16,29022,21823,7199,21823,1815,1926,0,24,225004,298268,1047504,1393056
MOOC,APAN,full,141,141000,141999,1000,4868.0,dst,20,2,16,35566,24553,11013,24553,2347,2535,0,12,252716,365012,1178544,1707168
MOOC,APAN,full,142,142000,142999,1000,7281.0,dst,20,2,16,35113,24292,10821,24292,2252,2417,0,24,249952,360080,1166016,1685424
MOOC,APAN,full,143,143000,143999,1000,5135.0,dst,20,2,16,31894,24052,7842,24052,2224,2367,1,0,247760,327468,1154496,1530912
MOOC,APAN,full,144,144000,144999,1000,4476.0,dst,20,2,16,32665,23295,9370,23295,1986,2123,0,36,240192,335088,1118160,1567920
MOOC,APAN,full,145,145000,145999,1000,4550.0,dst,20,2,16,34882,25358,9524,25358,2307,2453,0,0,261032,357736,1217184,1674336
MOOC,APAN,full,146,146000,146999,1000,5890.0,dst,20,2,16,34978,24634,10344,24634,2372,2533,0,0,253540,358696,1182432,1678944
MOOC,APAN,full,147,147000,147999,1000,3203.0,dst,20,2,16,32186,24048,8138,24048,2270,2435,0,12,247412,330340,1154304,1544928
MOOC,APAN,full,148,148000,148999,1000,3288.0,dst,20,2,16,38054,26401,11653,26401,2767,3010,2,24,271752,390232,1267248,1826592
MOOC,APAN,full,149,149000,149999,1000,2640.0,dst,20,2,16,39377,27987,11390,27987,2991,3230,2,0,287696,403832,1343376,1890096
MOOC,APAN,full,150,150000,150999,1000,2501.0,dst,20,2,16,45123,30851,14272,30851,3566,3864,0,0,317092,462400,1480848,2165904
MOOC,APAN,full,151,151000,151999,1000,3790.0,dst,20,2,16,46698,31260,15438,31260,3728,4087,1,0,320960,478160,1500480,2241504
MOOC,APAN,full,152,152000,152999,1000,32522.0,dst,20,2,16,50843,32729,18114,32729,3662,3990,0,0,335968,520288,1570992,2440464
MOOC,APAN,full,153,153000,153999,1000,7018.0,dst,20,2,16,49983,31869,18114,31869,3639,3954,0,0,327172,511572,1529712,2399184
MOOC,APAN,full,154,154000,154999,1000,7213.0,dst,20,2,16,54391,35230,19161,35230,4838,5374,1,0,361692,556764,1691040,2610768
MOOC,APAN,full,155,155000,155999,1000,5870.0,dst,20,2,16,50402,32779,17623,32779,4129,4549,1,12,336892,516056,1573392,2419296
MOOC,APAN,full,156,156000,156999,1000,4691.0,dst,20,2,16,54341,34958,19383,34958,4503,4915,2,0,358636,556104,1677984,2608368
MOOC,APAN,full,157,157000,157999,1000,4622.0,dst,20,2,16,48716,33045,15671,33045,3904,4263,0,0,339100,498680,1586160,2338368
MOOC,APAN,full,158,158000,158999,1000,8031.0,dst,20,2,16,56405,35482,20923,35482,4737,5237,0,0,364244,577096,1703136,2707440
MOOC,APAN,full,159,159000,159999,1000,4699.0,dst,20,2,16,57795,37025,20770,37025,5048,5641,0,0,379744,591356,1777200,2774160
MOOC,APAN,full,160,160000,160999,1000,3775.0,dst,20,2,16,61770,39159,22611,39159,5441,5960,0,0,401760,631908,1879632,2964960
MOOC,APAN,full,161,161000,161999,1000,2911.0,dst,20,2,16,60429,39212,21217,39212,5392,5905,1,0,402140,618432,1882176,2900592
MOOC,APAN,full,162,162000,162999,1000,3327.0,dst,20,2,16,62436,41643,20793,41643,6303,7051,9,0,427064,638816,1998864,2996928
MOOC,APAN,full,163,163000,163999,1000,34101.0,dst,20,2,16,63109,38482,24627,38482,5292,5831,1,0,394796,645368,1847136,3029232
MOOC,APAN,full,164,164000,164999,1000,6676.0,dst,20,2,16,56316,36439,19877,36439,4923,5405,2,0,373852,576500,1749072,2703168
MOOC,APAN,full,165,165000,165999,1000,5521.0,dst,20,2,16,59742,37257,22485,37257,5248,5909,7,0,382064,610940,1788336,2867616
MOOC,APAN,full,166,166000,166999,1000,8177.0,dst,20,2,16,57190,36808,20382,36808,4851,5312,0,0,377432,585204,1766784,2745120
MOOC,APAN,full,167,167000,167999,1000,7552.0,dst,20,2,16,59045,38910,20135,38910,5477,6015,1,0,398732,604156,1867680,2834160
MOOC,APAN,full,168,168000,168999,1000,6092.0,dst,20,2,16,63253,41046,22207,41046,6248,6936,4,0,420520,647164,1970208,3036144
MOOC,APAN,full,169,169000,169999,1000,6474.0,dst,20,2,16,69083,42263,26820,42263,6494,7301,4,0,432988,706040,2028624,3315984
MOOC,APAN,full,170,170000,170999,1000,3511.0,dst,20,2,16,73533,45581,27952,45581,7565,8506,2,0,466928,751828,2187888,3529584
MOOC,APAN,full,171,171000,171999,1000,3138.0,dst,20,2,16,72540,47128,25412,47128,7919,8949,8,0,482632,741488,2262144,3481920
MOOC,APAN,full,172,172000,172999,1000,3052.0,dst,20,2,16,69230,44750,24480,44750,7220,8132,7,0,458268,707664,2148000,3323040
MOOC,APAN,full,173,173000,173999,1000,4867.0,dst,20,2,16,66523,42300,24223,42300,6308,6989,0,0,433376,680520,2030400,3193104
MOOC,APAN,full,174,174000,174999,1000,34547.0,dst,20,2,16,56774,38500,18274,38500,5328,5968,7,0,394728,581208,1848000,2725152
MOOC,APAN,full,175,175000,175999,1000,5026.0,dst,20,2,16,50023,37142,12881,37142,5255,5868,2,0,380976,512328,1782816,2401104
MOOC,APAN,full,176,176000,176999,1000,4264.0,dst,20,2,16,52411,39393,13018,39393,5854,6590,9,0,403868,536244,1890864,2515728
MOOC,APAN,full,177,177000,177999,1000,5329.0,dst,20,2,16,51874,37907,13967,37907,5440,6075,0,0,388620,530880,1819536,2489952
MOOC,APAN,full,178,178000,178999,1000,4819.0,dst,20,2,16,51157,36424,14733,36424,4821,5361,5,0,373712,523640,1748352,2455536
MOOC,APAN,full,179,179000,179999,1000,3306.0,dst,20,2,16,51589,39102,12487,39102,5750,6353,2,0,400872,527872,1876896,2476272
MOOC,APAN,full,180,180000,180999,1000,2615.0,dst,20,2,16,48658,34796,13862,34796,4489,4932,6,0,357080,498352,1670208,2335584
MOOC,APAN,full,181,181000,181999,1000,3238.0,dst,20,2,16,51281,37578,13703,37578,5232,5778,7,0,385484,524876,1803744,2461488
MOOC,APAN,full,182,182000,182999,1000,5197.0,dst,20,2,16,49875,37191,12684,37191,5232,5787,0,0,381468,510452,1785168,2394000
MOOC,APAN,full,183,183000,183999,1000,3745.0,dst,20,2,16,46413,34184,12229,34184,4513,4978,1,12,350688,475256,1640832,2227824
MOOC,APAN,full,184,184000,184999,1000,3546.0,dst,20,2,16,49949,36984,12965,36984,5232,5845,4,0,379480,511436,1775232,2397552
MOOC,APAN,full,185,185000,185999,1000,2431.0,dst,20,2,16,48757,36745,12012,36745,4928,5451,7,0,377168,499196,1763760,2340336
MOOC,APAN,full,186,186000,186999,1000,2481.0,dst,20,2,16,50648,37151,13497,37151,5081,5570,1,0,381160,518412,1783248,2431104
MOOC,APAN,full,187,187000,187999,1000,3022.0,dst,20,2,16,52866,37673,15193,37673,5654,6290,3,0,386264,540980,1808304,2537568
MOOC,APAN,full,188,188000,188999,1000,5350.0,dst,20,2,16,62079,41988,20091,41988,6571,7357,7,0,430416,635420,2015424,2979792
MOOC,APAN,full,189,189000,189999,1000,33348.0,dst,20,2,16,58443,40328,18115,40328,5974,6717,15,0,413336,597956,1935744,2805264
MOOC,APAN,full,190,190000,190999,1000,3569.0,dst,20,2,16,58433,40568,17865,40568,6043,6833,7,0,416164,597900,1947264,2804784
MOOC,APAN,full,191,191000,191999,1000,3859.0,dst,20,2,16,58048,42959,15089,42959,6878,7840,11,0,440368,593816,2062032,2786304
MOOC,APAN,full,192,192000,192999,1000,5147.0,dst,20,2,16,55808,40585,15223,40585,6011,6713,1,0,415992,571280,1948080,2678784
MOOC,APAN,full,193,193000,193999,1000,4124.0,dst,20,2,16,56690,41618,15072,41618,6268,6982,5,0,426928,580400,1997664,2721120
MOOC,APAN,full,194,194000,194999,1000,3870.0,dst,20,2,16,52691,38870,13821,38870,5680,6336,3,0,398524,539448,1865760,2529168
MOOC,APAN,full,195,195000,195999,1000,3710.0,dst,20,2,16,54223,40465,13758,40465,6104,6864,4,0,415008,554776,1942320,2602704
MOOC,APAN,full,196,196000,196999,1000,4692.0,dst,20,2,16,63990,45116,18874,45116,7410,8482,6,0,462248,654484,2165568,3071520
MOOC,APAN,full,197,197000,197999,1000,4784.0,dst,20,2,16,47990,34646,13344,34646,4578,5115,10,0,355448,491648,1663008,2303520
MOOC,APAN,full,198,198000,198999,1000,3877.0,dst,20,2,16,59416,43093,16323,43093,6612,7335,1,0,441604,607576,2068464,2851968
MOOC,APAN,full,199,199000,199999,1000,2663.0,dst,20,2,16,53409,40964,12445,40964,5987,6654,0,0,419892,546484,1966272,2563632
MOOC,APAN,full,200,200000,200999,1000,2444.0,dst,20,2,16,54980,40237,14743,40237,6079,6837,2,12,412308,562532,1931376,2639040
MOOC,APAN,full,201,201000,201999,1000,2116.0,dst,20,2,16,57385,41969,15416,41969,6715,7560,6,12,430140,587388,2014512,2754480
MOOC,APAN,full,202,202000,202999,1000,2385.0,dst,20,2,16,59105,42950,16155,42950,6752,7671,7,0,440244,604716,2061600,2837040
MOOC,APAN,full,203,203000,203999,1000,4402.0,dst,20,2,16,60192,43281,16911,43281,6710,7596,16,0,443800,615664,2077488,2889216
MOOC,APAN,full,204,204000,204999,1000,32964.0,dst,20,2,16,65975,46257,19718,46257,7681,8713,3,0,473860,675008,2220336,3166800
MOOC,APAN,full,205,205000,205999,1000,4456.0,dst,20,2,16,62453,44761,17692,44761,7365,8398,6,0,458348,638812,2148528,2997744
MOOC,APAN,full,206,206000,206999,1000,3289.0,dst,20,2,16,55125,41097,14028,41097,6304,7096,2,0,420968,564200,1972656,2646000
MOOC,APAN,full,207,207000,207999,1000,5163.0,dst,20,2,16,58845,43525,15320,43525,6984,7896,8,0,446028,602120,2089200,2824560
MOOC,APAN,full,208,208000,208999,1000,4369.0,dst,20,2,16,59422,43385,16037,43385,6870,7790,3,0,444508,607840,2082480,2852256
MOOC,APAN,full,209,209000,209999,1000,2939.0,dst,20,2,16,57091,40979,16112,40979,6051,6729,1,0,420280,584428,1966992,2740368
MOOC,APAN,full,210,210000,210999,1000,2700.0,dst,20,2,16,58655,42955,15700,42955,6495,7169,3,0,439956,600064,2061840,2815440
MOOC,APAN,full,211,211000,211999,1000,2823.0,dst,20,2,16,59241,43754,15487,43754,6638,7472,8,0,448236,606180,2100192,2843568
MOOC,APAN,full,212,212000,212999,1000,2832.0,dst,20,2,16,65511,47801,17710,47801,7991,9001,6,0,489588,669804,2294448,3144528
MOOC,APAN,full,213,213000,213999,1000,3500.0,dst,20,2,16,63149,45404,17745,45404,7733,8948,17,0,465084,645712,2179392,3031152
MOOC,APAN,full,214,214000,214999,1000,3438.0,dst,20,2,16,55923,41807,14116,41807,6501,7333,1,0,428780,572392,2006736,2684304
MOOC,APAN,full,215,215000,215999,1000,3172.0,dst,20,2,16,61404,45246,16158,45246,7559,8513,4,0,463680,628132,2171808,2947392
MOOC,APAN,full,216,216000,216999,1000,2267.0,dst,20,2,16,62185,45156,17029,45156,7378,8324,12,12,462340,636208,2167488,2984880
MOOC,APAN,full,217,217000,217999,1000,2265.0,dst,20,2,16,65675,47082,18593,47082,7833,8883,9,0,482092,671464,2259936,3152400
MOOC,APAN,full,218,218000,218999,1000,2071.0,dst,20,2,16,67814,48772,19042,48772,8225,9319,16,0,499128,693172,2341056,3255072
MOOC,APAN,full,219,219000,219999,1000,2051.0,dst,20,2,16,70649,49405,21244,49405,8471,9613,4,0,505796,722524,2371440,3391152
MOOC,APAN,full,220,220000,220999,1000,2322.0,dst,20,2,16,63718,46143,17575,46143,7574,8569,6,0,472544,651752,2214864,3058464
MOOC,APAN,full,221,221000,221999,1000,11272.0,dst,20,2,16,59049,43256,15793,43256,7004,8006,9,0,442884,604064,2076288,2834352
MOOC,APAN,full,222,222000,222999,1000,26003.0,dst,20,2,16,59228,41644,17584,41644,6459,7288,12,0,426388,605964,1998912,2842944
MOOC,APAN,full,223,223000,223999,1000,4611.0,dst,20,2,16,61752,43566,18186,43566,6993,7876,8,0,446452,631816,2091168,2964096
MOOC,APAN,full,224,224000,224999,1000,6648.0,dst,20,2,16,65279,46443,18836,46443,7745,8767,6,0,475724,667640,2229264,3133392
MOOC,APAN,full,225,225000,225999,1000,4680.0,dst,20,2,16,62177,45530,16647,45530,7541,8554,12,0,466468,636068,2185440,2984496
MOOC,APAN,full,226,226000,226999,1000,4431.0,dst,20,2,16,64405,46501,17904,46501,7816,8940,6,0,476020,658876,2232048,3091440
MOOC,APAN,full,227,227000,227999,1000,3982.0,dst,20,2,16,66668,48097,18571,48097,8091,9103,9,0,492484,681572,2308656,3200064
MOOC,APAN,full,228,228000,228999,1000,3363.0,dst,20,2,16,62094,45307,16787,45307,7540,8574,7,0,464240,634676,2174736,2980512
MOOC,APAN,full,229,229000,229999,1000,6302.0,dst,20,2,16,76528,51471,25057,51471,9321,10703,17,0,526856,782200,2470608,3673344
MOOC,APAN,full,230,230000,230999,1000,3740.0,dst,20,2,16,70419,47839,22580,47839,8016,9109,8,0,489828,720028,2296272,3380112
MOOC,APAN,full,231,231000,231999,1000,2770.0,dst,20,2,16,85143,59261,25882,59261,12150,14214,22,0,606340,870080,2844528,4086864
MOOC,APAN,full,232,232000,232999,1000,2640.0,dst,20,2,16,82422,56080,26342,56080,11033,12875,23,0,573764,842468,2691840,3956256
MOOC,APAN,full,233,233000,233999,1000,2062.0,dst,20,2,16,81208,58461,22747,58461,11637,13567,19,0,598632,829976,2806128,3897984
MOOC,APAN,full,234,234000,234999,1000,1975.0,dst,20,2,16,82962,57842,25120,57842,11416,13278,19,0,592008,847536,2776416,3982176
MOOC,APAN,full,235,235000,235999,1000,2575.0,dst,20,2,16,77891,54923,22968,54923,10472,12080,15,0,562108,796152,2636304,3738768
MOOC,APAN,full,236,236000,236999,1000,30821.0,dst,20,2,16,86271,56915,29356,56915,11298,13105,20,0,582572,881484,2731920,4141008
MOOC,APAN,full,237,237000,237999,1000,8811.0,dst,20,2,16,82072,58700,23372,58700,11521,13234,9,0,600772,838624,2817600,3939456
MOOC,APAN,full,238,238000,238999,1000,4249.0,dst,20,2,16,82164,58697,23467,58697,11824,13713,14,0,600564,839552,2817456,3943872
MOOC,APAN,full,239,239000,239999,1000,5595.0,dst,20,2,16,90441,59522,30919,59522,12292,14455,28,0,608880,923796,2857056,4341168
MOOC,APAN,full,240,240000,240999,1000,4168.0,dst,20,2,16,87276,59868,27408,59868,12290,14516,38,0,612596,891620,2873664,4189248
MOOC,APAN,full,241,241000,241999,1000,3727.0,dst,20,2,16,84557,58579,25978,58579,11931,13990,15,0,599260,864064,2811792,4058736
MOOC,APAN,full,242,242000,242999,1000,2711.0,dst,20,2,16,80573,53918,26655,53918,10501,12309,20,0,552076,823136,2588064,3867504
MOOC,APAN,full,243,243000,243999,1000,3361.0,dst,20,2,16,84324,59410,24914,59410,11677,13517,16,0,607552,861364,2851680,4047552
MOOC,APAN,full,244,244000,244999,1000,5678.0,dst,20,2,16,90828,62057,28771,62057,13010,15287,31,0,634696,927880,2978736,4359744
MOOC,APAN,full,245,245000,245999,1000,4026.0,dst,20,2,16,91361,60466,30895,60466,12343,14398,18,0,618432,933636,2902368,4385328
MOOC,APAN,full,246,246000,246999,1000,2569.0,dst,20,2,16,88971,60061,28910,60061,12612,14818,22,0,614212,909052,2882928,4270608
MOOC,APAN,full,247,247000,247999,1000,2201.0,dst,20,2,16,90747,63477,27270,63477,13678,16247,35,0,649352,927480,3046896,4355856
MOOC,APAN,full,248,248000,248999,1000,2107.0,dst,20,2,16,94433,66586,27847,66586,14796,17376,18,0,680704,964792,3196128,4532784
MOOC,APAN,full,249,249000,249999,1000,2167.0,dst,20,2,16,93799,66241,27558,66241,14489,17132,38,0,677580,958272,3179568,4502352
MOOC,APAN,full,250,250000,250999,1000,2332.0,dst,20,2,16,89871,62311,27560,62311,13035,15360,34,0,637188,918132,2990928,4313808
MOOC,APAN,full,251,251000,251999,1000,4103.0,dst,20,2,16,92646,62492,30154,62492,13339,15687,30,0,639056,946320,2999616,4447008
MOOC,APAN,full,252,252000,252999,1000,31108.0,dst,20,2,16,98809,62815,35994,62815,13231,15612,29,0,642204,1009300,3015120,4742832
MOOC,APAN,full,253,253000,253999,1000,6599.0,dst,20,2,16,89422,62289,27133,62289,13086,15351,23,0,637260,913696,2989872,4292256
MOOC,APAN,full,254,254000,254999,1000,5480.0,dst,20,2,16,97239,65657,31582,65657,14182,16758,33,0,671472,993436,3151536,4667472
MOOC,APAN,full,255,255000,255999,1000,6120.0,dst,20,2,16,103248,67536,35712,67536,15258,18162,43,0,690368,1054368,3241728,4955904
MOOC,APAN,full,256,256000,256999,1000,4707.0,dst,20,2,16,105634,66847,38787,66847,15221,18097,24,0,683904,1078620,3208656,5070432
MOOC,APAN,full,257,257000,257999,1000,4373.0,dst,20,2,16,97507,63124,34383,63124,13450,15963,36,0,645552,996040,3029952,4680336
MOOC,APAN,full,258,258000,258999,1000,5774.0,dst,20,2,16,104853,71543,33310,71543,17287,21000,78,0,731388,1070600,3434064,5032944
MOOC,APAN,full,259,259000,259999,1000,5696.0,dst,20,2,16,100550,66325,34225,66325,14887,17935,54,0,678300,1027040,3183600,4826400
MOOC,APAN,full,260,260000,260999,1000,4046.0,dst,20,2,16,99882,68820,31062,68820,15604,18590,48,0,703844,1020568,3303360,4794336
MOOC,APAN,full,261,261000,261999,1000,3244.0,dst,20,2,16,97690,64799,32891,64799,14185,16664,31,0,662712,997736,3110352,4689120
MOOC,APAN,full,262,262000,262999,1000,2246.0,dst,20,2,16,99941,67953,31988,67953,15283,18138,38,0,694692,1021128,3261744,4797168
MOOC,APAN,full,263,263000,263999,1000,2279.0,dst,20,2,16,97015,67592,29423,67592,15065,17792,25,0,691320,990864,3244416,4656720
MOOC,APAN,full,264,264000,264999,1000,3263.0,dst,20,2,16,99689,67803,31886,67803,15330,18516,55,0,693320,1018096,3254544,4785072
MOOC,APAN,full,265,265000,265999,1000,32624.0,dst,20,2,16,100360,63469,36891,63469,13678,16146,42,0,649076,1025292,3046512,4817280
MOOC,APAN,full,266,266000,266999,1000,6584.0,dst,20,2,16,98637,65695,32942,65695,14427,16991,27,0,671976,1007632,3153360,4734576
MOOC,APAN,full,267,267000,267999,1000,4506.0,dst,20,2,16,97970,65188,32782,65188,14259,16854,40,0,667092,1000572,3129024,4702560
MOOC,APAN,full,268,268000,268999,1000,5853.0,dst,20,2,16,98107,65416,32691,65416,14186,16758,31,0,669128,1001840,3139968,4709136
MOOC,APAN,full,269,269000,269999,1000,5051.0,dst,20,2,16,95920,64971,30949,64971,13838,16107,18,0,664564,979652,3118608,4604160
MOOC,APAN,full,270,270000,270999,1000,3758.0,dst,20,2,16,93287,64001,29286,64001,13721,16217,29,0,654408,952988,3072048,4477776
MOOC,APAN,full,271,271000,271999,1000,3219.0,dst,20,2,16,96020,63689,32331,63689,13406,15768,26,0,651364,980772,3057072,4608960
MOOC,APAN,full,272,272000,272999,1000,5598.0,dst,20,2,16,95153,62181,32972,62181,13230,15546,17,0,636288,971804,2984688,4567344
MOOC,APAN,full,273,273000,273999,1000,6363.0,dst,20,2,16,100460,65963,34497,65963,14504,17248,40,0,674468,1026288,3166224,4822080
MOOC,APAN,full,274,274000,274999,1000,2833.0,dst,20,2,16,95909,63856,32053,63856,13753,16265,27,0,653328,979572,3065088,4603632
MOOC,APAN,full,275,275000,275999,1000,2824.0,dst,20,2,16,99324,68061,31263,68061,15820,19104,53,0,695768,1014320,3266928,4767552
MOOC,APAN,full,276,276000,276999,1000,3295.0,dst,20,2,16,101176,66344,34832,66344,14624,17269,19,0,678472,1033184,3184512,4856448
MOOC,APAN,full,277,277000,277999,1000,4364.0,dst,20,2,16,103129,68485,34644,68485,15672,18726,33,0,700552,1053200,3287280,4950192
MOOC,APAN,full,278,278000,278999,1000,31578.0,dst,20,2,16,105473,66522,38951,66522,14414,16928,16,0,680796,1076992,3193056,5062704
MOOC,APAN,full,279,279000,279999,1000,5085.0,dst,20,2,16,102137,69645,32492,69645,16057,19064,41,0,712160,1043144,3342960,4902576
MOOC,APAN,full,280,280000,280999,1000,3284.0,dst,20,2,16,104976,73754,31222,73754,17705,21217,61,0,754184,1072076,3540192,5038848
MOOC,APAN,full,281,281000,281999,1000,3742.0,dst,20,2,16,103942,74302,29640,74302,17981,21625,47,0,759928,1061736,3566496,4989216
MOOC,APAN,full,282,282000,282999,1000,4230.0,dst,20,2,16,101607,70990,30617,70990,16619,19979,47,0,725680,1037692,3407520,4877136
MOOC,APAN,full,283,283000,283999,1000,3712.0,dst,20,2,16,101947,69732,32215,69732,16209,19356,27,0,713028,1040780,3347136,4893456
MOOC,APAN,full,284,284000,284999,1000,3414.0,dst,20,2,16,102092,72093,29999,72093,16852,20032,41,0,736980,1042632,3460464,4900416
MOOC,APAN,full,285,285000,285999,1000,2820.0,dst,20,2,16,103936,73826,30110,73826,17744,21295,49,0,755076,1061312,3543648,4988928
MOOC,APAN,full,286,286000,286999,1000,2843.0,dst,20,2,16,105224,73891,31333,73891,18117,22088,95,0,755592,1074924,3546768,5050752
MOOC,APAN,full,287,287000,287999,1000,3762.0,dst,20,2,16,108625,75474,33151,75474,18561,22596,91,0,771584,1109112,3622752,5214000
MOOC,APAN,full,288,288000,288999,1000,4798.0,dst,20,2,16,106533,75778,30755,75778,18645,22578,55,0,774716,1087928,3637344,5113584
MOOC,APAN,full,289,289000,289999,1000,3073.0,dst,20,2,16,104820,70975,33845,70975,16525,19826,54,0,725588,1070428,3406800,5031360
MOOC,APAN,full,290,290000,290999,1000,2543.0,dst,20,2,16,110530,77549,32981,77549,19053,22839,55,0,792792,1128664,3722352,5305440
MOOC,APAN,full,291,291000,291999,1000,1878.0,dst,20,2,16,102462,73170,29292,73170,17473,20829,43,0,747804,1046188,3512160,4918176
MOOC,APAN,full,292,292000,292999,1000,1604.0,dst,20,2,16,100781,69619,31162,69619,16143,19358,37,0,711816,1029352,3341712,4837488
MOOC,APAN,full,293,293000,293999,1000,1957.0,dst,20,2,16,103343,72177,31166,72177,17158,20591,38,0,737872,1055044,3464496,4960464
MOOC,APAN,full,294,294000,294999,1000,2058.0,dst,20,2,16,99011,66781,32230,66781,15051,17770,27,0,682740,1011336,3205488,4752528
MOOC,APAN,full,295,295000,295999,1000,2062.0,dst,20,2,16,101295,68402,32893,68402,15903,19112,31,0,699304,1034808,3283296,4862160
MOOC,APAN,full,296,296000,296999,1000,4201.0,dst,20,2,16,99474,67314,32160,67314,14965,17643,23,0,688276,1016140,3231072,4774752
MOOC,APAN,full,297,297000,297999,1000,32778.0,dst,20,2,16,107557,70844,36713,70844,17122,20702,57,0,724076,1098188,3400512,5162736
MOOC,APAN,full,298,298000,298999,1000,4058.0,dst,20,2,16,107639,70786,36853,70786,16770,20202,64,0,723860,1099344,3397728,5166672
MOOC,APAN,full,299,299000,299999,1000,3076.0,dst,20,2,16,103135,72524,30611,72524,17260,20748,58,0,741260,1053328,3481152,4950480
MOOC,APAN,full,300,300000,300999,1000,4838.0,dst,20,2,16,105228,74739,30489,74739,17920,21527,53,0,764344,1074704,3587472,5050944
MOOC,APAN,full,301,301000,301999,1000,4050.0,dst,20,2,16,101839,70974,30865,70974,16656,19931,45,0,725748,1039692,3406752,4888272
MOOC,APAN,full,302,302000,302999,1000,3366.0,dst,20,2,16,101780,70581,31199,70581,16198,19225,30,0,721724,1039292,3387888,4885440
MOOC,APAN,full,303,303000,303999,1000,2662.0,dst,20,2,16,101149,70661,30488,70661,16848,20385,64,0,722556,1033140,3391728,4855152
MOOC,APAN,full,304,304000,304999,1000,3617.0,dst,20,2,16,99440,71782,27658,71782,16814,20139,46,0,734020,1015352,3445536,4773120
MOOC,APAN,full,305,305000,305999,1000,3052.0,dst,20,2,16,102401,70390,32011,70390,16466,19665,41,0,719640,1045584,3378720,4915248
MOOC,APAN,full,306,306000,306999,1000,4490.0,dst,20,2,16,104972,72337,32635,72337,17242,20753,51,0,739188,1072124,3472176,5038656
MOOC,APAN,full,307,307000,307999,1000,3564.0,dst,20,2,16,107252,73908,33344,73908,18050,21938,78,0,755444,1095044,3547584,5148096
MOOC,APAN,full,308,308000,308999,1000,2323.0,dst,20,2,16,102044,72498,29546,72498,17681,21496,51,0,741088,1041900,3479904,4898112
MOOC,APAN,full,309,309000,309999,1000,2252.0,dst,20,2,16,103546,72206,31340,72206,17363,21083,76,0,738124,1057604,3465888,4970208
MOOC,APAN,full,310,310000,310999,1000,2345.0,dst,20,2,16,104164,73761,30403,73761,18012,21884,65,0,753956,1063600,3540528,4999872
MOOC,APAN,full,311,311000,311999,1000,2493.0,dst,20,2,16,98868,68829,30039,68829,16019,19372,54,0,703568,1009964,3303792,4745664
MOOC,APAN,full,312,312000,312999,1000,2870.0,dst,20,2,16,107686,72938,34748,72938,17526,21255,73,0,745468,1099620,3501024,5168928
MOOC,APAN,full,313,313000,313999,1000,6935.0,dst,20,2,16,106740,71736,35004,71736,17031,20421,43,0,733300,1089988,3443328,5123520
MOOC,APAN,full,314,314000,314999,1000,30555.0,dst,20,2,16,114369,73259,41110,73259,17663,21395,63,0,748820,1167896,3516432,5489712
MOOC,APAN,full,315,315000,315999,1000,4252.0,dst,20,2,16,112835,77129,35706,77129,19509,24009,92,0,788056,1152192,3702192,5416080
MOOC,APAN,full,316,316000,316999,1000,3240.0,dst,20,2,16,104728,71038,33690,71038,16777,20164,59,0,726172,1069696,3409824,5026944
MOOC,APAN,full,317,317000,317999,1000,5094.0,dst,20,2,16,109887,73350,36537,73350,17694,21435,72,0,749712,1122036,3520800,5274576
MOOC,APAN,full,318,318000,318999,1000,4261.0,dst,20,2,16,104535,72416,32119,72416,17569,21176,62,0,740208,1067796,3475968,5017680
MOOC,APAN,full,319,319000,319999,1000,3450.0,dst,20,2,16,107276,72168,35108,72168,17104,20473,45,0,737804,1095444,3464064,5149248
MOOC,APAN,full,320,320000,320999,1000,3845.0,dst,20,2,16,101548,69610,31938,69610,16188,19370,49,0,711828,1036948,3341280,4874304
MOOC,APAN,full,321,321000,321999,1000,3335.0,dst,20,2,16,110102,74742,35360,74742,18358,22293,70,0,763860,1124512,3587616,5284896
MOOC,APAN,full,322,322000,322999,1000,3998.0,dst,20,2,16,104708,70020,34688,70020,16358,19690,49,0,716232,1069444,3360960,5025984
MOOC,APAN,full,323,323000,323999,1000,4281.0,dst,20,2,16,111001,75938,35063,75938,18734,22711,57,0,776112,1133376,3645024,5328048
MOOC,APAN,full,324,324000,324999,1000,3004.0,dst,20,2,16,106424,75844,30580,75844,18728,22659,81,0,775484,1086692,3640512,5108352
MOOC,APAN,full,325,325000,325999,1000,2130.0,dst,20,2,16,102913,73865,29048,73865,17794,21454,53,0,754896,1050924,3545520,4939824
MOOC,APAN,full,326,326000,326999,1000,2216.0,dst,20,2,16,103581,72293,31288,72293,17132,20572,49,0,738844,1058084,3470064,4971888
MOOC,APAN,full,327,327000,327999,1000,2188.0,dst,20,2,16,102404,71111,31293,71111,16670,20083,51,0,726732,1045732,3413328,4915392
MOOC,APAN,full,328,328000,328999,1000,2617.0,dst,20,2,16,107097,75346,31751,75346,18359,22283,64,0,770428,1093408,3616608,5140656
MOOC,APAN,full,329,329000,329999,1000,4916.0,dst,20,2,16,106180,72475,33705,72475,17172,20638,54,0,740996,1084384,3478800,5096640
MOOC,APAN,full,330,330000,330999,1000,31496.0,dst,20,2,16,111203,74582,36621,74582,18130,21890,73,0,762112,1135272,3579936,5337744
MOOC,APAN,full,331,331000,331999,1000,5378.0,dst,20,2,16,110799,75738,35061,75738,18999,23212,60,0,774032,1131500,3635424,5318352
MOOC,APAN,full,332,332000,332999,1000,3740.0,dst,20,2,16,111907,77944,33963,77944,19605,23772,52,0,796280,1142844,3741312,5371536
MOOC,APAN,full,333,333000,333999,1000,4750.0,dst,20,2,16,109106,74731,34375,74731,18387,22145,52,0,763920,1113940,3587088,5237088
MOOC,APAN,full,334,334000,334999,1000,4046.0,dst,20,2,16,108024,74645,33379,74645,18128,21865,60,0,763280,1103200,3582960,5185152
MOOC,APAN,full,335,335000,335999,1000,3683.0,dst,20,2,16,107241,75214,32027,75214,18362,22082,53,0,768780,1095204,3610272,5147568
MOOC,APAN,full,336,336000,336999,1000,4790.0,dst,20,2,16,111835,78583,33252,78583,19683,23893,80,0,803144,1141768,3771984,5368080
MOOC,APAN,full,337,337000,337999,1000,4081.0,dst,20,2,16,107508,72907,34601,72907,17098,20429,59,0,745344,1098052,3499536,5160384
MOOC,APAN,full,338,338000,338999,1000,6484.0,dst,20,2,16,111079,74255,36824,74255,17755,21323,42,0,758840,1134472,3564240,5331792
MOOC,APAN,full,339,339000,339999,1000,3776.0,dst,20,2,16,113552,77477,36075,77477,19621,24054,71,0,792240,1159488,3718896,5450496
MOOC,APAN,full,340,340000,340999,1000,2341.0,dst,20,2,16,109809,75607,34202,75607,18634,22747,73,0,772820,1121204,3629136,5270832
MOOC,APAN,full,341,341000,341999,1000,1861.0,dst,20,2,16,107402,76653,30749,76653,19261,23795,123,0,783228,1096828,3679344,5155296
MOOC,APAN,full,342,342000,342999,1000,1519.0,dst,20,2,16,105990,72943,33047,72943,17459,21257,94,0,745880,1082220,3501264,5087520
MOOC,APAN,full,343,343000,343999,1000,2226.0,dst,20,2,16,107274,74478,32796,74478,17979,21697,57,0,761540,1095236,3574944,5149152
MOOC,APAN,full,344,344000,344999,1000,2885.0,dst,20,2,16,105006,73439,31567,73439,17779,21576,61,0,750720,1072512,3525072,5040288
MOOC,APAN,full,345,345000,345999,1000,32998.0,dst,20,2,16,111567,76669,34898,76669,19150,23285,64,0,783276,1139208,3680112,5355216
MOOC,APAN,full,346,346000,346999,1000,7100.0,dst,20,2,16,109271,75850,33421,75850,18860,22825,69,0,775324,1115908,3640800,5245008
MOOC,APAN,full,347,347000,347999,1000,5540.0,dst,20,2,16,103054,72263,30791,72263,17247,20732,51,0,738756,1052388,3468624,4946592
MOOC,APAN,full,348,348000,348999,1000,5384.0,dst,20,2,16,110222,75376,34846,75376,18676,22758,66,0,770576,1125344,3618048,5290656
MOOC,APAN,full,349,349000,349999,1000,3476.0,dst,20,2,16,114648,78663,35985,78663,20255,24891,88,0,803760,1170552,3775824,5503104
MOOC,APAN,full,350,350000,350999,1000,4421.0,dst,20,2,16,104179,73135,31044,73135,17968,21859,86,0,747632,1064112,3510480,5000592
MOOC,APAN,full,351,351000,351999,1000,4132.0,dst,20,2,16,112002,77395,34607,77395,19464,23619,81,0,791140,1143564,3714960,5376096
MOOC,APAN,full,352,352000,352999,1000,4784.0,dst,20,2,16,106255,70855,35400,70855,16479,19789,56,0,724344,1084876,3401040,5100240
MOOC,APAN,full,353,353000,353999,1000,4888.0,dst,20,2,16,109923,73163,36760,73163,17818,21419,56,0,748020,1122256,3511824,5276304
MOOC,APAN,full,354,354000,354999,1000,2790.0,dst,20,2,16,107512,73771,33741,73771,18010,21790,62,0,754312,1097996,3541008,5160576
MOOC,APAN,full,355,355000,355999,1000,2033.0,dst,20,2,16,109796,76409,33387,76409,18819,22739,62,0,781088,1121088,3667632,5270208
MOOC,APAN,full,356,356000,356999,1000,2348.0,dst,20,2,16,108481,76127,32354,76127,18828,23021,73,0,778240,1107880,3654096,5207088
MOOC,APAN,full,357,357000,357999,1000,1923.0,dst,20,2,16,103282,72077,31205,72077,17533,21334,59,0,736856,1054424,3459696,4957536
MOOC,APAN,full,358,358000,358999,1000,2053.0,dst,20,2,16,107741,76315,31426,76315,19069,23253,83,0,780048,1100144,3663120,5171568
MOOC,APAN,full,359,359000,359999,1000,2727.0,dst,20,2,16,98735,69119,29616,69119,16277,19690,90,0,706760,1008568,3317712,4739280
MOOC,APAN,full,360,360000,360999,1000,24580.0,dst,20,2,16,105944,72415,33529,72415,17266,20743,57,0,740620,1081992,3475920,5085312
MOOC,APAN,full,361,361000,361999,1000,13723.0,dst,20,2,16,114640,75238,39402,75238,18767,22770,55,0,768676,1170608,3611424,5502720
MOOC,APAN,full,362,362000,362999,1000,5531.0,dst,20,2,16,118567,79302,39265,79302,20406,25169,102,0,810452,1210448,3806496,5691216
MOOC,APAN,full,363,363000,363999,1000,4815.0,dst,20,2,16,117836,78082,39754,78082,19949,24597,115,0,798028,1203148,3747936,5656128
MOOC,APAN,full,364,364000,364999,1000,4892.0,dst,20,2,16,115808,77115,38693,77115,19617,24070,94,0,787996,1182380,3701520,5558784
MOOC,APAN,full,365,365000,365999,1000,4463.0,dst,20,2,16,115879,77912,37967,77912,19685,24192,110,0,796452,1182952,3739776,5562192
MOOC,APAN,full,366,366000,366999,1000,3700.0,dst,20,2,16,116952,80622,36330,80622,20942,25764,108,0,823868,1194148,3869856,5613696
MOOC,APAN,full,367,367000,367999,1000,2873.0,dst,20,2,16,115210,77157,38053,77157,19367,23863,115,0,788720,1176544,3703536,5530080
MOOC,APAN,full,368,368000,368999,1000,6489.0,dst,20,2,16,117403,78998,38405,78998,20410,25080,90,0,807284,1198860,3791904,5635344
MOOC,APAN,full,369,369000,369999,1000,4036.0,dst,20,2,16,117774,77484,40290,77484,19530,23747,78,0,791968,1202464,3719232,5653152
MOOC,APAN,full,370,370000,370999,1000,2639.0,dst,20,2,16,116291,77107,39184,77107,19153,23265,55,0,788168,1187340,3701136,5581968
MOOC,APAN,full,371,371000,371999,1000,2054.0,dst,20,2,16,115747,78801,36946,78801,20123,24658,83,0,805256,1181440,3782448,5555856
MOOC,APAN,full,372,372000,372999,1000,2213.0,dst,20,2,16,114582,78198,36384,78198,19968,24365,78,0,799220,1169876,3753504,5499936
MOOC,APAN,full,373,373000,373999,1000,2905.0,dst,20,2,16,115234,73755,41479,73755,17971,21672,61,0,754056,1176532,3540240,5531232
MOOC,APAN,full,374,374000,374999,1000,22516.0,dst,20,2,16,115993,75537,40456,75537,18353,22035,47,0,772168,1184528,3625776,5567664
MOOC,APAN,full,375,375000,375999,1000,15875.0,dst,20,2,16,121608,79720,41888,79720,20506,25181,103,0,814776,1241572,3826560,5837184
MOOC,APAN,full,376,376000,376999,1000,5630.0,dst,20,2,16,121829,82285,39544,82285,21849,26904,89,0,841164,1243780,3949680,5847792
MOOC,APAN,full,377,377000,377999,1000,6439.0,dst,20,2,16,120558,81807,38751,81807,21548,26569,108,0,836156,1230556,3926736,5786784
MOOC,APAN,full,378,378000,378999,1000,5858.0,dst,20,2,16,119237,80688,38549,80688,21098,26094,90,0,824408,1217368,3873024,5723376
MOOC,APAN,full,379,379000,379999,1000,4307.0,dst,20,2,16,118139,79652,38487,79652,20769,25642,111,0,814056,1206136,3823296,5670672
MOOC,APAN,full,380,380000,380999,1000,3594.0,dst,20,2,16,119715,81740,37975,81740,21476,26448,81,0,835308,1222252,3923520,5746320
MOOC,APAN,full,381,381000,381999,1000,4915.0,dst,20,2,16,117268,78986,38282,78986,20170,24648,72,0,807132,1197248,3791328,5628864
MOOC,APAN,full,382,382000,382999,1000,5142.0,dst,20,2,16,117647,75282,42365,75282,18472,22485,75,0,769672,1201308,3613536,5647056
MOOC,APAN,full,383,383000,383999,1000,3131.0,dst,20,2,16,121108,82346,38762,82346,21410,26238,94,0,841816,1236128,3952608,5813184
MOOC,APAN,full,384,384000,384999,1000,2230.0,dst,20,2,16,117764,77587,40177,77587,19523,23762,58,0,792904,1202120,3724176,5652672
MOOC,APAN,full,385,385000,385999,1000,2241.0,dst,20,2,16,112676,70570,42106,70570,16597,19916,44,0,721732,1150544,3387360,5408448
MOOC,APAN,full,386,386000,386999,1000,2874.0,dst,20,2,16,116460,78718,37742,78718,19892,24195,70,0,804504,1188944,3778464,5590080
MOOC,APAN,full,387,387000,387999,1000,2704.0,dst,20,2,16,115134,74753,40381,74753,18698,22927,93,0,764104,1175548,3588144,5526432
MOOC,APAN,full,388,388000,388999,1000,11155.0,dst,20,2,16,115096,69348,45748,69348,16193,19704,73,0,709036,1175172,3328704,5524608
MOOC,APAN,full,389,389000,389999,1000,25699.0,dst,20,2,16,117852,79372,38480,79372,20854,26036,144,0,810908,1203584,3809856,5656896
MOOC,APAN,full,390,390000,390999,1000,3107.0,dst,20,2,16,116465,81860,34605,81860,21470,26625,128,0,836244,1189128,3929280,5590320
MOOC,APAN,full,391,391000,391999,1000,3074.0,dst,20,2,16,119490,84263,35227,84263,22533,27916,122,0,860952,1219804,4044624,5735520
MOOC,APAN,full,392,392000,392999,1000,4652.0,dst,20,2,16,119636,84593,35043,84593,22841,28262,97,0,864256,1221348,4060464,5742528
MOOC,APAN,full,393,393000,393999,1000,3786.0,dst,20,2,16,117486,81626,35860,81626,21525,26634,114,0,834004,1199420,3918048,5639328
MOOC,APAN,full,394,394000,394999,1000,3292.0,dst,20,2,16,118631,81103,37528,81103,21332,26200,99,0,828948,1211376,3892944,5694288
MOOC,APAN,full,395,395000,395999,1000,2847.0,dst,20,2,16,120032,85805,34227,85805,23442,29325,145,0,876908,1225536,4118640,5761536
MOOC,APAN,full,396,396000,396999,1000,2266.0,dst,20,2,16,117746,80738,37008,80738,21120,26116,129,0,825024,1202076,3875424,5651808
MOOC,APAN,full,397,397000,397999,1000,2379.0,dst,20,2,16,116196,81480,34716,81480,21267,26110,80,0,832412,1186152,3911040,5577408
MOOC,APAN,full,398,398000,398999,1000,2455.0,dst,20,2,16,117320,84093,33227,84093,22319,27422,84,0,859272,1197788,4036464,5631360
MOOC,APAN,full,399,399000,399999,1000,4046.0,dst,20,2,16,115065,78933,36132,78933,19847,24204,81,0,806576,1174632,3788784,5523120
MOOC,APAN,full,400,400000,400999,1000,3721.0,dst,20,2,16,118389,81511,36878,81511,21286,26221,107,0,832756,1208688,3912528,5682672
MOOC,APAN,full,401,401000,401999,1000,2387.0,dst,20,2,16,118002,79994,38008,79994,20650,25327,84,0,817544,1204420,3839712,5664096
MOOC,APAN,full,402,402000,402999,1000,1810.0,dst,20,2,16,116046,79498,36548,79498,20444,24955,77,0,812532,1184756,3815904,5570208
MOOC,APAN,full,403,403000,403999,1000,1659.0,dst,20,2,16,115373,80067,35306,80067,20497,25073,88,0,818240,1177664,3843216,5537904
MOOC,APAN,full,404,404000,404999,1000,1323.0,dst,20,2,16,113993,76302,37691,76302,18938,23130,80,0,780220,1163940,3662496,5471664
MOOC,APAN,full,405,405000,405999,1000,1270.0,dst,20,2,16,113504,77744,35760,77744,20070,24687,99,0,794632,1159156,3731712,5448192
MOOC,APAN,full,406,406000,406999,1000,1122.0,dst,20,2,16,111444,70418,41026,70418,16642,20204,63,0,720428,1137516,3380064,5349312
MOOC,APAN,full,407,407000,407999,1000,1124.0,dst,20,2,16,112745,74940,37805,74940,18264,22158,53,0,766196,1150748,3597120,5411760
MOOC,APAN,full,408,408000,408999,1000,1406.0,dst,20,2,16,113921,77914,36007,77914,19698,23940,78,0,796532,1163056,3739872,5468208
MOOC,APAN,full,409,409000,409999,1000,1135.0,dst,20,2,16,107968,64237,43731,64237,14237,17052,49,0,657220,1102904,3083376,5182464
MOOC,APAN,full,410,410000,410999,1000,1837.0,dst,20,2,16,108799,66556,42243,66556,15123,17967,28,0,680416,1111036,3194688,5222352
REDDIT,JODIE,stride=10,0,0,999,1000,4887.311,dst,0,0,16,461,461,0,461,1,1,0,0,7316,7316,22128,22128
REDDIT,JODIE,stride=10,1,10000,10999,1000,3457.415000000001,dst,0,0,16,456,456,0,456,1,1,0,0,7224,7224,21888,21888
REDDIT,JODIE,stride=10,2,20000,20999,1000,5707.292000000001,dst,0,0,16,483,483,0,483,0,0,0,0,7316,7316,23184,23184
REDDIT,JODIE,stride=10,3,30000,30999,1000,3416.872000000003,dst,0,0,16,458,458,0,458,0,0,0,0,7556,7556,21984,21984
REDDIT,JODIE,stride=10,4,40000,40999,1000,5018.756999999983,dst,0,0,16,445,445,0,445,4,4,0,0,7476,7476,21360,21360
REDDIT,JODIE,stride=10,5,50000,50999,1000,2955.3280000000086,dst,0,0,16,507,507,0,507,2,2,0,0,7956,7956,24336,24336
REDDIT,JODIE,stride=10,6,60000,60999,1000,4268.699000000022,dst,0,0,16,472,472,0,472,1,1,0,0,7396,7396,22656,22656
REDDIT,JODIE,stride=10,7,70000,70999,1000,3311.347000000009,dst,0,0,16,442,442,0,442,0,0,0,0,6996,6996,21216,21216
REDDIT,JODIE,stride=10,8,80000,80999,1000,4075.6260000000475,dst,0,0,16,475,475,0,475,1,1,0,0,7396,7396,22800,22800
REDDIT,JODIE,stride=10,9,90000,90999,1000,3102.2669999999925,dst,0,0,16,534,534,0,534,1,1,0,0,7876,7876,25632,25632
REDDIT,JODIE,stride=10,10,100000,100999,1000,3311.274999999965,dst,0,0,16,440,440,0,440,0,0,0,0,7076,7076,21120,21120
REDDIT,JODIE,stride=10,11,110000,110999,1000,4368.598999999987,dst,0,0,16,535,535,0,535,0,0,0,0,8116,8116,25680,25680
REDDIT,JODIE,stride=10,12,120000,120999,1000,3160.2219999999506,dst,0,0,16,524,524,0,524,0,0,0,0,8356,8356,25152,25152
REDDIT,JODIE,stride=10,13,130000,130999,1000,5522.208000000101,dst,0,0,16,491,491,0,491,2,2,0,0,7636,7636,23568,23568
REDDIT,JODIE,stride=10,14,140000,140999,1000,4014.787000000011,dst,0,0,16,501,501,0,501,0,0,0,0,7556,7556,24048,24048
REDDIT,JODIE,stride=10,15,150000,150999,1000,4896.56799999997,dst,0,0,16,530,530,0,530,0,0,0,0,8436,8436,25440,25440
REDDIT,JODIE,stride=10,16,160000,160999,1000,3712.697999999975,dst,0,0,16,501,501,0,501,1,1,0,0,7476,7476,24048,24048
REDDIT,JODIE,stride=10,17,170000,170999,1000,4829.03199999989,dst,0,0,16,542,542,0,542,2,2,0,0,8596,8596,26016,26016
REDDIT,JODIE,stride=10,18,180000,180999,1000,2753.21399999992,dst,0,0,16,543,543,0,543,1,1,0,0,8516,8516,26064,26064
REDDIT,JODIE,stride=10,19,190000,190999,1000,4780.953999999911,dst,0,0,16,520,520,0,520,2,2,0,0,7796,7796,24960,24960
REDDIT,JODIE,stride=10,20,200000,200999,1000,3162.428000000189,dst,0,0,16,511,511,0,511,1,1,0,0,8116,8116,24528,24528
REDDIT,JODIE,stride=10,21,210000,210999,1000,3940.579999999958,dst,0,0,16,510,510,0,510,1,1,0,0,7796,7796,24480,24480
REDDIT,JODIE,stride=10,22,220000,220999,1000,3272.552000000025,dst,0,0,16,554,554,0,554,1,1,0,0,8836,8836,26592,26592
REDDIT,JODIE,stride=10,23,230000,230999,1000,3619.3649999999907,dst,0,0,16,516,516,0,516,2,2,0,0,8116,8116,24768,24768
REDDIT,JODIE,stride=10,24,240000,240999,1000,4381.369999999995,dst,0,0,16,516,516,0,516,2,2,0,0,7956,7956,24768,24768
REDDIT,JODIE,stride=10,25,250000,250999,1000,3410.981000000029,dst,0,0,16,480,480,0,480,1,1,0,0,7316,7316,23040,23040
REDDIT,JODIE,stride=10,26,260000,260999,1000,5392.6440000000875,dst,0,0,16,496,496,0,496,1,1,0,0,7796,7796,23808,23808
REDDIT,JODIE,stride=10,27,270000,270999,1000,2794.333999999799,dst,0,0,16,559,559,0,559,2,2,0,0,8916,8916,26832,26832
REDDIT,JODIE,stride=10,28,280000,280999,1000,5024.781000000192,dst,0,0,16,526,526,0,526,1,1,0,0,8116,8116,25248,25248
REDDIT,JODIE,stride=10,29,290000,290999,1000,3118.216000000015,dst,0,0,16,559,559,0,559,0,0,0,0,8756,8756,26832,26832
REDDIT,JODIE,stride=10,30,300000,300999,1000,4601.686999999918,dst,0,0,16,583,583,0,583,2,2,0,0,9316,9316,27984,27984
REDDIT,JODIE,stride=10,31,310000,310999,1000,3128.9449999998324,dst,0,0,16,531,531,0,531,0,0,0,0,8516,8516,25488,25488
REDDIT,JODIE,stride=10,32,320000,320999,1000,4358.788000000175,dst,0,0,16,533,533,0,533,1,1,0,0,8756,8756,25584,25584
REDDIT,JODIE,stride=10,33,330000,330999,1000,3058.8260000001173,dst,0,0,16,636,636,0,636,5,5,0,0,9636,9636,30528,30528
REDDIT,JODIE,stride=10,34,340000,340999,1000,3422.0880000002217,dst,0,0,16,563,563,0,563,2,2,0,0,8756,8756,27024,27024
REDDIT,JODIE,stride=10,35,350000,350999,1000,5023.766999999993,dst,0,0,16,639,639,0,639,1,1,0,0,9876,9876,30672,30672
REDDIT,JODIE,stride=10,36,360000,360999,1000,2963.4920000000857,dst,0,0,16,590,590,0,590,1,1,0,0,9476,9476,28320,28320
REDDIT,JODIE,stride=10,37,370000,370999,1000,4575.665000000037,dst,0,0,16,603,603,0,603,0,0,0,0,9156,9156,28944,28944
REDDIT,JODIE,stride=10,38,380000,380999,1000,2651.873000000138,dst,0,0,16,609,609,0,609,1,1,0,0,9556,9556,29232,29232
REDDIT,JODIE,stride=10,39,390000,390999,1000,4061.779000000097,dst,0,0,16,615,615,0,615,1,1,0,0,9716,9716,29520,29520
REDDIT,JODIE,stride=10,40,400000,400999,1000,2972.0540000002366,dst,0,0,16,638,638,0,638,0,0,0,0,9876,9876,30624,30624
REDDIT,JODIE,stride=10,41,410000,410999,1000,3720.810999999987,dst,0,0,16,593,593,0,593,2,2,0,0,9156,9156,28464,28464
REDDIT,JODIE,stride=10,42,420000,420999,1000,4071.969999999972,dst,0,0,16,630,630,0,630,1,1,0,0,9636,9636,30240,30240
REDDIT,JODIE,stride=10,43,430000,430999,1000,3109.564999999944,dst,0,0,16,576,576,0,576,0,0,0,0,9156,9156,27648,27648
REDDIT,JODIE,stride=10,44,440000,440999,1000,5998.672999999952,dst,0,0,16,605,605,0,605,0,0,0,0,9556,9556,29040,29040
REDDIT,JODIE,stride=10,45,450000,450999,1000,3646.758000000147,dst,0,0,16,650,650,0,650,0,0,0,0,10196,10196,31200,31200
REDDIT,JODIE,stride=10,46,460000,460999,1000,6635.915000000037,dst,0,0,16,677,677,0,677,1,1,0,0,10356,10356,32496,32496
REDDIT,JODIE,stride=10,47,470000,470999,1000,3407.21399999992,dst,0,0,16,660,660,0,660,0,0,0,0,10036,10036,31680,31680
REDDIT,JODIE,stride=10,48,480000,480999,1000,5578.671000000089,dst,0,0,16,723,723,0,723,2,2,0,0,10676,10676,34704,34704
REDDIT,JODIE,stride=10,49,490000,490999,1000,2937.9870000001974,dst,0,0,16,658,658,0,658,2,2,0,0,10196,10196,31584,31584
REDDIT,JODIE,stride=10,50,500000,500999,1000,4056.807999999961,dst,0,0,16,680,680,0,680,2,2,0,0,10516,10516,32640,32640
REDDIT,JODIE,stride=10,51,510000,510999,1000,3157.6410000002943,dst,0,0,16,683,683,0,683,2,2,0,0,10276,10276,32784,32784
REDDIT,JODIE,stride=10,52,520000,520999,1000,3326.445000000065,dst,0,0,16,668,668,0,668,3,3,0,0,10276,10276,32064,32064
REDDIT,JODIE,stride=10,53,530000,530999,1000,4338.172999999952,dst,0,0,16,740,740,0,740,1,1,0,0,10676,10676,35520,35520
REDDIT,JODIE,stride=10,54,540000,540999,1000,3253.654000000097,dst,0,0,16,672,672,0,672,0,0,0,0,9956,9956,32256,32256
REDDIT,JODIE,stride=10,55,550000,550999,1000,5202.49300000025,dst,0,0,16,728,728,0,728,3,3,0,0,10516,10516,34944,34944
REDDIT,JODIE,stride=10,56,560000,560999,1000,2908.6400000001304,dst,0,0,16,709,709,0,709,0,0,0,0,10596,10596,34032,34032
REDDIT,JODIE,stride=10,57,570000,570999,1000,4787.597000000067,dst,0,0,16,718,718,0,718,5,5,0,0,10516,10516,34464,34464
REDDIT,JODIE,stride=10,58,580000,580999,1000,3203.679999999702,dst,0,0,16,728,728,0,728,1,1,0,0,10516,10516,34944,34944
REDDIT,JODIE,stride=10,59,590000,590999,1000,4936.023000000045,dst,0,0,16,704,704,0,704,3,3,0,0,10596,10596,33792,33792
REDDIT,JODIE,stride=10,60,600000,600999,1000,3598.75800000038,dst,0,0,16,770,770,0,770,1,1,0,0,10756,10756,36960,36960
REDDIT,JODIE,stride=10,61,610000,610999,1000,4762.961000000127,dst,0,0,16,875,875,0,875,2,2,0,0,10756,10756,42000,42000
REDDIT,JODIE,stride=10,62,620000,620999,1000,3242.7370000001974,dst,0,0,16,841,841,0,841,4,4,0,0,10756,10756,40368,40368
REDDIT,JODIE,stride=10,63,630000,630999,1000,4536.241000000387,dst,0,0,16,970,970,0,970,3,3,0,0,10756,10756,46560,46560
REDDIT,JODIE,stride=10,64,640000,640999,1000,3051.483000000473,dst,0,0,16,1000,1000,0,1000,6,6,0,0,10756,10756,48000,48000
REDDIT,JODIE,stride=10,65,650000,650999,1000,3741.248000000138,dst,0,0,16,1000,1000,0,1000,3,3,0,0,10756,10756,48000,48000
REDDIT,JODIE,stride=10,66,660000,660999,1000,3317.0129999998026,dst,0,0,16,1000,1000,0,1000,6,6,0,0,10756,10756,48000,48000
REDDIT,JODIE,stride=10,67,670000,670999,1000,3239.3900000001304,dst,0,0,16,1000,1000,0,1000,4,4,0,0,10756,10756,48000,48000
REDDIT,TGAT,stride=10,0,0,999,1000,4887.311,dst,10,1,16,1590,1469,121,1469,8,8,0,708,18264,19544,70512,76320
REDDIT,TGAT,stride=10,1,10000,10999,1000,3457.415000000001,dst,10,1,16,6930,6673,257,6673,193,197,0,60,70652,72916,320304,332640
REDDIT,TGAT,stride=10,2,20000,20999,1000,5707.292000000001,dst,10,1,16,9188,8797,391,8797,267,270,0,24,92096,96100,422256,441024
REDDIT,TGAT,stride=10,3,30000,30999,1000,3416.872000000003,dst,10,1,16,9646,9459,187,9459,373,380,0,36,98960,100812,454032,463008
REDDIT,TGAT,stride=10,4,40000,40999,1000,5018.756999999983,dst,10,1,16,10657,10381,276,10381,461,474,0,48,108524,111544,498288,511536
REDDIT,TGAT,stride=10,5,50000,50999,1000,2955.3280000000086,dst,10,1,16,12189,11528,661,11528,549,568,0,48,120100,126756,553344,585072
REDDIT,TGAT,stride=10,6,60000,60999,1000,4268.699000000022,dst,10,1,16,11794,11410,384,11410,565,581,0,24,118840,122740,547680,566112
REDDIT,TGAT,stride=10,7,70000,70999,1000,3311.347000000009,dst,10,1,16,11272,11118,154,11118,534,556,0,0,115980,117468,533664,541056
REDDIT,TGAT,stride=10,8,80000,80999,1000,4075.6260000000475,dst,10,1,16,12647,12402,245,12402,593,612,0,12,128848,131432,595296,607056
REDDIT,TGAT,stride=10,9,90000,90999,1000,3102.2669999999925,dst,10,1,16,14352,13723,629,13723,714,742,0,0,142404,149016,658704,688896
REDDIT,TGAT,stride=10,10,100000,100999,1000,3311.274999999965,dst,10,1,16,11836,11675,161,11675,541,559,0,12,121460,123152,560400,568128
REDDIT,TGAT,stride=10,11,110000,110999,1000,4368.598999999987,dst,10,1,16,14561,13909,652,13909,769,797,0,0,143980,150740,667632,698928
REDDIT,TGAT,stride=10,12,120000,120999,1000,3160.2219999999506,dst,10,1,16,13975,12640,1335,12640,630,656,0,0,131480,144816,606720,670800
REDDIT,TGAT,stride=10,13,130000,130999,1000,5522.208000000101,dst,10,1,16,13665,13203,462,13203,673,702,0,12,136868,141660,633744,655920
REDDIT,TGAT,stride=10,14,140000,140999,1000,4014.787000000011,dst,10,1,16,13865,13590,275,13590,729,767,0,0,141168,143776,652320,665520
REDDIT,TGAT,stride=10,15,150000,150999,1000,4896.56799999997,dst,10,1,16,14780,13978,802,13978,805,845,0,0,144964,153200,670944,709440
REDDIT,TGAT,stride=10,16,160000,160999,1000,3712.697999999975,dst,10,1,16,14076,13822,254,13822,760,782,0,0,143044,145904,663456,675648
REDDIT,TGAT,stride=10,17,170000,170999,1000,4829.03199999989,dst,10,1,16,15247,14414,833,14414,885,912,0,12,149368,157948,691872,731856
REDDIT,TGAT,stride=10,18,180000,180999,1000,2753.21399999992,dst,10,1,16,15279,14734,545,14734,852,900,0,0,152240,157856,707232,733392
REDDIT,TGAT,stride=10,19,190000,190999,1000,4780.953999999911,dst,10,1,16,14517,14121,396,14121,816,852,0,0,146488,150664,677808,696816
REDDIT,TGAT,stride=10,20,200000,200999,1000,3162.428000000189,dst,10,1,16,14333,13996,337,13996,769,811,1,12,144896,148292,671808,687984
REDDIT,TGAT,stride=10,21,210000,210999,1000,3940.579999999958,dst,10,1,16,14316,13875,441,13875,683,701,0,0,143880,148376,666000,687168
REDDIT,TGAT,stride=10,22,220000,220999,1000,3272.552000000025,dst,10,1,16,15655,15318,337,15318,887,911,0,12,158440,162032,735264,751440
REDDIT,TGAT,stride=10,23,230000,230999,1000,3619.3649999999907,dst,10,1,16,14494,14215,279,14215,801,832,0,12,147472,150228,682320,695712
REDDIT,TGAT,stride=10,24,240000,240999,1000,4381.369999999995,dst,10,1,16,14550,14078,472,14078,800,837,0,12,146236,150628,675744,698400
REDDIT,TGAT,stride=10,25,250000,250999,1000,3410.981000000029,dst,10,1,16,13474,13021,453,13021,721,745,0,0,135644,140220,625008,646752
REDDIT,TGAT,stride=10,26,260000,260999,1000,5392.6440000000875,dst,10,1,16,13875,13308,567,13308,737,776,0,12,138112,143936,638784,666000
REDDIT,TGAT,stride=10,27,270000,270999,1000,2794.333999999799,dst,10,1,16,15719,15369,350,15369,856,896,0,0,159148,162900,737712,754512
REDDIT,TGAT,stride=10,28,280000,280999,1000,5024.781000000192,dst,10,1,16,14817,14340,477,14340,802,832,0,0,148340,153292,688320,711216
REDDIT,TGAT,stride=10,29,290000,290999,1000,3118.216000000015,dst,10,1,16,15875,15292,583,15292,936,977,0,0,158180,164388,734016,762000
REDDIT,TGAT,stride=10,30,300000,300999,1000,4601.686999999918,dst,10,1,16,16318,15519,799,15519,945,991,0,0,160372,168756,744912,783264
REDDIT,TGAT,stride=10,31,310000,310999,1000,3128.9449999998324,dst,10,1,16,14917,14026,891,14026,842,874,0,0,145448,154460,673248,716016
REDDIT,TGAT,stride=10,32,320000,320999,1000,4358.788000000175,dst,10,1,16,14974,14508,466,14508,804,842,0,0,150068,154952,696384,718752
REDDIT,TGAT,stride=10,33,330000,330999,1000,3058.8260000001173,dst,10,1,16,17991,17309,682,17309,1156,1208,0,0,179156,185800,830832,863568
REDDIT,TGAT,stride=10,34,340000,340999,1000,3422.0880000002217,dst,10,1,16,16061,15471,590,15471,902,937,0,0,160268,166308,742608,770928
REDDIT,TGAT,stride=10,35,350000,350999,1000,5023.766999999993,dst,10,1,16,18179,17274,905,17274,1155,1207,0,0,178504,187664,829152,872592
REDDIT,TGAT,stride=10,36,360000,360999,1000,2963.4920000000857,dst,10,1,16,16883,16256,627,16256,955,994,0,12,167956,174476,780288,810384
REDDIT,TGAT,stride=10,37,370000,370999,1000,4575.665000000037,dst,10,1,16,17094,16641,453,16641,1087,1139,0,0,171972,176432,798768,820512
REDDIT,TGAT,stride=10,38,380000,380999,1000,2651.873000000138,dst,10,1,16,17650,16930,720,16930,1102,1155,0,0,174868,182736,812640,847200
REDDIT,TGAT,stride=10,39,390000,390999,1000,4061.779000000097,dst,10,1,16,17612,16769,843,16769,1081,1123,0,0,173392,181868,804912,845376
REDDIT,TGAT,stride=10,40,400000,400999,1000,2972.0540000002366,dst,10,1,16,18338,17440,898,17440,1193,1247,0,0,179980,189244,837120,880224
REDDIT,TGAT,stride=10,41,410000,410999,1000,3720.810999999987,dst,10,1,16,17197,16676,521,16676,1114,1176,0,0,172364,177752,800448,825456
REDDIT,TGAT,stride=10,42,420000,420999,1000,4071.969999999972,dst,10,1,16,18239,17181,1058,17181,1084,1133,0,0,177876,188216,824688,875472
REDDIT,TGAT,stride=10,43,430000,430999,1000,3109.564999999944,dst,10,1,16,16576,16086,490,16086,1004,1045,0,0,166792,171528,772128,795648
REDDIT,TGAT,stride=10,44,440000,440999,1000,5998.672999999952,dst,10,1,16,17331,16580,751,16580,1054,1114,0,0,171376,179236,795840,831888
REDDIT,TGAT,stride=10,45,450000,450999,1000,3646.758000000147,dst,10,1,16,18876,18106,770,18106,1290,1356,0,0,187264,195112,869088,906048
REDDIT,TGAT,stride=10,46,460000,460999,1000,6635.915000000037,dst,10,1,16,19411,18201,1210,18201,1255,1318,0,0,187952,200292,873648,931728
REDDIT,TGAT,stride=10,47,470000,470999,1000,3407.21399999992,dst,10,1,16,19137,17863,1274,17863,1201,1257,0,0,184212,197548,857424,918576
REDDIT,TGAT,stride=10,48,480000,480999,1000,5578.671000000089,dst,10,1,16,20868,19927,941,19927,1547,1636,0,0,205544,214948,956496,1001664
REDDIT,TGAT,stride=10,49,490000,490999,1000,2937.9870000001974,dst,10,1,16,19307,18455,852,18455,1326,1409,0,0,190616,199368,885840,926736
REDDIT,TGAT,stride=10,50,500000,500999,1000,4056.807999999961,dst,10,1,16,19945,18455,1490,18455,1273,1331,0,0,190832,205728,885840,957360
REDDIT,TGAT,stride=10,51,510000,510999,1000,3157.6410000002943,dst,10,1,16,19928,18969,959,18969,1310,1368,0,0,195924,205544,910512,956544
REDDIT,TGAT,stride=10,52,520000,520999,1000,3326.445000000065,dst,10,1,16,19585,18880,705,18880,1320,1393,0,0,195124,202032,906240,940080
REDDIT,TGAT,stride=10,53,530000,530999,1000,4338.172999999952,dst,10,1,16,21721,20089,1632,20089,1520,1600,0,0,207228,223928,964272,1042608
REDDIT,TGAT,stride=10,54,540000,540999,1000,3253.654000000097,dst,10,1,16,19831,18661,1170,18661,1352,1449,1,12,192768,204904,895728,951888
REDDIT,TGAT,stride=10,55,550000,550999,1000,5202.49300000025,dst,10,1,16,21125,19665,1460,19665,1483,1568,0,0,202924,217620,943920,1014000
REDDIT,TGAT,stride=10,56,560000,560999,1000,2908.6400000001304,dst,10,1,16,21062,19861,1201,19861,1450,1529,0,0,204560,217408,953328,1010976
REDDIT,TGAT,stride=10,57,570000,570999,1000,4787.597000000067,dst,10,1,16,21030,19506,1524,19506,1453,1540,0,0,201416,216892,936288,1009440
REDDIT,TGAT,stride=10,58,580000,580999,1000,3203.679999999702,dst,10,1,16,21198,19992,1206,19992,1514,1605,0,0,206552,218816,959616,1017504
REDDIT,TGAT,stride=10,59,590000,590999,1000,4936.023000000045,dst,10,1,16,20550,19126,1424,19126,1361,1430,0,12,197708,212020,918048,986400
REDDIT,TGAT,stride=10,60,600000,600999,1000,3598.75800000038,dst,10,1,16,22496,20679,1817,20679,1565,1636,0,0,213164,231888,992592,1079808
REDDIT,TGAT,stride=10,61,610000,610999,1000,4762.961000000127,dst,10,1,16,25888,22988,2900,22988,2002,2144,0,0,236876,266672,1103424,1242624
REDDIT,TGAT,stride=10,62,620000,620999,1000,3242.7370000001974,dst,10,1,16,24572,22172,2400,22172,1785,1889,0,0,228832,253060,1064256,1179456
REDDIT,TGAT,stride=10,63,630000,630999,1000,4536.241000000387,dst,10,1,16,28198,24812,3386,24812,2248,2398,0,0,255624,289976,1190976,1353504
REDDIT,TGAT,stride=10,64,640000,640999,1000,3051.483000000473,dst,10,1,16,30081,25696,4385,25696,2401,2559,0,0,264268,308628,1233408,1443888
REDDIT,TGAT,stride=10,65,650000,650999,1000,3741.248000000138,dst,10,1,16,30157,25679,4478,25679,2430,2608,0,0,264464,310000,1232592,1447536
REDDIT,TGAT,stride=10,66,660000,660999,1000,3317.0129999998026,dst,10,1,16,29942,25558,4384,25558,2464,2649,1,0,262976,307360,1226784,1437216
REDDIT,TGAT,stride=10,67,670000,670999,1000,3239.3900000001304,dst,10,1,16,30110,24527,5583,24527,2214,2365,0,0,252020,309200,1177296,1445280
REDDIT,TGN,stride=10,0,0,999,1000,4887.311,dst,20,2,16,1930,1781,149,1781,9,9,0,1188,21968,23568,85488,92640
REDDIT,TGN,stride=10,1,10000,10999,1000,3457.415000000001,dst,20,2,16,15009,14301,708,14301,871,910,0,72,148676,155640,686448,720432
REDDIT,TGN,stride=10,2,20000,20999,1000,5707.292000000001,dst,20,2,16,23128,21977,1151,21977,1949,2071,0,0,226432,237996,1054896,1110144
REDDIT,TGN,stride=10,3,30000,30999,1000,3416.872000000003,dst,20,2,16,27490,26718,772,26718,2950,3219,2,48,274908,282984,1282464,1319520
REDDIT,TGN,stride=10,4,40000,40999,1000,5018.756999999983,dst,20,2,16,31228,30243,985,30243,3585,3946,3,0,310492,320708,1451664,1498944
REDDIT,TGN,stride=10,5,50000,50999,1000,2955.3280000000086,dst,20,2,16,36735,34773,1962,34773,4734,5238,1,0,356888,377156,1669104,1763280
REDDIT,TGN,stride=10,6,60000,60999,1000,4268.699000000022,dst,20,2,16,37361,35979,1382,35979,5066,5692,1,24,369128,383140,1726992,1793328
REDDIT,TGN,stride=10,7,70000,70999,1000,3311.347000000009,dst,20,2,16,35917,35268,649,35268,5006,5577,5,0,361728,368520,1692864,1724016
REDDIT,TGN,stride=10,8,80000,80999,1000,4075.6260000000475,dst,20,2,16,41909,40862,1047,40862,6197,7004,3,0,419080,429420,1961376,2011632
REDDIT,TGN,stride=10,9,90000,90999,1000,3102.2669999999925,dst,20,2,16,48746,46680,2066,46680,7854,8970,9,0,478080,499208,2240640,2339808
REDDIT,TGN,stride=10,10,100000,100999,1000,3311.274999999965,dst,20,2,16,39648,38959,689,38959,5846,6576,5,0,399416,406588,1870032,1903104
REDDIT,TGN,stride=10,11,110000,110999,1000,4368.598999999987,dst,20,2,16,49278,46645,2633,46645,7949,9094,15,0,477772,504880,2238960,2365344
REDDIT,TGN,stride=10,12,120000,120999,1000,3160.2219999999506,dst,20,2,16,45679,42077,3602,42077,6605,7493,7,0,431056,468036,2019696,2192592
REDDIT,TGN,stride=10,13,130000,130999,1000,5522.208000000101,dst,20,2,16,47240,45367,1873,45367,7682,8760,9,0,464456,483764,2177616,2267520
REDDIT,TGN,stride=10,14,140000,140999,1000,4014.787000000011,dst,20,2,16,47896,46772,1124,46772,7941,9086,9,0,479324,490340,2245056,2299008
REDDIT,TGN,stride=10,15,150000,150999,1000,4896.56799999997,dst,20,2,16,51308,48261,3047,48261,8684,9955,8,0,494504,525308,2316528,2462784
REDDIT,TGN,stride=10,16,160000,160999,1000,3712.697999999975,dst,20,2,16,48528,47407,1121,47407,8217,9440,14,0,485412,497092,2275536,2329344
REDDIT,TGN,stride=10,17,170000,170999,1000,4829.03199999989,dst,20,2,16,53731,50375,3356,50375,9111,10489,13,0,515552,549984,2418000,2579088
REDDIT,TGN,stride=10,18,180000,180999,1000,2753.21399999992,dst,20,2,16,54369,52062,2307,52062,9662,11153,9,0,533180,556584,2498976,2609712
REDDIT,TGN,stride=10,19,190000,190999,1000,4780.953999999911,dst,20,2,16,50955,49288,1667,49288,8532,9729,8,0,504780,521284,2365824,2445840
REDDIT,TGN,stride=10,20,200000,200999,1000,3162.428000000189,dst,20,2,16,50143,48743,1400,48743,8563,9826,16,0,499220,513448,2339664,2406864
REDDIT,TGN,stride=10,21,210000,210999,1000,3940.579999999958,dst,20,2,16,50200,48417,1783,48417,8428,9582,8,0,496372,514400,2324016,2409600
REDDIT,TGN,stride=10,22,220000,220999,1000,3272.552000000025,dst,20,2,16,55735,54292,1443,54292,10411,12073,14,0,555748,570596,2606016,2675280
REDDIT,TGN,stride=10,23,230000,230999,1000,3619.3649999999907,dst,20,2,16,51783,50463,1320,50463,9223,10634,10,0,516836,530492,2422224,2485584
REDDIT,TGN,stride=10,24,240000,240999,1000,4381.369999999995,dst,20,2,16,50983,48971,2012,48971,8565,9817,9,0,501828,522084,2350608,2447184
REDDIT,TGN,stride=10,25,250000,250999,1000,3410.981000000029,dst,20,2,16,47607,45768,1839,45768,7585,8618,13,0,468736,487664,2196864,2285136
REDDIT,TGN,stride=10,26,260000,260999,1000,5392.6440000000875,dst,20,2,16,48450,46146,2304,46146,7682,8704,7,0,472384,496004,2215008,2325600
REDDIT,TGN,stride=10,27,270000,270999,1000,2794.333999999799,dst,20,2,16,56165,54602,1563,54602,10387,12078,19,0,558700,574748,2620896,2695920
REDDIT,TGN,stride=10,28,280000,280999,1000,5024.781000000192,dst,20,2,16,53504,51531,1973,51531,9510,11031,9,0,527608,547604,2473488,2568192
REDDIT,TGN,stride=10,29,290000,290999,1000,3118.216000000015,dst,20,2,16,56414,54113,2301,54113,10264,11892,14,0,553852,577276,2597424,2707872
REDDIT,TGN,stride=10,30,300000,300999,1000,4601.686999999918,dst,20,2,16,57695,54524,3171,54524,10439,12152,23,0,558252,590384,2617152,2769360
REDDIT,TGN,stride=10,31,310000,310999,1000,3128.9449999998324,dst,20,2,16,53066,49626,3440,49626,9012,10400,15,0,508072,543016,2382048,2547168
REDDIT,TGN,stride=10,32,320000,320999,1000,4358.788000000175,dst,20,2,16,53522,51633,1889,51633,9498,10969,17,0,528468,547548,2478384,2569056
REDDIT,TGN,stride=10,33,330000,330999,1000,3058.8260000001173,dst,20,2,16,64108,61325,2783,61325,12928,15287,27,0,627456,655628,2943600,3077184
REDDIT,TGN,stride=10,34,340000,340999,1000,3422.0880000002217,dst,20,2,16,58709,56240,2469,56240,10921,12599,15,0,575800,600700,2699520,2818032
REDDIT,TGN,stride=10,35,350000,350999,1000,5023.766999999993,dst,20,2,16,64441,60610,3831,60610,12643,14982,20,0,620160,658744,2909280,3093168
REDDIT,TGN,stride=10,36,360000,360999,1000,2963.4920000000857,dst,20,2,16,61207,58784,2423,58784,12041,14025,10,0,601504,626028,2821632,2937936
REDDIT,TGN,stride=10,37,370000,370999,1000,4575.665000000037,dst,20,2,16,61482,59654,1828,59654,12375,14497,18,0,610348,628868,2863392,2951136
REDDIT,TGN,stride=10,38,380000,380999,1000,2651.873000000138,dst,20,2,16,64794,61834,2960,61834,13258,15639,27,0,632388,662516,2968032,3110112
REDDIT,TGN,stride=10,39,390000,390999,1000,4061.779000000097,dst,20,2,16,64902,61339,3563,61339,13012,15271,28,0,627572,663912,2944272,3115296
REDDIT,TGN,stride=10,40,400000,400999,1000,2972.0540000002366,dst,20,2,16,66271,62646,3625,62646,13525,15985,23,0,640520,677776,3007008,3181008
REDDIT,TGN,stride=10,41,410000,410999,1000,3720.810999999987,dst,20,2,16,63186,60835,2351,60835,12880,15271,31,0,622756,646124,2920080,3032928
REDDIT,TGN,stride=10,42,420000,420999,1000,4071.969999999972,dst,20,2,16,66824,62433,4391,62433,13329,15837,28,0,638656,683428,2996784,3207552
REDDIT,TGN,stride=10,43,430000,430999,1000,3109.564999999944,dst,20,2,16,60664,58574,2090,58574,11821,13824,25,0,599076,620352,2811552,2911872
REDDIT,TGN,stride=10,44,440000,440999,1000,5998.672999999952,dst,20,2,16,63271,60059,3212,60059,12688,14903,29,0,614544,647224,2882832,3037008
REDDIT,TGN,stride=10,45,450000,450999,1000,3646.758000000147,dst,20,2,16,69358,65856,3502,65856,14823,17705,36,0,673268,709104,3161088,3329184
REDDIT,TGN,stride=10,46,460000,460999,1000,6635.915000000037,dst,20,2,16,70655,65684,4971,65684,14479,17180,41,0,671668,722168,3152832,3391440
REDDIT,TGN,stride=10,47,470000,470999,1000,3407.21399999992,dst,20,2,16,69960,64974,4986,64974,14360,17042,32,0,664312,715316,3118752,3358080
REDDIT,TGN,stride=10,48,480000,480999,1000,5578.671000000089,dst,20,2,16,76222,72322,3900,72322,17198,20837,60,0,739476,779040,3471456,3658656
REDDIT,TGN,stride=10,49,490000,490999,1000,2937.9870000001974,dst,20,2,16,72005,68150,3855,68150,15715,18940,43,0,696856,736100,3271200,3456240
REDDIT,TGN,stride=10,50,500000,500999,1000,4056.807999999961,dst,20,2,16,74151,67888,6263,67888,15412,18430,42,0,694292,757972,3258624,3559248
REDDIT,TGN,stride=10,51,510000,510999,1000,3157.6410000002943,dst,20,2,16,73643,69561,4082,69561,16146,19455,40,0,711232,752620,3338928,3534864
REDDIT,TGN,stride=10,52,520000,520999,1000,3326.445000000065,dst,20,2,16,73141,70002,3139,70002,16245,19467,53,0,715420,747400,3360096,3510768
REDDIT,TGN,stride=10,53,530000,530999,1000,4338.172999999952,dst,20,2,16,80954,73923,7031,73923,17937,21761,70,0,755776,827576,3548304,3885792
REDDIT,TGN,stride=10,54,540000,540999,1000,3253.654000000097,dst,20,2,16,74634,69449,5185,69449,16434,19979,69,0,710044,763084,3333552,3582432
REDDIT,TGN,stride=10,55,550000,550999,1000,5202.49300000025,dst,20,2,16,77720,71692,6028,71692,16757,20056,45,0,732852,794244,3441216,3730560
REDDIT,TGN,stride=10,56,560000,560999,1000,2908.6400000001304,dst,20,2,16,80001,74402,5599,74402,18196,22124,77,0,760752,817428,3571296,3840048
REDDIT,TGN,stride=10,57,570000,570999,1000,4787.597000000067,dst,20,2,16,78282,71953,6329,71953,17174,20741,56,0,735048,800260,3453744,3757536
REDDIT,TGN,stride=10,58,580000,580999,1000,3203.679999999702,dst,20,2,16,78463,73259,5204,73259,17576,21258,59,0,749072,801884,3516432,3766224
REDDIT,TGN,stride=10,59,590000,590999,1000,4936.023000000045,dst,20,2,16,76734,70576,6158,70576,16583,19879,30,0,721620,784360,3387648,3683232
REDDIT,TGN,stride=10,60,600000,600999,1000,3598.75800000038,dst,20,2,16,83825,76347,7478,76347,19133,23342,82,0,780380,856388,3664656,4023600
REDDIT,TGN,stride=10,61,610000,610999,1000,4762.961000000127,dst,20,2,16,97524,85387,12137,85387,23229,28833,111,0,872324,996112,4098576,4681152
REDDIT,TGN,stride=10,62,620000,620999,1000,3242.7370000001974,dst,20,2,16,91116,81537,9579,81537,21522,26574,102,0,833192,931024,3913776,4373568
REDDIT,TGN,stride=10,63,630000,630999,1000,4536.241000000387,dst,20,2,16,104233,90978,13255,90978,26047,32661,119,0,929412,1064480,4366944,5003184
REDDIT,TGN,stride=10,64,640000,640999,1000,3051.483000000473,dst,20,2,16,116333,97107,19226,97107,28996,36961,204,0,991868,1187480,4661136,5583984
REDDIT,TGN,stride=10,65,650000,650999,1000,3741.248000000138,dst,20,2,16,116176,96507,19669,96507,28756,36382,158,0,985748,1186164,4632336,5576448
REDDIT,TGN,stride=10,66,660000,660999,1000,3317.0129999998026,dst,20,2,16,115316,95766,19550,95766,28776,36654,181,0,978244,1177356,4596768,5535168
REDDIT,TGN,stride=10,67,670000,670999,1000,3239.3900000001304,dst,20,2,16,116790,92365,24425,92365,26619,33400,120,0,943964,1192592,4433520,5605920
REDDIT,APAN,stride=10,0,0,999,1000,4887.311,dst,20,2,16,1930,1781,149,1781,9,9,0,1188,21968,23568,85488,92640
REDDIT,APAN,stride=10,1,10000,10999,1000,3457.415000000001,dst,20,2,16,15009,14301,708,14301,871,910,0,72,148676,155640,686448,720432
REDDIT,APAN,stride=10,2,20000,20999,1000,5707.292000000001,dst,20,2,16,23128,21977,1151,21977,1949,2071,0,0,226432,237996,1054896,1110144
REDDIT,APAN,stride=10,3,30000,30999,1000,3416.872000000003,dst,20,2,16,27490,26718,772,26718,2950,3219,2,48,274908,282984,1282464,1319520
REDDIT,APAN,stride=10,4,40000,40999,1000,5018.756999999983,dst,20,2,16,31228,30243,985,30243,3585,3946,3,0,310492,320708,1451664,1498944
REDDIT,APAN,stride=10,5,50000,50999,1000,2955.3280000000086,dst,20,2,16,36735,34773,1962,34773,4734,5238,1,0,356888,377156,1669104,1763280
REDDIT,APAN,stride=10,6,60000,60999,1000,4268.699000000022,dst,20,2,16,37361,35979,1382,35979,5066,5692,1,24,369128,383140,1726992,1793328
REDDIT,APAN,stride=10,7,70000,70999,1000,3311.347000000009,dst,20,2,16,35917,35268,649,35268,5006,5577,5,0,361728,368520,1692864,1724016
REDDIT,APAN,stride=10,8,80000,80999,1000,4075.6260000000475,dst,20,2,16,41909,40862,1047,40862,6197,7004,3,0,419080,429420,1961376,2011632
REDDIT,APAN,stride=10,9,90000,90999,1000,3102.2669999999925,dst,20,2,16,48746,46680,2066,46680,7854,8970,9,0,478080,499208,2240640,2339808
REDDIT,APAN,stride=10,10,100000,100999,1000,3311.274999999965,dst,20,2,16,39648,38959,689,38959,5846,6576,5,0,399416,406588,1870032,1903104
REDDIT,APAN,stride=10,11,110000,110999,1000,4368.598999999987,dst,20,2,16,49278,46645,2633,46645,7949,9094,15,0,477772,504880,2238960,2365344
REDDIT,APAN,stride=10,12,120000,120999,1000,3160.2219999999506,dst,20,2,16,45679,42077,3602,42077,6605,7493,7,0,431056,468036,2019696,2192592
REDDIT,APAN,stride=10,13,130000,130999,1000,5522.208000000101,dst,20,2,16,47240,45367,1873,45367,7682,8760,9,0,464456,483764,2177616,2267520
REDDIT,APAN,stride=10,14,140000,140999,1000,4014.787000000011,dst,20,2,16,47896,46772,1124,46772,7941,9086,9,0,479324,490340,2245056,2299008
REDDIT,APAN,stride=10,15,150000,150999,1000,4896.56799999997,dst,20,2,16,51308,48261,3047,48261,8684,9955,8,0,494504,525308,2316528,2462784
REDDIT,APAN,stride=10,16,160000,160999,1000,3712.697999999975,dst,20,2,16,48528,47407,1121,47407,8217,9440,14,0,485412,497092,2275536,2329344
REDDIT,APAN,stride=10,17,170000,170999,1000,4829.03199999989,dst,20,2,16,53731,50375,3356,50375,9111,10489,13,0,515552,549984,2418000,2579088
REDDIT,APAN,stride=10,18,180000,180999,1000,2753.21399999992,dst,20,2,16,54369,52062,2307,52062,9662,11153,9,0,533180,556584,2498976,2609712
REDDIT,APAN,stride=10,19,190000,190999,1000,4780.953999999911,dst,20,2,16,50955,49288,1667,49288,8532,9729,8,0,504780,521284,2365824,2445840
REDDIT,APAN,stride=10,20,200000,200999,1000,3162.428000000189,dst,20,2,16,50143,48743,1400,48743,8563,9826,16,0,499220,513448,2339664,2406864
REDDIT,APAN,stride=10,21,210000,210999,1000,3940.579999999958,dst,20,2,16,50200,48417,1783,48417,8428,9582,8,0,496372,514400,2324016,2409600
REDDIT,APAN,stride=10,22,220000,220999,1000,3272.552000000025,dst,20,2,16,55735,54292,1443,54292,10411,12073,14,0,555748,570596,2606016,2675280
REDDIT,APAN,stride=10,23,230000,230999,1000,3619.3649999999907,dst,20,2,16,51783,50463,1320,50463,9223,10634,10,0,516836,530492,2422224,2485584
REDDIT,APAN,stride=10,24,240000,240999,1000,4381.369999999995,dst,20,2,16,50983,48971,2012,48971,8565,9817,9,0,501828,522084,2350608,2447184
REDDIT,APAN,stride=10,25,250000,250999,1000,3410.981000000029,dst,20,2,16,47607,45768,1839,45768,7585,8618,13,0,468736,487664,2196864,2285136
REDDIT,APAN,stride=10,26,260000,260999,1000,5392.6440000000875,dst,20,2,16,48450,46146,2304,46146,7682,8704,7,0,472384,496004,2215008,2325600
REDDIT,APAN,stride=10,27,270000,270999,1000,2794.333999999799,dst,20,2,16,56165,54602,1563,54602,10387,12078,19,0,558700,574748,2620896,2695920
REDDIT,APAN,stride=10,28,280000,280999,1000,5024.781000000192,dst,20,2,16,53504,51531,1973,51531,9510,11031,9,0,527608,547604,2473488,2568192
REDDIT,APAN,stride=10,29,290000,290999,1000,3118.216000000015,dst,20,2,16,56414,54113,2301,54113,10264,11892,14,0,553852,577276,2597424,2707872
REDDIT,APAN,stride=10,30,300000,300999,1000,4601.686999999918,dst,20,2,16,57695,54524,3171,54524,10439,12152,23,0,558252,590384,2617152,2769360
REDDIT,APAN,stride=10,31,310000,310999,1000,3128.9449999998324,dst,20,2,16,53066,49626,3440,49626,9012,10400,15,0,508072,543016,2382048,2547168
REDDIT,APAN,stride=10,32,320000,320999,1000,4358.788000000175,dst,20,2,16,53522,51633,1889,51633,9498,10969,17,0,528468,547548,2478384,2569056
REDDIT,APAN,stride=10,33,330000,330999,1000,3058.8260000001173,dst,20,2,16,64108,61325,2783,61325,12928,15287,27,0,627456,655628,2943600,3077184
REDDIT,APAN,stride=10,34,340000,340999,1000,3422.0880000002217,dst,20,2,16,58709,56240,2469,56240,10921,12599,15,0,575800,600700,2699520,2818032
REDDIT,APAN,stride=10,35,350000,350999,1000,5023.766999999993,dst,20,2,16,64441,60610,3831,60610,12643,14982,20,0,620160,658744,2909280,3093168
REDDIT,APAN,stride=10,36,360000,360999,1000,2963.4920000000857,dst,20,2,16,61207,58784,2423,58784,12041,14025,10,0,601504,626028,2821632,2937936
REDDIT,APAN,stride=10,37,370000,370999,1000,4575.665000000037,dst,20,2,16,61482,59654,1828,59654,12375,14497,18,0,610348,628868,2863392,2951136
REDDIT,APAN,stride=10,38,380000,380999,1000,2651.873000000138,dst,20,2,16,64794,61834,2960,61834,13258,15639,27,0,632388,662516,2968032,3110112
REDDIT,APAN,stride=10,39,390000,390999,1000,4061.779000000097,dst,20,2,16,64902,61339,3563,61339,13012,15271,28,0,627572,663912,2944272,3115296
REDDIT,APAN,stride=10,40,400000,400999,1000,2972.0540000002366,dst,20,2,16,66271,62646,3625,62646,13525,15985,23,0,640520,677776,3007008,3181008
REDDIT,APAN,stride=10,41,410000,410999,1000,3720.810999999987,dst,20,2,16,63186,60835,2351,60835,12880,15271,31,0,622756,646124,2920080,3032928
REDDIT,APAN,stride=10,42,420000,420999,1000,4071.969999999972,dst,20,2,16,66824,62433,4391,62433,13329,15837,28,0,638656,683428,2996784,3207552
REDDIT,APAN,stride=10,43,430000,430999,1000,3109.564999999944,dst,20,2,16,60664,58574,2090,58574,11821,13824,25,0,599076,620352,2811552,2911872
REDDIT,APAN,stride=10,44,440000,440999,1000,5998.672999999952,dst,20,2,16,63271,60059,3212,60059,12688,14903,29,0,614544,647224,2882832,3037008
REDDIT,APAN,stride=10,45,450000,450999,1000,3646.758000000147,dst,20,2,16,69358,65856,3502,65856,14823,17705,36,0,673268,709104,3161088,3329184
REDDIT,APAN,stride=10,46,460000,460999,1000,6635.915000000037,dst,20,2,16,70655,65684,4971,65684,14479,17180,41,0,671668,722168,3152832,3391440
REDDIT,APAN,stride=10,47,470000,470999,1000,3407.21399999992,dst,20,2,16,69960,64974,4986,64974,14360,17042,32,0,664312,715316,3118752,3358080
REDDIT,APAN,stride=10,48,480000,480999,1000,5578.671000000089,dst,20,2,16,76222,72322,3900,72322,17198,20837,60,0,739476,779040,3471456,3658656
REDDIT,APAN,stride=10,49,490000,490999,1000,2937.9870000001974,dst,20,2,16,72005,68150,3855,68150,15715,18940,43,0,696856,736100,3271200,3456240
REDDIT,APAN,stride=10,50,500000,500999,1000,4056.807999999961,dst,20,2,16,74151,67888,6263,67888,15412,18430,42,0,694292,757972,3258624,3559248
REDDIT,APAN,stride=10,51,510000,510999,1000,3157.6410000002943,dst,20,2,16,73643,69561,4082,69561,16146,19455,40,0,711232,752620,3338928,3534864
REDDIT,APAN,stride=10,52,520000,520999,1000,3326.445000000065,dst,20,2,16,73141,70002,3139,70002,16245,19467,53,0,715420,747400,3360096,3510768
REDDIT,APAN,stride=10,53,530000,530999,1000,4338.172999999952,dst,20,2,16,80954,73923,7031,73923,17937,21761,70,0,755776,827576,3548304,3885792
REDDIT,APAN,stride=10,54,540000,540999,1000,3253.654000000097,dst,20,2,16,74634,69449,5185,69449,16434,19979,69,0,710044,763084,3333552,3582432
REDDIT,APAN,stride=10,55,550000,550999,1000,5202.49300000025,dst,20,2,16,77720,71692,6028,71692,16757,20056,45,0,732852,794244,3441216,3730560
REDDIT,APAN,stride=10,56,560000,560999,1000,2908.6400000001304,dst,20,2,16,80001,74402,5599,74402,18196,22124,77,0,760752,817428,3571296,3840048
REDDIT,APAN,stride=10,57,570000,570999,1000,4787.597000000067,dst,20,2,16,78282,71953,6329,71953,17174,20741,56,0,735048,800260,3453744,3757536
REDDIT,APAN,stride=10,58,580000,580999,1000,3203.679999999702,dst,20,2,16,78463,73259,5204,73259,17576,21258,59,0,749072,801884,3516432,3766224
REDDIT,APAN,stride=10,59,590000,590999,1000,4936.023000000045,dst,20,2,16,76734,70576,6158,70576,16583,19879,30,0,721620,784360,3387648,3683232
REDDIT,APAN,stride=10,60,600000,600999,1000,3598.75800000038,dst,20,2,16,83825,76347,7478,76347,19133,23342,82,0,780380,856388,3664656,4023600
REDDIT,APAN,stride=10,61,610000,610999,1000,4762.961000000127,dst,20,2,16,97524,85387,12137,85387,23229,28833,111,0,872324,996112,4098576,4681152
REDDIT,APAN,stride=10,62,620000,620999,1000,3242.7370000001974,dst,20,2,16,91116,81537,9579,81537,21522,26574,102,0,833192,931024,3913776,4373568
REDDIT,APAN,stride=10,63,630000,630999,1000,4536.241000000387,dst,20,2,16,104233,90978,13255,90978,26047,32661,119,0,929412,1064480,4366944,5003184
REDDIT,APAN,stride=10,64,640000,640999,1000,3051.483000000473,dst,20,2,16,116333,97107,19226,97107,28996,36961,204,0,991868,1187480,4661136,5583984
REDDIT,APAN,stride=10,65,650000,650999,1000,3741.248000000138,dst,20,2,16,116176,96507,19669,96507,28756,36382,158,0,985748,1186164,4632336,5576448
REDDIT,APAN,stride=10,66,660000,660999,1000,3317.0129999998026,dst,20,2,16,115316,95766,19550,95766,28776,36654,181,0,978244,1177356,4596768,5535168
REDDIT,APAN,stride=10,67,670000,670999,1000,3239.3900000001304,dst,20,2,16,116790,92365,24425,92365,26619,33400,120,0,943964,1192592,4433520,5605920
LASTFM,JODIE,stride=20,0,0,999,1000,848680.0,dst,0,0,16,1000,1000,0,1000,3,3,0,0,10756,10756,48000,48000
LASTFM,JODIE,stride=20,1,20000,20999,1000,344655.0,dst,0,0,16,1000,1000,0,1000,3,3,0,0,10756,10756,48000,48000
LASTFM,JODIE,stride=20,2,40000,40999,1000,287307.0,dst,0,0,16,1000,1000,0,1000,5,5,0,0,10756,10756,48000,48000
LASTFM,JODIE,stride=20,3,60000,60999,1000,289386.0,dst,0,0,16,1000,1000,0,1000,2,2,0,0,10756,10756,48000,48000
LASTFM,JODIE,stride=20,4,80000,80999,1000,124845.0,dst,0,0,16,1000,1000,0,1000,3,3,0,0,10756,10756,48000,48000
LASTFM,JODIE,stride=20,5,100000,100999,1000,193892.0,dst,0,0,16,1000,1000,0,1000,5,5,0,0,10756,10756,48000,48000
LASTFM,JODIE,stride=20,6,120000,120999,1000,112255.0,dst,0,0,16,1000,1000,0,1000,4,4,0,0,10756,10756,48000,48000
LASTFM,JODIE,stride=20,7,140000,140999,1000,96934.0,dst,0,0,16,1000,1000,0,1000,4,4,0,0,10756,10756,48000,48000
LASTFM,JODIE,stride=20,8,160000,160999,1000,96476.0,dst,0,0,16,1000,1000,0,1000,4,4,0,0,10756,10756,48000,48000
LASTFM,JODIE,stride=20,9,180000,180999,1000,57870.0,dst,0,0,16,1000,1000,0,1000,6,6,0,0,10756,10756,48000,48000
LASTFM,JODIE,stride=20,10,200000,200999,1000,97577.0,dst,0,0,16,1000,1000,0,1000,4,4,0,0,10756,10756,48000,48000
LASTFM,JODIE,stride=20,11,220000,220999,1000,109274.0,dst,0,0,16,1000,1000,0,1000,3,3,0,0,10756,10756,48000,48000
LASTFM,JODIE,stride=20,12,240000,240999,1000,81383.0,dst,0,0,16,1000,1000,0,1000,3,3,0,0,10756,10756,48000,48000
LASTFM,JODIE,stride=20,13,260000,260999,1000,76063.0,dst,0,0,16,1000,1000,0,1000,10,10,0,0,10756,10756,48000,48000
LASTFM,JODIE,stride=20,14,280000,280999,1000,89623.0,dst,0,0,16,1000,1000,0,1000,1,1,0,0,10756,10756,48000,48000
LASTFM,JODIE,stride=20,15,300000,300999,1000,84369.0,dst,0,0,16,1000,1000,0,1000,3,3,0,0,10756,10756,48000,48000
LASTFM,JODIE,stride=20,16,320000,320999,1000,87895.0,dst,0,0,16,1000,1000,0,1000,10,10,0,0,10756,10756,48000,48000
LASTFM,JODIE,stride=20,17,340000,340999,1000,86112.0,dst,0,0,16,1000,1000,0,1000,2,2,0,0,10756,10756,48000,48000
LASTFM,JODIE,stride=20,18,360000,360999,1000,86989.0,dst,0,0,16,1000,1000,0,1000,3,3,0,0,10756,10756,48000,48000
LASTFM,JODIE,stride=20,19,380000,380999,1000,67936.0,dst,0,0,16,1000,1000,0,1000,0,0,0,0,10756,10756,48000,48000
LASTFM,JODIE,stride=20,20,400000,400999,1000,61853.0,dst,0,0,16,1000,1000,0,1000,2,2,0,0,10756,10756,48000,48000
LASTFM,JODIE,stride=20,21,420000,420999,1000,80066.0,dst,0,0,16,1000,1000,0,1000,4,4,0,0,10756,10756,48000,48000
LASTFM,JODIE,stride=20,22,440000,440999,1000,75886.0,dst,0,0,16,1000,1000,0,1000,2,2,0,0,10756,10756,48000,48000
LASTFM,JODIE,stride=20,23,460000,460999,1000,69230.0,dst,0,0,16,1000,1000,0,1000,5,6,0,0,10756,10756,48000,48000
LASTFM,JODIE,stride=20,24,480000,480999,1000,85313.0,dst,0,0,16,1000,1000,0,1000,1,1,0,0,10756,10756,48000,48000
LASTFM,JODIE,stride=20,25,500000,500999,1000,92705.0,dst,0,0,16,1000,1000,0,1000,4,4,0,0,10756,10756,48000,48000
LASTFM,JODIE,stride=20,26,520000,520999,1000,95538.0,dst,0,0,16,1000,1000,0,1000,2,2,0,0,10756,10756,48000,48000
LASTFM,JODIE,stride=20,27,540000,540999,1000,54057.0,dst,0,0,16,1000,1000,0,1000,5,5,0,0,10756,10756,48000,48000
LASTFM,JODIE,stride=20,28,560000,560999,1000,86180.0,dst,0,0,16,1000,1000,0,1000,1,1,0,0,10756,10756,48000,48000
LASTFM,JODIE,stride=20,29,580000,580999,1000,97945.0,dst,0,0,16,1000,1000,0,1000,3,3,0,0,10756,10756,48000,48000
LASTFM,JODIE,stride=20,30,600000,600999,1000,95790.0,dst,0,0,16,1000,1000,0,1000,5,5,0,0,10756,10756,48000,48000
LASTFM,JODIE,stride=20,31,620000,620999,1000,118808.0,dst,0,0,16,1000,1000,0,1000,3,3,0,0,10756,10756,48000,48000
LASTFM,JODIE,stride=20,32,640000,640999,1000,87345.0,dst,0,0,16,1000,1000,0,1000,4,4,0,0,10756,10756,48000,48000
LASTFM,JODIE,stride=20,33,660000,660999,1000,94192.0,dst,0,0,16,1000,1000,0,1000,1,1,0,0,10756,10756,48000,48000
LASTFM,JODIE,stride=20,34,680000,680999,1000,75005.0,dst,0,0,16,1000,1000,0,1000,1,1,0,0,10756,10756,48000,48000
LASTFM,JODIE,stride=20,35,700000,700999,1000,78982.0,dst,0,0,16,1000,1000,0,1000,2,2,0,0,10756,10756,48000,48000
LASTFM,JODIE,stride=20,36,720000,720999,1000,81230.0,dst,0,0,16,1000,1000,0,1000,3,3,0,0,10756,10756,48000,48000
LASTFM,JODIE,stride=20,37,740000,740999,1000,87143.0,dst,0,0,16,1000,1000,0,1000,7,7,0,0,10756,10756,48000,48000
LASTFM,JODIE,stride=20,38,760000,760999,1000,88823.0,dst,0,0,16,1000,1000,0,1000,7,7,0,0,10756,10756,48000,48000
LASTFM,JODIE,stride=20,39,780000,780999,1000,87251.0,dst,0,0,16,1000,1000,0,1000,2,2,0,0,10756,10756,48000,48000
LASTFM,JODIE,stride=20,40,800000,800999,1000,72218.0,dst,0,0,16,1000,1000,0,1000,3,3,0,0,10756,10756,48000,48000
LASTFM,JODIE,stride=20,41,820000,820999,1000,84652.0,dst,0,0,16,1000,1000,0,1000,6,6,0,0,10756,10756,48000,48000
LASTFM,JODIE,stride=20,42,840000,840999,1000,85867.0,dst,0,0,16,1000,1000,0,1000,0,0,0,0,10756,10756,48000,48000
LASTFM,JODIE,stride=20,43,860000,860999,1000,88789.0,dst,0,0,16,1000,1000,0,1000,3,3,0,0,10756,10756,48000,48000
LASTFM,JODIE,stride=20,44,880000,880999,1000,100160.0,dst,0,0,16,1000,1000,0,1000,3,3,0,0,10756,10756,48000,48000
LASTFM,JODIE,stride=20,45,900000,900999,1000,73920.0,dst,0,0,16,1000,1000,0,1000,4,4,0,0,10756,10756,48000,48000
LASTFM,JODIE,stride=20,46,920000,920999,1000,68251.0,dst,0,0,16,1000,1000,0,1000,3,3,0,0,10756,10756,48000,48000
LASTFM,JODIE,stride=20,47,940000,940999,1000,82926.0,dst,0,0,16,1000,1000,0,1000,8,8,0,0,10756,10756,48000,48000
LASTFM,JODIE,stride=20,48,960000,960999,1000,88257.0,dst,0,0,16,1000,1000,0,1000,5,5,0,0,10756,10756,48000,48000
LASTFM,JODIE,stride=20,49,980000,980999,1000,98740.0,dst,0,0,16,1000,1000,0,1000,5,5,0,0,10756,10756,48000,48000
LASTFM,JODIE,stride=20,50,1000000,1000999,1000,92533.0,dst,0,0,16,1000,1000,0,1000,3,3,0,0,10756,10756,48000,48000
LASTFM,JODIE,stride=20,51,1020000,1020999,1000,61339.0,dst,0,0,16,1000,1000,0,1000,2,2,0,0,10756,10756,48000,48000
LASTFM,JODIE,stride=20,52,1040000,1040999,1000,76199.0,dst,0,0,16,1000,1000,0,1000,9,9,0,0,10756,10756,48000,48000
LASTFM,JODIE,stride=20,53,1060000,1060999,1000,90293.0,dst,0,0,16,1000,1000,0,1000,1,1,0,0,10756,10756,48000,48000
LASTFM,JODIE,stride=20,54,1080000,1080999,1000,71281.0,dst,0,0,16,1000,1000,0,1000,5,5,0,0,10756,10756,48000,48000
LASTFM,JODIE,stride=20,55,1100000,1100999,1000,57985.0,dst,0,0,16,1000,1000,0,1000,5,5,0,0,10756,10756,48000,48000
LASTFM,JODIE,stride=20,56,1120000,1120999,1000,47870.0,dst,0,0,16,1000,1000,0,1000,8,8,0,0,10756,10756,48000,48000
LASTFM,JODIE,stride=20,57,1140000,1140999,1000,27416.0,dst,0,0,16,1000,1000,0,1000,4,4,0,0,10756,10756,48000,48000
LASTFM,JODIE,stride=20,58,1160000,1160999,1000,24296.0,dst,0,0,16,1000,1000,0,1000,3,3,0,0,10756,10756,48000,48000
LASTFM,JODIE,stride=20,59,1180000,1180999,1000,43645.0,dst,0,0,16,1000,1000,0,1000,1,1,0,0,10756,10756,48000,48000
LASTFM,JODIE,stride=20,60,1200000,1200999,1000,67535.0,dst,0,0,16,1000,1000,0,1000,5,5,0,0,10756,10756,48000,48000
LASTFM,JODIE,stride=20,61,1220000,1220999,1000,29275.0,dst,0,0,16,1000,1000,0,1000,3,3,0,0,10756,10756,48000,48000
LASTFM,JODIE,stride=20,62,1240000,1240999,1000,29980.0,dst,0,0,16,1000,1000,0,1000,2,2,0,0,10756,10756,48000,48000
LASTFM,JODIE,stride=20,63,1260000,1260999,1000,79291.0,dst,0,0,16,1000,1000,0,1000,1,1,0,0,10756,10756,48000,48000
LASTFM,JODIE,stride=20,64,1280000,1280999,1000,76350.0,dst,0,0,16,1000,1000,0,1000,2,2,0,0,10756,10756,48000,48000
LASTFM,TGAT,stride=20,0,0,999,1000,848680.0,dst,10,1,16,5343,4286,1057,4286,85,87,0,360,46896,57436,205728,256464
LASTFM,TGAT,stride=20,1,20000,20999,1000,344655.0,dst,10,1,16,14395,12682,1713,12682,602,622,0,0,131752,149048,608736,690960
LASTFM,TGAT,stride=20,2,40000,40999,1000,287307.0,dst,10,1,16,19362,17104,2258,17104,1088,1139,0,0,177176,199684,820992,929376
LASTFM,TGAT,stride=20,3,60000,60999,1000,289386.0,dst,10,1,16,18106,16237,1869,16237,997,1037,0,0,168048,186820,779376,869088
LASTFM,TGAT,stride=20,4,80000,80999,1000,124845.0,dst,10,1,16,16907,14966,1941,14966,862,908,0,0,155088,175028,718368,811536
LASTFM,TGAT,stride=20,5,100000,100999,1000,193892.0,dst,10,1,16,20424,18597,1827,18597,1268,1336,0,0,192160,210736,892656,980352
LASTFM,TGAT,stride=20,6,120000,120999,1000,112255.0,dst,10,1,16,20078,18177,1901,18177,1212,1259,0,0,187896,207064,872496,963744
LASTFM,TGAT,stride=20,7,140000,140999,1000,96934.0,dst,10,1,16,17741,16261,1480,16261,1055,1107,0,12,168288,183480,780528,851568
LASTFM,TGAT,stride=20,8,160000,160999,1000,96476.0,dst,10,1,16,21197,19944,1253,19944,1533,1615,0,0,205852,218448,957312,1017456
LASTFM,TGAT,stride=20,9,180000,180999,1000,57870.0,dst,10,1,16,25428,22556,2872,22556,1934,2055,0,0,232276,261880,1082688,1220544
LASTFM,TGAT,stride=20,10,200000,200999,1000,97577.0,dst,10,1,16,24581,22321,2260,22321,1856,1969,0,0,230228,253268,1071408,1179888
LASTFM,TGAT,stride=20,11,220000,220999,1000,109274.0,dst,10,1,16,22635,20969,1666,20969,1644,1734,0,0,215952,232676,1006512,1086480
LASTFM,TGAT,stride=20,12,240000,240999,1000,81383.0,dst,10,1,16,23136,19789,3347,19789,1487,1568,0,0,204240,238372,949872,1110528
LASTFM,TGAT,stride=20,13,260000,260999,1000,76063.0,dst,10,1,16,23370,20531,2839,20531,1564,1646,0,0,212100,240856,985488,1121760
LASTFM,TGAT,stride=20,14,280000,280999,1000,89623.0,dst,10,1,16,25459,23263,2196,23263,1966,2105,0,0,239368,261788,1116624,1222032
LASTFM,TGAT,stride=20,15,300000,300999,1000,84369.0,dst,10,1,16,22543,20409,2134,20409,1550,1618,0,0,210456,232000,979632,1082064
LASTFM,TGAT,stride=20,16,320000,320999,1000,87895.0,dst,10,1,16,22472,21325,1147,21325,1600,1675,0,0,219968,231352,1023600,1078656
LASTFM,TGAT,stride=20,17,340000,340999,1000,86112.0,dst,10,1,16,22971,21258,1713,21258,1684,1766,0,0,219260,236748,1020384,1102608
LASTFM,TGAT,stride=20,18,360000,360999,1000,86989.0,dst,10,1,16,24435,22318,2117,22318,1820,1938,0,0,229872,251356,1071264,1172880
LASTFM,TGAT,stride=20,19,380000,380999,1000,67936.0,dst,10,1,16,26274,23765,2509,23765,2033,2156,0,0,244560,270092,1140720,1261152
LASTFM,TGAT,stride=20,20,400000,400999,1000,61853.0,dst,10,1,16,25655,23209,2446,23209,1982,2112,0,0,238808,263756,1114032,1231440
LASTFM,TGAT,stride=20,21,420000,420999,1000,80066.0,dst,10,1,16,23142,21241,1901,21241,1709,1817,0,0,218904,238328,1019568,1110816
LASTFM,TGAT,stride=20,22,440000,440999,1000,75886.0,dst,10,1,16,23700,21670,2030,21670,1745,1863,0,0,223364,244140,1040160,1137600
LASTFM,TGAT,stride=20,23,460000,460999,1000,69230.0,dst,10,1,16,22460,20812,1648,20812,1593,1678,0,0,214696,231372,998976,1078080
LASTFM,TGAT,stride=20,24,480000,480999,1000,85313.0,dst,10,1,16,22624,20683,1941,20683,1557,1640,0,0,213288,233044,992784,1085952
LASTFM,TGAT,stride=20,25,500000,500999,1000,92705.0,dst,10,1,16,22229,20215,2014,20215,1495,1581,0,0,208392,228912,970320,1066992
LASTFM,TGAT,stride=20,26,520000,520999,1000,95538.0,dst,10,1,16,20948,19524,1424,19524,1446,1517,0,0,201620,215676,937152,1005504
LASTFM,TGAT,stride=20,27,540000,540999,1000,54057.0,dst,10,1,16,20996,19552,1444,19552,1461,1536,0,0,201644,216376,938496,1007808
LASTFM,TGAT,stride=20,28,560000,560999,1000,86180.0,dst,10,1,16,22828,19523,3305,19523,1481,1571,0,0,201612,235252,937104,1095744
LASTFM,TGAT,stride=20,29,580000,580999,1000,97945.0,dst,10,1,16,24309,22379,1930,22379,1839,1936,3,0,230412,250156,1074192,1166832
LASTFM,TGAT,stride=20,30,600000,600999,1000,95790.0,dst,10,1,16,26597,24686,1911,24686,2198,2336,0,0,254320,273280,1184928,1276656
LASTFM,TGAT,stride=20,31,620000,620999,1000,118808.0,dst,10,1,16,27423,24928,2495,24928,2280,2446,1,0,256412,281908,1196544,1316304
LASTFM,TGAT,stride=20,32,640000,640999,1000,87345.0,dst,10,1,16,25593,23212,2381,23212,1996,2092,0,0,238968,263320,1114176,1228464
LASTFM,TGAT,stride=20,33,660000,660999,1000,94192.0,dst,10,1,16,25895,24215,1680,24215,2176,2315,0,0,249424,266672,1162320,1242960
LASTFM,TGAT,stride=20,34,680000,680999,1000,75005.0,dst,10,1,16,27528,24977,2551,24977,2268,2421,0,0,256912,282948,1198896,1321344
LASTFM,TGAT,stride=20,35,700000,700999,1000,78982.0,dst,10,1,16,26461,24473,1988,24473,2218,2358,0,0,252020,272128,1174704,1270128
LASTFM,TGAT,stride=20,36,720000,720999,1000,81230.0,dst,10,1,16,25376,23609,1767,23609,2138,2260,0,0,243384,261168,1133232,1218048
LASTFM,TGAT,stride=20,37,740000,740999,1000,87143.0,dst,10,1,16,26626,23570,3056,23570,2046,2186,1,0,242848,273752,1131360,1278048
LASTFM,TGAT,stride=20,38,760000,760999,1000,88823.0,dst,10,1,16,26595,24430,2165,24430,2129,2249,0,0,251492,273636,1172640,1276560
LASTFM,TGAT,stride=20,39,780000,780999,1000,87251.0,dst,10,1,16,26484,24714,1770,24714,2223,2363,0,0,254604,272300,1186272,1271232
LASTFM,TGAT,stride=20,40,800000,800999,1000,72218.0,dst,10,1,16,27765,25983,1782,25983,2326,2471,0,0,267280,285648,1247184,1332720
LASTFM,TGAT,stride=20,41,820000,820999,1000,84652.0,dst,10,1,16,26856,23710,3146,23710,2073,2198,1,0,244324,276052,1138080,1289088
LASTFM,TGAT,stride=20,42,840000,840999,1000,85867.0,dst,10,1,16,27781,24875,2906,24875,2306,2478,0,0,255884,285752,1194000,1333488
LASTFM,TGAT,stride=20,43,860000,860999,1000,88789.0,dst,10,1,16,29081,24446,4635,24446,2227,2391,0,0,251480,298848,1173408,1395888
LASTFM,TGAT,stride=20,44,880000,880999,1000,100160.0,dst,10,1,16,29806,27589,2217,27589,2798,3001,0,0,283580,306088,1324272,1430688
LASTFM,TGAT,stride=20,45,900000,900999,1000,73920.0,dst,10,1,16,28560,25586,2974,25586,2330,2481,0,0,263124,293380,1228128,1370880
LASTFM,TGAT,stride=20,46,920000,920999,1000,68251.0,dst,10,1,16,29072,26235,2837,26235,2537,2712,0,0,269748,298804,1259280,1395456
LASTFM,TGAT,stride=20,47,940000,940999,1000,82926.0,dst,10,1,16,28608,26454,2154,26454,2556,2749,0,0,272360,294172,1269792,1373184
LASTFM,TGAT,stride=20,48,960000,960999,1000,88257.0,dst,10,1,16,29165,26354,2811,26354,2549,2730,1,0,270928,299856,1264992,1399920
LASTFM,TGAT,stride=20,49,980000,980999,1000,98740.0,dst,10,1,16,28845,26434,2411,26434,2525,2699,0,0,271760,296208,1268832,1384560
LASTFM,TGAT,stride=20,50,1000000,1000999,1000,92533.0,dst,10,1,16,27834,25383,2451,25383,2283,2423,1,0,261240,286072,1218384,1336032
LASTFM,TGAT,stride=20,51,1020000,1020999,1000,61339.0,dst,10,1,16,27688,25819,1869,25819,2403,2576,0,0,265572,284516,1239312,1329024
LASTFM,TGAT,stride=20,52,1040000,1040999,1000,76199.0,dst,10,1,16,28544,26299,2245,26299,2532,2735,2,0,270572,293552,1262352,1370112
LASTFM,TGAT,stride=20,53,1060000,1060999,1000,90293.0,dst,10,1,16,29328,27089,2239,27089,2693,2879,3,0,278696,301332,1300272,1407744
LASTFM,TGAT,stride=20,54,1080000,1080999,1000,71281.0,dst,10,1,16,29797,27575,2222,27575,2742,2934,0,0,283432,306228,1323600,1430256
LASTFM,TGAT,stride=20,55,1100000,1100999,1000,57985.0,dst,10,1,16,30312,28497,1815,28497,2954,3195,0,0,293028,311440,1367856,1454976
LASTFM,TGAT,stride=20,56,1120000,1120999,1000,47870.0,dst,10,1,16,19512,17833,1679,17833,1364,1435,0,0,183984,201188,855984,936576
LASTFM,TGAT,stride=20,57,1140000,1140999,1000,27416.0,dst,10,1,16,15250,14218,1032,14218,902,943,0,0,147264,157904,682464,732000
LASTFM,TGAT,stride=20,58,1160000,1160999,1000,24296.0,dst,10,1,16,10068,9770,298,9770,455,472,0,72,102488,105232,468960,483264
LASTFM,TGAT,stride=20,59,1180000,1180999,1000,43645.0,dst,10,1,16,13816,12967,849,12967,990,1064,0,72,134696,143340,622416,663168
LASTFM,TGAT,stride=20,60,1200000,1200999,1000,67535.0,dst,10,1,16,29415,27018,2397,27018,2697,2936,1,0,277456,302060,1296864,1411920
LASTFM,TGAT,stride=20,61,1220000,1220999,1000,29275.0,dst,10,1,16,20034,16260,3774,16260,1173,1239,0,12,168116,206112,780480,961632
LASTFM,TGAT,stride=20,62,1240000,1240999,1000,29980.0,dst,10,1,16,31657,25947,5710,25947,2410,2568,0,0,266684,324160,1245456,1519536
LASTFM,TGAT,stride=20,63,1260000,1260999,1000,79291.0,dst,10,1,16,31070,28463,2607,28463,2904,3113,0,0,292684,318960,1366224,1491360
LASTFM,TGAT,stride=20,64,1280000,1280999,1000,76350.0,dst,10,1,16,30770,28387,2383,28387,2919,3168,1,0,291516,315668,1362576,1476960
LASTFM,TGN,stride=20,0,0,999,1000,848680.0,dst,20,2,16,8657,6315,2342,6315,179,186,0,756,67652,91120,303120,415536
LASTFM,TGN,stride=20,1,20000,20999,1000,344655.0,dst,20,2,16,48675,41506,7169,41506,6270,7015,7,0,425132,498520,1992288,2336400
LASTFM,TGN,stride=20,2,40000,40999,1000,287307.0,dst,20,2,16,71045,60095,10950,60095,12382,14520,26,0,615000,726424,2884560,3410160
LASTFM,TGN,stride=20,3,60000,60999,1000,289386.0,dst,20,2,16,71126,61719,9407,61719,13114,15578,25,0,631164,727408,2962512,3414048
LASTFM,TGN,stride=20,4,80000,80999,1000,124845.0,dst,20,2,16,66220,56440,9780,56440,11316,13278,26,0,577472,676928,2709120,3178560
LASTFM,TGN,stride=20,5,100000,100999,1000,193892.0,dst,20,2,16,75814,67435,8379,67435,15171,18047,27,0,689636,775016,3236880,3639072
LASTFM,TGN,stride=20,6,120000,120999,1000,112255.0,dst,20,2,16,71801,62644,9157,62644,13326,15632,23,0,640816,733940,3006912,3446448
LASTFM,TGN,stride=20,7,140000,140999,1000,96934.0,dst,20,2,16,70242,62348,7894,62348,13557,16096,36,0,637808,718188,2992704,3371616
LASTFM,TGN,stride=20,8,160000,160999,1000,96476.0,dst,20,2,16,83819,77065,6754,77065,19292,23416,63,0,787644,856756,3699120,4023312
LASTFM,TGN,stride=20,9,180000,180999,1000,57870.0,dst,20,2,16,94456,79409,15047,79409,20610,25270,75,0,811448,965088,3811632,4533888
LASTFM,TGN,stride=20,10,200000,200999,1000,97577.0,dst,20,2,16,93552,83250,10302,83250,22302,27593,90,0,850464,955240,3996000,4490496
LASTFM,TGN,stride=20,11,220000,220999,1000,109274.0,dst,20,2,16,89920,81251,8669,81251,21300,26146,78,0,830388,918580,3900048,4316160
LASTFM,TGN,stride=20,12,240000,240999,1000,81383.0,dst,20,2,16,87141,75944,11197,75944,19237,23441,65,0,776456,890428,3645312,4182768
LASTFM,TGN,stride=20,13,260000,260999,1000,76063.0,dst,20,2,16,89488,77695,11793,77695,19443,23572,55,0,793796,914496,3729360,4295424
LASTFM,TGN,stride=20,14,280000,280999,1000,89623.0,dst,20,2,16,96711,86318,10393,86318,23810,29579,104,0,882012,987888,4143264,4642128
LASTFM,TGN,stride=20,15,300000,300999,1000,84369.0,dst,20,2,16,88979,78571,10408,78571,19896,24192,68,0,802800,909052,3771408,4270992
LASTFM,TGN,stride=20,16,320000,320999,1000,87895.0,dst,20,2,16,89501,83158,6343,83158,21945,27049,91,0,850076,914452,3991584,4296048
LASTFM,TGN,stride=20,17,340000,340999,1000,86112.0,dst,20,2,16,92499,83364,9135,83364,22564,28077,110,0,851812,944852,4001472,4439952
LASTFM,TGN,stride=20,18,360000,360999,1000,86989.0,dst,20,2,16,97184,87223,9961,87223,24084,29940,112,0,891232,992520,4186704,4664832
LASTFM,TGN,stride=20,19,380000,380999,1000,67936.0,dst,20,2,16,102885,91217,11668,91217,26044,32594,134,0,932136,1050560,4378416,4938480
LASTFM,TGN,stride=20,20,400000,400999,1000,61853.0,dst,20,2,16,98382,88684,9698,88684,24930,31189,120,0,906136,1004932,4256832,4722336
LASTFM,TGN,stride=20,21,420000,420999,1000,80066.0,dst,20,2,16,93880,83742,10138,83742,22466,27720,101,0,855872,958776,4019616,4506240
LASTFM,TGN,stride=20,22,440000,440999,1000,75886.0,dst,20,2,16,90303,80341,9962,80341,20787,25460,83,0,821020,922768,3856368,4334544
LASTFM,TGN,stride=20,23,460000,460999,1000,69230.0,dst,20,2,16,87865,79472,8393,79472,20494,25149,77,0,812144,897660,3814656,4217520
LASTFM,TGN,stride=20,24,480000,480999,1000,85313.0,dst,20,2,16,87384,77925,9459,77925,19732,24159,72,0,796452,892636,3740400,4194432
LASTFM,TGN,stride=20,25,500000,500999,1000,92705.0,dst,20,2,16,88552,78311,10241,78311,19819,24167,76,0,800260,904764,3758928,4250496
LASTFM,TGN,stride=20,26,520000,520999,1000,95538.0,dst,20,2,16,84949,77329,7620,77329,19544,23830,65,0,790696,868112,3711792,4077552
LASTFM,TGN,stride=20,27,540000,540999,1000,54057.0,dst,20,2,16,81838,73953,7885,73953,17991,21807,57,0,756084,836108,3549744,3928224
LASTFM,TGN,stride=20,28,560000,560999,1000,86180.0,dst,20,2,16,83756,70183,13573,70183,16665,20031,44,0,717708,856172,3368784,4020288
LASTFM,TGN,stride=20,29,580000,580999,1000,97945.0,dst,20,2,16,96722,86632,10090,86632,23740,29342,86,0,885088,988012,4158336,4642656
LASTFM,TGN,stride=20,30,600000,600999,1000,95790.0,dst,20,2,16,105531,95140,10391,95140,27785,34723,120,0,971576,1077784,4566720,5065488
LASTFM,TGN,stride=20,31,620000,620999,1000,118808.0,dst,20,2,16,107794,96078,11716,96078,28572,36198,166,0,981700,1100684,4611744,5174112
LASTFM,TGN,stride=20,32,640000,640999,1000,87345.0,dst,20,2,16,101396,91041,10355,91041,26167,32939,134,0,930100,1035620,4369968,4867008
LASTFM,TGN,stride=20,33,660000,660999,1000,94192.0,dst,20,2,16,104147,96044,8103,96044,28513,36221,156,0,981300,1063508,4610112,4999056
LASTFM,TGN,stride=20,34,680000,680999,1000,75005.0,dst,20,2,16,108667,94433,14234,94433,27761,35096,167,0,964564,1109696,4532784,5216016
LASTFM,TGN,stride=20,35,700000,700999,1000,78982.0,dst,20,2,16,107225,97474,9751,97474,29197,37011,149,0,995528,1095012,4678752,5146800
LASTFM,TGN,stride=20,36,720000,720999,1000,81230.0,dst,20,2,16,104847,94950,9897,94950,28207,35902,186,0,969904,1070564,4557600,5032656
LASTFM,TGN,stride=20,37,740000,740999,1000,87143.0,dst,20,2,16,104857,90701,14156,90701,25994,32574,128,0,926164,1070656,4353648,5033136
LASTFM,TGN,stride=20,38,760000,760999,1000,88823.0,dst,20,2,16,106563,95147,11416,95147,28028,35485,161,0,971724,1088032,4567056,5115024
LASTFM,TGN,stride=20,39,780000,780999,1000,87251.0,dst,20,2,16,106536,96574,9962,96574,28909,36581,142,0,986320,1087940,4635552,5113728
LASTFM,TGN,stride=20,40,800000,800999,1000,72218.0,dst,20,2,16,112435,102589,9846,102589,31877,40999,211,0,1047208,1147752,4924272,5396880
LASTFM,TGN,stride=20,41,820000,820999,1000,84652.0,dst,20,2,16,104843,91997,12846,91997,26538,33407,142,0,939856,1070668,4415856,5032464
LASTFM,TGN,stride=20,42,840000,840999,1000,85867.0,dst,20,2,16,108349,96875,11474,96875,29183,37206,172,0,989476,1106128,4650000,5200752
LASTFM,TGN,stride=20,43,860000,860999,1000,88789.0,dst,20,2,16,109287,91777,17510,91777,26851,33956,150,0,937340,1116296,4405296,5245776
LASTFM,TGN,stride=20,44,880000,880999,1000,100160.0,dst,20,2,16,119390,108506,10884,108506,35544,46170,255,0,1107968,1218740,5208288,5730720
LASTFM,TGN,stride=20,45,900000,900999,1000,73920.0,dst,20,2,16,115294,101350,13944,101350,31381,40355,222,0,1035140,1176944,4864800,5534112
LASTFM,TGN,stride=20,46,920000,920999,1000,68251.0,dst,20,2,16,116605,101256,15349,101256,31404,40375,211,0,1034340,1190200,4860288,5597040
LASTFM,TGN,stride=20,47,940000,940999,1000,82926.0,dst,20,2,16,113758,103037,10721,103037,32310,41606,227,0,1052012,1161560,4945776,5460384
LASTFM,TGN,stride=20,48,960000,960999,1000,88257.0,dst,20,2,16,119916,106492,13424,106492,34552,44979,256,0,1087676,1224392,5111616,5755968
LASTFM,TGN,stride=20,49,980000,980999,1000,98740.0,dst,20,2,16,118249,105823,12426,105823,33642,43380,224,0,1080848,1207600,5079504,5675952
LASTFM,TGN,stride=20,50,1000000,1000999,1000,92533.0,dst,20,2,16,113975,102176,11799,102176,32007,41132,220,0,1043388,1164192,4904448,5470800
LASTFM,TGN,stride=20,51,1020000,1020999,1000,61339.0,dst,20,2,16,112579,103860,8719,103860,32713,42230,223,0,1060636,1149208,4985280,5403792
LASTFM,TGN,stride=20,52,1040000,1040999,1000,76199.0,dst,20,2,16,114701,104038,10663,104038,33040,42749,244,0,1062536,1170972,4993824,5505648
LASTFM,TGN,stride=20,53,1060000,1060999,1000,90293.0,dst,20,2,16,119375,108738,10637,108738,35558,46310,274,0,1110476,1218668,5219424,5730000
LASTFM,TGN,stride=20,54,1080000,1080999,1000,71281.0,dst,20,2,16,121712,110085,11627,110085,36239,47710,331,0,1124212,1242452,5284080,5842176
LASTFM,TGN,stride=20,55,1100000,1100999,1000,57985.0,dst,20,2,16,122960,113737,9223,113737,38316,50371,339,0,1161240,1255196,5459376,5902080
LASTFM,TGN,stride=20,56,1120000,1120999,1000,47870.0,dst,20,2,16,79774,70288,9486,70288,18617,23588,105,0,718564,815404,3373824,3829152
LASTFM,TGN,stride=20,57,1140000,1140999,1000,27416.0,dst,20,2,16,58153,53835,4318,53835,11640,14283,61,0,551036,595084,2584080,2791344
LASTFM,TGN,stride=20,58,1160000,1160999,1000,24296.0,dst,20,2,16,40025,37691,2334,37691,6089,6948,6,72,386460,410308,1809168,1921200
LASTFM,TGN,stride=20,59,1180000,1180999,1000,43645.0,dst,20,2,16,53967,49283,4684,49283,12211,15666,89,0,504884,552488,2365584,2590416
LASTFM,TGN,stride=20,60,1200000,1200999,1000,67535.0,dst,20,2,16,118907,108320,10587,108320,35490,46468,294,0,1106584,1214200,5199360,5707536
LASTFM,TGN,stride=20,61,1220000,1220999,1000,29275.0,dst,20,2,16,68081,52193,15888,52193,10983,13327,49,0,534416,696088,2505264,3267888
LASTFM,TGN,stride=20,62,1240000,1240999,1000,29980.0,dst,20,2,16,119328,88752,30576,88752,25531,32332,180,0,906592,1218076,4260096,5727744
LASTFM,TGN,stride=20,63,1260000,1260999,1000,79291.0,dst,20,2,16,128846,117019,11827,117019,40389,53621,430,0,1194432,1315100,5616912,6184608
LASTFM,TGN,stride=20,64,1280000,1280999,1000,76350.0,dst,20,2,16,126326,115563,10763,115563,39261,51936,373,0,1180252,1289352,5547024,6063648
LASTFM,APAN,stride=20,0,0,999,1000,848680.0,dst,20,2,16,8657,6315,2342,6315,179,186,0,756,67652,91120,303120,415536
LASTFM,APAN,stride=20,1,20000,20999,1000,344655.0,dst,20,2,16,48675,41506,7169,41506,6270,7015,7,0,425132,498520,1992288,2336400
LASTFM,APAN,stride=20,2,40000,40999,1000,287307.0,dst,20,2,16,71045,60095,10950,60095,12382,14520,26,0,615000,726424,2884560,3410160
LASTFM,APAN,stride=20,3,60000,60999,1000,289386.0,dst,20,2,16,71126,61719,9407,61719,13114,15578,25,0,631164,727408,2962512,3414048
LASTFM,APAN,stride=20,4,80000,80999,1000,124845.0,dst,20,2,16,66220,56440,9780,56440,11316,13278,26,0,577472,676928,2709120,3178560
LASTFM,APAN,stride=20,5,100000,100999,1000,193892.0,dst,20,2,16,75814,67435,8379,67435,15171,18047,27,0,689636,775016,3236880,3639072
LASTFM,APAN,stride=20,6,120000,120999,1000,112255.0,dst,20,2,16,71801,62644,9157,62644,13326,15632,23,0,640816,733940,3006912,3446448
LASTFM,APAN,stride=20,7,140000,140999,1000,96934.0,dst,20,2,16,70242,62348,7894,62348,13557,16096,36,0,637808,718188,2992704,3371616
LASTFM,APAN,stride=20,8,160000,160999,1000,96476.0,dst,20,2,16,83819,77065,6754,77065,19292,23416,63,0,787644,856756,3699120,4023312
LASTFM,APAN,stride=20,9,180000,180999,1000,57870.0,dst,20,2,16,94456,79409,15047,79409,20610,25270,75,0,811448,965088,3811632,4533888
LASTFM,APAN,stride=20,10,200000,200999,1000,97577.0,dst,20,2,16,93552,83250,10302,83250,22302,27593,90,0,850464,955240,3996000,4490496
LASTFM,APAN,stride=20,11,220000,220999,1000,109274.0,dst,20,2,16,89920,81251,8669,81251,21300,26146,78,0,830388,918580,3900048,4316160
LASTFM,APAN,stride=20,12,240000,240999,1000,81383.0,dst,20,2,16,87141,75944,11197,75944,19237,23441,65,0,776456,890428,3645312,4182768
LASTFM,APAN,stride=20,13,260000,260999,1000,76063.0,dst,20,2,16,89488,77695,11793,77695,19443,23572,55,0,793796,914496,3729360,4295424
LASTFM,APAN,stride=20,14,280000,280999,1000,89623.0,dst,20,2,16,96711,86318,10393,86318,23810,29579,104,0,882012,987888,4143264,4642128
LASTFM,APAN,stride=20,15,300000,300999,1000,84369.0,dst,20,2,16,88979,78571,10408,78571,19896,24192,68,0,802800,909052,3771408,4270992
LASTFM,APAN,stride=20,16,320000,320999,1000,87895.0,dst,20,2,16,89501,83158,6343,83158,21945,27049,91,0,850076,914452,3991584,4296048
LASTFM,APAN,stride=20,17,340000,340999,1000,86112.0,dst,20,2,16,92499,83364,9135,83364,22564,28077,110,0,851812,944852,4001472,4439952
LASTFM,APAN,stride=20,18,360000,360999,1000,86989.0,dst,20,2,16,97184,87223,9961,87223,24084,29940,112,0,891232,992520,4186704,4664832
LASTFM,APAN,stride=20,19,380000,380999,1000,67936.0,dst,20,2,16,102885,91217,11668,91217,26044,32594,134,0,932136,1050560,4378416,4938480
LASTFM,APAN,stride=20,20,400000,400999,1000,61853.0,dst,20,2,16,98382,88684,9698,88684,24930,31189,120,0,906136,1004932,4256832,4722336
LASTFM,APAN,stride=20,21,420000,420999,1000,80066.0,dst,20,2,16,93880,83742,10138,83742,22466,27720,101,0,855872,958776,4019616,4506240
LASTFM,APAN,stride=20,22,440000,440999,1000,75886.0,dst,20,2,16,90303,80341,9962,80341,20787,25460,83,0,821020,922768,3856368,4334544
LASTFM,APAN,stride=20,23,460000,460999,1000,69230.0,dst,20,2,16,87865,79472,8393,79472,20494,25149,77,0,812144,897660,3814656,4217520
LASTFM,APAN,stride=20,24,480000,480999,1000,85313.0,dst,20,2,16,87384,77925,9459,77925,19732,24159,72,0,796452,892636,3740400,4194432
LASTFM,APAN,stride=20,25,500000,500999,1000,92705.0,dst,20,2,16,88552,78311,10241,78311,19819,24167,76,0,800260,904764,3758928,4250496
LASTFM,APAN,stride=20,26,520000,520999,1000,95538.0,dst,20,2,16,84949,77329,7620,77329,19544,23830,65,0,790696,868112,3711792,4077552
LASTFM,APAN,stride=20,27,540000,540999,1000,54057.0,dst,20,2,16,81838,73953,7885,73953,17991,21807,57,0,756084,836108,3549744,3928224
LASTFM,APAN,stride=20,28,560000,560999,1000,86180.0,dst,20,2,16,83756,70183,13573,70183,16665,20031,44,0,717708,856172,3368784,4020288
LASTFM,APAN,stride=20,29,580000,580999,1000,97945.0,dst,20,2,16,96722,86632,10090,86632,23740,29342,86,0,885088,988012,4158336,4642656
LASTFM,APAN,stride=20,30,600000,600999,1000,95790.0,dst,20,2,16,105531,95140,10391,95140,27785,34723,120,0,971576,1077784,4566720,5065488
LASTFM,APAN,stride=20,31,620000,620999,1000,118808.0,dst,20,2,16,107794,96078,11716,96078,28572,36198,166,0,981700,1100684,4611744,5174112
LASTFM,APAN,stride=20,32,640000,640999,1000,87345.0,dst,20,2,16,101396,91041,10355,91041,26167,32939,134,0,930100,1035620,4369968,4867008
LASTFM,APAN,stride=20,33,660000,660999,1000,94192.0,dst,20,2,16,104147,96044,8103,96044,28513,36221,156,0,981300,1063508,4610112,4999056
LASTFM,APAN,stride=20,34,680000,680999,1000,75005.0,dst,20,2,16,108667,94433,14234,94433,27761,35096,167,0,964564,1109696,4532784,5216016
LASTFM,APAN,stride=20,35,700000,700999,1000,78982.0,dst,20,2,16,107225,97474,9751,97474,29197,37011,149,0,995528,1095012,4678752,5146800
LASTFM,APAN,stride=20,36,720000,720999,1000,81230.0,dst,20,2,16,104847,94950,9897,94950,28207,35902,186,0,969904,1070564,4557600,5032656
LASTFM,APAN,stride=20,37,740000,740999,1000,87143.0,dst,20,2,16,104857,90701,14156,90701,25994,32574,128,0,926164,1070656,4353648,5033136
LASTFM,APAN,stride=20,38,760000,760999,1000,88823.0,dst,20,2,16,106563,95147,11416,95147,28028,35485,161,0,971724,1088032,4567056,5115024
LASTFM,APAN,stride=20,39,780000,780999,1000,87251.0,dst,20,2,16,106536,96574,9962,96574,28909,36581,142,0,986320,1087940,4635552,5113728
LASTFM,APAN,stride=20,40,800000,800999,1000,72218.0,dst,20,2,16,112435,102589,9846,102589,31877,40999,211,0,1047208,1147752,4924272,5396880
LASTFM,APAN,stride=20,41,820000,820999,1000,84652.0,dst,20,2,16,104843,91997,12846,91997,26538,33407,142,0,939856,1070668,4415856,5032464
LASTFM,APAN,stride=20,42,840000,840999,1000,85867.0,dst,20,2,16,108349,96875,11474,96875,29183,37206,172,0,989476,1106128,4650000,5200752
LASTFM,APAN,stride=20,43,860000,860999,1000,88789.0,dst,20,2,16,109287,91777,17510,91777,26851,33956,150,0,937340,1116296,4405296,5245776
LASTFM,APAN,stride=20,44,880000,880999,1000,100160.0,dst,20,2,16,119390,108506,10884,108506,35544,46170,255,0,1107968,1218740,5208288,5730720
LASTFM,APAN,stride=20,45,900000,900999,1000,73920.0,dst,20,2,16,115294,101350,13944,101350,31381,40355,222,0,1035140,1176944,4864800,5534112
LASTFM,APAN,stride=20,46,920000,920999,1000,68251.0,dst,20,2,16,116605,101256,15349,101256,31404,40375,211,0,1034340,1190200,4860288,5597040
LASTFM,APAN,stride=20,47,940000,940999,1000,82926.0,dst,20,2,16,113758,103037,10721,103037,32310,41606,227,0,1052012,1161560,4945776,5460384
LASTFM,APAN,stride=20,48,960000,960999,1000,88257.0,dst,20,2,16,119916,106492,13424,106492,34552,44979,256,0,1087676,1224392,5111616,5755968
LASTFM,APAN,stride=20,49,980000,980999,1000,98740.0,dst,20,2,16,118249,105823,12426,105823,33642,43380,224,0,1080848,1207600,5079504,5675952
LASTFM,APAN,stride=20,50,1000000,1000999,1000,92533.0,dst,20,2,16,113975,102176,11799,102176,32007,41132,220,0,1043388,1164192,4904448,5470800
LASTFM,APAN,stride=20,51,1020000,1020999,1000,61339.0,dst,20,2,16,112579,103860,8719,103860,32713,42230,223,0,1060636,1149208,4985280,5403792
LASTFM,APAN,stride=20,52,1040000,1040999,1000,76199.0,dst,20,2,16,114701,104038,10663,104038,33040,42749,244,0,1062536,1170972,4993824,5505648
LASTFM,APAN,stride=20,53,1060000,1060999,1000,90293.0,dst,20,2,16,119375,108738,10637,108738,35558,46310,274,0,1110476,1218668,5219424,5730000
LASTFM,APAN,stride=20,54,1080000,1080999,1000,71281.0,dst,20,2,16,121712,110085,11627,110085,36239,47710,331,0,1124212,1242452,5284080,5842176
LASTFM,APAN,stride=20,55,1100000,1100999,1000,57985.0,dst,20,2,16,122960,113737,9223,113737,38316,50371,339,0,1161240,1255196,5459376,5902080
LASTFM,APAN,stride=20,56,1120000,1120999,1000,47870.0,dst,20,2,16,79774,70288,9486,70288,18617,23588,105,0,718564,815404,3373824,3829152
LASTFM,APAN,stride=20,57,1140000,1140999,1000,27416.0,dst,20,2,16,58153,53835,4318,53835,11640,14283,61,0,551036,595084,2584080,2791344
LASTFM,APAN,stride=20,58,1160000,1160999,1000,24296.0,dst,20,2,16,40025,37691,2334,37691,6089,6948,6,72,386460,410308,1809168,1921200
LASTFM,APAN,stride=20,59,1180000,1180999,1000,43645.0,dst,20,2,16,53967,49283,4684,49283,12211,15666,89,0,504884,552488,2365584,2590416
LASTFM,APAN,stride=20,60,1200000,1200999,1000,67535.0,dst,20,2,16,118907,108320,10587,108320,35490,46468,294,0,1106584,1214200,5199360,5707536
LASTFM,APAN,stride=20,61,1220000,1220999,1000,29275.0,dst,20,2,16,68081,52193,15888,52193,10983,13327,49,0,534416,696088,2505264,3267888
LASTFM,APAN,stride=20,62,1240000,1240999,1000,29980.0,dst,20,2,16,119328,88752,30576,88752,25531,32332,180,0,906592,1218076,4260096,5727744
LASTFM,APAN,stride=20,63,1260000,1260999,1000,79291.0,dst,20,2,16,128846,117019,11827,117019,40389,53621,430,0,1194432,1315100,5616912,6184608
LASTFM,APAN,stride=20,64,1280000,1280999,1000,76350.0,dst,20,2,16,126326,115563,10763,115563,39261,51936,373,0,1180252,1289352,5547024,6063648
