

================================================================
== Vitis HLS Report for 'rtga_kernel'
================================================================
* Date:           Wed Jul 15 05:08:36 2026

* Version:        2023.2 (Build 4023990 on Oct 11 2023)
* Project:        hls_component
* Solution:       hls (Vitis Kernel Flow Target)
* Product family: virtexuplusHBM
* Target device:  xcu280-fsvh2892-2L-e


================================================================
== Performance Estimates
================================================================
+ Timing: 
    * Summary: 
    +--------+---------+----------+------------+
    |  Clock |  Target | Estimated| Uncertainty|
    +--------+---------+----------+------------+
    |ap_clk  |  4.44 ns|  3.244 ns|     1.20 ns|
    +--------+---------+----------+------------+

+ Latency: 
    * Summary: 
    +---------+---------+----------+----------+------+---------+---------+
    |  Latency (cycles) |  Latency (absolute) |    Interval    | Pipeline|
    |   min   |   max   |    min   |    max   |  min |   max   |   Type  |
    +---------+---------+----------+----------+------+---------+---------+
    |     1190|  2063522|  5.288 us|  9.170 ms|  1191|  2063523|       no|
    +---------+---------+----------+----------+------+---------+---------+

    + Detail: 
        * Instance: 
        +------------------------------------------------------------------+------------------------------------------------------+---------+---------+-----------+-----------+------+------+---------+
        |                                                                  |                                                      |  Latency (cycles) |   Latency (absolute)  |   Interval  | Pipeline|
        |                             Instance                             |                        Module                        |   min   |   max   |    min    |    max    |  min |  max |   Type  |
        +------------------------------------------------------------------+------------------------------------------------------+---------+---------+-----------+-----------+------+------+---------+
        |grp_rtga_kernel_Pipeline_baseline_clear_stats_loop_fu_3054        |rtga_kernel_Pipeline_baseline_clear_stats_loop        |       18|       18|  79.992 ns|  79.992 ns|    18|    18|       no|
        |grp_rtga_kernel_Pipeline_rtga_clear_visited_fu_3061               |rtga_kernel_Pipeline_rtga_clear_visited               |     1026|     1026|   4.560 us|   4.560 us|  1026|  1026|       no|
        |grp_rtga_kernel_Pipeline_rtga_load_weights_fu_3066                |rtga_kernel_Pipeline_rtga_load_weights                |       10|       10|  44.440 ns|  44.440 ns|    10|    10|       no|
        |grp_rtga_kernel_Pipeline_rtga_load_recent_fu_3106                 |rtga_kernel_Pipeline_rtga_load_recent                 |       74|      138|   0.329 us|   0.613 us|    74|   138|       no|
        |grp_rtga_kernel_Pipeline_rtga_temporal_tree_construction_fu_3120  |rtga_kernel_Pipeline_rtga_temporal_tree_construction  |        4|      265|  17.776 ns|   1.178 us|     4|   265|       no|
        |grp_rtga_kernel_Pipeline_rtga_temporal_aware_cache_fu_3200        |rtga_kernel_Pipeline_rtga_temporal_aware_cache        |       75|     1256|   0.333 us|   5.582 us|    75|  1256|       no|
        |grp_rtga_kernel_Pipeline_rtga_tau_groups_fu_3444                  |rtga_kernel_Pipeline_rtga_tau_groups                  |       19|       19|  84.436 ns|  84.436 ns|    19|    19|       no|
        +------------------------------------------------------------------+------------------------------------------------------+---------+---------+-----------+-----------+------+------+---------+

        * Loop: 
        +----------------+---------+---------+----------+-----------+-----------+----------+----------+
        |                |  Latency (cycles) | Iteration|  Initiation Interval  |   Trip   |          |
        |    Loop Name   |   min   |   max   |  Latency |  achieved |   target  |   Count  | Pipelined|
        +----------------+---------+---------+----------+-----------+-----------+----------+----------+
        |- rtga_targets  |        5|  2062337|  4 ~ 2014|          -|          -|  1 ~ 1024|        no|
        +----------------+---------+---------+----------+-----------+-----------+----------+----------+



================================================================
== Utilization Estimates
================================================================
* Summary: 
+---------------------+---------+------+---------+---------+-----+
|         Name        | BRAM_18K|  DSP |    FF   |   LUT   | URAM|
+---------------------+---------+------+---------+---------+-----+
|DSP                  |        -|     -|        -|        -|    -|
|Expression           |        -|     -|        0|     5874|    -|
|FIFO                 |        -|     -|        -|        -|    -|
|Instance             |       78|   136|    44794|    84422|    0|
|Memory               |        4|     -|     1152|     1224|    0|
|Multiplexer          |        -|     -|        -|     7872|    -|
|Register             |        -|     -|    10428|        -|    -|
+---------------------+---------+------+---------+---------+-----+
|Total                |       82|   136|    56374|    99392|    0|
+---------------------+---------+------+---------+---------+-----+
|Available SLR        |     1344|  3008|   869120|   434560|  320|
+---------------------+---------+------+---------+---------+-----+
|Utilization SLR (%)  |        6|     4|        6|       22|    0|
+---------------------+---------+------+---------+---------+-----+
|Available            |     4032|  9024|  2607360|  1303680|  960|
+---------------------+---------+------+---------+---------+-----+
|Utilization (%)      |        2|     1|        2|        7|    0|
+---------------------+---------+------+---------+---------+-----+

+ Detail: 
    * Instance: 
    +------------------------------------------------------------------+------------------------------------------------------+---------+-----+-------+-------+-----+
    |                             Instance                             |                        Module                        | BRAM_18K| DSP |   FF  |  LUT  | URAM|
    +------------------------------------------------------------------+------------------------------------------------------+---------+-----+-------+-------+-----+
    |control_s_axi_U                                                   |control_s_axi                                         |        0|    0|   1460|   2600|    0|
    |gmem0_m_axi_U                                                     |gmem0_m_axi                                           |        2|    0|    696|    720|    0|
    |gmem10_m_axi_U                                                    |gmem10_m_axi                                          |        8|    0|   1181|   1117|    0|
    |gmem11_m_axi_U                                                    |gmem11_m_axi                                          |        8|    0|   1181|   1117|    0|
    |gmem12_m_axi_U                                                    |gmem12_m_axi                                          |       30|    0|   3521|   2695|    0|
    |gmem1_m_axi_U                                                     |gmem1_m_axi                                           |        2|    0|    696|    720|    0|
    |gmem2_m_axi_U                                                     |gmem2_m_axi                                           |        2|    0|    696|    720|    0|
    |gmem3_m_axi_U                                                     |gmem3_m_axi                                           |        2|    0|    696|    720|    0|
    |gmem4_m_axi_U                                                     |gmem4_m_axi                                           |        2|    0|    696|    720|    0|
    |gmem5_m_axi_U                                                     |gmem5_m_axi                                           |        2|    0|    696|    720|    0|
    |gmem6_m_axi_U                                                     |gmem6_m_axi                                           |        2|    0|    696|    720|    0|
    |gmem7_m_axi_U                                                     |gmem7_m_axi                                           |        2|    0|    696|    720|    0|
    |gmem8_m_axi_U                                                     |gmem8_m_axi                                           |        8|    0|   1181|   1117|    0|
    |gmem9_m_axi_U                                                     |gmem9_m_axi                                           |        8|    0|   1181|   1117|    0|
    |mul_16s_16s_32_1_1_U587                                           |mul_16s_16s_32_1_1                                    |        0|    1|      0|      5|    0|
    |mul_16s_16s_32_1_1_U588                                           |mul_16s_16s_32_1_1                                    |        0|    1|      0|      5|    0|
    |mul_16s_16s_32_1_1_U589                                           |mul_16s_16s_32_1_1                                    |        0|    1|      0|      5|    0|
    |mul_16s_16s_32_1_1_U590                                           |mul_16s_16s_32_1_1                                    |        0|    1|      0|      5|    0|
    |mul_16s_16s_32_1_1_U591                                           |mul_16s_16s_32_1_1                                    |        0|    1|      0|      5|    0|
    |mul_16s_16s_32_1_1_U592                                           |mul_16s_16s_32_1_1                                    |        0|    1|      0|      5|    0|
    |mul_16s_16s_32_1_1_U593                                           |mul_16s_16s_32_1_1                                    |        0|    1|      0|      5|    0|
    |mul_16s_16s_32_1_1_U602                                           |mul_16s_16s_32_1_1                                    |        0|    1|      0|      5|    0|
    |grp_rtga_kernel_Pipeline_baseline_clear_stats_loop_fu_3054        |rtga_kernel_Pipeline_baseline_clear_stats_loop        |        0|    0|      9|     86|    0|
    |grp_rtga_kernel_Pipeline_rtga_clear_visited_fu_3061               |rtga_kernel_Pipeline_rtga_clear_visited               |        0|    0|     13|     64|    0|
    |grp_rtga_kernel_Pipeline_rtga_load_recent_fu_3106                 |rtga_kernel_Pipeline_rtga_load_recent                 |        0|    0|    554|    406|    0|
    |grp_rtga_kernel_Pipeline_rtga_load_weights_fu_3066                |rtga_kernel_Pipeline_rtga_load_weights                |        0|    0|   1031|     89|    0|
    |grp_rtga_kernel_Pipeline_rtga_tau_groups_fu_3444                  |rtga_kernel_Pipeline_rtga_tau_groups                  |        0|  128|  15527|  55765|    0|
    |grp_rtga_kernel_Pipeline_rtga_temporal_aware_cache_fu_3200        |rtga_kernel_Pipeline_rtga_temporal_aware_cache        |        0|    0|   4386|   6091|    0|
    |grp_rtga_kernel_Pipeline_rtga_temporal_tree_construction_fu_3120  |rtga_kernel_Pipeline_rtga_temporal_tree_construction  |        0|    0|   4849|   4454|    0|
    |sdiv_32ns_32ns_32_36_seq_1_U594                                   |sdiv_32ns_32ns_32_36_seq_1                            |        0|    0|    394|    238|    0|
    |sdiv_32ns_32ns_32_36_seq_1_U595                                   |sdiv_32ns_32ns_32_36_seq_1                            |        0|    0|    394|    238|    0|
    |sdiv_32ns_32ns_32_36_seq_1_U596                                   |sdiv_32ns_32ns_32_36_seq_1                            |        0|    0|    394|    238|    0|
    |sdiv_32ns_32ns_32_36_seq_1_U597                                   |sdiv_32ns_32ns_32_36_seq_1                            |        0|    0|    394|    238|    0|
    |sdiv_32ns_32ns_32_36_seq_1_U598                                   |sdiv_32ns_32ns_32_36_seq_1                            |        0|    0|    394|    238|    0|
    |sdiv_32ns_32ns_32_36_seq_1_U599                                   |sdiv_32ns_32ns_32_36_seq_1                            |        0|    0|    394|    238|    0|
    |sdiv_32ns_32ns_32_36_seq_1_U600                                   |sdiv_32ns_32ns_32_36_seq_1                            |        0|    0|    394|    238|    0|
    |sdiv_32ns_32ns_32_36_seq_1_U601                                   |sdiv_32ns_32ns_32_36_seq_1                            |        0|    0|    394|    238|    0|
    +------------------------------------------------------------------+------------------------------------------------------+---------+-----+-------+-------+-----+
    |Total                                                             |                                                      |       78|  136|  44794|  84422|    0|
    +------------------------------------------------------------------+------------------------------------------------------+---------+-----+-------+-------+-----+

    * DSP: 
    N/A

    * Memory: 
    +-----------------------+-----------------------------------+---------+----+----+-----+------+-----+------+-------------+
    |         Memory        |               Module              | BRAM_18K| FF | LUT| URAM| Words| Bits| Banks| W*Bits*Banks|
    +-----------------------+-----------------------------------+---------+----+----+-----+------+-----+------+-------------+
    |cache_memory_U         |cache_memory_RAM_AUTO_1R1W         |        0|  16|  17|    0|    16|   16|     1|          256|
    |cache_memory_1_U       |cache_memory_RAM_AUTO_1R1W         |        0|  16|  17|    0|    16|   16|     1|          256|
    |cache_memory_2_U       |cache_memory_RAM_AUTO_1R1W         |        0|  16|  17|    0|    16|   16|     1|          256|
    |cache_memory_3_U       |cache_memory_RAM_AUTO_1R1W         |        0|  16|  17|    0|    16|   16|     1|          256|
    |cache_memory_4_U       |cache_memory_RAM_AUTO_1R1W         |        0|  16|  17|    0|    16|   16|     1|          256|
    |cache_memory_5_U       |cache_memory_RAM_AUTO_1R1W         |        0|  16|  17|    0|    16|   16|     1|          256|
    |cache_memory_6_U       |cache_memory_RAM_AUTO_1R1W         |        0|  16|  17|    0|    16|   16|     1|          256|
    |cache_memory_7_U       |cache_memory_RAM_AUTO_1R1W         |        0|  16|  17|    0|    16|   16|     1|          256|
    |recent_event_idx_U     |recent_event_idx_RAM_1P_BRAM_1R1W  |        1|   0|   0|    0|    64|   32|     1|         2048|
    |recent_peer_U          |recent_event_idx_RAM_1P_BRAM_1R1W  |        1|   0|   0|    0|    64|   32|     1|         2048|
    |selected_memory_U      |selected_memory_RAM_AUTO_1R1W      |        0|  16|  17|    0|     5|   16|     1|           80|
    |selected_memory_1_U    |selected_memory_RAM_AUTO_1R1W      |        0|  16|  17|    0|     5|   16|     1|           80|
    |selected_memory_2_U    |selected_memory_RAM_AUTO_1R1W      |        0|  16|  17|    0|     5|   16|     1|           80|
    |selected_memory_3_U    |selected_memory_RAM_AUTO_1R1W      |        0|  16|  17|    0|     5|   16|     1|           80|
    |selected_memory_4_U    |selected_memory_RAM_AUTO_1R1W      |        0|  16|  17|    0|     5|   16|     1|           80|
    |selected_memory_5_U    |selected_memory_RAM_AUTO_1R1W      |        0|  16|  17|    0|     5|   16|     1|           80|
    |selected_memory_6_U    |selected_memory_RAM_AUTO_1R1W      |        0|  16|  17|    0|     5|   16|     1|           80|
    |selected_memory_7_U    |selected_memory_RAM_AUTO_1R1W      |        0|  16|  17|    0|     5|   16|     1|           80|
    |selected_memory_8_U    |selected_memory_RAM_AUTO_1R1W      |        0|  16|  17|    0|     5|   16|     1|           80|
    |selected_memory_9_U    |selected_memory_RAM_AUTO_1R1W      |        0|  16|  17|    0|     5|   16|     1|           80|
    |selected_memory_10_U   |selected_memory_RAM_AUTO_1R1W      |        0|  16|  17|    0|     5|   16|     1|           80|
    |selected_memory_11_U   |selected_memory_RAM_AUTO_1R1W      |        0|  16|  17|    0|     5|   16|     1|           80|
    |selected_memory_12_U   |selected_memory_RAM_AUTO_1R1W      |        0|  16|  17|    0|     5|   16|     1|           80|
    |selected_memory_13_U   |selected_memory_RAM_AUTO_1R1W      |        0|  16|  17|    0|     5|   16|     1|           80|
    |selected_memory_14_U   |selected_memory_RAM_AUTO_1R1W      |        0|  16|  17|    0|     5|   16|     1|           80|
    |selected_memory_15_U   |selected_memory_RAM_AUTO_1R1W      |        0|  16|  17|    0|     5|   16|     1|           80|
    |selected_memory_16_U   |selected_memory_RAM_AUTO_1R1W      |        0|  16|  17|    0|     5|   16|     1|           80|
    |selected_memory_17_U   |selected_memory_RAM_AUTO_1R1W      |        0|  16|  17|    0|     5|   16|     1|           80|
    |selected_memory_18_U   |selected_memory_RAM_AUTO_1R1W      |        0|  16|  17|    0|     5|   16|     1|           80|
    |selected_memory_19_U   |selected_memory_RAM_AUTO_1R1W      |        0|  16|  17|    0|     5|   16|     1|           80|
    |selected_memory_20_U   |selected_memory_RAM_AUTO_1R1W      |        0|  16|  17|    0|     5|   16|     1|           80|
    |selected_memory_21_U   |selected_memory_RAM_AUTO_1R1W      |        0|  16|  17|    0|     5|   16|     1|           80|
    |selected_memory_22_U   |selected_memory_RAM_AUTO_1R1W      |        0|  16|  17|    0|     5|   16|     1|           80|
    |selected_memory_23_U   |selected_memory_RAM_AUTO_1R1W      |        0|  16|  17|    0|     5|   16|     1|           80|
    |selected_memory_24_U   |selected_memory_RAM_AUTO_1R1W      |        0|  16|  17|    0|     5|   16|     1|           80|
    |selected_memory_25_U   |selected_memory_RAM_AUTO_1R1W      |        0|  16|  17|    0|     5|   16|     1|           80|
    |selected_memory_26_U   |selected_memory_RAM_AUTO_1R1W      |        0|  16|  17|    0|     5|   16|     1|           80|
    |selected_memory_27_U   |selected_memory_RAM_AUTO_1R1W      |        0|  16|  17|    0|     5|   16|     1|           80|
    |selected_memory_28_U   |selected_memory_RAM_AUTO_1R1W      |        0|  16|  17|    0|     5|   16|     1|           80|
    |selected_memory_29_U   |selected_memory_RAM_AUTO_1R1W      |        0|  16|  17|    0|     5|   16|     1|           80|
    |selected_memory_30_U   |selected_memory_RAM_AUTO_1R1W      |        0|  16|  17|    0|     5|   16|     1|           80|
    |selected_memory_31_U   |selected_memory_RAM_AUTO_1R1W      |        0|  16|  17|    0|     5|   16|     1|           80|
    |selected_feature_U     |selected_memory_RAM_AUTO_1R1W      |        0|  16|  17|    0|     5|   16|     1|           80|
    |selected_feature_1_U   |selected_memory_RAM_AUTO_1R1W      |        0|  16|  17|    0|     5|   16|     1|           80|
    |selected_feature_2_U   |selected_memory_RAM_AUTO_1R1W      |        0|  16|  17|    0|     5|   16|     1|           80|
    |selected_feature_3_U   |selected_memory_RAM_AUTO_1R1W      |        0|  16|  17|    0|     5|   16|     1|           80|
    |selected_feature_4_U   |selected_memory_RAM_AUTO_1R1W      |        0|  16|  17|    0|     5|   16|     1|           80|
    |selected_feature_5_U   |selected_memory_RAM_AUTO_1R1W      |        0|  16|  17|    0|     5|   16|     1|           80|
    |selected_feature_6_U   |selected_memory_RAM_AUTO_1R1W      |        0|  16|  17|    0|     5|   16|     1|           80|
    |selected_feature_7_U   |selected_memory_RAM_AUTO_1R1W      |        0|  16|  17|    0|     5|   16|     1|           80|
    |selected_feature_8_U   |selected_memory_RAM_AUTO_1R1W      |        0|  16|  17|    0|     5|   16|     1|           80|
    |selected_feature_9_U   |selected_memory_RAM_AUTO_1R1W      |        0|  16|  17|    0|     5|   16|     1|           80|
    |selected_feature_10_U  |selected_memory_RAM_AUTO_1R1W      |        0|  16|  17|    0|     5|   16|     1|           80|
    |selected_feature_11_U  |selected_memory_RAM_AUTO_1R1W      |        0|  16|  17|    0|     5|   16|     1|           80|
    |selected_feature_12_U  |selected_memory_RAM_AUTO_1R1W      |        0|  16|  17|    0|     5|   16|     1|           80|
    |selected_feature_13_U  |selected_memory_RAM_AUTO_1R1W      |        0|  16|  17|    0|     5|   16|     1|           80|
    |selected_feature_14_U  |selected_memory_RAM_AUTO_1R1W      |        0|  16|  17|    0|     5|   16|     1|           80|
    |selected_feature_15_U  |selected_memory_RAM_AUTO_1R1W      |        0|  16|  17|    0|     5|   16|     1|           80|
    |selected_feature_16_U  |selected_memory_RAM_AUTO_1R1W      |        0|  16|  17|    0|     5|   16|     1|           80|
    |selected_feature_17_U  |selected_memory_RAM_AUTO_1R1W      |        0|  16|  17|    0|     5|   16|     1|           80|
    |selected_feature_18_U  |selected_memory_RAM_AUTO_1R1W      |        0|  16|  17|    0|     5|   16|     1|           80|
    |selected_feature_19_U  |selected_memory_RAM_AUTO_1R1W      |        0|  16|  17|    0|     5|   16|     1|           80|
    |selected_feature_20_U  |selected_memory_RAM_AUTO_1R1W      |        0|  16|  17|    0|     5|   16|     1|           80|
    |selected_feature_21_U  |selected_memory_RAM_AUTO_1R1W      |        0|  16|  17|    0|     5|   16|     1|           80|
    |selected_feature_22_U  |selected_memory_RAM_AUTO_1R1W      |        0|  16|  17|    0|     5|   16|     1|           80|
    |selected_feature_23_U  |selected_memory_RAM_AUTO_1R1W      |        0|  16|  17|    0|     5|   16|     1|           80|
    |selected_feature_24_U  |selected_memory_RAM_AUTO_1R1W      |        0|  16|  17|    0|     5|   16|     1|           80|
    |selected_feature_25_U  |selected_memory_RAM_AUTO_1R1W      |        0|  16|  17|    0|     5|   16|     1|           80|
    |selected_feature_26_U  |selected_memory_RAM_AUTO_1R1W      |        0|  16|  17|    0|     5|   16|     1|           80|
    |selected_feature_27_U  |selected_memory_RAM_AUTO_1R1W      |        0|  16|  17|    0|     5|   16|     1|           80|
    |selected_feature_28_U  |selected_memory_RAM_AUTO_1R1W      |        0|  16|  17|    0|     5|   16|     1|           80|
    |selected_feature_29_U  |selected_memory_RAM_AUTO_1R1W      |        0|  16|  17|    0|     5|   16|     1|           80|
    |selected_feature_30_U  |selected_memory_RAM_AUTO_1R1W      |        0|  16|  17|    0|     5|   16|     1|           80|
    |selected_feature_31_U  |selected_memory_RAM_AUTO_1R1W      |        0|  16|  17|    0|     5|   16|     1|           80|
    |visited_tag_U          |visited_tag_RAM_T2P_BRAM_1R1W      |        2|   0|   0|    0|  1024|   32|     1|        32768|
    +-----------------------+-----------------------------------+---------+----+----+-----+------+-----+------+-------------+
    |Total                  |                                   |        4|1152|1224|    0|  1600| 1248|    75|        44032|
    +-----------------------+-----------------------------------+---------+----+----+-----+------+-----+------+-------------+

    * FIFO: 
    N/A

    * Expression: 
    +---------------------------------+----------+----+---+-----+------------+------------+
    |          Variable Name          | Operation| DSP| FF| LUT | Bitwidth P0| Bitwidth P1|
    +---------------------------------+----------+----+---+-----+------------+------------+
    |add_ln112_10_fu_6514_p2          |         +|   0|  0|   71|          64|          64|
    |add_ln112_11_fu_6520_p2          |         +|   0|  0|   64|          64|          64|
    |add_ln112_12_fu_6560_p2          |         +|   0|  0|   64|          64|          64|
    |add_ln112_13_fu_6566_p2          |         +|   0|  0|   71|          64|          64|
    |add_ln112_14_fu_6572_p2          |         +|   0|  0|   64|          64|          64|
    |add_ln112_15_fu_6612_p2          |         +|   0|  0|   64|          64|          64|
    |add_ln112_16_fu_6618_p2          |         +|   0|  0|   71|          64|          64|
    |add_ln112_17_fu_6624_p2          |         +|   0|  0|   64|          64|          64|
    |add_ln112_18_fu_6664_p2          |         +|   0|  0|   64|          64|          64|
    |add_ln112_19_fu_6670_p2          |         +|   0|  0|   71|          64|          64|
    |add_ln112_1_fu_5874_p2           |         +|   0|  0|   71|          64|          64|
    |add_ln112_20_fu_6676_p2          |         +|   0|  0|   64|          64|          64|
    |add_ln112_21_fu_6722_p2          |         +|   0|  0|   64|          64|          64|
    |add_ln112_22_fu_6728_p2          |         +|   0|  0|   71|          64|          64|
    |add_ln112_23_fu_6734_p2          |         +|   0|  0|   64|          64|          64|
    |add_ln112_2_fu_6248_p2           |         +|   0|  0|   64|          64|          64|
    |add_ln112_3_fu_6289_p2           |         +|   0|  0|   64|          64|          64|
    |add_ln112_4_fu_6295_p2           |         +|   0|  0|   71|          64|          64|
    |add_ln112_5_fu_6301_p2           |         +|   0|  0|   64|          64|          64|
    |add_ln112_6_fu_6401_p2           |         +|   0|  0|   64|          64|          64|
    |add_ln112_7_fu_6407_p2           |         +|   0|  0|   71|          64|          64|
    |add_ln112_8_fu_6413_p2           |         +|   0|  0|   64|          64|          64|
    |add_ln112_9_fu_6508_p2           |         +|   0|  0|   64|          64|          64|
    |add_ln112_fu_6243_p2             |         +|   0|  0|   64|          64|          64|
    |add_ln120_fu_4189_p2             |         +|   0|  0|   71|          64|          64|
    |add_ln145_fu_4164_p2             |         +|   0|  0|   39|          32|           1|
    |add_ln153_fu_4225_p2             |         +|   0|  0|   71|          64|          64|
    |add_ln293_fu_4749_p2             |         +|   0|  0|   71|          64|          64|
    |add_ln296_10_fu_6071_p2          |         +|   0|  0|   32|          32|          32|
    |add_ln296_12_fu_6119_p2          |         +|   0|  0|   32|          32|          32|
    |add_ln296_14_fu_6224_p2          |         +|   0|  0|   31|          24|          24|
    |add_ln296_2_fu_5879_p2           |         +|   0|  0|   32|          32|          32|
    |add_ln296_4_fu_5927_p2           |         +|   0|  0|   32|          32|          32|
    |add_ln296_6_fu_5975_p2           |         +|   0|  0|   32|          32|          32|
    |add_ln296_8_fu_6023_p2           |         +|   0|  0|   32|          32|          32|
    |add_ln296_fu_5813_p2             |         +|   0|  0|   32|          32|          32|
    |add_ln304_fu_6761_p2             |         +|   0|  0|   71|          64|          64|
    |add_ln305_fu_6786_p2             |         +|   0|  0|   71|          64|          64|
    |invalid_inputs_1_fu_4253_p2      |         +|   0|  0|   71|          64|           1|
    |selected_total_1_fu_5151_p2      |         +|   0|  0|   71|          64|          64|
    |sub72_fu_4296_p2                 |         +|   0|  0|   39|          32|           2|
    |transformed_70_fu_5818_p2        |         +|   0|  0|   32|          32|          32|
    |transformed_71_fu_5884_p2        |         +|   0|  0|   32|          32|          32|
    |transformed_72_fu_5932_p2        |         +|   0|  0|   32|          32|          32|
    |transformed_73_fu_5980_p2        |         +|   0|  0|   32|          32|          32|
    |transformed_74_fu_6028_p2        |         +|   0|  0|   32|          32|          32|
    |transformed_75_fu_6076_p2        |         +|   0|  0|   32|          32|          32|
    |transformed_76_fu_6124_p2        |         +|   0|  0|   32|          32|          32|
    |transformed_fu_6310_p2           |         +|   0|  0|   39|          32|          32|
    |sub_ln163_fu_4264_p2             |         -|   0|  0|   39|          32|          32|
    |sub_ln296_10_fu_5074_p2          |         -|   0|  0|   39|           1|          32|
    |sub_ln296_11_fu_5491_p2          |         -|   0|  0|   30|           1|          23|
    |sub_ln296_12_fu_5116_p2          |         -|   0|  0|   39|           1|          32|
    |sub_ln296_13_fu_5519_p2          |         -|   0|  0|   30|           1|          23|
    |sub_ln296_14_fu_6174_p2          |         -|   0|  0|   39|           1|          32|
    |sub_ln296_15_fu_6193_p2          |         -|   0|  0|   30|           1|          23|
    |sub_ln296_1_fu_5336_p2           |         -|   0|  0|   30|           1|          23|
    |sub_ln296_2_fu_4906_p2           |         -|   0|  0|   39|           1|          32|
    |sub_ln296_3_fu_5379_p2           |         -|   0|  0|   30|           1|          23|
    |sub_ln296_4_fu_4948_p2           |         -|   0|  0|   39|           1|          32|
    |sub_ln296_5_fu_5407_p2           |         -|   0|  0|   30|           1|          23|
    |sub_ln296_6_fu_4990_p2           |         -|   0|  0|   39|           1|          32|
    |sub_ln296_7_fu_5435_p2           |         -|   0|  0|   30|           1|          23|
    |sub_ln296_8_fu_5032_p2           |         -|   0|  0|   39|           1|          32|
    |sub_ln296_9_fu_5463_p2           |         -|   0|  0|   30|           1|          23|
    |sub_ln296_fu_4864_p2             |         -|   0|  0|   39|           1|          32|
    |ap_block_state81_io              |       and|   0|  0|    2|           1|           1|
    |cmp313_fu_5328_p2                |      icmp|   0|  0|   39|          32|           1|
    |icmp_ln106_1_fu_4282_p2          |      icmp|   0|  0|   33|          26|           1|
    |icmp_ln106_fu_4078_p2            |      icmp|   0|  0|   39|          32|           5|
    |icmp_ln145_fu_4159_p2            |      icmp|   0|  0|   39|          32|          32|
    |icmp_ln149_1_fu_4204_p2          |      icmp|   0|  0|   39|          32|          32|
    |icmp_ln149_fu_4194_p2            |      icmp|   0|  0|   39|          32|          32|
    |icmp_ln303_fu_5601_p2            |      icmp|   0|  0|   39|          32|          32|
    |icmp_ln83_10_fu_6129_p2          |      icmp|   0|  0|   39|          32|          11|
    |icmp_ln83_11_fu_6316_p2          |      icmp|   0|  0|   39|          32|          11|
    |icmp_ln83_4_fu_5823_p2           |      icmp|   0|  0|   39|          32|          11|
    |icmp_ln83_5_fu_5889_p2           |      icmp|   0|  0|   39|          32|          11|
    |icmp_ln83_6_fu_5937_p2           |      icmp|   0|  0|   39|          32|          11|
    |icmp_ln83_7_fu_5985_p2           |      icmp|   0|  0|   39|          32|          11|
    |icmp_ln83_8_fu_6033_p2           |      icmp|   0|  0|   39|          32|          11|
    |icmp_ln83_9_fu_6081_p2           |      icmp|   0|  0|   39|          32|          11|
    |icmp_ln86_1_fu_5895_p2           |      icmp|   0|  0|   39|          32|          12|
    |icmp_ln86_2_fu_5943_p2           |      icmp|   0|  0|   39|          32|          12|
    |icmp_ln86_3_fu_5991_p2           |      icmp|   0|  0|   39|          32|          12|
    |icmp_ln86_4_fu_6039_p2           |      icmp|   0|  0|   39|          32|          12|
    |icmp_ln86_5_fu_6087_p2           |      icmp|   0|  0|   39|          32|          12|
    |icmp_ln86_6_fu_6135_p2           |      icmp|   0|  0|   39|          32|          12|
    |icmp_ln86_7_fu_6322_p2           |      icmp|   0|  0|   39|          32|          12|
    |icmp_ln86_fu_5829_p2             |      icmp|   0|  0|   39|          32|          12|
    |ap_block_state1                  |        or|   0|  0|    2|           1|           1|
    |ap_block_state2_io               |        or|   0|  0|    2|           1|           1|
    |ap_block_state343_io             |        or|   0|  0|    2|           1|           1|
    |ap_block_state3_io               |        or|   0|  0|    2|           1|           1|
    |ap_block_state414                |        or|   0|  0|    2|           1|           1|
    |ap_block_state5_on_subcall_done  |        or|   0|  0|    2|           1|           1|
    |ap_block_state73                 |        or|   0|  0|    2|           1|           1|
    |ap_block_state81                 |        or|   0|  0|    2|           1|           1|
    |or_ln149_fu_4208_p2              |        or|   0|  0|    2|           1|           1|
    |or_ln299_1_fu_5427_p2            |        or|   0|  0|   32|          32|           2|
    |or_ln299_2_fu_5455_p2            |        or|   0|  0|   32|          32|           2|
    |or_ln299_3_fu_5483_p2            |        or|   0|  0|   32|          32|           3|
    |or_ln299_4_fu_5511_p2            |        or|   0|  0|   32|          32|           3|
    |or_ln299_5_fu_5539_p2            |        or|   0|  0|   32|          32|           3|
    |or_ln299_6_fu_6686_p2            |        or|   0|  0|   32|          32|           3|
    |or_ln299_fu_5399_p2              |        or|   0|  0|   32|          32|           1|
    |or_ln325_fu_6899_p2              |        or|   0|  0|  416|         416|           5|
    |or_ln83_1_fu_5913_p2             |        or|   0|  0|    2|           1|           1|
    |or_ln83_2_fu_5961_p2             |        or|   0|  0|    2|           1|           1|
    |or_ln83_3_fu_6009_p2             |        or|   0|  0|    2|           1|           1|
    |or_ln83_4_fu_6057_p2             |        or|   0|  0|    2|           1|           1|
    |or_ln83_5_fu_6105_p2             |        or|   0|  0|    2|           1|           1|
    |or_ln83_6_fu_6153_p2             |        or|   0|  0|    2|           1|           1|
    |or_ln83_7_fu_6340_p2             |        or|   0|  0|    2|           1|           1|
    |or_ln83_fu_5847_p2               |        or|   0|  0|    2|           1|           1|
    |output_10_fu_5967_p3             |    select|   0|  0|   12|           1|          12|
    |output_11_fu_6015_p3             |    select|   0|  0|   12|           1|          12|
    |output_12_fu_6063_p3             |    select|   0|  0|   12|           1|          12|
    |output_13_fu_6111_p3             |    select|   0|  0|   12|           1|          12|
    |output_14_fu_6159_p3             |    select|   0|  0|   12|           1|          12|
    |output_8_fu_5853_p3              |    select|   0|  0|   12|           1|          12|
    |output_9_fu_5919_p3              |    select|   0|  0|   12|           1|          12|
    |output_fu_6346_p3                |    select|   0|  0|   12|           1|          12|
    |recent_count_fu_4288_p3          |    select|   0|  0|    8|           1|           7|
    |scan_budget_fu_4084_p3           |    select|   0|  0|    5|           1|           5|
    |select_ln296_1_fu_5388_p3        |    select|   0|  0|   23|           1|          23|
    |select_ln296_2_fu_5416_p3        |    select|   0|  0|   23|           1|          23|
    |select_ln296_3_fu_5444_p3        |    select|   0|  0|   23|           1|          23|
    |select_ln296_4_fu_5472_p3        |    select|   0|  0|   23|           1|          23|
    |select_ln296_5_fu_5500_p3        |    select|   0|  0|   23|           1|          23|
    |select_ln296_6_fu_5528_p3        |    select|   0|  0|   23|           1|          23|
    |select_ln296_7_fu_6212_p3        |    select|   0|  0|   23|           1|          23|
    |select_ln296_fu_5345_p3          |    select|   0|  0|   23|           1|          23|
    |select_ln83_10_fu_6097_p3        |    select|   0|  0|   12|           1|          11|
    |select_ln83_12_fu_6145_p3        |    select|   0|  0|   12|           1|          11|
    |select_ln83_14_fu_6332_p3        |    select|   0|  0|   12|           1|          11|
    |select_ln83_2_fu_5905_p3         |    select|   0|  0|   12|           1|          11|
    |select_ln83_4_fu_5953_p3         |    select|   0|  0|   12|           1|          11|
    |select_ln83_6_fu_6001_p3         |    select|   0|  0|   12|           1|          11|
    |select_ln83_8_fu_6049_p3         |    select|   0|  0|   12|           1|          11|
    |select_ln83_fu_5839_p3           |    select|   0|  0|   12|           1|          11|
    |checksum_8_fu_6740_p2            |       xor|   0|  0|   64|          64|          64|
    |checksum_9_fu_6838_p2            |       xor|   0|  0|   64|          64|          64|
    |xor_ln112_1_fu_6367_p2           |       xor|   0|  0|   64|          64|          64|
    |xor_ln112_2_fu_6474_p2           |       xor|   0|  0|   64|          64|          64|
    |xor_ln112_3_fu_6526_p2           |       xor|   0|  0|   64|          64|          64|
    |xor_ln112_4_fu_6578_p2           |       xor|   0|  0|   64|          64|          64|
    |xor_ln112_5_fu_6630_p2           |       xor|   0|  0|   64|          64|          64|
    |xor_ln112_6_fu_6682_p2           |       xor|   0|  0|   64|          64|          64|
    |xor_ln112_fu_6253_p2             |       xor|   0|  0|   64|          64|          64|
    |xor_ln149_fu_4198_p2             |       xor|   0|  0|    2|           1|           2|
    |xor_ln305_fu_6833_p2             |       xor|   0|  0|   64|          64|          64|
    +---------------------------------+----------+----+---+-----+------------+------------+
    |Total                            |          |   0|  0| 5874|        4655|        4281|
    +---------------------------------+----------+----+---+-----+------------+------------+

    * Multiplexer: 
    +--------------------------------------------+------+-----------+-----+-----------+
    |                    Name                    |  LUT | Input Size| Bits| Total Bits|
    +--------------------------------------------+------+-----------+-----+-----------+
    |ap_NS_fsm                                   |  2557|        486|    1|        486|
    |ap_done                                     |     9|          2|    1|          2|
    |cache_hits_fu_428                           |     9|          2|   64|        128|
    |cache_memory_1_address0                     |    54|         10|    4|         40|
    |cache_memory_1_address1                     |    49|          9|    4|         36|
    |cache_memory_1_ce0                          |    14|          3|    1|          3|
    |cache_memory_1_d0                           |    14|          3|   16|         48|
    |cache_memory_1_we0                          |    14|          3|    1|          3|
    |cache_memory_2_address0                     |    54|         10|    4|         40|
    |cache_memory_2_address1                     |    49|          9|    4|         36|
    |cache_memory_2_ce0                          |    14|          3|    1|          3|
    |cache_memory_2_d0                           |    14|          3|   16|         48|
    |cache_memory_2_we0                          |    14|          3|    1|          3|
    |cache_memory_3_address0                     |    54|         10|    4|         40|
    |cache_memory_3_address1                     |    49|          9|    4|         36|
    |cache_memory_3_ce0                          |    14|          3|    1|          3|
    |cache_memory_3_d0                           |    14|          3|   16|         48|
    |cache_memory_3_we0                          |    14|          3|    1|          3|
    |cache_memory_4_address0                     |    54|         10|    4|         40|
    |cache_memory_4_address1                     |    49|          9|    4|         36|
    |cache_memory_4_ce0                          |    14|          3|    1|          3|
    |cache_memory_4_d0                           |    14|          3|   16|         48|
    |cache_memory_4_we0                          |    14|          3|    1|          3|
    |cache_memory_5_address0                     |    54|         10|    4|         40|
    |cache_memory_5_address1                     |    49|          9|    4|         36|
    |cache_memory_5_ce0                          |    14|          3|    1|          3|
    |cache_memory_5_d0                           |    14|          3|   16|         48|
    |cache_memory_5_we0                          |    14|          3|    1|          3|
    |cache_memory_6_address0                     |    54|         10|    4|         40|
    |cache_memory_6_address1                     |    49|          9|    4|         36|
    |cache_memory_6_ce0                          |    14|          3|    1|          3|
    |cache_memory_6_d0                           |    14|          3|   16|         48|
    |cache_memory_6_we0                          |    14|          3|    1|          3|
    |cache_memory_7_address0                     |    54|         10|    4|         40|
    |cache_memory_7_address1                     |    49|          9|    4|         36|
    |cache_memory_7_ce0                          |    14|          3|    1|          3|
    |cache_memory_7_d0                           |    14|          3|   16|         48|
    |cache_memory_7_we0                          |    14|          3|    1|          3|
    |cache_memory_address0                       |    54|         10|    4|         40|
    |cache_memory_address1                       |    49|          9|    4|         36|
    |cache_memory_ce0                            |    14|          3|    1|          3|
    |cache_memory_d0                             |    14|          3|   16|         48|
    |cache_memory_we0                            |    14|          3|    1|          3|
    |cache_priority_10_fu_604                    |     9|          2|   32|         64|
    |cache_priority_11_fu_608                    |     9|          2|   32|         64|
    |cache_priority_12_fu_612                    |     9|          2|   32|         64|
    |cache_priority_13_fu_616                    |     9|          2|   32|         64|
    |cache_priority_14_fu_620                    |     9|          2|   32|         64|
    |cache_priority_15_fu_624                    |     9|          2|   32|         64|
    |cache_priority_1_fu_568                     |     9|          2|   32|         64|
    |cache_priority_2_fu_572                     |     9|          2|   32|         64|
    |cache_priority_3_fu_576                     |     9|          2|   32|         64|
    |cache_priority_4_fu_580                     |     9|          2|   32|         64|
    |cache_priority_5_fu_584                     |     9|          2|   32|         64|
    |cache_priority_6_fu_588                     |     9|          2|   32|         64|
    |cache_priority_7_fu_592                     |     9|          2|   32|         64|
    |cache_priority_8_fu_596                     |     9|          2|   32|         64|
    |cache_priority_9_fu_600                     |     9|          2|   32|         64|
    |cache_priority_fu_564                       |     9|          2|   32|         64|
    |cache_valid_10_fu_476                       |     9|          2|    1|          2|
    |cache_valid_11_fu_480                       |     9|          2|    1|          2|
    |cache_valid_12_fu_484                       |     9|          2|    1|          2|
    |cache_valid_13_fu_488                       |     9|          2|    1|          2|
    |cache_valid_14_fu_492                       |     9|          2|    1|          2|
    |cache_valid_15_fu_496                       |     9|          2|    1|          2|
    |cache_valid_1_fu_440                        |     9|          2|    1|          2|
    |cache_valid_2_fu_444                        |     9|          2|    1|          2|
    |cache_valid_3_fu_448                        |     9|          2|    1|          2|
    |cache_valid_4_fu_452                        |     9|          2|    1|          2|
    |cache_valid_5_fu_456                        |     9|          2|    1|          2|
    |cache_valid_6_fu_460                        |     9|          2|    1|          2|
    |cache_valid_7_fu_464                        |     9|          2|    1|          2|
    |cache_valid_8_fu_468                        |     9|          2|    1|          2|
    |cache_valid_9_fu_472                        |     9|          2|    1|          2|
    |cache_valid_fu_436                          |     9|          2|    1|          2|
    |cache_vertex_10_fu_540                      |     9|          2|   32|         64|
    |cache_vertex_11_fu_544                      |     9|          2|   32|         64|
    |cache_vertex_12_fu_548                      |     9|          2|   32|         64|
    |cache_vertex_13_fu_552                      |     9|          2|   32|         64|
    |cache_vertex_14_fu_556                      |     9|          2|   32|         64|
    |cache_vertex_15_fu_560                      |     9|          2|   32|         64|
    |cache_vertex_1_fu_504                       |     9|          2|   32|         64|
    |cache_vertex_2_fu_508                       |     9|          2|   32|         64|
    |cache_vertex_3_fu_512                       |     9|          2|   32|         64|
    |cache_vertex_4_fu_516                       |     9|          2|   32|         64|
    |cache_vertex_5_fu_520                       |     9|          2|   32|         64|
    |cache_vertex_6_fu_524                       |     9|          2|   32|         64|
    |cache_vertex_7_fu_528                       |     9|          2|   32|         64|
    |cache_vertex_8_fu_532                       |     9|          2|   32|         64|
    |cache_vertex_9_fu_536                       |     9|          2|   32|         64|
    |cache_vertex_fu_500                         |     9|          2|   32|         64|
    |checksum_fu_432                             |    14|          3|   64|        192|
    |cond32099699710001003100810131020_reg_2999  |     9|          2|   32|         64|
    |cond320_19989991004100710141019_reg_3010    |     9|          2|   32|         64|
    |cond320_210011002100910121021_reg_2988      |     9|          2|   32|         64|
    |cond320_31005100610151018_reg_3021          |     9|          2|   32|         64|
    |cond320_4101010111022_reg_2977              |     9|          2|   32|         64|
    |cond320_510161017_reg_3032                  |     9|          2|   32|         64|
    |cond320_61023_reg_2966                      |     9|          2|   32|         64|
    |gmem0_blk_n_AR                              |     9|          2|    1|          2|
    |gmem0_blk_n_R                               |     9|          2|    1|          2|
    |gmem10_ARADDR                               |    26|          5|   64|        320|
    |gmem10_blk_n_AR                             |     9|          2|    1|          2|
    |gmem10_blk_n_R                              |     9|          2|    1|          2|
    |gmem11_blk_n_AW                             |     9|          2|    1|          2|
    |gmem11_blk_n_B                              |     9|          2|    1|          2|
    |gmem11_blk_n_W                              |     9|          2|    1|          2|
    |gmem12_AWADDR                               |    20|          4|   64|        256|
    |gmem12_AWLEN                                |    14|          3|   32|         96|
    |gmem12_AWVALID                              |    14|          3|    1|          3|
    |gmem12_BREADY                               |    14|          3|    1|          3|
    |gmem12_WDATA                                |    20|          4|  512|       2048|
    |gmem12_WSTRB                                |    14|          3|   64|        192|
    |gmem12_WVALID                               |    14|          3|    1|          3|
    |gmem12_blk_n_AW                             |     9|          2|    1|          2|
    |gmem12_blk_n_B                              |     9|          2|    1|          2|
    |gmem12_blk_n_W                              |     9|          2|    1|          2|
    |gmem1_blk_n_AR                              |     9|          2|    1|          2|
    |gmem1_blk_n_R                               |     9|          2|    1|          2|
    |gmem2_ARVALID                               |     9|          2|    1|          2|
    |gmem2_RREADY                                |     9|          2|    1|          2|
    |gmem3_ARADDR                                |    14|          3|   64|        192|
    |gmem3_ARLEN                                 |    14|          3|   32|         96|
    |gmem3_ARVALID                               |    14|          3|    1|          3|
    |gmem3_RREADY                                |    14|          3|    1|          3|
    |gmem3_blk_n_AR                              |     9|          2|    1|          2|
    |gmem3_blk_n_R                               |     9|          2|    1|          2|
    |gmem4_ARVALID                               |     9|          2|    1|          2|
    |gmem4_RREADY                                |     9|          2|    1|          2|
    |gmem5_ARVALID                               |     9|          2|    1|          2|
    |gmem5_RREADY                                |     9|          2|    1|          2|
    |gmem6_blk_n_AR                              |     9|          2|    1|          2|
    |gmem6_blk_n_R                               |     9|          2|    1|          2|
    |gmem7_blk_n_AR                              |     9|          2|    1|          2|
    |gmem7_blk_n_R                               |     9|          2|    1|          2|
    |gmem8_ARADDR                                |    14|          3|   64|        192|
    |gmem8_ARLEN                                 |    14|          3|   32|         96|
    |gmem8_ARVALID                               |    14|          3|    1|          3|
    |gmem8_RREADY                                |    14|          3|    1|          3|
    |gmem8_blk_n_AR                              |     9|          2|    1|          2|
    |gmem8_blk_n_R                               |     9|          2|    1|          2|
    |gmem9_ARVALID                               |     9|          2|    1|          2|
    |gmem9_RREADY                                |     9|          2|    1|          2|
    |invalid_inputs_fu_412                       |     9|          2|   64|        128|
    |message_7_reg_3043                          |     9|          2|   32|         64|
    |recent_event_idx_address0                   |    14|          3|    6|         18|
    |recent_event_idx_ce0                        |    14|          3|    1|          3|
    |recent_event_idx_we0                        |     9|          2|    1|          2|
    |recent_peer_address0                        |    14|          3|    6|         18|
    |recent_peer_ce0                             |    14|          3|    1|          3|
    |recent_peer_we0                             |     9|          2|    1|          2|
    |reused_total_fu_424                         |     9|          2|   64|        128|
    |scanned_total_fu_416                        |     9|          2|   64|        128|
    |selected_feature_10_address0                |    14|          3|    3|          9|
    |selected_feature_10_ce0                     |    14|          3|    1|          3|
    |selected_feature_10_ce1                     |     9|          2|    1|          2|
    |selected_feature_10_we0                     |     9|          2|    1|          2|
    |selected_feature_11_address0                |    14|          3|    3|          9|
    |selected_feature_11_ce0                     |    14|          3|    1|          3|
    |selected_feature_11_ce1                     |     9|          2|    1|          2|
    |selected_feature_11_we0                     |     9|          2|    1|          2|
    |selected_feature_12_address0                |    14|          3|    3|          9|
    |selected_feature_12_ce0                     |    14|          3|    1|          3|
    |selected_feature_12_ce1                     |     9|          2|    1|          2|
    |selected_feature_12_we0                     |     9|          2|    1|          2|
    |selected_feature_13_address0                |    14|          3|    3|          9|
    |selected_feature_13_ce0                     |    14|          3|    1|          3|
    |selected_feature_13_ce1                     |     9|          2|    1|          2|
    |selected_feature_13_we0                     |     9|          2|    1|          2|
    |selected_feature_14_address0                |    14|          3|    3|          9|
    |selected_feature_14_ce0                     |    14|          3|    1|          3|
    |selected_feature_14_ce1                     |     9|          2|    1|          2|
    |selected_feature_14_we0                     |     9|          2|    1|          2|
    |selected_feature_15_address0                |    14|          3|    3|          9|
    |selected_feature_15_ce0                     |    14|          3|    1|          3|
    |selected_feature_15_ce1                     |     9|          2|    1|          2|
    |selected_feature_15_we0                     |     9|          2|    1|          2|
    |selected_feature_16_address0                |    14|          3|    3|          9|
    |selected_feature_16_ce0                     |    14|          3|    1|          3|
    |selected_feature_16_ce1                     |     9|          2|    1|          2|
    |selected_feature_16_we0                     |     9|          2|    1|          2|
    |selected_feature_17_address0                |    14|          3|    3|          9|
    |selected_feature_17_ce0                     |    14|          3|    1|          3|
    |selected_feature_17_ce1                     |     9|          2|    1|          2|
    |selected_feature_17_we0                     |     9|          2|    1|          2|
    |selected_feature_18_address0                |    14|          3|    3|          9|
    |selected_feature_18_ce0                     |    14|          3|    1|          3|
    |selected_feature_18_ce1                     |     9|          2|    1|          2|
    |selected_feature_18_we0                     |     9|          2|    1|          2|
    |selected_feature_19_address0                |    14|          3|    3|          9|
    |selected_feature_19_ce0                     |    14|          3|    1|          3|
    |selected_feature_19_ce1                     |     9|          2|    1|          2|
    |selected_feature_19_we0                     |     9|          2|    1|          2|
    |selected_feature_1_address0                 |    14|          3|    3|          9|
    |selected_feature_1_ce0                      |    14|          3|    1|          3|
    |selected_feature_1_ce1                      |     9|          2|    1|          2|
    |selected_feature_1_we0                      |     9|          2|    1|          2|
    |selected_feature_20_address0                |    14|          3|    3|          9|
    |selected_feature_20_ce0                     |    14|          3|    1|          3|
    |selected_feature_20_ce1                     |     9|          2|    1|          2|
    |selected_feature_20_we0                     |     9|          2|    1|          2|
    |selected_feature_21_address0                |    14|          3|    3|          9|
    |selected_feature_21_ce0                     |    14|          3|    1|          3|
    |selected_feature_21_ce1                     |     9|          2|    1|          2|
    |selected_feature_21_we0                     |     9|          2|    1|          2|
    |selected_feature_22_address0                |    14|          3|    3|          9|
    |selected_feature_22_ce0                     |    14|          3|    1|          3|
    |selected_feature_22_ce1                     |     9|          2|    1|          2|
    |selected_feature_22_we0                     |     9|          2|    1|          2|
    |selected_feature_23_address0                |    14|          3|    3|          9|
    |selected_feature_23_ce0                     |    14|          3|    1|          3|
    |selected_feature_23_ce1                     |     9|          2|    1|          2|
    |selected_feature_23_we0                     |     9|          2|    1|          2|
    |selected_feature_24_address0                |    14|          3|    3|          9|
    |selected_feature_24_ce0                     |    14|          3|    1|          3|
    |selected_feature_24_ce1                     |     9|          2|    1|          2|
    |selected_feature_24_we0                     |     9|          2|    1|          2|
    |selected_feature_25_address0                |    14|          3|    3|          9|
    |selected_feature_25_ce0                     |    14|          3|    1|          3|
    |selected_feature_25_ce1                     |     9|          2|    1|          2|
    |selected_feature_25_we0                     |     9|          2|    1|          2|
    |selected_feature_26_address0                |    14|          3|    3|          9|
    |selected_feature_26_ce0                     |    14|          3|    1|          3|
    |selected_feature_26_ce1                     |     9|          2|    1|          2|
    |selected_feature_26_we0                     |     9|          2|    1|          2|
    |selected_feature_27_address0                |    14|          3|    3|          9|
    |selected_feature_27_ce0                     |    14|          3|    1|          3|
    |selected_feature_27_ce1                     |     9|          2|    1|          2|
    |selected_feature_27_we0                     |     9|          2|    1|          2|
    |selected_feature_28_address0                |    14|          3|    3|          9|
    |selected_feature_28_ce0                     |    14|          3|    1|          3|
    |selected_feature_28_ce1                     |     9|          2|    1|          2|
    |selected_feature_28_we0                     |     9|          2|    1|          2|
    |selected_feature_29_address0                |    14|          3|    3|          9|
    |selected_feature_29_ce0                     |    14|          3|    1|          3|
    |selected_feature_29_ce1                     |     9|          2|    1|          2|
    |selected_feature_29_we0                     |     9|          2|    1|          2|
    |selected_feature_2_address0                 |    14|          3|    3|          9|
    |selected_feature_2_ce0                      |    14|          3|    1|          3|
    |selected_feature_2_ce1                      |     9|          2|    1|          2|
    |selected_feature_2_we0                      |     9|          2|    1|          2|
    |selected_feature_30_address0                |    14|          3|    3|          9|
    |selected_feature_30_ce0                     |    14|          3|    1|          3|
    |selected_feature_30_ce1                     |     9|          2|    1|          2|
    |selected_feature_30_we0                     |     9|          2|    1|          2|
    |selected_feature_31_address0                |    14|          3|    3|          9|
    |selected_feature_31_ce0                     |    14|          3|    1|          3|
    |selected_feature_31_ce1                     |     9|          2|    1|          2|
    |selected_feature_31_we0                     |     9|          2|    1|          2|
    |selected_feature_3_address0                 |    14|          3|    3|          9|
    |selected_feature_3_ce0                      |    14|          3|    1|          3|
    |selected_feature_3_ce1                      |     9|          2|    1|          2|
    |selected_feature_3_we0                      |     9|          2|    1|          2|
    |selected_feature_4_address0                 |    14|          3|    3|          9|
    |selected_feature_4_ce0                      |    14|          3|    1|          3|
    |selected_feature_4_ce1                      |     9|          2|    1|          2|
    |selected_feature_4_we0                      |     9|          2|    1|          2|
    |selected_feature_5_address0                 |    14|          3|    3|          9|
    |selected_feature_5_ce0                      |    14|          3|    1|          3|
    |selected_feature_5_ce1                      |     9|          2|    1|          2|
    |selected_feature_5_we0                      |     9|          2|    1|          2|
    |selected_feature_6_address0                 |    14|          3|    3|          9|
    |selected_feature_6_ce0                      |    14|          3|    1|          3|
    |selected_feature_6_ce1                      |     9|          2|    1|          2|
    |selected_feature_6_we0                      |     9|          2|    1|          2|
    |selected_feature_7_address0                 |    14|          3|    3|          9|
    |selected_feature_7_ce0                      |    14|          3|    1|          3|
    |selected_feature_7_ce1                      |     9|          2|    1|          2|
    |selected_feature_7_we0                      |     9|          2|    1|          2|
    |selected_feature_8_address0                 |    14|          3|    3|          9|
    |selected_feature_8_ce0                      |    14|          3|    1|          3|
    |selected_feature_8_ce1                      |     9|          2|    1|          2|
    |selected_feature_8_we0                      |     9|          2|    1|          2|
    |selected_feature_9_address0                 |    14|          3|    3|          9|
    |selected_feature_9_ce0                      |    14|          3|    1|          3|
    |selected_feature_9_ce1                      |     9|          2|    1|          2|
    |selected_feature_9_we0                      |     9|          2|    1|          2|
    |selected_feature_address0                   |    14|          3|    3|          9|
    |selected_feature_ce0                        |    14|          3|    1|          3|
    |selected_feature_ce1                        |     9|          2|    1|          2|
    |selected_feature_we0                        |     9|          2|    1|          2|
    |selected_memory_10_address0                 |    14|          3|    3|          9|
    |selected_memory_10_ce0                      |    14|          3|    1|          3|
    |selected_memory_10_ce1                      |     9|          2|    1|          2|
    |selected_memory_10_we0                      |     9|          2|    1|          2|
    |selected_memory_11_address0                 |    14|          3|    3|          9|
    |selected_memory_11_ce0                      |    14|          3|    1|          3|
    |selected_memory_11_ce1                      |     9|          2|    1|          2|
    |selected_memory_11_we0                      |     9|          2|    1|          2|
    |selected_memory_12_address0                 |    14|          3|    3|          9|
    |selected_memory_12_ce0                      |    14|          3|    1|          3|
    |selected_memory_12_ce1                      |     9|          2|    1|          2|
    |selected_memory_12_we0                      |     9|          2|    1|          2|
    |selected_memory_13_address0                 |    14|          3|    3|          9|
    |selected_memory_13_ce0                      |    14|          3|    1|          3|
    |selected_memory_13_ce1                      |     9|          2|    1|          2|
    |selected_memory_13_we0                      |     9|          2|    1|          2|
    |selected_memory_14_address0                 |    14|          3|    3|          9|
    |selected_memory_14_ce0                      |    14|          3|    1|          3|
    |selected_memory_14_ce1                      |     9|          2|    1|          2|
    |selected_memory_14_we0                      |     9|          2|    1|          2|
    |selected_memory_15_address0                 |    14|          3|    3|          9|
    |selected_memory_15_ce0                      |    14|          3|    1|          3|
    |selected_memory_15_ce1                      |     9|          2|    1|          2|
    |selected_memory_15_we0                      |     9|          2|    1|          2|
    |selected_memory_16_address0                 |    14|          3|    3|          9|
    |selected_memory_16_ce0                      |    14|          3|    1|          3|
    |selected_memory_16_ce1                      |     9|          2|    1|          2|
    |selected_memory_16_we0                      |     9|          2|    1|          2|
    |selected_memory_17_address0                 |    14|          3|    3|          9|
    |selected_memory_17_ce0                      |    14|          3|    1|          3|
    |selected_memory_17_ce1                      |     9|          2|    1|          2|
    |selected_memory_17_we0                      |     9|          2|    1|          2|
    |selected_memory_18_address0                 |    14|          3|    3|          9|
    |selected_memory_18_ce0                      |    14|          3|    1|          3|
    |selected_memory_18_ce1                      |     9|          2|    1|          2|
    |selected_memory_18_we0                      |     9|          2|    1|          2|
    |selected_memory_19_address0                 |    14|          3|    3|          9|
    |selected_memory_19_ce0                      |    14|          3|    1|          3|
    |selected_memory_19_ce1                      |     9|          2|    1|          2|
    |selected_memory_19_we0                      |     9|          2|    1|          2|
    |selected_memory_1_address0                  |    14|          3|    3|          9|
    |selected_memory_1_ce0                       |    14|          3|    1|          3|
    |selected_memory_1_ce1                       |     9|          2|    1|          2|
    |selected_memory_1_we0                       |     9|          2|    1|          2|
    |selected_memory_20_address0                 |    14|          3|    3|          9|
    |selected_memory_20_ce0                      |    14|          3|    1|          3|
    |selected_memory_20_ce1                      |     9|          2|    1|          2|
    |selected_memory_20_we0                      |     9|          2|    1|          2|
    |selected_memory_21_address0                 |    14|          3|    3|          9|
    |selected_memory_21_ce0                      |    14|          3|    1|          3|
    |selected_memory_21_ce1                      |     9|          2|    1|          2|
    |selected_memory_21_we0                      |     9|          2|    1|          2|
    |selected_memory_22_address0                 |    14|          3|    3|          9|
    |selected_memory_22_ce0                      |    14|          3|    1|          3|
    |selected_memory_22_ce1                      |     9|          2|    1|          2|
    |selected_memory_22_we0                      |     9|          2|    1|          2|
    |selected_memory_23_address0                 |    14|          3|    3|          9|
    |selected_memory_23_ce0                      |    14|          3|    1|          3|
    |selected_memory_23_ce1                      |     9|          2|    1|          2|
    |selected_memory_23_we0                      |     9|          2|    1|          2|
    |selected_memory_24_address0                 |    14|          3|    3|          9|
    |selected_memory_24_ce0                      |    14|          3|    1|          3|
    |selected_memory_24_ce1                      |     9|          2|    1|          2|
    |selected_memory_24_we0                      |     9|          2|    1|          2|
    |selected_memory_25_address0                 |    14|          3|    3|          9|
    |selected_memory_25_ce0                      |    14|          3|    1|          3|
    |selected_memory_25_ce1                      |     9|          2|    1|          2|
    |selected_memory_25_we0                      |     9|          2|    1|          2|
    |selected_memory_26_address0                 |    14|          3|    3|          9|
    |selected_memory_26_ce0                      |    14|          3|    1|          3|
    |selected_memory_26_ce1                      |     9|          2|    1|          2|
    |selected_memory_26_we0                      |     9|          2|    1|          2|
    |selected_memory_27_address0                 |    14|          3|    3|          9|
    |selected_memory_27_ce0                      |    14|          3|    1|          3|
    |selected_memory_27_ce1                      |     9|          2|    1|          2|
    |selected_memory_27_we0                      |     9|          2|    1|          2|
    |selected_memory_28_address0                 |    14|          3|    3|          9|
    |selected_memory_28_ce0                      |    14|          3|    1|          3|
    |selected_memory_28_ce1                      |     9|          2|    1|          2|
    |selected_memory_28_we0                      |     9|          2|    1|          2|
    |selected_memory_29_address0                 |    14|          3|    3|          9|
    |selected_memory_29_ce0                      |    14|          3|    1|          3|
    |selected_memory_29_ce1                      |     9|          2|    1|          2|
    |selected_memory_29_we0                      |     9|          2|    1|          2|
    |selected_memory_2_address0                  |    14|          3|    3|          9|
    |selected_memory_2_ce0                       |    14|          3|    1|          3|
    |selected_memory_2_ce1                       |     9|          2|    1|          2|
    |selected_memory_2_we0                       |     9|          2|    1|          2|
    |selected_memory_30_address0                 |    14|          3|    3|          9|
    |selected_memory_30_ce0                      |    14|          3|    1|          3|
    |selected_memory_30_ce1                      |     9|          2|    1|          2|
    |selected_memory_30_we0                      |     9|          2|    1|          2|
    |selected_memory_31_address0                 |    14|          3|    3|          9|
    |selected_memory_31_ce0                      |    14|          3|    1|          3|
    |selected_memory_31_ce1                      |     9|          2|    1|          2|
    |selected_memory_31_we0                      |     9|          2|    1|          2|
    |selected_memory_3_address0                  |    14|          3|    3|          9|
    |selected_memory_3_ce0                       |    14|          3|    1|          3|
    |selected_memory_3_ce1                       |     9|          2|    1|          2|
    |selected_memory_3_we0                       |     9|          2|    1|          2|
    |selected_memory_4_address0                  |    14|          3|    3|          9|
    |selected_memory_4_ce0                       |    14|          3|    1|          3|
    |selected_memory_4_ce1                       |     9|          2|    1|          2|
    |selected_memory_4_we0                       |     9|          2|    1|          2|
    |selected_memory_5_address0                  |    14|          3|    3|          9|
    |selected_memory_5_ce0                       |    14|          3|    1|          3|
    |selected_memory_5_ce1                       |     9|          2|    1|          2|
    |selected_memory_5_we0                       |     9|          2|    1|          2|
    |selected_memory_6_address0                  |    14|          3|    3|          9|
    |selected_memory_6_ce0                       |    14|          3|    1|          3|
    |selected_memory_6_ce1                       |     9|          2|    1|          2|
    |selected_memory_6_we0                       |     9|          2|    1|          2|
    |selected_memory_7_address0                  |    14|          3|    3|          9|
    |selected_memory_7_ce0                       |    14|          3|    1|          3|
    |selected_memory_7_ce1                       |     9|          2|    1|          2|
    |selected_memory_7_we0                       |     9|          2|    1|          2|
    |selected_memory_8_address0                  |    14|          3|    3|          9|
    |selected_memory_8_ce0                       |    14|          3|    1|          3|
    |selected_memory_8_ce1                       |     9|          2|    1|          2|
    |selected_memory_8_we0                       |     9|          2|    1|          2|
    |selected_memory_9_address0                  |    14|          3|    3|          9|
    |selected_memory_9_ce0                       |    14|          3|    1|          3|
    |selected_memory_9_ce1                       |     9|          2|    1|          2|
    |selected_memory_9_we0                       |     9|          2|    1|          2|
    |selected_memory_address0                    |    14|          3|    3|          9|
    |selected_memory_ce0                         |    14|          3|    1|          3|
    |selected_memory_ce1                         |     9|          2|    1|          2|
    |selected_memory_we0                         |     9|          2|    1|          2|
    |selected_total_fu_420                       |     9|          2|   64|        128|
    |target_fu_408                               |     9|          2|   32|         64|
    |visited_tag_address0                        |    14|          3|   10|         30|
    |visited_tag_ce0                             |    14|          3|    1|          3|
    |visited_tag_d0                              |    14|          3|   32|         96|
    |visited_tag_we0                             |    14|          3|    1|          3|
    +--------------------------------------------+------+-----------+-----+-----------+
    |Total                                       |  7872|       1615| 3329|       9783|
    +--------------------------------------------+------+-----------+-----+-----------+

    * Register: 
    +-------------------------------------------------------------------------------+-----+----+-----+-----------+
    |                                      Name                                     |  FF | LUT| Bits| Const Bits|
    +-------------------------------------------------------------------------------+-----+----+-----+-----------+
    |add_ln112_11_reg_9534                                                          |   64|   0|   64|          0|
    |add_ln112_14_reg_9544                                                          |   64|   0|   64|          0|
    |add_ln112_17_reg_9554                                                          |   64|   0|   64|          0|
    |add_ln112_1_reg_9442                                                           |   64|   0|   64|          0|
    |add_ln112_20_reg_9564                                                          |   64|   0|   64|          0|
    |add_ln112_5_reg_9502                                                           |   64|   0|   64|          0|
    |add_ln112_8_reg_9524                                                           |   64|   0|   64|          0|
    |add_ln120_reg_8580                                                             |   64|   0|   64|          0|
    |add_ln145_reg_8544                                                             |   32|   0|   32|          0|
    |add_ln296_14_reg_9482                                                          |   24|   0|   24|          0|
    |ap_CS_fsm                                                                      |  485|   0|  485|          0|
    |ap_done_reg                                                                    |    1|   0|    1|          0|
    |ap_rst_n_inv                                                                   |    1|   0|    1|          0|
    |ap_rst_reg_1                                                                   |    1|   0|    1|          0|
    |ap_rst_reg_2                                                                   |    1|   0|    1|          0|
    |before_event_reg_8556                                                          |   32|   0|   32|          0|
    |begin_reg_8600                                                                 |   32|   0|   32|          0|
    |cache_hits_1_loc_fu_660                                                        |   64|   0|   64|          0|
    |cache_hits_fu_428                                                              |   64|   0|   64|          0|
    |cache_hits_load_reg_8632                                                       |   64|   0|   64|          0|
    |cache_priority_10_fu_604                                                       |   32|   0|   32|          0|
    |cache_priority_11_fu_608                                                       |   32|   0|   32|          0|
    |cache_priority_12_fu_612                                                       |   32|   0|   32|          0|
    |cache_priority_13_fu_616                                                       |   32|   0|   32|          0|
    |cache_priority_14_fu_620                                                       |   32|   0|   32|          0|
    |cache_priority_15_fu_624                                                       |   32|   0|   32|          0|
    |cache_priority_16_loc_fu_792                                                   |   32|   0|   32|          0|
    |cache_priority_17_loc_fu_796                                                   |   32|   0|   32|          0|
    |cache_priority_18_loc_fu_800                                                   |   32|   0|   32|          0|
    |cache_priority_19_loc_fu_804                                                   |   32|   0|   32|          0|
    |cache_priority_1_fu_568                                                        |   32|   0|   32|          0|
    |cache_priority_20_loc_fu_808                                                   |   32|   0|   32|          0|
    |cache_priority_21_loc_fu_812                                                   |   32|   0|   32|          0|
    |cache_priority_22_loc_fu_816                                                   |   32|   0|   32|          0|
    |cache_priority_23_loc_fu_820                                                   |   32|   0|   32|          0|
    |cache_priority_24_loc_fu_824                                                   |   32|   0|   32|          0|
    |cache_priority_25_loc_fu_828                                                   |   32|   0|   32|          0|
    |cache_priority_26_loc_fu_832                                                   |   32|   0|   32|          0|
    |cache_priority_27_loc_fu_836                                                   |   32|   0|   32|          0|
    |cache_priority_28_loc_fu_840                                                   |   32|   0|   32|          0|
    |cache_priority_29_loc_fu_844                                                   |   32|   0|   32|          0|
    |cache_priority_2_fu_572                                                        |   32|   0|   32|          0|
    |cache_priority_30_loc_fu_848                                                   |   32|   0|   32|          0|
    |cache_priority_31_loc_fu_852                                                   |   32|   0|   32|          0|
    |cache_priority_3_fu_576                                                        |   32|   0|   32|          0|
    |cache_priority_4_fu_580                                                        |   32|   0|   32|          0|
    |cache_priority_5_fu_584                                                        |   32|   0|   32|          0|
    |cache_priority_6_fu_588                                                        |   32|   0|   32|          0|
    |cache_priority_7_fu_592                                                        |   32|   0|   32|          0|
    |cache_priority_8_fu_596                                                        |   32|   0|   32|          0|
    |cache_priority_9_fu_600                                                        |   32|   0|   32|          0|
    |cache_priority_fu_564                                                          |   32|   0|   32|          0|
    |cache_valid_10_fu_476                                                          |    1|   0|    1|          0|
    |cache_valid_11_fu_480                                                          |    1|   0|    1|          0|
    |cache_valid_12_fu_484                                                          |    1|   0|    1|          0|
    |cache_valid_13_fu_488                                                          |    1|   0|    1|          0|
    |cache_valid_14_fu_492                                                          |    1|   0|    1|          0|
    |cache_valid_15_fu_496                                                          |    1|   0|    1|          0|
    |cache_valid_16_loc_fu_664                                                      |    1|   0|    1|          0|
    |cache_valid_17_loc_fu_668                                                      |    1|   0|    1|          0|
    |cache_valid_18_loc_fu_672                                                      |    1|   0|    1|          0|
    |cache_valid_19_loc_fu_676                                                      |    1|   0|    1|          0|
    |cache_valid_1_fu_440                                                           |    1|   0|    1|          0|
    |cache_valid_20_loc_fu_680                                                      |    1|   0|    1|          0|
    |cache_valid_21_loc_fu_684                                                      |    1|   0|    1|          0|
    |cache_valid_22_loc_fu_688                                                      |    1|   0|    1|          0|
    |cache_valid_23_loc_fu_692                                                      |    1|   0|    1|          0|
    |cache_valid_24_loc_fu_696                                                      |    1|   0|    1|          0|
    |cache_valid_25_loc_fu_700                                                      |    1|   0|    1|          0|
    |cache_valid_26_loc_fu_704                                                      |    1|   0|    1|          0|
    |cache_valid_27_loc_fu_708                                                      |    1|   0|    1|          0|
    |cache_valid_28_loc_fu_712                                                      |    1|   0|    1|          0|
    |cache_valid_29_loc_fu_716                                                      |    1|   0|    1|          0|
    |cache_valid_2_fu_444                                                           |    1|   0|    1|          0|
    |cache_valid_30_loc_fu_720                                                      |    1|   0|    1|          0|
    |cache_valid_31_loc_fu_724                                                      |    1|   0|    1|          0|
    |cache_valid_3_fu_448                                                           |    1|   0|    1|          0|
    |cache_valid_4_fu_452                                                           |    1|   0|    1|          0|
    |cache_valid_5_fu_456                                                           |    1|   0|    1|          0|
    |cache_valid_6_fu_460                                                           |    1|   0|    1|          0|
    |cache_valid_7_fu_464                                                           |    1|   0|    1|          0|
    |cache_valid_8_fu_468                                                           |    1|   0|    1|          0|
    |cache_valid_9_fu_472                                                           |    1|   0|    1|          0|
    |cache_valid_fu_436                                                             |    1|   0|    1|          0|
    |cache_vertex_10_fu_540                                                         |   32|   0|   32|          0|
    |cache_vertex_11_fu_544                                                         |   32|   0|   32|          0|
    |cache_vertex_12_fu_548                                                         |   32|   0|   32|          0|
    |cache_vertex_13_fu_552                                                         |   32|   0|   32|          0|
    |cache_vertex_14_fu_556                                                         |   32|   0|   32|          0|
    |cache_vertex_15_fu_560                                                         |   32|   0|   32|          0|
    |cache_vertex_16_loc_fu_728                                                     |   32|   0|   32|          0|
    |cache_vertex_17_loc_fu_732                                                     |   32|   0|   32|          0|
    |cache_vertex_18_loc_fu_736                                                     |   32|   0|   32|          0|
    |cache_vertex_19_loc_fu_740                                                     |   32|   0|   32|          0|
    |cache_vertex_1_fu_504                                                          |   32|   0|   32|          0|
    |cache_vertex_20_loc_fu_744                                                     |   32|   0|   32|          0|
    |cache_vertex_21_loc_fu_748                                                     |   32|   0|   32|          0|
    |cache_vertex_22_loc_fu_752                                                     |   32|   0|   32|          0|
    |cache_vertex_23_loc_fu_756                                                     |   32|   0|   32|          0|
    |cache_vertex_24_loc_fu_760                                                     |   32|   0|   32|          0|
    |cache_vertex_25_loc_fu_764                                                     |   32|   0|   32|          0|
    |cache_vertex_26_loc_fu_768                                                     |   32|   0|   32|          0|
    |cache_vertex_27_loc_fu_772                                                     |   32|   0|   32|          0|
    |cache_vertex_28_loc_fu_776                                                     |   32|   0|   32|          0|
    |cache_vertex_29_loc_fu_780                                                     |   32|   0|   32|          0|
    |cache_vertex_2_fu_508                                                          |   32|   0|   32|          0|
    |cache_vertex_30_loc_fu_784                                                     |   32|   0|   32|          0|
    |cache_vertex_31_loc_fu_788                                                     |   32|   0|   32|          0|
    |cache_vertex_3_fu_512                                                          |   32|   0|   32|          0|
    |cache_vertex_4_fu_516                                                          |   32|   0|   32|          0|
    |cache_vertex_5_fu_520                                                          |   32|   0|   32|          0|
    |cache_vertex_6_fu_524                                                          |   32|   0|   32|          0|
    |cache_vertex_7_fu_528                                                          |   32|   0|   32|          0|
    |cache_vertex_8_fu_532                                                          |   32|   0|   32|          0|
    |cache_vertex_9_fu_536                                                          |   32|   0|   32|          0|
    |cache_vertex_fu_500                                                            |   32|   0|   32|          0|
    |checksum_8_reg_9569                                                            |   64|   0|   64|          0|
    |checksum_fu_432                                                                |   64|   0|   64|          0|
    |cmp313_reg_9302                                                                |    1|   0|    1|          0|
    |cond32099699710001003100810131020_reg_2999                                     |   32|   0|   32|          0|
    |cond320_19989991004100710141019_reg_3010                                       |   32|   0|   32|          0|
    |cond320_210011002100910121021_reg_2988                                         |   32|   0|   32|          0|
    |cond320_31005100610151018_reg_3021                                             |   32|   0|   32|          0|
    |cond320_4101010111022_reg_2977                                                 |   32|   0|   32|          0|
    |cond320_510161017_reg_3032                                                     |   32|   0|   32|          0|
    |cond320_61023_reg_2966                                                         |   32|   0|   32|          0|
    |conv324_1_reg_8467                                                             |   32|   0|   32|          0|
    |conv324_2_reg_8477                                                             |   32|   0|   32|          0|
    |conv324_3_reg_8487                                                             |   32|   0|   32|          0|
    |conv324_4_reg_8497                                                             |   32|   0|   32|          0|
    |conv324_5_reg_8507                                                             |   32|   0|   32|          0|
    |conv324_6_reg_8517                                                             |   32|   0|   32|          0|
    |conv324_7_reg_8527                                                             |   32|   0|   32|          0|
    |conv324_reg_8457                                                               |   32|   0|   32|          0|
    |conv330_1_reg_8472                                                             |   32|   0|   32|          0|
    |conv330_2_reg_8482                                                             |   32|   0|   32|          0|
    |conv330_3_reg_8492                                                             |   32|   0|   32|          0|
    |conv330_4_reg_8502                                                             |   32|   0|   32|          0|
    |conv330_5_reg_8512                                                             |   32|   0|   32|          0|
    |conv330_6_reg_8522                                                             |   32|   0|   32|          0|
    |conv330_reg_8462                                                               |   32|   0|   32|          0|
    |embedding_out_read_reg_7304                                                    |   64|   0|   64|          0|
    |empty_124_reg_8595                                                             |   29|   0|   29|          0|
    |end_reg_8605                                                                   |   32|   0|   32|          0|
    |event_dst_read_reg_7350                                                        |   64|   0|   64|          0|
    |event_features_read_reg_7309                                                   |   64|   0|   64|          0|
    |event_src_read_reg_7355                                                        |   64|   0|   64|          0|
    |event_ts_read_reg_7345                                                         |   64|   0|   64|          0|
    |gmem0_addr_read_reg_9587                                                       |   32|   0|   32|          0|
    |gmem0_addr_reg_9575                                                            |   64|   0|   64|          0|
    |gmem10_addr_1_read_reg_8346                                                    |  128|   0|  128|          0|
    |gmem10_addr_2_read_reg_8351                                                    |  128|   0|  128|          0|
    |gmem10_addr_3_read_reg_8356                                                    |  128|   0|  128|          0|
    |gmem10_addr_read_reg_8341                                                      |  128|   0|  128|          0|
    |gmem12_addr_reg_8316                                                           |   64|   0|   64|          0|
    |gmem1_addr_read_reg_9592                                                       |   32|   0|   32|          0|
    |gmem1_addr_reg_9581                                                            |   64|   0|   64|          0|
    |gmem3_addr_reg_8589                                                            |   64|   0|   64|          0|
    |gmem6_addr_reg_8298                                                            |   64|   0|   64|          0|
    |gmem7_addr_reg_8304                                                            |   64|   0|   64|          0|
    |grp_rtga_kernel_Pipeline_baseline_clear_stats_loop_fu_3054_ap_start_reg        |    1|   0|    1|          0|
    |grp_rtga_kernel_Pipeline_rtga_clear_visited_fu_3061_ap_start_reg               |    1|   0|    1|          0|
    |grp_rtga_kernel_Pipeline_rtga_load_recent_fu_3106_ap_start_reg                 |    1|   0|    1|          0|
    |grp_rtga_kernel_Pipeline_rtga_load_weights_fu_3066_ap_start_reg                |    1|   0|    1|          0|
    |grp_rtga_kernel_Pipeline_rtga_tau_groups_fu_3444_ap_start_reg                  |    1|   0|    1|          0|
    |grp_rtga_kernel_Pipeline_rtga_temporal_aware_cache_fu_3200_ap_start_reg        |    1|   0|    1|          0|
    |grp_rtga_kernel_Pipeline_rtga_temporal_tree_construction_fu_3120_ap_start_reg  |    1|   0|    1|          0|
    |history_event_idx_read_reg_7334                                                |   64|   0|   64|          0|
    |history_peer_read_reg_7329                                                     |   64|   0|   64|          0|
    |icmp_ln145_reg_8540                                                            |    1|   0|    1|          0|
    |icmp_ln303_reg_9433                                                            |    1|   0|    1|          0|
    |initial_memory_read_reg_7314                                                   |   64|   0|   64|          0|
    |invalid_inputs_fu_412                                                          |   64|   0|   64|          0|
    |message_7_reg_3043                                                             |   32|   0|   32|          0|
    |mul_ln296_7_reg_9421                                                           |   32|   0|   32|          0|
    |or_ln149_reg_8585                                                              |    1|   0|    1|          0|
    |or_ln299_1_reg_9336                                                            |   29|   0|   32|          3|
    |or_ln299_2_reg_9346                                                            |   29|   0|   32|          3|
    |or_ln299_3_reg_9356                                                            |   29|   0|   32|          3|
    |or_ln299_4_reg_9366                                                            |   29|   0|   32|          3|
    |or_ln299_5_reg_9376                                                            |   29|   0|   32|          3|
    |or_ln299_reg_9326                                                              |   29|   0|   32|          3|
    |output_10_reg_9452                                                             |   12|   0|   12|          0|
    |output_11_reg_9458                                                             |   12|   0|   12|          0|
    |output_12_reg_9464                                                             |   12|   0|   12|          0|
    |output_13_reg_9470                                                             |   12|   0|   12|          0|
    |output_14_reg_9476                                                             |   12|   0|   12|          0|
    |output_8_reg_9437                                                              |   12|   0|   12|          0|
    |output_9_reg_9447                                                              |   12|   0|   12|          0|
    |output_reg_9507                                                                |   12|   0|   12|          0|
    |recent_count_reg_8611                                                          |    7|   0|    7|          0|
    |reused_total_1_loc_fu_860                                                      |   64|   0|   64|          0|
    |reused_total_fu_424                                                            |   64|   0|   64|          0|
    |reused_total_load_reg_8627                                                     |   64|   0|   64|          0|
    |scan_budget_reg_8452                                                           |    5|   0|    5|          0|
    |scanned_total_1_loc_fu_856                                                     |   64|   0|   64|          0|
    |scanned_total_fu_416                                                           |   64|   0|   64|          0|
    |scanned_total_load_reg_8622                                                    |   64|   0|   64|          0|
    |selected_total_1_reg_9126                                                      |   64|   0|   64|          0|
    |selected_total_fu_420                                                          |   64|   0|   64|          0|
    |self_1_reg_8980                                                                |   16|   0|   16|          0|
    |self_2_reg_8985                                                                |   16|   0|   16|          0|
    |self_3_reg_8990                                                                |   16|   0|   16|          0|
    |self_4_reg_8995                                                                |   16|   0|   16|          0|
    |self_5_reg_9000                                                                |   16|   0|   16|          0|
    |self_6_reg_9005                                                                |   16|   0|   16|          0|
    |self_7_reg_9010                                                                |   16|   0|   16|          0|
    |self_reg_8975                                                                  |   16|   0|   16|          0|
    |sext_ln112_reg_9306                                                            |   32|   0|   32|          0|
    |sext_ln145_2_reg_8532                                                          |   24|   0|   24|          0|
    |sext_ln299_1_reg_9331                                                          |   32|   0|   32|          0|
    |sext_ln299_2_reg_9341                                                          |   32|   0|   32|          0|
    |sext_ln299_3_reg_9351                                                          |   32|   0|   32|          0|
    |sext_ln299_4_reg_9361                                                          |   32|   0|   32|          0|
    |sext_ln299_5_reg_9371                                                          |   32|   0|   32|          0|
    |sext_ln299_reg_9321                                                            |   32|   0|   32|          0|
    |shl_ln112_reg_9311                                                             |   58|   0|   64|          6|
    |shl_ln120_reg_8569                                                             |   29|   0|   32|          3|
    |sub72_reg_8617                                                                 |   32|   0|   32|          0|
    |target_fu_408                                                                  |   32|   0|   32|          0|
    |tmp_256_reg_9025                                                               |   22|   0|   22|          0|
    |tmp_257_reg_9035                                                               |   22|   0|   22|          0|
    |tmp_258_reg_9040                                                               |   22|   0|   22|          0|
    |tmp_259_reg_9050                                                               |   22|   0|   22|          0|
    |tmp_260_reg_9055                                                               |   22|   0|   22|          0|
    |tmp_261_reg_9065                                                               |   22|   0|   22|          0|
    |tmp_262_reg_9070                                                               |   22|   0|   22|          0|
    |tmp_263_reg_9080                                                               |   22|   0|   22|          0|
    |tmp_264_reg_9085                                                               |   22|   0|   22|          0|
    |tmp_265_reg_9095                                                               |   22|   0|   22|          0|
    |tmp_266_reg_9100                                                               |   22|   0|   22|          0|
    |tmp_267_reg_9110                                                               |   22|   0|   22|          0|
    |tmp_268_reg_9115                                                               |   22|   0|   22|          0|
    |tmp_456_reg_9015                                                               |    1|   0|    1|          0|
    |tmp_457_reg_9030                                                               |    1|   0|    1|          0|
    |tmp_458_reg_9045                                                               |    1|   0|    1|          0|
    |tmp_459_reg_9060                                                               |    1|   0|    1|          0|
    |tmp_460_reg_9075                                                               |    1|   0|    1|          0|
    |tmp_461_reg_9090                                                               |    1|   0|    1|          0|
    |tmp_462_reg_9105                                                               |    1|   0|    1|          0|
    |tmp_464_reg_9492                                                               |   11|   0|   11|          0|
    |tmp_s_reg_9020                                                                 |   22|   0|   22|          0|
    |tree_count_loc_fu_864                                                          |   32|   0|   32|          0|
    |tree_edges_event_idx_10_loc_fu_908                                             |   29|   0|   29|          0|
    |tree_edges_event_idx_11_loc_fu_912                                             |   29|   0|   29|          0|
    |tree_edges_event_idx_12_loc_fu_916                                             |   29|   0|   29|          0|
    |tree_edges_event_idx_13_loc_fu_920                                             |   29|   0|   29|          0|
    |tree_edges_event_idx_14_loc_fu_924                                             |   29|   0|   29|          0|
    |tree_edges_event_idx_15_loc_fu_928                                             |   29|   0|   29|          0|
    |tree_edges_event_idx_16_loc_fu_932                                             |   29|   0|   29|          0|
    |tree_edges_event_idx_17_loc_fu_936                                             |   29|   0|   29|          0|
    |tree_edges_event_idx_18_loc_fu_940                                             |   29|   0|   29|          0|
    |tree_edges_event_idx_19_loc_fu_944                                             |   29|   0|   29|          0|
    |tree_edges_event_idx_1_loc_fu_872                                              |   29|   0|   29|          0|
    |tree_edges_event_idx_2_loc_fu_876                                              |   29|   0|   29|          0|
    |tree_edges_event_idx_3_loc_fu_880                                              |   29|   0|   29|          0|
    |tree_edges_event_idx_4_loc_fu_884                                              |   29|   0|   29|          0|
    |tree_edges_event_idx_5_loc_fu_888                                              |   29|   0|   29|          0|
    |tree_edges_event_idx_6_loc_fu_892                                              |   29|   0|   29|          0|
    |tree_edges_event_idx_7_loc_fu_896                                              |   29|   0|   29|          0|
    |tree_edges_event_idx_8_loc_fu_900                                              |   29|   0|   29|          0|
    |tree_edges_event_idx_9_loc_fu_904                                              |   29|   0|   29|          0|
    |tree_edges_event_idx_loc_fu_868                                                |   29|   0|   29|          0|
    |tree_edges_peer_10_loc_fu_988                                                  |   32|   0|   32|          0|
    |tree_edges_peer_11_loc_fu_992                                                  |   32|   0|   32|          0|
    |tree_edges_peer_12_loc_fu_996                                                  |   32|   0|   32|          0|
    |tree_edges_peer_13_loc_fu_1000                                                 |   32|   0|   32|          0|
    |tree_edges_peer_14_loc_fu_1004                                                 |   32|   0|   32|          0|
    |tree_edges_peer_15_loc_fu_1008                                                 |   32|   0|   32|          0|
    |tree_edges_peer_16_loc_fu_1012                                                 |   32|   0|   32|          0|
    |tree_edges_peer_17_loc_fu_1016                                                 |   32|   0|   32|          0|
    |tree_edges_peer_18_loc_fu_1020                                                 |   32|   0|   32|          0|
    |tree_edges_peer_19_loc_fu_1024                                                 |   32|   0|   32|          0|
    |tree_edges_peer_1_loc_fu_952                                                   |   32|   0|   32|          0|
    |tree_edges_peer_2_loc_fu_956                                                   |   32|   0|   32|          0|
    |tree_edges_peer_3_loc_fu_960                                                   |   32|   0|   32|          0|
    |tree_edges_peer_4_loc_fu_964                                                   |   32|   0|   32|          0|
    |tree_edges_peer_5_loc_fu_968                                                   |   32|   0|   32|          0|
    |tree_edges_peer_6_loc_fu_972                                                   |   32|   0|   32|          0|
    |tree_edges_peer_7_loc_fu_976                                                   |   32|   0|   32|          0|
    |tree_edges_peer_8_loc_fu_980                                                   |   32|   0|   32|          0|
    |tree_edges_peer_9_loc_fu_984                                                   |   32|   0|   32|          0|
    |tree_edges_peer_loc_fu_948                                                     |   32|   0|   32|          0|
    |tree_edges_timestamp_10_loc_fu_1068                                            |   32|   0|   32|          0|
    |tree_edges_timestamp_11_loc_fu_1072                                            |   32|   0|   32|          0|
    |tree_edges_timestamp_12_loc_fu_1076                                            |   32|   0|   32|          0|
    |tree_edges_timestamp_13_loc_fu_1080                                            |   32|   0|   32|          0|
    |tree_edges_timestamp_14_loc_fu_1084                                            |   32|   0|   32|          0|
    |tree_edges_timestamp_15_loc_fu_1088                                            |   32|   0|   32|          0|
    |tree_edges_timestamp_16_loc_fu_1092                                            |   32|   0|   32|          0|
    |tree_edges_timestamp_17_loc_fu_1096                                            |   32|   0|   32|          0|
    |tree_edges_timestamp_18_loc_fu_1100                                            |   32|   0|   32|          0|
    |tree_edges_timestamp_19_loc_fu_1104                                            |   32|   0|   32|          0|
    |tree_edges_timestamp_1_loc_fu_1032                                             |   32|   0|   32|          0|
    |tree_edges_timestamp_2_loc_fu_1036                                             |   32|   0|   32|          0|
    |tree_edges_timestamp_3_loc_fu_1040                                             |   32|   0|   32|          0|
    |tree_edges_timestamp_4_loc_fu_1044                                             |   32|   0|   32|          0|
    |tree_edges_timestamp_5_loc_fu_1048                                             |   32|   0|   32|          0|
    |tree_edges_timestamp_6_loc_fu_1052                                             |   32|   0|   32|          0|
    |tree_edges_timestamp_7_loc_fu_1056                                             |   32|   0|   32|          0|
    |tree_edges_timestamp_8_loc_fu_1060                                             |   32|   0|   32|          0|
    |tree_edges_timestamp_9_loc_fu_1064                                             |   32|   0|   32|          0|
    |tree_edges_timestamp_loc_fu_1028                                               |   32|   0|   32|          0|
    |trunc_ln120_reg_8564                                                           |   29|   0|   29|          0|
    |trunc_ln136_1_reg_8278                                                         |   60|   0|   60|          0|
    |trunc_ln136_2_reg_8283                                                         |   60|   0|   60|          0|
    |trunc_ln136_3_reg_8288                                                         |   60|   0|   60|          0|
    |trunc_ln136_4_reg_8293                                                         |   60|   0|   60|          0|
    |trunc_ln1_reg_8272                                                             |   58|   0|   58|          0|
    |trunc_ln300_reg_9487                                                           |    1|   0|    1|          0|
    |trunc_ln3_reg_9428                                                             |   60|   0|   60|          0|
    |trunc_ln47_reg_8399                                                            |    2|   0|    2|          0|
    |trunc_ln_reg_8964                                                              |   60|   0|   60|          0|
    |vertex_offsets_read_reg_7339                                                   |   64|   0|   64|          0|
    |vertex_reg_8549                                                                |   32|   0|   32|          0|
    |xor_ln112_1_reg_9519                                                           |   64|   0|   64|          0|
    |xor_ln112_2_reg_9529                                                           |   64|   0|   64|          0|
    |xor_ln112_3_reg_9539                                                           |   64|   0|   64|          0|
    |xor_ln112_4_reg_9549                                                           |   64|   0|   64|          0|
    |xor_ln112_5_reg_9559                                                           |   64|   0|   64|          0|
    |xor_ln112_reg_9497                                                             |   64|   0|   64|          0|
    |zext_ln112_reg_9316                                                            |   62|   0|   64|          2|
    +-------------------------------------------------------------------------------+-----+----+-----+-----------+
    |Total                                                                          |10428|   0|10457|         29|
    +-------------------------------------------------------------------------------+-----+----+-----+-----------+



================================================================
== Interface
================================================================
* Summary: 
+-----------------------+-----+-----+---------------+--------------+--------------+
|       RTL Ports       | Dir | Bits|    Protocol   | Source Object|    C Type    |
+-----------------------+-----+-----+---------------+--------------+--------------+
|s_axi_control_AWVALID  |   in|    1|          s_axi|       control|        scalar|
|s_axi_control_AWREADY  |  out|    1|          s_axi|       control|        scalar|
|s_axi_control_AWADDR   |   in|    9|          s_axi|       control|        scalar|
|s_axi_control_WVALID   |   in|    1|          s_axi|       control|        scalar|
|s_axi_control_WREADY   |  out|    1|          s_axi|       control|        scalar|
|s_axi_control_WDATA    |   in|   32|          s_axi|       control|        scalar|
|s_axi_control_WSTRB    |   in|    4|          s_axi|       control|        scalar|
|s_axi_control_ARVALID  |   in|    1|          s_axi|       control|        scalar|
|s_axi_control_ARREADY  |  out|    1|          s_axi|       control|        scalar|
|s_axi_control_ARADDR   |   in|    9|          s_axi|       control|        scalar|
|s_axi_control_RVALID   |  out|    1|          s_axi|       control|        scalar|
|s_axi_control_RREADY   |   in|    1|          s_axi|       control|        scalar|
|s_axi_control_RDATA    |  out|   32|          s_axi|       control|        scalar|
|s_axi_control_RRESP    |  out|    2|          s_axi|       control|        scalar|
|s_axi_control_BVALID   |  out|    1|          s_axi|       control|        scalar|
|s_axi_control_BREADY   |   in|    1|          s_axi|       control|        scalar|
|s_axi_control_BRESP    |  out|    2|          s_axi|       control|        scalar|
|ap_clk                 |   in|    1|  ap_ctrl_chain|   rtga_kernel|  return value|
|ap_rst_n               |   in|    1|  ap_ctrl_chain|   rtga_kernel|  return value|
|interrupt              |  out|    1|  ap_ctrl_chain|   rtga_kernel|  return value|
|m_axi_gmem0_AWVALID    |  out|    1|          m_axi|         gmem0|       pointer|
|m_axi_gmem0_AWREADY    |   in|    1|          m_axi|         gmem0|       pointer|
|m_axi_gmem0_AWADDR     |  out|   64|          m_axi|         gmem0|       pointer|
|m_axi_gmem0_AWID       |  out|    1|          m_axi|         gmem0|       pointer|
|m_axi_gmem0_AWLEN      |  out|    8|          m_axi|         gmem0|       pointer|
|m_axi_gmem0_AWSIZE     |  out|    3|          m_axi|         gmem0|       pointer|
|m_axi_gmem0_AWBURST    |  out|    2|          m_axi|         gmem0|       pointer|
|m_axi_gmem0_AWLOCK     |  out|    2|          m_axi|         gmem0|       pointer|
|m_axi_gmem0_AWCACHE    |  out|    4|          m_axi|         gmem0|       pointer|
|m_axi_gmem0_AWPROT     |  out|    3|          m_axi|         gmem0|       pointer|
|m_axi_gmem0_AWQOS      |  out|    4|          m_axi|         gmem0|       pointer|
|m_axi_gmem0_AWREGION   |  out|    4|          m_axi|         gmem0|       pointer|
|m_axi_gmem0_AWUSER     |  out|    1|          m_axi|         gmem0|       pointer|
|m_axi_gmem0_WVALID     |  out|    1|          m_axi|         gmem0|       pointer|
|m_axi_gmem0_WREADY     |   in|    1|          m_axi|         gmem0|       pointer|
|m_axi_gmem0_WDATA      |  out|   32|          m_axi|         gmem0|       pointer|
|m_axi_gmem0_WSTRB      |  out|    4|          m_axi|         gmem0|       pointer|
|m_axi_gmem0_WLAST      |  out|    1|          m_axi|         gmem0|       pointer|
|m_axi_gmem0_WID        |  out|    1|          m_axi|         gmem0|       pointer|
|m_axi_gmem0_WUSER      |  out|    1|          m_axi|         gmem0|       pointer|
|m_axi_gmem0_ARVALID    |  out|    1|          m_axi|         gmem0|       pointer|
|m_axi_gmem0_ARREADY    |   in|    1|          m_axi|         gmem0|       pointer|
|m_axi_gmem0_ARADDR     |  out|   64|          m_axi|         gmem0|       pointer|
|m_axi_gmem0_ARID       |  out|    1|          m_axi|         gmem0|       pointer|
|m_axi_gmem0_ARLEN      |  out|    8|          m_axi|         gmem0|       pointer|
|m_axi_gmem0_ARSIZE     |  out|    3|          m_axi|         gmem0|       pointer|
|m_axi_gmem0_ARBURST    |  out|    2|          m_axi|         gmem0|       pointer|
|m_axi_gmem0_ARLOCK     |  out|    2|          m_axi|         gmem0|       pointer|
|m_axi_gmem0_ARCACHE    |  out|    4|          m_axi|         gmem0|       pointer|
|m_axi_gmem0_ARPROT     |  out|    3|          m_axi|         gmem0|       pointer|
|m_axi_gmem0_ARQOS      |  out|    4|          m_axi|         gmem0|       pointer|
|m_axi_gmem0_ARREGION   |  out|    4|          m_axi|         gmem0|       pointer|
|m_axi_gmem0_ARUSER     |  out|    1|          m_axi|         gmem0|       pointer|
|m_axi_gmem0_RVALID     |   in|    1|          m_axi|         gmem0|       pointer|
|m_axi_gmem0_RREADY     |  out|    1|          m_axi|         gmem0|       pointer|
|m_axi_gmem0_RDATA      |   in|   32|          m_axi|         gmem0|       pointer|
|m_axi_gmem0_RLAST      |   in|    1|          m_axi|         gmem0|       pointer|
|m_axi_gmem0_RID        |   in|    1|          m_axi|         gmem0|       pointer|
|m_axi_gmem0_RUSER      |   in|    1|          m_axi|         gmem0|       pointer|
|m_axi_gmem0_RRESP      |   in|    2|          m_axi|         gmem0|       pointer|
|m_axi_gmem0_BVALID     |   in|    1|          m_axi|         gmem0|       pointer|
|m_axi_gmem0_BREADY     |  out|    1|          m_axi|         gmem0|       pointer|
|m_axi_gmem0_BRESP      |   in|    2|          m_axi|         gmem0|       pointer|
|m_axi_gmem0_BID        |   in|    1|          m_axi|         gmem0|       pointer|
|m_axi_gmem0_BUSER      |   in|    1|          m_axi|         gmem0|       pointer|
|m_axi_gmem1_AWVALID    |  out|    1|          m_axi|         gmem1|       pointer|
|m_axi_gmem1_AWREADY    |   in|    1|          m_axi|         gmem1|       pointer|
|m_axi_gmem1_AWADDR     |  out|   64|          m_axi|         gmem1|       pointer|
|m_axi_gmem1_AWID       |  out|    1|          m_axi|         gmem1|       pointer|
|m_axi_gmem1_AWLEN      |  out|    8|          m_axi|         gmem1|       pointer|
|m_axi_gmem1_AWSIZE     |  out|    3|          m_axi|         gmem1|       pointer|
|m_axi_gmem1_AWBURST    |  out|    2|          m_axi|         gmem1|       pointer|
|m_axi_gmem1_AWLOCK     |  out|    2|          m_axi|         gmem1|       pointer|
|m_axi_gmem1_AWCACHE    |  out|    4|          m_axi|         gmem1|       pointer|
|m_axi_gmem1_AWPROT     |  out|    3|          m_axi|         gmem1|       pointer|
|m_axi_gmem1_AWQOS      |  out|    4|          m_axi|         gmem1|       pointer|
|m_axi_gmem1_AWREGION   |  out|    4|          m_axi|         gmem1|       pointer|
|m_axi_gmem1_AWUSER     |  out|    1|          m_axi|         gmem1|       pointer|
|m_axi_gmem1_WVALID     |  out|    1|          m_axi|         gmem1|       pointer|
|m_axi_gmem1_WREADY     |   in|    1|          m_axi|         gmem1|       pointer|
|m_axi_gmem1_WDATA      |  out|   32|          m_axi|         gmem1|       pointer|
|m_axi_gmem1_WSTRB      |  out|    4|          m_axi|         gmem1|       pointer|
|m_axi_gmem1_WLAST      |  out|    1|          m_axi|         gmem1|       pointer|
|m_axi_gmem1_WID        |  out|    1|          m_axi|         gmem1|       pointer|
|m_axi_gmem1_WUSER      |  out|    1|          m_axi|         gmem1|       pointer|
|m_axi_gmem1_ARVALID    |  out|    1|          m_axi|         gmem1|       pointer|
|m_axi_gmem1_ARREADY    |   in|    1|          m_axi|         gmem1|       pointer|
|m_axi_gmem1_ARADDR     |  out|   64|          m_axi|         gmem1|       pointer|
|m_axi_gmem1_ARID       |  out|    1|          m_axi|         gmem1|       pointer|
|m_axi_gmem1_ARLEN      |  out|    8|          m_axi|         gmem1|       pointer|
|m_axi_gmem1_ARSIZE     |  out|    3|          m_axi|         gmem1|       pointer|
|m_axi_gmem1_ARBURST    |  out|    2|          m_axi|         gmem1|       pointer|
|m_axi_gmem1_ARLOCK     |  out|    2|          m_axi|         gmem1|       pointer|
|m_axi_gmem1_ARCACHE    |  out|    4|          m_axi|         gmem1|       pointer|
|m_axi_gmem1_ARPROT     |  out|    3|          m_axi|         gmem1|       pointer|
|m_axi_gmem1_ARQOS      |  out|    4|          m_axi|         gmem1|       pointer|
|m_axi_gmem1_ARREGION   |  out|    4|          m_axi|         gmem1|       pointer|
|m_axi_gmem1_ARUSER     |  out|    1|          m_axi|         gmem1|       pointer|
|m_axi_gmem1_RVALID     |   in|    1|          m_axi|         gmem1|       pointer|
|m_axi_gmem1_RREADY     |  out|    1|          m_axi|         gmem1|       pointer|
|m_axi_gmem1_RDATA      |   in|   32|          m_axi|         gmem1|       pointer|
|m_axi_gmem1_RLAST      |   in|    1|          m_axi|         gmem1|       pointer|
|m_axi_gmem1_RID        |   in|    1|          m_axi|         gmem1|       pointer|
|m_axi_gmem1_RUSER      |   in|    1|          m_axi|         gmem1|       pointer|
|m_axi_gmem1_RRESP      |   in|    2|          m_axi|         gmem1|       pointer|
|m_axi_gmem1_BVALID     |   in|    1|          m_axi|         gmem1|       pointer|
|m_axi_gmem1_BREADY     |  out|    1|          m_axi|         gmem1|       pointer|
|m_axi_gmem1_BRESP      |   in|    2|          m_axi|         gmem1|       pointer|
|m_axi_gmem1_BID        |   in|    1|          m_axi|         gmem1|       pointer|
|m_axi_gmem1_BUSER      |   in|    1|          m_axi|         gmem1|       pointer|
|m_axi_gmem2_AWVALID    |  out|    1|          m_axi|         gmem2|       pointer|
|m_axi_gmem2_AWREADY    |   in|    1|          m_axi|         gmem2|       pointer|
|m_axi_gmem2_AWADDR     |  out|   64|          m_axi|         gmem2|       pointer|
|m_axi_gmem2_AWID       |  out|    1|          m_axi|         gmem2|       pointer|
|m_axi_gmem2_AWLEN      |  out|    8|          m_axi|         gmem2|       pointer|
|m_axi_gmem2_AWSIZE     |  out|    3|          m_axi|         gmem2|       pointer|
|m_axi_gmem2_AWBURST    |  out|    2|          m_axi|         gmem2|       pointer|
|m_axi_gmem2_AWLOCK     |  out|    2|          m_axi|         gmem2|       pointer|
|m_axi_gmem2_AWCACHE    |  out|    4|          m_axi|         gmem2|       pointer|
|m_axi_gmem2_AWPROT     |  out|    3|          m_axi|         gmem2|       pointer|
|m_axi_gmem2_AWQOS      |  out|    4|          m_axi|         gmem2|       pointer|
|m_axi_gmem2_AWREGION   |  out|    4|          m_axi|         gmem2|       pointer|
|m_axi_gmem2_AWUSER     |  out|    1|          m_axi|         gmem2|       pointer|
|m_axi_gmem2_WVALID     |  out|    1|          m_axi|         gmem2|       pointer|
|m_axi_gmem2_WREADY     |   in|    1|          m_axi|         gmem2|       pointer|
|m_axi_gmem2_WDATA      |  out|   32|          m_axi|         gmem2|       pointer|
|m_axi_gmem2_WSTRB      |  out|    4|          m_axi|         gmem2|       pointer|
|m_axi_gmem2_WLAST      |  out|    1|          m_axi|         gmem2|       pointer|
|m_axi_gmem2_WID        |  out|    1|          m_axi|         gmem2|       pointer|
|m_axi_gmem2_WUSER      |  out|    1|          m_axi|         gmem2|       pointer|
|m_axi_gmem2_ARVALID    |  out|    1|          m_axi|         gmem2|       pointer|
|m_axi_gmem2_ARREADY    |   in|    1|          m_axi|         gmem2|       pointer|
|m_axi_gmem2_ARADDR     |  out|   64|          m_axi|         gmem2|       pointer|
|m_axi_gmem2_ARID       |  out|    1|          m_axi|         gmem2|       pointer|
|m_axi_gmem2_ARLEN      |  out|    8|          m_axi|         gmem2|       pointer|
|m_axi_gmem2_ARSIZE     |  out|    3|          m_axi|         gmem2|       pointer|
|m_axi_gmem2_ARBURST    |  out|    2|          m_axi|         gmem2|       pointer|
|m_axi_gmem2_ARLOCK     |  out|    2|          m_axi|         gmem2|       pointer|
|m_axi_gmem2_ARCACHE    |  out|    4|          m_axi|         gmem2|       pointer|
|m_axi_gmem2_ARPROT     |  out|    3|          m_axi|         gmem2|       pointer|
|m_axi_gmem2_ARQOS      |  out|    4|          m_axi|         gmem2|       pointer|
|m_axi_gmem2_ARREGION   |  out|    4|          m_axi|         gmem2|       pointer|
|m_axi_gmem2_ARUSER     |  out|    1|          m_axi|         gmem2|       pointer|
|m_axi_gmem2_RVALID     |   in|    1|          m_axi|         gmem2|       pointer|
|m_axi_gmem2_RREADY     |  out|    1|          m_axi|         gmem2|       pointer|
|m_axi_gmem2_RDATA      |   in|   32|          m_axi|         gmem2|       pointer|
|m_axi_gmem2_RLAST      |   in|    1|          m_axi|         gmem2|       pointer|
|m_axi_gmem2_RID        |   in|    1|          m_axi|         gmem2|       pointer|
|m_axi_gmem2_RUSER      |   in|    1|          m_axi|         gmem2|       pointer|
|m_axi_gmem2_RRESP      |   in|    2|          m_axi|         gmem2|       pointer|
|m_axi_gmem2_BVALID     |   in|    1|          m_axi|         gmem2|       pointer|
|m_axi_gmem2_BREADY     |  out|    1|          m_axi|         gmem2|       pointer|
|m_axi_gmem2_BRESP      |   in|    2|          m_axi|         gmem2|       pointer|
|m_axi_gmem2_BID        |   in|    1|          m_axi|         gmem2|       pointer|
|m_axi_gmem2_BUSER      |   in|    1|          m_axi|         gmem2|       pointer|
|m_axi_gmem3_AWVALID    |  out|    1|          m_axi|         gmem3|       pointer|
|m_axi_gmem3_AWREADY    |   in|    1|          m_axi|         gmem3|       pointer|
|m_axi_gmem3_AWADDR     |  out|   64|          m_axi|         gmem3|       pointer|
|m_axi_gmem3_AWID       |  out|    1|          m_axi|         gmem3|       pointer|
|m_axi_gmem3_AWLEN      |  out|    8|          m_axi|         gmem3|       pointer|
|m_axi_gmem3_AWSIZE     |  out|    3|          m_axi|         gmem3|       pointer|
|m_axi_gmem3_AWBURST    |  out|    2|          m_axi|         gmem3|       pointer|
|m_axi_gmem3_AWLOCK     |  out|    2|          m_axi|         gmem3|       pointer|
|m_axi_gmem3_AWCACHE    |  out|    4|          m_axi|         gmem3|       pointer|
|m_axi_gmem3_AWPROT     |  out|    3|          m_axi|         gmem3|       pointer|
|m_axi_gmem3_AWQOS      |  out|    4|          m_axi|         gmem3|       pointer|
|m_axi_gmem3_AWREGION   |  out|    4|          m_axi|         gmem3|       pointer|
|m_axi_gmem3_AWUSER     |  out|    1|          m_axi|         gmem3|       pointer|
|m_axi_gmem3_WVALID     |  out|    1|          m_axi|         gmem3|       pointer|
|m_axi_gmem3_WREADY     |   in|    1|          m_axi|         gmem3|       pointer|
|m_axi_gmem3_WDATA      |  out|   32|          m_axi|         gmem3|       pointer|
|m_axi_gmem3_WSTRB      |  out|    4|          m_axi|         gmem3|       pointer|
|m_axi_gmem3_WLAST      |  out|    1|          m_axi|         gmem3|       pointer|
|m_axi_gmem3_WID        |  out|    1|          m_axi|         gmem3|       pointer|
|m_axi_gmem3_WUSER      |  out|    1|          m_axi|         gmem3|       pointer|
|m_axi_gmem3_ARVALID    |  out|    1|          m_axi|         gmem3|       pointer|
|m_axi_gmem3_ARREADY    |   in|    1|          m_axi|         gmem3|       pointer|
|m_axi_gmem3_ARADDR     |  out|   64|          m_axi|         gmem3|       pointer|
|m_axi_gmem3_ARID       |  out|    1|          m_axi|         gmem3|       pointer|
|m_axi_gmem3_ARLEN      |  out|    8|          m_axi|         gmem3|       pointer|
|m_axi_gmem3_ARSIZE     |  out|    3|          m_axi|         gmem3|       pointer|
|m_axi_gmem3_ARBURST    |  out|    2|          m_axi|         gmem3|       pointer|
|m_axi_gmem3_ARLOCK     |  out|    2|          m_axi|         gmem3|       pointer|
|m_axi_gmem3_ARCACHE    |  out|    4|          m_axi|         gmem3|       pointer|
|m_axi_gmem3_ARPROT     |  out|    3|          m_axi|         gmem3|       pointer|
|m_axi_gmem3_ARQOS      |  out|    4|          m_axi|         gmem3|       pointer|
|m_axi_gmem3_ARREGION   |  out|    4|          m_axi|         gmem3|       pointer|
|m_axi_gmem3_ARUSER     |  out|    1|          m_axi|         gmem3|       pointer|
|m_axi_gmem3_RVALID     |   in|    1|          m_axi|         gmem3|       pointer|
|m_axi_gmem3_RREADY     |  out|    1|          m_axi|         gmem3|       pointer|
|m_axi_gmem3_RDATA      |   in|   32|          m_axi|         gmem3|       pointer|
|m_axi_gmem3_RLAST      |   in|    1|          m_axi|         gmem3|       pointer|
|m_axi_gmem3_RID        |   in|    1|          m_axi|         gmem3|       pointer|
|m_axi_gmem3_RUSER      |   in|    1|          m_axi|         gmem3|       pointer|
|m_axi_gmem3_RRESP      |   in|    2|          m_axi|         gmem3|       pointer|
|m_axi_gmem3_BVALID     |   in|    1|          m_axi|         gmem3|       pointer|
|m_axi_gmem3_BREADY     |  out|    1|          m_axi|         gmem3|       pointer|
|m_axi_gmem3_BRESP      |   in|    2|          m_axi|         gmem3|       pointer|
|m_axi_gmem3_BID        |   in|    1|          m_axi|         gmem3|       pointer|
|m_axi_gmem3_BUSER      |   in|    1|          m_axi|         gmem3|       pointer|
|m_axi_gmem4_AWVALID    |  out|    1|          m_axi|         gmem4|       pointer|
|m_axi_gmem4_AWREADY    |   in|    1|          m_axi|         gmem4|       pointer|
|m_axi_gmem4_AWADDR     |  out|   64|          m_axi|         gmem4|       pointer|
|m_axi_gmem4_AWID       |  out|    1|          m_axi|         gmem4|       pointer|
|m_axi_gmem4_AWLEN      |  out|    8|          m_axi|         gmem4|       pointer|
|m_axi_gmem4_AWSIZE     |  out|    3|          m_axi|         gmem4|       pointer|
|m_axi_gmem4_AWBURST    |  out|    2|          m_axi|         gmem4|       pointer|
|m_axi_gmem4_AWLOCK     |  out|    2|          m_axi|         gmem4|       pointer|
|m_axi_gmem4_AWCACHE    |  out|    4|          m_axi|         gmem4|       pointer|
|m_axi_gmem4_AWPROT     |  out|    3|          m_axi|         gmem4|       pointer|
|m_axi_gmem4_AWQOS      |  out|    4|          m_axi|         gmem4|       pointer|
|m_axi_gmem4_AWREGION   |  out|    4|          m_axi|         gmem4|       pointer|
|m_axi_gmem4_AWUSER     |  out|    1|          m_axi|         gmem4|       pointer|
|m_axi_gmem4_WVALID     |  out|    1|          m_axi|         gmem4|       pointer|
|m_axi_gmem4_WREADY     |   in|    1|          m_axi|         gmem4|       pointer|
|m_axi_gmem4_WDATA      |  out|   32|          m_axi|         gmem4|       pointer|
|m_axi_gmem4_WSTRB      |  out|    4|          m_axi|         gmem4|       pointer|
|m_axi_gmem4_WLAST      |  out|    1|          m_axi|         gmem4|       pointer|
|m_axi_gmem4_WID        |  out|    1|          m_axi|         gmem4|       pointer|
|m_axi_gmem4_WUSER      |  out|    1|          m_axi|         gmem4|       pointer|
|m_axi_gmem4_ARVALID    |  out|    1|          m_axi|         gmem4|       pointer|
|m_axi_gmem4_ARREADY    |   in|    1|          m_axi|         gmem4|       pointer|
|m_axi_gmem4_ARADDR     |  out|   64|          m_axi|         gmem4|       pointer|
|m_axi_gmem4_ARID       |  out|    1|          m_axi|         gmem4|       pointer|
|m_axi_gmem4_ARLEN      |  out|    8|          m_axi|         gmem4|       pointer|
|m_axi_gmem4_ARSIZE     |  out|    3|          m_axi|         gmem4|       pointer|
|m_axi_gmem4_ARBURST    |  out|    2|          m_axi|         gmem4|       pointer|
|m_axi_gmem4_ARLOCK     |  out|    2|          m_axi|         gmem4|       pointer|
|m_axi_gmem4_ARCACHE    |  out|    4|          m_axi|         gmem4|       pointer|
|m_axi_gmem4_ARPROT     |  out|    3|          m_axi|         gmem4|       pointer|
|m_axi_gmem4_ARQOS      |  out|    4|          m_axi|         gmem4|       pointer|
|m_axi_gmem4_ARREGION   |  out|    4|          m_axi|         gmem4|       pointer|
|m_axi_gmem4_ARUSER     |  out|    1|          m_axi|         gmem4|       pointer|
|m_axi_gmem4_RVALID     |   in|    1|          m_axi|         gmem4|       pointer|
|m_axi_gmem4_RREADY     |  out|    1|          m_axi|         gmem4|       pointer|
|m_axi_gmem4_RDATA      |   in|   32|          m_axi|         gmem4|       pointer|
|m_axi_gmem4_RLAST      |   in|    1|          m_axi|         gmem4|       pointer|
|m_axi_gmem4_RID        |   in|    1|          m_axi|         gmem4|       pointer|
|m_axi_gmem4_RUSER      |   in|    1|          m_axi|         gmem4|       pointer|
|m_axi_gmem4_RRESP      |   in|    2|          m_axi|         gmem4|       pointer|
|m_axi_gmem4_BVALID     |   in|    1|          m_axi|         gmem4|       pointer|
|m_axi_gmem4_BREADY     |  out|    1|          m_axi|         gmem4|       pointer|
|m_axi_gmem4_BRESP      |   in|    2|          m_axi|         gmem4|       pointer|
|m_axi_gmem4_BID        |   in|    1|          m_axi|         gmem4|       pointer|
|m_axi_gmem4_BUSER      |   in|    1|          m_axi|         gmem4|       pointer|
|m_axi_gmem5_AWVALID    |  out|    1|          m_axi|         gmem5|       pointer|
|m_axi_gmem5_AWREADY    |   in|    1|          m_axi|         gmem5|       pointer|
|m_axi_gmem5_AWADDR     |  out|   64|          m_axi|         gmem5|       pointer|
|m_axi_gmem5_AWID       |  out|    1|          m_axi|         gmem5|       pointer|
|m_axi_gmem5_AWLEN      |  out|    8|          m_axi|         gmem5|       pointer|
|m_axi_gmem5_AWSIZE     |  out|    3|          m_axi|         gmem5|       pointer|
|m_axi_gmem5_AWBURST    |  out|    2|          m_axi|         gmem5|       pointer|
|m_axi_gmem5_AWLOCK     |  out|    2|          m_axi|         gmem5|       pointer|
|m_axi_gmem5_AWCACHE    |  out|    4|          m_axi|         gmem5|       pointer|
|m_axi_gmem5_AWPROT     |  out|    3|          m_axi|         gmem5|       pointer|
|m_axi_gmem5_AWQOS      |  out|    4|          m_axi|         gmem5|       pointer|
|m_axi_gmem5_AWREGION   |  out|    4|          m_axi|         gmem5|       pointer|
|m_axi_gmem5_AWUSER     |  out|    1|          m_axi|         gmem5|       pointer|
|m_axi_gmem5_WVALID     |  out|    1|          m_axi|         gmem5|       pointer|
|m_axi_gmem5_WREADY     |   in|    1|          m_axi|         gmem5|       pointer|
|m_axi_gmem5_WDATA      |  out|   32|          m_axi|         gmem5|       pointer|
|m_axi_gmem5_WSTRB      |  out|    4|          m_axi|         gmem5|       pointer|
|m_axi_gmem5_WLAST      |  out|    1|          m_axi|         gmem5|       pointer|
|m_axi_gmem5_WID        |  out|    1|          m_axi|         gmem5|       pointer|
|m_axi_gmem5_WUSER      |  out|    1|          m_axi|         gmem5|       pointer|
|m_axi_gmem5_ARVALID    |  out|    1|          m_axi|         gmem5|       pointer|
|m_axi_gmem5_ARREADY    |   in|    1|          m_axi|         gmem5|       pointer|
|m_axi_gmem5_ARADDR     |  out|   64|          m_axi|         gmem5|       pointer|
|m_axi_gmem5_ARID       |  out|    1|          m_axi|         gmem5|       pointer|
|m_axi_gmem5_ARLEN      |  out|    8|          m_axi|         gmem5|       pointer|
|m_axi_gmem5_ARSIZE     |  out|    3|          m_axi|         gmem5|       pointer|
|m_axi_gmem5_ARBURST    |  out|    2|          m_axi|         gmem5|       pointer|
|m_axi_gmem5_ARLOCK     |  out|    2|          m_axi|         gmem5|       pointer|
|m_axi_gmem5_ARCACHE    |  out|    4|          m_axi|         gmem5|       pointer|
|m_axi_gmem5_ARPROT     |  out|    3|          m_axi|         gmem5|       pointer|
|m_axi_gmem5_ARQOS      |  out|    4|          m_axi|         gmem5|       pointer|
|m_axi_gmem5_ARREGION   |  out|    4|          m_axi|         gmem5|       pointer|
|m_axi_gmem5_ARUSER     |  out|    1|          m_axi|         gmem5|       pointer|
|m_axi_gmem5_RVALID     |   in|    1|          m_axi|         gmem5|       pointer|
|m_axi_gmem5_RREADY     |  out|    1|          m_axi|         gmem5|       pointer|
|m_axi_gmem5_RDATA      |   in|   32|          m_axi|         gmem5|       pointer|
|m_axi_gmem5_RLAST      |   in|    1|          m_axi|         gmem5|       pointer|
|m_axi_gmem5_RID        |   in|    1|          m_axi|         gmem5|       pointer|
|m_axi_gmem5_RUSER      |   in|    1|          m_axi|         gmem5|       pointer|
|m_axi_gmem5_RRESP      |   in|    2|          m_axi|         gmem5|       pointer|
|m_axi_gmem5_BVALID     |   in|    1|          m_axi|         gmem5|       pointer|
|m_axi_gmem5_BREADY     |  out|    1|          m_axi|         gmem5|       pointer|
|m_axi_gmem5_BRESP      |   in|    2|          m_axi|         gmem5|       pointer|
|m_axi_gmem5_BID        |   in|    1|          m_axi|         gmem5|       pointer|
|m_axi_gmem5_BUSER      |   in|    1|          m_axi|         gmem5|       pointer|
|m_axi_gmem6_AWVALID    |  out|    1|          m_axi|         gmem6|       pointer|
|m_axi_gmem6_AWREADY    |   in|    1|          m_axi|         gmem6|       pointer|
|m_axi_gmem6_AWADDR     |  out|   64|          m_axi|         gmem6|       pointer|
|m_axi_gmem6_AWID       |  out|    1|          m_axi|         gmem6|       pointer|
|m_axi_gmem6_AWLEN      |  out|    8|          m_axi|         gmem6|       pointer|
|m_axi_gmem6_AWSIZE     |  out|    3|          m_axi|         gmem6|       pointer|
|m_axi_gmem6_AWBURST    |  out|    2|          m_axi|         gmem6|       pointer|
|m_axi_gmem6_AWLOCK     |  out|    2|          m_axi|         gmem6|       pointer|
|m_axi_gmem6_AWCACHE    |  out|    4|          m_axi|         gmem6|       pointer|
|m_axi_gmem6_AWPROT     |  out|    3|          m_axi|         gmem6|       pointer|
|m_axi_gmem6_AWQOS      |  out|    4|          m_axi|         gmem6|       pointer|
|m_axi_gmem6_AWREGION   |  out|    4|          m_axi|         gmem6|       pointer|
|m_axi_gmem6_AWUSER     |  out|    1|          m_axi|         gmem6|       pointer|
|m_axi_gmem6_WVALID     |  out|    1|          m_axi|         gmem6|       pointer|
|m_axi_gmem6_WREADY     |   in|    1|          m_axi|         gmem6|       pointer|
|m_axi_gmem6_WDATA      |  out|   32|          m_axi|         gmem6|       pointer|
|m_axi_gmem6_WSTRB      |  out|    4|          m_axi|         gmem6|       pointer|
|m_axi_gmem6_WLAST      |  out|    1|          m_axi|         gmem6|       pointer|
|m_axi_gmem6_WID        |  out|    1|          m_axi|         gmem6|       pointer|
|m_axi_gmem6_WUSER      |  out|    1|          m_axi|         gmem6|       pointer|
|m_axi_gmem6_ARVALID    |  out|    1|          m_axi|         gmem6|       pointer|
|m_axi_gmem6_ARREADY    |   in|    1|          m_axi|         gmem6|       pointer|
|m_axi_gmem6_ARADDR     |  out|   64|          m_axi|         gmem6|       pointer|
|m_axi_gmem6_ARID       |  out|    1|          m_axi|         gmem6|       pointer|
|m_axi_gmem6_ARLEN      |  out|    8|          m_axi|         gmem6|       pointer|
|m_axi_gmem6_ARSIZE     |  out|    3|          m_axi|         gmem6|       pointer|
|m_axi_gmem6_ARBURST    |  out|    2|          m_axi|         gmem6|       pointer|
|m_axi_gmem6_ARLOCK     |  out|    2|          m_axi|         gmem6|       pointer|
|m_axi_gmem6_ARCACHE    |  out|    4|          m_axi|         gmem6|       pointer|
|m_axi_gmem6_ARPROT     |  out|    3|          m_axi|         gmem6|       pointer|
|m_axi_gmem6_ARQOS      |  out|    4|          m_axi|         gmem6|       pointer|
|m_axi_gmem6_ARREGION   |  out|    4|          m_axi|         gmem6|       pointer|
|m_axi_gmem6_ARUSER     |  out|    1|          m_axi|         gmem6|       pointer|
|m_axi_gmem6_RVALID     |   in|    1|          m_axi|         gmem6|       pointer|
|m_axi_gmem6_RREADY     |  out|    1|          m_axi|         gmem6|       pointer|
|m_axi_gmem6_RDATA      |   in|   32|          m_axi|         gmem6|       pointer|
|m_axi_gmem6_RLAST      |   in|    1|          m_axi|         gmem6|       pointer|
|m_axi_gmem6_RID        |   in|    1|          m_axi|         gmem6|       pointer|
|m_axi_gmem6_RUSER      |   in|    1|          m_axi|         gmem6|       pointer|
|m_axi_gmem6_RRESP      |   in|    2|          m_axi|         gmem6|       pointer|
|m_axi_gmem6_BVALID     |   in|    1|          m_axi|         gmem6|       pointer|
|m_axi_gmem6_BREADY     |  out|    1|          m_axi|         gmem6|       pointer|
|m_axi_gmem6_BRESP      |   in|    2|          m_axi|         gmem6|       pointer|
|m_axi_gmem6_BID        |   in|    1|          m_axi|         gmem6|       pointer|
|m_axi_gmem6_BUSER      |   in|    1|          m_axi|         gmem6|       pointer|
|m_axi_gmem7_AWVALID    |  out|    1|          m_axi|         gmem7|       pointer|
|m_axi_gmem7_AWREADY    |   in|    1|          m_axi|         gmem7|       pointer|
|m_axi_gmem7_AWADDR     |  out|   64|          m_axi|         gmem7|       pointer|
|m_axi_gmem7_AWID       |  out|    1|          m_axi|         gmem7|       pointer|
|m_axi_gmem7_AWLEN      |  out|    8|          m_axi|         gmem7|       pointer|
|m_axi_gmem7_AWSIZE     |  out|    3|          m_axi|         gmem7|       pointer|
|m_axi_gmem7_AWBURST    |  out|    2|          m_axi|         gmem7|       pointer|
|m_axi_gmem7_AWLOCK     |  out|    2|          m_axi|         gmem7|       pointer|
|m_axi_gmem7_AWCACHE    |  out|    4|          m_axi|         gmem7|       pointer|
|m_axi_gmem7_AWPROT     |  out|    3|          m_axi|         gmem7|       pointer|
|m_axi_gmem7_AWQOS      |  out|    4|          m_axi|         gmem7|       pointer|
|m_axi_gmem7_AWREGION   |  out|    4|          m_axi|         gmem7|       pointer|
|m_axi_gmem7_AWUSER     |  out|    1|          m_axi|         gmem7|       pointer|
|m_axi_gmem7_WVALID     |  out|    1|          m_axi|         gmem7|       pointer|
|m_axi_gmem7_WREADY     |   in|    1|          m_axi|         gmem7|       pointer|
|m_axi_gmem7_WDATA      |  out|   32|          m_axi|         gmem7|       pointer|
|m_axi_gmem7_WSTRB      |  out|    4|          m_axi|         gmem7|       pointer|
|m_axi_gmem7_WLAST      |  out|    1|          m_axi|         gmem7|       pointer|
|m_axi_gmem7_WID        |  out|    1|          m_axi|         gmem7|       pointer|
|m_axi_gmem7_WUSER      |  out|    1|          m_axi|         gmem7|       pointer|
|m_axi_gmem7_ARVALID    |  out|    1|          m_axi|         gmem7|       pointer|
|m_axi_gmem7_ARREADY    |   in|    1|          m_axi|         gmem7|       pointer|
|m_axi_gmem7_ARADDR     |  out|   64|          m_axi|         gmem7|       pointer|
|m_axi_gmem7_ARID       |  out|    1|          m_axi|         gmem7|       pointer|
|m_axi_gmem7_ARLEN      |  out|    8|          m_axi|         gmem7|       pointer|
|m_axi_gmem7_ARSIZE     |  out|    3|          m_axi|         gmem7|       pointer|
|m_axi_gmem7_ARBURST    |  out|    2|          m_axi|         gmem7|       pointer|
|m_axi_gmem7_ARLOCK     |  out|    2|          m_axi|         gmem7|       pointer|
|m_axi_gmem7_ARCACHE    |  out|    4|          m_axi|         gmem7|       pointer|
|m_axi_gmem7_ARPROT     |  out|    3|          m_axi|         gmem7|       pointer|
|m_axi_gmem7_ARQOS      |  out|    4|          m_axi|         gmem7|       pointer|
|m_axi_gmem7_ARREGION   |  out|    4|          m_axi|         gmem7|       pointer|
|m_axi_gmem7_ARUSER     |  out|    1|          m_axi|         gmem7|       pointer|
|m_axi_gmem7_RVALID     |   in|    1|          m_axi|         gmem7|       pointer|
|m_axi_gmem7_RREADY     |  out|    1|          m_axi|         gmem7|       pointer|
|m_axi_gmem7_RDATA      |   in|   32|          m_axi|         gmem7|       pointer|
|m_axi_gmem7_RLAST      |   in|    1|          m_axi|         gmem7|       pointer|
|m_axi_gmem7_RID        |   in|    1|          m_axi|         gmem7|       pointer|
|m_axi_gmem7_RUSER      |   in|    1|          m_axi|         gmem7|       pointer|
|m_axi_gmem7_RRESP      |   in|    2|          m_axi|         gmem7|       pointer|
|m_axi_gmem7_BVALID     |   in|    1|          m_axi|         gmem7|       pointer|
|m_axi_gmem7_BREADY     |  out|    1|          m_axi|         gmem7|       pointer|
|m_axi_gmem7_BRESP      |   in|    2|          m_axi|         gmem7|       pointer|
|m_axi_gmem7_BID        |   in|    1|          m_axi|         gmem7|       pointer|
|m_axi_gmem7_BUSER      |   in|    1|          m_axi|         gmem7|       pointer|
|m_axi_gmem8_AWVALID    |  out|    1|          m_axi|         gmem8|       pointer|
|m_axi_gmem8_AWREADY    |   in|    1|          m_axi|         gmem8|       pointer|
|m_axi_gmem8_AWADDR     |  out|   64|          m_axi|         gmem8|       pointer|
|m_axi_gmem8_AWID       |  out|    1|          m_axi|         gmem8|       pointer|
|m_axi_gmem8_AWLEN      |  out|    8|          m_axi|         gmem8|       pointer|
|m_axi_gmem8_AWSIZE     |  out|    3|          m_axi|         gmem8|       pointer|
|m_axi_gmem8_AWBURST    |  out|    2|          m_axi|         gmem8|       pointer|
|m_axi_gmem8_AWLOCK     |  out|    2|          m_axi|         gmem8|       pointer|
|m_axi_gmem8_AWCACHE    |  out|    4|          m_axi|         gmem8|       pointer|
|m_axi_gmem8_AWPROT     |  out|    3|          m_axi|         gmem8|       pointer|
|m_axi_gmem8_AWQOS      |  out|    4|          m_axi|         gmem8|       pointer|
|m_axi_gmem8_AWREGION   |  out|    4|          m_axi|         gmem8|       pointer|
|m_axi_gmem8_AWUSER     |  out|    1|          m_axi|         gmem8|       pointer|
|m_axi_gmem8_WVALID     |  out|    1|          m_axi|         gmem8|       pointer|
|m_axi_gmem8_WREADY     |   in|    1|          m_axi|         gmem8|       pointer|
|m_axi_gmem8_WDATA      |  out|  128|          m_axi|         gmem8|       pointer|
|m_axi_gmem8_WSTRB      |  out|   16|          m_axi|         gmem8|       pointer|
|m_axi_gmem8_WLAST      |  out|    1|          m_axi|         gmem8|       pointer|
|m_axi_gmem8_WID        |  out|    1|          m_axi|         gmem8|       pointer|
|m_axi_gmem8_WUSER      |  out|    1|          m_axi|         gmem8|       pointer|
|m_axi_gmem8_ARVALID    |  out|    1|          m_axi|         gmem8|       pointer|
|m_axi_gmem8_ARREADY    |   in|    1|          m_axi|         gmem8|       pointer|
|m_axi_gmem8_ARADDR     |  out|   64|          m_axi|         gmem8|       pointer|
|m_axi_gmem8_ARID       |  out|    1|          m_axi|         gmem8|       pointer|
|m_axi_gmem8_ARLEN      |  out|    8|          m_axi|         gmem8|       pointer|
|m_axi_gmem8_ARSIZE     |  out|    3|          m_axi|         gmem8|       pointer|
|m_axi_gmem8_ARBURST    |  out|    2|          m_axi|         gmem8|       pointer|
|m_axi_gmem8_ARLOCK     |  out|    2|          m_axi|         gmem8|       pointer|
|m_axi_gmem8_ARCACHE    |  out|    4|          m_axi|         gmem8|       pointer|
|m_axi_gmem8_ARPROT     |  out|    3|          m_axi|         gmem8|       pointer|
|m_axi_gmem8_ARQOS      |  out|    4|          m_axi|         gmem8|       pointer|
|m_axi_gmem8_ARREGION   |  out|    4|          m_axi|         gmem8|       pointer|
|m_axi_gmem8_ARUSER     |  out|    1|          m_axi|         gmem8|       pointer|
|m_axi_gmem8_RVALID     |   in|    1|          m_axi|         gmem8|       pointer|
|m_axi_gmem8_RREADY     |  out|    1|          m_axi|         gmem8|       pointer|
|m_axi_gmem8_RDATA      |   in|  128|          m_axi|         gmem8|       pointer|
|m_axi_gmem8_RLAST      |   in|    1|          m_axi|         gmem8|       pointer|
|m_axi_gmem8_RID        |   in|    1|          m_axi|         gmem8|       pointer|
|m_axi_gmem8_RUSER      |   in|    1|          m_axi|         gmem8|       pointer|
|m_axi_gmem8_RRESP      |   in|    2|          m_axi|         gmem8|       pointer|
|m_axi_gmem8_BVALID     |   in|    1|          m_axi|         gmem8|       pointer|
|m_axi_gmem8_BREADY     |  out|    1|          m_axi|         gmem8|       pointer|
|m_axi_gmem8_BRESP      |   in|    2|          m_axi|         gmem8|       pointer|
|m_axi_gmem8_BID        |   in|    1|          m_axi|         gmem8|       pointer|
|m_axi_gmem8_BUSER      |   in|    1|          m_axi|         gmem8|       pointer|
|m_axi_gmem9_AWVALID    |  out|    1|          m_axi|         gmem9|       pointer|
|m_axi_gmem9_AWREADY    |   in|    1|          m_axi|         gmem9|       pointer|
|m_axi_gmem9_AWADDR     |  out|   64|          m_axi|         gmem9|       pointer|
|m_axi_gmem9_AWID       |  out|    1|          m_axi|         gmem9|       pointer|
|m_axi_gmem9_AWLEN      |  out|    8|          m_axi|         gmem9|       pointer|
|m_axi_gmem9_AWSIZE     |  out|    3|          m_axi|         gmem9|       pointer|
|m_axi_gmem9_AWBURST    |  out|    2|          m_axi|         gmem9|       pointer|
|m_axi_gmem9_AWLOCK     |  out|    2|          m_axi|         gmem9|       pointer|
|m_axi_gmem9_AWCACHE    |  out|    4|          m_axi|         gmem9|       pointer|
|m_axi_gmem9_AWPROT     |  out|    3|          m_axi|         gmem9|       pointer|
|m_axi_gmem9_AWQOS      |  out|    4|          m_axi|         gmem9|       pointer|
|m_axi_gmem9_AWREGION   |  out|    4|          m_axi|         gmem9|       pointer|
|m_axi_gmem9_AWUSER     |  out|    1|          m_axi|         gmem9|       pointer|
|m_axi_gmem9_WVALID     |  out|    1|          m_axi|         gmem9|       pointer|
|m_axi_gmem9_WREADY     |   in|    1|          m_axi|         gmem9|       pointer|
|m_axi_gmem9_WDATA      |  out|  128|          m_axi|         gmem9|       pointer|
|m_axi_gmem9_WSTRB      |  out|   16|          m_axi|         gmem9|       pointer|
|m_axi_gmem9_WLAST      |  out|    1|          m_axi|         gmem9|       pointer|
|m_axi_gmem9_WID        |  out|    1|          m_axi|         gmem9|       pointer|
|m_axi_gmem9_WUSER      |  out|    1|          m_axi|         gmem9|       pointer|
|m_axi_gmem9_ARVALID    |  out|    1|          m_axi|         gmem9|       pointer|
|m_axi_gmem9_ARREADY    |   in|    1|          m_axi|         gmem9|       pointer|
|m_axi_gmem9_ARADDR     |  out|   64|          m_axi|         gmem9|       pointer|
|m_axi_gmem9_ARID       |  out|    1|          m_axi|         gmem9|       pointer|
|m_axi_gmem9_ARLEN      |  out|    8|          m_axi|         gmem9|       pointer|
|m_axi_gmem9_ARSIZE     |  out|    3|          m_axi|         gmem9|       pointer|
|m_axi_gmem9_ARBURST    |  out|    2|          m_axi|         gmem9|       pointer|
|m_axi_gmem9_ARLOCK     |  out|    2|          m_axi|         gmem9|       pointer|
|m_axi_gmem9_ARCACHE    |  out|    4|          m_axi|         gmem9|       pointer|
|m_axi_gmem9_ARPROT     |  out|    3|          m_axi|         gmem9|       pointer|
|m_axi_gmem9_ARQOS      |  out|    4|          m_axi|         gmem9|       pointer|
|m_axi_gmem9_ARREGION   |  out|    4|          m_axi|         gmem9|       pointer|
|m_axi_gmem9_ARUSER     |  out|    1|          m_axi|         gmem9|       pointer|
|m_axi_gmem9_RVALID     |   in|    1|          m_axi|         gmem9|       pointer|
|m_axi_gmem9_RREADY     |  out|    1|          m_axi|         gmem9|       pointer|
|m_axi_gmem9_RDATA      |   in|  128|          m_axi|         gmem9|       pointer|
|m_axi_gmem9_RLAST      |   in|    1|          m_axi|         gmem9|       pointer|
|m_axi_gmem9_RID        |   in|    1|          m_axi|         gmem9|       pointer|
|m_axi_gmem9_RUSER      |   in|    1|          m_axi|         gmem9|       pointer|
|m_axi_gmem9_RRESP      |   in|    2|          m_axi|         gmem9|       pointer|
|m_axi_gmem9_BVALID     |   in|    1|          m_axi|         gmem9|       pointer|
|m_axi_gmem9_BREADY     |  out|    1|          m_axi|         gmem9|       pointer|
|m_axi_gmem9_BRESP      |   in|    2|          m_axi|         gmem9|       pointer|
|m_axi_gmem9_BID        |   in|    1|          m_axi|         gmem9|       pointer|
|m_axi_gmem9_BUSER      |   in|    1|          m_axi|         gmem9|       pointer|
|m_axi_gmem10_AWVALID   |  out|    1|          m_axi|        gmem10|       pointer|
|m_axi_gmem10_AWREADY   |   in|    1|          m_axi|        gmem10|       pointer|
|m_axi_gmem10_AWADDR    |  out|   64|          m_axi|        gmem10|       pointer|
|m_axi_gmem10_AWID      |  out|    1|          m_axi|        gmem10|       pointer|
|m_axi_gmem10_AWLEN     |  out|    8|          m_axi|        gmem10|       pointer|
|m_axi_gmem10_AWSIZE    |  out|    3|          m_axi|        gmem10|       pointer|
|m_axi_gmem10_AWBURST   |  out|    2|          m_axi|        gmem10|       pointer|
|m_axi_gmem10_AWLOCK    |  out|    2|          m_axi|        gmem10|       pointer|
|m_axi_gmem10_AWCACHE   |  out|    4|          m_axi|        gmem10|       pointer|
|m_axi_gmem10_AWPROT    |  out|    3|          m_axi|        gmem10|       pointer|
|m_axi_gmem10_AWQOS     |  out|    4|          m_axi|        gmem10|       pointer|
|m_axi_gmem10_AWREGION  |  out|    4|          m_axi|        gmem10|       pointer|
|m_axi_gmem10_AWUSER    |  out|    1|          m_axi|        gmem10|       pointer|
|m_axi_gmem10_WVALID    |  out|    1|          m_axi|        gmem10|       pointer|
|m_axi_gmem10_WREADY    |   in|    1|          m_axi|        gmem10|       pointer|
|m_axi_gmem10_WDATA     |  out|  128|          m_axi|        gmem10|       pointer|
|m_axi_gmem10_WSTRB     |  out|   16|          m_axi|        gmem10|       pointer|
|m_axi_gmem10_WLAST     |  out|    1|          m_axi|        gmem10|       pointer|
|m_axi_gmem10_WID       |  out|    1|          m_axi|        gmem10|       pointer|
|m_axi_gmem10_WUSER     |  out|    1|          m_axi|        gmem10|       pointer|
|m_axi_gmem10_ARVALID   |  out|    1|          m_axi|        gmem10|       pointer|
|m_axi_gmem10_ARREADY   |   in|    1|          m_axi|        gmem10|       pointer|
|m_axi_gmem10_ARADDR    |  out|   64|          m_axi|        gmem10|       pointer|
|m_axi_gmem10_ARID      |  out|    1|          m_axi|        gmem10|       pointer|
|m_axi_gmem10_ARLEN     |  out|    8|          m_axi|        gmem10|       pointer|
|m_axi_gmem10_ARSIZE    |  out|    3|          m_axi|        gmem10|       pointer|
|m_axi_gmem10_ARBURST   |  out|    2|          m_axi|        gmem10|       pointer|
|m_axi_gmem10_ARLOCK    |  out|    2|          m_axi|        gmem10|       pointer|
|m_axi_gmem10_ARCACHE   |  out|    4|          m_axi|        gmem10|       pointer|
|m_axi_gmem10_ARPROT    |  out|    3|          m_axi|        gmem10|       pointer|
|m_axi_gmem10_ARQOS     |  out|    4|          m_axi|        gmem10|       pointer|
|m_axi_gmem10_ARREGION  |  out|    4|          m_axi|        gmem10|       pointer|
|m_axi_gmem10_ARUSER    |  out|    1|          m_axi|        gmem10|       pointer|
|m_axi_gmem10_RVALID    |   in|    1|          m_axi|        gmem10|       pointer|
|m_axi_gmem10_RREADY    |  out|    1|          m_axi|        gmem10|       pointer|
|m_axi_gmem10_RDATA     |   in|  128|          m_axi|        gmem10|       pointer|
|m_axi_gmem10_RLAST     |   in|    1|          m_axi|        gmem10|       pointer|
|m_axi_gmem10_RID       |   in|    1|          m_axi|        gmem10|       pointer|
|m_axi_gmem10_RUSER     |   in|    1|          m_axi|        gmem10|       pointer|
|m_axi_gmem10_RRESP     |   in|    2|          m_axi|        gmem10|       pointer|
|m_axi_gmem10_BVALID    |   in|    1|          m_axi|        gmem10|       pointer|
|m_axi_gmem10_BREADY    |  out|    1|          m_axi|        gmem10|       pointer|
|m_axi_gmem10_BRESP     |   in|    2|          m_axi|        gmem10|       pointer|
|m_axi_gmem10_BID       |   in|    1|          m_axi|        gmem10|       pointer|
|m_axi_gmem10_BUSER     |   in|    1|          m_axi|        gmem10|       pointer|
|m_axi_gmem11_AWVALID   |  out|    1|          m_axi|        gmem11|       pointer|
|m_axi_gmem11_AWREADY   |   in|    1|          m_axi|        gmem11|       pointer|
|m_axi_gmem11_AWADDR    |  out|   64|          m_axi|        gmem11|       pointer|
|m_axi_gmem11_AWID      |  out|    1|          m_axi|        gmem11|       pointer|
|m_axi_gmem11_AWLEN     |  out|    8|          m_axi|        gmem11|       pointer|
|m_axi_gmem11_AWSIZE    |  out|    3|          m_axi|        gmem11|       pointer|
|m_axi_gmem11_AWBURST   |  out|    2|          m_axi|        gmem11|       pointer|
|m_axi_gmem11_AWLOCK    |  out|    2|          m_axi|        gmem11|       pointer|
|m_axi_gmem11_AWCACHE   |  out|    4|          m_axi|        gmem11|       pointer|
|m_axi_gmem11_AWPROT    |  out|    3|          m_axi|        gmem11|       pointer|
|m_axi_gmem11_AWQOS     |  out|    4|          m_axi|        gmem11|       pointer|
|m_axi_gmem11_AWREGION  |  out|    4|          m_axi|        gmem11|       pointer|
|m_axi_gmem11_AWUSER    |  out|    1|          m_axi|        gmem11|       pointer|
|m_axi_gmem11_WVALID    |  out|    1|          m_axi|        gmem11|       pointer|
|m_axi_gmem11_WREADY    |   in|    1|          m_axi|        gmem11|       pointer|
|m_axi_gmem11_WDATA     |  out|  128|          m_axi|        gmem11|       pointer|
|m_axi_gmem11_WSTRB     |  out|   16|          m_axi|        gmem11|       pointer|
|m_axi_gmem11_WLAST     |  out|    1|          m_axi|        gmem11|       pointer|
|m_axi_gmem11_WID       |  out|    1|          m_axi|        gmem11|       pointer|
|m_axi_gmem11_WUSER     |  out|    1|          m_axi|        gmem11|       pointer|
|m_axi_gmem11_ARVALID   |  out|    1|          m_axi|        gmem11|       pointer|
|m_axi_gmem11_ARREADY   |   in|    1|          m_axi|        gmem11|       pointer|
|m_axi_gmem11_ARADDR    |  out|   64|          m_axi|        gmem11|       pointer|
|m_axi_gmem11_ARID      |  out|    1|          m_axi|        gmem11|       pointer|
|m_axi_gmem11_ARLEN     |  out|    8|          m_axi|        gmem11|       pointer|
|m_axi_gmem11_ARSIZE    |  out|    3|          m_axi|        gmem11|       pointer|
|m_axi_gmem11_ARBURST   |  out|    2|          m_axi|        gmem11|       pointer|
|m_axi_gmem11_ARLOCK    |  out|    2|          m_axi|        gmem11|       pointer|
|m_axi_gmem11_ARCACHE   |  out|    4|          m_axi|        gmem11|       pointer|
|m_axi_gmem11_ARPROT    |  out|    3|          m_axi|        gmem11|       pointer|
|m_axi_gmem11_ARQOS     |  out|    4|          m_axi|        gmem11|       pointer|
|m_axi_gmem11_ARREGION  |  out|    4|          m_axi|        gmem11|       pointer|
|m_axi_gmem11_ARUSER    |  out|    1|          m_axi|        gmem11|       pointer|
|m_axi_gmem11_RVALID    |   in|    1|          m_axi|        gmem11|       pointer|
|m_axi_gmem11_RREADY    |  out|    1|          m_axi|        gmem11|       pointer|
|m_axi_gmem11_RDATA     |   in|  128|          m_axi|        gmem11|       pointer|
|m_axi_gmem11_RLAST     |   in|    1|          m_axi|        gmem11|       pointer|
|m_axi_gmem11_RID       |   in|    1|          m_axi|        gmem11|       pointer|
|m_axi_gmem11_RUSER     |   in|    1|          m_axi|        gmem11|       pointer|
|m_axi_gmem11_RRESP     |   in|    2|          m_axi|        gmem11|       pointer|
|m_axi_gmem11_BVALID    |   in|    1|          m_axi|        gmem11|       pointer|
|m_axi_gmem11_BREADY    |  out|    1|          m_axi|        gmem11|       pointer|
|m_axi_gmem11_BRESP     |   in|    2|          m_axi|        gmem11|       pointer|
|m_axi_gmem11_BID       |   in|    1|          m_axi|        gmem11|       pointer|
|m_axi_gmem11_BUSER     |   in|    1|          m_axi|        gmem11|       pointer|
|m_axi_gmem12_AWVALID   |  out|    1|          m_axi|        gmem12|       pointer|
|m_axi_gmem12_AWREADY   |   in|    1|          m_axi|        gmem12|       pointer|
|m_axi_gmem12_AWADDR    |  out|   64|          m_axi|        gmem12|       pointer|
|m_axi_gmem12_AWID      |  out|    1|          m_axi|        gmem12|       pointer|
|m_axi_gmem12_AWLEN     |  out|    8|          m_axi|        gmem12|       pointer|
|m_axi_gmem12_AWSIZE    |  out|    3|          m_axi|        gmem12|       pointer|
|m_axi_gmem12_AWBURST   |  out|    2|          m_axi|        gmem12|       pointer|
|m_axi_gmem12_AWLOCK    |  out|    2|          m_axi|        gmem12|       pointer|
|m_axi_gmem12_AWCACHE   |  out|    4|          m_axi|        gmem12|       pointer|
|m_axi_gmem12_AWPROT    |  out|    3|          m_axi|        gmem12|       pointer|
|m_axi_gmem12_AWQOS     |  out|    4|          m_axi|        gmem12|       pointer|
|m_axi_gmem12_AWREGION  |  out|    4|          m_axi|        gmem12|       pointer|
|m_axi_gmem12_AWUSER    |  out|    1|          m_axi|        gmem12|       pointer|
|m_axi_gmem12_WVALID    |  out|    1|          m_axi|        gmem12|       pointer|
|m_axi_gmem12_WREADY    |   in|    1|          m_axi|        gmem12|       pointer|
|m_axi_gmem12_WDATA     |  out|  512|          m_axi|        gmem12|       pointer|
|m_axi_gmem12_WSTRB     |  out|   64|          m_axi|        gmem12|       pointer|
|m_axi_gmem12_WLAST     |  out|    1|          m_axi|        gmem12|       pointer|
|m_axi_gmem12_WID       |  out|    1|          m_axi|        gmem12|       pointer|
|m_axi_gmem12_WUSER     |  out|    1|          m_axi|        gmem12|       pointer|
|m_axi_gmem12_ARVALID   |  out|    1|          m_axi|        gmem12|       pointer|
|m_axi_gmem12_ARREADY   |   in|    1|          m_axi|        gmem12|       pointer|
|m_axi_gmem12_ARADDR    |  out|   64|          m_axi|        gmem12|       pointer|
|m_axi_gmem12_ARID      |  out|    1|          m_axi|        gmem12|       pointer|
|m_axi_gmem12_ARLEN     |  out|    8|          m_axi|        gmem12|       pointer|
|m_axi_gmem12_ARSIZE    |  out|    3|          m_axi|        gmem12|       pointer|
|m_axi_gmem12_ARBURST   |  out|    2|          m_axi|        gmem12|       pointer|
|m_axi_gmem12_ARLOCK    |  out|    2|          m_axi|        gmem12|       pointer|
|m_axi_gmem12_ARCACHE   |  out|    4|          m_axi|        gmem12|       pointer|
|m_axi_gmem12_ARPROT    |  out|    3|          m_axi|        gmem12|       pointer|
|m_axi_gmem12_ARQOS     |  out|    4|          m_axi|        gmem12|       pointer|
|m_axi_gmem12_ARREGION  |  out|    4|          m_axi|        gmem12|       pointer|
|m_axi_gmem12_ARUSER    |  out|    1|          m_axi|        gmem12|       pointer|
|m_axi_gmem12_RVALID    |   in|    1|          m_axi|        gmem12|       pointer|
|m_axi_gmem12_RREADY    |  out|    1|          m_axi|        gmem12|       pointer|
|m_axi_gmem12_RDATA     |   in|  512|          m_axi|        gmem12|       pointer|
|m_axi_gmem12_RLAST     |   in|    1|          m_axi|        gmem12|       pointer|
|m_axi_gmem12_RID       |   in|    1|          m_axi|        gmem12|       pointer|
|m_axi_gmem12_RUSER     |   in|    1|          m_axi|        gmem12|       pointer|
|m_axi_gmem12_RRESP     |   in|    2|          m_axi|        gmem12|       pointer|
|m_axi_gmem12_BVALID    |   in|    1|          m_axi|        gmem12|       pointer|
|m_axi_gmem12_BREADY    |  out|    1|          m_axi|        gmem12|       pointer|
|m_axi_gmem12_BRESP     |   in|    2|          m_axi|        gmem12|       pointer|
|m_axi_gmem12_BID       |   in|    1|          m_axi|        gmem12|       pointer|
|m_axi_gmem12_BUSER     |   in|    1|          m_axi|        gmem12|       pointer|
+-----------------------+-----+-----+---------------+--------------+--------------+

