#-----------------------------------------------------------
# Vivado v2023.2 (64-bit)
# SW Build 4029153 on Fri Oct 13 20:13:54 MDT 2023
# IP Build 4028589 on Sat Oct 14 00:45:43 MDT 2023
# SharedData Build 4025554 on Tue Oct 10 17:18:54 MDT 2023
# Start of session at: Wed Jul 15 07:26:51 2026
# Process ID: 2239684
# Current directory: /home/ae_reviewer/TempGNN/build/baselines/rtga_timingfix_v3_hw/_x/link/vivado/vpl
# Command line: vivado -log vivado.log -applog -messageDb vivado.pb -mode batch -source vpl.tcl -notrace
# Log file: /home/ae_reviewer/TempGNN/build/baselines/rtga_timingfix_v3_hw/_x/link/vivado/vpl/vivado.log
# Journal file: /home/ae_reviewer/TempGNN/build/baselines/rtga_timingfix_v3_hw/_x/link/vivado/vpl/vivado.jou
# Running On: u280-ae-host, OS: Linux, CPU Frequency: 2599.849 MHz, CPU Physical cores: 12, Host memory: 67419 MB
#-----------------------------------------------------------
source vpl.tcl -notrace
INFO: Dispatch client connection id - 42955
[07:26:56] Run vpl: Step create_project: Started
INFO: [OCL_UTIL] current step: vpl.create_project
Creating Vivado project.
INFO: [OCL_UTIL] internal step: source .local/hw_platform/tcl_hooks/prelink.tcl
INFO: [OCL_UTIL] internal step: create_project -part xcu280-fsvh2892-2L-e -force prj prj
create_project: Time (s): cpu = 00:00:09 ; elapsed = 00:00:09 . Memory (MB): peak = 1360.367 ; gain = 42.836 ; free physical = 38648 ; free virtual = 54198
INFO: [OCL_UTIL] set_property design_mode GateLvl [current_fileset]
INFO: [Vivado 12-3498] Setting project source management mode (property SOURCE_MGMT_MODE) to "None".
INFO: [OCL_UTIL] add module references to project
INFO: [OCL_UTIL] set_property PR_FLOW 1 [current_project]
INFO: [OCL_UTIL] internal step: add_files .local/hw_platform/hw_bb_locked.dcp
INFO: [OCL_UTIL] internal step: create_partition_def -name my_pd -module ulp
INFO: [OCL_UTIL] internal step: create_reconfig_module -name my_rm -partition_def [get_partition_defs my_pd ] -top ulp
INFO: [OCL_UTIL] set_property use_blackbox_stub false [get_filesets my_rm -of_objects [get_reconfig_modules my_rm]]
INFO: [OCL_UTIL] set_property USE_BLACKBOX_STUB 0 [get_partition_defs my_pd]
INFO: [OCL_UTIL] internal step: create_pr_configuration -name config_1 -partitions [list level0_i/ulp:my_rm]
CRITICAL WARNING: [filemgmt 20-730] Could not find a top module in the fileset my_rm.
Resolution: With the gui up, review the source files in the Sources window. Use Add Sources to add any needed sources. If the files are disabled, enable them. You can also select the file and choose Set Used In from the pop-up menu. Review if they are being used at the proper points of the flow.
INFO: [OCL_UTIL] set_property AUTO_IMPORT 0 [get_pr_configuration config_1]
INFO: [OCL_UTIL] set_property USE_BLACKBOX 0 [get_pr_configuration config_1]
[07:27:05] Run vpl: Step create_project: Completed
[07:27:05] Run vpl: Step create_bd: Started
INFO: [OCL_UTIL] current step: vpl.create_bd
INFO: [OCL_UTIL] set_property board_part_repo_paths .local/hw_platform/board [current_project]
INFO: [OCL_UTIL] set_property board_part xilinx.com:au280:part0:1.3 [current_project]
INFO: [OCL_UTIL] set_property ip_repo_paths /home/ae_reviewer/TempGNN/build/baselines/rtga_timingfix_v3_hw/_x/link/int/xo/ip_repo/xilinx_com_hls_rtga_kernel_1_0 .local/hw_platform/iprepo .local/hw_platform/ipcache /tools/Xilinx/Vitis/2023.2/data/ip [current_project]
INFO: [OCL_UTIL] internal step: update_ip_catalog
INFO: [IP_Flow 19-234] Refreshing IP repositories
INFO: [IP_Flow 19-1700] Loaded user IP repository '/home/ae_reviewer/TempGNN/build/baselines/rtga_timingfix_v3_hw/_x/link/int/xo/ip_repo/xilinx_com_hls_rtga_kernel_1_0'.
INFO: [IP_Flow 19-1700] Loaded user IP repository '/home/ae_reviewer/TempGNN/build/baselines/rtga_timingfix_v3_hw/_x/link/vivado/vpl/.local/hw_platform/iprepo'.
INFO: [IP_Flow 19-1700] Loaded user IP repository '/home/ae_reviewer/TempGNN/build/baselines/rtga_timingfix_v3_hw/_x/link/vivado/vpl/.local/hw_platform/ipcache'.
INFO: [IP_Flow 19-1700] Loaded user IP repository '/tools/Xilinx/Vitis/2023.2/data/ip'.
INFO: [IP_Flow 19-2313] Loaded Vivado IP repository '/tools/Xilinx/Vivado/2023.2/data/ip'.
WARNING: [IP_Flow 19-1663] Duplicate IP found for 'xilinx.com:ip:axi_clk_metadata_adapter:1.0'. The one found in IP location '/home/ae_reviewer/TempGNN/build/baselines/rtga_timingfix_v3_hw/_x/link/vivado/vpl/.local/hw_platform/iprepo/ipdefs/other_ipdefs/axi_clk_metadata_adapter_v1_0' will take precedence over the same IP in location /home/ae_reviewer/TempGNN/build/baselines/rtga_timingfix_v3_hw/_x/link/vivado/vpl/.local/hw_platform/iprepo/ipdefs/pxi_ii_infra/axi_clk_metadata_adapter_v1_0
WARNING: [IP_Flow 19-1663] Duplicate IP found for 'xilinx.com:ip:axis_clk_metadata_adapter:1.0'. The one found in IP location '/home/ae_reviewer/TempGNN/build/baselines/rtga_timingfix_v3_hw/_x/link/vivado/vpl/.local/hw_platform/iprepo/ipdefs/other_ipdefs/axis_clk_metadata_adapter_v1_0' will take precedence over the same IP in location /home/ae_reviewer/TempGNN/build/baselines/rtga_timingfix_v3_hw/_x/link/vivado/vpl/.local/hw_platform/iprepo/ipdefs/pxi_ii_infra/axis_clk_metadata_adapter_v1_0
WARNING: [IP_Flow 19-1663] Duplicate IP found for 'xilinx.com:ip:clk_metadata_adapter:1.0'. The one found in IP location '/home/ae_reviewer/TempGNN/build/baselines/rtga_timingfix_v3_hw/_x/link/vivado/vpl/.local/hw_platform/iprepo/ipdefs/other_ipdefs/clk_metadata_adapter_v1_0' will take precedence over the same IP in location /home/ae_reviewer/TempGNN/build/baselines/rtga_timingfix_v3_hw/_x/link/vivado/vpl/.local/hw_platform/iprepo/ipdefs/pxi_ii_infra/clk_metadata_adapter_v1_0
WARNING: [IP_Flow 19-1663] Duplicate IP found for 'xilinx.com:ip:pipeline_reg:1.0'. The one found in IP location '/home/ae_reviewer/TempGNN/build/baselines/rtga_timingfix_v3_hw/_x/link/vivado/vpl/.local/hw_platform/iprepo/ipdefs/other_ipdefs/pipeline_reg_v1_0' will take precedence over the same IP in location /home/ae_reviewer/TempGNN/build/baselines/rtga_timingfix_v3_hw/_x/link/vivado/vpl/.local/hw_platform/iprepo/ipdefs/pxi_ii_infra/pipeline_reg_v1_0
WARNING: [IP_Flow 19-1663] Duplicate IP found for 'xilinx.com:ip:shell_utils_build_info:1.0'. The one found in IP location '/home/ae_reviewer/TempGNN/build/baselines/rtga_timingfix_v3_hw/_x/link/vivado/vpl/.local/hw_platform/iprepo/ipdefs/other_ipdefs/shell_utils_build_info_v1_0' will take precedence over the same IP in the Xilinx installed IP.
INFO: [OCL_UTIL] internal step: config_ip_cache -use_cache_location /home/ae_reviewer/TempGNN/build/baselines/rtga_timingfix_v3_hw/.ipcache
INFO: [OCL_UTIL] internal step: import_files -norecurse .local/hw_platform/bd/202211_1_dev.srcs/sources_1/bd/ulp/ulp.bd -of_objects my_rm
INFO: [Project 1-1727] Source BDs should be added before importing the top BD /home/ae_reviewer/TempGNN/build/baselines/rtga_timingfix_v3_hw/_x/link/vivado/vpl/.local/hw_platform/bd/202211_1_dev.srcs/sources_1/bd/ulp/ulp.bd with BDC
WARNING: [BD 41-1661] One or more IPs have been locked in the design 'ulp.bd'. Please run report_ip_status for more details and recommendations on how to fix this issue.
List of locked IPs:
ulp_axi_vip_data_3
ulp_s00_regslice_8
ulp_axi_vip_ctrl_userpf_2
ulp_regslice_data_1
ulp_proc_sys_reset_kernel_slr1_0
ulp_axi_vip_ctrl_userpf_1
ulp_proc_sys_reset_ctrl_slr1_0
ulp_regslice_control_userpf_2
ulp_interconnect_axilite_user_2
ulp_proc_sys_reset_ctrl_slr0_0
ulp_proc_sys_reset_ctrl_slr2_0
ulp_axi_vip_data_0
ulp_proc_sys_reset_kernel_slr2_0
ulp_xbar_0
ulp_s00_regslice_7
ulp_hmss_0_0
ulp_axi_vip_ctrl_userpf_0
ulp_regslice_control_userpf_1
ulp_interconnect_axilite_user_1
ulp_axi_regslice_slr0_0
ulp_axi_ic_ctrl_mgmt_slr1_0
ulp_memory_subsystem_0
ulp_axi_regslice_slr1_0
ulp_proc_sys_reset_kernel_slr0_0
ulp_hbm_ddr_concat_0
ulp_axi_vip_data_2
ulp_hbm_ddr_init_complete_0
ulp_axi_regslice_slr2_0
ulp_satellite_gpio_slice_1_0
ulp_axi_data_sc_0
ulp_proc_sys_reset_kernel2_slr0_0
ulp_axi_gpio_null_1
ulp_axi_gpio_null_2
ulp_proc_sys_reset_kernel2_slr1_0
ulp_proc_sys_reset_kernel2_slr2_0
ulp_proc_sys_reset_freerun_slr0_0
ulp_proc_sys_reset_freerun_slr1_0
ulp_proc_sys_reset_freerun_slr2_0
ulp_regslice_data_2
ulp_axi_gpio_null_0
ulp_auto_cc_1
ulp_s00_regslice_6
ulp_auto_cc_0
ulp_auto_cc_2
ulp_regslice_control_userpf_0
ulp_interconnect_axilite_user_0
ulp_regslice_data_0
ulp_axi_vip_data_1

WARNING: [IP_Flow 19-2162] IP 'ulp_xbar_0' is locked:
* IP definition 'AXI Crossbar (2.1)' for IP 'ulp_xbar_0' (customized with software release 2022.1.1) has a different revision in the IP Catalog.
WARNING: [IP_Flow 19-2162] IP 'ulp_axi_ic_ctrl_mgmt_slr1_0' is locked:
* IP definition 'AXI Interconnect (2.1)' for IP 'ulp_axi_ic_ctrl_mgmt_slr1_0' (customized with software release 2022.1.1) has a different revision in the IP Catalog.
WARNING: [IP_Flow 19-2162] IP 'ulp_memory_subsystem_0' is locked:
* IP definition 'SDx Memory Subsystem (1.0)' for IP 'ulp_memory_subsystem_0' (customized with software release 2022.1.1) has a different revision in the IP Catalog.
WARNING: [IP_Flow 19-2162] IP 'ulp_hmss_0_0' is locked:
* IP definition 'HBM Memory Subsystem (HMSS) (2.0)' for IP 'ulp_hmss_0_0' (customized with software release 2022.1.1) has a different revision in the IP Catalog.
WARNING: [IP_Flow 19-2162] IP 'ulp_axi_vip_data_0' is locked:
* IP definition 'AXI Verification IP (1.1)' for IP 'ulp_axi_vip_data_0' (customized with software release 2022.1.1) has a different revision in the IP Catalog.
WARNING: [IP_Flow 19-2162] IP 'ulp_axi_data_sc_0' is locked:
* IP definition 'AXI SmartConnect (1.0)' for IP 'ulp_axi_data_sc_0' (customized with software release 2022.1.1) has a different revision in the IP Catalog.
WARNING: [IP_Flow 19-2162] IP 'ulp_satellite_gpio_slice_1_0' is locked:
* IP definition 'Slice (1.0)' for IP 'ulp_satellite_gpio_slice_1_0' (customized with software release 2022.1.1) has a different revision in the IP Catalog.
WARNING: [IP_Flow 19-2162] IP 'ulp_axi_regslice_slr0_0' is locked:
* IP definition 'AXI Register Slice (2.1)' for IP 'ulp_axi_regslice_slr0_0' (customized with software release 2022.1.1) has a different revision in the IP Catalog.
WARNING: [IP_Flow 19-2162] IP 'ulp_axi_regslice_slr1_0' is locked:
* IP definition 'AXI Register Slice (2.1)' for IP 'ulp_axi_regslice_slr1_0' (customized with software release 2022.1.1) has a different revision in the IP Catalog.
WARNING: [IP_Flow 19-2162] IP 'ulp_axi_regslice_slr2_0' is locked:
* IP definition 'AXI Register Slice (2.1)' for IP 'ulp_axi_regslice_slr2_0' (customized with software release 2022.1.1) has a different revision in the IP Catalog.
WARNING: [IP_Flow 19-2162] IP 'ulp_hbm_ddr_init_complete_0' is locked:
* IP definition 'Utility Reduced Logic (2.0)' for IP 'ulp_hbm_ddr_init_complete_0' (customized with software release 2022.1.1) has a different revision in the IP Catalog.
WARNING: [IP_Flow 19-2162] IP 'ulp_hbm_ddr_concat_0' is locked:
* IP definition 'Concat (2.1)' for IP 'ulp_hbm_ddr_concat_0' (customized with software release 2022.1.1) has a different revision in the IP Catalog.
WARNING: [IP_Flow 19-2162] IP 'ulp_proc_sys_reset_ctrl_slr0_0' is locked:
* IP definition 'Processor System Reset (5.0)' for IP 'ulp_proc_sys_reset_ctrl_slr0_0' (customized with software release 2022.1.1) has a different revision in the IP Catalog.
WARNING: [IP_Flow 19-2162] IP 'ulp_proc_sys_reset_ctrl_slr1_0' is locked:
* IP definition 'Processor System Reset (5.0)' for IP 'ulp_proc_sys_reset_ctrl_slr1_0' (customized with software release 2022.1.1) has a different revision in the IP Catalog.
WARNING: [IP_Flow 19-2162] IP 'ulp_proc_sys_reset_ctrl_slr2_0' is locked:
* IP definition 'Processor System Reset (5.0)' for IP 'ulp_proc_sys_reset_ctrl_slr2_0' (customized with software release 2022.1.1) has a different revision in the IP Catalog.
WARNING: [IP_Flow 19-2162] IP 'ulp_proc_sys_reset_kernel_slr0_0' is locked:
* IP definition 'Processor System Reset (5.0)' for IP 'ulp_proc_sys_reset_kernel_slr0_0' (customized with software release 2022.1.1) has a different revision in the IP Catalog.
WARNING: [IP_Flow 19-2162] IP 'ulp_proc_sys_reset_kernel_slr1_0' is locked:
* IP definition 'Processor System Reset (5.0)' for IP 'ulp_proc_sys_reset_kernel_slr1_0' (customized with software release 2022.1.1) has a different revision in the IP Catalog.
WARNING: [IP_Flow 19-2162] IP 'ulp_proc_sys_reset_kernel_slr2_0' is locked:
* IP definition 'Processor System Reset (5.0)' for IP 'ulp_proc_sys_reset_kernel_slr2_0' (customized with software release 2022.1.1) has a different revision in the IP Catalog.
WARNING: [IP_Flow 19-2162] IP 'ulp_proc_sys_reset_kernel2_slr0_0' is locked:
* IP definition 'Processor System Reset (5.0)' for IP 'ulp_proc_sys_reset_kernel2_slr0_0' (customized with software release 2022.1.1) has a different revision in the IP Catalog.
WARNING: [IP_Flow 19-2162] IP 'ulp_proc_sys_reset_kernel2_slr1_0' is locked:
* IP definition 'Processor System Reset (5.0)' for IP 'ulp_proc_sys_reset_kernel2_slr1_0' (customized with software release 2022.1.1) has a different revision in the IP Catalog.
WARNING: [IP_Flow 19-2162] IP 'ulp_proc_sys_reset_kernel2_slr2_0' is locked:
* IP definition 'Processor System Reset (5.0)' for IP 'ulp_proc_sys_reset_kernel2_slr2_0' (customized with software release 2022.1.1) has a different revision in the IP Catalog.
WARNING: [IP_Flow 19-2162] IP 'ulp_proc_sys_reset_freerun_slr0_0' is locked:
* IP definition 'Processor System Reset (5.0)' for IP 'ulp_proc_sys_reset_freerun_slr0_0' (customized with software release 2022.1.1) has a different revision in the IP Catalog.
WARNING: [IP_Flow 19-2162] IP 'ulp_proc_sys_reset_freerun_slr1_0' is locked:
* IP definition 'Processor System Reset (5.0)' for IP 'ulp_proc_sys_reset_freerun_slr1_0' (customized with software release 2022.1.1) has a different revision in the IP Catalog.
WARNING: [IP_Flow 19-2162] IP 'ulp_proc_sys_reset_freerun_slr2_0' is locked:
* IP definition 'Processor System Reset (5.0)' for IP 'ulp_proc_sys_reset_freerun_slr2_0' (customized with software release 2022.1.1) has a different revision in the IP Catalog.
WARNING: [IP_Flow 19-2162] IP 'ulp_axi_gpio_null_0' is locked:
* IP definition 'AXI GPIO (2.0)' for IP 'ulp_axi_gpio_null_0' (customized with software release 2022.1.1) has a different revision in the IP Catalog.
WARNING: [IP_Flow 19-2162] IP 'ulp_axi_vip_ctrl_userpf_0' is locked:
* IP definition 'AXI Verification IP (1.1)' for IP 'ulp_axi_vip_ctrl_userpf_0' (customized with software release 2022.1.1) has a different revision in the IP Catalog.
WARNING: [IP_Flow 19-2162] IP 'ulp_s00_regslice_6' is locked:
* IP definition 'AXI Register Slice (2.1)' for IP 'ulp_s00_regslice_6' (customized with software release 2022.1.1) has a different revision in the IP Catalog.
WARNING: [IP_Flow 19-2162] IP 'ulp_auto_cc_0' is locked:
* IP definition 'AXI Clock Converter (2.1)' for IP 'ulp_auto_cc_0' (customized with software release 2022.1.1) has a different revision in the IP Catalog.
WARNING: [IP_Flow 19-2162] IP 'ulp_interconnect_axilite_user_0' is locked:
* IP definition 'AXI Interconnect (2.1)' for IP 'ulp_interconnect_axilite_user_0' (customized with software release 2022.1.1) has a different revision in the IP Catalog.
WARNING: [IP_Flow 19-2162] IP 'ulp_regslice_control_userpf_0' is locked:
* IP definition 'AXI Register Slice (2.1)' for IP 'ulp_regslice_control_userpf_0' (customized with software release 2022.1.1) has a different revision in the IP Catalog.
WARNING: [IP_Flow 19-2162] IP 'ulp_regslice_data_0' is locked:
* IP definition 'AXI Register Slice (2.1)' for IP 'ulp_regslice_data_0' (customized with software release 2022.1.1) has a different revision in the IP Catalog.
WARNING: [IP_Flow 19-2162] IP 'ulp_axi_vip_data_1' is locked:
* IP definition 'AXI Verification IP (1.1)' for IP 'ulp_axi_vip_data_1' (customized with software release 2022.1.1) has a different revision in the IP Catalog.
WARNING: [IP_Flow 19-2162] IP 'ulp_axi_gpio_null_1' is locked:
* IP definition 'AXI GPIO (2.0)' for IP 'ulp_axi_gpio_null_1' (customized with software release 2022.1.1) has a different revision in the IP Catalog.
WARNING: [IP_Flow 19-2162] IP 'ulp_axi_vip_ctrl_userpf_1' is locked:
* IP definition 'AXI Verification IP (1.1)' for IP 'ulp_axi_vip_ctrl_userpf_1' (customized with software release 2022.1.1) has a different revision in the IP Catalog.
WARNING: [IP_Flow 19-2162] IP 'ulp_s00_regslice_7' is locked:
* IP definition 'AXI Register Slice (2.1)' for IP 'ulp_s00_regslice_7' (customized with software release 2022.1.1) has a different revision in the IP Catalog.
WARNING: [IP_Flow 19-2162] IP 'ulp_auto_cc_1' is locked:
* IP definition 'AXI Clock Converter (2.1)' for IP 'ulp_auto_cc_1' (customized with software release 2022.1.1) has a different revision in the IP Catalog.
WARNING: [IP_Flow 19-2162] IP 'ulp_interconnect_axilite_user_1' is locked:
* IP definition 'AXI Interconnect (2.1)' for IP 'ulp_interconnect_axilite_user_1' (customized with software release 2022.1.1) has a different revision in the IP Catalog.
WARNING: [IP_Flow 19-2162] IP 'ulp_regslice_control_userpf_1' is locked:
* IP definition 'AXI Register Slice (2.1)' for IP 'ulp_regslice_control_userpf_1' (customized with software release 2022.1.1) has a different revision in the IP Catalog.
WARNING: [IP_Flow 19-2162] IP 'ulp_regslice_data_1' is locked:
* IP definition 'AXI Register Slice (2.1)' for IP 'ulp_regslice_data_1' (customized with software release 2022.1.1) has a different revision in the IP Catalog.
WARNING: [IP_Flow 19-2162] IP 'ulp_axi_vip_data_2' is locked:
* IP definition 'AXI Verification IP (1.1)' for IP 'ulp_axi_vip_data_2' (customized with software release 2022.1.1) has a different revision in the IP Catalog.
WARNING: [IP_Flow 19-2162] IP 'ulp_axi_gpio_null_2' is locked:
* IP definition 'AXI GPIO (2.0)' for IP 'ulp_axi_gpio_null_2' (customized with software release 2022.1.1) has a different revision in the IP Catalog.
WARNING: [IP_Flow 19-2162] IP 'ulp_axi_vip_ctrl_userpf_2' is locked:
* IP definition 'AXI Verification IP (1.1)' for IP 'ulp_axi_vip_ctrl_userpf_2' (customized with software release 2022.1.1) has a different revision in the IP Catalog.
WARNING: [IP_Flow 19-2162] IP 'ulp_s00_regslice_8' is locked:
* IP definition 'AXI Register Slice (2.1)' for IP 'ulp_s00_regslice_8' (customized with software release 2022.1.1) has a different revision in the IP Catalog.
WARNING: [IP_Flow 19-2162] IP 'ulp_auto_cc_2' is locked:
* IP definition 'AXI Clock Converter (2.1)' for IP 'ulp_auto_cc_2' (customized with software release 2022.1.1) has a different revision in the IP Catalog.
WARNING: [IP_Flow 19-2162] IP 'ulp_interconnect_axilite_user_2' is locked:
* IP definition 'AXI Interconnect (2.1)' for IP 'ulp_interconnect_axilite_user_2' (customized with software release 2022.1.1) has a different revision in the IP Catalog.
WARNING: [IP_Flow 19-2162] IP 'ulp_regslice_control_userpf_2' is locked:
* IP definition 'AXI Register Slice (2.1)' for IP 'ulp_regslice_control_userpf_2' (customized with software release 2022.1.1) has a different revision in the IP Catalog.
WARNING: [IP_Flow 19-2162] IP 'ulp_regslice_data_2' is locked:
* IP definition 'AXI Register Slice (2.1)' for IP 'ulp_regslice_data_2' (customized with software release 2022.1.1) has a different revision in the IP Catalog.
WARNING: [IP_Flow 19-2162] IP 'ulp_axi_vip_data_3' is locked:
* IP definition 'AXI Verification IP (1.1)' for IP 'ulp_axi_vip_data_3' (customized with software release 2022.1.1) has a different revision in the IP Catalog.
INFO: [OCL_UTIL] set_property synth_checkpoint_mode Hierarchical [get_files -all ulp.bd]
INFO: [OCL_UTIL] internal step: open_bd_design -auto_upgrade [get_files ulp.bd]
Reading block design file </home/ae_reviewer/TempGNN/build/baselines/rtga_timingfix_v3_hw/_x/link/vivado/vpl/prj/prj.srcs/my_rm/bd/ulp/ulp.bd>...
Adding component instance block -- xilinx.com:ip:ii_level0_wire:1.0 - ii_level0_wire
Adding component instance block -- xilinx.com:ip:shell_cmp_subsystem:3.0 - ulp_cmp
INFO: [xilinx.com:ip:debug_bridge:3.0-0] bd_097b_user_debug_bridge_0:  Update boundary has completed 
INFO: [xilinx.com:ip:debug_bridge:3.0-0] bd_097b_user_debug_bridge_0:  Update boundary has started running 
INFO: [xilinx.com:ip:debug_bridge:3.0-0] bd_097b_user_debug_bridge_0:  Update content has started running 
INFO: [xilinx.com:ip:debug_bridge:3.0-0] bd_097b_user_debug_hub_0:  Update boundary has completed 
INFO: [xilinx.com:ip:debug_bridge:3.0-0] bd_097b_user_debug_hub_0:  Update boundary has started running 
INFO: [xilinx.com:ip:debug_bridge:3.0-0] bd_097b_user_debug_hub_0:  Update content has started running 
INFO: [Device 21-403] Loading part xcu280-fsvh2892-2L-e
create_bd_cell: Time (s): cpu = 00:00:10 ; elapsed = 00:00:10 . Memory (MB): peak = 2934.988 ; gain = 1354.688 ; free physical = 37135 ; free virtual = 52691
create_bd_cell: Time (s): cpu = 00:00:10 ; elapsed = 00:00:11 . Memory (MB): peak = 2934.988 ; gain = 1354.688 ; free physical = 37134 ; free virtual = 52691
Slave segment '/user_debug_bridge/S_AXI/REG' is being assigned into address space '/s_axi_ctrl_user_debug' at <0x0140_0000 [ 64K ]>.
Address Space </s_axi_ctrl_user_debug> has no unaddressed segments
Slave segment '/build_info/S_AXI/reg0' is being assigned into address space '/s_axi_ctrl_mgmt' at <0x0102_0000 [ 4K ]>.
Address Space </s_axi_ctrl_mgmt> has no unaddressed segments
xit::source_ipfile: Time (s): cpu = 00:00:10 ; elapsed = 00:00:11 . Memory (MB): peak = 2934.988 ; gain = 1372.500 ; free physical = 37134 ; free virtual = 52691
Adding component instance block -- xilinx.com:ip:axi_interconnect:2.1 - axi_ic_ctrl_mgmt_slr1
Adding component instance block -- xilinx.com:ip:axi_crossbar:2.1 - xbar
Adding component instance block -- xilinx.com:ip:sdx_memory_subsystem:1.0 - memory_subsystem
WARNING: [IP_Flow 19-2162] IP '/memory_subsystem' is locked:
* Could not auto-correct bus parameter '/memory_subsystem/S01_AXI' from '37' to '38'. Please upgrade this IP to unlock.
Adding component instance block -- xilinx.com:ip:hbm_memory_subsystem:2.0 - hmss_0
Adding component instance block -- xilinx.com:ip:axi_vip:1.1 - axi_vip_data
Adding component instance block -- xilinx.com:ip:smartconnect:1.0 - axi_data_sc
Adding component instance block -- xilinx.com:ip:xlslice:1.0 - satellite_gpio_slice_1
Adding component instance block -- xilinx.com:ip:shell_ucs_subsystem:3.0 - ulp_ucs
WARNING: [BD 41-1306] The connection to interface pin </gapping_demand/gpio_gapping_demand/s_axi_bvalid> is being overridden by the user with net <gapping_demand_bvalid_net>. This pin will not be connected as a part of interface connection <S_AXI>.
WARNING: [BD 41-1306] The connection to interface pin </gapping_demand/gpio_gapping_demand/s_axi_bready> is being overridden by the user with net <gapping_demand_bready_net>. This pin will not be connected as a part of interface connection <S_AXI>.
WARNING: [BD 41-1306] The connection to interface pin </gapping_demand/gpio_gapping_demand/gpio2_io_i> is being overridden by the user with net <gpio_gapping_demand_conc_net>. This pin will not be connected as a part of interface connection <GPIO2>.
WARNING: [BD 41-1306] The connection to interface pin </gapping_demand/gpio_gapping_demand/gpio_io_o> is being overridden by the user with net <gpio_gapping_demand_gpio_net>. This pin will not be connected as a part of interface connection <GPIO>.
WARNING: [BD 41-1306] The connection to interface pin </ucs_control_status/gpio_ucs_control_status/gpio2_io_o> is being overridden by the user with net <gpio_ucs_control_status_net>. This pin will not be connected as a part of interface connection <GPIO2>.
WARNING: [BD 41-1306] The connection to interface pin </ucs_control_status/gpio_ucs_control_status/gpio_io_i> is being overridden by the user with net <gpio_ucs_status_concat_net>. This pin will not be connected as a part of interface connection <GPIO>.
create_bd_cell: Time (s): cpu = 00:00:07 ; elapsed = 00:00:08 . Memory (MB): peak = 3272.621 ; gain = 278.195 ; free physical = 36793 ; free virtual = 52352
WARNING: [BD 41-1306] The connection to interface pin </axi_ic_ctrl_mgmt_top/M03_AXI_bready> is being overridden by the user with net <gapping_demand_bready_net>. This pin will not be connected as a part of interface connection <M03_AXI>.
WARNING: [BD 41-1306] The connection to interface pin </axi_ic_ctrl_mgmt_top/M03_AXI_bvalid> is being overridden by the user with net <gapping_demand_bvalid_net>. This pin will not be connected as a part of interface connection <M03_AXI>.
Slave segment '/build_info/S_AXI/reg0' is being assigned into address space '/s_axi_ctrl_mgmt' at <0x0100_0000 [ 4K ]>.
Slave segment '/gapping_demand/gpio_gapping_demand/S_AXI/Reg' is being assigned into address space '/s_axi_ctrl_mgmt' at <0x0100_1000 [ 4K ]>.
Slave segment '/ucs_control_status/gpio_ucs_control_status/S_AXI/Reg' is being assigned into address space '/s_axi_ctrl_mgmt' at <0x0100_2000 [ 4K ]>.
Slave segment '/frequency_counters/frequency_counter_aclk/S_AXI/reg0' is being assigned into address space '/s_axi_ctrl_mgmt' at <0x0101_1000 [ 4K ]>.
Slave segment '/frequency_counters/frequency_counter_aclk_kernel_00/S_AXI/reg0' is being assigned into address space '/s_axi_ctrl_mgmt' at <0x0100_9000 [ 4K ]>.
Slave segment '/aclk_kernel_00_hierarchy/clkwiz_aclk_kernel_00/s_axi_lite/Reg' is being assigned into address space '/s_axi_ctrl_mgmt' at <0x0100_3000 [ 4K ]>.
Slave segment '/frequency_counters/frequency_counter_aclk_kernel_01/S_AXI/reg0' is being assigned into address space '/s_axi_ctrl_mgmt' at <0x0100_A000 [ 4K ]>.
Slave segment '/aclk_kernel_01_hierarchy/clkwiz_aclk_kernel_01/s_axi_lite/Reg' is being assigned into address space '/s_axi_ctrl_mgmt' at <0x0100_4000 [ 4K ]>.
Slave segment '/aclk_hbm_hierarchy/clkwiz_hbm/s_axi_lite/Reg' is being assigned into address space '/s_axi_ctrl_mgmt' at <0x0100_F000 [ 4K ]>.
Slave segment '/frequency_counters/frequency_counter_aclk_hbm/S_AXI/reg0' is being assigned into address space '/s_axi_ctrl_mgmt' at <0x0101_0000 [ 4K ]>.
Address Space </s_axi_ctrl_mgmt> has no unaddressed segments
xit::source_ipfile: Time (s): cpu = 00:00:11 ; elapsed = 00:00:12 . Memory (MB): peak = 3315.215 ; gain = 377.258 ; free physical = 36750 ; free virtual = 52309
Adding component instance block -- xilinx.com:ip:axi_register_slice:2.1 - axi_regslice_slr0
Adding component instance block -- xilinx.com:ip:axi_register_slice:2.1 - axi_regslice_slr1
Adding component instance block -- xilinx.com:ip:axi_register_slice:2.1 - axi_regslice_slr2
Adding component instance block -- xilinx.com:ip:util_reduced_logic:2.0 - hbm_ddr_init_complete
Adding component instance block -- xilinx.com:ip:xlconcat:2.1 - hbm_ddr_concat
Adding component instance block -- xilinx.com:ip:proc_sys_reset:5.0 - proc_sys_reset_ctrl_slr0
Adding component instance block -- xilinx.com:ip:proc_sys_reset:5.0 - proc_sys_reset_ctrl_slr1
Adding component instance block -- xilinx.com:ip:proc_sys_reset:5.0 - proc_sys_reset_ctrl_slr2
Adding component instance block -- xilinx.com:ip:proc_sys_reset:5.0 - proc_sys_reset_kernel_slr0
Adding component instance block -- xilinx.com:ip:proc_sys_reset:5.0 - proc_sys_reset_kernel_slr1
Adding component instance block -- xilinx.com:ip:proc_sys_reset:5.0 - proc_sys_reset_kernel_slr2
Adding component instance block -- xilinx.com:ip:proc_sys_reset:5.0 - proc_sys_reset_kernel2_slr0
Adding component instance block -- xilinx.com:ip:proc_sys_reset:5.0 - proc_sys_reset_kernel2_slr1
Adding component instance block -- xilinx.com:ip:proc_sys_reset:5.0 - proc_sys_reset_kernel2_slr2
Adding component instance block -- xilinx.com:ip:proc_sys_reset:5.0 - proc_sys_reset_freerun_slr0
Adding component instance block -- xilinx.com:ip:proc_sys_reset:5.0 - proc_sys_reset_freerun_slr1
Adding component instance block -- xilinx.com:ip:proc_sys_reset:5.0 - proc_sys_reset_freerun_slr2
Adding component instance block -- xilinx.com:ip:axi_gpio:2.0 - axi_gpio_null
Adding component instance block -- xilinx.com:ip:axi_vip:1.1 - axi_vip_ctrl_userpf
Adding component instance block -- xilinx.com:ip:axi_interconnect:2.1 - interconnect_axilite_user
Adding component instance block -- xilinx.com:ip:axi_register_slice:2.1 - s00_regslice
Adding component instance block -- xilinx.com:ip:axi_clock_converter:2.1 - auto_cc
Adding component instance block -- xilinx.com:ip:axi_register_slice:2.1 - regslice_control_userpf
Adding component instance block -- xilinx.com:ip:axi_register_slice:2.1 - regslice_data
Adding component instance block -- xilinx.com:ip:axi_vip:1.1 - axi_vip_data
Adding component instance block -- xilinx.com:ip:axi_gpio:2.0 - axi_gpio_null
Adding component instance block -- xilinx.com:ip:axi_vip:1.1 - axi_vip_ctrl_userpf
Adding component instance block -- xilinx.com:ip:axi_interconnect:2.1 - interconnect_axilite_user
Adding component instance block -- xilinx.com:ip:axi_register_slice:2.1 - s00_regslice
Adding component instance block -- xilinx.com:ip:axi_clock_converter:2.1 - auto_cc
Adding component instance block -- xilinx.com:ip:axi_register_slice:2.1 - regslice_control_userpf
Adding component instance block -- xilinx.com:ip:axi_register_slice:2.1 - regslice_data
Adding component instance block -- xilinx.com:ip:axi_vip:1.1 - axi_vip_data
Adding component instance block -- xilinx.com:ip:axi_gpio:2.0 - axi_gpio_null
Adding component instance block -- xilinx.com:ip:axi_vip:1.1 - axi_vip_ctrl_userpf
Adding component instance block -- xilinx.com:ip:axi_interconnect:2.1 - interconnect_axilite_user
Adding component instance block -- xilinx.com:ip:axi_register_slice:2.1 - s00_regslice
Adding component instance block -- xilinx.com:ip:axi_clock_converter:2.1 - auto_cc
Adding component instance block -- xilinx.com:ip:axi_register_slice:2.1 - regslice_control_userpf
Adding component instance block -- xilinx.com:ip:axi_register_slice:2.1 - regslice_data
Adding component instance block -- xilinx.com:ip:axi_vip:1.1 - axi_vip_data
Successfully read diagram <ulp> from block design file </home/ae_reviewer/TempGNN/build/baselines/rtga_timingfix_v3_hw/_x/link/vivado/vpl/prj/prj.srcs/my_rm/bd/ulp/ulp.bd>
INFO: [BD 41-1799] The block design contains upgradeable cell(s), automatically upgrading to newest version...
INFO: [IP_Flow 19-3422] Upgraded ulp_axi_ic_ctrl_mgmt_slr1_0 (AXI Interconnect 2.1) from revision 27 to revision 30
INFO: [IP_Flow 19-3422] Upgraded ulp_interconnect_axilite_user_0 (AXI Interconnect 2.1) from revision 27 to revision 30
INFO: [IP_Flow 19-3422] Upgraded ulp_interconnect_axilite_user_1 (AXI Interconnect 2.1) from revision 27 to revision 30
INFO: [IP_Flow 19-3422] Upgraded ulp_interconnect_axilite_user_2 (AXI Interconnect 2.1) from revision 27 to revision 30
INFO: [BD 41-1799] The block design contains upgradeable cell(s), automatically upgrading to newest version...
INFO: [IP_Flow 19-3422] Upgraded ulp_memory_subsystem_0 (SDx Memory Subsystem 1.0) from revision 13 to revision 17
INFO: [IP_Flow 19-3422] Upgraded ulp_hmss_0_0 (HBM Memory Subsystem (HMSS) 2.0) from revision 6 to revision 9
INFO: [IP_Flow 19-3422] Upgraded ulp_axi_vip_data_0 (AXI Verification IP 1.1) from revision 12 to revision 15
INFO: [IP_Flow 19-3422] Upgraded ulp_axi_data_sc_0 (AXI SmartConnect 1.0) from revision 18 to revision 21
INFO: [IP_Flow 19-3422] Upgraded ulp_satellite_gpio_slice_1_0 (Slice 1.0) from revision 2 to revision 3
INFO: [IP_Flow 19-3422] Upgraded ulp_axi_regslice_slr0_0 (AXI Register Slice 2.1) from revision 26 to revision 29
INFO: [IP_Flow 19-3422] Upgraded ulp_axi_regslice_slr1_0 (AXI Register Slice 2.1) from revision 26 to revision 29
INFO: [IP_Flow 19-3422] Upgraded ulp_axi_regslice_slr2_0 (AXI Register Slice 2.1) from revision 26 to revision 29
INFO: [IP_Flow 19-3422] Upgraded ulp_hbm_ddr_init_complete_0 (Utility Reduced Logic 2.0) from revision 4 to revision 5
INFO: [IP_Flow 19-3422] Upgraded ulp_hbm_ddr_concat_0 (Concat 2.1) from revision 4 to revision 5
INFO: [IP_Flow 19-3422] Upgraded ulp_proc_sys_reset_ctrl_slr0_0 (Processor System Reset 5.0) from revision 13 to revision 14
INFO: [IP_Flow 19-3422] Upgraded ulp_proc_sys_reset_ctrl_slr1_0 (Processor System Reset 5.0) from revision 13 to revision 14
INFO: [IP_Flow 19-3422] Upgraded ulp_proc_sys_reset_ctrl_slr2_0 (Processor System Reset 5.0) from revision 13 to revision 14
INFO: [IP_Flow 19-3422] Upgraded ulp_proc_sys_reset_kernel_slr0_0 (Processor System Reset 5.0) from revision 13 to revision 14
INFO: [IP_Flow 19-3422] Upgraded ulp_proc_sys_reset_kernel_slr1_0 (Processor System Reset 5.0) from revision 13 to revision 14
INFO: [IP_Flow 19-3422] Upgraded ulp_proc_sys_reset_kernel_slr2_0 (Processor System Reset 5.0) from revision 13 to revision 14
INFO: [IP_Flow 19-3422] Upgraded ulp_proc_sys_reset_kernel2_slr0_0 (Processor System Reset 5.0) from revision 13 to revision 14
INFO: [IP_Flow 19-3422] Upgraded ulp_proc_sys_reset_kernel2_slr1_0 (Processor System Reset 5.0) from revision 13 to revision 14
INFO: [IP_Flow 19-3422] Upgraded ulp_proc_sys_reset_kernel2_slr2_0 (Processor System Reset 5.0) from revision 13 to revision 14
INFO: [IP_Flow 19-3422] Upgraded ulp_proc_sys_reset_freerun_slr0_0 (Processor System Reset 5.0) from revision 13 to revision 14
INFO: [IP_Flow 19-3422] Upgraded ulp_proc_sys_reset_freerun_slr1_0 (Processor System Reset 5.0) from revision 13 to revision 14
INFO: [IP_Flow 19-3422] Upgraded ulp_proc_sys_reset_freerun_slr2_0 (Processor System Reset 5.0) from revision 13 to revision 14
INFO: [IP_Flow 19-3422] Upgraded ulp_axi_gpio_null_0 (AXI GPIO 2.0) from revision 28 to revision 31
INFO: [IP_Flow 19-3422] Upgraded ulp_axi_vip_ctrl_userpf_0 (AXI Verification IP 1.1) from revision 12 to revision 15
INFO: [IP_Flow 19-3422] Upgraded ulp_regslice_control_userpf_0 (AXI Register Slice 2.1) from revision 26 to revision 29
INFO: [IP_Flow 19-3422] Upgraded ulp_regslice_data_0 (AXI Register Slice 2.1) from revision 26 to revision 29
INFO: [IP_Flow 19-3422] Upgraded ulp_axi_vip_data_1 (AXI Verification IP 1.1) from revision 12 to revision 15
INFO: [IP_Flow 19-3422] Upgraded ulp_axi_gpio_null_1 (AXI GPIO 2.0) from revision 28 to revision 31
INFO: [IP_Flow 19-3422] Upgraded ulp_axi_vip_ctrl_userpf_1 (AXI Verification IP 1.1) from revision 12 to revision 15
INFO: [IP_Flow 19-3422] Upgraded ulp_regslice_control_userpf_1 (AXI Register Slice 2.1) from revision 26 to revision 29
INFO: [IP_Flow 19-3422] Upgraded ulp_regslice_data_1 (AXI Register Slice 2.1) from revision 26 to revision 29
INFO: [IP_Flow 19-3422] Upgraded ulp_axi_vip_data_2 (AXI Verification IP 1.1) from revision 12 to revision 15
INFO: [IP_Flow 19-3422] Upgraded ulp_axi_gpio_null_2 (AXI GPIO 2.0) from revision 28 to revision 31
INFO: [IP_Flow 19-3422] Upgraded ulp_axi_vip_ctrl_userpf_2 (AXI Verification IP 1.1) from revision 12 to revision 15
INFO: [IP_Flow 19-3422] Upgraded ulp_regslice_control_userpf_2 (AXI Register Slice 2.1) from revision 26 to revision 29
INFO: [IP_Flow 19-3422] Upgraded ulp_regslice_data_2 (AXI Register Slice 2.1) from revision 26 to revision 29
INFO: [IP_Flow 19-3422] Upgraded ulp_axi_vip_data_3 (AXI Verification IP 1.1) from revision 12 to revision 15
Wrote  : </home/ae_reviewer/TempGNN/build/baselines/rtga_timingfix_v3_hw/_x/link/vivado/vpl/prj/prj.srcs/my_rm/bd/ulp/ulp.bd> 
open_bd_design: Time (s): cpu = 00:00:29 ; elapsed = 00:00:33 . Memory (MB): peak = 3382.527 ; gain = 1877.406 ; free physical = 36664 ; free virtual = 52244
INFO: [OCL_UTIL] internal step: report locked IPs
INFO: [OCL_UTIL] internal step: source .local/dr.bd.tcl
WARNING: [IP_Flow 19-4684] Expected long value for param MMCM_DIVCLK_DIVIDE but, float/scientific notation value 1.000000 is provided. The value is converted to long type(1)
INFO: [BD::CLKRST 103-1003] Connected </rtga_kernel_1/ap_clk> with requested frequency of 225.000000 MHz and tolerance of 11.250000 MHz to clock source </clk_wiz/clk_out1> with frequency of 225.000000 MHz.
INFO: [BD::CLKRST 103-1024] 1 new clocking wizards were created
INFO: [hbm_memory_subsystem 1-1] Mapping resources for kernel master /rtga_kernel_1/m_axi_gmem0 on HMSS port 1.
INFO: [hbm_memory_subsystem 1-1] Mapping resources for kernel master /rtga_kernel_1/m_axi_gmem1 on HMSS port 2.
INFO: [hbm_memory_subsystem 1-1] Mapping resources for kernel master /rtga_kernel_1/m_axi_gmem2 on HMSS port 3.
INFO: [hbm_memory_subsystem 1-1] Mapping resources for kernel master /rtga_kernel_1/m_axi_gmem3 on HMSS port 4.
INFO: [hbm_memory_subsystem 1-1] Mapping resources for kernel master /rtga_kernel_1/m_axi_gmem4 on HMSS port 5.
INFO: [hbm_memory_subsystem 1-1] Mapping resources for kernel master /rtga_kernel_1/m_axi_gmem5 on HMSS port 6.
INFO: [hbm_memory_subsystem 1-1] Mapping resources for kernel master /rtga_kernel_1/m_axi_gmem6 on HMSS port 7.
INFO: [hbm_memory_subsystem 1-1] Mapping resources for kernel master /rtga_kernel_1/m_axi_gmem7 on HMSS port 8.
INFO: [hbm_memory_subsystem 1-1] Mapping resources for kernel master /rtga_kernel_1/m_axi_gmem8 on HMSS port 9.
INFO: [hbm_memory_subsystem 1-1] Mapping resources for kernel master /rtga_kernel_1/m_axi_gmem9 on HMSS port 10.
INFO: [hbm_memory_subsystem 1-1] Mapping resources for kernel master /rtga_kernel_1/m_axi_gmem10 on HMSS port 11.
INFO: [hbm_memory_subsystem 1-1] Mapping resources for kernel master /rtga_kernel_1/m_axi_gmem11 on HMSS port 12.
INFO: [hbm_memory_subsystem 1-1] Mapping resources for kernel master /rtga_kernel_1/m_axi_gmem12 on HMSS port 13.
INFO: [OCL_UTIL] internal step: save_bd_design
Wrote  : </home/ae_reviewer/TempGNN/build/baselines/rtga_timingfix_v3_hw/_x/link/vivado/vpl/prj/prj.srcs/my_rm/bd/ulp/ulp.bd> 
INFO: [OCL_UTIL] internal step: add_files .local/hw_platform/tcl_hooks/impl.xdc -fileset [current_fileset -constrset]
INFO: [OCL_UTIL] set_property USED_IN "implementation" [get_files .local/hw_platform/tcl_hooks/impl.xdc]
INFO: [OCL_UTIL] set_property PROCESSING_ORDER "NORMAL" [get_files .local/hw_platform/tcl_hooks/impl.xdc]
[07:27:54] Run vpl: Step create_bd: Completed
[07:27:54] Run vpl: Step update_bd: Started
INFO: [OCL_UTIL] current step: vpl.update_bd
INFO: [OCL_UTIL] internal step: inserting profiling and debug cores
--- DPA: insert_chipscope_debug: No chipscope_debugs dict name - nothing to insert
INFO: Platform is not decorated with AXI-Lite and trace masters
--- DPA: Parsing Platform-specific information for debug and profiling...
--- DPA: -----------------------------------------------------------
--- DPA:    Host dict: SLR0 axi_data_sc/S00_AXI
--- DPA:    Host masters: /axi_vip_data/M_AXI
--- DPA:    Axilite dict: SLR2 {ip SLR2/interconnect_axilite_user mi M00_AXI fallback true} SLR0 {ip SLR0/interconnect_axilite_user mi M00_AXI fallback false} SLR1 {ip SLR1/interconnect_axilite_user mi M00_AXI fallback true}
--- DPA:    AXI-Lite master: SLR1/interconnect_axilite_user/M00_AXI
--- DPA:    AXI-Lite masters per SLR: SLR2 SLR2/interconnect_axilite_user/M00_AXI SLR0 SLR0/interconnect_axilite_user/M00_AXI SLR1 SLR1/interconnect_axilite_user/M00_AXI
--- DPA:    Trace dict: SLR0 {clk blp_s_aclk_pcie_00 rst ulp_ucs/aresetn_pcie_slr0}
--- DPA:    SLR assigment: SLR0
--- DPA:    AXI-MM master: interconnect_aximm_host/M01_AXI (dedicated: false)
--- DPA:    Trace clock: blp_s_aclk_pcie_00
--- DPA:    Trace reset: ulp_ucs/aresetn_pcie_slr0
CRITICAL WARNING: [DPA-102] AXI-Full master interconnect_aximm_host/M01_AXI not found. Profile insertion will continue but may not work.
--- DPA:    Monitor dict: SLR2 {clk ulp_ucs/aclk_kernel_00 rst proc_sys_reset_kernel_slr2/peripheral_aresetn fallback true} SLR0 {clk ulp_ucs/aclk_kernel_00 rst proc_sys_reset_kernel_slr0/peripheral_aresetn fallback false} SLR1 {clk ulp_ucs/aclk_kernel_00 rst proc_sys_reset_kernel_slr1/peripheral_aresetn fallback true}
--- DPA:    Monitor clock: ulp_ucs/aclk_kernel_00
--- DPA:    Monitor reset: proc_sys_reset_kernel_slr1/peripheral_aresetn
--- DPA: -----------------------------------------------------------
--- DPA: -----------------------------------------------------------
--- DPA: Automation Dictionary:
--- DPA: -----------------------------------------------------------
WARNING: No monitor points found for BD automation.
--- DPA: Did not find NoC with PFM.AXI_PORT and sptag=DDR
--- DPA: Did not find NoC with PFM.AXI_PORT and sptag=LPDDR
--- DPA: Step 1 - Add debug/profile monitors...
--- DPA: Step 2 - No trace added
--- DPA: Step 3 - Add AI engine support...
--- DPA: Step 4 - Add AXI-Lite control...
--- DPA: Step 5 - Group IP into System_DPA...
INFO: [OCL_UTIL] internal step: assign_bd_address
Slave segment '/rtga_kernel_1/s_axi_control/Reg' is being assigned into address space '/ii_level0_wire/ulp_m_axi_ctrl_user_00' at <0x0080_0000 [ 64K ]>.
INFO: [OCL_UTIL] internal step: source .local/hw_platform/tcl_hooks/postlink.tcl
System Linker post-processing: Check SDx MSS Slave Connections
System Linker post-processing: Nothing other than host connected to /memory_subsystem - some cleanup will happen to free logic resources
System Linker post-processing: Deleting IP memory_subsystem as unused
System Linker post-processing: Deleting IP SLR0/regslice_data as unused
System Linker post-processing: Deleting IP SLR1/regslice_data as unused
System Linker post-processing: Deleting IP SLR2/regslice_data as unused
System Linker post-processing: Deleting IP SLR0/axi_vip_data as unused
System Linker post-processing: Deleting IP SLR1/axi_vip_data as unused
System Linker post-processing: Deleting IP SLR2/axi_vip_data as unused
System Linker post-processing: Deleting IP axi_regslice_slr0 as unused
System Linker post-processing: Deleting IP axi_regslice_slr1 as unused
System Linker post-processing: Deleting IP axi_regslice_slr2 as unused
System Linker post-processing: Deleting IP hbm_ddr_concat as unused
System Linker post-processing: Deleting IP hbm_ddr_init_complete as unused
System Linker post-processing: Connecting mem calib complete
System Linker post-processing: Profiling port is not enabled on /axi_data_sc - /axi_data_sc will be removed
Slave segment '/hmss_0/S00_AXI/HBM_MEM00' is being assigned into address space '/ii_level0_wire/ulp_m_axi_data_h2c_00' at <0x0000_0000 [ 256M ]>.
Slave segment '/hmss_0/S00_AXI/HBM_MEM01' is being assigned into address space '/ii_level0_wire/ulp_m_axi_data_h2c_00' at <0x1000_0000 [ 256M ]>.
Slave segment '/hmss_0/S00_AXI/HBM_MEM02' is being assigned into address space '/ii_level0_wire/ulp_m_axi_data_h2c_00' at <0x2000_0000 [ 256M ]>.
Slave segment '/hmss_0/S00_AXI/HBM_MEM03' is being assigned into address space '/ii_level0_wire/ulp_m_axi_data_h2c_00' at <0x3000_0000 [ 256M ]>.
Slave segment '/hmss_0/S00_AXI/HBM_MEM04' is being assigned into address space '/ii_level0_wire/ulp_m_axi_data_h2c_00' at <0x4000_0000 [ 256M ]>.
Slave segment '/hmss_0/S00_AXI/HBM_MEM05' is being assigned into address space '/ii_level0_wire/ulp_m_axi_data_h2c_00' at <0x5000_0000 [ 256M ]>.
Slave segment '/hmss_0/S00_AXI/HBM_MEM06' is being assigned into address space '/ii_level0_wire/ulp_m_axi_data_h2c_00' at <0x6000_0000 [ 256M ]>.
Slave segment '/hmss_0/S00_AXI/HBM_MEM07' is being assigned into address space '/ii_level0_wire/ulp_m_axi_data_h2c_00' at <0x7000_0000 [ 256M ]>.
Slave segment '/hmss_0/S00_AXI/HBM_MEM08' is being assigned into address space '/ii_level0_wire/ulp_m_axi_data_h2c_00' at <0x8000_0000 [ 256M ]>.
Slave segment '/hmss_0/S00_AXI/HBM_MEM09' is being assigned into address space '/ii_level0_wire/ulp_m_axi_data_h2c_00' at <0x9000_0000 [ 256M ]>.
Slave segment '/hmss_0/S00_AXI/HBM_MEM10' is being assigned into address space '/ii_level0_wire/ulp_m_axi_data_h2c_00' at <0xA000_0000 [ 256M ]>.
Slave segment '/hmss_0/S00_AXI/HBM_MEM11' is being assigned into address space '/ii_level0_wire/ulp_m_axi_data_h2c_00' at <0xB000_0000 [ 256M ]>.
Slave segment '/hmss_0/S00_AXI/HBM_MEM12' is being assigned into address space '/ii_level0_wire/ulp_m_axi_data_h2c_00' at <0xC000_0000 [ 256M ]>.
Slave segment '/hmss_0/S00_AXI/HBM_MEM13' is being assigned into address space '/ii_level0_wire/ulp_m_axi_data_h2c_00' at <0xD000_0000 [ 256M ]>.
Slave segment '/hmss_0/S00_AXI/HBM_MEM14' is being assigned into address space '/ii_level0_wire/ulp_m_axi_data_h2c_00' at <0xE000_0000 [ 256M ]>.
Slave segment '/hmss_0/S00_AXI/HBM_MEM15' is being assigned into address space '/ii_level0_wire/ulp_m_axi_data_h2c_00' at <0xF000_0000 [ 256M ]>.
Slave segment '/hmss_0/S00_AXI/HBM_MEM16' is being assigned into address space '/ii_level0_wire/ulp_m_axi_data_h2c_00' at <0x1_0000_0000 [ 256M ]>.
Slave segment '/hmss_0/S00_AXI/HBM_MEM17' is being assigned into address space '/ii_level0_wire/ulp_m_axi_data_h2c_00' at <0x1_1000_0000 [ 256M ]>.
Slave segment '/hmss_0/S00_AXI/HBM_MEM18' is being assigned into address space '/ii_level0_wire/ulp_m_axi_data_h2c_00' at <0x1_2000_0000 [ 256M ]>.
Slave segment '/hmss_0/S00_AXI/HBM_MEM19' is being assigned into address space '/ii_level0_wire/ulp_m_axi_data_h2c_00' at <0x1_3000_0000 [ 256M ]>.
Slave segment '/hmss_0/S00_AXI/HBM_MEM20' is being assigned into address space '/ii_level0_wire/ulp_m_axi_data_h2c_00' at <0x1_4000_0000 [ 256M ]>.
Slave segment '/hmss_0/S00_AXI/HBM_MEM21' is being assigned into address space '/ii_level0_wire/ulp_m_axi_data_h2c_00' at <0x1_5000_0000 [ 256M ]>.
Slave segment '/hmss_0/S00_AXI/HBM_MEM22' is being assigned into address space '/ii_level0_wire/ulp_m_axi_data_h2c_00' at <0x1_6000_0000 [ 256M ]>.
Slave segment '/hmss_0/S00_AXI/HBM_MEM23' is being assigned into address space '/ii_level0_wire/ulp_m_axi_data_h2c_00' at <0x1_7000_0000 [ 256M ]>.
Slave segment '/hmss_0/S00_AXI/HBM_MEM24' is being assigned into address space '/ii_level0_wire/ulp_m_axi_data_h2c_00' at <0x1_8000_0000 [ 256M ]>.
Slave segment '/hmss_0/S00_AXI/HBM_MEM25' is being assigned into address space '/ii_level0_wire/ulp_m_axi_data_h2c_00' at <0x1_9000_0000 [ 256M ]>.
Slave segment '/hmss_0/S00_AXI/HBM_MEM26' is being assigned into address space '/ii_level0_wire/ulp_m_axi_data_h2c_00' at <0x1_A000_0000 [ 256M ]>.
Slave segment '/hmss_0/S00_AXI/HBM_MEM27' is being assigned into address space '/ii_level0_wire/ulp_m_axi_data_h2c_00' at <0x1_B000_0000 [ 256M ]>.
Slave segment '/hmss_0/S00_AXI/HBM_MEM28' is being assigned into address space '/ii_level0_wire/ulp_m_axi_data_h2c_00' at <0x1_C000_0000 [ 256M ]>.
Slave segment '/hmss_0/S00_AXI/HBM_MEM29' is being assigned into address space '/ii_level0_wire/ulp_m_axi_data_h2c_00' at <0x1_D000_0000 [ 256M ]>.
Slave segment '/hmss_0/S00_AXI/HBM_MEM30' is being assigned into address space '/ii_level0_wire/ulp_m_axi_data_h2c_00' at <0x1_E000_0000 [ 256M ]>.
Slave segment '/hmss_0/S00_AXI/HBM_MEM31' is being assigned into address space '/ii_level0_wire/ulp_m_axi_data_h2c_00' at <0x1_F000_0000 [ 256M ]>.
WARNING: the output of _post_sys_link_gen_constrs.xdc doesn't exist - _post_sys_link_gen_constrs.xdc
INFO: [OCL_UTIL] bd::util_cmd set_bd_source Vitis [current_bd_design]
INFO: [OCL_UTIL] internal step: writing address_map.xml
INFO: [OCL_UTIL] internal step: collect BD interface connectivity and update compute units
INFO: [OCL_UTIL] internal step: save_bd_design
WARNING: [BD 41-2671] The dangling interface net <axi_vip_data_M_AXI> will not be written out to the BD file.
WARNING: [BD 41-2671] The dangling interface net <regslice_data_M_AXI> will not be written out to the BD file.
WARNING: [BD 41-2671] The dangling interface net <s_axi_data_1> will not be written out to the BD file.
WARNING: [BD 41-2671] The dangling interface net <axi_vip_data_M_AXI> will not be written out to the BD file.
WARNING: [BD 41-2671] The dangling interface net <regslice_data_M_AXI> will not be written out to the BD file.
WARNING: [BD 41-2671] The dangling interface net <s_axi_data_1> will not be written out to the BD file.
WARNING: [BD 41-2671] The dangling interface net <axi_vip_data_M_AXI> will not be written out to the BD file.
WARNING: [BD 41-2671] The dangling interface net <regslice_data_M_AXI> will not be written out to the BD file.
WARNING: [BD 41-2671] The dangling interface net <s_axi_data_1> will not be written out to the BD file.
WARNING: [BD 41-2671] The dangling interface net <SLR0_m_axi_sdx_memory> will not be written out to the BD file.
WARNING: [BD 41-2671] The dangling interface net <SLR1_m_axi_sdx_memory> will not be written out to the BD file.
WARNING: [BD 41-2671] The dangling interface net <SLR2_m_axi_sdx_memory> will not be written out to the BD file.
WARNING: [BD 41-2671] The dangling interface net <axi_data_sc_M00_AXI> will not be written out to the BD file.
WARNING: [BD 41-2671] The dangling interface net <axi_data_sc_M01_AXI> will not be written out to the BD file.
WARNING: [BD 41-2671] The dangling interface net <axi_data_sc_M02_AXI> will not be written out to the BD file.
WARNING: [BD 41-2671] The dangling interface net <axi_data_sc_M03_AXI> will not be written out to the BD file.
WARNING: [BD 41-2671] The dangling interface net <axi_ic_ctrl_mgmt_slr1_M02_AXI> will not be written out to the BD file.
WARNING: [BD 41-2671] The dangling interface net <axi_regslice_slr0_M_AXI> will not be written out to the BD file.
WARNING: [BD 41-2671] The dangling interface net <io_clk_ddr4_00_1> will not be written out to the BD file.
WARNING: [BD 41-2671] The dangling interface net <io_clk_ddr4_01_1> will not be written out to the BD file.
WARNING: [BD 41-2671] The dangling interface net <memory_subsystem_DDR4_MEM00> will not be written out to the BD file.
WARNING: [BD 41-2671] The dangling interface net <memory_subsystem_DDR4_MEM01> will not be written out to the BD file.
WARNING: [BD 41-2671] The dangling interface net <memory_subsystem_M00_AXI> will not be written out to the BD file.
WARNING: [BD 41-2671] The dangling interface net <s_axi_data_1> will not be written out to the BD file.
WARNING: [BD 41-2671] The dangling interface net <s_axi_data_2> will not be written out to the BD file.
WARNING: [BD 41-597] NET <hbm_ddr_concat_dout> has no source
WARNING: [BD 41-597] NET <memory_subsystem_ddr4_mem_calib_complete> has no source
Wrote  : </home/ae_reviewer/TempGNN/build/baselines/rtga_timingfix_v3_hw/_x/link/vivado/vpl/prj/prj.srcs/my_rm/bd/ulp/ulp.bd> 
[07:27:54] Run vpl: Step update_bd: Completed
[07:27:54] Run vpl: Step generate_target: Started
INFO: [OCL_UTIL] current step: vpl.generate_target
INFO: [BD 41-1799] The block design contains upgradeable cell(s), automatically upgrading to newest version...
INFO: [IP_Flow 19-3420] Updated ulp_axi_ic_ctrl_mgmt_slr1_0 to use current project options
INFO: [IP_Flow 19-3420] Updated ulp_interconnect_axilite_user_0 to use current project options
INFO: [IP_Flow 19-3420] Updated ulp_interconnect_axilite_user_1 to use current project options
INFO: [IP_Flow 19-3420] Updated ulp_interconnect_axilite_user_2 to use current project options
WARNING: [BD 41-2671] The dangling interface net <axi_vip_data_M_AXI> will not be written out to the BD file.
WARNING: [BD 41-2671] The dangling interface net <regslice_data_M_AXI> will not be written out to the BD file.
WARNING: [BD 41-2671] The dangling interface net <s_axi_data_1> will not be written out to the BD file.
WARNING: [BD 41-2671] The dangling interface net <axi_vip_data_M_AXI> will not be written out to the BD file.
WARNING: [BD 41-2671] The dangling interface net <regslice_data_M_AXI> will not be written out to the BD file.
WARNING: [BD 41-2671] The dangling interface net <s_axi_data_1> will not be written out to the BD file.
WARNING: [BD 41-2671] The dangling interface net <axi_vip_data_M_AXI> will not be written out to the BD file.
WARNING: [BD 41-2671] The dangling interface net <regslice_data_M_AXI> will not be written out to the BD file.
WARNING: [BD 41-2671] The dangling interface net <s_axi_data_1> will not be written out to the BD file.
WARNING: [BD 41-2671] The dangling interface net <SLR0_m_axi_sdx_memory> will not be written out to the BD file.
WARNING: [BD 41-2671] The dangling interface net <SLR1_m_axi_sdx_memory> will not be written out to the BD file.
WARNING: [BD 41-2671] The dangling interface net <SLR2_m_axi_sdx_memory> will not be written out to the BD file.
WARNING: [BD 41-2671] The dangling interface net <axi_data_sc_M00_AXI> will not be written out to the BD file.
WARNING: [BD 41-2671] The dangling interface net <axi_data_sc_M01_AXI> will not be written out to the BD file.
WARNING: [BD 41-2671] The dangling interface net <axi_data_sc_M02_AXI> will not be written out to the BD file.
WARNING: [BD 41-2671] The dangling interface net <axi_data_sc_M03_AXI> will not be written out to the BD file.
WARNING: [BD 41-2671] The dangling interface net <axi_ic_ctrl_mgmt_slr1_M02_AXI> will not be written out to the BD file.
WARNING: [BD 41-2671] The dangling interface net <axi_regslice_slr0_M_AXI> will not be written out to the BD file.
WARNING: [BD 41-2671] The dangling interface net <io_clk_ddr4_00_1> will not be written out to the BD file.
WARNING: [BD 41-2671] The dangling interface net <io_clk_ddr4_01_1> will not be written out to the BD file.
WARNING: [BD 41-2671] The dangling interface net <memory_subsystem_DDR4_MEM00> will not be written out to the BD file.
WARNING: [BD 41-2671] The dangling interface net <memory_subsystem_DDR4_MEM01> will not be written out to the BD file.
WARNING: [BD 41-2671] The dangling interface net <memory_subsystem_M00_AXI> will not be written out to the BD file.
WARNING: [BD 41-2671] The dangling interface net <s_axi_data_1> will not be written out to the BD file.
WARNING: [BD 41-2671] The dangling interface net <s_axi_data_2> will not be written out to the BD file.
WARNING: [BD 41-597] NET <hbm_ddr_concat_dout> has no source
WARNING: [BD 41-597] NET <memory_subsystem_ddr4_mem_calib_complete> has no source
Wrote  : </home/ae_reviewer/TempGNN/build/baselines/rtga_timingfix_v3_hw/_x/link/vivado/vpl/prj/prj.srcs/my_rm/bd/ulp/ulp.bd> 
INFO: [OCL_UTIL] internal step: generate_target all [get_files ulp.bd]
WARNING: [BD 41-2670] Found an incomplete address path from address space '/ii_level0_wire/ulp_m_axi_ctrl_mgmt_01' to master interface '/axi_ic_ctrl_mgmt_slr1/M02_AXI'. Please either complete or remove this path to resolve.
WARNING: [BD 41-2121] Port s_axi_aclk associated reset port s_axi_lite_resetn does not exist
WARNING: [BD 5-699] No address segments matched 'get_bd_addr_segs -addressables -of_objects /rst_clk_wiz_225M'
INFO: [xilinx.com:ip:clk_wiz:6.0-1] /aclk_hbm_hierarchy/clkwiz_hbm clk_wiz propagate
INFO: [xilinx.com:ip:clk_wiz:6.0-1] /aclk_hbm_hierarchy/clkwiz_hbm clk_wiz propagate
INFO: [xilinx.com:ip:clk_wiz:6.0-1] /aclk_kernel_00_hierarchy/clkwiz_aclk_kernel_00 clk_wiz propagate
INFO: [xilinx.com:ip:clk_wiz:6.0-1] /aclk_kernel_00_hierarchy/clkwiz_aclk_kernel_00 clk_wiz propagate
INFO: [xilinx.com:ip:clk_wiz:6.0-1] /aclk_kernel_01_hierarchy/clkwiz_aclk_kernel_01 clk_wiz propagate
INFO: [xilinx.com:ip:clk_wiz:6.0-1] /aclk_kernel_01_hierarchy/clkwiz_aclk_kernel_01 clk_wiz propagate

|----------------------------------------------------------------------------------------------------------------------------------------|
|                                              Kernel Connection Report (hbm_memory_subsystem)                                           |
|----------------------------------------------------------------------------------------------------------------------------------------|
|                                                    Host/Kernel Port |  hbm_memory_subsystem port  |  Hard HBM Port | PC Range[Min:Max] |
|----------------------------------------------------------------------------------------------------------------------------------------|
|                                                                HOST |                     S00_AXI |        SAXI_13 |        HBM[00:12] |
|                                          /rtga_kernel_1/m_axi_gmem0 |                     S01_AXI |        SAXI_00 |        HBM[00:00] |
|                                          /rtga_kernel_1/m_axi_gmem1 |                     S02_AXI |        SAXI_01 |        HBM[01:01] |
|                                          /rtga_kernel_1/m_axi_gmem2 |                     S03_AXI |        SAXI_02 |        HBM[02:02] |
|                                          /rtga_kernel_1/m_axi_gmem3 |                     S04_AXI |        SAXI_03 |        HBM[03:03] |
|                                          /rtga_kernel_1/m_axi_gmem4 |                     S05_AXI |        SAXI_04 |        HBM[04:04] |
|                                          /rtga_kernel_1/m_axi_gmem5 |                     S06_AXI |        SAXI_05 |        HBM[05:05] |
|                                          /rtga_kernel_1/m_axi_gmem6 |                     S07_AXI |        SAXI_06 |        HBM[06:06] |
|                                          /rtga_kernel_1/m_axi_gmem7 |                     S08_AXI |        SAXI_07 |        HBM[07:07] |
|                                          /rtga_kernel_1/m_axi_gmem8 |                     S09_AXI |        SAXI_08 |        HBM[08:08] |
|                                          /rtga_kernel_1/m_axi_gmem9 |                     S10_AXI |        SAXI_09 |        HBM[09:09] |
|                                         /rtga_kernel_1/m_axi_gmem10 |                     S11_AXI |        SAXI_10 |        HBM[10:10] |
|                                         /rtga_kernel_1/m_axi_gmem11 |                     S12_AXI |        SAXI_11 |        HBM[11:11] |
|                                         /rtga_kernel_1/m_axi_gmem12 |                     S13_AXI |        SAXI_12 |        HBM[12:12] |
|----------------------------------------------------------------------------------------------------------------------------------------|
create_bd_cell: Time (s): cpu = 00:00:07 ; elapsed = 00:00:07 . Memory (MB): peak = 3479.652 ; gain = 14.875 ; free physical = 36549 ; free virtual = 52133
xit::source_ipfile: Time (s): cpu = 00:00:07 ; elapsed = 00:00:07 . Memory (MB): peak = 3479.652 ; gain = 14.875 ; free physical = 36554 ; free virtual = 52137
create_bd_cell: Time (s): cpu = 00:00:13 ; elapsed = 00:00:13 . Memory (MB): peak = 3534.121 ; gain = 0.000 ; free physical = 36523 ; free virtual = 52106
xit::source_ipfile: Time (s): cpu = 00:00:23 ; elapsed = 00:00:24 . Memory (MB): peak = 3534.121 ; gain = 69.344 ; free physical = 36518 ; free virtual = 52102
WARNING: [SMARTCONNECT-2] Port M00_AXI of /path_0/interconnect1_0 is connected to an infrastructure IP (/path_0/slice1_0).  It is recommended to attach AXI SmartConnect directly to endpoint IPs to avoid mismatches or other issues during validation.  If mismatches occur, manually assign values for AXI Interface properties of /path_0/slice1_0.
WARNING: [SMARTCONNECT-2] Port M00_AXI of /path_1/interconnect2_1 is connected to an infrastructure IP (/path_1/slice2_1).  It is recommended to attach AXI SmartConnect directly to endpoint IPs to avoid mismatches or other issues during validation.  If mismatches occur, manually assign values for AXI Interface properties of /path_1/slice2_1.
WARNING: [SMARTCONNECT-2] Port M00_AXI of /path_2/interconnect3_2 is connected to an infrastructure IP (/path_2/slice3_2).  It is recommended to attach AXI SmartConnect directly to endpoint IPs to avoid mismatches or other issues during validation.  If mismatches occur, manually assign values for AXI Interface properties of /path_2/slice3_2.
WARNING: [SMARTCONNECT-2] Port M00_AXI of /path_3/interconnect4_3 is connected to an infrastructure IP (/path_3/slice4_3).  It is recommended to attach AXI SmartConnect directly to endpoint IPs to avoid mismatches or other issues during validation.  If mismatches occur, manually assign values for AXI Interface properties of /path_3/slice4_3.
WARNING: [SMARTCONNECT-2] Port M00_AXI of /path_4/interconnect5_4 is connected to an infrastructure IP (/path_4/slice5_4).  It is recommended to attach AXI SmartConnect directly to endpoint IPs to avoid mismatches or other issues during validation.  If mismatches occur, manually assign values for AXI Interface properties of /path_4/slice5_4.
WARNING: [SMARTCONNECT-2] Port M00_AXI of /path_5/interconnect6_5 is connected to an infrastructure IP (/path_5/slice6_5).  It is recommended to attach AXI SmartConnect directly to endpoint IPs to avoid mismatches or other issues during validation.  If mismatches occur, manually assign values for AXI Interface properties of /path_5/slice6_5.
WARNING: [SMARTCONNECT-2] Port M00_AXI of /path_6/interconnect7_6 is connected to an infrastructure IP (/path_6/slice7_6).  It is recommended to attach AXI SmartConnect directly to endpoint IPs to avoid mismatches or other issues during validation.  If mismatches occur, manually assign values for AXI Interface properties of /path_6/slice7_6.
WARNING: [SMARTCONNECT-2] Port M00_AXI of /path_7/interconnect8_7 is connected to an infrastructure IP (/path_7/slice8_7).  It is recommended to attach AXI SmartConnect directly to endpoint IPs to avoid mismatches or other issues during validation.  If mismatches occur, manually assign values for AXI Interface properties of /path_7/slice8_7.
WARNING: [SMARTCONNECT-2] Port M00_AXI of /path_8/interconnect9_8 is connected to an infrastructure IP (/path_8/slice9_8).  It is recommended to attach AXI SmartConnect directly to endpoint IPs to avoid mismatches or other issues during validation.  If mismatches occur, manually assign values for AXI Interface properties of /path_8/slice9_8.
WARNING: [SMARTCONNECT-2] Port M00_AXI of /path_9/interconnect10_9 is connected to an infrastructure IP (/path_9/slice10_9).  It is recommended to attach AXI SmartConnect directly to endpoint IPs to avoid mismatches or other issues during validation.  If mismatches occur, manually assign values for AXI Interface properties of /path_9/slice10_9.
WARNING: [SMARTCONNECT-2] Port M00_AXI of /path_10/interconnect11_10 is connected to an infrastructure IP (/path_10/slice11_10).  It is recommended to attach AXI SmartConnect directly to endpoint IPs to avoid mismatches or other issues during validation.  If mismatches occur, manually assign values for AXI Interface properties of /path_10/slice11_10.
WARNING: [SMARTCONNECT-2] Port M00_AXI of /path_11/interconnect12_11 is connected to an infrastructure IP (/path_11/slice12_11).  It is recommended to attach AXI SmartConnect directly to endpoint IPs to avoid mismatches or other issues during validation.  If mismatches occur, manually assign values for AXI Interface properties of /path_11/slice12_11.
WARNING: [SMARTCONNECT-2] Port M00_AXI of /path_12/interconnect13_12 is connected to an infrastructure IP (/path_12/slice13_12).  It is recommended to attach AXI SmartConnect directly to endpoint IPs to avoid mismatches or other issues during validation.  If mismatches occur, manually assign values for AXI Interface properties of /path_12/slice13_12.
WARNING: [SMARTCONNECT-2] Port M00_AXI of /path_13/interconnect0_13 is connected to an infrastructure IP (/path_13/slice0_13).  It is recommended to attach AXI SmartConnect directly to endpoint IPs to avoid mismatches or other issues during validation.  If mismatches occur, manually assign values for AXI Interface properties of /path_13/slice0_13.
INFO: [BD 5-943] Reserving offset range <0x0000_0000 [ 3328M ]> from slave interface '/path_13/interconnect0_13/S00_AXI' to master interface '/path_13/interconnect0_13/M00_AXI'. This will be used by smartconnect on path for routing.
INFO: [xilinx.com:ip:smartconnect:1.0-1] bd_85ad_interconnect0_13_0: SmartConnect bd_85ad_interconnect0_13_0 is in High-performance Mode.
INFO: [BD 5-943] Reserving offset range <0x0000_0000 [ 256M ]> from slave interface '/path_0/interconnect1_0/S00_AXI' to master interface '/path_0/interconnect1_0/M00_AXI'. This will be used by smartconnect on path for routing.
INFO: [xilinx.com:ip:smartconnect:1.0-1] bd_85ad_interconnect1_0_0: SmartConnect bd_85ad_interconnect1_0_0 is in High-performance Mode.
INFO: [BD 5-943] Reserving offset range <0x1000_0000 [ 256M ]> from slave interface '/path_1/interconnect2_1/S00_AXI' to master interface '/path_1/interconnect2_1/M00_AXI'. This will be used by smartconnect on path for routing.
INFO: [xilinx.com:ip:smartconnect:1.0-1] bd_85ad_interconnect2_1_0: SmartConnect bd_85ad_interconnect2_1_0 is in High-performance Mode.
INFO: [BD 5-943] Reserving offset range <0x2000_0000 [ 256M ]> from slave interface '/path_2/interconnect3_2/S00_AXI' to master interface '/path_2/interconnect3_2/M00_AXI'. This will be used by smartconnect on path for routing.
INFO: [xilinx.com:ip:smartconnect:1.0-1] bd_85ad_interconnect3_2_0: SmartConnect bd_85ad_interconnect3_2_0 is in High-performance Mode.
INFO: [BD 5-943] Reserving offset range <0x3000_0000 [ 256M ]> from slave interface '/path_3/interconnect4_3/S00_AXI' to master interface '/path_3/interconnect4_3/M00_AXI'. This will be used by smartconnect on path for routing.
INFO: [xilinx.com:ip:smartconnect:1.0-1] bd_85ad_interconnect4_3_0: SmartConnect bd_85ad_interconnect4_3_0 is in High-performance Mode.
INFO: [BD 5-943] Reserving offset range <0x4000_0000 [ 256M ]> from slave interface '/path_4/interconnect5_4/S00_AXI' to master interface '/path_4/interconnect5_4/M00_AXI'. This will be used by smartconnect on path for routing.
INFO: [xilinx.com:ip:smartconnect:1.0-1] bd_85ad_interconnect5_4_0: SmartConnect bd_85ad_interconnect5_4_0 is in High-performance Mode.
INFO: [BD 5-943] Reserving offset range <0x5000_0000 [ 256M ]> from slave interface '/path_5/interconnect6_5/S00_AXI' to master interface '/path_5/interconnect6_5/M00_AXI'. This will be used by smartconnect on path for routing.
INFO: [xilinx.com:ip:smartconnect:1.0-1] bd_85ad_interconnect6_5_0: SmartConnect bd_85ad_interconnect6_5_0 is in High-performance Mode.
INFO: [BD 5-943] Reserving offset range <0x6000_0000 [ 256M ]> from slave interface '/path_6/interconnect7_6/S00_AXI' to master interface '/path_6/interconnect7_6/M00_AXI'. This will be used by smartconnect on path for routing.
INFO: [xilinx.com:ip:smartconnect:1.0-1] bd_85ad_interconnect7_6_0: SmartConnect bd_85ad_interconnect7_6_0 is in High-performance Mode.
INFO: [BD 5-943] Reserving offset range <0x7000_0000 [ 256M ]> from slave interface '/path_7/interconnect8_7/S00_AXI' to master interface '/path_7/interconnect8_7/M00_AXI'. This will be used by smartconnect on path for routing.
INFO: [xilinx.com:ip:smartconnect:1.0-1] bd_85ad_interconnect8_7_0: SmartConnect bd_85ad_interconnect8_7_0 is in High-performance Mode.
INFO: [BD 5-943] Reserving offset range <0x8000_0000 [ 256M ]> from slave interface '/path_8/interconnect9_8/S00_AXI' to master interface '/path_8/interconnect9_8/M00_AXI'. This will be used by smartconnect on path for routing.
INFO: [xilinx.com:ip:smartconnect:1.0-1] bd_85ad_interconnect9_8_0: SmartConnect bd_85ad_interconnect9_8_0 is in High-performance Mode.
INFO: [BD 5-943] Reserving offset range <0x9000_0000 [ 256M ]> from slave interface '/path_9/interconnect10_9/S00_AXI' to master interface '/path_9/interconnect10_9/M00_AXI'. This will be used by smartconnect on path for routing.
INFO: [xilinx.com:ip:smartconnect:1.0-1] bd_85ad_interconnect10_9_0: SmartConnect bd_85ad_interconnect10_9_0 is in High-performance Mode.
INFO: [BD 5-943] Reserving offset range <0xA000_0000 [ 256M ]> from slave interface '/path_10/interconnect11_10/S00_AXI' to master interface '/path_10/interconnect11_10/M00_AXI'. This will be used by smartconnect on path for routing.
INFO: [xilinx.com:ip:smartconnect:1.0-1] bd_85ad_interconnect11_10_0: SmartConnect bd_85ad_interconnect11_10_0 is in High-performance Mode.
INFO: [BD 5-943] Reserving offset range <0xB000_0000 [ 256M ]> from slave interface '/path_11/interconnect12_11/S00_AXI' to master interface '/path_11/interconnect12_11/M00_AXI'. This will be used by smartconnect on path for routing.
INFO: [xilinx.com:ip:smartconnect:1.0-1] bd_85ad_interconnect12_11_0: SmartConnect bd_85ad_interconnect12_11_0 is in High-performance Mode.
INFO: [BD 5-943] Reserving offset range <0xC000_0000 [ 256M ]> from slave interface '/path_12/interconnect13_12/S00_AXI' to master interface '/path_12/interconnect13_12/M00_AXI'. This will be used by smartconnect on path for routing.
INFO: [xilinx.com:ip:smartconnect:1.0-1] bd_85ad_interconnect13_12_0: SmartConnect bd_85ad_interconnect13_12_0 is in High-performance Mode.
INFO: [xilinx.com:ip:clk_wiz:6.0-1] /clk_wiz clk_wiz propagate
INFO: [xilinx.com:ip:clk_wiz:6.0-1] /clk_wiz clk_wiz propagate
CRITICAL WARNING: [BD 41-238] Port/Pin property SENSITIVITY does not match between /ii_level0_wire/ulp_s_irq_cu_00(LEVEL_HIGH) and /ii_level0_wire_ulp_s_irq_cu_00_1_interrupt_concat/dout(NULL:NULL:NULL:NULL:NULL:NULL:NULL:NULL:NULL:NULL:NULL:NULL:NULL:NULL:NULL:NULL:NULL:NULL:NULL:NULL:NULL:NULL:NULL:NULL:NULL:NULL:NULL:NULL:NULL:NULL:NULL:NULL:NULL:LEVEL_HIGH:NULL)
WARNING: [BD 41-2671] The dangling interface net <axi_vip_data_M_AXI> will not be written out to the BD file.
WARNING: [BD 41-2671] The dangling interface net <regslice_data_M_AXI> will not be written out to the BD file.
WARNING: [BD 41-2671] The dangling interface net <s_axi_data_1> will not be written out to the BD file.
WARNING: [BD 41-2671] The dangling interface net <axi_vip_data_M_AXI> will not be written out to the BD file.
WARNING: [BD 41-2671] The dangling interface net <regslice_data_M_AXI> will not be written out to the BD file.
WARNING: [BD 41-2671] The dangling interface net <s_axi_data_1> will not be written out to the BD file.
WARNING: [BD 41-2671] The dangling interface net <axi_vip_data_M_AXI> will not be written out to the BD file.
WARNING: [BD 41-2671] The dangling interface net <regslice_data_M_AXI> will not be written out to the BD file.
WARNING: [BD 41-2671] The dangling interface net <s_axi_data_1> will not be written out to the BD file.
WARNING: [BD 41-2671] The dangling interface net <SLR0_m_axi_sdx_memory> will not be written out to the BD file.
WARNING: [BD 41-2671] The dangling interface net <SLR1_m_axi_sdx_memory> will not be written out to the BD file.
WARNING: [BD 41-2671] The dangling interface net <SLR2_m_axi_sdx_memory> will not be written out to the BD file.
WARNING: [BD 41-2671] The dangling interface net <axi_data_sc_M00_AXI> will not be written out to the BD file.
WARNING: [BD 41-2671] The dangling interface net <axi_data_sc_M01_AXI> will not be written out to the BD file.
WARNING: [BD 41-2671] The dangling interface net <axi_data_sc_M02_AXI> will not be written out to the BD file.
WARNING: [BD 41-2671] The dangling interface net <axi_data_sc_M03_AXI> will not be written out to the BD file.
WARNING: [BD 41-2671] The dangling interface net <axi_ic_ctrl_mgmt_slr1_M02_AXI> will not be written out to the BD file.
WARNING: [BD 41-2671] The dangling interface net <axi_regslice_slr0_M_AXI> will not be written out to the BD file.
WARNING: [BD 41-2671] The dangling interface net <io_clk_ddr4_00_1> will not be written out to the BD file.
WARNING: [BD 41-2671] The dangling interface net <io_clk_ddr4_01_1> will not be written out to the BD file.
WARNING: [BD 41-2671] The dangling interface net <memory_subsystem_DDR4_MEM00> will not be written out to the BD file.
WARNING: [BD 41-2671] The dangling interface net <memory_subsystem_DDR4_MEM01> will not be written out to the BD file.
WARNING: [BD 41-2671] The dangling interface net <memory_subsystem_M00_AXI> will not be written out to the BD file.
WARNING: [BD 41-2671] The dangling interface net <s_axi_data_1> will not be written out to the BD file.
WARNING: [BD 41-2671] The dangling interface net <s_axi_data_2> will not be written out to the BD file.
WARNING: [BD 41-597] NET <hbm_ddr_concat_dout> has no source
WARNING: [BD 41-597] NET <memory_subsystem_ddr4_mem_calib_complete> has no source
Wrote  : </home/ae_reviewer/TempGNN/build/baselines/rtga_timingfix_v3_hw/_x/link/vivado/vpl/prj/prj.srcs/my_rm/bd/ulp/ulp.bd> 
WARNING: [BD 41-2384] Width mismatch when connecting pin: '/hmss_0/S01_AXI_arlock'(1) to pin: '/rtga_kernel_1/m_axi_gmem0_ARLOCK'(2) - Only lower order bits will be connected.
WARNING: [BD 41-2384] Width mismatch when connecting pin: '/hmss_0/S02_AXI_arlock'(1) to pin: '/rtga_kernel_1/m_axi_gmem1_ARLOCK'(2) - Only lower order bits will be connected.
WARNING: [BD 41-2384] Width mismatch when connecting pin: '/hmss_0/S03_AXI_arlock'(1) to pin: '/rtga_kernel_1/m_axi_gmem2_ARLOCK'(2) - Only lower order bits will be connected.
WARNING: [BD 41-2384] Width mismatch when connecting pin: '/hmss_0/S04_AXI_arlock'(1) to pin: '/rtga_kernel_1/m_axi_gmem3_ARLOCK'(2) - Only lower order bits will be connected.
WARNING: [BD 41-2384] Width mismatch when connecting pin: '/hmss_0/S05_AXI_arlock'(1) to pin: '/rtga_kernel_1/m_axi_gmem4_ARLOCK'(2) - Only lower order bits will be connected.
WARNING: [BD 41-2384] Width mismatch when connecting pin: '/hmss_0/S06_AXI_arlock'(1) to pin: '/rtga_kernel_1/m_axi_gmem5_ARLOCK'(2) - Only lower order bits will be connected.
WARNING: [BD 41-2384] Width mismatch when connecting pin: '/hmss_0/S07_AXI_arlock'(1) to pin: '/rtga_kernel_1/m_axi_gmem6_ARLOCK'(2) - Only lower order bits will be connected.
WARNING: [BD 41-2384] Width mismatch when connecting pin: '/hmss_0/S08_AXI_arlock'(1) to pin: '/rtga_kernel_1/m_axi_gmem7_ARLOCK'(2) - Only lower order bits will be connected.
WARNING: [BD 41-2384] Width mismatch when connecting pin: '/hmss_0/S09_AXI_arlock'(1) to pin: '/rtga_kernel_1/m_axi_gmem8_ARLOCK'(2) - Only lower order bits will be connected.
WARNING: [BD 41-2384] Width mismatch when connecting pin: '/hmss_0/S10_AXI_arlock'(1) to pin: '/rtga_kernel_1/m_axi_gmem9_ARLOCK'(2) - Only lower order bits will be connected.
WARNING: [BD 41-2384] Width mismatch when connecting pin: '/hmss_0/S11_AXI_arlock'(1) to pin: '/rtga_kernel_1/m_axi_gmem10_ARLOCK'(2) - Only lower order bits will be connected.
WARNING: [BD 41-2384] Width mismatch when connecting pin: '/hmss_0/S12_AXI_awlock'(1) to pin: '/rtga_kernel_1/m_axi_gmem11_AWLOCK'(2) - Only lower order bits will be connected.
WARNING: [BD 41-2384] Width mismatch when connecting pin: '/hmss_0/S13_AXI_awlock'(1) to pin: '/rtga_kernel_1/m_axi_gmem12_AWLOCK'(2) - Only lower order bits will be connected.
WARNING: [BD 41-166] Source port for the net:hbm_ddr_concat_dout is NULL! Connection will be grounded!
WARNING: [BD 41-166] Source port for the net:memory_subsystem_ddr4_mem_calib_complete is NULL! Connection will be grounded!
Verilog Output written to : /home/ae_reviewer/TempGNN/build/baselines/rtga_timingfix_v3_hw/_x/link/vivado/vpl/prj/prj.gen/my_rm/bd/ulp/synth/ulp.v
WARNING: [BD 41-2384] Width mismatch when connecting pin: '/hmss_0/S01_AXI_arlock'(1) to pin: '/rtga_kernel_1/m_axi_gmem0_ARLOCK'(2) - Only lower order bits will be connected.
WARNING: [BD 41-2384] Width mismatch when connecting pin: '/hmss_0/S02_AXI_arlock'(1) to pin: '/rtga_kernel_1/m_axi_gmem1_ARLOCK'(2) - Only lower order bits will be connected.
WARNING: [BD 41-2384] Width mismatch when connecting pin: '/hmss_0/S03_AXI_arlock'(1) to pin: '/rtga_kernel_1/m_axi_gmem2_ARLOCK'(2) - Only lower order bits will be connected.
WARNING: [BD 41-2384] Width mismatch when connecting pin: '/hmss_0/S04_AXI_arlock'(1) to pin: '/rtga_kernel_1/m_axi_gmem3_ARLOCK'(2) - Only lower order bits will be connected.
WARNING: [BD 41-2384] Width mismatch when connecting pin: '/hmss_0/S05_AXI_arlock'(1) to pin: '/rtga_kernel_1/m_axi_gmem4_ARLOCK'(2) - Only lower order bits will be connected.
WARNING: [BD 41-2384] Width mismatch when connecting pin: '/hmss_0/S06_AXI_arlock'(1) to pin: '/rtga_kernel_1/m_axi_gmem5_ARLOCK'(2) - Only lower order bits will be connected.
WARNING: [BD 41-2384] Width mismatch when connecting pin: '/hmss_0/S07_AXI_arlock'(1) to pin: '/rtga_kernel_1/m_axi_gmem6_ARLOCK'(2) - Only lower order bits will be connected.
WARNING: [BD 41-2384] Width mismatch when connecting pin: '/hmss_0/S08_AXI_arlock'(1) to pin: '/rtga_kernel_1/m_axi_gmem7_ARLOCK'(2) - Only lower order bits will be connected.
WARNING: [BD 41-2384] Width mismatch when connecting pin: '/hmss_0/S09_AXI_arlock'(1) to pin: '/rtga_kernel_1/m_axi_gmem8_ARLOCK'(2) - Only lower order bits will be connected.
WARNING: [BD 41-2384] Width mismatch when connecting pin: '/hmss_0/S10_AXI_arlock'(1) to pin: '/rtga_kernel_1/m_axi_gmem9_ARLOCK'(2) - Only lower order bits will be connected.
WARNING: [BD 41-2384] Width mismatch when connecting pin: '/hmss_0/S11_AXI_arlock'(1) to pin: '/rtga_kernel_1/m_axi_gmem10_ARLOCK'(2) - Only lower order bits will be connected.
WARNING: [BD 41-2384] Width mismatch when connecting pin: '/hmss_0/S12_AXI_awlock'(1) to pin: '/rtga_kernel_1/m_axi_gmem11_AWLOCK'(2) - Only lower order bits will be connected.
WARNING: [BD 41-2384] Width mismatch when connecting pin: '/hmss_0/S13_AXI_awlock'(1) to pin: '/rtga_kernel_1/m_axi_gmem12_AWLOCK'(2) - Only lower order bits will be connected.
WARNING: [BD 41-166] Source port for the net:hbm_ddr_concat_dout is NULL! Connection will be grounded!
WARNING: [BD 41-166] Source port for the net:memory_subsystem_ddr4_mem_calib_complete is NULL! Connection will be grounded!
Verilog Output written to : /home/ae_reviewer/TempGNN/build/baselines/rtga_timingfix_v3_hw/_x/link/vivado/vpl/prj/prj.gen/my_rm/bd/ulp/sim/ulp.v
Verilog Output written to : /home/ae_reviewer/TempGNN/build/baselines/rtga_timingfix_v3_hw/_x/link/vivado/vpl/prj/prj.gen/my_rm/bd/ulp/hdl/ulp_wrapper.v
WARNING: [BD 41-1287] Associated interface by name blp_s_data_satellite_ctrl_data_00 not found for clock port /blp_s_aclk_ctrl_00
WARNING: [BD 41-1287] Associated interface by name blp_m_data_memory_calib_complete_00 not found for clock port /blp_s_aclk_ctrl_00
WARNING: [BD 41-1287] Associated interface by name blp_m_data_hbm_temp_00 not found for clock port /blp_s_aclk_ctrl_00
WARNING: [BD 41-1287] Associated interface by name blp_m_data_hbm_temp_01 not found for clock port /blp_s_aclk_ctrl_00
WARNING: [BD 41-1287] Associated interface by name blp_m_irq_hbm_cattrip_00 not found for clock port /blp_s_aclk_ctrl_00
WARNING: [BD 41-1287] Associated interface by name ulp_m_data_satellite_ctrl_data_00 not found for clock port /ulp_m_aclk_ctrl_00
WARNING: [BD 41-1287] Associated interface by name ulp_s_data_memory_calib_complete_00 not found for clock port /ulp_m_aclk_ctrl_00
WARNING: [BD 41-1287] Associated interface by name ulp_s_data_hbm_temp_00 not found for clock port /ulp_m_aclk_ctrl_00
WARNING: [BD 41-1287] Associated interface by name ulp_s_data_hbm_temp_01 not found for clock port /ulp_m_aclk_ctrl_00
WARNING: [BD 41-1287] Associated interface by name ulp_s_irq_hbm_cattrip_00 not found for clock port /ulp_m_aclk_ctrl_00
WARNING: [BD 41-1287] Associated interface by name blp_m_irq_cu_00 not found for clock port /blp_s_aclk_pcie_00
WARNING: [BD 41-1287] Associated interface by name ulp_s_irq_cu_00 not found for clock port /ulp_m_aclk_pcie_00
WARNING: [BD 41-1287] Associated interface by name blp_s_data_satellite_ctrl_data_00 not found for clock port /blp_s_aclk_ctrl_00
WARNING: [BD 41-1287] Associated interface by name blp_m_data_memory_calib_complete_00 not found for clock port /blp_s_aclk_ctrl_00
WARNING: [BD 41-1287] Associated interface by name blp_m_data_hbm_temp_00 not found for clock port /blp_s_aclk_ctrl_00
WARNING: [BD 41-1287] Associated interface by name blp_m_data_hbm_temp_01 not found for clock port /blp_s_aclk_ctrl_00
WARNING: [BD 41-1287] Associated interface by name blp_m_irq_hbm_cattrip_00 not found for clock port /blp_s_aclk_ctrl_00
WARNING: [BD 41-1287] Associated interface by name ulp_m_data_satellite_ctrl_data_00 not found for clock port /ulp_m_aclk_ctrl_00
WARNING: [BD 41-1287] Associated interface by name ulp_s_data_memory_calib_complete_00 not found for clock port /ulp_m_aclk_ctrl_00
WARNING: [BD 41-1287] Associated interface by name ulp_s_data_hbm_temp_00 not found for clock port /ulp_m_aclk_ctrl_00
WARNING: [BD 41-1287] Associated interface by name ulp_s_data_hbm_temp_01 not found for clock port /ulp_m_aclk_ctrl_00
WARNING: [BD 41-1287] Associated interface by name ulp_s_irq_hbm_cattrip_00 not found for clock port /ulp_m_aclk_ctrl_00
WARNING: [BD 41-1287] Associated interface by name blp_m_irq_cu_00 not found for clock port /blp_s_aclk_pcie_00
WARNING: [BD 41-1287] Associated interface by name ulp_s_irq_cu_00 not found for clock port /ulp_m_aclk_pcie_00
WARNING: [BD 41-1287] Associated interface by name blp_m_data_hbm_temp_00 not found for clock port /blp_s_aclk_ctrl_00
WARNING: [BD 41-1287] Associated interface by name blp_m_data_hbm_temp_01 not found for clock port /blp_s_aclk_ctrl_00
WARNING: [BD 41-1287] Associated interface by name blp_m_data_memory_calib_complete_00 not found for clock port /blp_s_aclk_ctrl_00
WARNING: [BD 41-1287] Associated interface by name blp_m_irq_hbm_cattrip_00 not found for clock port /blp_s_aclk_ctrl_00
WARNING: [BD 41-1287] Associated interface by name blp_s_data_satellite_ctrl_data_00 not found for clock port /blp_s_aclk_ctrl_00
WARNING: [BD 41-1287] Associated interface by name blp_m_data_hbm_temp_00 not found for clock port /blp_s_aclk_ctrl_00
WARNING: [BD 41-1287] Associated interface by name blp_m_data_hbm_temp_01 not found for clock port /blp_s_aclk_ctrl_00
WARNING: [BD 41-1287] Associated interface by name blp_m_data_memory_calib_complete_00 not found for clock port /blp_s_aclk_ctrl_00
WARNING: [BD 41-1287] Associated interface by name blp_m_irq_hbm_cattrip_00 not found for clock port /blp_s_aclk_ctrl_00
WARNING: [BD 41-1287] Associated interface by name blp_s_data_satellite_ctrl_data_00 not found for clock port /blp_s_aclk_ctrl_00
WARNING: [BD 41-1287] Associated interface by name blp_m_data_hbm_temp_00 not found for clock port /blp_s_aclk_ctrl_00
WARNING: [BD 41-1287] Associated interface by name blp_m_data_hbm_temp_01 not found for clock port /blp_s_aclk_ctrl_00
WARNING: [BD 41-1287] Associated interface by name blp_m_data_memory_calib_complete_00 not found for clock port /blp_s_aclk_ctrl_00
WARNING: [BD 41-1287] Associated interface by name blp_m_irq_hbm_cattrip_00 not found for clock port /blp_s_aclk_ctrl_00
WARNING: [BD 41-1287] Associated interface by name blp_s_data_satellite_ctrl_data_00 not found for clock port /blp_s_aclk_ctrl_00
WARNING: [BD 41-1287] Associated interface by name blp_m_irq_cu_00 not found for clock port /blp_s_aclk_pcie_00
WARNING: [BD 41-1287] Associated interface by name blp_m_irq_cu_00 not found for clock port /blp_s_aclk_pcie_00
WARNING: [BD 41-1287] Associated interface by name blp_m_irq_cu_00 not found for clock port /blp_s_aclk_pcie_00
WARNING: [BD 41-1287] Associated interface by name blp_m_irq_cu_00 not found for clock port /blp_s_aclk_pcie_00
WARNING: [BD 41-1287] Associated interface by name blp_m_irq_cu_00 not found for clock port /blp_s_aclk_pcie_00
WARNING: [BD 41-1287] Associated interface by name ulp_s_irq_cu_00 not found for clock port /ulp_m_aclk_pcie_00
WARNING: [BD 41-1287] Associated interface by name blp_m_irq_cu_00 not found for clock port /blp_s_aclk_pcie_00
WARNING: [BD 41-1287] Associated interface by name blp_m_data_hbm_temp_00 not found for clock port /blp_s_aclk_ctrl_00
WARNING: [BD 41-1287] Associated interface by name blp_m_data_hbm_temp_01 not found for clock port /blp_s_aclk_ctrl_00
WARNING: [BD 41-1287] Associated interface by name blp_m_data_memory_calib_complete_00 not found for clock port /blp_s_aclk_ctrl_00
WARNING: [BD 41-1287] Associated interface by name blp_m_irq_hbm_cattrip_00 not found for clock port /blp_s_aclk_ctrl_00
WARNING: [BD 41-1287] Associated interface by name blp_s_data_satellite_ctrl_data_00 not found for clock port /blp_s_aclk_ctrl_00
WARNING: [BD 41-1287] Associated interface by name ulp_m_data_satellite_ctrl_data_00 not found for clock port /ulp_m_aclk_ctrl_00
WARNING: [BD 41-1287] Associated interface by name ulp_s_data_memory_calib_complete_00 not found for clock port /ulp_m_aclk_ctrl_00
WARNING: [BD 41-1287] Associated interface by name ulp_s_data_hbm_temp_00 not found for clock port /ulp_m_aclk_ctrl_00
WARNING: [BD 41-1287] Associated interface by name ulp_s_data_hbm_temp_01 not found for clock port /ulp_m_aclk_ctrl_00
WARNING: [BD 41-1287] Associated interface by name ulp_s_irq_hbm_cattrip_00 not found for clock port /ulp_m_aclk_ctrl_00
WARNING: [BD 41-1287] Associated interface by name blp_m_data_hbm_temp_00 not found for clock port /blp_s_aclk_ctrl_00
WARNING: [BD 41-1287] Associated interface by name blp_m_data_hbm_temp_01 not found for clock port /blp_s_aclk_ctrl_00
WARNING: [BD 41-1287] Associated interface by name blp_m_data_memory_calib_complete_00 not found for clock port /blp_s_aclk_ctrl_00
WARNING: [BD 41-1287] Associated interface by name blp_m_irq_hbm_cattrip_00 not found for clock port /blp_s_aclk_ctrl_00
WARNING: [BD 41-1287] Associated interface by name blp_s_data_satellite_ctrl_data_00 not found for clock port /blp_s_aclk_ctrl_00
WARNING: [BD 41-1287] Associated interface by name ulp_m_data_satellite_ctrl_data_00 not found for clock port /ulp_m_aclk_ctrl_00
WARNING: [BD 41-1287] Associated interface by name ulp_s_data_memory_calib_complete_00 not found for clock port /ulp_m_aclk_ctrl_00
WARNING: [BD 41-1287] Associated interface by name ulp_s_data_hbm_temp_00 not found for clock port /ulp_m_aclk_ctrl_00
WARNING: [BD 41-1287] Associated interface by name ulp_s_data_hbm_temp_01 not found for clock port /ulp_m_aclk_ctrl_00
WARNING: [BD 41-1287] Associated interface by name ulp_s_irq_hbm_cattrip_00 not found for clock port /ulp_m_aclk_ctrl_00
WARNING: [BD 41-1287] Associated interface by name blp_m_irq_cu_00 not found for clock port /blp_s_aclk_pcie_00
WARNING: [BD 41-1287] Associated interface by name ulp_s_irq_cu_00 not found for clock port /ulp_m_aclk_pcie_00
WARNING: [BD 41-1287] Associated interface by name blp_m_data_hbm_temp_00 not found for clock port /blp_s_aclk_ctrl_00
WARNING: [BD 41-1287] Associated interface by name blp_m_data_hbm_temp_01 not found for clock port /blp_s_aclk_ctrl_00
WARNING: [BD 41-1287] Associated interface by name blp_m_data_memory_calib_complete_00 not found for clock port /blp_s_aclk_ctrl_00
WARNING: [BD 41-1287] Associated interface by name blp_m_irq_hbm_cattrip_00 not found for clock port /blp_s_aclk_ctrl_00
WARNING: [BD 41-1287] Associated interface by name blp_s_data_satellite_ctrl_data_00 not found for clock port /blp_s_aclk_ctrl_00
WARNING: [BD 41-1287] Associated interface by name blp_m_data_hbm_temp_00 not found for clock port /blp_s_aclk_ctrl_00
WARNING: [BD 41-1287] Associated interface by name blp_m_data_hbm_temp_01 not found for clock port /blp_s_aclk_ctrl_00
WARNING: [BD 41-1287] Associated interface by name blp_m_data_memory_calib_complete_00 not found for clock port /blp_s_aclk_ctrl_00
WARNING: [BD 41-1287] Associated interface by name blp_m_irq_hbm_cattrip_00 not found for clock port /blp_s_aclk_ctrl_00
WARNING: [BD 41-1287] Associated interface by name blp_s_data_satellite_ctrl_data_00 not found for clock port /blp_s_aclk_ctrl_00
WARNING: [BD 41-1287] Associated interface by name blp_m_data_hbm_temp_00 not found for clock port /blp_s_aclk_ctrl_00
WARNING: [BD 41-1287] Associated interface by name blp_m_data_hbm_temp_01 not found for clock port /blp_s_aclk_ctrl_00
WARNING: [BD 41-1287] Associated interface by name blp_m_data_memory_calib_complete_00 not found for clock port /blp_s_aclk_ctrl_00
WARNING: [BD 41-1287] Associated interface by name blp_m_irq_hbm_cattrip_00 not found for clock port /blp_s_aclk_ctrl_00
WARNING: [BD 41-1287] Associated interface by name blp_s_data_satellite_ctrl_data_00 not found for clock port /blp_s_aclk_ctrl_00
WARNING: [BD 41-1287] Associated interface by name blp_m_irq_cu_00 not found for clock port /blp_s_aclk_pcie_00
WARNING: [BD 41-1287] Associated interface by name blp_m_irq_cu_00 not found for clock port /blp_s_aclk_pcie_00
WARNING: [BD 41-1287] Associated interface by name blp_m_irq_cu_00 not found for clock port /blp_s_aclk_pcie_00
WARNING: [BD 41-1287] Associated interface by name blp_m_irq_cu_00 not found for clock port /blp_s_aclk_pcie_00
WARNING: [BD 41-1287] Associated interface by name blp_m_irq_cu_00 not found for clock port /blp_s_aclk_pcie_00
INFO: [IP_Flow 19-3420] Updated ii_level0_wire_pxi_ii_core_0 to use current project options
Exporting to file /home/ae_reviewer/TempGNN/build/baselines/rtga_timingfix_v3_hw/_x/link/vivado/vpl/prj/prj.gen/my_rm/bd/ulp/ip/ulp_ii_level0_wire_0/bd_0/hw_handoff/ii_level0_wire_pxi_ii_core_0.hwh
Generated Hardware Definition File /home/ae_reviewer/TempGNN/build/baselines/rtga_timingfix_v3_hw/_x/link/vivado/vpl/prj/prj.gen/my_rm/bd/ulp/ip/ulp_ii_level0_wire_0/bd_0/synth/ii_level0_wire_pxi_ii_core_0.hwdef
INFO: [BD 41-1029] Generation completed for the IP Integrator block ii_level0_wire .
INFO: [IP_Flow 19-1686] Generating 'Simulation' target for IP 'ulp_ulp_cmp_0_s_axi_ctrl_mgmt'...
INFO: [IP_Flow 19-1686] Generating 'Simulation' target for IP 'ulp_ulp_cmp_0_s_axi_ctrl_user_debug'...
Exporting to file /home/ae_reviewer/TempGNN/build/baselines/rtga_timingfix_v3_hw/_x/link/vivado/vpl/prj/prj.gen/my_rm/bd/ulp/ip/ulp_ulp_cmp_0/bd_1/hw_handoff/bd_097b_user_debug_bridge_0.hwh
Generated Hardware Definition File /home/ae_reviewer/TempGNN/build/baselines/rtga_timingfix_v3_hw/_x/link/vivado/vpl/prj/prj.gen/my_rm/bd/ulp/ip/ulp_ulp_cmp_0/bd_1/synth/bd_097b_user_debug_bridge_0.hwdef
Exporting to file /home/ae_reviewer/TempGNN/build/baselines/rtga_timingfix_v3_hw/_x/link/vivado/vpl/prj/prj.gen/my_rm/bd/ulp/ip/ulp_ulp_cmp_0/bd_2/hw_handoff/bd_097b_user_debug_hub_0.hwh
Generated Hardware Definition File /home/ae_reviewer/TempGNN/build/baselines/rtga_timingfix_v3_hw/_x/link/vivado/vpl/prj/prj.gen/my_rm/bd/ulp/ip/ulp_ulp_cmp_0/bd_2/synth/bd_097b_user_debug_hub_0.hwdef
Exporting to file /home/ae_reviewer/TempGNN/build/baselines/rtga_timingfix_v3_hw/_x/link/vivado/vpl/prj/prj.gen/my_rm/bd/ulp/ip/ulp_ulp_cmp_0/bd_0/hw_handoff/ulp_ulp_cmp_0.hwh
Generated Hardware Definition File /home/ae_reviewer/TempGNN/build/baselines/rtga_timingfix_v3_hw/_x/link/vivado/vpl/prj/prj.gen/my_rm/bd/ulp/ip/ulp_ulp_cmp_0/bd_0/synth/ulp_ulp_cmp_0.hwdef
INFO: [BD 41-1029] Generation completed for the IP Integrator block ulp_cmp .
WARNING: [IP_Flow 19-5378] Port width mismatch for bus parameter 'S00_AXI.ADDR_WIDTH'. Logical port width '28' and physical port width '64' do not match.
Exporting to file /home/ae_reviewer/TempGNN/build/baselines/rtga_timingfix_v3_hw/_x/link/vivado/vpl/prj/prj.gen/my_rm/bd/ulp/ip/ulp_hmss_0_0/bd_1/hw_handoff/bd_85ad_interconnect1_0_0.hwh
Generated Hardware Definition File /home/ae_reviewer/TempGNN/build/baselines/rtga_timingfix_v3_hw/_x/link/vivado/vpl/prj/prj.gen/my_rm/bd/ulp/ip/ulp_hmss_0_0/bd_1/synth/bd_85ad_interconnect1_0_0.hwdef
WARNING: [IP_Flow 19-5378] Port width mismatch for bus parameter 'S00_AXI.ADDR_WIDTH'. Logical port width '29' and physical port width '64' do not match.
Exporting to file /home/ae_reviewer/TempGNN/build/baselines/rtga_timingfix_v3_hw/_x/link/vivado/vpl/prj/prj.gen/my_rm/bd/ulp/ip/ulp_hmss_0_0/bd_2/hw_handoff/bd_85ad_interconnect2_1_0.hwh
Generated Hardware Definition File /home/ae_reviewer/TempGNN/build/baselines/rtga_timingfix_v3_hw/_x/link/vivado/vpl/prj/prj.gen/my_rm/bd/ulp/ip/ulp_hmss_0_0/bd_2/synth/bd_85ad_interconnect2_1_0.hwdef
WARNING: [IP_Flow 19-5378] Port width mismatch for bus parameter 'S00_AXI.ADDR_WIDTH'. Logical port width '30' and physical port width '64' do not match.
Exporting to file /home/ae_reviewer/TempGNN/build/baselines/rtga_timingfix_v3_hw/_x/link/vivado/vpl/prj/prj.gen/my_rm/bd/ulp/ip/ulp_hmss_0_0/bd_3/hw_handoff/bd_85ad_interconnect3_2_0.hwh
Generated Hardware Definition File /home/ae_reviewer/TempGNN/build/baselines/rtga_timingfix_v3_hw/_x/link/vivado/vpl/prj/prj.gen/my_rm/bd/ulp/ip/ulp_hmss_0_0/bd_3/synth/bd_85ad_interconnect3_2_0.hwdef
WARNING: [IP_Flow 19-5378] Port width mismatch for bus parameter 'S00_AXI.ADDR_WIDTH'. Logical port width '30' and physical port width '64' do not match.
Exporting to file /home/ae_reviewer/TempGNN/build/baselines/rtga_timingfix_v3_hw/_x/link/vivado/vpl/prj/prj.gen/my_rm/bd/ulp/ip/ulp_hmss_0_0/bd_4/hw_handoff/bd_85ad_interconnect4_3_0.hwh
Generated Hardware Definition File /home/ae_reviewer/TempGNN/build/baselines/rtga_timingfix_v3_hw/_x/link/vivado/vpl/prj/prj.gen/my_rm/bd/ulp/ip/ulp_hmss_0_0/bd_4/synth/bd_85ad_interconnect4_3_0.hwdef
WARNING: [IP_Flow 19-5378] Port width mismatch for bus parameter 'S00_AXI.ADDR_WIDTH'. Logical port width '31' and physical port width '64' do not match.
Exporting to file /home/ae_reviewer/TempGNN/build/baselines/rtga_timingfix_v3_hw/_x/link/vivado/vpl/prj/prj.gen/my_rm/bd/ulp/ip/ulp_hmss_0_0/bd_5/hw_handoff/bd_85ad_interconnect5_4_0.hwh
Generated Hardware Definition File /home/ae_reviewer/TempGNN/build/baselines/rtga_timingfix_v3_hw/_x/link/vivado/vpl/prj/prj.gen/my_rm/bd/ulp/ip/ulp_hmss_0_0/bd_5/synth/bd_85ad_interconnect5_4_0.hwdef
WARNING: [IP_Flow 19-5378] Port width mismatch for bus parameter 'S00_AXI.ADDR_WIDTH'. Logical port width '31' and physical port width '64' do not match.
Exporting to file /home/ae_reviewer/TempGNN/build/baselines/rtga_timingfix_v3_hw/_x/link/vivado/vpl/prj/prj.gen/my_rm/bd/ulp/ip/ulp_hmss_0_0/bd_6/hw_handoff/bd_85ad_interconnect6_5_0.hwh
Generated Hardware Definition File /home/ae_reviewer/TempGNN/build/baselines/rtga_timingfix_v3_hw/_x/link/vivado/vpl/prj/prj.gen/my_rm/bd/ulp/ip/ulp_hmss_0_0/bd_6/synth/bd_85ad_interconnect6_5_0.hwdef
WARNING: [IP_Flow 19-5378] Port width mismatch for bus parameter 'S00_AXI.ADDR_WIDTH'. Logical port width '31' and physical port width '64' do not match.
Exporting to file /home/ae_reviewer/TempGNN/build/baselines/rtga_timingfix_v3_hw/_x/link/vivado/vpl/prj/prj.gen/my_rm/bd/ulp/ip/ulp_hmss_0_0/bd_7/hw_handoff/bd_85ad_interconnect7_6_0.hwh
Generated Hardware Definition File /home/ae_reviewer/TempGNN/build/baselines/rtga_timingfix_v3_hw/_x/link/vivado/vpl/prj/prj.gen/my_rm/bd/ulp/ip/ulp_hmss_0_0/bd_7/synth/bd_85ad_interconnect7_6_0.hwdef
WARNING: [IP_Flow 19-5378] Port width mismatch for bus parameter 'S00_AXI.ADDR_WIDTH'. Logical port width '31' and physical port width '64' do not match.
Exporting to file /home/ae_reviewer/TempGNN/build/baselines/rtga_timingfix_v3_hw/_x/link/vivado/vpl/prj/prj.gen/my_rm/bd/ulp/ip/ulp_hmss_0_0/bd_8/hw_handoff/bd_85ad_interconnect8_7_0.hwh
Generated Hardware Definition File /home/ae_reviewer/TempGNN/build/baselines/rtga_timingfix_v3_hw/_x/link/vivado/vpl/prj/prj.gen/my_rm/bd/ulp/ip/ulp_hmss_0_0/bd_8/synth/bd_85ad_interconnect8_7_0.hwdef
WARNING: [IP_Flow 19-5378] Port width mismatch for bus parameter 'S00_AXI.ADDR_WIDTH'. Logical port width '32' and physical port width '64' do not match.
Exporting to file /home/ae_reviewer/TempGNN/build/baselines/rtga_timingfix_v3_hw/_x/link/vivado/vpl/prj/prj.gen/my_rm/bd/ulp/ip/ulp_hmss_0_0/bd_9/hw_handoff/bd_85ad_interconnect9_8_0.hwh
Generated Hardware Definition File /home/ae_reviewer/TempGNN/build/baselines/rtga_timingfix_v3_hw/_x/link/vivado/vpl/prj/prj.gen/my_rm/bd/ulp/ip/ulp_hmss_0_0/bd_9/synth/bd_85ad_interconnect9_8_0.hwdef
WARNING: [IP_Flow 19-5378] Port width mismatch for bus parameter 'S00_AXI.ADDR_WIDTH'. Logical port width '32' and physical port width '64' do not match.
Exporting to file /home/ae_reviewer/TempGNN/build/baselines/rtga_timingfix_v3_hw/_x/link/vivado/vpl/prj/prj.gen/my_rm/bd/ulp/ip/ulp_hmss_0_0/bd_10/hw_handoff/bd_85ad_interconnect10_9_0.hwh
Generated Hardware Definition File /home/ae_reviewer/TempGNN/build/baselines/rtga_timingfix_v3_hw/_x/link/vivado/vpl/prj/prj.gen/my_rm/bd/ulp/ip/ulp_hmss_0_0/bd_10/synth/bd_85ad_interconnect10_9_0.hwdef
WARNING: [IP_Flow 19-5378] Port width mismatch for bus parameter 'S00_AXI.ADDR_WIDTH'. Logical port width '32' and physical port width '64' do not match.
Exporting to file /home/ae_reviewer/TempGNN/build/baselines/rtga_timingfix_v3_hw/_x/link/vivado/vpl/prj/prj.gen/my_rm/bd/ulp/ip/ulp_hmss_0_0/bd_11/hw_handoff/bd_85ad_interconnect11_10_0.hwh
Generated Hardware Definition File /home/ae_reviewer/TempGNN/build/baselines/rtga_timingfix_v3_hw/_x/link/vivado/vpl/prj/prj.gen/my_rm/bd/ulp/ip/ulp_hmss_0_0/bd_11/synth/bd_85ad_interconnect11_10_0.hwdef
WARNING: [IP_Flow 19-5378] Port width mismatch for bus parameter 'S00_AXI.ADDR_WIDTH'. Logical port width '32' and physical port width '64' do not match.
Exporting to file /home/ae_reviewer/TempGNN/build/baselines/rtga_timingfix_v3_hw/_x/link/vivado/vpl/prj/prj.gen/my_rm/bd/ulp/ip/ulp_hmss_0_0/bd_12/hw_handoff/bd_85ad_interconnect12_11_0.hwh
Generated Hardware Definition File /home/ae_reviewer/TempGNN/build/baselines/rtga_timingfix_v3_hw/_x/link/vivado/vpl/prj/prj.gen/my_rm/bd/ulp/ip/ulp_hmss_0_0/bd_12/synth/bd_85ad_interconnect12_11_0.hwdef
WARNING: [IP_Flow 19-5378] Port width mismatch for bus parameter 'S00_AXI.ADDR_WIDTH'. Logical port width '32' and physical port width '64' do not match.
Exporting to file /home/ae_reviewer/TempGNN/build/baselines/rtga_timingfix_v3_hw/_x/link/vivado/vpl/prj/prj.gen/my_rm/bd/ulp/ip/ulp_hmss_0_0/bd_13/hw_handoff/bd_85ad_interconnect13_12_0.hwh
Generated Hardware Definition File /home/ae_reviewer/TempGNN/build/baselines/rtga_timingfix_v3_hw/_x/link/vivado/vpl/prj/prj.gen/my_rm/bd/ulp/ip/ulp_hmss_0_0/bd_13/synth/bd_85ad_interconnect13_12_0.hwdef
WARNING: [IP_Flow 19-5378] Port width mismatch for bus parameter 'S00_AXI.ADDR_WIDTH'. Logical port width '33' and physical port width '39' do not match.
Exporting to file /home/ae_reviewer/TempGNN/build/baselines/rtga_timingfix_v3_hw/_x/link/vivado/vpl/prj/prj.gen/my_rm/bd/ulp/ip/ulp_hmss_0_0/bd_14/hw_handoff/bd_85ad_interconnect0_13_0.hwh
Generated Hardware Definition File /home/ae_reviewer/TempGNN/build/baselines/rtga_timingfix_v3_hw/_x/link/vivado/vpl/prj/prj.gen/my_rm/bd/ulp/ip/ulp_hmss_0_0/bd_14/synth/bd_85ad_interconnect0_13_0.hwdef
Exporting to file /home/ae_reviewer/TempGNN/build/baselines/rtga_timingfix_v3_hw/_x/link/vivado/vpl/prj/prj.gen/my_rm/bd/ulp/ip/ulp_hmss_0_0/bd_0/hw_handoff/ulp_hmss_0_0.hwh
Generated Hardware Definition File /home/ae_reviewer/TempGNN/build/baselines/rtga_timingfix_v3_hw/_x/link/vivado/vpl/prj/prj.gen/my_rm/bd/ulp/ip/ulp_hmss_0_0/bd_0/synth/ulp_hmss_0_0.hwdef
INFO: [BD 41-1029] Generation completed for the IP Integrator block hmss_0 .
INFO: [BD 41-1029] Generation completed for the IP Integrator block axi_vip_data .
INFO: [BD 41-1029] Generation completed for the IP Integrator block satellite_gpio_slice_1 .
INFO: [IP_Flow 19-1686] Generating 'Simulation' target for IP 'ulp_ulp_ucs_0_s_axi_ctrl_mgmt'...
WARNING: [IP_Flow 19-4994] Overwriting existing constraint file '/home/ae_reviewer/TempGNN/build/baselines/rtga_timingfix_v3_hw/_x/link/vivado/vpl/prj/prj.gen/my_rm/bd/ulp/ip/ulp_ulp_ucs_0/bd_0/ip/ip_93/bd_22c0_auto_cc_0_ooc.xdc'
INFO: [IP_Flow 19-5611] Unable to find an associated reset port for the interface 'S_AXI'. A default connection has been created.
INFO: [IP_Flow 19-5611] Unable to find an associated reset port for the interface 'M_AXI'. A default connection has been created.
Exporting to file /home/ae_reviewer/TempGNN/build/baselines/rtga_timingfix_v3_hw/_x/link/vivado/vpl/prj/prj.gen/my_rm/bd/ulp/ip/ulp_ulp_ucs_0/bd_0/hw_handoff/ulp_ulp_ucs_0.hwh
Generated Hardware Definition File /home/ae_reviewer/TempGNN/build/baselines/rtga_timingfix_v3_hw/_x/link/vivado/vpl/prj/prj.gen/my_rm/bd/ulp/ip/ulp_ulp_ucs_0/bd_0/synth/ulp_ulp_ucs_0.hwdef
INFO: [BD 41-1029] Generation completed for the IP Integrator block ulp_ucs .
INFO: [BD 41-1029] Generation completed for the IP Integrator block proc_sys_reset_ctrl_slr0 .
INFO: [BD 41-1029] Generation completed for the IP Integrator block proc_sys_reset_ctrl_slr1 .
INFO: [BD 41-1029] Generation completed for the IP Integrator block proc_sys_reset_ctrl_slr2 .
INFO: [BD 41-1029] Generation completed for the IP Integrator block proc_sys_reset_kernel_slr0 .
INFO: [BD 41-1029] Generation completed for the IP Integrator block proc_sys_reset_kernel_slr1 .
INFO: [BD 41-1029] Generation completed for the IP Integrator block proc_sys_reset_kernel_slr2 .
INFO: [BD 41-1029] Generation completed for the IP Integrator block proc_sys_reset_kernel2_slr0 .
INFO: [BD 41-1029] Generation completed for the IP Integrator block proc_sys_reset_kernel2_slr1 .
INFO: [BD 41-1029] Generation completed for the IP Integrator block proc_sys_reset_kernel2_slr2 .
INFO: [BD 41-1029] Generation completed for the IP Integrator block proc_sys_reset_freerun_slr0 .
INFO: [BD 41-1029] Generation completed for the IP Integrator block proc_sys_reset_freerun_slr1 .
INFO: [BD 41-1029] Generation completed for the IP Integrator block proc_sys_reset_freerun_slr2 .
INFO: [BD 41-1029] Generation completed for the IP Integrator block SLR0/axi_gpio_null .
INFO: [BD 41-1029] Generation completed for the IP Integrator block SLR0/axi_vip_ctrl_userpf .
INFO: [BD 41-1029] Generation completed for the IP Integrator block SLR0/regslice_control_userpf .
INFO: [BD 41-1029] Generation completed for the IP Integrator block SLR1/axi_gpio_null .
INFO: [BD 41-1029] Generation completed for the IP Integrator block SLR1/axi_vip_ctrl_userpf .
INFO: [BD 41-1029] Generation completed for the IP Integrator block SLR1/regslice_control_userpf .
INFO: [BD 41-1029] Generation completed for the IP Integrator block SLR2/axi_gpio_null .
INFO: [BD 41-1029] Generation completed for the IP Integrator block SLR2/axi_vip_ctrl_userpf .
INFO: [BD 41-1029] Generation completed for the IP Integrator block SLR2/regslice_control_userpf .
INFO: [BD 41-1029] Generation completed for the IP Integrator block rtga_kernel_1 .
INFO: [BD 41-1029] Generation completed for the IP Integrator block ii_level0_wire_ulp_s_irq_cu_00_1_interrupt_concat .
INFO: [BD 41-1029] Generation completed for the IP Integrator block ii_level0_wire_ulp_s_irq_cu_00_1_interrupt_concat_0 .
INFO: [BD 41-1029] Generation completed for the IP Integrator block ii_level0_wire_ulp_s_irq_cu_00_1_interrupt_concat_1 .
INFO: [BD 41-1029] Generation completed for the IP Integrator block ii_level0_wire_ulp_s_irq_cu_00_1_interrupt_concat_2 .
INFO: [BD 41-1029] Generation completed for the IP Integrator block ii_level0_wire_ulp_s_irq_cu_00_1_interrupt_concat_3 .
INFO: [BD 41-1029] Generation completed for the IP Integrator block irq_const_tieoff .
INFO: [BD 41-1029] Generation completed for the IP Integrator block clk_wiz .
INFO: [BD 41-1029] Generation completed for the IP Integrator block rst_clk_wiz_225M .
INFO: [BD 41-1029] Generation completed for the IP Integrator block axi_ic_ctrl_mgmt_slr1/xbar .
INFO: [BD 41-1029] Generation completed for the IP Integrator block SLR0/interconnect_axilite_user/xbar .
INFO: [BD 41-1029] Generation completed for the IP Integrator block SLR0/interconnect_axilite_user/s00_couplers/s00_regslice .
INFO: [BD 41-1029] Generation completed for the IP Integrator block SLR0/interconnect_axilite_user/m00_couplers/m00_regslice .
WARNING: [IP_Flow 19-4994] Overwriting existing constraint file '/home/ae_reviewer/TempGNN/build/baselines/rtga_timingfix_v3_hw/_x/link/vivado/vpl/prj/prj.gen/my_rm/bd/ulp/ip/ulp_auto_cc_0/ulp_auto_cc_0_ooc.xdc'
INFO: [IP_Flow 19-5611] Unable to find an associated reset port for the interface 'S_AXI'. A default connection has been created.
INFO: [IP_Flow 19-5611] Unable to find an associated reset port for the interface 'M_AXI'. A default connection has been created.
INFO: [BD 41-1029] Generation completed for the IP Integrator block SLR0/interconnect_axilite_user/m00_couplers/auto_cc .
INFO: [BD 41-1029] Generation completed for the IP Integrator block SLR0/interconnect_axilite_user/m01_couplers/m01_regslice .
WARNING: [IP_Flow 19-4994] Overwriting existing constraint file '/home/ae_reviewer/TempGNN/build/baselines/rtga_timingfix_v3_hw/_x/link/vivado/vpl/prj/prj.gen/my_rm/bd/ulp/ip/ulp_auto_cc_1/ulp_auto_cc_1_ooc.xdc'
INFO: [IP_Flow 19-5611] Unable to find an associated reset port for the interface 'S_AXI'. A default connection has been created.
INFO: [IP_Flow 19-5611] Unable to find an associated reset port for the interface 'M_AXI'. A default connection has been created.
INFO: [BD 41-1029] Generation completed for the IP Integrator block SLR0/interconnect_axilite_user/m01_couplers/auto_cc .
INFO: [BD 41-1029] Generation completed for the IP Integrator block SLR1/interconnect_axilite_user/s00_couplers/s00_regslice .
WARNING: [IP_Flow 19-4994] Overwriting existing constraint file '/home/ae_reviewer/TempGNN/build/baselines/rtga_timingfix_v3_hw/_x/link/vivado/vpl/prj/prj.gen/my_rm/bd/ulp/ip/ulp_auto_cc_2/ulp_auto_cc_2_ooc.xdc'
INFO: [IP_Flow 19-5611] Unable to find an associated reset port for the interface 'S_AXI'. A default connection has been created.
INFO: [IP_Flow 19-5611] Unable to find an associated reset port for the interface 'M_AXI'. A default connection has been created.
INFO: [BD 41-1029] Generation completed for the IP Integrator block SLR1/interconnect_axilite_user/s00_couplers/auto_cc .
INFO: [BD 41-1029] Generation completed for the IP Integrator block SLR2/interconnect_axilite_user/s00_couplers/s00_regslice .
WARNING: [IP_Flow 19-4994] Overwriting existing constraint file '/home/ae_reviewer/TempGNN/build/baselines/rtga_timingfix_v3_hw/_x/link/vivado/vpl/prj/prj.gen/my_rm/bd/ulp/ip/ulp_auto_cc_3/ulp_auto_cc_3_ooc.xdc'
INFO: [IP_Flow 19-5611] Unable to find an associated reset port for the interface 'S_AXI'. A default connection has been created.
INFO: [IP_Flow 19-5611] Unable to find an associated reset port for the interface 'M_AXI'. A default connection has been created.
INFO: [BD 41-1029] Generation completed for the IP Integrator block SLR2/interconnect_axilite_user/s00_couplers/auto_cc .
Exporting to file /home/ae_reviewer/TempGNN/build/baselines/rtga_timingfix_v3_hw/_x/link/vivado/vpl/prj/prj.gen/my_rm/bd/ulp/hw_handoff/ulp.hwh
Generated Hardware Definition File /home/ae_reviewer/TempGNN/build/baselines/rtga_timingfix_v3_hw/_x/link/vivado/vpl/prj/prj.gen/my_rm/bd/ulp/synth/ulp.hwdef
WARNING: [BD 41-2265] Clock pin for protocol instance pin s_axi_data could not be determined. Make sure that ASSOCIATED_BUSIF and ASSOCIATED_RESET properties are set or propagated on clock pins of block /SLR0
WARNING: [BD 41-2265] Clock pin for protocol instance pin m_axi_sdx_memory could not be determined. Make sure that ASSOCIATED_BUSIF and ASSOCIATED_RESET properties are set or propagated on clock pins of block /SLR0
WARNING: [BD 41-2265] Clock pin for protocol instance pin s_axi_data could not be determined. Make sure that ASSOCIATED_BUSIF and ASSOCIATED_RESET properties are set or propagated on clock pins of block /SLR1
WARNING: [BD 41-2265] Clock pin for protocol instance pin m_axi_sdx_memory could not be determined. Make sure that ASSOCIATED_BUSIF and ASSOCIATED_RESET properties are set or propagated on clock pins of block /SLR1
WARNING: [BD 41-2265] Clock pin for protocol instance pin s_axi_data could not be determined. Make sure that ASSOCIATED_BUSIF and ASSOCIATED_RESET properties are set or propagated on clock pins of block /SLR2
WARNING: [BD 41-2265] Clock pin for protocol instance pin m_axi_sdx_memory could not be determined. Make sure that ASSOCIATED_BUSIF and ASSOCIATED_RESET properties are set or propagated on clock pins of block /SLR2
generate_target: Time (s): cpu = 00:02:29 ; elapsed = 00:02:37 . Memory (MB): peak = 3915.902 ; gain = 478.906 ; free physical = 34178 ; free virtual = 49931
INFO: [OCL_UTIL] internal step: writing user synth clock constraints in /home/ae_reviewer/TempGNN/build/baselines/rtga_timingfix_v3_hw/_x/link/vivado/vpl/output/ulp_ooc_copy.xdc
INFO: [OCL_UTIL] internal step: add_files /home/ae_reviewer/TempGNN/build/baselines/rtga_timingfix_v3_hw/_x/link/vivado/vpl/output/ulp_ooc_copy.xdc -fileset [current_fileset -constrset]
INFO: [OCL_UTIL] set_property used_in synthesis implementation out_of_context /home/ae_reviewer/TempGNN/build/baselines/rtga_timingfix_v3_hw/_x/link/vivado/vpl/output/ulp_ooc_copy.xdc
INFO: [OCL_UTIL] set_property processing_order early /home/ae_reviewer/TempGNN/build/baselines/rtga_timingfix_v3_hw/_x/link/vivado/vpl/output/ulp_ooc_copy.xdc
INFO: [OCL_UTIL] internal step: move_files [get_files /home/ae_reviewer/TempGNN/build/baselines/rtga_timingfix_v3_hw/_x/link/vivado/vpl/output/ulp_ooc_copy.xdc] -of_objects [get_reconfig_modules my_rm] -quiet
INFO: [OCL_UTIL] set_property processing_order late /home/ae_reviewer/TempGNN/build/baselines/rtga_timingfix_v3_hw/_x/link/vivado/vpl/output/ulp_ooc_copy.xdc
INFO: [OCL_UTIL] internal step: add_files .local/hw_platform/tcl_hooks/impl.xdc -fileset [current_fileset -constrset]
WARNING: [filemgmt 56-12] File '/home/ae_reviewer/TempGNN/build/baselines/rtga_timingfix_v3_hw/_x/link/vivado/vpl/.local/hw_platform/tcl_hooks/impl.xdc' cannot be added to the project because it already exists in the project, skipping this file
INFO: [OCL_UTIL] set_property USED_IN "implementation" [get_files .local/hw_platform/tcl_hooks/impl.xdc]
INFO: [OCL_UTIL] set_property PROCESSING_ORDER "NORMAL" [get_files .local/hw_platform/tcl_hooks/impl.xdc]
INFO: [OCL_UTIL] internal step: read_xdc /home/ae_reviewer/TempGNN/build/baselines/rtga_timingfix_v3_hw/_x/link/vivado/vpl/output/dont_partition.xdc
INFO: [OCL_UTIL] internal step: collect clock information and write automation summary report
[07:30:35] Run vpl: Step generate_target: Completed
[07:30:35] Run vpl: Step config_hw_runs: Started
INFO: [OCL_UTIL] current step: vpl.config_hw_runs
INFO: [OCL_UTIL] internal step: creating vpl tcl hooks for implementation run
INFO: [OCL_UTIL] internal step: source scripts/_vivado_report_commands.tcl
INFO: [Project 1-957] Report "impl_1_place_report_utilization_0" was used in following dashboard(s) and has been removed.
default_dashboard.
INFO: [Project 1-957] Report "impl_1_route_report_drc_0" was used in following dashboard(s) and has been removed.
default_dashboard.
INFO: [Project 1-957] Report "impl_1_route_report_methodology_0" was used in following dashboard(s) and has been removed.
default_dashboard.
INFO: [Project 1-957] Report "impl_1_route_report_power_0" was used in following dashboard(s) and has been removed.
default_dashboard.
INFO: [Project 1-957] Report "impl_1_route_report_timing_summary_0" was used in following dashboard(s) and has been removed.
default_dashboard.
INFO: [OCL_UTIL] internal step: create_report_config -report_name impl_report_timing_summary_route_design_summary -report_type report_timing_summary -steps {route_design} -runs {impl_1} -options {-max_paths 10}
INFO: [OCL_UTIL] internal step: create_report_config -report_name impl_report_timing_summary_post_route_phys_opt_design_summary -report_type report_timing_summary -steps {post_route_phys_opt_design} -runs {impl_1} -options {-max_paths 10}
INFO: [OCL_UTIL] internal step: source scripts/_vivado_synth_props.tcl
INFO: [IP_Flow 19-6930] IPCACHE: runCacheChecks() number of threads = 8
INFO: [IP_Flow 19-6921] IPCACHE: Adding cache check func to thread queue for IP ulp_auto_cc_0
INFO: [IP_Flow 19-6921] IPCACHE: Adding cache check func to thread queue for IP ulp_auto_cc_1
INFO: [IP_Flow 19-6921] IPCACHE: Adding cache check func to thread queue for IP ulp_auto_cc_2
INFO: [IP_Flow 19-6921] IPCACHE: Adding cache check func to thread queue for IP ulp_auto_cc_3
INFO: [IP_Flow 19-6921] IPCACHE: Adding cache check func to thread queue for IP ulp_axi_gpio_null_0
INFO: [IP_Flow 19-6921] IPCACHE: Adding cache check func to thread queue for IP ulp_axi_gpio_null_1
INFO: [IP_Flow 19-6921] IPCACHE: Adding cache check func to thread queue for IP ulp_axi_gpio_null_2
INFO: [IP_Flow 19-6921] IPCACHE: Adding cache check func to thread queue for IP ulp_axi_vip_ctrl_userpf_0
INFO: [IP_Flow 19-6921] IPCACHE: Adding cache check func to thread queue for IP ulp_axi_vip_ctrl_userpf_1
INFO: [IP_Flow 19-6921] IPCACHE: Adding cache check func to thread queue for IP ulp_axi_vip_ctrl_userpf_2
INFO: [IP_Flow 19-6921] IPCACHE: Adding cache check func to thread queue for IP ulp_axi_vip_data_0
INFO: [IP_Flow 19-6921] IPCACHE: Adding cache check func to thread queue for IP ulp_clk_wiz_0
INFO: [IP_Flow 19-6921] IPCACHE: Adding cache check func to thread queue for IP ulp_hmss_0_0
INFO: [IP_Flow 19-6921] IPCACHE: Adding cache check func to thread queue for IP ulp_ii_level0_wire_0
INFO: [IP_Flow 19-6921] IPCACHE: Adding cache check func to thread queue for IP ulp_m00_regslice_0
INFO: [IP_Flow 19-6921] IPCACHE: Adding cache check func to thread queue for IP ulp_m01_regslice_0
INFO: [IP_Flow 19-6921] IPCACHE: Adding cache check func to thread queue for IP ulp_proc_sys_reset_ctrl_slr0_0
INFO: [IP_Flow 19-6921] IPCACHE: Adding cache check func to thread queue for IP ulp_proc_sys_reset_ctrl_slr1_0
INFO: [IP_Flow 19-6921] IPCACHE: Adding cache check func to thread queue for IP ulp_proc_sys_reset_ctrl_slr2_0
INFO: [IP_Flow 19-6921] IPCACHE: Adding cache check func to thread queue for IP ulp_proc_sys_reset_freerun_slr0_0
INFO: [IP_Flow 19-6921] IPCACHE: Adding cache check func to thread queue for IP ulp_proc_sys_reset_freerun_slr1_0
INFO: [IP_Flow 19-6921] IPCACHE: Adding cache check func to thread queue for IP ulp_proc_sys_reset_freerun_slr2_0
INFO: [IP_Flow 19-6921] IPCACHE: Adding cache check func to thread queue for IP ulp_proc_sys_reset_kernel2_slr0_0
INFO: [IP_Flow 19-6921] IPCACHE: Adding cache check func to thread queue for IP ulp_proc_sys_reset_kernel2_slr1_0
INFO: [IP_Flow 19-6921] IPCACHE: Adding cache check func to thread queue for IP ulp_proc_sys_reset_kernel2_slr2_0
INFO: [IP_Flow 19-6921] IPCACHE: Adding cache check func to thread queue for IP ulp_proc_sys_reset_kernel_slr0_0
INFO: [IP_Flow 19-6921] IPCACHE: Adding cache check func to thread queue for IP ulp_proc_sys_reset_kernel_slr1_0
INFO: [IP_Flow 19-6921] IPCACHE: Adding cache check func to thread queue for IP ulp_proc_sys_reset_kernel_slr2_0
INFO: [IP_Flow 19-6921] IPCACHE: Adding cache check func to thread queue for IP ulp_regslice_control_userpf_0
INFO: [IP_Flow 19-6921] IPCACHE: Adding cache check func to thread queue for IP ulp_regslice_control_userpf_1
INFO: [IP_Flow 19-6921] IPCACHE: Adding cache check func to thread queue for IP ulp_regslice_control_userpf_2
INFO: [IP_Flow 19-6921] IPCACHE: Adding cache check func to thread queue for IP ulp_rst_clk_wiz_225M_0
INFO: [IP_Flow 19-6921] IPCACHE: Adding cache check func to thread queue for IP ulp_rtga_kernel_1_0
INFO: [IP_Flow 19-6921] IPCACHE: Adding cache check func to thread queue for IP ulp_s00_regslice_18
INFO: [IP_Flow 19-6921] IPCACHE: Adding cache check func to thread queue for IP ulp_s00_regslice_19
INFO: [IP_Flow 19-6921] IPCACHE: Adding cache check func to thread queue for IP ulp_s00_regslice_20
INFO: [IP_Flow 19-6921] IPCACHE: Adding cache check func to thread queue for IP ulp_ulp_cmp_0
INFO: [IP_Flow 19-6921] IPCACHE: Adding cache check func to thread queue for IP ulp_ulp_ucs_0
INFO: [IP_Flow 19-6921] IPCACHE: Adding cache check func to thread queue for IP ulp_xbar_2
INFO: [IP_Flow 19-6921] IPCACHE: Adding cache check func to thread queue for IP ulp_xbar_3
INFO: [IP_Flow 19-6921] IPCACHE: Adding cache check func to thread queue for IP bd_097b_build_info_0
INFO: [IP_Flow 19-6921] IPCACHE: Adding cache check func to thread queue for IP bd_097b_user_debug_bridge_0
INFO: [IP_Flow 19-6921] IPCACHE: Adding cache check func to thread queue for IP bd_097b_user_debug_hub_0
INFO: [IP_Flow 19-6921] IPCACHE: Adding cache check func to thread queue for IP bd_22c0_aclk_kernel_00_adapt_0
INFO: [IP_Flow 19-6921] IPCACHE: Adding cache check func to thread queue for IP bd_22c0_aclk_kernel_00_cont_adapt_0
INFO: [IP_Flow 19-6921] IPCACHE: Adding cache check func to thread queue for IP bd_22c0_aclk_kernel_01_adapt_0
INFO: [IP_Flow 19-6921] IPCACHE: Adding cache check func to thread queue for IP bd_22c0_aclk_kernel_01_cont_adapt_0
INFO: [IP_Flow 19-6921] IPCACHE: Adding cache check func to thread queue for IP bd_22c0_auto_cc_0
INFO: [IP_Flow 19-6921] IPCACHE: Adding cache check func to thread queue for IP bd_22c0_build_info_0
INFO: [IP_Flow 19-6921] IPCACHE: Adding cache check func to thread queue for IP bd_22c0_clk_hbm_adapt_0
INFO: [IP_Flow 19-6921] IPCACHE: Adding cache check func to thread queue for IP bd_22c0_clkwiz_aclk_kernel_00_0
INFO: [IP_Flow 19-6921] IPCACHE: Adding cache check func to thread queue for IP bd_22c0_clkwiz_aclk_kernel_01_0
INFO: [IP_Flow 19-6921] IPCACHE: Adding cache check func to thread queue for IP bd_22c0_clkwiz_hbm_0
INFO: [IP_Flow 19-6921] IPCACHE: Adding cache check func to thread queue for IP bd_22c0_clock_shutdown_latch_0
INFO: [IP_Flow 19-6921] IPCACHE: Adding cache check func to thread queue for IP bd_22c0_clock_throttling_aclk_kernel_00_0
INFO: [IP_Flow 19-6921] IPCACHE: Adding cache check func to thread queue for IP bd_22c0_clock_throttling_aclk_kernel_01_0
INFO: [IP_Flow 19-6921] IPCACHE: Adding cache check func to thread queue for IP bd_22c0_clock_throttling_avg_0
INFO: [IP_Flow 19-6921] IPCACHE: Adding cache check func to thread queue for IP bd_22c0_fanout_aresetn_ctrl_slr0_1_0
INFO: [IP_Flow 19-6921] IPCACHE: Adding cache check func to thread queue for IP bd_22c0_fanout_aresetn_ctrl_slr0_2_0
INFO: [IP_Flow 19-6921] IPCACHE: Adding cache check func to thread queue for IP bd_22c0_fanout_aresetn_ctrl_slr0_3_0
INFO: [IP_Flow 19-6921] IPCACHE: Adding cache check func to thread queue for IP bd_22c0_fanout_aresetn_ctrl_slr0_4_0
INFO: [IP_Flow 19-6921] IPCACHE: Adding cache check func to thread queue for IP bd_22c0_fanout_aresetn_ctrl_slr1_1_0
INFO: [IP_Flow 19-6921] IPCACHE: Adding cache check func to thread queue for IP bd_22c0_fanout_aresetn_ctrl_slr1_2_0
INFO: [IP_Flow 19-6921] IPCACHE: Adding cache check func to thread queue for IP bd_22c0_fanout_aresetn_ctrl_slr1_3_0
INFO: [IP_Flow 19-6921] IPCACHE: Adding cache check func to thread queue for IP bd_22c0_fanout_aresetn_ctrl_slr1_4_0
INFO: [IP_Flow 19-6921] IPCACHE: Adding cache check func to thread queue for IP bd_22c0_fanout_aresetn_ctrl_slr2_1_0
INFO: [IP_Flow 19-6921] IPCACHE: Adding cache check func to thread queue for IP bd_22c0_fanout_aresetn_ctrl_slr2_2_0
INFO: [IP_Flow 19-6921] IPCACHE: Adding cache check func to thread queue for IP bd_22c0_fanout_aresetn_ctrl_slr2_3_0
INFO: [IP_Flow 19-6921] IPCACHE: Adding cache check func to thread queue for IP bd_22c0_fanout_aresetn_ctrl_slr2_4_0
INFO: [IP_Flow 19-6921] IPCACHE: Adding cache check func to thread queue for IP bd_22c0_fanout_aresetn_hbm_0
INFO: [IP_Flow 19-6921] IPCACHE: Adding cache check func to thread queue for IP bd_22c0_fanout_aresetn_kernel_00_slr0_1_0
INFO: [IP_Flow 19-6921] IPCACHE: Adding cache check func to thread queue for IP bd_22c0_fanout_aresetn_kernel_00_slr0_2_0
INFO: [IP_Flow 19-6921] IPCACHE: Adding cache check func to thread queue for IP bd_22c0_fanout_aresetn_kernel_00_slr0_3_0
INFO: [IP_Flow 19-6921] IPCACHE: Adding cache check func to thread queue for IP bd_22c0_fanout_aresetn_kernel_00_slr0_4_0
INFO: [IP_Flow 19-6921] IPCACHE: Adding cache check func to thread queue for IP bd_22c0_fanout_aresetn_kernel_00_slr1_1_0
INFO: [IP_Flow 19-6921] IPCACHE: Adding cache check func to thread queue for IP bd_22c0_fanout_aresetn_kernel_00_slr1_2_0
INFO: [IP_Flow 19-6921] IPCACHE: Adding cache check func to thread queue for IP bd_22c0_fanout_aresetn_kernel_00_slr1_3_0
INFO: [IP_Flow 19-6921] IPCACHE: Adding cache check func to thread queue for IP bd_22c0_fanout_aresetn_kernel_00_slr1_4_0
INFO: [IP_Flow 19-6921] IPCACHE: Adding cache check func to thread queue for IP bd_22c0_fanout_aresetn_kernel_00_slr2_1_0
INFO: [IP_Flow 19-6921] IPCACHE: Adding cache check func to thread queue for IP bd_22c0_fanout_aresetn_kernel_00_slr2_2_0
INFO: [IP_Flow 19-6921] IPCACHE: Adding cache check func to thread queue for IP bd_22c0_fanout_aresetn_kernel_00_slr2_3_0
INFO: [IP_Flow 19-6921] IPCACHE: Adding cache check func to thread queue for IP bd_22c0_fanout_aresetn_kernel_00_slr2_4_0
INFO: [IP_Flow 19-6921] IPCACHE: Adding cache check func to thread queue for IP bd_22c0_fanout_aresetn_kernel_01_slr0_1_0
INFO: [IP_Flow 19-6921] IPCACHE: Adding cache check func to thread queue for IP bd_22c0_fanout_aresetn_kernel_01_slr0_2_0
INFO: [IP_Flow 19-6921] IPCACHE: Adding cache check func to thread queue for IP bd_22c0_fanout_aresetn_kernel_01_slr0_3_0
INFO: [IP_Flow 19-6921] IPCACHE: Adding cache check func to thread queue for IP bd_22c0_fanout_aresetn_kernel_01_slr0_4_0
INFO: [IP_Flow 19-6921] IPCACHE: Adding cache check func to thread queue for IP bd_22c0_fanout_aresetn_kernel_01_slr1_1_0
INFO: [IP_Flow 19-6921] IPCACHE: Adding cache check func to thread queue for IP bd_22c0_fanout_aresetn_kernel_01_slr1_2_0
INFO: [IP_Flow 19-6921] IPCACHE: Adding cache check func to thread queue for IP bd_22c0_fanout_aresetn_kernel_01_slr1_3_0
INFO: [IP_Flow 19-6921] IPCACHE: Adding cache check func to thread queue for IP bd_22c0_fanout_aresetn_kernel_01_slr1_4_0
INFO: [IP_Flow 19-6921] IPCACHE: Adding cache check func to thread queue for IP bd_22c0_fanout_aresetn_kernel_01_slr2_1_0
INFO: [IP_Flow 19-6921] IPCACHE: Adding cache check func to thread queue for IP bd_22c0_fanout_aresetn_kernel_01_slr2_2_0
INFO: [IP_Flow 19-6921] IPCACHE: Adding cache check func to thread queue for IP bd_22c0_fanout_aresetn_kernel_01_slr2_3_0
INFO: [IP_Flow 19-6921] IPCACHE: Adding cache check func to thread queue for IP bd_22c0_fanout_aresetn_kernel_01_slr2_4_0
INFO: [IP_Flow 19-6921] IPCACHE: Adding cache check func to thread queue for IP bd_22c0_fanout_aresetn_pcie_slr0_1_0
INFO: [IP_Flow 19-6921] IPCACHE: Adding cache check func to thread queue for IP bd_22c0_fanout_aresetn_pcie_slr0_2_0
INFO: [IP_Flow 19-6921] IPCACHE: Adding cache check func to thread queue for IP bd_22c0_fanout_aresetn_pcie_slr0_3_0
INFO: [IP_Flow 19-6921] IPCACHE: Adding cache check func to thread queue for IP bd_22c0_fanout_aresetn_pcie_slr0_4_0
INFO: [IP_Flow 19-6921] IPCACHE: Adding cache check func to thread queue for IP bd_22c0_fanout_aresetn_pcie_slr1_1_0
INFO: [IP_Flow 19-6921] IPCACHE: Adding cache check func to thread queue for IP bd_22c0_fanout_aresetn_pcie_slr1_2_0
INFO: [Common 17-14] Message 'IP_Flow 19-6921' appears 100 times and further instances of the messages will be disabled. Use the Tcl command set_msg_config to change the current settings.
INFO: [IP_Flow 19-8020] IPCACHE: runCacheChecks() calling threadPool finishWork()
INFO: [IP_Flow 19-6924] IPCACHE: Running cache check for IP inst: ulp_auto_cc_0
INFO: [IP_Flow 19-6924] IPCACHE: Running cache check for IP inst: ulp_m00_regslice_0
INFO: [IP_Flow 19-6924] IPCACHE: Running cache check for IP inst: ulp_proc_sys_reset_freerun_slr2_0
INFO: [IP_Flow 19-6924] IPCACHE: Running cache check for IP inst: ulp_proc_sys_reset_kernel_slr1_0
INFO: [IP_Flow 19-6924] IPCACHE: Running cache check for IP inst: ulp_rst_clk_wiz_225M_0
INFO: [IP_Flow 19-6924] IPCACHE: Running cache check for IP inst: ulp_ulp_cmp_0
INFO: [IP_Flow 19-6924] IPCACHE: Running cache check for IP inst: bd_22c0_aclk_kernel_01_cont_adapt_0
INFO: [IP_Flow 19-6924] IPCACHE: Running cache check for IP inst: bd_22c0_clkwiz_aclk_kernel_00_0
INFO: [IP_Flow 19-6924] IPCACHE: Running cache check for IP inst: bd_22c0_fanout_aresetn_ctrl_slr0_1_0
INFO: [IP_Flow 19-6924] IPCACHE: Running cache check for IP inst: bd_22c0_fanout_aresetn_ctrl_slr1_1_0
INFO: [IP_Flow 19-6924] IPCACHE: Running cache check for IP inst: bd_22c0_fanout_aresetn_ctrl_slr2_1_0
INFO: [IP_Flow 19-6924] IPCACHE: Running cache check for IP inst: bd_22c0_fanout_aresetn_kernel_00_slr0_1_0
INFO: [IP_Flow 19-6924] IPCACHE: Running cache check for IP inst: bd_22c0_fanout_aresetn_kernel_00_slr1_1_0
INFO: [IP_Flow 19-6924] IPCACHE: Running cache check for IP inst: bd_22c0_fanout_aresetn_kernel_00_slr2_2_0
INFO: [IP_Flow 19-6924] IPCACHE: Running cache check for IP inst: bd_22c0_fanout_aresetn_kernel_01_slr0_2_0
INFO: [IP_Flow 19-6924] IPCACHE: Running cache check for IP inst: bd_22c0_fanout_aresetn_kernel_01_slr1_4_0
INFO: [IP_Flow 19-6924] IPCACHE: Running cache check for IP inst: bd_22c0_fanout_aresetn_pcie_slr0_1_0
INFO: [IP_Flow 19-6924] IPCACHE: Running cache check for IP inst: bd_22c0_fanout_aresetn_pcie_slr1_3_0
INFO: [IP_Flow 19-6924] IPCACHE: Running cache check for IP inst: bd_22c0_frequency_counter_aclk_0
INFO: [IP_Flow 19-6924] IPCACHE: Running cache check for IP inst: bd_22c0_gpio_gapping_demand_0
INFO: [IP_Flow 19-6924] IPCACHE: Running cache check for IP inst: bd_85ad_axi_apb_bridge_inst_0
INFO: [IP_Flow 19-6924] IPCACHE: Running cache check for IP inst: bd_85ad_hbm_reset_sync_SLR2_0
INFO: [IP_Flow 19-6924] IPCACHE: Running cache check for IP inst: bd_85ad_init_reduce_0
INFO: [IP_Flow 19-6924] IPCACHE: Running cache check for IP inst: bd_85ad_interconnect10_9_0
INFO: [IP_Flow 19-6924] IPCACHE: Running cache check for IP inst: bd_85ad_interconnect2_1_0
INFO: [IP_Flow 19-6924] IPCACHE: Running cache check for IP inst: bd_85ad_interconnect9_8_0
INFO: [IP_Flow 19-6924] IPCACHE: Running cache check for IP inst: ulp_auto_cc_1
INFO: [IP_Flow 19-6924] IPCACHE: Running cache check for IP inst: ulp_proc_sys_reset_ctrl_slr0_0
INFO: [IP_Flow 19-6924] IPCACHE: Running cache check for IP inst: ulp_proc_sys_reset_kernel2_slr0_0
INFO: [IP_Flow 19-6924] IPCACHE: Running cache check for IP inst: ulp_regslice_control_userpf_2
INFO: [IP_Flow 19-6924] IPCACHE: Running cache check for IP inst: ulp_xbar_3
INFO: [IP_Flow 19-6924] IPCACHE: Running cache check for IP inst: bd_22c0_psreset_kernel_00_0
INFO: [IP_Flow 19-6924] IPCACHE: Running cache check for IP inst: bd_85ad_hbm_reset_sync_SLR0_0
INFO: [IP_Flow 19-6924] IPCACHE: Running cache check for IP inst: bd_85ad_interconnect0_13_0
INFO: [IP_Flow 19-6924] IPCACHE: Running cache check for IP inst: bd_85ad_interconnect4_3_0
INFO: [IP_Flow 19-6924] IPCACHE: Running cache check for IP inst: bd_85ad_slice7_6_0
INFO: [IP_Flow 19-6924] IPCACHE: Running cache check for IP inst: bd_85ad_vip_S02_0
INFO: [IP_Flow 19-6924] IPCACHE: Running cache check for IP inst: bd_85ad_vip_S06_0
INFO: [IP_Flow 19-6924] IPCACHE: Running cache check for IP inst: bd_85ad_vip_S10_0
INFO: [IP_Flow 19-6924] IPCACHE: Running cache check for IP inst: bd_58f6_lut_buffer_0
INFO: [IP_Flow 19-6924] IPCACHE: Running cache check for IP inst: ulp_auto_cc_2
INFO: [IP_Flow 19-6924] IPCACHE: Running cache check for IP inst: ulp_auto_cc_3
INFO: [IP_Flow 19-6924] IPCACHE: Running cache check for IP inst: ulp_axi_vip_data_0
INFO: [IP_Flow 19-6924] IPCACHE: Running cache check for IP inst: ulp_ii_level0_wire_0
INFO: [IP_Flow 19-6924] IPCACHE: Running cache check for IP inst: ulp_proc_sys_reset_ctrl_slr2_0
INFO: [IP_Flow 19-6924] IPCACHE: Running cache check for IP inst: ulp_proc_sys_reset_kernel2_slr2_0
INFO: [IP_Flow 19-6924] IPCACHE: Running cache check for IP inst: ulp_regslice_control_userpf_0
INFO: [IP_Flow 19-6924] IPCACHE: Running cache check for IP inst: ulp_rtga_kernel_1_0
INFO: [IP_Flow 19-6924] IPCACHE: Running cache check for IP inst: bd_097b_build_info_0
INFO: [IP_Flow 19-6924] IPCACHE: Running cache check for IP inst: bd_097b_user_debug_hub_0
INFO: [IP_Flow 19-6924] IPCACHE: Running cache check for IP inst: bd_22c0_aclk_kernel_00_adapt_0
INFO: [IP_Flow 19-6924] IPCACHE: Running cache check for IP inst: bd_22c0_aclk_kernel_01_adapt_0
INFO: [IP_Flow 19-6924] IPCACHE: Running cache check for IP inst: bd_22c0_auto_cc_0
INFO: [IP_Flow 19-6924] IPCACHE: Running cache check for IP inst: bd_22c0_clkwiz_aclk_kernel_01_0
INFO: [IP_Flow 19-6924] IPCACHE: Running cache check for IP inst: bd_22c0_clock_throttling_aclk_kernel_00_0
INFO: [IP_Flow 19-6924] IPCACHE: Running cache check for IP inst: bd_22c0_fanout_aresetn_ctrl_slr0_2_0
INFO: [IP_Flow 19-6924] IPCACHE: Running cache check for IP inst: bd_22c0_fanout_aresetn_ctrl_slr0_4_0
INFO: [IP_Flow 19-6924] IPCACHE: Running cache check for IP inst: bd_22c0_fanout_aresetn_ctrl_slr1_4_0
INFO: [IP_Flow 19-6924] IPCACHE: Running cache check for IP inst: bd_22c0_fanout_aresetn_ctrl_slr2_3_0
INFO: [IP_Flow 19-6924] IPCACHE: Running cache check for IP inst: bd_22c0_fanout_aresetn_hbm_0
INFO: [IP_Flow 19-6924] IPCACHE: Running cache check for IP inst: bd_22c0_fanout_aresetn_kernel_00_slr0_3_0
INFO: [IP_Flow 19-6924] IPCACHE: Running cache check for IP inst: bd_22c0_fanout_aresetn_kernel_00_slr1_2_0
INFO: [IP_Flow 19-6924] IPCACHE: Running cache check for IP inst: bd_22c0_fanout_aresetn_kernel_00_slr2_1_0
INFO: [IP_Flow 19-6924] IPCACHE: Running cache check for IP inst: bd_22c0_fanout_aresetn_kernel_00_slr2_4_0
INFO: [IP_Flow 19-6924] IPCACHE: Running cache check for IP inst: bd_22c0_fanout_aresetn_kernel_01_slr0_4_0
INFO: [IP_Flow 19-6924] IPCACHE: Running cache check for IP inst: bd_22c0_fanout_aresetn_kernel_01_slr1_3_0
INFO: [IP_Flow 19-6924] IPCACHE: Running cache check for IP inst: bd_22c0_fanout_aresetn_kernel_01_slr2_4_0
INFO: [IP_Flow 19-6924] IPCACHE: Running cache check for IP inst: bd_22c0_fanout_aresetn_pcie_slr0_4_0
INFO: [IP_Flow 19-6924] IPCACHE: Running cache check for IP inst: bd_22c0_fanout_aresetn_pcie_slr1_4_0
INFO: [IP_Flow 19-6924] IPCACHE: Running cache check for IP inst: bd_22c0_fanout_aresetn_pcie_slr2_4_0
INFO: [IP_Flow 19-6924] IPCACHE: Running cache check for IP inst: bd_22c0_frequency_counter_aclk_kernel_00_0
INFO: [IP_Flow 19-6924] IPCACHE: Running cache check for IP inst: bd_22c0_gpio_ucs_control_status_0
INFO: [IP_Flow 19-6924] IPCACHE: Running cache check for IP inst: bd_22c0_psreset_kernel_01_0
INFO: [IP_Flow 19-6924] IPCACHE: Running cache check for IP inst: bd_85ad_hbm_inst_0
INFO: [IP_Flow 19-6924] IPCACHE: Running cache check for IP inst: bd_85ad_interconnect13_12_0
INFO: [IP_Flow 19-6924] IPCACHE: Running cache check for IP inst: bd_85ad_interconnect5_4_0
INFO: [IP_Flow 19-6924] IPCACHE: Running cache check for IP inst: bd_85ad_slice0_13_0
INFO: [IP_Flow 19-6924] IPCACHE: Running cache check for IP inst: bd_85ad_slice10_9_0
INFO: [IP_Flow 19-6924] IPCACHE: Running cache check for IP inst: bd_85ad_slice11_10_0
INFO: [IP_Flow 19-6924] IPCACHE: Running cache check for IP inst: bd_85ad_slice12_11_0
INFO: [IP_Flow 19-6924] IPCACHE: Running cache check for IP inst: bd_85ad_slice13_12_0
INFO: [IP_Flow 19-6924] IPCACHE: Running cache check for IP inst: bd_85ad_slice1_0_0
INFO: [IP_Flow 19-6924] IPCACHE: Running cache check for IP inst: bd_85ad_slice2_1_0
INFO: [IP_Flow 19-6924] IPCACHE: Running cache check for IP inst: bd_85ad_slice3_2_0
INFO: [IP_Flow 19-6924] IPCACHE: Running cache check for IP inst: bd_85ad_slice5_4_0
INFO: [IP_Flow 19-6924] IPCACHE: Running cache check for IP inst: bd_85ad_slice6_5_0
INFO: [IP_Flow 19-6924] IPCACHE: Running cache check for IP inst: bd_85ad_slice9_8_0
INFO: [IP_Flow 19-6924] IPCACHE: Running cache check for IP inst: bd_85ad_vip_S01_0
INFO: [IP_Flow 19-6924] IPCACHE: Running cache check for IP inst: bd_85ad_vip_S03_0
INFO: [IP_Flow 19-6924] IPCACHE: Running cache check for IP inst: bd_85ad_vip_S05_0
INFO: [IP_Flow 19-6924] IPCACHE: Running cache check for IP inst: bd_85ad_vip_S08_0
INFO: [IP_Flow 19-6924] IPCACHE: Running cache check for IP inst: bd_85ad_vip_S11_0
INFO: [IP_Flow 19-6924] IPCACHE: Running cache check for IP inst: bd_85ad_vip_S13_0
INFO: [IP_Flow 19-6924] IPCACHE: Running cache check for IP inst: bd_7cf0_axi_jtag_0
INFO: [IP_Flow 19-6924] IPCACHE: Running cache check for IP inst: bd_7cf0_bsip_0
INFO: [IP_Flow 19-6924] IPCACHE: Running cache check for IP inst: ulp_axi_gpio_null_0
INFO: [IP_Flow 19-6924] IPCACHE: Running cache check for IP inst: ulp_axi_vip_ctrl_userpf_2
INFO: [IP_Flow 19-6924] IPCACHE: Running cache check for IP inst: ulp_hmss_0_0
INFO: [IP_Flow 19-6924] IPCACHE: Running cache check for IP inst: ulp_axi_gpio_null_1
INFO: [IP_Flow 19-6924] IPCACHE: Running cache check for IP inst: ulp_clk_wiz_0
INFO: [Common 17-14] Message 'IP_Flow 19-6924' appears 100 times and further instances of the messages will be disabled. Use the Tcl command set_msg_config to change the current settings.
INFO: [IP_Flow 19-6930] IPCACHE: runCacheChecks() number of threads = 8
INFO: [IP_Flow 19-8020] IPCACHE: runCacheChecks() calling threadPool finishWork()
launch_runs: Time (s): cpu = 00:00:09 ; elapsed = 00:00:09 . Memory (MB): peak = 5184.426 ; gain = 1268.523 ; free physical = 33915 ; free virtual = 49680
INFO: [OCL_UTIL] set_property GEN_FULL_BITSTREAM 0 [get_runs impl_1]
INFO: [OCL_UTIL] set_property PR_CONFIGURATION config_1 [get_runs impl_1]
INFO: [OCL_UTIL] internal step: source scripts/_vivado_impl_props.tcl
[07:32:14] Run vpl: Step config_hw_runs: Completed
[07:32:14] Run vpl: Step synth: Started
INFO: [OCL_UTIL] current step: vpl.synth
INFO: [OCL_UTIL] parameter general.maxThreads has value 8, set it to 1 for synthesis runs to reduce cpu and memory usage
INFO: [OCL_UTIL] internal step: launch_runs my_rm_synth_1 -jobs 8  
INFO: [IP_Flow 19-6924] IPCACHE: Running cache check for IP inst: ulp_rtga_kernel_1_0
INFO: [IP_Flow 19-6930] IPCACHE: runCacheChecks() number of threads = 8
INFO: [IP_Flow 19-6921] IPCACHE: Adding cache check func to thread queue for IP ulp_auto_cc_0
INFO: [IP_Flow 19-6921] IPCACHE: Adding cache check func to thread queue for IP ulp_auto_cc_1
INFO: [IP_Flow 19-6921] IPCACHE: Adding cache check func to thread queue for IP ulp_auto_cc_2
INFO: [IP_Flow 19-6921] IPCACHE: Adding cache check func to thread queue for IP ulp_auto_cc_3
INFO: [IP_Flow 19-6921] IPCACHE: Adding cache check func to thread queue for IP ulp_axi_gpio_null_0
INFO: [IP_Flow 19-6921] IPCACHE: Adding cache check func to thread queue for IP ulp_axi_gpio_null_1
INFO: [IP_Flow 19-6921] IPCACHE: Adding cache check func to thread queue for IP ulp_axi_gpio_null_2
INFO: [IP_Flow 19-6921] IPCACHE: Adding cache check func to thread queue for IP ulp_axi_vip_ctrl_userpf_0
INFO: [IP_Flow 19-6921] IPCACHE: Adding cache check func to thread queue for IP ulp_axi_vip_ctrl_userpf_1
INFO: [IP_Flow 19-6921] IPCACHE: Adding cache check func to thread queue for IP ulp_axi_vip_ctrl_userpf_2
INFO: [IP_Flow 19-6921] IPCACHE: Adding cache check func to thread queue for IP ulp_axi_vip_data_0
INFO: [IP_Flow 19-6921] IPCACHE: Adding cache check func to thread queue for IP ulp_clk_wiz_0
INFO: [IP_Flow 19-6921] IPCACHE: Adding cache check func to thread queue for IP ulp_hmss_0_0
INFO: [IP_Flow 19-6921] IPCACHE: Adding cache check func to thread queue for IP ulp_ii_level0_wire_0
INFO: [IP_Flow 19-6921] IPCACHE: Adding cache check func to thread queue for IP ulp_m00_regslice_0
INFO: [IP_Flow 19-6921] IPCACHE: Adding cache check func to thread queue for IP ulp_m01_regslice_0
INFO: [IP_Flow 19-6921] IPCACHE: Adding cache check func to thread queue for IP ulp_proc_sys_reset_ctrl_slr0_0
INFO: [IP_Flow 19-6921] IPCACHE: Adding cache check func to thread queue for IP ulp_proc_sys_reset_ctrl_slr1_0
INFO: [IP_Flow 19-6921] IPCACHE: Adding cache check func to thread queue for IP ulp_proc_sys_reset_ctrl_slr2_0
INFO: [IP_Flow 19-6921] IPCACHE: Adding cache check func to thread queue for IP ulp_proc_sys_reset_freerun_slr0_0
INFO: [IP_Flow 19-6921] IPCACHE: Adding cache check func to thread queue for IP ulp_proc_sys_reset_freerun_slr1_0
INFO: [IP_Flow 19-6921] IPCACHE: Adding cache check func to thread queue for IP ulp_proc_sys_reset_freerun_slr2_0
INFO: [IP_Flow 19-6921] IPCACHE: Adding cache check func to thread queue for IP ulp_proc_sys_reset_kernel2_slr0_0
INFO: [IP_Flow 19-6921] IPCACHE: Adding cache check func to thread queue for IP ulp_proc_sys_reset_kernel2_slr1_0
INFO: [IP_Flow 19-6921] IPCACHE: Adding cache check func to thread queue for IP ulp_proc_sys_reset_kernel2_slr2_0
INFO: [IP_Flow 19-6921] IPCACHE: Adding cache check func to thread queue for IP ulp_proc_sys_reset_kernel_slr0_0
INFO: [IP_Flow 19-6921] IPCACHE: Adding cache check func to thread queue for IP ulp_proc_sys_reset_kernel_slr1_0
INFO: [IP_Flow 19-6921] IPCACHE: Adding cache check func to thread queue for IP ulp_proc_sys_reset_kernel_slr2_0
INFO: [IP_Flow 19-6921] IPCACHE: Adding cache check func to thread queue for IP ulp_regslice_control_userpf_0
INFO: [IP_Flow 19-6921] IPCACHE: Adding cache check func to thread queue for IP ulp_regslice_control_userpf_1
INFO: [IP_Flow 19-6921] IPCACHE: Adding cache check func to thread queue for IP ulp_regslice_control_userpf_2
INFO: [IP_Flow 19-6921] IPCACHE: Adding cache check func to thread queue for IP ulp_rst_clk_wiz_225M_0
INFO: [IP_Flow 19-6921] IPCACHE: Adding cache check func to thread queue for IP ulp_s00_regslice_18
INFO: [IP_Flow 19-6921] IPCACHE: Adding cache check func to thread queue for IP ulp_s00_regslice_19
INFO: [IP_Flow 19-6921] IPCACHE: Adding cache check func to thread queue for IP ulp_s00_regslice_20
INFO: [IP_Flow 19-6921] IPCACHE: Adding cache check func to thread queue for IP ulp_ulp_cmp_0
INFO: [IP_Flow 19-6921] IPCACHE: Adding cache check func to thread queue for IP ulp_ulp_ucs_0
INFO: [IP_Flow 19-6921] IPCACHE: Adding cache check func to thread queue for IP ulp_xbar_2
INFO: [IP_Flow 19-6921] IPCACHE: Adding cache check func to thread queue for IP ulp_xbar_3
INFO: [IP_Flow 19-6921] IPCACHE: Adding cache check func to thread queue for IP bd_097b_build_info_0
INFO: [IP_Flow 19-6921] IPCACHE: Adding cache check func to thread queue for IP bd_097b_user_debug_bridge_0
INFO: [IP_Flow 19-6921] IPCACHE: Adding cache check func to thread queue for IP bd_097b_user_debug_hub_0
INFO: [IP_Flow 19-6921] IPCACHE: Adding cache check func to thread queue for IP bd_22c0_aclk_kernel_00_adapt_0
INFO: [IP_Flow 19-6921] IPCACHE: Adding cache check func to thread queue for IP bd_22c0_aclk_kernel_00_cont_adapt_0
INFO: [IP_Flow 19-6921] IPCACHE: Adding cache check func to thread queue for IP bd_22c0_aclk_kernel_01_adapt_0
INFO: [IP_Flow 19-6921] IPCACHE: Adding cache check func to thread queue for IP bd_22c0_aclk_kernel_01_cont_adapt_0
INFO: [IP_Flow 19-6921] IPCACHE: Adding cache check func to thread queue for IP bd_22c0_auto_cc_0
INFO: [IP_Flow 19-6921] IPCACHE: Adding cache check func to thread queue for IP bd_22c0_build_info_0
INFO: [IP_Flow 19-6921] IPCACHE: Adding cache check func to thread queue for IP bd_22c0_clk_hbm_adapt_0
INFO: [IP_Flow 19-6921] IPCACHE: Adding cache check func to thread queue for IP bd_22c0_clkwiz_aclk_kernel_00_0
INFO: [IP_Flow 19-6921] IPCACHE: Adding cache check func to thread queue for IP bd_22c0_clkwiz_aclk_kernel_01_0
INFO: [IP_Flow 19-6921] IPCACHE: Adding cache check func to thread queue for IP bd_22c0_clkwiz_hbm_0
INFO: [IP_Flow 19-6921] IPCACHE: Adding cache check func to thread queue for IP bd_22c0_clock_shutdown_latch_0
INFO: [IP_Flow 19-6921] IPCACHE: Adding cache check func to thread queue for IP bd_22c0_clock_throttling_aclk_kernel_00_0
INFO: [IP_Flow 19-6921] IPCACHE: Adding cache check func to thread queue for IP bd_22c0_clock_throttling_aclk_kernel_01_0
INFO: [IP_Flow 19-6921] IPCACHE: Adding cache check func to thread queue for IP bd_22c0_clock_throttling_avg_0
INFO: [IP_Flow 19-6921] IPCACHE: Adding cache check func to thread queue for IP bd_22c0_fanout_aresetn_ctrl_slr0_1_0
INFO: [IP_Flow 19-6921] IPCACHE: Adding cache check func to thread queue for IP bd_22c0_fanout_aresetn_ctrl_slr0_2_0
INFO: [IP_Flow 19-6921] IPCACHE: Adding cache check func to thread queue for IP bd_22c0_fanout_aresetn_ctrl_slr0_3_0
INFO: [IP_Flow 19-6921] IPCACHE: Adding cache check func to thread queue for IP bd_22c0_fanout_aresetn_ctrl_slr0_4_0
INFO: [IP_Flow 19-6921] IPCACHE: Adding cache check func to thread queue for IP bd_22c0_fanout_aresetn_ctrl_slr1_1_0
INFO: [IP_Flow 19-6921] IPCACHE: Adding cache check func to thread queue for IP bd_22c0_fanout_aresetn_ctrl_slr1_2_0
INFO: [IP_Flow 19-6921] IPCACHE: Adding cache check func to thread queue for IP bd_22c0_fanout_aresetn_ctrl_slr1_3_0
INFO: [IP_Flow 19-6921] IPCACHE: Adding cache check func to thread queue for IP bd_22c0_fanout_aresetn_ctrl_slr1_4_0
INFO: [IP_Flow 19-6921] IPCACHE: Adding cache check func to thread queue for IP bd_22c0_fanout_aresetn_ctrl_slr2_1_0
INFO: [IP_Flow 19-6921] IPCACHE: Adding cache check func to thread queue for IP bd_22c0_fanout_aresetn_ctrl_slr2_2_0
INFO: [IP_Flow 19-6921] IPCACHE: Adding cache check func to thread queue for IP bd_22c0_fanout_aresetn_ctrl_slr2_3_0
INFO: [IP_Flow 19-6921] IPCACHE: Adding cache check func to thread queue for IP bd_22c0_fanout_aresetn_ctrl_slr2_4_0
INFO: [IP_Flow 19-6921] IPCACHE: Adding cache check func to thread queue for IP bd_22c0_fanout_aresetn_hbm_0
INFO: [IP_Flow 19-6921] IPCACHE: Adding cache check func to thread queue for IP bd_22c0_fanout_aresetn_kernel_00_slr0_1_0
INFO: [IP_Flow 19-6921] IPCACHE: Adding cache check func to thread queue for IP bd_22c0_fanout_aresetn_kernel_00_slr0_2_0
INFO: [IP_Flow 19-6921] IPCACHE: Adding cache check func to thread queue for IP bd_22c0_fanout_aresetn_kernel_00_slr0_3_0
INFO: [IP_Flow 19-6921] IPCACHE: Adding cache check func to thread queue for IP bd_22c0_fanout_aresetn_kernel_00_slr0_4_0
INFO: [IP_Flow 19-6921] IPCACHE: Adding cache check func to thread queue for IP bd_22c0_fanout_aresetn_kernel_00_slr1_1_0
INFO: [IP_Flow 19-6921] IPCACHE: Adding cache check func to thread queue for IP bd_22c0_fanout_aresetn_kernel_00_slr1_2_0
INFO: [IP_Flow 19-6921] IPCACHE: Adding cache check func to thread queue for IP bd_22c0_fanout_aresetn_kernel_00_slr1_3_0
INFO: [IP_Flow 19-6921] IPCACHE: Adding cache check func to thread queue for IP bd_22c0_fanout_aresetn_kernel_00_slr1_4_0
INFO: [IP_Flow 19-6921] IPCACHE: Adding cache check func to thread queue for IP bd_22c0_fanout_aresetn_kernel_00_slr2_1_0
INFO: [IP_Flow 19-6921] IPCACHE: Adding cache check func to thread queue for IP bd_22c0_fanout_aresetn_kernel_00_slr2_2_0
INFO: [IP_Flow 19-6921] IPCACHE: Adding cache check func to thread queue for IP bd_22c0_fanout_aresetn_kernel_00_slr2_3_0
INFO: [IP_Flow 19-6921] IPCACHE: Adding cache check func to thread queue for IP bd_22c0_fanout_aresetn_kernel_00_slr2_4_0
INFO: [IP_Flow 19-6921] IPCACHE: Adding cache check func to thread queue for IP bd_22c0_fanout_aresetn_kernel_01_slr0_1_0
INFO: [IP_Flow 19-6921] IPCACHE: Adding cache check func to thread queue for IP bd_22c0_fanout_aresetn_kernel_01_slr0_2_0
INFO: [IP_Flow 19-6921] IPCACHE: Adding cache check func to thread queue for IP bd_22c0_fanout_aresetn_kernel_01_slr0_3_0
INFO: [IP_Flow 19-6921] IPCACHE: Adding cache check func to thread queue for IP bd_22c0_fanout_aresetn_kernel_01_slr0_4_0
INFO: [IP_Flow 19-6921] IPCACHE: Adding cache check func to thread queue for IP bd_22c0_fanout_aresetn_kernel_01_slr1_1_0
INFO: [IP_Flow 19-6921] IPCACHE: Adding cache check func to thread queue for IP bd_22c0_fanout_aresetn_kernel_01_slr1_2_0
INFO: [IP_Flow 19-6921] IPCACHE: Adding cache check func to thread queue for IP bd_22c0_fanout_aresetn_kernel_01_slr1_3_0
INFO: [IP_Flow 19-6921] IPCACHE: Adding cache check func to thread queue for IP bd_22c0_fanout_aresetn_kernel_01_slr1_4_0
INFO: [IP_Flow 19-6921] IPCACHE: Adding cache check func to thread queue for IP bd_22c0_fanout_aresetn_kernel_01_slr2_1_0
INFO: [IP_Flow 19-6921] IPCACHE: Adding cache check func to thread queue for IP bd_22c0_fanout_aresetn_kernel_01_slr2_2_0
INFO: [IP_Flow 19-6921] IPCACHE: Adding cache check func to thread queue for IP bd_22c0_fanout_aresetn_kernel_01_slr2_3_0
INFO: [IP_Flow 19-6921] IPCACHE: Adding cache check func to thread queue for IP bd_22c0_fanout_aresetn_kernel_01_slr2_4_0
INFO: [IP_Flow 19-6921] IPCACHE: Adding cache check func to thread queue for IP bd_22c0_fanout_aresetn_pcie_slr0_1_0
INFO: [IP_Flow 19-6921] IPCACHE: Adding cache check func to thread queue for IP bd_22c0_fanout_aresetn_pcie_slr0_2_0
INFO: [IP_Flow 19-6921] IPCACHE: Adding cache check func to thread queue for IP bd_22c0_fanout_aresetn_pcie_slr0_3_0
INFO: [IP_Flow 19-6921] IPCACHE: Adding cache check func to thread queue for IP bd_22c0_fanout_aresetn_pcie_slr0_4_0
INFO: [IP_Flow 19-6921] IPCACHE: Adding cache check func to thread queue for IP bd_22c0_fanout_aresetn_pcie_slr1_1_0
INFO: [IP_Flow 19-6921] IPCACHE: Adding cache check func to thread queue for IP bd_22c0_fanout_aresetn_pcie_slr1_2_0
INFO: [IP_Flow 19-6921] IPCACHE: Adding cache check func to thread queue for IP bd_22c0_fanout_aresetn_pcie_slr1_3_0
INFO: [Common 17-14] Message 'IP_Flow 19-6921' appears 100 times and further instances of the messages will be disabled. Use the Tcl command set_msg_config to change the current settings.
INFO: [IP_Flow 19-8020] IPCACHE: runCacheChecks() calling threadPool finishWork()
INFO: [IP_Flow 19-6924] IPCACHE: Running cache check for IP inst: ulp_auto_cc_0
INFO: [IP_Flow 19-6924] IPCACHE: Running cache check for IP inst: ulp_axi_vip_ctrl_userpf_2
INFO: [IP_Flow 19-6924] IPCACHE: Running cache check for IP inst: ulp_proc_sys_reset_ctrl_slr1_0
INFO: [IP_Flow 19-6924] IPCACHE: Running cache check for IP inst: ulp_proc_sys_reset_kernel2_slr1_0
INFO: [IP_Flow 19-6924] IPCACHE: Running cache check for IP inst: ulp_regslice_control_userpf_2
INFO: [IP_Flow 19-6924] IPCACHE: Running cache check for IP inst: bd_097b_build_info_0
INFO: [IP_Flow 19-6924] IPCACHE: Running cache check for IP inst: bd_22c0_aclk_kernel_00_cont_adapt_0
INFO: [IP_Flow 19-6924] IPCACHE: Running cache check for IP inst: bd_22c0_aclk_kernel_01_adapt_0
INFO: [IP_Flow 19-6924] IPCACHE: Running cache check for IP inst: bd_22c0_clk_hbm_adapt_0
INFO: [IP_Flow 19-6924] IPCACHE: Running cache check for IP inst: bd_22c0_clkwiz_aclk_kernel_01_0
INFO: [IP_Flow 19-6924] IPCACHE: Running cache check for IP inst: bd_22c0_fanout_aresetn_ctrl_slr0_2_0
INFO: [IP_Flow 19-6924] IPCACHE: Running cache check for IP inst: bd_22c0_fanout_aresetn_ctrl_slr1_3_0
INFO: [IP_Flow 19-6924] IPCACHE: Running cache check for IP inst: bd_22c0_fanout_aresetn_ctrl_slr2_3_0
INFO: [IP_Flow 19-6924] IPCACHE: Running cache check for IP inst: bd_22c0_fanout_aresetn_kernel_00_slr1_1_0
INFO: [IP_Flow 19-6924] IPCACHE: Running cache check for IP inst: bd_22c0_fanout_aresetn_kernel_00_slr2_4_0
INFO: [IP_Flow 19-6924] IPCACHE: Running cache check for IP inst: bd_22c0_fanout_aresetn_kernel_01_slr1_2_0
INFO: [IP_Flow 19-6924] IPCACHE: Running cache check for IP inst: bd_22c0_fanout_aresetn_kernel_01_slr2_4_0
INFO: [IP_Flow 19-6924] IPCACHE: Running cache check for IP inst: bd_22c0_fanout_aresetn_pcie_slr1_2_0
INFO: [IP_Flow 19-6924] IPCACHE: Running cache check for IP inst: bd_22c0_frequency_counter_aclk_hbm_0
INFO: [IP_Flow 19-6924] IPCACHE: Running cache check for IP inst: bd_22c0_psreset_aclk_freerun_0
INFO: [IP_Flow 19-6924] IPCACHE: Running cache check for IP inst: bd_22c0_xbar_1
INFO: [IP_Flow 19-6924] IPCACHE: Running cache check for IP inst: bd_85ad_interconnect4_3_0
INFO: [IP_Flow 19-6924] IPCACHE: Running cache check for IP inst: bd_85ad_slice3_2_0
INFO: [IP_Flow 19-6924] IPCACHE: Running cache check for IP inst: bd_85ad_slice6_5_0
INFO: [IP_Flow 19-6924] IPCACHE: Running cache check for IP inst: bd_85ad_slice8_7_0
INFO: [IP_Flow 19-6924] IPCACHE: Running cache check for IP inst: bd_85ad_vip_S01_0
INFO: [IP_Flow 19-6924] IPCACHE: Running cache check for IP inst: bd_85ad_vip_S03_0
INFO: [IP_Flow 19-6924] IPCACHE: Running cache check for IP inst: bd_85ad_vip_S07_0
INFO: [IP_Flow 19-6924] IPCACHE: Running cache check for IP inst: bd_85ad_vip_S11_0
INFO: [IP_Flow 19-6924] IPCACHE: Running cache check for IP inst: bd_7cf0_axi_jtag_0
INFO: [IP_Flow 19-6924] IPCACHE: Running cache check for IP inst: ulp_auto_cc_1
INFO: [IP_Flow 19-6924] IPCACHE: Running cache check for IP inst: ulp_axi_vip_ctrl_userpf_1
INFO: [IP_Flow 19-6924] IPCACHE: Running cache check for IP inst: ulp_proc_sys_reset_ctrl_slr2_0
INFO: [IP_Flow 19-6924] IPCACHE: Running cache check for IP inst: ulp_regslice_control_userpf_0
INFO: [IP_Flow 19-6924] IPCACHE: Running cache check for IP inst: bd_097b_user_debug_bridge_0
INFO: [IP_Flow 19-6924] IPCACHE: Running cache check for IP inst: bd_22c0_clkwiz_aclk_kernel_00_0
INFO: [IP_Flow 19-6924] IPCACHE: Running cache check for IP inst: bd_22c0_fanout_aresetn_ctrl_slr1_2_0
INFO: [IP_Flow 19-6924] IPCACHE: Running cache check for IP inst: bd_22c0_fanout_aresetn_hbm_0
INFO: [IP_Flow 19-6924] IPCACHE: Running cache check for IP inst: bd_22c0_fanout_aresetn_kernel_00_slr2_1_0
INFO: [IP_Flow 19-6924] IPCACHE: Running cache check for IP inst: bd_85ad_axi_apb_bridge_inst_0
INFO: [IP_Flow 19-6924] IPCACHE: Running cache check for IP inst: bd_85ad_interconnect1_0_0
INFO: [IP_Flow 19-6924] IPCACHE: Running cache check for IP inst: bd_85ad_interconnect9_8_0
INFO: [IP_Flow 19-6924] IPCACHE: Running cache check for IP inst: ulp_auto_cc_2
INFO: [IP_Flow 19-6924] IPCACHE: Running cache check for IP inst: ulp_axi_vip_ctrl_userpf_0
INFO: [IP_Flow 19-6924] IPCACHE: Running cache check for IP inst: ulp_proc_sys_reset_ctrl_slr0_0
INFO: [IP_Flow 19-6924] IPCACHE: Running cache check for IP inst: ulp_proc_sys_reset_kernel2_slr2_0
INFO: [IP_Flow 19-6924] IPCACHE: Running cache check for IP inst: bd_22c0_auto_cc_0
INFO: [IP_Flow 19-6924] IPCACHE: Running cache check for IP inst: bd_22c0_clock_shutdown_latch_0
INFO: [IP_Flow 19-6924] IPCACHE: Running cache check for IP inst: bd_22c0_clock_throttling_aclk_kernel_00_0
INFO: [IP_Flow 19-6924] IPCACHE: Running cache check for IP inst: bd_22c0_fanout_aresetn_ctrl_slr0_1_0
INFO: [IP_Flow 19-6924] IPCACHE: Running cache check for IP inst: bd_22c0_fanout_aresetn_ctrl_slr0_4_0
INFO: [IP_Flow 19-6924] IPCACHE: Running cache check for IP inst: bd_22c0_fanout_aresetn_ctrl_slr2_2_0
INFO: [IP_Flow 19-6924] IPCACHE: Running cache check for IP inst: bd_22c0_fanout_aresetn_kernel_00_slr0_4_0
INFO: [IP_Flow 19-6924] IPCACHE: Running cache check for IP inst: bd_22c0_fanout_aresetn_kernel_00_slr2_2_0
INFO: [IP_Flow 19-6924] IPCACHE: Running cache check for IP inst: bd_22c0_fanout_aresetn_kernel_01_slr0_4_0
INFO: [IP_Flow 19-6924] IPCACHE: Running cache check for IP inst: bd_22c0_fanout_aresetn_kernel_01_slr2_1_0
INFO: [IP_Flow 19-6924] IPCACHE: Running cache check for IP inst: bd_22c0_fanout_aresetn_pcie_slr0_4_0
INFO: [IP_Flow 19-6924] IPCACHE: Running cache check for IP inst: bd_22c0_fanout_aresetn_pcie_slr2_3_0
INFO: [IP_Flow 19-6924] IPCACHE: Running cache check for IP inst: bd_22c0_gpio_gapping_demand_0
INFO: [IP_Flow 19-6924] IPCACHE: Running cache check for IP inst: bd_85ad_hbm_reset_sync_SLR0_0
INFO: [IP_Flow 19-6924] IPCACHE: Running cache check for IP inst: bd_85ad_interconnect10_9_0
INFO: [IP_Flow 19-6924] IPCACHE: Running cache check for IP inst: bd_85ad_interconnect5_4_0
INFO: [IP_Flow 19-6924] IPCACHE: Running cache check for IP inst: bd_85ad_vip_S06_0
INFO: [IP_Flow 19-6924] IPCACHE: Running cache check for IP inst: bd_85ad_vip_S10_0
INFO: [IP_Flow 19-6924] IPCACHE: Running cache check for IP inst: bd_58f6_xsdbm_0
INFO: [IP_Flow 19-6924] IPCACHE: Running cache check for IP inst: ulp_auto_cc_3
INFO: [IP_Flow 19-6924] IPCACHE: Running cache check for IP inst: ulp_axi_vip_data_0
INFO: [IP_Flow 19-6924] IPCACHE: Running cache check for IP inst: ulp_proc_sys_reset_freerun_slr0_0
INFO: [IP_Flow 19-6924] IPCACHE: Running cache check for IP inst: ulp_proc_sys_reset_kernel_slr2_0
INFO: [IP_Flow 19-6924] IPCACHE: Running cache check for IP inst: ulp_s00_regslice_19
INFO: [IP_Flow 19-6924] IPCACHE: Running cache check for IP inst: bd_097b_user_debug_hub_0
INFO: [IP_Flow 19-6924] IPCACHE: Running cache check for IP inst: bd_22c0_build_info_0
INFO: [IP_Flow 19-6924] IPCACHE: Running cache check for IP inst: bd_22c0_fanout_aresetn_kernel_00_slr0_2_0
INFO: [IP_Flow 19-6924] IPCACHE: Running cache check for IP inst: bd_22c0_fanout_aresetn_kernel_00_slr1_2_0
INFO: [IP_Flow 19-6924] IPCACHE: Running cache check for IP inst: bd_22c0_fanout_aresetn_kernel_01_slr0_1_0
INFO: [IP_Flow 19-6924] IPCACHE: Running cache check for IP inst: bd_22c0_fanout_aresetn_kernel_01_slr1_3_0
INFO: [IP_Flow 19-6924] IPCACHE: Running cache check for IP inst: bd_22c0_fanout_aresetn_pcie_slr0_1_0
INFO: [IP_Flow 19-6924] IPCACHE: Running cache check for IP inst: bd_22c0_fanout_aresetn_pcie_slr1_3_0
INFO: [IP_Flow 19-6924] IPCACHE: Running cache check for IP inst: bd_22c0_fanout_aresetn_pcie_slr2_4_0
INFO: [IP_Flow 19-6924] IPCACHE: Running cache check for IP inst: bd_22c0_gpio_ucs_control_status_0
INFO: [IP_Flow 19-6924] IPCACHE: Running cache check for IP inst: bd_85ad_hbm_reset_sync_SLR2_0
INFO: [IP_Flow 19-6924] IPCACHE: Running cache check for IP inst: bd_85ad_interconnect11_10_0
INFO: [IP_Flow 19-6924] IPCACHE: Running cache check for IP inst: bd_85ad_interconnect6_5_0
INFO: [IP_Flow 19-6924] IPCACHE: Running cache check for IP inst: bd_58f6_lut_buffer_0
INFO: [IP_Flow 19-6924] IPCACHE: Running cache check for IP inst: bd_7cf0_bsip_0
INFO: [IP_Flow 19-6924] IPCACHE: Running cache check for IP inst: ulp_axi_gpio_null_0
INFO: [IP_Flow 19-6924] IPCACHE: Running cache check for IP inst: ulp_ii_level0_wire_0
INFO: [IP_Flow 19-6924] IPCACHE: Running cache check for IP inst: ulp_proc_sys_reset_kernel_slr0_0
INFO: [IP_Flow 19-6924] IPCACHE: Running cache check for IP inst: ulp_rst_clk_wiz_225M_0
INFO: [IP_Flow 19-6924] IPCACHE: Running cache check for IP inst: ulp_xbar_2
INFO: [IP_Flow 19-6924] IPCACHE: Running cache check for IP inst: bd_22c0_fanout_aresetn_pcie_slr0_2_0
INFO: [IP_Flow 19-6924] IPCACHE: Running cache check for IP inst: bd_22c0_fanout_aresetn_pcie_slr2_1_0
INFO: [IP_Flow 19-6924] IPCACHE: Running cache check for IP inst: bd_22c0_frequency_counter_aclk_kernel_01_0
INFO: [IP_Flow 19-6924] IPCACHE: Running cache check for IP inst: bd_22c0_psreset_kernel_00_0
INFO: [IP_Flow 19-6924] IPCACHE: Running cache check for IP inst: bd_85ad_hbm_inst_0
INFO: [IP_Flow 19-6924] IPCACHE: Running cache check for IP inst: bd_85ad_interconnect3_2_0
INFO: [IP_Flow 19-6924] IPCACHE: Running cache check for IP inst: bd_85ad_slice10_9_0
INFO: [IP_Flow 19-6924] IPCACHE: Running cache check for IP inst: bd_85ad_slice12_11_0
INFO: [IP_Flow 19-6924] IPCACHE: Running cache check for IP inst: bd_85ad_slice13_12_0
INFO: [Common 17-14] Message 'IP_Flow 19-6924' appears 100 times and further instances of the messages will be disabled. Use the Tcl command set_msg_config to change the current settings.
INFO: [IP_Flow 19-6930] IPCACHE: runCacheChecks() number of threads = 8
INFO: [IP_Flow 19-8020] IPCACHE: runCacheChecks() calling threadPool finishWork()
[Wed Jul 15 07:32:26 2026] Launched ulp_m00_regslice_0_synth_1, ulp_auto_cc_0_synth_1, ulp_s00_regslice_20_synth_1, ulp_auto_cc_1_synth_1, ulp_auto_cc_3_synth_1, ulp_s00_regslice_18_synth_1, ulp_m01_regslice_0_synth_1, ulp_s00_regslice_19_synth_1, ulp_auto_cc_2_synth_1, ulp_xbar_2_synth_1, ulp_rst_clk_wiz_225M_0_synth_1, ulp_xbar_3_synth_1, ulp_rtga_kernel_1_0_synth_1, ulp_clk_wiz_0_synth_1, ulp_regslice_control_userpf_1_synth_1, ulp_axi_gpio_null_1_synth_1, ulp_axi_vip_ctrl_userpf_1_synth_1, ulp_proc_sys_reset_kernel2_slr0_0_synth_1, ulp_proc_sys_reset_ctrl_slr1_0_synth_1, ulp_proc_sys_reset_ctrl_slr2_0_synth_1, ulp_proc_sys_reset_kernel_slr0_0_synth_1, ulp_proc_sys_reset_ctrl_slr0_0_synth_1, ulp_axi_vip_data_0_synth_1, ulp_hmss_0_0_synth_1, bd_85ad_slice11_10_0_synth_1, bd_85ad_interconnect6_5_0_synth_1, bd_85ad_interconnect13_12_0_synth_1, bd_85ad_slice0_13_0_synth_1, bd_85ad_slice1_0_0_synth_1, bd_85ad_interconnect4_3_0_synth_1, bd_85ad_interconnect7_6_0_synth_1, bd_85ad_slice6_5_0_synth_1, bd_85ad_init_reduce_0_synth_1, bd_85ad_slice10_9_0_synth_1, bd_85ad_interconnect0_13_0_synth_1, bd_85ad_interconnect11_10_0_synth_1, bd_85ad_slice5_4_0_synth_1, bd_85ad_interconnect8_7_0_synth_1, bd_85ad_slice3_2_0_synth_1, bd_85ad_interconnect9_8_0_synth_1, bd_85ad_interconnect2_1_0_synth_1, bd_85ad_interconnect3_2_0_synth_1, bd_85ad_slice9_8_0_synth_1, bd_85ad_slice13_12_0_synth_1, bd_85ad_slice8_7_0_synth_1, bd_85ad_slice2_1_0_synth_1, bd_85ad_interconnect5_4_0_synth_1, bd_85ad_interconnect12_11_0_synth_1, bd_85ad_slice7_6_0_synth_1, bd_85ad_interconnect10_9_0_synth_1, bd_85ad_slice4_3_0_synth_1, bd_85ad_slice12_11_0_synth_1, bd_85ad_vip_S00_0_synth_1, bd_85ad_vip_S12_0_synth_1, bd_85ad_vip_S13_0_synth_1, bd_85ad_vip_S11_0_synth_1, bd_85ad_vip_S09_0_synth_1, bd_85ad_vip_S10_0_synth_1, bd_85ad_vip_S08_0_synth_1, bd_85ad_vip_S06_0_synth_1, bd_85ad_vip_S07_0_synth_1, bd_85ad_vip_S05_0_synth_1, bd_85ad_vip_S04_0_synth_1, bd_85ad_vip_S01_0_synth_1, bd_85ad_interconnect1_0_0_synth_1, bd_85ad_vip_S02_0_synth_1, bd_85ad_vip_S03_0_synth_1, bd_85ad_hbm_reset_sync_SLR2_0_synth_1, bd_85ad_hbm_reset_sync_SLR0_0_synth_1, bd_85ad_axi_apb_bridge_inst_0_synth_1, bd_85ad_hbm_inst_0_synth_1, ulp_ulp_cmp_0_synth_1, bd_097b_user_debug_hub_0_synth_1, bd_58f6_xsdbm_0_synth_1, bd_58f6_lut_buffer_0_synth_1, bd_097b_user_debug_bridge_0_synth_1, bd_7cf0_bs_switch_1_0_synth_1, bd_7cf0_bsip_0_synth_1, bd_7cf0_axi_jtag_0_synth_1, bd_097b_build_info_0_synth_1, ulp_ulp_ucs_0_synth_1, bd_22c0_xbar_1_synth_1, bd_22c0_fanout_aresetn_hbm_0_synth_1, bd_22c0_psreset_hbm_0_synth_1, bd_22c0_psreset_kernel_00_0_synth_1, bd_22c0_frequency_counter_aclk_hbm_0_synth_1, bd_22c0_psreset_aclk_freerun_0_synth_1, bd_22c0_clock_throttling_aclk_kernel_01_0_synth_1, bd_22c0_clkwiz_aclk_kernel_01_0_synth_1, bd_22c0_frequency_counter_aclk_0_synth_1, bd_22c0_fanout_aresetn_kernel_01_slr2_4_0_synth_1, bd_22c0_frequency_counter_aclk_kernel_00_0_synth_1, bd_22c0_clkwiz_hbm_0_synth_1, bd_22c0_aclk_kernel_00_cont_adapt_0_synth_1, bd_22c0_aclk_kernel_00_adapt_0_synth_1, bd_22c0_fanout_aresetn_kernel_01_slr2_3_0_synth_1, bd_22c0_frequency_counter_aclk_kernel_01_0_synth_1, bd_22c0_aclk_kernel_01_cont_adapt_0_synth_1, bd_22c0_fanout_aresetn_kernel_00_slr1_4_0_synth_1, bd_22c0_clock_throttling_avg_0_synth_1, bd_22c0_clkwiz_aclk_kernel_00_0_synth_1, bd_22c0_aclk_kernel_01_adapt_0_synth_1, bd_22c0_gapping_demand_toggle_0_synth_1, bd_22c0_gapping_demand_update_0_synth_1, bd_22c0_fanout_aresetn_ctrl_slr0_2_0_synth_1, bd_22c0_build_info_0_synth_1, bd_22c0_fanout_aresetn_kernel_01_slr2_2_0_synth_1, bd_22c0_fanout_aresetn_kernel_01_slr2_1_0_synth_1, bd_22c0_fanout_aresetn_kernel_01_slr1_1_0_synth_1, bd_22c0_fanout_aresetn_kernel_01_slr1_3_0_synth_1, bd_22c0_fanout_aresetn_kernel_00_slr1_2_0_synth_1, bd_22c0_fanout_aresetn_kernel_01_slr0_2_0_synth_1, bd_22c0_fanout_aresetn_kernel_01_slr0_4_0_synth_1, bd_22c0_fanout_aresetn_kernel_01_slr0_3_0_synth_1, bd_22c0_fanout_aresetn_kernel_01_slr0_1_0_synth_1, bd_22c0_gpio_gapping_demand_0_synth_1, bd_22c0_fanout_aresetn_pcie_slr0_3_0_synth_1, bd_22c0_fanout_aresetn_pcie_slr0_1_0_synth_1, bd_22c0_clock_shutdown_latch_0_synth_1, bd_22c0_clk_hbm_adapt_0_synth_1, bd_22c0_fanout_aresetn_ctrl_slr0_3_0_synth_1, bd_22c0_fanout_aresetn_ctrl_slr0_1_0_synth_1, bd_22c0_fanout_aresetn_ctrl_slr2_2_0_synth_1, bd_22c0_fanout_aresetn_ctrl_slr2_3_0_synth_1, bd_22c0_fanout_aresetn_ctrl_slr1_3_0_synth_1, bd_22c0_fanout_aresetn_ctrl_slr2_4_0_synth_1, bd_22c0_fanout_aresetn_ctrl_slr2_1_0_synth_1, bd_22c0_fanout_aresetn_ctrl_slr0_4_0_synth_1, bd_22c0_fanout_aresetn_ctrl_slr1_2_0_synth_1, bd_22c0_fanout_aresetn_ctrl_slr1_4_0_synth_1, bd_22c0_fanout_aresetn_ctrl_slr1_1_0_synth_1, bd_22c0_fanout_aresetn_kernel_01_slr1_4_0_synth_1, bd_22c0_fanout_aresetn_pcie_slr2_3_0_synth_1, bd_22c0_fanout_aresetn_kernel_01_slr1_2_0_synth_1, bd_22c0_fanout_aresetn_pcie_slr2_4_0_synth_1, bd_22c0_fanout_aresetn_pcie_slr1_4_0_synth_1, bd_22c0_fanout_aresetn_pcie_slr2_2_0_synth_1, bd_22c0_fanout_aresetn_pcie_slr2_1_0_synth_1, bd_22c0_fanout_aresetn_pcie_slr1_1_0_synth_1, bd_22c0_fanout_aresetn_pcie_slr1_3_0_synth_1, bd_22c0_fanout_aresetn_pcie_slr1_2_0_synth_1, bd_22c0_fanout_aresetn_pcie_slr0_2_0_synth_1, bd_22c0_fanout_aresetn_pcie_slr0_4_0_synth_1, bd_22c0_fanout_aresetn_kernel_00_slr1_3_0_synth_1, bd_22c0_fanout_aresetn_kernel_00_slr2_2_0_synth_1, bd_22c0_fanout_aresetn_kernel_00_slr0_3_0_synth_1, bd_22c0_fanout_aresetn_kernel_00_slr1_1_0_synth_1, bd_22c0_fanout_aresetn_kernel_00_slr0_1_0_synth_1, bd_22c0_fanout_aresetn_kernel_00_slr0_4_0_synth_1, bd_22c0_fanout_aresetn_kernel_00_slr0_2_0_synth_1, bd_22c0_xbar_0_synth_1, bd_22c0_gpio_ucs_control_status_0_synth_1, bd_22c0_psreset_kernel_01_0_synth_1, bd_22c0_fanout_aresetn_kernel_00_slr2_4_0_synth_1, bd_22c0_fanout_aresetn_kernel_00_slr2_3_0_synth_1, bd_22c0_clock_throttling_aclk_kernel_00_0_synth_1, bd_22c0_fanout_aresetn_kernel_00_slr2_1_0_synth_1, bd_22c0_auto_cc_0_synth_1, ulp_regslice_control_userpf_2_synth_1, ulp_axi_vip_ctrl_userpf_2_synth_1, ulp_axi_gpio_null_2_synth_1, ulp_regslice_control_userpf_0_synth_1, ulp_axi_gpio_null_0_synth_1, ulp_axi_vip_ctrl_userpf_0_synth_1, ulp_proc_sys_reset_freerun_slr1_0_synth_1, ulp_proc_sys_reset_freerun_slr2_0_synth_1, ulp_proc_sys_reset_kernel2_slr1_0_synth_1, ulp_proc_sys_reset_kernel2_slr2_0_synth_1, ulp_proc_sys_reset_freerun_slr0_0_synth_1, ulp_proc_sys_reset_kernel_slr1_0_synth_1, ulp_proc_sys_reset_kernel_slr2_0_synth_1, ulp_ii_level0_wire_0_synth_1...
Run output will be captured here:
ulp_m00_regslice_0_synth_1: /home/ae_reviewer/TempGNN/build/baselines/rtga_timingfix_v3_hw/_x/link/vivado/vpl/prj/prj.runs/ulp_m00_regslice_0_synth_1/runme.log
ulp_auto_cc_0_synth_1: /home/ae_reviewer/TempGNN/build/baselines/rtga_timingfix_v3_hw/_x/link/vivado/vpl/prj/prj.runs/ulp_auto_cc_0_synth_1/runme.log
ulp_s00_regslice_20_synth_1: /home/ae_reviewer/TempGNN/build/baselines/rtga_timingfix_v3_hw/_x/link/vivado/vpl/prj/prj.runs/ulp_s00_regslice_20_synth_1/runme.log
ulp_auto_cc_1_synth_1: /home/ae_reviewer/TempGNN/build/baselines/rtga_timingfix_v3_hw/_x/link/vivado/vpl/prj/prj.runs/ulp_auto_cc_1_synth_1/runme.log
ulp_auto_cc_3_synth_1: /home/ae_reviewer/TempGNN/build/baselines/rtga_timingfix_v3_hw/_x/link/vivado/vpl/prj/prj.runs/ulp_auto_cc_3_synth_1/runme.log
ulp_s00_regslice_18_synth_1: /home/ae_reviewer/TempGNN/build/baselines/rtga_timingfix_v3_hw/_x/link/vivado/vpl/prj/prj.runs/ulp_s00_regslice_18_synth_1/runme.log
ulp_m01_regslice_0_synth_1: /home/ae_reviewer/TempGNN/build/baselines/rtga_timingfix_v3_hw/_x/link/vivado/vpl/prj/prj.runs/ulp_m01_regslice_0_synth_1/runme.log
ulp_s00_regslice_19_synth_1: /home/ae_reviewer/TempGNN/build/baselines/rtga_timingfix_v3_hw/_x/link/vivado/vpl/prj/prj.runs/ulp_s00_regslice_19_synth_1/runme.log
ulp_auto_cc_2_synth_1: /home/ae_reviewer/TempGNN/build/baselines/rtga_timingfix_v3_hw/_x/link/vivado/vpl/prj/prj.runs/ulp_auto_cc_2_synth_1/runme.log
ulp_xbar_2_synth_1: /home/ae_reviewer/TempGNN/build/baselines/rtga_timingfix_v3_hw/_x/link/vivado/vpl/prj/prj.runs/ulp_xbar_2_synth_1/runme.log
ulp_rst_clk_wiz_225M_0_synth_1: /home/ae_reviewer/TempGNN/build/baselines/rtga_timingfix_v3_hw/_x/link/vivado/vpl/prj/prj.runs/ulp_rst_clk_wiz_225M_0_synth_1/runme.log
ulp_xbar_3_synth_1: /home/ae_reviewer/TempGNN/build/baselines/rtga_timingfix_v3_hw/_x/link/vivado/vpl/prj/prj.runs/ulp_xbar_3_synth_1/runme.log
ulp_rtga_kernel_1_0_synth_1: /home/ae_reviewer/TempGNN/build/baselines/rtga_timingfix_v3_hw/_x/link/vivado/vpl/prj/prj.runs/ulp_rtga_kernel_1_0_synth_1/runme.log
ulp_clk_wiz_0_synth_1: /home/ae_reviewer/TempGNN/build/baselines/rtga_timingfix_v3_hw/_x/link/vivado/vpl/prj/prj.runs/ulp_clk_wiz_0_synth_1/runme.log
ulp_regslice_control_userpf_1_synth_1: /home/ae_reviewer/TempGNN/build/baselines/rtga_timingfix_v3_hw/_x/link/vivado/vpl/prj/prj.runs/ulp_regslice_control_userpf_1_synth_1/runme.log
ulp_axi_gpio_null_1_synth_1: /home/ae_reviewer/TempGNN/build/baselines/rtga_timingfix_v3_hw/_x/link/vivado/vpl/prj/prj.runs/ulp_axi_gpio_null_1_synth_1/runme.log
ulp_axi_vip_ctrl_userpf_1_synth_1: /home/ae_reviewer/TempGNN/build/baselines/rtga_timingfix_v3_hw/_x/link/vivado/vpl/prj/prj.runs/ulp_axi_vip_ctrl_userpf_1_synth_1/runme.log
ulp_proc_sys_reset_kernel2_slr0_0_synth_1: /home/ae_reviewer/TempGNN/build/baselines/rtga_timingfix_v3_hw/_x/link/vivado/vpl/prj/prj.runs/ulp_proc_sys_reset_kernel2_slr0_0_synth_1/runme.log
ulp_proc_sys_reset_ctrl_slr1_0_synth_1: /home/ae_reviewer/TempGNN/build/baselines/rtga_timingfix_v3_hw/_x/link/vivado/vpl/prj/prj.runs/ulp_proc_sys_reset_ctrl_slr1_0_synth_1/runme.log
ulp_proc_sys_reset_ctrl_slr2_0_synth_1: /home/ae_reviewer/TempGNN/build/baselines/rtga_timingfix_v3_hw/_x/link/vivado/vpl/prj/prj.runs/ulp_proc_sys_reset_ctrl_slr2_0_synth_1/runme.log
ulp_proc_sys_reset_kernel_slr0_0_synth_1: /home/ae_reviewer/TempGNN/build/baselines/rtga_timingfix_v3_hw/_x/link/vivado/vpl/prj/prj.runs/ulp_proc_sys_reset_kernel_slr0_0_synth_1/runme.log
ulp_proc_sys_reset_ctrl_slr0_0_synth_1: /home/ae_reviewer/TempGNN/build/baselines/rtga_timingfix_v3_hw/_x/link/vivado/vpl/prj/prj.runs/ulp_proc_sys_reset_ctrl_slr0_0_synth_1/runme.log
ulp_axi_vip_data_0_synth_1: /home/ae_reviewer/TempGNN/build/baselines/rtga_timingfix_v3_hw/_x/link/vivado/vpl/prj/prj.runs/ulp_axi_vip_data_0_synth_1/runme.log
ulp_hmss_0_0_synth_1: /home/ae_reviewer/TempGNN/build/baselines/rtga_timingfix_v3_hw/_x/link/vivado/vpl/prj/prj.runs/ulp_hmss_0_0_synth_1/runme.log
bd_85ad_slice11_10_0_synth_1: /home/ae_reviewer/TempGNN/build/baselines/rtga_timingfix_v3_hw/_x/link/vivado/vpl/prj/prj.runs/bd_85ad_slice11_10_0_synth_1/runme.log
bd_85ad_interconnect6_5_0_synth_1: /home/ae_reviewer/TempGNN/build/baselines/rtga_timingfix_v3_hw/_x/link/vivado/vpl/prj/prj.runs/bd_85ad_interconnect6_5_0_synth_1/runme.log
bd_85ad_interconnect13_12_0_synth_1: /home/ae_reviewer/TempGNN/build/baselines/rtga_timingfix_v3_hw/_x/link/vivado/vpl/prj/prj.runs/bd_85ad_interconnect13_12_0_synth_1/runme.log
bd_85ad_slice0_13_0_synth_1: /home/ae_reviewer/TempGNN/build/baselines/rtga_timingfix_v3_hw/_x/link/vivado/vpl/prj/prj.runs/bd_85ad_slice0_13_0_synth_1/runme.log
bd_85ad_slice1_0_0_synth_1: /home/ae_reviewer/TempGNN/build/baselines/rtga_timingfix_v3_hw/_x/link/vivado/vpl/prj/prj.runs/bd_85ad_slice1_0_0_synth_1/runme.log
bd_85ad_interconnect4_3_0_synth_1: /home/ae_reviewer/TempGNN/build/baselines/rtga_timingfix_v3_hw/_x/link/vivado/vpl/prj/prj.runs/bd_85ad_interconnect4_3_0_synth_1/runme.log
bd_85ad_interconnect7_6_0_synth_1: /home/ae_reviewer/TempGNN/build/baselines/rtga_timingfix_v3_hw/_x/link/vivado/vpl/prj/prj.runs/bd_85ad_interconnect7_6_0_synth_1/runme.log
bd_85ad_slice6_5_0_synth_1: /home/ae_reviewer/TempGNN/build/baselines/rtga_timingfix_v3_hw/_x/link/vivado/vpl/prj/prj.runs/bd_85ad_slice6_5_0_synth_1/runme.log
bd_85ad_init_reduce_0_synth_1: /home/ae_reviewer/TempGNN/build/baselines/rtga_timingfix_v3_hw/_x/link/vivado/vpl/prj/prj.runs/bd_85ad_init_reduce_0_synth_1/runme.log
bd_85ad_slice10_9_0_synth_1: /home/ae_reviewer/TempGNN/build/baselines/rtga_timingfix_v3_hw/_x/link/vivado/vpl/prj/prj.runs/bd_85ad_slice10_9_0_synth_1/runme.log
bd_85ad_interconnect0_13_0_synth_1: /home/ae_reviewer/TempGNN/build/baselines/rtga_timingfix_v3_hw/_x/link/vivado/vpl/prj/prj.runs/bd_85ad_interconnect0_13_0_synth_1/runme.log
bd_85ad_interconnect11_10_0_synth_1: /home/ae_reviewer/TempGNN/build/baselines/rtga_timingfix_v3_hw/_x/link/vivado/vpl/prj/prj.runs/bd_85ad_interconnect11_10_0_synth_1/runme.log
bd_85ad_slice5_4_0_synth_1: /home/ae_reviewer/TempGNN/build/baselines/rtga_timingfix_v3_hw/_x/link/vivado/vpl/prj/prj.runs/bd_85ad_slice5_4_0_synth_1/runme.log
bd_85ad_interconnect8_7_0_synth_1: /home/ae_reviewer/TempGNN/build/baselines/rtga_timingfix_v3_hw/_x/link/vivado/vpl/prj/prj.runs/bd_85ad_interconnect8_7_0_synth_1/runme.log
bd_85ad_slice3_2_0_synth_1: /home/ae_reviewer/TempGNN/build/baselines/rtga_timingfix_v3_hw/_x/link/vivado/vpl/prj/prj.runs/bd_85ad_slice3_2_0_synth_1/runme.log
bd_85ad_interconnect9_8_0_synth_1: /home/ae_reviewer/TempGNN/build/baselines/rtga_timingfix_v3_hw/_x/link/vivado/vpl/prj/prj.runs/bd_85ad_interconnect9_8_0_synth_1/runme.log
bd_85ad_interconnect2_1_0_synth_1: /home/ae_reviewer/TempGNN/build/baselines/rtga_timingfix_v3_hw/_x/link/vivado/vpl/prj/prj.runs/bd_85ad_interconnect2_1_0_synth_1/runme.log
bd_85ad_interconnect3_2_0_synth_1: /home/ae_reviewer/TempGNN/build/baselines/rtga_timingfix_v3_hw/_x/link/vivado/vpl/prj/prj.runs/bd_85ad_interconnect3_2_0_synth_1/runme.log
bd_85ad_slice9_8_0_synth_1: /home/ae_reviewer/TempGNN/build/baselines/rtga_timingfix_v3_hw/_x/link/vivado/vpl/prj/prj.runs/bd_85ad_slice9_8_0_synth_1/runme.log
bd_85ad_slice13_12_0_synth_1: /home/ae_reviewer/TempGNN/build/baselines/rtga_timingfix_v3_hw/_x/link/vivado/vpl/prj/prj.runs/bd_85ad_slice13_12_0_synth_1/runme.log
bd_85ad_slice8_7_0_synth_1: /home/ae_reviewer/TempGNN/build/baselines/rtga_timingfix_v3_hw/_x/link/vivado/vpl/prj/prj.runs/bd_85ad_slice8_7_0_synth_1/runme.log
bd_85ad_slice2_1_0_synth_1: /home/ae_reviewer/TempGNN/build/baselines/rtga_timingfix_v3_hw/_x/link/vivado/vpl/prj/prj.runs/bd_85ad_slice2_1_0_synth_1/runme.log
bd_85ad_interconnect5_4_0_synth_1: /home/ae_reviewer/TempGNN/build/baselines/rtga_timingfix_v3_hw/_x/link/vivado/vpl/prj/prj.runs/bd_85ad_interconnect5_4_0_synth_1/runme.log
bd_85ad_interconnect12_11_0_synth_1: /home/ae_reviewer/TempGNN/build/baselines/rtga_timingfix_v3_hw/_x/link/vivado/vpl/prj/prj.runs/bd_85ad_interconnect12_11_0_synth_1/runme.log
bd_85ad_slice7_6_0_synth_1: /home/ae_reviewer/TempGNN/build/baselines/rtga_timingfix_v3_hw/_x/link/vivado/vpl/prj/prj.runs/bd_85ad_slice7_6_0_synth_1/runme.log
bd_85ad_interconnect10_9_0_synth_1: /home/ae_reviewer/TempGNN/build/baselines/rtga_timingfix_v3_hw/_x/link/vivado/vpl/prj/prj.runs/bd_85ad_interconnect10_9_0_synth_1/runme.log
bd_85ad_slice4_3_0_synth_1: /home/ae_reviewer/TempGNN/build/baselines/rtga_timingfix_v3_hw/_x/link/vivado/vpl/prj/prj.runs/bd_85ad_slice4_3_0_synth_1/runme.log
bd_85ad_slice12_11_0_synth_1: /home/ae_reviewer/TempGNN/build/baselines/rtga_timingfix_v3_hw/_x/link/vivado/vpl/prj/prj.runs/bd_85ad_slice12_11_0_synth_1/runme.log
bd_85ad_vip_S00_0_synth_1: /home/ae_reviewer/TempGNN/build/baselines/rtga_timingfix_v3_hw/_x/link/vivado/vpl/prj/prj.runs/bd_85ad_vip_S00_0_synth_1/runme.log
bd_85ad_vip_S12_0_synth_1: /home/ae_reviewer/TempGNN/build/baselines/rtga_timingfix_v3_hw/_x/link/vivado/vpl/prj/prj.runs/bd_85ad_vip_S12_0_synth_1/runme.log
bd_85ad_vip_S13_0_synth_1: /home/ae_reviewer/TempGNN/build/baselines/rtga_timingfix_v3_hw/_x/link/vivado/vpl/prj/prj.runs/bd_85ad_vip_S13_0_synth_1/runme.log
bd_85ad_vip_S11_0_synth_1: /home/ae_reviewer/TempGNN/build/baselines/rtga_timingfix_v3_hw/_x/link/vivado/vpl/prj/prj.runs/bd_85ad_vip_S11_0_synth_1/runme.log
bd_85ad_vip_S09_0_synth_1: /home/ae_reviewer/TempGNN/build/baselines/rtga_timingfix_v3_hw/_x/link/vivado/vpl/prj/prj.runs/bd_85ad_vip_S09_0_synth_1/runme.log
bd_85ad_vip_S10_0_synth_1: /home/ae_reviewer/TempGNN/build/baselines/rtga_timingfix_v3_hw/_x/link/vivado/vpl/prj/prj.runs/bd_85ad_vip_S10_0_synth_1/runme.log
bd_85ad_vip_S08_0_synth_1: /home/ae_reviewer/TempGNN/build/baselines/rtga_timingfix_v3_hw/_x/link/vivado/vpl/prj/prj.runs/bd_85ad_vip_S08_0_synth_1/runme.log
bd_85ad_vip_S06_0_synth_1: /home/ae_reviewer/TempGNN/build/baselines/rtga_timingfix_v3_hw/_x/link/vivado/vpl/prj/prj.runs/bd_85ad_vip_S06_0_synth_1/runme.log
bd_85ad_vip_S07_0_synth_1: /home/ae_reviewer/TempGNN/build/baselines/rtga_timingfix_v3_hw/_x/link/vivado/vpl/prj/prj.runs/bd_85ad_vip_S07_0_synth_1/runme.log
bd_85ad_vip_S05_0_synth_1: /home/ae_reviewer/TempGNN/build/baselines/rtga_timingfix_v3_hw/_x/link/vivado/vpl/prj/prj.runs/bd_85ad_vip_S05_0_synth_1/runme.log
bd_85ad_vip_S04_0_synth_1: /home/ae_reviewer/TempGNN/build/baselines/rtga_timingfix_v3_hw/_x/link/vivado/vpl/prj/prj.runs/bd_85ad_vip_S04_0_synth_1/runme.log
bd_85ad_vip_S01_0_synth_1: /home/ae_reviewer/TempGNN/build/baselines/rtga_timingfix_v3_hw/_x/link/vivado/vpl/prj/prj.runs/bd_85ad_vip_S01_0_synth_1/runme.log
bd_85ad_interconnect1_0_0_synth_1: /home/ae_reviewer/TempGNN/build/baselines/rtga_timingfix_v3_hw/_x/link/vivado/vpl/prj/prj.runs/bd_85ad_interconnect1_0_0_synth_1/runme.log
bd_85ad_vip_S02_0_synth_1: /home/ae_reviewer/TempGNN/build/baselines/rtga_timingfix_v3_hw/_x/link/vivado/vpl/prj/prj.runs/bd_85ad_vip_S02_0_synth_1/runme.log
bd_85ad_vip_S03_0_synth_1: /home/ae_reviewer/TempGNN/build/baselines/rtga_timingfix_v3_hw/_x/link/vivado/vpl/prj/prj.runs/bd_85ad_vip_S03_0_synth_1/runme.log
bd_85ad_hbm_reset_sync_SLR2_0_synth_1: /home/ae_reviewer/TempGNN/build/baselines/rtga_timingfix_v3_hw/_x/link/vivado/vpl/prj/prj.runs/bd_85ad_hbm_reset_sync_SLR2_0_synth_1/runme.log
bd_85ad_hbm_reset_sync_SLR0_0_synth_1: /home/ae_reviewer/TempGNN/build/baselines/rtga_timingfix_v3_hw/_x/link/vivado/vpl/prj/prj.runs/bd_85ad_hbm_reset_sync_SLR0_0_synth_1/runme.log
bd_85ad_axi_apb_bridge_inst_0_synth_1: /home/ae_reviewer/TempGNN/build/baselines/rtga_timingfix_v3_hw/_x/link/vivado/vpl/prj/prj.runs/bd_85ad_axi_apb_bridge_inst_0_synth_1/runme.log
bd_85ad_hbm_inst_0_synth_1: /home/ae_reviewer/TempGNN/build/baselines/rtga_timingfix_v3_hw/_x/link/vivado/vpl/prj/prj.runs/bd_85ad_hbm_inst_0_synth_1/runme.log
ulp_ulp_cmp_0_synth_1: /home/ae_reviewer/TempGNN/build/baselines/rtga_timingfix_v3_hw/_x/link/vivado/vpl/prj/prj.runs/ulp_ulp_cmp_0_synth_1/runme.log
bd_097b_user_debug_hub_0_synth_1: /home/ae_reviewer/TempGNN/build/baselines/rtga_timingfix_v3_hw/_x/link/vivado/vpl/prj/prj.runs/bd_097b_user_debug_hub_0_synth_1/runme.log
bd_58f6_xsdbm_0_synth_1: /home/ae_reviewer/TempGNN/build/baselines/rtga_timingfix_v3_hw/_x/link/vivado/vpl/prj/prj.runs/bd_58f6_xsdbm_0_synth_1/runme.log
bd_58f6_lut_buffer_0_synth_1: /home/ae_reviewer/TempGNN/build/baselines/rtga_timingfix_v3_hw/_x/link/vivado/vpl/prj/prj.runs/bd_58f6_lut_buffer_0_synth_1/runme.log
bd_097b_user_debug_bridge_0_synth_1: /home/ae_reviewer/TempGNN/build/baselines/rtga_timingfix_v3_hw/_x/link/vivado/vpl/prj/prj.runs/bd_097b_user_debug_bridge_0_synth_1/runme.log
bd_7cf0_bs_switch_1_0_synth_1: /home/ae_reviewer/TempGNN/build/baselines/rtga_timingfix_v3_hw/_x/link/vivado/vpl/prj/prj.runs/bd_7cf0_bs_switch_1_0_synth_1/runme.log
bd_7cf0_bsip_0_synth_1: /home/ae_reviewer/TempGNN/build/baselines/rtga_timingfix_v3_hw/_x/link/vivado/vpl/prj/prj.runs/bd_7cf0_bsip_0_synth_1/runme.log
bd_7cf0_axi_jtag_0_synth_1: /home/ae_reviewer/TempGNN/build/baselines/rtga_timingfix_v3_hw/_x/link/vivado/vpl/prj/prj.runs/bd_7cf0_axi_jtag_0_synth_1/runme.log
bd_097b_build_info_0_synth_1: /home/ae_reviewer/TempGNN/build/baselines/rtga_timingfix_v3_hw/_x/link/vivado/vpl/prj/prj.runs/bd_097b_build_info_0_synth_1/runme.log
ulp_ulp_ucs_0_synth_1: /home/ae_reviewer/TempGNN/build/baselines/rtga_timingfix_v3_hw/_x/link/vivado/vpl/prj/prj.runs/ulp_ulp_ucs_0_synth_1/runme.log
bd_22c0_xbar_1_synth_1: /home/ae_reviewer/TempGNN/build/baselines/rtga_timingfix_v3_hw/_x/link/vivado/vpl/prj/prj.runs/bd_22c0_xbar_1_synth_1/runme.log
bd_22c0_fanout_aresetn_hbm_0_synth_1: /home/ae_reviewer/TempGNN/build/baselines/rtga_timingfix_v3_hw/_x/link/vivado/vpl/prj/prj.runs/bd_22c0_fanout_aresetn_hbm_0_synth_1/runme.log
bd_22c0_psreset_hbm_0_synth_1: /home/ae_reviewer/TempGNN/build/baselines/rtga_timingfix_v3_hw/_x/link/vivado/vpl/prj/prj.runs/bd_22c0_psreset_hbm_0_synth_1/runme.log
bd_22c0_psreset_kernel_00_0_synth_1: /home/ae_reviewer/TempGNN/build/baselines/rtga_timingfix_v3_hw/_x/link/vivado/vpl/prj/prj.runs/bd_22c0_psreset_kernel_00_0_synth_1/runme.log
bd_22c0_frequency_counter_aclk_hbm_0_synth_1: /home/ae_reviewer/TempGNN/build/baselines/rtga_timingfix_v3_hw/_x/link/vivado/vpl/prj/prj.runs/bd_22c0_frequency_counter_aclk_hbm_0_synth_1/runme.log
bd_22c0_psreset_aclk_freerun_0_synth_1: /home/ae_reviewer/TempGNN/build/baselines/rtga_timingfix_v3_hw/_x/link/vivado/vpl/prj/prj.runs/bd_22c0_psreset_aclk_freerun_0_synth_1/runme.log
bd_22c0_clock_throttling_aclk_kernel_01_0_synth_1: /home/ae_reviewer/TempGNN/build/baselines/rtga_timingfix_v3_hw/_x/link/vivado/vpl/prj/prj.runs/bd_22c0_clock_throttling_aclk_kernel_01_0_synth_1/runme.log
bd_22c0_clkwiz_aclk_kernel_01_0_synth_1: /home/ae_reviewer/TempGNN/build/baselines/rtga_timingfix_v3_hw/_x/link/vivado/vpl/prj/prj.runs/bd_22c0_clkwiz_aclk_kernel_01_0_synth_1/runme.log
bd_22c0_frequency_counter_aclk_0_synth_1: /home/ae_reviewer/TempGNN/build/baselines/rtga_timingfix_v3_hw/_x/link/vivado/vpl/prj/prj.runs/bd_22c0_frequency_counter_aclk_0_synth_1/runme.log
bd_22c0_fanout_aresetn_kernel_01_slr2_4_0_synth_1: /home/ae_reviewer/TempGNN/build/baselines/rtga_timingfix_v3_hw/_x/link/vivado/vpl/prj/prj.runs/bd_22c0_fanout_aresetn_kernel_01_slr2_4_0_synth_1/runme.log
bd_22c0_frequency_counter_aclk_kernel_00_0_synth_1: /home/ae_reviewer/TempGNN/build/baselines/rtga_timingfix_v3_hw/_x/link/vivado/vpl/prj/prj.runs/bd_22c0_frequency_counter_aclk_kernel_00_0_synth_1/runme.log
bd_22c0_clkwiz_hbm_0_synth_1: /home/ae_reviewer/TempGNN/build/baselines/rtga_timingfix_v3_hw/_x/link/vivado/vpl/prj/prj.runs/bd_22c0_clkwiz_hbm_0_synth_1/runme.log
bd_22c0_aclk_kernel_00_cont_adapt_0_synth_1: /home/ae_reviewer/TempGNN/build/baselines/rtga_timingfix_v3_hw/_x/link/vivado/vpl/prj/prj.runs/bd_22c0_aclk_kernel_00_cont_adapt_0_synth_1/runme.log
bd_22c0_aclk_kernel_00_adapt_0_synth_1: /home/ae_reviewer/TempGNN/build/baselines/rtga_timingfix_v3_hw/_x/link/vivado/vpl/prj/prj.runs/bd_22c0_aclk_kernel_00_adapt_0_synth_1/runme.log
bd_22c0_fanout_aresetn_kernel_01_slr2_3_0_synth_1: /home/ae_reviewer/TempGNN/build/baselines/rtga_timingfix_v3_hw/_x/link/vivado/vpl/prj/prj.runs/bd_22c0_fanout_aresetn_kernel_01_slr2_3_0_synth_1/runme.log
bd_22c0_frequency_counter_aclk_kernel_01_0_synth_1: /home/ae_reviewer/TempGNN/build/baselines/rtga_timingfix_v3_hw/_x/link/vivado/vpl/prj/prj.runs/bd_22c0_frequency_counter_aclk_kernel_01_0_synth_1/runme.log
bd_22c0_aclk_kernel_01_cont_adapt_0_synth_1: /home/ae_reviewer/TempGNN/build/baselines/rtga_timingfix_v3_hw/_x/link/vivado/vpl/prj/prj.runs/bd_22c0_aclk_kernel_01_cont_adapt_0_synth_1/runme.log
bd_22c0_fanout_aresetn_kernel_00_slr1_4_0_synth_1: /home/ae_reviewer/TempGNN/build/baselines/rtga_timingfix_v3_hw/_x/link/vivado/vpl/prj/prj.runs/bd_22c0_fanout_aresetn_kernel_00_slr1_4_0_synth_1/runme.log
bd_22c0_clock_throttling_avg_0_synth_1: /home/ae_reviewer/TempGNN/build/baselines/rtga_timingfix_v3_hw/_x/link/vivado/vpl/prj/prj.runs/bd_22c0_clock_throttling_avg_0_synth_1/runme.log
bd_22c0_clkwiz_aclk_kernel_00_0_synth_1: /home/ae_reviewer/TempGNN/build/baselines/rtga_timingfix_v3_hw/_x/link/vivado/vpl/prj/prj.runs/bd_22c0_clkwiz_aclk_kernel_00_0_synth_1/runme.log
bd_22c0_aclk_kernel_01_adapt_0_synth_1: /home/ae_reviewer/TempGNN/build/baselines/rtga_timingfix_v3_hw/_x/link/vivado/vpl/prj/prj.runs/bd_22c0_aclk_kernel_01_adapt_0_synth_1/runme.log
bd_22c0_gapping_demand_toggle_0_synth_1: /home/ae_reviewer/TempGNN/build/baselines/rtga_timingfix_v3_hw/_x/link/vivado/vpl/prj/prj.runs/bd_22c0_gapping_demand_toggle_0_synth_1/runme.log
bd_22c0_gapping_demand_update_0_synth_1: /home/ae_reviewer/TempGNN/build/baselines/rtga_timingfix_v3_hw/_x/link/vivado/vpl/prj/prj.runs/bd_22c0_gapping_demand_update_0_synth_1/runme.log
bd_22c0_fanout_aresetn_ctrl_slr0_2_0_synth_1: /home/ae_reviewer/TempGNN/build/baselines/rtga_timingfix_v3_hw/_x/link/vivado/vpl/prj/prj.runs/bd_22c0_fanout_aresetn_ctrl_slr0_2_0_synth_1/runme.log
bd_22c0_build_info_0_synth_1: /home/ae_reviewer/TempGNN/build/baselines/rtga_timingfix_v3_hw/_x/link/vivado/vpl/prj/prj.runs/bd_22c0_build_info_0_synth_1/runme.log
bd_22c0_fanout_aresetn_kernel_01_slr2_2_0_synth_1: /home/ae_reviewer/TempGNN/build/baselines/rtga_timingfix_v3_hw/_x/link/vivado/vpl/prj/prj.runs/bd_22c0_fanout_aresetn_kernel_01_slr2_2_0_synth_1/runme.log
bd_22c0_fanout_aresetn_kernel_01_slr2_1_0_synth_1: /home/ae_reviewer/TempGNN/build/baselines/rtga_timingfix_v3_hw/_x/link/vivado/vpl/prj/prj.runs/bd_22c0_fanout_aresetn_kernel_01_slr2_1_0_synth_1/runme.log
bd_22c0_fanout_aresetn_kernel_01_slr1_1_0_synth_1: /home/ae_reviewer/TempGNN/build/baselines/rtga_timingfix_v3_hw/_x/link/vivado/vpl/prj/prj.runs/bd_22c0_fanout_aresetn_kernel_01_slr1_1_0_synth_1/runme.log
bd_22c0_fanout_aresetn_kernel_01_slr1_3_0_synth_1: /home/ae_reviewer/TempGNN/build/baselines/rtga_timingfix_v3_hw/_x/link/vivado/vpl/prj/prj.runs/bd_22c0_fanout_aresetn_kernel_01_slr1_3_0_synth_1/runme.log
bd_22c0_fanout_aresetn_kernel_00_slr1_2_0_synth_1: /home/ae_reviewer/TempGNN/build/baselines/rtga_timingfix_v3_hw/_x/link/vivado/vpl/prj/prj.runs/bd_22c0_fanout_aresetn_kernel_00_slr1_2_0_synth_1/runme.log
bd_22c0_fanout_aresetn_kernel_01_slr0_2_0_synth_1: /home/ae_reviewer/TempGNN/build/baselines/rtga_timingfix_v3_hw/_x/link/vivado/vpl/prj/prj.runs/bd_22c0_fanout_aresetn_kernel_01_slr0_2_0_synth_1/runme.log
bd_22c0_fanout_aresetn_kernel_01_slr0_4_0_synth_1: /home/ae_reviewer/TempGNN/build/baselines/rtga_timingfix_v3_hw/_x/link/vivado/vpl/prj/prj.runs/bd_22c0_fanout_aresetn_kernel_01_slr0_4_0_synth_1/runme.log
bd_22c0_fanout_aresetn_kernel_01_slr0_3_0_synth_1: /home/ae_reviewer/TempGNN/build/baselines/rtga_timingfix_v3_hw/_x/link/vivado/vpl/prj/prj.runs/bd_22c0_fanout_aresetn_kernel_01_slr0_3_0_synth_1/runme.log
bd_22c0_fanout_aresetn_kernel_01_slr0_1_0_synth_1: /home/ae_reviewer/TempGNN/build/baselines/rtga_timingfix_v3_hw/_x/link/vivado/vpl/prj/prj.runs/bd_22c0_fanout_aresetn_kernel_01_slr0_1_0_synth_1/runme.log
bd_22c0_gpio_gapping_demand_0_synth_1: /home/ae_reviewer/TempGNN/build/baselines/rtga_timingfix_v3_hw/_x/link/vivado/vpl/prj/prj.runs/bd_22c0_gpio_gapping_demand_0_synth_1/runme.log
bd_22c0_fanout_aresetn_pcie_slr0_3_0_synth_1: /home/ae_reviewer/TempGNN/build/baselines/rtga_timingfix_v3_hw/_x/link/vivado/vpl/prj/prj.runs/bd_22c0_fanout_aresetn_pcie_slr0_3_0_synth_1/runme.log
bd_22c0_fanout_aresetn_pcie_slr0_1_0_synth_1: /home/ae_reviewer/TempGNN/build/baselines/rtga_timingfix_v3_hw/_x/link/vivado/vpl/prj/prj.runs/bd_22c0_fanout_aresetn_pcie_slr0_1_0_synth_1/runme.log
bd_22c0_clock_shutdown_latch_0_synth_1: /home/ae_reviewer/TempGNN/build/baselines/rtga_timingfix_v3_hw/_x/link/vivado/vpl/prj/prj.runs/bd_22c0_clock_shutdown_latch_0_synth_1/runme.log
bd_22c0_clk_hbm_adapt_0_synth_1: /home/ae_reviewer/TempGNN/build/baselines/rtga_timingfix_v3_hw/_x/link/vivado/vpl/prj/prj.runs/bd_22c0_clk_hbm_adapt_0_synth_1/runme.log
bd_22c0_fanout_aresetn_ctrl_slr0_3_0_synth_1: /home/ae_reviewer/TempGNN/build/baselines/rtga_timingfix_v3_hw/_x/link/vivado/vpl/prj/prj.runs/bd_22c0_fanout_aresetn_ctrl_slr0_3_0_synth_1/runme.log
bd_22c0_fanout_aresetn_ctrl_slr0_1_0_synth_1: /home/ae_reviewer/TempGNN/build/baselines/rtga_timingfix_v3_hw/_x/link/vivado/vpl/prj/prj.runs/bd_22c0_fanout_aresetn_ctrl_slr0_1_0_synth_1/runme.log
bd_22c0_fanout_aresetn_ctrl_slr2_2_0_synth_1: /home/ae_reviewer/TempGNN/build/baselines/rtga_timingfix_v3_hw/_x/link/vivado/vpl/prj/prj.runs/bd_22c0_fanout_aresetn_ctrl_slr2_2_0_synth_1/runme.log
bd_22c0_fanout_aresetn_ctrl_slr2_3_0_synth_1: /home/ae_reviewer/TempGNN/build/baselines/rtga_timingfix_v3_hw/_x/link/vivado/vpl/prj/prj.runs/bd_22c0_fanout_aresetn_ctrl_slr2_3_0_synth_1/runme.log
bd_22c0_fanout_aresetn_ctrl_slr1_3_0_synth_1: /home/ae_reviewer/TempGNN/build/baselines/rtga_timingfix_v3_hw/_x/link/vivado/vpl/prj/prj.runs/bd_22c0_fanout_aresetn_ctrl_slr1_3_0_synth_1/runme.log
bd_22c0_fanout_aresetn_ctrl_slr2_4_0_synth_1: /home/ae_reviewer/TempGNN/build/baselines/rtga_timingfix_v3_hw/_x/link/vivado/vpl/prj/prj.runs/bd_22c0_fanout_aresetn_ctrl_slr2_4_0_synth_1/runme.log
bd_22c0_fanout_aresetn_ctrl_slr2_1_0_synth_1: /home/ae_reviewer/TempGNN/build/baselines/rtga_timingfix_v3_hw/_x/link/vivado/vpl/prj/prj.runs/bd_22c0_fanout_aresetn_ctrl_slr2_1_0_synth_1/runme.log
bd_22c0_fanout_aresetn_ctrl_slr0_4_0_synth_1: /home/ae_reviewer/TempGNN/build/baselines/rtga_timingfix_v3_hw/_x/link/vivado/vpl/prj/prj.runs/bd_22c0_fanout_aresetn_ctrl_slr0_4_0_synth_1/runme.log
bd_22c0_fanout_aresetn_ctrl_slr1_2_0_synth_1: /home/ae_reviewer/TempGNN/build/baselines/rtga_timingfix_v3_hw/_x/link/vivado/vpl/prj/prj.runs/bd_22c0_fanout_aresetn_ctrl_slr1_2_0_synth_1/runme.log
bd_22c0_fanout_aresetn_ctrl_slr1_4_0_synth_1: /home/ae_reviewer/TempGNN/build/baselines/rtga_timingfix_v3_hw/_x/link/vivado/vpl/prj/prj.runs/bd_22c0_fanout_aresetn_ctrl_slr1_4_0_synth_1/runme.log
bd_22c0_fanout_aresetn_ctrl_slr1_1_0_synth_1: /home/ae_reviewer/TempGNN/build/baselines/rtga_timingfix_v3_hw/_x/link/vivado/vpl/prj/prj.runs/bd_22c0_fanout_aresetn_ctrl_slr1_1_0_synth_1/runme.log
bd_22c0_fanout_aresetn_kernel_01_slr1_4_0_synth_1: /home/ae_reviewer/TempGNN/build/baselines/rtga_timingfix_v3_hw/_x/link/vivado/vpl/prj/prj.runs/bd_22c0_fanout_aresetn_kernel_01_slr1_4_0_synth_1/runme.log
bd_22c0_fanout_aresetn_pcie_slr2_3_0_synth_1: /home/ae_reviewer/TempGNN/build/baselines/rtga_timingfix_v3_hw/_x/link/vivado/vpl/prj/prj.runs/bd_22c0_fanout_aresetn_pcie_slr2_3_0_synth_1/runme.log
bd_22c0_fanout_aresetn_kernel_01_slr1_2_0_synth_1: /home/ae_reviewer/TempGNN/build/baselines/rtga_timingfix_v3_hw/_x/link/vivado/vpl/prj/prj.runs/bd_22c0_fanout_aresetn_kernel_01_slr1_2_0_synth_1/runme.log
bd_22c0_fanout_aresetn_pcie_slr2_4_0_synth_1: /home/ae_reviewer/TempGNN/build/baselines/rtga_timingfix_v3_hw/_x/link/vivado/vpl/prj/prj.runs/bd_22c0_fanout_aresetn_pcie_slr2_4_0_synth_1/runme.log
bd_22c0_fanout_aresetn_pcie_slr1_4_0_synth_1: /home/ae_reviewer/TempGNN/build/baselines/rtga_timingfix_v3_hw/_x/link/vivado/vpl/prj/prj.runs/bd_22c0_fanout_aresetn_pcie_slr1_4_0_synth_1/runme.log
bd_22c0_fanout_aresetn_pcie_slr2_2_0_synth_1: /home/ae_reviewer/TempGNN/build/baselines/rtga_timingfix_v3_hw/_x/link/vivado/vpl/prj/prj.runs/bd_22c0_fanout_aresetn_pcie_slr2_2_0_synth_1/runme.log
bd_22c0_fanout_aresetn_pcie_slr2_1_0_synth_1: /home/ae_reviewer/TempGNN/build/baselines/rtga_timingfix_v3_hw/_x/link/vivado/vpl/prj/prj.runs/bd_22c0_fanout_aresetn_pcie_slr2_1_0_synth_1/runme.log
bd_22c0_fanout_aresetn_pcie_slr1_1_0_synth_1: /home/ae_reviewer/TempGNN/build/baselines/rtga_timingfix_v3_hw/_x/link/vivado/vpl/prj/prj.runs/bd_22c0_fanout_aresetn_pcie_slr1_1_0_synth_1/runme.log
bd_22c0_fanout_aresetn_pcie_slr1_3_0_synth_1: /home/ae_reviewer/TempGNN/build/baselines/rtga_timingfix_v3_hw/_x/link/vivado/vpl/prj/prj.runs/bd_22c0_fanout_aresetn_pcie_slr1_3_0_synth_1/runme.log
bd_22c0_fanout_aresetn_pcie_slr1_2_0_synth_1: /home/ae_reviewer/TempGNN/build/baselines/rtga_timingfix_v3_hw/_x/link/vivado/vpl/prj/prj.runs/bd_22c0_fanout_aresetn_pcie_slr1_2_0_synth_1/runme.log
bd_22c0_fanout_aresetn_pcie_slr0_2_0_synth_1: /home/ae_reviewer/TempGNN/build/baselines/rtga_timingfix_v3_hw/_x/link/vivado/vpl/prj/prj.runs/bd_22c0_fanout_aresetn_pcie_slr0_2_0_synth_1/runme.log
bd_22c0_fanout_aresetn_pcie_slr0_4_0_synth_1: /home/ae_reviewer/TempGNN/build/baselines/rtga_timingfix_v3_hw/_x/link/vivado/vpl/prj/prj.runs/bd_22c0_fanout_aresetn_pcie_slr0_4_0_synth_1/runme.log
bd_22c0_fanout_aresetn_kernel_00_slr1_3_0_synth_1: /home/ae_reviewer/TempGNN/build/baselines/rtga_timingfix_v3_hw/_x/link/vivado/vpl/prj/prj.runs/bd_22c0_fanout_aresetn_kernel_00_slr1_3_0_synth_1/runme.log
bd_22c0_fanout_aresetn_kernel_00_slr2_2_0_synth_1: /home/ae_reviewer/TempGNN/build/baselines/rtga_timingfix_v3_hw/_x/link/vivado/vpl/prj/prj.runs/bd_22c0_fanout_aresetn_kernel_00_slr2_2_0_synth_1/runme.log
bd_22c0_fanout_aresetn_kernel_00_slr0_3_0_synth_1: /home/ae_reviewer/TempGNN/build/baselines/rtga_timingfix_v3_hw/_x/link/vivado/vpl/prj/prj.runs/bd_22c0_fanout_aresetn_kernel_00_slr0_3_0_synth_1/runme.log
bd_22c0_fanout_aresetn_kernel_00_slr1_1_0_synth_1: /home/ae_reviewer/TempGNN/build/baselines/rtga_timingfix_v3_hw/_x/link/vivado/vpl/prj/prj.runs/bd_22c0_fanout_aresetn_kernel_00_slr1_1_0_synth_1/runme.log
bd_22c0_fanout_aresetn_kernel_00_slr0_1_0_synth_1: /home/ae_reviewer/TempGNN/build/baselines/rtga_timingfix_v3_hw/_x/link/vivado/vpl/prj/prj.runs/bd_22c0_fanout_aresetn_kernel_00_slr0_1_0_synth_1/runme.log
bd_22c0_fanout_aresetn_kernel_00_slr0_4_0_synth_1: /home/ae_reviewer/TempGNN/build/baselines/rtga_timingfix_v3_hw/_x/link/vivado/vpl/prj/prj.runs/bd_22c0_fanout_aresetn_kernel_00_slr0_4_0_synth_1/runme.log
bd_22c0_fanout_aresetn_kernel_00_slr0_2_0_synth_1: /home/ae_reviewer/TempGNN/build/baselines/rtga_timingfix_v3_hw/_x/link/vivado/vpl/prj/prj.runs/bd_22c0_fanout_aresetn_kernel_00_slr0_2_0_synth_1/runme.log
bd_22c0_xbar_0_synth_1: /home/ae_reviewer/TempGNN/build/baselines/rtga_timingfix_v3_hw/_x/link/vivado/vpl/prj/prj.runs/bd_22c0_xbar_0_synth_1/runme.log
bd_22c0_gpio_ucs_control_status_0_synth_1: /home/ae_reviewer/TempGNN/build/baselines/rtga_timingfix_v3_hw/_x/link/vivado/vpl/prj/prj.runs/bd_22c0_gpio_ucs_control_status_0_synth_1/runme.log
bd_22c0_psreset_kernel_01_0_synth_1: /home/ae_reviewer/TempGNN/build/baselines/rtga_timingfix_v3_hw/_x/link/vivado/vpl/prj/prj.runs/bd_22c0_psreset_kernel_01_0_synth_1/runme.log
bd_22c0_fanout_aresetn_kernel_00_slr2_4_0_synth_1: /home/ae_reviewer/TempGNN/build/baselines/rtga_timingfix_v3_hw/_x/link/vivado/vpl/prj/prj.runs/bd_22c0_fanout_aresetn_kernel_00_slr2_4_0_synth_1/runme.log
bd_22c0_fanout_aresetn_kernel_00_slr2_3_0_synth_1: /home/ae_reviewer/TempGNN/build/baselines/rtga_timingfix_v3_hw/_x/link/vivado/vpl/prj/prj.runs/bd_22c0_fanout_aresetn_kernel_00_slr2_3_0_synth_1/runme.log
bd_22c0_clock_throttling_aclk_kernel_00_0_synth_1: /home/ae_reviewer/TempGNN/build/baselines/rtga_timingfix_v3_hw/_x/link/vivado/vpl/prj/prj.runs/bd_22c0_clock_throttling_aclk_kernel_00_0_synth_1/runme.log
bd_22c0_fanout_aresetn_kernel_00_slr2_1_0_synth_1: /home/ae_reviewer/TempGNN/build/baselines/rtga_timingfix_v3_hw/_x/link/vivado/vpl/prj/prj.runs/bd_22c0_fanout_aresetn_kernel_00_slr2_1_0_synth_1/runme.log
bd_22c0_auto_cc_0_synth_1: /home/ae_reviewer/TempGNN/build/baselines/rtga_timingfix_v3_hw/_x/link/vivado/vpl/prj/prj.runs/bd_22c0_auto_cc_0_synth_1/runme.log
ulp_regslice_control_userpf_2_synth_1: /home/ae_reviewer/TempGNN/build/baselines/rtga_timingfix_v3_hw/_x/link/vivado/vpl/prj/prj.runs/ulp_regslice_control_userpf_2_synth_1/runme.log
ulp_axi_vip_ctrl_userpf_2_synth_1: /home/ae_reviewer/TempGNN/build/baselines/rtga_timingfix_v3_hw/_x/link/vivado/vpl/prj/prj.runs/ulp_axi_vip_ctrl_userpf_2_synth_1/runme.log
ulp_axi_gpio_null_2_synth_1: /home/ae_reviewer/TempGNN/build/baselines/rtga_timingfix_v3_hw/_x/link/vivado/vpl/prj/prj.runs/ulp_axi_gpio_null_2_synth_1/runme.log
ulp_regslice_control_userpf_0_synth_1: /home/ae_reviewer/TempGNN/build/baselines/rtga_timingfix_v3_hw/_x/link/vivado/vpl/prj/prj.runs/ulp_regslice_control_userpf_0_synth_1/runme.log
ulp_axi_gpio_null_0_synth_1: /home/ae_reviewer/TempGNN/build/baselines/rtga_timingfix_v3_hw/_x/link/vivado/vpl/prj/prj.runs/ulp_axi_gpio_null_0_synth_1/runme.log
ulp_axi_vip_ctrl_userpf_0_synth_1: /home/ae_reviewer/TempGNN/build/baselines/rtga_timingfix_v3_hw/_x/link/vivado/vpl/prj/prj.runs/ulp_axi_vip_ctrl_userpf_0_synth_1/runme.log
ulp_proc_sys_reset_freerun_slr1_0_synth_1: /home/ae_reviewer/TempGNN/build/baselines/rtga_timingfix_v3_hw/_x/link/vivado/vpl/prj/prj.runs/ulp_proc_sys_reset_freerun_slr1_0_synth_1/runme.log
ulp_proc_sys_reset_freerun_slr2_0_synth_1: /home/ae_reviewer/TempGNN/build/baselines/rtga_timingfix_v3_hw/_x/link/vivado/vpl/prj/prj.runs/ulp_proc_sys_reset_freerun_slr2_0_synth_1/runme.log
ulp_proc_sys_reset_kernel2_slr1_0_synth_1: /home/ae_reviewer/TempGNN/build/baselines/rtga_timingfix_v3_hw/_x/link/vivado/vpl/prj/prj.runs/ulp_proc_sys_reset_kernel2_slr1_0_synth_1/runme.log
ulp_proc_sys_reset_kernel2_slr2_0_synth_1: /home/ae_reviewer/TempGNN/build/baselines/rtga_timingfix_v3_hw/_x/link/vivado/vpl/prj/prj.runs/ulp_proc_sys_reset_kernel2_slr2_0_synth_1/runme.log
ulp_proc_sys_reset_freerun_slr0_0_synth_1: /home/ae_reviewer/TempGNN/build/baselines/rtga_timingfix_v3_hw/_x/link/vivado/vpl/prj/prj.runs/ulp_proc_sys_reset_freerun_slr0_0_synth_1/runme.log
ulp_proc_sys_reset_kernel_slr1_0_synth_1: /home/ae_reviewer/TempGNN/build/baselines/rtga_timingfix_v3_hw/_x/link/vivado/vpl/prj/prj.runs/ulp_proc_sys_reset_kernel_slr1_0_synth_1/runme.log
ulp_proc_sys_reset_kernel_slr2_0_synth_1: /home/ae_reviewer/TempGNN/build/baselines/rtga_timingfix_v3_hw/_x/link/vivado/vpl/prj/prj.runs/ulp_proc_sys_reset_kernel_slr2_0_synth_1/runme.log
ulp_ii_level0_wire_0_synth_1: /home/ae_reviewer/TempGNN/build/baselines/rtga_timingfix_v3_hw/_x/link/vivado/vpl/prj/prj.runs/ulp_ii_level0_wire_0_synth_1/runme.log
[Wed Jul 15 07:32:26 2026] Launched my_rm_synth_1...
Run output will be captured here: /home/ae_reviewer/TempGNN/build/baselines/rtga_timingfix_v3_hw/_x/link/vivado/vpl/prj/prj.runs/my_rm_synth_1/runme.log
launch_runs: Time (s): cpu = 00:00:11 ; elapsed = 00:00:12 . Memory (MB): peak = 5184.426 ; gain = 0.000 ; free physical = 33835 ; free virtual = 49602
[Wed Jul 15 07:32:26 2026] Waiting for my_rm_synth_1 to finish...

*** Running vivado
    with args -log ulp.vds -m64 -product Vivado -mode batch -messageDb vivado.pb -notrace -source ulp.tcl


****** Vivado v2023.2 (64-bit)
  **** SW Build 4029153 on Fri Oct 13 20:13:54 MDT 2023
  **** IP Build 4028589 on Sat Oct 14 00:45:43 MDT 2023
  **** SharedData Build 4025554 on Tue Oct 10 17:18:54 MDT 2023
    ** Copyright 1986-2022 Xilinx, Inc. All Rights Reserved.
    ** Copyright 2022-2023 Advanced Micro Devices, Inc. All Rights Reserved.

source ulp.tcl -notrace
INFO: Dispatch client connection id - 42955
create_project: Time (s): cpu = 00:00:09 ; elapsed = 00:00:09 . Memory (MB): peak = 1354.230 ; gain = 34.836 ; free physical = 50219 ; free virtual = 65740
INFO: [IP_Flow 19-234] Refreshing IP repositories
INFO: [IP_Flow 19-1700] Loaded user IP repository '/home/ae_reviewer/TempGNN/build/baselines/rtga_timingfix_v3_hw/_x/link/int/xo/ip_repo/xilinx_com_hls_rtga_kernel_1_0'.
INFO: [IP_Flow 19-1700] Loaded user IP repository '/home/ae_reviewer/TempGNN/build/baselines/rtga_timingfix_v3_hw/_x/link/vivado/vpl/.local/hw_platform/iprepo'.
INFO: [IP_Flow 19-1700] Loaded user IP repository '/home/ae_reviewer/TempGNN/build/baselines/rtga_timingfix_v3_hw/_x/link/vivado/vpl/.local/hw_platform/ipcache'.
INFO: [IP_Flow 19-1700] Loaded user IP repository '/tools/Xilinx/Vitis/2023.2/data/ip'.
INFO: [IP_Flow 19-2313] Loaded Vivado IP repository '/tools/Xilinx/Vivado/2023.2/data/ip'.
WARNING: [IP_Flow 19-1663] Duplicate IP found for 'xilinx.com:ip:axi_clk_metadata_adapter:1.0'. The one found in IP location '/home/ae_reviewer/TempGNN/build/baselines/rtga_timingfix_v3_hw/_x/link/vivado/vpl/.local/hw_platform/iprepo/ipdefs/other_ipdefs/axi_clk_metadata_adapter_v1_0' will take precedence over the same IP in location /home/ae_reviewer/TempGNN/build/baselines/rtga_timingfix_v3_hw/_x/link/vivado/vpl/.local/hw_platform/iprepo/ipdefs/pxi_ii_infra/axi_clk_metadata_adapter_v1_0
WARNING: [IP_Flow 19-1663] Duplicate IP found for 'xilinx.com:ip:axis_clk_metadata_adapter:1.0'. The one found in IP location '/home/ae_reviewer/TempGNN/build/baselines/rtga_timingfix_v3_hw/_x/link/vivado/vpl/.local/hw_platform/iprepo/ipdefs/other_ipdefs/axis_clk_metadata_adapter_v1_0' will take precedence over the same IP in location /home/ae_reviewer/TempGNN/build/baselines/rtga_timingfix_v3_hw/_x/link/vivado/vpl/.local/hw_platform/iprepo/ipdefs/pxi_ii_infra/axis_clk_metadata_adapter_v1_0
WARNING: [IP_Flow 19-1663] Duplicate IP found for 'xilinx.com:ip:clk_metadata_adapter:1.0'. The one found in IP location '/home/ae_reviewer/TempGNN/build/baselines/rtga_timingfix_v3_hw/_x/link/vivado/vpl/.local/hw_platform/iprepo/ipdefs/other_ipdefs/clk_metadata_adapter_v1_0' will take precedence over the same IP in location /home/ae_reviewer/TempGNN/build/baselines/rtga_timingfix_v3_hw/_x/link/vivado/vpl/.local/hw_platform/iprepo/ipdefs/pxi_ii_infra/clk_metadata_adapter_v1_0
WARNING: [IP_Flow 19-1663] Duplicate IP found for 'xilinx.com:ip:pipeline_reg:1.0'. The one found in IP location '/home/ae_reviewer/TempGNN/build/baselines/rtga_timingfix_v3_hw/_x/link/vivado/vpl/.local/hw_platform/iprepo/ipdefs/other_ipdefs/pipeline_reg_v1_0' will take precedence over the same IP in location /home/ae_reviewer/TempGNN/build/baselines/rtga_timingfix_v3_hw/_x/link/vivado/vpl/.local/hw_platform/iprepo/ipdefs/pxi_ii_infra/pipeline_reg_v1_0
WARNING: [IP_Flow 19-1663] Duplicate IP found for 'xilinx.com:ip:shell_utils_build_info:1.0'. The one found in IP location '/home/ae_reviewer/TempGNN/build/baselines/rtga_timingfix_v3_hw/_x/link/vivado/vpl/.local/hw_platform/iprepo/ipdefs/other_ipdefs/shell_utils_build_info_v1_0' will take precedence over the same IP in the Xilinx installed IP.
Command: synth_design -top ulp -part xcu280-fsvh2892-2L-e -incremental_mode off -mode out_of_context
Starting synth_design
Attempting to get a license for feature 'Synthesis' and/or device 'xcu280'
INFO: [Common 17-349] Got license for feature 'Synthesis' and/or device 'xcu280'
INFO: [Device 21-403] Loading part xcu280-fsvh2892-2L-e
INFO: [Synth 8-7079] Multithreading enabled for synth_design using a maximum of 1 processes.
INFO: [Synth 8-7078] Launching helper process for spawning children vivado processes
INFO: [Synth 8-7075] Helper process launched with PID 2260637
---------------------------------------------------------------------------------
Starting RTL Elaboration : Time (s): cpu = 00:00:05 ; elapsed = 00:00:05 . Memory (MB): peak = 3344.738 ; gain = 390.711 ; free physical = 47956 ; free virtual = 63478
---------------------------------------------------------------------------------
INFO: [Synth 8-6157] synthesizing module 'ulp' [/home/ae_reviewer/TempGNN/build/baselines/rtga_timingfix_v3_hw/_x/link/vivado/vpl/prj/prj.gen/my_rm/bd/ulp/synth/ulp.v:2994]
INFO: [Synth 8-6157] synthesizing module 'SLR0_imp_NYMDU0' [/home/ae_reviewer/TempGNN/build/baselines/rtga_timingfix_v3_hw/_x/link/vivado/vpl/prj/prj.gen/my_rm/bd/ulp/synth/ulp.v:13]
INFO: [Synth 8-6157] synthesizing module 'ulp_axi_gpio_null_0' [/home/ae_reviewer/TempGNN/build/baselines/rtga_timingfix_v3_hw/_x/link/vivado/vpl/prj/prj.runs/my_rm_synth_1/.Xil/Vivado-2260627-u280-ae-host/realtime/ulp_axi_gpio_null_0_stub.v:6]
INFO: [Synth 8-6155] done synthesizing module 'ulp_axi_gpio_null_0' (0#1) [/home/ae_reviewer/TempGNN/build/baselines/rtga_timingfix_v3_hw/_x/link/vivado/vpl/prj/prj.runs/my_rm_synth_1/.Xil/Vivado-2260627-u280-ae-host/realtime/ulp_axi_gpio_null_0_stub.v:6]
WARNING: [Synth 8-7071] port 'gpio_io_o' of module 'ulp_axi_gpio_null_0' is unconnected for instance 'axi_gpio_null' [/home/ae_reviewer/TempGNN/build/baselines/rtga_timingfix_v3_hw/_x/link/vivado/vpl/prj/prj.gen/my_rm/bd/ulp/synth/ulp.v:251]
WARNING: [Synth 8-7071] port 'gpio_io_t' of module 'ulp_axi_gpio_null_0' is unconnected for instance 'axi_gpio_null' [/home/ae_reviewer/TempGNN/build/baselines/rtga_timingfix_v3_hw/_x/link/vivado/vpl/prj/prj.gen/my_rm/bd/ulp/synth/ulp.v:251]
WARNING: [Synth 8-7023] instance 'axi_gpio_null' of module 'ulp_axi_gpio_null_0' has 22 connections declared, but only 20 given [/home/ae_reviewer/TempGNN/build/baselines/rtga_timingfix_v3_hw/_x/link/vivado/vpl/prj/prj.gen/my_rm/bd/ulp/synth/ulp.v:251]
INFO: [Synth 8-6157] synthesizing module 'ulp_axi_vip_ctrl_userpf_0' [/home/ae_reviewer/TempGNN/build/baselines/rtga_timingfix_v3_hw/_x/link/vivado/vpl/prj/prj.runs/my_rm_synth_1/.Xil/Vivado-2260627-u280-ae-host/realtime/ulp_axi_vip_ctrl_userpf_0_stub.v:6]
INFO: [Synth 8-6155] done synthesizing module 'ulp_axi_vip_ctrl_userpf_0' (0#1) [/home/ae_reviewer/TempGNN/build/baselines/rtga_timingfix_v3_hw/_x/link/vivado/vpl/prj/prj.runs/my_rm_synth_1/.Xil/Vivado-2260627-u280-ae-host/realtime/ulp_axi_vip_ctrl_userpf_0_stub.v:6]
INFO: [Synth 8-6157] synthesizing module 'ulp_interconnect_axilite_user_0' [/home/ae_reviewer/TempGNN/build/baselines/rtga_timingfix_v3_hw/_x/link/vivado/vpl/prj/prj.gen/my_rm/bd/ulp/synth/ulp.v:6510]
INFO: [Synth 8-6157] synthesizing module 'm00_couplers_imp_G77R79' [/home/ae_reviewer/TempGNN/build/baselines/rtga_timingfix_v3_hw/_x/link/vivado/vpl/prj/prj.gen/my_rm/bd/ulp/synth/ulp.v:1184]
INFO: [Synth 8-6157] synthesizing module 'ulp_auto_cc_0' [/home/ae_reviewer/TempGNN/build/baselines/rtga_timingfix_v3_hw/_x/link/vivado/vpl/prj/prj.runs/my_rm_synth_1/.Xil/Vivado-2260627-u280-ae-host/realtime/ulp_auto_cc_0_stub.v:6]
INFO: [Synth 8-6155] done synthesizing module 'ulp_auto_cc_0' (0#1) [/home/ae_reviewer/TempGNN/build/baselines/rtga_timingfix_v3_hw/_x/link/vivado/vpl/prj/prj.runs/my_rm_synth_1/.Xil/Vivado-2260627-u280-ae-host/realtime/ulp_auto_cc_0_stub.v:6]
INFO: [Synth 8-6157] synthesizing module 'ulp_m00_regslice_0' [/home/ae_reviewer/TempGNN/build/baselines/rtga_timingfix_v3_hw/_x/link/vivado/vpl/prj/prj.runs/my_rm_synth_1/.Xil/Vivado-2260627-u280-ae-host/realtime/ulp_m00_regslice_0_stub.v:6]
INFO: [Synth 8-6155] done synthesizing module 'ulp_m00_regslice_0' (0#1) [/home/ae_reviewer/TempGNN/build/baselines/rtga_timingfix_v3_hw/_x/link/vivado/vpl/prj/prj.runs/my_rm_synth_1/.Xil/Vivado-2260627-u280-ae-host/realtime/ulp_m00_regslice_0_stub.v:6]
WARNING: [Synth 8-7071] port 'm_axi_awprot' of module 'ulp_m00_regslice_0' is unconnected for instance 'm00_regslice' [/home/ae_reviewer/TempGNN/build/baselines/rtga_timingfix_v3_hw/_x/link/vivado/vpl/prj/prj.gen/my_rm/bd/ulp/synth/ulp.v:1409]
WARNING: [Synth 8-7071] port 'm_axi_arprot' of module 'ulp_m00_regslice_0' is unconnected for instance 'm00_regslice' [/home/ae_reviewer/TempGNN/build/baselines/rtga_timingfix_v3_hw/_x/link/vivado/vpl/prj/prj.gen/my_rm/bd/ulp/synth/ulp.v:1409]
WARNING: [Synth 8-7023] instance 'm00_regslice' of module 'ulp_m00_regslice_0' has 40 connections declared, but only 38 given [/home/ae_reviewer/TempGNN/build/baselines/rtga_timingfix_v3_hw/_x/link/vivado/vpl/prj/prj.gen/my_rm/bd/ulp/synth/ulp.v:1409]
INFO: [Synth 8-6155] done synthesizing module 'm00_couplers_imp_G77R79' (0#1) [/home/ae_reviewer/TempGNN/build/baselines/rtga_timingfix_v3_hw/_x/link/vivado/vpl/prj/prj.gen/my_rm/bd/ulp/synth/ulp.v:1184]
INFO: [Synth 8-6157] synthesizing module 'm01_couplers_imp_1SCZP4G' [/home/ae_reviewer/TempGNN/build/baselines/rtga_timingfix_v3_hw/_x/link/vivado/vpl/prj/prj.gen/my_rm/bd/ulp/synth/ulp.v:1450]
INFO: [Synth 8-6157] synthesizing module 'ulp_auto_cc_1' [/home/ae_reviewer/TempGNN/build/baselines/rtga_timingfix_v3_hw/_x/link/vivado/vpl/prj/prj.runs/my_rm_synth_1/.Xil/Vivado-2260627-u280-ae-host/realtime/ulp_auto_cc_1_stub.v:6]
INFO: [Synth 8-6155] done synthesizing module 'ulp_auto_cc_1' (0#1) [/home/ae_reviewer/TempGNN/build/baselines/rtga_timingfix_v3_hw/_x/link/vivado/vpl/prj/prj.runs/my_rm_synth_1/.Xil/Vivado-2260627-u280-ae-host/realtime/ulp_auto_cc_1_stub.v:6]
INFO: [Synth 8-6157] synthesizing module 'ulp_m01_regslice_0' [/home/ae_reviewer/TempGNN/build/baselines/rtga_timingfix_v3_hw/_x/link/vivado/vpl/prj/prj.runs/my_rm_synth_1/.Xil/Vivado-2260627-u280-ae-host/realtime/ulp_m01_regslice_0_stub.v:6]
INFO: [Synth 8-6155] done synthesizing module 'ulp_m01_regslice_0' (0#1) [/home/ae_reviewer/TempGNN/build/baselines/rtga_timingfix_v3_hw/_x/link/vivado/vpl/prj/prj.runs/my_rm_synth_1/.Xil/Vivado-2260627-u280-ae-host/realtime/ulp_m01_regslice_0_stub.v:6]
WARNING: [Synth 8-7071] port 'm_axi_awprot' of module 'ulp_m01_regslice_0' is unconnected for instance 'm01_regslice' [/home/ae_reviewer/TempGNN/build/baselines/rtga_timingfix_v3_hw/_x/link/vivado/vpl/prj/prj.gen/my_rm/bd/ulp/synth/ulp.v:1675]
WARNING: [Synth 8-7071] port 'm_axi_arprot' of module 'ulp_m01_regslice_0' is unconnected for instance 'm01_regslice' [/home/ae_reviewer/TempGNN/build/baselines/rtga_timingfix_v3_hw/_x/link/vivado/vpl/prj/prj.gen/my_rm/bd/ulp/synth/ulp.v:1675]
WARNING: [Synth 8-7023] instance 'm01_regslice' of module 'ulp_m01_regslice_0' has 40 connections declared, but only 38 given [/home/ae_reviewer/TempGNN/build/baselines/rtga_timingfix_v3_hw/_x/link/vivado/vpl/prj/prj.gen/my_rm/bd/ulp/synth/ulp.v:1675]
INFO: [Synth 8-6155] done synthesizing module 'm01_couplers_imp_1SCZP4G' (0#1) [/home/ae_reviewer/TempGNN/build/baselines/rtga_timingfix_v3_hw/_x/link/vivado/vpl/prj/prj.gen/my_rm/bd/ulp/synth/ulp.v:1450]
INFO: [Synth 8-6157] synthesizing module 's00_couplers_imp_14WTDU7' [/home/ae_reviewer/TempGNN/build/baselines/rtga_timingfix_v3_hw/_x/link/vivado/vpl/prj/prj.gen/my_rm/bd/ulp/synth/ulp.v:2252]
INFO: [Synth 8-6157] synthesizing module 'ulp_s00_regslice_18' [/home/ae_reviewer/TempGNN/build/baselines/rtga_timingfix_v3_hw/_x/link/vivado/vpl/prj/prj.runs/my_rm_synth_1/.Xil/Vivado-2260627-u280-ae-host/realtime/ulp_s00_regslice_18_stub.v:6]
INFO: [Synth 8-6155] done synthesizing module 'ulp_s00_regslice_18' (0#1) [/home/ae_reviewer/TempGNN/build/baselines/rtga_timingfix_v3_hw/_x/link/vivado/vpl/prj/prj.runs/my_rm_synth_1/.Xil/Vivado-2260627-u280-ae-host/realtime/ulp_s00_regslice_18_stub.v:6]
INFO: [Synth 8-6155] done synthesizing module 's00_couplers_imp_14WTDU7' (0#1) [/home/ae_reviewer/TempGNN/build/baselines/rtga_timingfix_v3_hw/_x/link/vivado/vpl/prj/prj.gen/my_rm/bd/ulp/synth/ulp.v:2252]
INFO: [Synth 8-6157] synthesizing module 'ulp_xbar_3' [/home/ae_reviewer/TempGNN/build/baselines/rtga_timingfix_v3_hw/_x/link/vivado/vpl/prj/prj.runs/my_rm_synth_1/.Xil/Vivado-2260627-u280-ae-host/realtime/ulp_xbar_3_stub.v:6]
INFO: [Synth 8-6155] done synthesizing module 'ulp_xbar_3' (0#1) [/home/ae_reviewer/TempGNN/build/baselines/rtga_timingfix_v3_hw/_x/link/vivado/vpl/prj/prj.runs/my_rm_synth_1/.Xil/Vivado-2260627-u280-ae-host/realtime/ulp_xbar_3_stub.v:6]
INFO: [Synth 8-6155] done synthesizing module 'ulp_interconnect_axilite_user_0' (0#1) [/home/ae_reviewer/TempGNN/build/baselines/rtga_timingfix_v3_hw/_x/link/vivado/vpl/prj/prj.gen/my_rm/bd/ulp/synth/ulp.v:6510]
INFO: [Synth 8-6157] synthesizing module 'ulp_regslice_control_userpf_0' [/home/ae_reviewer/TempGNN/build/baselines/rtga_timingfix_v3_hw/_x/link/vivado/vpl/prj/prj.runs/my_rm_synth_1/.Xil/Vivado-2260627-u280-ae-host/realtime/ulp_regslice_control_userpf_0_stub.v:6]
INFO: [Synth 8-6155] done synthesizing module 'ulp_regslice_control_userpf_0' (0#1) [/home/ae_reviewer/TempGNN/build/baselines/rtga_timingfix_v3_hw/_x/link/vivado/vpl/prj/prj.runs/my_rm_synth_1/.Xil/Vivado-2260627-u280-ae-host/realtime/ulp_regslice_control_userpf_0_stub.v:6]
INFO: [Synth 8-6155] done synthesizing module 'SLR0_imp_NYMDU0' (0#1) [/home/ae_reviewer/TempGNN/build/baselines/rtga_timingfix_v3_hw/_x/link/vivado/vpl/prj/prj.gen/my_rm/bd/ulp/synth/ulp.v:13]
INFO: [Synth 8-6157] synthesizing module 'SLR1_imp_1UA2LF1' [/home/ae_reviewer/TempGNN/build/baselines/rtga_timingfix_v3_hw/_x/link/vivado/vpl/prj/prj.gen/my_rm/bd/ulp/synth/ulp.v:418]
INFO: [Synth 8-6157] synthesizing module 'ulp_axi_gpio_null_1' [/home/ae_reviewer/TempGNN/build/baselines/rtga_timingfix_v3_hw/_x/link/vivado/vpl/prj/prj.runs/my_rm_synth_1/.Xil/Vivado-2260627-u280-ae-host/realtime/ulp_axi_gpio_null_1_stub.v:6]
INFO: [Synth 8-6155] done synthesizing module 'ulp_axi_gpio_null_1' (0#1) [/home/ae_reviewer/TempGNN/build/baselines/rtga_timingfix_v3_hw/_x/link/vivado/vpl/prj/prj.runs/my_rm_synth_1/.Xil/Vivado-2260627-u280-ae-host/realtime/ulp_axi_gpio_null_1_stub.v:6]
WARNING: [Synth 8-7071] port 'gpio_io_o' of module 'ulp_axi_gpio_null_1' is unconnected for instance 'axi_gpio_null' [/home/ae_reviewer/TempGNN/build/baselines/rtga_timingfix_v3_hw/_x/link/vivado/vpl/prj/prj.gen/my_rm/bd/ulp/synth/ulp.v:580]
WARNING: [Synth 8-7071] port 'gpio_io_t' of module 'ulp_axi_gpio_null_1' is unconnected for instance 'axi_gpio_null' [/home/ae_reviewer/TempGNN/build/baselines/rtga_timingfix_v3_hw/_x/link/vivado/vpl/prj/prj.gen/my_rm/bd/ulp/synth/ulp.v:580]
WARNING: [Synth 8-7023] instance 'axi_gpio_null' of module 'ulp_axi_gpio_null_1' has 22 connections declared, but only 20 given [/home/ae_reviewer/TempGNN/build/baselines/rtga_timingfix_v3_hw/_x/link/vivado/vpl/prj/prj.gen/my_rm/bd/ulp/synth/ulp.v:580]
INFO: [Synth 8-6157] synthesizing module 'ulp_axi_vip_ctrl_userpf_1' [/home/ae_reviewer/TempGNN/build/baselines/rtga_timingfix_v3_hw/_x/link/vivado/vpl/prj/prj.runs/my_rm_synth_1/.Xil/Vivado-2260627-u280-ae-host/realtime/ulp_axi_vip_ctrl_userpf_1_stub.v:6]
INFO: [Synth 8-6155] done synthesizing module 'ulp_axi_vip_ctrl_userpf_1' (0#1) [/home/ae_reviewer/TempGNN/build/baselines/rtga_timingfix_v3_hw/_x/link/vivado/vpl/prj/prj.runs/my_rm_synth_1/.Xil/Vivado-2260627-u280-ae-host/realtime/ulp_axi_vip_ctrl_userpf_1_stub.v:6]
INFO: [Synth 8-6157] synthesizing module 'ulp_interconnect_axilite_user_1' [/home/ae_reviewer/TempGNN/build/baselines/rtga_timingfix_v3_hw/_x/link/vivado/vpl/prj/prj.gen/my_rm/bd/ulp/synth/ulp.v:6982]
INFO: [Synth 8-6157] synthesizing module 's00_couplers_imp_1MXEOQC' [/home/ae_reviewer/TempGNN/build/baselines/rtga_timingfix_v3_hw/_x/link/vivado/vpl/prj/prj.gen/my_rm/bd/ulp/synth/ulp.v:2462]
INFO: [Synth 8-6157] synthesizing module 'ulp_auto_cc_2' [/home/ae_reviewer/TempGNN/build/baselines/rtga_timingfix_v3_hw/_x/link/vivado/vpl/prj/prj.runs/my_rm_synth_1/.Xil/Vivado-2260627-u280-ae-host/realtime/ulp_auto_cc_2_stub.v:6]
INFO: [Synth 8-6155] done synthesizing module 'ulp_auto_cc_2' (0#1) [/home/ae_reviewer/TempGNN/build/baselines/rtga_timingfix_v3_hw/_x/link/vivado/vpl/prj/prj.runs/my_rm_synth_1/.Xil/Vivado-2260627-u280-ae-host/realtime/ulp_auto_cc_2_stub.v:6]
WARNING: [Synth 8-7071] port 'm_axi_awprot' of module 'ulp_auto_cc_2' is unconnected for instance 'auto_cc' [/home/ae_reviewer/TempGNN/build/baselines/rtga_timingfix_v3_hw/_x/link/vivado/vpl/prj/prj.gen/my_rm/bd/ulp/synth/ulp.v:2644]
WARNING: [Synth 8-7071] port 'm_axi_arprot' of module 'ulp_auto_cc_2' is unconnected for instance 'auto_cc' [/home/ae_reviewer/TempGNN/build/baselines/rtga_timingfix_v3_hw/_x/link/vivado/vpl/prj/prj.gen/my_rm/bd/ulp/synth/ulp.v:2644]
WARNING: [Synth 8-7023] instance 'auto_cc' of module 'ulp_auto_cc_2' has 42 connections declared, but only 40 given [/home/ae_reviewer/TempGNN/build/baselines/rtga_timingfix_v3_hw/_x/link/vivado/vpl/prj/prj.gen/my_rm/bd/ulp/synth/ulp.v:2644]
INFO: [Synth 8-6157] synthesizing module 'ulp_s00_regslice_19' [/home/ae_reviewer/TempGNN/build/baselines/rtga_timingfix_v3_hw/_x/link/vivado/vpl/prj/prj.runs/my_rm_synth_1/.Xil/Vivado-2260627-u280-ae-host/realtime/ulp_s00_regslice_19_stub.v:6]
INFO: [Synth 8-6155] done synthesizing module 'ulp_s00_regslice_19' (0#1) [/home/ae_reviewer/TempGNN/build/baselines/rtga_timingfix_v3_hw/_x/link/vivado/vpl/prj/prj.runs/my_rm_synth_1/.Xil/Vivado-2260627-u280-ae-host/realtime/ulp_s00_regslice_19_stub.v:6]
INFO: [Synth 8-6155] done synthesizing module 's00_couplers_imp_1MXEOQC' (0#1) [/home/ae_reviewer/TempGNN/build/baselines/rtga_timingfix_v3_hw/_x/link/vivado/vpl/prj/prj.gen/my_rm/bd/ulp/synth/ulp.v:2462]
INFO: [Synth 8-6155] done synthesizing module 'ulp_interconnect_axilite_user_1' (0#1) [/home/ae_reviewer/TempGNN/build/baselines/rtga_timingfix_v3_hw/_x/link/vivado/vpl/prj/prj.gen/my_rm/bd/ulp/synth/ulp.v:6982]
INFO: [Synth 8-6157] synthesizing module 'ulp_regslice_control_userpf_1' [/home/ae_reviewer/TempGNN/build/baselines/rtga_timingfix_v3_hw/_x/link/vivado/vpl/prj/prj.runs/my_rm_synth_1/.Xil/Vivado-2260627-u280-ae-host/realtime/ulp_regslice_control_userpf_1_stub.v:6]
INFO: [Synth 8-6155] done synthesizing module 'ulp_regslice_control_userpf_1' (0#1) [/home/ae_reviewer/TempGNN/build/baselines/rtga_timingfix_v3_hw/_x/link/vivado/vpl/prj/prj.runs/my_rm_synth_1/.Xil/Vivado-2260627-u280-ae-host/realtime/ulp_regslice_control_userpf_1_stub.v:6]
INFO: [Synth 8-6155] done synthesizing module 'SLR1_imp_1UA2LF1' (0#1) [/home/ae_reviewer/TempGNN/build/baselines/rtga_timingfix_v3_hw/_x/link/vivado/vpl/prj/prj.gen/my_rm/bd/ulp/synth/ulp.v:418]
INFO: [Synth 8-6157] synthesizing module 'SLR2_imp_1Y0I5MR' [/home/ae_reviewer/TempGNN/build/baselines/rtga_timingfix_v3_hw/_x/link/vivado/vpl/prj/prj.gen/my_rm/bd/ulp/synth/ulp.v:728]
INFO: [Synth 8-6157] synthesizing module 'ulp_axi_gpio_null_2' [/home/ae_reviewer/TempGNN/build/baselines/rtga_timingfix_v3_hw/_x/link/vivado/vpl/prj/prj.runs/my_rm_synth_1/.Xil/Vivado-2260627-u280-ae-host/realtime/ulp_axi_gpio_null_2_stub.v:6]
INFO: [Synth 8-6155] done synthesizing module 'ulp_axi_gpio_null_2' (0#1) [/home/ae_reviewer/TempGNN/build/baselines/rtga_timingfix_v3_hw/_x/link/vivado/vpl/prj/prj.runs/my_rm_synth_1/.Xil/Vivado-2260627-u280-ae-host/realtime/ulp_axi_gpio_null_2_stub.v:6]
WARNING: [Synth 8-7071] port 'gpio_io_o' of module 'ulp_axi_gpio_null_2' is unconnected for instance 'axi_gpio_null' [/home/ae_reviewer/TempGNN/build/baselines/rtga_timingfix_v3_hw/_x/link/vivado/vpl/prj/prj.gen/my_rm/bd/ulp/synth/ulp.v:890]
WARNING: [Synth 8-7071] port 'gpio_io_t' of module 'ulp_axi_gpio_null_2' is unconnected for instance 'axi_gpio_null' [/home/ae_reviewer/TempGNN/build/baselines/rtga_timingfix_v3_hw/_x/link/vivado/vpl/prj/prj.gen/my_rm/bd/ulp/synth/ulp.v:890]
WARNING: [Synth 8-7023] instance 'axi_gpio_null' of module 'ulp_axi_gpio_null_2' has 22 connections declared, but only 20 given [/home/ae_reviewer/TempGNN/build/baselines/rtga_timingfix_v3_hw/_x/link/vivado/vpl/prj/prj.gen/my_rm/bd/ulp/synth/ulp.v:890]
INFO: [Synth 8-6157] synthesizing module 'ulp_axi_vip_ctrl_userpf_2' [/home/ae_reviewer/TempGNN/build/baselines/rtga_timingfix_v3_hw/_x/link/vivado/vpl/prj/prj.runs/my_rm_synth_1/.Xil/Vivado-2260627-u280-ae-host/realtime/ulp_axi_vip_ctrl_userpf_2_stub.v:6]
INFO: [Synth 8-6155] done synthesizing module 'ulp_axi_vip_ctrl_userpf_2' (0#1) [/home/ae_reviewer/TempGNN/build/baselines/rtga_timingfix_v3_hw/_x/link/vivado/vpl/prj/prj.runs/my_rm_synth_1/.Xil/Vivado-2260627-u280-ae-host/realtime/ulp_axi_vip_ctrl_userpf_2_stub.v:6]
INFO: [Synth 8-6157] synthesizing module 'ulp_interconnect_axilite_user_2' [/home/ae_reviewer/TempGNN/build/baselines/rtga_timingfix_v3_hw/_x/link/vivado/vpl/prj/prj.gen/my_rm/bd/ulp/synth/ulp.v:7192]
INFO: [Synth 8-6157] synthesizing module 's00_couplers_imp_8500C9' [/home/ae_reviewer/TempGNN/build/baselines/rtga_timingfix_v3_hw/_x/link/vivado/vpl/prj/prj.gen/my_rm/bd/ulp/synth/ulp.v:2728]
INFO: [Synth 8-6157] synthesizing module 'ulp_auto_cc_3' [/home/ae_reviewer/TempGNN/build/baselines/rtga_timingfix_v3_hw/_x/link/vivado/vpl/prj/prj.runs/my_rm_synth_1/.Xil/Vivado-2260627-u280-ae-host/realtime/ulp_auto_cc_3_stub.v:6]
INFO: [Synth 8-6155] done synthesizing module 'ulp_auto_cc_3' (0#1) [/home/ae_reviewer/TempGNN/build/baselines/rtga_timingfix_v3_hw/_x/link/vivado/vpl/prj/prj.runs/my_rm_synth_1/.Xil/Vivado-2260627-u280-ae-host/realtime/ulp_auto_cc_3_stub.v:6]
WARNING: [Synth 8-7071] port 'm_axi_awprot' of module 'ulp_auto_cc_3' is unconnected for instance 'auto_cc' [/home/ae_reviewer/TempGNN/build/baselines/rtga_timingfix_v3_hw/_x/link/vivado/vpl/prj/prj.gen/my_rm/bd/ulp/synth/ulp.v:2910]
WARNING: [Synth 8-7071] port 'm_axi_arprot' of module 'ulp_auto_cc_3' is unconnected for instance 'auto_cc' [/home/ae_reviewer/TempGNN/build/baselines/rtga_timingfix_v3_hw/_x/link/vivado/vpl/prj/prj.gen/my_rm/bd/ulp/synth/ulp.v:2910]
WARNING: [Synth 8-7023] instance 'auto_cc' of module 'ulp_auto_cc_3' has 42 connections declared, but only 40 given [/home/ae_reviewer/TempGNN/build/baselines/rtga_timingfix_v3_hw/_x/link/vivado/vpl/prj/prj.gen/my_rm/bd/ulp/synth/ulp.v:2910]
INFO: [Synth 8-6157] synthesizing module 'ulp_s00_regslice_20' [/home/ae_reviewer/TempGNN/build/baselines/rtga_timingfix_v3_hw/_x/link/vivado/vpl/prj/prj.runs/my_rm_synth_1/.Xil/Vivado-2260627-u280-ae-host/realtime/ulp_s00_regslice_20_stub.v:6]
INFO: [Synth 8-6155] done synthesizing module 'ulp_s00_regslice_20' (0#1) [/home/ae_reviewer/TempGNN/build/baselines/rtga_timingfix_v3_hw/_x/link/vivado/vpl/prj/prj.runs/my_rm_synth_1/.Xil/Vivado-2260627-u280-ae-host/realtime/ulp_s00_regslice_20_stub.v:6]
INFO: [Synth 8-6155] done synthesizing module 's00_couplers_imp_8500C9' (0#1) [/home/ae_reviewer/TempGNN/build/baselines/rtga_timingfix_v3_hw/_x/link/vivado/vpl/prj/prj.gen/my_rm/bd/ulp/synth/ulp.v:2728]
INFO: [Synth 8-6155] done synthesizing module 'ulp_interconnect_axilite_user_2' (0#1) [/home/ae_reviewer/TempGNN/build/baselines/rtga_timingfix_v3_hw/_x/link/vivado/vpl/prj/prj.gen/my_rm/bd/ulp/synth/ulp.v:7192]
INFO: [Synth 8-6157] synthesizing module 'ulp_regslice_control_userpf_2' [/home/ae_reviewer/TempGNN/build/baselines/rtga_timingfix_v3_hw/_x/link/vivado/vpl/prj/prj.runs/my_rm_synth_1/.Xil/Vivado-2260627-u280-ae-host/realtime/ulp_regslice_control_userpf_2_stub.v:6]
INFO: [Synth 8-6155] done synthesizing module 'ulp_regslice_control_userpf_2' (0#1) [/home/ae_reviewer/TempGNN/build/baselines/rtga_timingfix_v3_hw/_x/link/vivado/vpl/prj/prj.runs/my_rm_synth_1/.Xil/Vivado-2260627-u280-ae-host/realtime/ulp_regslice_control_userpf_2_stub.v:6]
INFO: [Synth 8-6155] done synthesizing module 'SLR2_imp_1Y0I5MR' (0#1) [/home/ae_reviewer/TempGNN/build/baselines/rtga_timingfix_v3_hw/_x/link/vivado/vpl/prj/prj.gen/my_rm/bd/ulp/synth/ulp.v:728]
INFO: [Synth 8-6157] synthesizing module 'ulp_axi_ic_ctrl_mgmt_slr1_0' [/home/ae_reviewer/TempGNN/build/baselines/rtga_timingfix_v3_hw/_x/link/vivado/vpl/prj/prj.gen/my_rm/bd/ulp/synth/ulp.v:5805]
INFO: [Synth 8-6157] synthesizing module 'm00_couplers_imp_CAGKWP' [/home/ae_reviewer/TempGNN/build/baselines/rtga_timingfix_v3_hw/_x/link/vivado/vpl/prj/prj.gen/my_rm/bd/ulp/synth/ulp.v:1038]
INFO: [Synth 8-6155] done synthesizing module 'm00_couplers_imp_CAGKWP' (0#1) [/home/ae_reviewer/TempGNN/build/baselines/rtga_timingfix_v3_hw/_x/link/vivado/vpl/prj/prj.gen/my_rm/bd/ulp/synth/ulp.v:1038]
INFO: [Synth 8-6157] synthesizing module 'm01_couplers_imp_1V3WQQK' [/home/ae_reviewer/TempGNN/build/baselines/rtga_timingfix_v3_hw/_x/link/vivado/vpl/prj/prj.gen/my_rm/bd/ulp/synth/ulp.v:1716]
INFO: [Synth 8-6155] done synthesizing module 'm01_couplers_imp_1V3WQQK' (0#1) [/home/ae_reviewer/TempGNN/build/baselines/rtga_timingfix_v3_hw/_x/link/vivado/vpl/prj/prj.gen/my_rm/bd/ulp/synth/ulp.v:1716]
INFO: [Synth 8-6157] synthesizing module 'm02_couplers_imp_L422S2' [/home/ae_reviewer/TempGNN/build/baselines/rtga_timingfix_v3_hw/_x/link/vivado/vpl/prj/prj.gen/my_rm/bd/ulp/synth/ulp.v:1848]
INFO: [Synth 8-6155] done synthesizing module 'm02_couplers_imp_L422S2' (0#1) [/home/ae_reviewer/TempGNN/build/baselines/rtga_timingfix_v3_hw/_x/link/vivado/vpl/prj/prj.gen/my_rm/bd/ulp/synth/ulp.v:1848]
WARNING: [Synth 8-7071] port 'S_AXI_rlast' of module 'm02_couplers_imp_L422S2' is unconnected for instance 'm02_couplers' [/home/ae_reviewer/TempGNN/build/baselines/rtga_timingfix_v3_hw/_x/link/vivado/vpl/prj/prj.gen/my_rm/bd/ulp/synth/ulp.v:6350]
WARNING: [Synth 8-7023] instance 'm02_couplers' of module 'm02_couplers_imp_L422S2' has 74 connections declared, but only 73 given [/home/ae_reviewer/TempGNN/build/baselines/rtga_timingfix_v3_hw/_x/link/vivado/vpl/prj/prj.gen/my_rm/bd/ulp/synth/ulp.v:6350]
INFO: [Synth 8-6157] synthesizing module 's00_couplers_imp_1100RTV' [/home/ae_reviewer/TempGNN/build/baselines/rtga_timingfix_v3_hw/_x/link/vivado/vpl/prj/prj.gen/my_rm/bd/ulp/synth/ulp.v:2106]
INFO: [Synth 8-6155] done synthesizing module 's00_couplers_imp_1100RTV' (0#1) [/home/ae_reviewer/TempGNN/build/baselines/rtga_timingfix_v3_hw/_x/link/vivado/vpl/prj/prj.gen/my_rm/bd/ulp/synth/ulp.v:2106]
INFO: [Synth 8-6157] synthesizing module 'ulp_xbar_2' [/home/ae_reviewer/TempGNN/build/baselines/rtga_timingfix_v3_hw/_x/link/vivado/vpl/prj/prj.runs/my_rm_synth_1/.Xil/Vivado-2260627-u280-ae-host/realtime/ulp_xbar_2_stub.v:6]
INFO: [Synth 8-6155] done synthesizing module 'ulp_xbar_2' (0#1) [/home/ae_reviewer/TempGNN/build/baselines/rtga_timingfix_v3_hw/_x/link/vivado/vpl/prj/prj.runs/my_rm_synth_1/.Xil/Vivado-2260627-u280-ae-host/realtime/ulp_xbar_2_stub.v:6]
INFO: [Synth 8-6155] done synthesizing module 'ulp_axi_ic_ctrl_mgmt_slr1_0' (0#1) [/home/ae_reviewer/TempGNN/build/baselines/rtga_timingfix_v3_hw/_x/link/vivado/vpl/prj/prj.gen/my_rm/bd/ulp/synth/ulp.v:5805]
WARNING: [Synth 8-7071] port 'M02_AXI_araddr' of module 'ulp_axi_ic_ctrl_mgmt_slr1_0' is unconnected for instance 'axi_ic_ctrl_mgmt_slr1' [/home/ae_reviewer/TempGNN/build/baselines/rtga_timingfix_v3_hw/_x/link/vivado/vpl/prj/prj.gen/my_rm/bd/ulp/synth/ulp.v:4396]
WARNING: [Synth 8-7071] port 'M02_AXI_arburst' of module 'ulp_axi_ic_ctrl_mgmt_slr1_0' is unconnected for instance 'axi_ic_ctrl_mgmt_slr1' [/home/ae_reviewer/TempGNN/build/baselines/rtga_timingfix_v3_hw/_x/link/vivado/vpl/prj/prj.gen/my_rm/bd/ulp/synth/ulp.v:4396]
WARNING: [Synth 8-7071] port 'M02_AXI_arcache' of module 'ulp_axi_ic_ctrl_mgmt_slr1_0' is unconnected for instance 'axi_ic_ctrl_mgmt_slr1' [/home/ae_reviewer/TempGNN/build/baselines/rtga_timingfix_v3_hw/_x/link/vivado/vpl/prj/prj.gen/my_rm/bd/ulp/synth/ulp.v:4396]
WARNING: [Synth 8-7071] port 'M02_AXI_arlen' of module 'ulp_axi_ic_ctrl_mgmt_slr1_0' is unconnected for instance 'axi_ic_ctrl_mgmt_slr1' [/home/ae_reviewer/TempGNN/build/baselines/rtga_timingfix_v3_hw/_x/link/vivado/vpl/prj/prj.gen/my_rm/bd/ulp/synth/ulp.v:4396]
WARNING: [Synth 8-7071] port 'M02_AXI_arlock' of module 'ulp_axi_ic_ctrl_mgmt_slr1_0' is unconnected for instance 'axi_ic_ctrl_mgmt_slr1' [/home/ae_reviewer/TempGNN/build/baselines/rtga_timingfix_v3_hw/_x/link/vivado/vpl/prj/prj.gen/my_rm/bd/ulp/synth/ulp.v:4396]
WARNING: [Synth 8-7071] port 'M02_AXI_arprot' of module 'ulp_axi_ic_ctrl_mgmt_slr1_0' is unconnected for instance 'axi_ic_ctrl_mgmt_slr1' [/home/ae_reviewer/TempGNN/build/baselines/rtga_timingfix_v3_hw/_x/link/vivado/vpl/prj/prj.gen/my_rm/bd/ulp/synth/ulp.v:4396]
WARNING: [Synth 8-7071] port 'M02_AXI_arqos' of module 'ulp_axi_ic_ctrl_mgmt_slr1_0' is unconnected for instance 'axi_ic_ctrl_mgmt_slr1' [/home/ae_reviewer/TempGNN/build/baselines/rtga_timingfix_v3_hw/_x/link/vivado/vpl/prj/prj.gen/my_rm/bd/ulp/synth/ulp.v:4396]
WARNING: [Synth 8-7071] port 'M02_AXI_arregion' of module 'ulp_axi_ic_ctrl_mgmt_slr1_0' is unconnected for instance 'axi_ic_ctrl_mgmt_slr1' [/home/ae_reviewer/TempGNN/build/baselines/rtga_timingfix_v3_hw/_x/link/vivado/vpl/prj/prj.gen/my_rm/bd/ulp/synth/ulp.v:4396]
WARNING: [Synth 8-7071] port 'M02_AXI_arsize' of module 'ulp_axi_ic_ctrl_mgmt_slr1_0' is unconnected for instance 'axi_ic_ctrl_mgmt_slr1' [/home/ae_reviewer/TempGNN/build/baselines/rtga_timingfix_v3_hw/_x/link/vivado/vpl/prj/prj.gen/my_rm/bd/ulp/synth/ulp.v:4396]
WARNING: [Synth 8-7071] port 'M02_AXI_arvalid' of module 'ulp_axi_ic_ctrl_mgmt_slr1_0' is unconnected for instance 'axi_ic_ctrl_mgmt_slr1' [/home/ae_reviewer/TempGNN/build/baselines/rtga_timingfix_v3_hw/_x/link/vivado/vpl/prj/prj.gen/my_rm/bd/ulp/synth/ulp.v:4396]
WARNING: [Synth 8-7071] port 'M02_AXI_awaddr' of module 'ulp_axi_ic_ctrl_mgmt_slr1_0' is unconnected for instance 'axi_ic_ctrl_mgmt_slr1' [/home/ae_reviewer/TempGNN/build/baselines/rtga_timingfix_v3_hw/_x/link/vivado/vpl/prj/prj.gen/my_rm/bd/ulp/synth/ulp.v:4396]
WARNING: [Synth 8-7071] port 'M02_AXI_awburst' of module 'ulp_axi_ic_ctrl_mgmt_slr1_0' is unconnected for instance 'axi_ic_ctrl_mgmt_slr1' [/home/ae_reviewer/TempGNN/build/baselines/rtga_timingfix_v3_hw/_x/link/vivado/vpl/prj/prj.gen/my_rm/bd/ulp/synth/ulp.v:4396]
WARNING: [Synth 8-7071] port 'M02_AXI_awcache' of module 'ulp_axi_ic_ctrl_mgmt_slr1_0' is unconnected for instance 'axi_ic_ctrl_mgmt_slr1' [/home/ae_reviewer/TempGNN/build/baselines/rtga_timingfix_v3_hw/_x/link/vivado/vpl/prj/prj.gen/my_rm/bd/ulp/synth/ulp.v:4396]
WARNING: [Synth 8-7071] port 'M02_AXI_awlen' of module 'ulp_axi_ic_ctrl_mgmt_slr1_0' is unconnected for instance 'axi_ic_ctrl_mgmt_slr1' [/home/ae_reviewer/TempGNN/build/baselines/rtga_timingfix_v3_hw/_x/link/vivado/vpl/prj/prj.gen/my_rm/bd/ulp/synth/ulp.v:4396]
WARNING: [Synth 8-7071] port 'M02_AXI_awlock' of module 'ulp_axi_ic_ctrl_mgmt_slr1_0' is unconnected for instance 'axi_ic_ctrl_mgmt_slr1' [/home/ae_reviewer/TempGNN/build/baselines/rtga_timingfix_v3_hw/_x/link/vivado/vpl/prj/prj.gen/my_rm/bd/ulp/synth/ulp.v:4396]
WARNING: [Synth 8-7071] port 'M02_AXI_awprot' of module 'ulp_axi_ic_ctrl_mgmt_slr1_0' is unconnected for instance 'axi_ic_ctrl_mgmt_slr1' [/home/ae_reviewer/TempGNN/build/baselines/rtga_timingfix_v3_hw/_x/link/vivado/vpl/prj/prj.gen/my_rm/bd/ulp/synth/ulp.v:4396]
WARNING: [Synth 8-7071] port 'M02_AXI_awqos' of module 'ulp_axi_ic_ctrl_mgmt_slr1_0' is unconnected for instance 'axi_ic_ctrl_mgmt_slr1' [/home/ae_reviewer/TempGNN/build/baselines/rtga_timingfix_v3_hw/_x/link/vivado/vpl/prj/prj.gen/my_rm/bd/ulp/synth/ulp.v:4396]
WARNING: [Synth 8-7071] port 'M02_AXI_awregion' of module 'ulp_axi_ic_ctrl_mgmt_slr1_0' is unconnected for instance 'axi_ic_ctrl_mgmt_slr1' [/home/ae_reviewer/TempGNN/build/baselines/rtga_timingfix_v3_hw/_x/link/vivado/vpl/prj/prj.gen/my_rm/bd/ulp/synth/ulp.v:4396]
WARNING: [Synth 8-7071] port 'M02_AXI_awsize' of module 'ulp_axi_ic_ctrl_mgmt_slr1_0' is unconnected for instance 'axi_ic_ctrl_mgmt_slr1' [/home/ae_reviewer/TempGNN/build/baselines/rtga_timingfix_v3_hw/_x/link/vivado/vpl/prj/prj.gen/my_rm/bd/ulp/synth/ulp.v:4396]
WARNING: [Synth 8-7071] port 'M02_AXI_awvalid' of module 'ulp_axi_ic_ctrl_mgmt_slr1_0' is unconnected for instance 'axi_ic_ctrl_mgmt_slr1' [/home/ae_reviewer/TempGNN/build/baselines/rtga_timingfix_v3_hw/_x/link/vivado/vpl/prj/prj.gen/my_rm/bd/ulp/synth/ulp.v:4396]
WARNING: [Synth 8-7071] port 'M02_AXI_bready' of module 'ulp_axi_ic_ctrl_mgmt_slr1_0' is unconnected for instance 'axi_ic_ctrl_mgmt_slr1' [/home/ae_reviewer/TempGNN/build/baselines/rtga_timingfix_v3_hw/_x/link/vivado/vpl/prj/prj.gen/my_rm/bd/ulp/synth/ulp.v:4396]
WARNING: [Synth 8-7071] port 'M02_AXI_rready' of module 'ulp_axi_ic_ctrl_mgmt_slr1_0' is unconnected for instance 'axi_ic_ctrl_mgmt_slr1' [/home/ae_reviewer/TempGNN/build/baselines/rtga_timingfix_v3_hw/_x/link/vivado/vpl/prj/prj.gen/my_rm/bd/ulp/synth/ulp.v:4396]
WARNING: [Synth 8-7071] port 'M02_AXI_wdata' of module 'ulp_axi_ic_ctrl_mgmt_slr1_0' is unconnected for instance 'axi_ic_ctrl_mgmt_slr1' [/home/ae_reviewer/TempGNN/build/baselines/rtga_timingfix_v3_hw/_x/link/vivado/vpl/prj/prj.gen/my_rm/bd/ulp/synth/ulp.v:4396]
WARNING: [Synth 8-7071] port 'M02_AXI_wlast' of module 'ulp_axi_ic_ctrl_mgmt_slr1_0' is unconnected for instance 'axi_ic_ctrl_mgmt_slr1' [/home/ae_reviewer/TempGNN/build/baselines/rtga_timingfix_v3_hw/_x/link/vivado/vpl/prj/prj.gen/my_rm/bd/ulp/synth/ulp.v:4396]
WARNING: [Synth 8-7071] port 'M02_AXI_wstrb' of module 'ulp_axi_ic_ctrl_mgmt_slr1_0' is unconnected for instance 'axi_ic_ctrl_mgmt_slr1' [/home/ae_reviewer/TempGNN/build/baselines/rtga_timingfix_v3_hw/_x/link/vivado/vpl/prj/prj.gen/my_rm/bd/ulp/synth/ulp.v:4396]
WARNING: [Synth 8-7071] port 'M02_AXI_wvalid' of module 'ulp_axi_ic_ctrl_mgmt_slr1_0' is unconnected for instance 'axi_ic_ctrl_mgmt_slr1' [/home/ae_reviewer/TempGNN/build/baselines/rtga_timingfix_v3_hw/_x/link/vivado/vpl/prj/prj.gen/my_rm/bd/ulp/synth/ulp.v:4396]
WARNING: [Synth 8-7023] instance 'axi_ic_ctrl_mgmt_slr1' of module 'ulp_axi_ic_ctrl_mgmt_slr1_0' has 100 connections declared, but only 74 given [/home/ae_reviewer/TempGNN/build/baselines/rtga_timingfix_v3_hw/_x/link/vivado/vpl/prj/prj.gen/my_rm/bd/ulp/synth/ulp.v:4396]
INFO: [Synth 8-6157] synthesizing module 'ulp_axi_vip_data_0' [/home/ae_reviewer/TempGNN/build/baselines/rtga_timingfix_v3_hw/_x/link/vivado/vpl/prj/prj.runs/my_rm_synth_1/.Xil/Vivado-2260627-u280-ae-host/realtime/ulp_axi_vip_data_0_stub.v:6]
INFO: [Synth 8-6155] done synthesizing module 'ulp_axi_vip_data_0' (0#1) [/home/ae_reviewer/TempGNN/build/baselines/rtga_timingfix_v3_hw/_x/link/vivado/vpl/prj/prj.runs/my_rm_synth_1/.Xil/Vivado-2260627-u280-ae-host/realtime/ulp_axi_vip_data_0_stub.v:6]
INFO: [Synth 8-6157] synthesizing module 'ulp_clk_wiz_0' [/home/ae_reviewer/TempGNN/build/baselines/rtga_timingfix_v3_hw/_x/link/vivado/vpl/prj/prj.runs/my_rm_synth_1/.Xil/Vivado-2260627-u280-ae-host/realtime/ulp_clk_wiz_0_stub.v:6]
INFO: [Synth 8-6155] done synthesizing module 'ulp_clk_wiz_0' (0#1) [/home/ae_reviewer/TempGNN/build/baselines/rtga_timingfix_v3_hw/_x/link/vivado/vpl/prj/prj.runs/my_rm_synth_1/.Xil/Vivado-2260627-u280-ae-host/realtime/ulp_clk_wiz_0_stub.v:6]
INFO: [Synth 8-6157] synthesizing module 'ulp_hmss_0_0' [/home/ae_reviewer/TempGNN/build/baselines/rtga_timingfix_v3_hw/_x/link/vivado/vpl/prj/prj.runs/my_rm_synth_1/.Xil/Vivado-2260627-u280-ae-host/realtime/ulp_hmss_0_0_stub.v:6]
INFO: [Synth 8-6155] done synthesizing module 'ulp_hmss_0_0' (0#1) [/home/ae_reviewer/TempGNN/build/baselines/rtga_timingfix_v3_hw/_x/link/vivado/vpl/prj/prj.runs/my_rm_synth_1/.Xil/Vivado-2260627-u280-ae-host/realtime/ulp_hmss_0_0_stub.v:6]
INFO: [Synth 8-6157] synthesizing module 'ulp_ii_level0_wire_0' [/home/ae_reviewer/TempGNN/build/baselines/rtga_timingfix_v3_hw/_x/link/vivado/vpl/prj/prj.runs/my_rm_synth_1/.Xil/Vivado-2260627-u280-ae-host/realtime/ulp_ii_level0_wire_0_stub.v:6]
INFO: [Synth 8-6155] done synthesizing module 'ulp_ii_level0_wire_0' (0#1) [/home/ae_reviewer/TempGNN/build/baselines/rtga_timingfix_v3_hw/_x/link/vivado/vpl/prj/prj.runs/my_rm_synth_1/.Xil/Vivado-2260627-u280-ae-host/realtime/ulp_ii_level0_wire_0_stub.v:6]
WARNING: [Synth 8-7071] port 'ULP_M_AXI_CTRL_MGMT_00_arprot' of module 'ulp_ii_level0_wire_0' is unconnected for instance 'ii_level0_wire' [/home/ae_reviewer/TempGNN/build/baselines/rtga_timingfix_v3_hw/_x/link/vivado/vpl/prj/prj.gen/my_rm/bd/ulp/synth/ulp.v:4823]
WARNING: [Synth 8-7071] port 'ULP_M_AXI_CTRL_MGMT_00_awprot' of module 'ulp_ii_level0_wire_0' is unconnected for instance 'ii_level0_wire' [/home/ae_reviewer/TempGNN/build/baselines/rtga_timingfix_v3_hw/_x/link/vivado/vpl/prj/prj.gen/my_rm/bd/ulp/synth/ulp.v:4823]
WARNING: [Synth 8-7071] port 'ULP_M_AXI_CTRL_MGMT_00_wstrb' of module 'ulp_ii_level0_wire_0' is unconnected for instance 'ii_level0_wire' [/home/ae_reviewer/TempGNN/build/baselines/rtga_timingfix_v3_hw/_x/link/vivado/vpl/prj/prj.gen/my_rm/bd/ulp/synth/ulp.v:4823]
WARNING: [Synth 8-7071] port 'ULP_S_AXI_DATA_C2H_00_arready' of module 'ulp_ii_level0_wire_0' is unconnected for instance 'ii_level0_wire' [/home/ae_reviewer/TempGNN/build/baselines/rtga_timingfix_v3_hw/_x/link/vivado/vpl/prj/prj.gen/my_rm/bd/ulp/synth/ulp.v:4823]
WARNING: [Synth 8-7071] port 'ULP_S_AXI_DATA_C2H_00_awready' of module 'ulp_ii_level0_wire_0' is unconnected for instance 'ii_level0_wire' [/home/ae_reviewer/TempGNN/build/baselines/rtga_timingfix_v3_hw/_x/link/vivado/vpl/prj/prj.gen/my_rm/bd/ulp/synth/ulp.v:4823]
WARNING: [Synth 8-7071] port 'ULP_S_AXI_DATA_C2H_00_bid' of module 'ulp_ii_level0_wire_0' is unconnected for instance 'ii_level0_wire' [/home/ae_reviewer/TempGNN/build/baselines/rtga_timingfix_v3_hw/_x/link/vivado/vpl/prj/prj.gen/my_rm/bd/ulp/synth/ulp.v:4823]
WARNING: [Synth 8-7071] port 'ULP_S_AXI_DATA_C2H_00_bresp' of module 'ulp_ii_level0_wire_0' is unconnected for instance 'ii_level0_wire' [/home/ae_reviewer/TempGNN/build/baselines/rtga_timingfix_v3_hw/_x/link/vivado/vpl/prj/prj.gen/my_rm/bd/ulp/synth/ulp.v:4823]
WARNING: [Synth 8-7071] port 'ULP_S_AXI_DATA_C2H_00_bvalid' of module 'ulp_ii_level0_wire_0' is unconnected for instance 'ii_level0_wire' [/home/ae_reviewer/TempGNN/build/baselines/rtga_timingfix_v3_hw/_x/link/vivado/vpl/prj/prj.gen/my_rm/bd/ulp/synth/ulp.v:4823]
WARNING: [Synth 8-7071] port 'ULP_S_AXI_DATA_C2H_00_rdata' of module 'ulp_ii_level0_wire_0' is unconnected for instance 'ii_level0_wire' [/home/ae_reviewer/TempGNN/build/baselines/rtga_timingfix_v3_hw/_x/link/vivado/vpl/prj/prj.gen/my_rm/bd/ulp/synth/ulp.v:4823]
WARNING: [Synth 8-7071] port 'ULP_S_AXI_DATA_C2H_00_rid' of module 'ulp_ii_level0_wire_0' is unconnected for instance 'ii_level0_wire' [/home/ae_reviewer/TempGNN/build/baselines/rtga_timingfix_v3_hw/_x/link/vivado/vpl/prj/prj.gen/my_rm/bd/ulp/synth/ulp.v:4823]
WARNING: [Synth 8-7071] port 'ULP_S_AXI_DATA_C2H_00_rlast' of module 'ulp_ii_level0_wire_0' is unconnected for instance 'ii_level0_wire' [/home/ae_reviewer/TempGNN/build/baselines/rtga_timingfix_v3_hw/_x/link/vivado/vpl/prj/prj.gen/my_rm/bd/ulp/synth/ulp.v:4823]
WARNING: [Synth 8-7071] port 'ULP_S_AXI_DATA_C2H_00_rresp' of module 'ulp_ii_level0_wire_0' is unconnected for instance 'ii_level0_wire' [/home/ae_reviewer/TempGNN/build/baselines/rtga_timingfix_v3_hw/_x/link/vivado/vpl/prj/prj.gen/my_rm/bd/ulp/synth/ulp.v:4823]
WARNING: [Synth 8-7071] port 'ULP_S_AXI_DATA_C2H_00_rvalid' of module 'ulp_ii_level0_wire_0' is unconnected for instance 'ii_level0_wire' [/home/ae_reviewer/TempGNN/build/baselines/rtga_timingfix_v3_hw/_x/link/vivado/vpl/prj/prj.gen/my_rm/bd/ulp/synth/ulp.v:4823]
WARNING: [Synth 8-7071] port 'ULP_S_AXI_DATA_C2H_00_wready' of module 'ulp_ii_level0_wire_0' is unconnected for instance 'ii_level0_wire' [/home/ae_reviewer/TempGNN/build/baselines/rtga_timingfix_v3_hw/_x/link/vivado/vpl/prj/prj.gen/my_rm/bd/ulp/synth/ulp.v:4823]
WARNING: [Synth 8-7023] instance 'ii_level0_wire' of module 'ulp_ii_level0_wire_0' has 354 connections declared, but only 340 given [/home/ae_reviewer/TempGNN/build/baselines/rtga_timingfix_v3_hw/_x/link/vivado/vpl/prj/prj.gen/my_rm/bd/ulp/synth/ulp.v:4823]
INFO: [Synth 8-6157] synthesizing module 'ulp_ii_level0_wire_ulp_s_irq_cu_00_1_interrupt_concat_0' [/home/ae_reviewer/TempGNN/build/baselines/rtga_timingfix_v3_hw/_x/link/vivado/vpl/prj/prj.gen/my_rm/bd/ulp/ip/ulp_ii_level0_wire_ulp_s_irq_cu_00_1_interrupt_concat_0/synth/ulp_ii_level0_wire_ulp_s_irq_cu_00_1_interrupt_concat_0.v:53]
INFO: [Synth 8-6157] synthesizing module 'xlconcat_v2_1_5_xlconcat' [/home/ae_reviewer/TempGNN/build/baselines/rtga_timingfix_v3_hw/_x/link/vivado/vpl/prj/prj.gen/my_rm/bd/ulp/ipshared/147b/hdl/xlconcat_v2_1_vl_rfs.v:59]
INFO: [Synth 8-6155] done synthesizing module 'xlconcat_v2_1_5_xlconcat' (0#1) [/home/ae_reviewer/TempGNN/build/baselines/rtga_timingfix_v3_hw/_x/link/vivado/vpl/prj/prj.gen/my_rm/bd/ulp/ipshared/147b/hdl/xlconcat_v2_1_vl_rfs.v:59]
INFO: [Synth 8-6155] done synthesizing module 'ulp_ii_level0_wire_ulp_s_irq_cu_00_1_interrupt_concat_0' (0#1) [/home/ae_reviewer/TempGNN/build/baselines/rtga_timingfix_v3_hw/_x/link/vivado/vpl/prj/prj.gen/my_rm/bd/ulp/ip/ulp_ii_level0_wire_ulp_s_irq_cu_00_1_interrupt_concat_0/synth/ulp_ii_level0_wire_ulp_s_irq_cu_00_1_interrupt_concat_0.v:53]
INFO: [Synth 8-6157] synthesizing module 'ulp_ii_level0_wire_ulp_s_irq_cu_00_1_interrupt_concat_0_0' [/home/ae_reviewer/TempGNN/build/baselines/rtga_timingfix_v3_hw/_x/link/vivado/vpl/prj/prj.gen/my_rm/bd/ulp/ip/ulp_ii_level0_wire_ulp_s_irq_cu_00_1_interrupt_concat_0_0/synth/ulp_ii_level0_wire_ulp_s_irq_cu_00_1_interrupt_concat_0_0.v:53]
INFO: [Synth 8-6157] synthesizing module 'xlconcat_v2_1_5_xlconcat__parameterized0' [/home/ae_reviewer/TempGNN/build/baselines/rtga_timingfix_v3_hw/_x/link/vivado/vpl/prj/prj.gen/my_rm/bd/ulp/ipshared/147b/hdl/xlconcat_v2_1_vl_rfs.v:59]
INFO: [Synth 8-6155] done synthesizing module 'xlconcat_v2_1_5_xlconcat__parameterized0' (0#1) [/home/ae_reviewer/TempGNN/build/baselines/rtga_timingfix_v3_hw/_x/link/vivado/vpl/prj/prj.gen/my_rm/bd/ulp/ipshared/147b/hdl/xlconcat_v2_1_vl_rfs.v:59]
INFO: [Synth 8-6155] done synthesizing module 'ulp_ii_level0_wire_ulp_s_irq_cu_00_1_interrupt_concat_0_0' (0#1) [/home/ae_reviewer/TempGNN/build/baselines/rtga_timingfix_v3_hw/_x/link/vivado/vpl/prj/prj.gen/my_rm/bd/ulp/ip/ulp_ii_level0_wire_ulp_s_irq_cu_00_1_interrupt_concat_0_0/synth/ulp_ii_level0_wire_ulp_s_irq_cu_00_1_interrupt_concat_0_0.v:53]
INFO: [Synth 8-6157] synthesizing module 'ulp_ii_level0_wire_ulp_s_irq_cu_00_1_interrupt_concat_1_0' [/home/ae_reviewer/TempGNN/build/baselines/rtga_timingfix_v3_hw/_x/link/vivado/vpl/prj/prj.gen/my_rm/bd/ulp/ip/ulp_ii_level0_wire_ulp_s_irq_cu_00_1_interrupt_concat_1_0/synth/ulp_ii_level0_wire_ulp_s_irq_cu_00_1_interrupt_concat_1_0.v:53]
INFO: [Synth 8-6155] done synthesizing module 'ulp_ii_level0_wire_ulp_s_irq_cu_00_1_interrupt_concat_1_0' (0#1) [/home/ae_reviewer/TempGNN/build/baselines/rtga_timingfix_v3_hw/_x/link/vivado/vpl/prj/prj.gen/my_rm/bd/ulp/ip/ulp_ii_level0_wire_ulp_s_irq_cu_00_1_interrupt_concat_1_0/synth/ulp_ii_level0_wire_ulp_s_irq_cu_00_1_interrupt_concat_1_0.v:53]
INFO: [Synth 8-6157] synthesizing module 'ulp_ii_level0_wire_ulp_s_irq_cu_00_1_interrupt_concat_2_0' [/home/ae_reviewer/TempGNN/build/baselines/rtga_timingfix_v3_hw/_x/link/vivado/vpl/prj/prj.gen/my_rm/bd/ulp/ip/ulp_ii_level0_wire_ulp_s_irq_cu_00_1_interrupt_concat_2_0/synth/ulp_ii_level0_wire_ulp_s_irq_cu_00_1_interrupt_concat_2_0.v:53]
INFO: [Synth 8-6155] done synthesizing module 'ulp_ii_level0_wire_ulp_s_irq_cu_00_1_interrupt_concat_2_0' (0#1) [/home/ae_reviewer/TempGNN/build/baselines/rtga_timingfix_v3_hw/_x/link/vivado/vpl/prj/prj.gen/my_rm/bd/ulp/ip/ulp_ii_level0_wire_ulp_s_irq_cu_00_1_interrupt_concat_2_0/synth/ulp_ii_level0_wire_ulp_s_irq_cu_00_1_interrupt_concat_2_0.v:53]
INFO: [Synth 8-6157] synthesizing module 'ulp_ii_level0_wire_ulp_s_irq_cu_00_1_interrupt_concat_3_0' [/home/ae_reviewer/TempGNN/build/baselines/rtga_timingfix_v3_hw/_x/link/vivado/vpl/prj/prj.gen/my_rm/bd/ulp/ip/ulp_ii_level0_wire_ulp_s_irq_cu_00_1_interrupt_concat_3_0/synth/ulp_ii_level0_wire_ulp_s_irq_cu_00_1_interrupt_concat_3_0.v:53]
INFO: [Synth 8-6155] done synthesizing module 'ulp_ii_level0_wire_ulp_s_irq_cu_00_1_interrupt_concat_3_0' (0#1) [/home/ae_reviewer/TempGNN/build/baselines/rtga_timingfix_v3_hw/_x/link/vivado/vpl/prj/prj.gen/my_rm/bd/ulp/ip/ulp_ii_level0_wire_ulp_s_irq_cu_00_1_interrupt_concat_3_0/synth/ulp_ii_level0_wire_ulp_s_irq_cu_00_1_interrupt_concat_3_0.v:53]
INFO: [Synth 8-6157] synthesizing module 'ulp_irq_const_tieoff_0' [/home/ae_reviewer/TempGNN/build/baselines/rtga_timingfix_v3_hw/_x/link/vivado/vpl/prj/prj.gen/my_rm/bd/ulp/ip/ulp_irq_const_tieoff_0/synth/ulp_irq_const_tieoff_0.v:53]
INFO: [Synth 8-6157] synthesizing module 'xlconstant_v1_1_8_xlconstant' [/home/ae_reviewer/TempGNN/build/baselines/rtga_timingfix_v3_hw/_x/link/vivado/vpl/prj/prj.gen/my_rm/bd/ulp/ipshared/d390/hdl/xlconstant_v1_1_vl_rfs.v:68]
INFO: [Synth 8-6155] done synthesizing module 'xlconstant_v1_1_8_xlconstant' (0#1) [/home/ae_reviewer/TempGNN/build/baselines/rtga_timingfix_v3_hw/_x/link/vivado/vpl/prj/prj.gen/my_rm/bd/ulp/ipshared/d390/hdl/xlconstant_v1_1_vl_rfs.v:68]
INFO: [Synth 8-6155] done synthesizing module 'ulp_irq_const_tieoff_0' (0#1) [/home/ae_reviewer/TempGNN/build/baselines/rtga_timingfix_v3_hw/_x/link/vivado/vpl/prj/prj.gen/my_rm/bd/ulp/ip/ulp_irq_const_tieoff_0/synth/ulp_irq_const_tieoff_0.v:53]
INFO: [Synth 8-6157] synthesizing module 'ulp_proc_sys_reset_ctrl_slr0_0' [/home/ae_reviewer/TempGNN/build/baselines/rtga_timingfix_v3_hw/_x/link/vivado/vpl/prj/prj.runs/my_rm_synth_1/.Xil/Vivado-2260627-u280-ae-host/realtime/ulp_proc_sys_reset_ctrl_slr0_0_stub.v:6]
INFO: [Synth 8-6155] done synthesizing module 'ulp_proc_sys_reset_ctrl_slr0_0' (0#1) [/home/ae_reviewer/TempGNN/build/baselines/rtga_timingfix_v3_hw/_x/link/vivado/vpl/prj/prj.runs/my_rm_synth_1/.Xil/Vivado-2260627-u280-ae-host/realtime/ulp_proc_sys_reset_ctrl_slr0_0_stub.v:6]
WARNING: [Synth 8-7071] port 'mb_reset' of module 'ulp_proc_sys_reset_ctrl_slr0_0' is unconnected for instance 'proc_sys_reset_ctrl_slr0' [/home/ae_reviewer/TempGNN/build/baselines/rtga_timingfix_v3_hw/_x/link/vivado/vpl/prj/prj.gen/my_rm/bd/ulp/synth/ulp.v:5308]
WARNING: [Synth 8-7071] port 'bus_struct_reset' of module 'ulp_proc_sys_reset_ctrl_slr0_0' is unconnected for instance 'proc_sys_reset_ctrl_slr0' [/home/ae_reviewer/TempGNN/build/baselines/rtga_timingfix_v3_hw/_x/link/vivado/vpl/prj/prj.gen/my_rm/bd/ulp/synth/ulp.v:5308]
WARNING: [Synth 8-7071] port 'peripheral_reset' of module 'ulp_proc_sys_reset_ctrl_slr0_0' is unconnected for instance 'proc_sys_reset_ctrl_slr0' [/home/ae_reviewer/TempGNN/build/baselines/rtga_timingfix_v3_hw/_x/link/vivado/vpl/prj/prj.gen/my_rm/bd/ulp/synth/ulp.v:5308]
WARNING: [Synth 8-7071] port 'interconnect_aresetn' of module 'ulp_proc_sys_reset_ctrl_slr0_0' is unconnected for instance 'proc_sys_reset_ctrl_slr0' [/home/ae_reviewer/TempGNN/build/baselines/rtga_timingfix_v3_hw/_x/link/vivado/vpl/prj/prj.gen/my_rm/bd/ulp/synth/ulp.v:5308]
WARNING: [Synth 8-7023] instance 'proc_sys_reset_ctrl_slr0' of module 'ulp_proc_sys_reset_ctrl_slr0_0' has 10 connections declared, but only 6 given [/home/ae_reviewer/TempGNN/build/baselines/rtga_timingfix_v3_hw/_x/link/vivado/vpl/prj/prj.gen/my_rm/bd/ulp/synth/ulp.v:5308]
INFO: [Synth 8-6157] synthesizing module 'ulp_proc_sys_reset_ctrl_slr1_0' [/home/ae_reviewer/TempGNN/build/baselines/rtga_timingfix_v3_hw/_x/link/vivado/vpl/prj/prj.runs/my_rm_synth_1/.Xil/Vivado-2260627-u280-ae-host/realtime/ulp_proc_sys_reset_ctrl_slr1_0_stub.v:6]
INFO: [Synth 8-6155] done synthesizing module 'ulp_proc_sys_reset_ctrl_slr1_0' (0#1) [/home/ae_reviewer/TempGNN/build/baselines/rtga_timingfix_v3_hw/_x/link/vivado/vpl/prj/prj.runs/my_rm_synth_1/.Xil/Vivado-2260627-u280-ae-host/realtime/ulp_proc_sys_reset_ctrl_slr1_0_stub.v:6]
WARNING: [Synth 8-7071] port 'mb_reset' of module 'ulp_proc_sys_reset_ctrl_slr1_0' is unconnected for instance 'proc_sys_reset_ctrl_slr1' [/home/ae_reviewer/TempGNN/build/baselines/rtga_timingfix_v3_hw/_x/link/vivado/vpl/prj/prj.gen/my_rm/bd/ulp/synth/ulp.v:5315]
WARNING: [Synth 8-7071] port 'bus_struct_reset' of module 'ulp_proc_sys_reset_ctrl_slr1_0' is unconnected for instance 'proc_sys_reset_ctrl_slr1' [/home/ae_reviewer/TempGNN/build/baselines/rtga_timingfix_v3_hw/_x/link/vivado/vpl/prj/prj.gen/my_rm/bd/ulp/synth/ulp.v:5315]
WARNING: [Synth 8-7071] port 'interconnect_aresetn' of module 'ulp_proc_sys_reset_ctrl_slr1_0' is unconnected for instance 'proc_sys_reset_ctrl_slr1' [/home/ae_reviewer/TempGNN/build/baselines/rtga_timingfix_v3_hw/_x/link/vivado/vpl/prj/prj.gen/my_rm/bd/ulp/synth/ulp.v:5315]
WARNING: [Synth 8-7023] instance 'proc_sys_reset_ctrl_slr1' of module 'ulp_proc_sys_reset_ctrl_slr1_0' has 10 connections declared, but only 7 given [/home/ae_reviewer/TempGNN/build/baselines/rtga_timingfix_v3_hw/_x/link/vivado/vpl/prj/prj.gen/my_rm/bd/ulp/synth/ulp.v:5315]
INFO: [Synth 8-6157] synthesizing module 'ulp_proc_sys_reset_ctrl_slr2_0' [/home/ae_reviewer/TempGNN/build/baselines/rtga_timingfix_v3_hw/_x/link/vivado/vpl/prj/prj.runs/my_rm_synth_1/.Xil/Vivado-2260627-u280-ae-host/realtime/ulp_proc_sys_reset_ctrl_slr2_0_stub.v:6]
INFO: [Synth 8-6155] done synthesizing module 'ulp_proc_sys_reset_ctrl_slr2_0' (0#1) [/home/ae_reviewer/TempGNN/build/baselines/rtga_timingfix_v3_hw/_x/link/vivado/vpl/prj/prj.runs/my_rm_synth_1/.Xil/Vivado-2260627-u280-ae-host/realtime/ulp_proc_sys_reset_ctrl_slr2_0_stub.v:6]
WARNING: [Synth 8-7071] port 'mb_reset' of module 'ulp_proc_sys_reset_ctrl_slr2_0' is unconnected for instance 'proc_sys_reset_ctrl_slr2' [/home/ae_reviewer/TempGNN/build/baselines/rtga_timingfix_v3_hw/_x/link/vivado/vpl/prj/prj.gen/my_rm/bd/ulp/synth/ulp.v:5323]
WARNING: [Synth 8-7071] port 'bus_struct_reset' of module 'ulp_proc_sys_reset_ctrl_slr2_0' is unconnected for instance 'proc_sys_reset_ctrl_slr2' [/home/ae_reviewer/TempGNN/build/baselines/rtga_timingfix_v3_hw/_x/link/vivado/vpl/prj/prj.gen/my_rm/bd/ulp/synth/ulp.v:5323]
WARNING: [Synth 8-7071] port 'interconnect_aresetn' of module 'ulp_proc_sys_reset_ctrl_slr2_0' is unconnected for instance 'proc_sys_reset_ctrl_slr2' [/home/ae_reviewer/TempGNN/build/baselines/rtga_timingfix_v3_hw/_x/link/vivado/vpl/prj/prj.gen/my_rm/bd/ulp/synth/ulp.v:5323]
WARNING: [Synth 8-7023] instance 'proc_sys_reset_ctrl_slr2' of module 'ulp_proc_sys_reset_ctrl_slr2_0' has 10 connections declared, but only 7 given [/home/ae_reviewer/TempGNN/build/baselines/rtga_timingfix_v3_hw/_x/link/vivado/vpl/prj/prj.gen/my_rm/bd/ulp/synth/ulp.v:5323]
INFO: [Synth 8-6157] synthesizing module 'ulp_proc_sys_reset_freerun_slr0_0' [/home/ae_reviewer/TempGNN/build/baselines/rtga_timingfix_v3_hw/_x/link/vivado/vpl/prj/prj.runs/my_rm_synth_1/.Xil/Vivado-2260627-u280-ae-host/realtime/ulp_proc_sys_reset_freerun_slr0_0_stub.v:6]
INFO: [Synth 8-6155] done synthesizing module 'ulp_proc_sys_reset_freerun_slr0_0' (0#1) [/home/ae_reviewer/TempGNN/build/baselines/rtga_timingfix_v3_hw/_x/link/vivado/vpl/prj/prj.runs/my_rm_synth_1/.Xil/Vivado-2260627-u280-ae-host/realtime/ulp_proc_sys_reset_freerun_slr0_0_stub.v:6]
WARNING: [Synth 8-7071] port 'mb_reset' of module 'ulp_proc_sys_reset_freerun_slr0_0' is unconnected for instance 'proc_sys_reset_freerun_slr0' [/home/ae_reviewer/TempGNN/build/baselines/rtga_timingfix_v3_hw/_x/link/vivado/vpl/prj/prj.gen/my_rm/bd/ulp/synth/ulp.v:5331]
WARNING: [Synth 8-7071] port 'bus_struct_reset' of module 'ulp_proc_sys_reset_freerun_slr0_0' is unconnected for instance 'proc_sys_reset_freerun_slr0' [/home/ae_reviewer/TempGNN/build/baselines/rtga_timingfix_v3_hw/_x/link/vivado/vpl/prj/prj.gen/my_rm/bd/ulp/synth/ulp.v:5331]
WARNING: [Synth 8-7071] port 'interconnect_aresetn' of module 'ulp_proc_sys_reset_freerun_slr0_0' is unconnected for instance 'proc_sys_reset_freerun_slr0' [/home/ae_reviewer/TempGNN/build/baselines/rtga_timingfix_v3_hw/_x/link/vivado/vpl/prj/prj.gen/my_rm/bd/ulp/synth/ulp.v:5331]
WARNING: [Synth 8-7023] instance 'proc_sys_reset_freerun_slr0' of module 'ulp_proc_sys_reset_freerun_slr0_0' has 10 connections declared, but only 7 given [/home/ae_reviewer/TempGNN/build/baselines/rtga_timingfix_v3_hw/_x/link/vivado/vpl/prj/prj.gen/my_rm/bd/ulp/synth/ulp.v:5331]
WARNING: [Synth 8-4446] all outputs are unconnected for this instance and logic may be removed [/home/ae_reviewer/TempGNN/build/baselines/rtga_timingfix_v3_hw/_x/link/vivado/vpl/prj/prj.gen/my_rm/bd/ulp/synth/ulp.v:5339]
INFO: [Synth 8-6157] synthesizing module 'ulp_proc_sys_reset_freerun_slr1_0' [/home/ae_reviewer/TempGNN/build/baselines/rtga_timingfix_v3_hw/_x/link/vivado/vpl/prj/prj.runs/my_rm_synth_1/.Xil/Vivado-2260627-u280-ae-host/realtime/ulp_proc_sys_reset_freerun_slr1_0_stub.v:6]
INFO: [Synth 8-6155] done synthesizing module 'ulp_proc_sys_reset_freerun_slr1_0' (0#1) [/home/ae_reviewer/TempGNN/build/baselines/rtga_timingfix_v3_hw/_x/link/vivado/vpl/prj/prj.runs/my_rm_synth_1/.Xil/Vivado-2260627-u280-ae-host/realtime/ulp_proc_sys_reset_freerun_slr1_0_stub.v:6]
WARNING: [Synth 8-7071] port 'mb_reset' of module 'ulp_proc_sys_reset_freerun_slr1_0' is unconnected for instance 'proc_sys_reset_freerun_slr1' [/home/ae_reviewer/TempGNN/build/baselines/rtga_timingfix_v3_hw/_x/link/vivado/vpl/prj/prj.gen/my_rm/bd/ulp/synth/ulp.v:5339]
WARNING: [Synth 8-7071] port 'bus_struct_reset' of module 'ulp_proc_sys_reset_freerun_slr1_0' is unconnected for instance 'proc_sys_reset_freerun_slr1' [/home/ae_reviewer/TempGNN/build/baselines/rtga_timingfix_v3_hw/_x/link/vivado/vpl/prj/prj.gen/my_rm/bd/ulp/synth/ulp.v:5339]
WARNING: [Synth 8-7071] port 'peripheral_reset' of module 'ulp_proc_sys_reset_freerun_slr1_0' is unconnected for instance 'proc_sys_reset_freerun_slr1' [/home/ae_reviewer/TempGNN/build/baselines/rtga_timingfix_v3_hw/_x/link/vivado/vpl/prj/prj.gen/my_rm/bd/ulp/synth/ulp.v:5339]
WARNING: [Synth 8-7071] port 'interconnect_aresetn' of module 'ulp_proc_sys_reset_freerun_slr1_0' is unconnected for instance 'proc_sys_reset_freerun_slr1' [/home/ae_reviewer/TempGNN/build/baselines/rtga_timingfix_v3_hw/_x/link/vivado/vpl/prj/prj.gen/my_rm/bd/ulp/synth/ulp.v:5339]
WARNING: [Synth 8-7071] port 'peripheral_aresetn' of module 'ulp_proc_sys_reset_freerun_slr1_0' is unconnected for instance 'proc_sys_reset_freerun_slr1' [/home/ae_reviewer/TempGNN/build/baselines/rtga_timingfix_v3_hw/_x/link/vivado/vpl/prj/prj.gen/my_rm/bd/ulp/synth/ulp.v:5339]
WARNING: [Synth 8-7023] instance 'proc_sys_reset_freerun_slr1' of module 'ulp_proc_sys_reset_freerun_slr1_0' has 10 connections declared, but only 5 given [/home/ae_reviewer/TempGNN/build/baselines/rtga_timingfix_v3_hw/_x/link/vivado/vpl/prj/prj.gen/my_rm/bd/ulp/synth/ulp.v:5339]
WARNING: [Synth 8-4446] all outputs are unconnected for this instance and logic may be removed [/home/ae_reviewer/TempGNN/build/baselines/rtga_timingfix_v3_hw/_x/link/vivado/vpl/prj/prj.gen/my_rm/bd/ulp/synth/ulp.v:5345]
INFO: [Synth 8-6157] synthesizing module 'ulp_proc_sys_reset_freerun_slr2_0' [/home/ae_reviewer/TempGNN/build/baselines/rtga_timingfix_v3_hw/_x/link/vivado/vpl/prj/prj.runs/my_rm_synth_1/.Xil/Vivado-2260627-u280-ae-host/realtime/ulp_proc_sys_reset_freerun_slr2_0_stub.v:6]
INFO: [Synth 8-6155] done synthesizing module 'ulp_proc_sys_reset_freerun_slr2_0' (0#1) [/home/ae_reviewer/TempGNN/build/baselines/rtga_timingfix_v3_hw/_x/link/vivado/vpl/prj/prj.runs/my_rm_synth_1/.Xil/Vivado-2260627-u280-ae-host/realtime/ulp_proc_sys_reset_freerun_slr2_0_stub.v:6]
WARNING: [Synth 8-7071] port 'mb_reset' of module 'ulp_proc_sys_reset_freerun_slr2_0' is unconnected for instance 'proc_sys_reset_freerun_slr2' [/home/ae_reviewer/TempGNN/build/baselines/rtga_timingfix_v3_hw/_x/link/vivado/vpl/prj/prj.gen/my_rm/bd/ulp/synth/ulp.v:5345]
WARNING: [Synth 8-7071] port 'bus_struct_reset' of module 'ulp_proc_sys_reset_freerun_slr2_0' is unconnected for instance 'proc_sys_reset_freerun_slr2' [/home/ae_reviewer/TempGNN/build/baselines/rtga_timingfix_v3_hw/_x/link/vivado/vpl/prj/prj.gen/my_rm/bd/ulp/synth/ulp.v:5345]
WARNING: [Synth 8-7071] port 'peripheral_reset' of module 'ulp_proc_sys_reset_freerun_slr2_0' is unconnected for instance 'proc_sys_reset_freerun_slr2' [/home/ae_reviewer/TempGNN/build/baselines/rtga_timingfix_v3_hw/_x/link/vivado/vpl/prj/prj.gen/my_rm/bd/ulp/synth/ulp.v:5345]
WARNING: [Synth 8-7071] port 'interconnect_aresetn' of module 'ulp_proc_sys_reset_freerun_slr2_0' is unconnected for instance 'proc_sys_reset_freerun_slr2' [/home/ae_reviewer/TempGNN/build/baselines/rtga_timingfix_v3_hw/_x/link/vivado/vpl/prj/prj.gen/my_rm/bd/ulp/synth/ulp.v:5345]
WARNING: [Synth 8-7071] port 'peripheral_aresetn' of module 'ulp_proc_sys_reset_freerun_slr2_0' is unconnected for instance 'proc_sys_reset_freerun_slr2' [/home/ae_reviewer/TempGNN/build/baselines/rtga_timingfix_v3_hw/_x/link/vivado/vpl/prj/prj.gen/my_rm/bd/ulp/synth/ulp.v:5345]
WARNING: [Synth 8-7023] instance 'proc_sys_reset_freerun_slr2' of module 'ulp_proc_sys_reset_freerun_slr2_0' has 10 connections declared, but only 5 given [/home/ae_reviewer/TempGNN/build/baselines/rtga_timingfix_v3_hw/_x/link/vivado/vpl/prj/prj.gen/my_rm/bd/ulp/synth/ulp.v:5345]
INFO: [Synth 8-6157] synthesizing module 'ulp_proc_sys_reset_kernel2_slr0_0' [/home/ae_reviewer/TempGNN/build/baselines/rtga_timingfix_v3_hw/_x/link/vivado/vpl/prj/prj.runs/my_rm_synth_1/.Xil/Vivado-2260627-u280-ae-host/realtime/ulp_proc_sys_reset_kernel2_slr0_0_stub.v:6]
INFO: [Synth 8-6155] done synthesizing module 'ulp_proc_sys_reset_kernel2_slr0_0' (0#1) [/home/ae_reviewer/TempGNN/build/baselines/rtga_timingfix_v3_hw/_x/link/vivado/vpl/prj/prj.runs/my_rm_synth_1/.Xil/Vivado-2260627-u280-ae-host/realtime/ulp_proc_sys_reset_kernel2_slr0_0_stub.v:6]
WARNING: [Synth 8-7071] port 'mb_reset' of module 'ulp_proc_sys_reset_kernel2_slr0_0' is unconnected for instance 'proc_sys_reset_kernel2_slr0' [/home/ae_reviewer/TempGNN/build/baselines/rtga_timingfix_v3_hw/_x/link/vivado/vpl/prj/prj.gen/my_rm/bd/ulp/synth/ulp.v:5351]
WARNING: [Synth 8-7071] port 'bus_struct_reset' of module 'ulp_proc_sys_reset_kernel2_slr0_0' is unconnected for instance 'proc_sys_reset_kernel2_slr0' [/home/ae_reviewer/TempGNN/build/baselines/rtga_timingfix_v3_hw/_x/link/vivado/vpl/prj/prj.gen/my_rm/bd/ulp/synth/ulp.v:5351]
WARNING: [Synth 8-7071] port 'peripheral_reset' of module 'ulp_proc_sys_reset_kernel2_slr0_0' is unconnected for instance 'proc_sys_reset_kernel2_slr0' [/home/ae_reviewer/TempGNN/build/baselines/rtga_timingfix_v3_hw/_x/link/vivado/vpl/prj/prj.gen/my_rm/bd/ulp/synth/ulp.v:5351]
WARNING: [Synth 8-7071] port 'interconnect_aresetn' of module 'ulp_proc_sys_reset_kernel2_slr0_0' is unconnected for instance 'proc_sys_reset_kernel2_slr0' [/home/ae_reviewer/TempGNN/build/baselines/rtga_timingfix_v3_hw/_x/link/vivado/vpl/prj/prj.gen/my_rm/bd/ulp/synth/ulp.v:5351]
WARNING: [Synth 8-7023] instance 'proc_sys_reset_kernel2_slr0' of module 'ulp_proc_sys_reset_kernel2_slr0_0' has 10 connections declared, but only 6 given [/home/ae_reviewer/TempGNN/build/baselines/rtga_timingfix_v3_hw/_x/link/vivado/vpl/prj/prj.gen/my_rm/bd/ulp/synth/ulp.v:5351]
INFO: [Synth 8-6157] synthesizing module 'ulp_proc_sys_reset_kernel2_slr1_0' [/home/ae_reviewer/TempGNN/build/baselines/rtga_timingfix_v3_hw/_x/link/vivado/vpl/prj/prj.runs/my_rm_synth_1/.Xil/Vivado-2260627-u280-ae-host/realtime/ulp_proc_sys_reset_kernel2_slr1_0_stub.v:6]
INFO: [Synth 8-6155] done synthesizing module 'ulp_proc_sys_reset_kernel2_slr1_0' (0#1) [/home/ae_reviewer/TempGNN/build/baselines/rtga_timingfix_v3_hw/_x/link/vivado/vpl/prj/prj.runs/my_rm_synth_1/.Xil/Vivado-2260627-u280-ae-host/realtime/ulp_proc_sys_reset_kernel2_slr1_0_stub.v:6]
WARNING: [Synth 8-7071] port 'mb_reset' of module 'ulp_proc_sys_reset_kernel2_slr1_0' is unconnected for instance 'proc_sys_reset_kernel2_slr1' [/home/ae_reviewer/TempGNN/build/baselines/rtga_timingfix_v3_hw/_x/link/vivado/vpl/prj/prj.gen/my_rm/bd/ulp/synth/ulp.v:5358]
WARNING: [Synth 8-7071] port 'bus_struct_reset' of module 'ulp_proc_sys_reset_kernel2_slr1_0' is unconnected for instance 'proc_sys_reset_kernel2_slr1' [/home/ae_reviewer/TempGNN/build/baselines/rtga_timingfix_v3_hw/_x/link/vivado/vpl/prj/prj.gen/my_rm/bd/ulp/synth/ulp.v:5358]
WARNING: [Synth 8-7071] port 'peripheral_reset' of module 'ulp_proc_sys_reset_kernel2_slr1_0' is unconnected for instance 'proc_sys_reset_kernel2_slr1' [/home/ae_reviewer/TempGNN/build/baselines/rtga_timingfix_v3_hw/_x/link/vivado/vpl/prj/prj.gen/my_rm/bd/ulp/synth/ulp.v:5358]
WARNING: [Synth 8-7071] port 'interconnect_aresetn' of module 'ulp_proc_sys_reset_kernel2_slr1_0' is unconnected for instance 'proc_sys_reset_kernel2_slr1' [/home/ae_reviewer/TempGNN/build/baselines/rtga_timingfix_v3_hw/_x/link/vivado/vpl/prj/prj.gen/my_rm/bd/ulp/synth/ulp.v:5358]
WARNING: [Synth 8-7023] instance 'proc_sys_reset_kernel2_slr1' of module 'ulp_proc_sys_reset_kernel2_slr1_0' has 10 connections declared, but only 6 given [/home/ae_reviewer/TempGNN/build/baselines/rtga_timingfix_v3_hw/_x/link/vivado/vpl/prj/prj.gen/my_rm/bd/ulp/synth/ulp.v:5358]
INFO: [Synth 8-6157] synthesizing module 'ulp_proc_sys_reset_kernel2_slr2_0' [/home/ae_reviewer/TempGNN/build/baselines/rtga_timingfix_v3_hw/_x/link/vivado/vpl/prj/prj.runs/my_rm_synth_1/.Xil/Vivado-2260627-u280-ae-host/realtime/ulp_proc_sys_reset_kernel2_slr2_0_stub.v:6]
INFO: [Synth 8-6155] done synthesizing module 'ulp_proc_sys_reset_kernel2_slr2_0' (0#1) [/home/ae_reviewer/TempGNN/build/baselines/rtga_timingfix_v3_hw/_x/link/vivado/vpl/prj/prj.runs/my_rm_synth_1/.Xil/Vivado-2260627-u280-ae-host/realtime/ulp_proc_sys_reset_kernel2_slr2_0_stub.v:6]
WARNING: [Synth 8-7071] port 'mb_reset' of module 'ulp_proc_sys_reset_kernel2_slr2_0' is unconnected for instance 'proc_sys_reset_kernel2_slr2' [/home/ae_reviewer/TempGNN/build/baselines/rtga_timingfix_v3_hw/_x/link/vivado/vpl/prj/prj.gen/my_rm/bd/ulp/synth/ulp.v:5365]
WARNING: [Synth 8-7071] port 'bus_struct_reset' of module 'ulp_proc_sys_reset_kernel2_slr2_0' is unconnected for instance 'proc_sys_reset_kernel2_slr2' [/home/ae_reviewer/TempGNN/build/baselines/rtga_timingfix_v3_hw/_x/link/vivado/vpl/prj/prj.gen/my_rm/bd/ulp/synth/ulp.v:5365]
WARNING: [Synth 8-7071] port 'peripheral_reset' of module 'ulp_proc_sys_reset_kernel2_slr2_0' is unconnected for instance 'proc_sys_reset_kernel2_slr2' [/home/ae_reviewer/TempGNN/build/baselines/rtga_timingfix_v3_hw/_x/link/vivado/vpl/prj/prj.gen/my_rm/bd/ulp/synth/ulp.v:5365]
WARNING: [Synth 8-7071] port 'interconnect_aresetn' of module 'ulp_proc_sys_reset_kernel2_slr2_0' is unconnected for instance 'proc_sys_reset_kernel2_slr2' [/home/ae_reviewer/TempGNN/build/baselines/rtga_timingfix_v3_hw/_x/link/vivado/vpl/prj/prj.gen/my_rm/bd/ulp/synth/ulp.v:5365]
WARNING: [Synth 8-7023] instance 'proc_sys_reset_kernel2_slr2' of module 'ulp_proc_sys_reset_kernel2_slr2_0' has 10 connections declared, but only 6 given [/home/ae_reviewer/TempGNN/build/baselines/rtga_timingfix_v3_hw/_x/link/vivado/vpl/prj/prj.gen/my_rm/bd/ulp/synth/ulp.v:5365]
INFO: [Synth 8-6157] synthesizing module 'ulp_proc_sys_reset_kernel_slr0_0' [/home/ae_reviewer/TempGNN/build/baselines/rtga_timingfix_v3_hw/_x/link/vivado/vpl/prj/prj.runs/my_rm_synth_1/.Xil/Vivado-2260627-u280-ae-host/realtime/ulp_proc_sys_reset_kernel_slr0_0_stub.v:6]
INFO: [Synth 8-6155] done synthesizing module 'ulp_proc_sys_reset_kernel_slr0_0' (0#1) [/home/ae_reviewer/TempGNN/build/baselines/rtga_timingfix_v3_hw/_x/link/vivado/vpl/prj/prj.runs/my_rm_synth_1/.Xil/Vivado-2260627-u280-ae-host/realtime/ulp_proc_sys_reset_kernel_slr0_0_stub.v:6]
WARNING: [Synth 8-7071] port 'mb_reset' of module 'ulp_proc_sys_reset_kernel_slr0_0' is unconnected for instance 'proc_sys_reset_kernel_slr0' [/home/ae_reviewer/TempGNN/build/baselines/rtga_timingfix_v3_hw/_x/link/vivado/vpl/prj/prj.gen/my_rm/bd/ulp/synth/ulp.v:5372]
WARNING: [Synth 8-7071] port 'bus_struct_reset' of module 'ulp_proc_sys_reset_kernel_slr0_0' is unconnected for instance 'proc_sys_reset_kernel_slr0' [/home/ae_reviewer/TempGNN/build/baselines/rtga_timingfix_v3_hw/_x/link/vivado/vpl/prj/prj.gen/my_rm/bd/ulp/synth/ulp.v:5372]
WARNING: [Synth 8-7071] port 'peripheral_reset' of module 'ulp_proc_sys_reset_kernel_slr0_0' is unconnected for instance 'proc_sys_reset_kernel_slr0' [/home/ae_reviewer/TempGNN/build/baselines/rtga_timingfix_v3_hw/_x/link/vivado/vpl/prj/prj.gen/my_rm/bd/ulp/synth/ulp.v:5372]
WARNING: [Synth 8-7071] port 'interconnect_aresetn' of module 'ulp_proc_sys_reset_kernel_slr0_0' is unconnected for instance 'proc_sys_reset_kernel_slr0' [/home/ae_reviewer/TempGNN/build/baselines/rtga_timingfix_v3_hw/_x/link/vivado/vpl/prj/prj.gen/my_rm/bd/ulp/synth/ulp.v:5372]
WARNING: [Synth 8-7023] instance 'proc_sys_reset_kernel_slr0' of module 'ulp_proc_sys_reset_kernel_slr0_0' has 10 connections declared, but only 6 given [/home/ae_reviewer/TempGNN/build/baselines/rtga_timingfix_v3_hw/_x/link/vivado/vpl/prj/prj.gen/my_rm/bd/ulp/synth/ulp.v:5372]
INFO: [Synth 8-6157] synthesizing module 'ulp_proc_sys_reset_kernel_slr1_0' [/home/ae_reviewer/TempGNN/build/baselines/rtga_timingfix_v3_hw/_x/link/vivado/vpl/prj/prj.runs/my_rm_synth_1/.Xil/Vivado-2260627-u280-ae-host/realtime/ulp_proc_sys_reset_kernel_slr1_0_stub.v:6]
INFO: [Synth 8-6155] done synthesizing module 'ulp_proc_sys_reset_kernel_slr1_0' (0#1) [/home/ae_reviewer/TempGNN/build/baselines/rtga_timingfix_v3_hw/_x/link/vivado/vpl/prj/prj.runs/my_rm_synth_1/.Xil/Vivado-2260627-u280-ae-host/realtime/ulp_proc_sys_reset_kernel_slr1_0_stub.v:6]
WARNING: [Synth 8-7071] port 'mb_reset' of module 'ulp_proc_sys_reset_kernel_slr1_0' is unconnected for instance 'proc_sys_reset_kernel_slr1' [/home/ae_reviewer/TempGNN/build/baselines/rtga_timingfix_v3_hw/_x/link/vivado/vpl/prj/prj.gen/my_rm/bd/ulp/synth/ulp.v:5379]
WARNING: [Synth 8-7071] port 'bus_struct_reset' of module 'ulp_proc_sys_reset_kernel_slr1_0' is unconnected for instance 'proc_sys_reset_kernel_slr1' [/home/ae_reviewer/TempGNN/build/baselines/rtga_timingfix_v3_hw/_x/link/vivado/vpl/prj/prj.gen/my_rm/bd/ulp/synth/ulp.v:5379]
WARNING: [Synth 8-7071] port 'peripheral_reset' of module 'ulp_proc_sys_reset_kernel_slr1_0' is unconnected for instance 'proc_sys_reset_kernel_slr1' [/home/ae_reviewer/TempGNN/build/baselines/rtga_timingfix_v3_hw/_x/link/vivado/vpl/prj/prj.gen/my_rm/bd/ulp/synth/ulp.v:5379]
WARNING: [Synth 8-7071] port 'interconnect_aresetn' of module 'ulp_proc_sys_reset_kernel_slr1_0' is unconnected for instance 'proc_sys_reset_kernel_slr1' [/home/ae_reviewer/TempGNN/build/baselines/rtga_timingfix_v3_hw/_x/link/vivado/vpl/prj/prj.gen/my_rm/bd/ulp/synth/ulp.v:5379]
WARNING: [Synth 8-7023] instance 'proc_sys_reset_kernel_slr1' of module 'ulp_proc_sys_reset_kernel_slr1_0' has 10 connections declared, but only 6 given [/home/ae_reviewer/TempGNN/build/baselines/rtga_timingfix_v3_hw/_x/link/vivado/vpl/prj/prj.gen/my_rm/bd/ulp/synth/ulp.v:5379]
INFO: [Synth 8-6157] synthesizing module 'ulp_proc_sys_reset_kernel_slr2_0' [/home/ae_reviewer/TempGNN/build/baselines/rtga_timingfix_v3_hw/_x/link/vivado/vpl/prj/prj.runs/my_rm_synth_1/.Xil/Vivado-2260627-u280-ae-host/realtime/ulp_proc_sys_reset_kernel_slr2_0_stub.v:6]
INFO: [Synth 8-6155] done synthesizing module 'ulp_proc_sys_reset_kernel_slr2_0' (0#1) [/home/ae_reviewer/TempGNN/build/baselines/rtga_timingfix_v3_hw/_x/link/vivado/vpl/prj/prj.runs/my_rm_synth_1/.Xil/Vivado-2260627-u280-ae-host/realtime/ulp_proc_sys_reset_kernel_slr2_0_stub.v:6]
WARNING: [Synth 8-7071] port 'mb_reset' of module 'ulp_proc_sys_reset_kernel_slr2_0' is unconnected for instance 'proc_sys_reset_kernel_slr2' [/home/ae_reviewer/TempGNN/build/baselines/rtga_timingfix_v3_hw/_x/link/vivado/vpl/prj/prj.gen/my_rm/bd/ulp/synth/ulp.v:5386]
WARNING: [Synth 8-7071] port 'bus_struct_reset' of module 'ulp_proc_sys_reset_kernel_slr2_0' is unconnected for instance 'proc_sys_reset_kernel_slr2' [/home/ae_reviewer/TempGNN/build/baselines/rtga_timingfix_v3_hw/_x/link/vivado/vpl/prj/prj.gen/my_rm/bd/ulp/synth/ulp.v:5386]
INFO: [Common 17-14] Message 'Synth 8-7071' appears 100 times and further instances of the messages will be disabled. Use the Tcl command set_msg_config to change the current settings.
WARNING: [Synth 8-7023] instance 'proc_sys_reset_kernel_slr2' of module 'ulp_proc_sys_reset_kernel_slr2_0' has 10 connections declared, but only 6 given [/home/ae_reviewer/TempGNN/build/baselines/rtga_timingfix_v3_hw/_x/link/vivado/vpl/prj/prj.gen/my_rm/bd/ulp/synth/ulp.v:5386]
INFO: [Synth 8-6157] synthesizing module 'ulp_rst_clk_wiz_225M_0' [/home/ae_reviewer/TempGNN/build/baselines/rtga_timingfix_v3_hw/_x/link/vivado/vpl/prj/prj.runs/my_rm_synth_1/.Xil/Vivado-2260627-u280-ae-host/realtime/ulp_rst_clk_wiz_225M_0_stub.v:6]
INFO: [Synth 8-6155] done synthesizing module 'ulp_rst_clk_wiz_225M_0' (0#1) [/home/ae_reviewer/TempGNN/build/baselines/rtga_timingfix_v3_hw/_x/link/vivado/vpl/prj/prj.runs/my_rm_synth_1/.Xil/Vivado-2260627-u280-ae-host/realtime/ulp_rst_clk_wiz_225M_0_stub.v:6]
WARNING: [Synth 8-7023] instance 'rst_clk_wiz_225M' of module 'ulp_rst_clk_wiz_225M_0' has 10 connections declared, but only 6 given [/home/ae_reviewer/TempGNN/build/baselines/rtga_timingfix_v3_hw/_x/link/vivado/vpl/prj/prj.gen/my_rm/bd/ulp/synth/ulp.v:5393]
INFO: [Synth 8-6157] synthesizing module 'ulp_rtga_kernel_1_0' [/home/ae_reviewer/TempGNN/build/baselines/rtga_timingfix_v3_hw/_x/link/vivado/vpl/prj/prj.runs/my_rm_synth_1/.Xil/Vivado-2260627-u280-ae-host/realtime/ulp_rtga_kernel_1_0_stub.v:6]
INFO: [Synth 8-6155] done synthesizing module 'ulp_rtga_kernel_1_0' (0#1) [/home/ae_reviewer/TempGNN/build/baselines/rtga_timingfix_v3_hw/_x/link/vivado/vpl/prj/prj.runs/my_rm_synth_1/.Xil/Vivado-2260627-u280-ae-host/realtime/ulp_rtga_kernel_1_0_stub.v:6]
WARNING: [Synth 8-7023] instance 'rtga_kernel_1' of module 'ulp_rtga_kernel_1_0' has 540 connections declared, but only 314 given [/home/ae_reviewer/TempGNN/build/baselines/rtga_timingfix_v3_hw/_x/link/vivado/vpl/prj/prj.gen/my_rm/bd/ulp/synth/ulp.v:5403]
INFO: [Synth 8-6157] synthesizing module 'ulp_satellite_gpio_slice_1_0' [/home/ae_reviewer/TempGNN/build/baselines/rtga_timingfix_v3_hw/_x/link/vivado/vpl/prj/prj.gen/my_rm/bd/ulp/ip/ulp_satellite_gpio_slice_1_0/synth/ulp_satellite_gpio_slice_1_0.v:53]
INFO: [Synth 8-6157] synthesizing module 'xlslice_v1_0_3_xlslice' [/home/ae_reviewer/TempGNN/build/baselines/rtga_timingfix_v3_hw/_x/link/vivado/vpl/prj/prj.gen/my_rm/bd/ulp/ipshared/217a/hdl/xlslice_v1_0_vl_rfs.v:58]
INFO: [Synth 8-6155] done synthesizing module 'xlslice_v1_0_3_xlslice' (0#1) [/home/ae_reviewer/TempGNN/build/baselines/rtga_timingfix_v3_hw/_x/link/vivado/vpl/prj/prj.gen/my_rm/bd/ulp/ipshared/217a/hdl/xlslice_v1_0_vl_rfs.v:58]
INFO: [Synth 8-6155] done synthesizing module 'ulp_satellite_gpio_slice_1_0' (0#1) [/home/ae_reviewer/TempGNN/build/baselines/rtga_timingfix_v3_hw/_x/link/vivado/vpl/prj/prj.gen/my_rm/bd/ulp/ip/ulp_satellite_gpio_slice_1_0/synth/ulp_satellite_gpio_slice_1_0.v:53]
INFO: [Synth 8-6157] synthesizing module 'ulp_ulp_cmp_0' [/home/ae_reviewer/TempGNN/build/baselines/rtga_timingfix_v3_hw/_x/link/vivado/vpl/prj/prj.runs/my_rm_synth_1/.Xil/Vivado-2260627-u280-ae-host/realtime/ulp_ulp_cmp_0_stub.v:6]
INFO: [Synth 8-6155] done synthesizing module 'ulp_ulp_cmp_0' (0#1) [/home/ae_reviewer/TempGNN/build/baselines/rtga_timingfix_v3_hw/_x/link/vivado/vpl/prj/prj.runs/my_rm_synth_1/.Xil/Vivado-2260627-u280-ae-host/realtime/ulp_ulp_cmp_0_stub.v:6]
INFO: [Synth 8-6157] synthesizing module 'ulp_ulp_ucs_0' [/home/ae_reviewer/TempGNN/build/baselines/rtga_timingfix_v3_hw/_x/link/vivado/vpl/prj/prj.runs/my_rm_synth_1/.Xil/Vivado-2260627-u280-ae-host/realtime/ulp_ulp_ucs_0_stub.v:6]
INFO: [Synth 8-6155] done synthesizing module 'ulp_ulp_ucs_0' (0#1) [/home/ae_reviewer/TempGNN/build/baselines/rtga_timingfix_v3_hw/_x/link/vivado/vpl/prj/prj.runs/my_rm_synth_1/.Xil/Vivado-2260627-u280-ae-host/realtime/ulp_ulp_ucs_0_stub.v:6]
INFO: [Synth 8-6155] done synthesizing module 'ulp' (0#1) [/home/ae_reviewer/TempGNN/build/baselines/rtga_timingfix_v3_hw/_x/link/vivado/vpl/prj/prj.gen/my_rm/bd/ulp/synth/ulp.v:2994]
WARNING: [Synth 8-3848] Net io_ddr4_00_act_n in module/entity ulp does not have driver. [/home/ae_reviewer/TempGNN/build/baselines/rtga_timingfix_v3_hw/_x/link/vivado/vpl/prj/prj.gen/my_rm/bd/ulp/synth/ulp.v:3410]
WARNING: [Synth 8-3848] Net io_ddr4_00_adr in module/entity ulp does not have driver. [/home/ae_reviewer/TempGNN/build/baselines/rtga_timingfix_v3_hw/_x/link/vivado/vpl/prj/prj.gen/my_rm/bd/ulp/synth/ulp.v:3411]
WARNING: [Synth 8-3848] Net io_ddr4_00_ba in module/entity ulp does not have driver. [/home/ae_reviewer/TempGNN/build/baselines/rtga_timingfix_v3_hw/_x/link/vivado/vpl/prj/prj.gen/my_rm/bd/ulp/synth/ulp.v:3412]
WARNING: [Synth 8-3848] Net io_ddr4_00_bg in module/entity ulp does not have driver. [/home/ae_reviewer/TempGNN/build/baselines/rtga_timingfix_v3_hw/_x/link/vivado/vpl/prj/prj.gen/my_rm/bd/ulp/synth/ulp.v:3413]
WARNING: [Synth 8-3848] Net io_ddr4_00_ck_c in module/entity ulp does not have driver. [/home/ae_reviewer/TempGNN/build/baselines/rtga_timingfix_v3_hw/_x/link/vivado/vpl/prj/prj.gen/my_rm/bd/ulp/synth/ulp.v:3414]
WARNING: [Synth 8-3848] Net io_ddr4_00_ck_t in module/entity ulp does not have driver. [/home/ae_reviewer/TempGNN/build/baselines/rtga_timingfix_v3_hw/_x/link/vivado/vpl/prj/prj.gen/my_rm/bd/ulp/synth/ulp.v:3415]
WARNING: [Synth 8-3848] Net io_ddr4_00_cke in module/entity ulp does not have driver. [/home/ae_reviewer/TempGNN/build/baselines/rtga_timingfix_v3_hw/_x/link/vivado/vpl/prj/prj.gen/my_rm/bd/ulp/synth/ulp.v:3416]
WARNING: [Synth 8-3848] Net io_ddr4_00_cs_n in module/entity ulp does not have driver. [/home/ae_reviewer/TempGNN/build/baselines/rtga_timingfix_v3_hw/_x/link/vivado/vpl/prj/prj.gen/my_rm/bd/ulp/synth/ulp.v:3417]
WARNING: [Synth 8-3848] Net io_ddr4_00_odt in module/entity ulp does not have driver. [/home/ae_reviewer/TempGNN/build/baselines/rtga_timingfix_v3_hw/_x/link/vivado/vpl/prj/prj.gen/my_rm/bd/ulp/synth/ulp.v:3421]
WARNING: [Synth 8-3848] Net io_ddr4_00_par in module/entity ulp does not have driver. [/home/ae_reviewer/TempGNN/build/baselines/rtga_timingfix_v3_hw/_x/link/vivado/vpl/prj/prj.gen/my_rm/bd/ulp/synth/ulp.v:3422]
WARNING: [Synth 8-3848] Net io_ddr4_00_reset_n in module/entity ulp does not have driver. [/home/ae_reviewer/TempGNN/build/baselines/rtga_timingfix_v3_hw/_x/link/vivado/vpl/prj/prj.gen/my_rm/bd/ulp/synth/ulp.v:3423]
WARNING: [Synth 8-3848] Net io_ddr4_01_act_n in module/entity ulp does not have driver. [/home/ae_reviewer/TempGNN/build/baselines/rtga_timingfix_v3_hw/_x/link/vivado/vpl/prj/prj.gen/my_rm/bd/ulp/synth/ulp.v:3424]
WARNING: [Synth 8-3848] Net io_ddr4_01_adr in module/entity ulp does not have driver. [/home/ae_reviewer/TempGNN/build/baselines/rtga_timingfix_v3_hw/_x/link/vivado/vpl/prj/prj.gen/my_rm/bd/ulp/synth/ulp.v:3425]
WARNING: [Synth 8-3848] Net io_ddr4_01_ba in module/entity ulp does not have driver. [/home/ae_reviewer/TempGNN/build/baselines/rtga_timingfix_v3_hw/_x/link/vivado/vpl/prj/prj.gen/my_rm/bd/ulp/synth/ulp.v:3426]
WARNING: [Synth 8-3848] Net io_ddr4_01_bg in module/entity ulp does not have driver. [/home/ae_reviewer/TempGNN/build/baselines/rtga_timingfix_v3_hw/_x/link/vivado/vpl/prj/prj.gen/my_rm/bd/ulp/synth/ulp.v:3427]
WARNING: [Synth 8-3848] Net io_ddr4_01_ck_c in module/entity ulp does not have driver. [/home/ae_reviewer/TempGNN/build/baselines/rtga_timingfix_v3_hw/_x/link/vivado/vpl/prj/prj.gen/my_rm/bd/ulp/synth/ulp.v:3428]
WARNING: [Synth 8-3848] Net io_ddr4_01_ck_t in module/entity ulp does not have driver. [/home/ae_reviewer/TempGNN/build/baselines/rtga_timingfix_v3_hw/_x/link/vivado/vpl/prj/prj.gen/my_rm/bd/ulp/synth/ulp.v:3429]
WARNING: [Synth 8-3848] Net io_ddr4_01_cke in module/entity ulp does not have driver. [/home/ae_reviewer/TempGNN/build/baselines/rtga_timingfix_v3_hw/_x/link/vivado/vpl/prj/prj.gen/my_rm/bd/ulp/synth/ulp.v:3430]
WARNING: [Synth 8-3848] Net io_ddr4_01_cs_n in module/entity ulp does not have driver. [/home/ae_reviewer/TempGNN/build/baselines/rtga_timingfix_v3_hw/_x/link/vivado/vpl/prj/prj.gen/my_rm/bd/ulp/synth/ulp.v:3431]
WARNING: [Synth 8-3848] Net io_ddr4_01_odt in module/entity ulp does not have driver. [/home/ae_reviewer/TempGNN/build/baselines/rtga_timingfix_v3_hw/_x/link/vivado/vpl/prj/prj.gen/my_rm/bd/ulp/synth/ulp.v:3435]
WARNING: [Synth 8-3848] Net io_ddr4_01_par in module/entity ulp does not have driver. [/home/ae_reviewer/TempGNN/build/baselines/rtga_timingfix_v3_hw/_x/link/vivado/vpl/prj/prj.gen/my_rm/bd/ulp/synth/ulp.v:3436]
WARNING: [Synth 8-3848] Net io_ddr4_01_reset_n in module/entity ulp does not have driver. [/home/ae_reviewer/TempGNN/build/baselines/rtga_timingfix_v3_hw/_x/link/vivado/vpl/prj/prj.gen/my_rm/bd/ulp/synth/ulp.v:3437]
WARNING: [Synth 8-3848] Net io_gt_qsfp0_00_gtx_n in module/entity ulp does not have driver. [/home/ae_reviewer/TempGNN/build/baselines/rtga_timingfix_v3_hw/_x/link/vivado/vpl/prj/prj.gen/my_rm/bd/ulp/synth/ulp.v:3440]
WARNING: [Synth 8-3848] Net io_gt_qsfp0_00_gtx_p in module/entity ulp does not have driver. [/home/ae_reviewer/TempGNN/build/baselines/rtga_timingfix_v3_hw/_x/link/vivado/vpl/prj/prj.gen/my_rm/bd/ulp/synth/ulp.v:3441]
WARNING: [Synth 8-3848] Net io_gt_qsfp1_00_gtx_n in module/entity ulp does not have driver. [/home/ae_reviewer/TempGNN/build/baselines/rtga_timingfix_v3_hw/_x/link/vivado/vpl/prj/prj.gen/my_rm/bd/ulp/synth/ulp.v:3444]
WARNING: [Synth 8-3848] Net io_gt_qsfp1_00_gtx_p in module/entity ulp does not have driver. [/home/ae_reviewer/TempGNN/build/baselines/rtga_timingfix_v3_hw/_x/link/vivado/vpl/prj/prj.gen/my_rm/bd/ulp/synth/ulp.v:3445]
WARNING: [Synth 8-7129] Port Din[3] in module xlslice_v1_0_3_xlslice is either unconnected or has no load
WARNING: [Synth 8-7129] Port Din[2] in module xlslice_v1_0_3_xlslice is either unconnected or has no load
WARNING: [Synth 8-7129] Port Din[0] in module xlslice_v1_0_3_xlslice is either unconnected or has no load
WARNING: [Synth 8-7129] Port In32[0] in module xlconcat_v2_1_5_xlconcat__parameterized0 is either unconnected or has no load
WARNING: [Synth 8-7129] Port In33[0] in module xlconcat_v2_1_5_xlconcat__parameterized0 is either unconnected or has no load
WARNING: [Synth 8-7129] Port In34[0] in module xlconcat_v2_1_5_xlconcat__parameterized0 is either unconnected or has no load
WARNING: [Synth 8-7129] Port In35[0] in module xlconcat_v2_1_5_xlconcat__parameterized0 is either unconnected or has no load
WARNING: [Synth 8-7129] Port In36[0] in module xlconcat_v2_1_5_xlconcat__parameterized0 is either unconnected or has no load
WARNING: [Synth 8-7129] Port In37[0] in module xlconcat_v2_1_5_xlconcat__parameterized0 is either unconnected or has no load
WARNING: [Synth 8-7129] Port In38[0] in module xlconcat_v2_1_5_xlconcat__parameterized0 is either unconnected or has no load
WARNING: [Synth 8-7129] Port In39[0] in module xlconcat_v2_1_5_xlconcat__parameterized0 is either unconnected or has no load
WARNING: [Synth 8-7129] Port In40[0] in module xlconcat_v2_1_5_xlconcat__parameterized0 is either unconnected or has no load
WARNING: [Synth 8-7129] Port In41[0] in module xlconcat_v2_1_5_xlconcat__parameterized0 is either unconnected or has no load
WARNING: [Synth 8-7129] Port In42[0] in module xlconcat_v2_1_5_xlconcat__parameterized0 is either unconnected or has no load
WARNING: [Synth 8-7129] Port In43[0] in module xlconcat_v2_1_5_xlconcat__parameterized0 is either unconnected or has no load
WARNING: [Synth 8-7129] Port In44[0] in module xlconcat_v2_1_5_xlconcat__parameterized0 is either unconnected or has no load
WARNING: [Synth 8-7129] Port In45[0] in module xlconcat_v2_1_5_xlconcat__parameterized0 is either unconnected or has no load
WARNING: [Synth 8-7129] Port In46[0] in module xlconcat_v2_1_5_xlconcat__parameterized0 is either unconnected or has no load
WARNING: [Synth 8-7129] Port In47[0] in module xlconcat_v2_1_5_xlconcat__parameterized0 is either unconnected or has no load
WARNING: [Synth 8-7129] Port In48[0] in module xlconcat_v2_1_5_xlconcat__parameterized0 is either unconnected or has no load
WARNING: [Synth 8-7129] Port In49[0] in module xlconcat_v2_1_5_xlconcat__parameterized0 is either unconnected or has no load
WARNING: [Synth 8-7129] Port In50[0] in module xlconcat_v2_1_5_xlconcat__parameterized0 is either unconnected or has no load
WARNING: [Synth 8-7129] Port In51[0] in module xlconcat_v2_1_5_xlconcat__parameterized0 is either unconnected or has no load
WARNING: [Synth 8-7129] Port In52[0] in module xlconcat_v2_1_5_xlconcat__parameterized0 is either unconnected or has no load
WARNING: [Synth 8-7129] Port In53[0] in module xlconcat_v2_1_5_xlconcat__parameterized0 is either unconnected or has no load
WARNING: [Synth 8-7129] Port In54[0] in module xlconcat_v2_1_5_xlconcat__parameterized0 is either unconnected or has no load
WARNING: [Synth 8-7129] Port In55[0] in module xlconcat_v2_1_5_xlconcat__parameterized0 is either unconnected or has no load
WARNING: [Synth 8-7129] Port In56[0] in module xlconcat_v2_1_5_xlconcat__parameterized0 is either unconnected or has no load
WARNING: [Synth 8-7129] Port In57[0] in module xlconcat_v2_1_5_xlconcat__parameterized0 is either unconnected or has no load
WARNING: [Synth 8-7129] Port In58[0] in module xlconcat_v2_1_5_xlconcat__parameterized0 is either unconnected or has no load
WARNING: [Synth 8-7129] Port In59[0] in module xlconcat_v2_1_5_xlconcat__parameterized0 is either unconnected or has no load
WARNING: [Synth 8-7129] Port In60[0] in module xlconcat_v2_1_5_xlconcat__parameterized0 is either unconnected or has no load
WARNING: [Synth 8-7129] Port In61[0] in module xlconcat_v2_1_5_xlconcat__parameterized0 is either unconnected or has no load
WARNING: [Synth 8-7129] Port In62[0] in module xlconcat_v2_1_5_xlconcat__parameterized0 is either unconnected or has no load
WARNING: [Synth 8-7129] Port In63[0] in module xlconcat_v2_1_5_xlconcat__parameterized0 is either unconnected or has no load
WARNING: [Synth 8-7129] Port In64[0] in module xlconcat_v2_1_5_xlconcat__parameterized0 is either unconnected or has no load
WARNING: [Synth 8-7129] Port In65[0] in module xlconcat_v2_1_5_xlconcat__parameterized0 is either unconnected or has no load
WARNING: [Synth 8-7129] Port In66[0] in module xlconcat_v2_1_5_xlconcat__parameterized0 is either unconnected or has no load
WARNING: [Synth 8-7129] Port In67[0] in module xlconcat_v2_1_5_xlconcat__parameterized0 is either unconnected or has no load
WARNING: [Synth 8-7129] Port In68[0] in module xlconcat_v2_1_5_xlconcat__parameterized0 is either unconnected or has no load
WARNING: [Synth 8-7129] Port In69[0] in module xlconcat_v2_1_5_xlconcat__parameterized0 is either unconnected or has no load
WARNING: [Synth 8-7129] Port In70[0] in module xlconcat_v2_1_5_xlconcat__parameterized0 is either unconnected or has no load
WARNING: [Synth 8-7129] Port In71[0] in module xlconcat_v2_1_5_xlconcat__parameterized0 is either unconnected or has no load
WARNING: [Synth 8-7129] Port In72[0] in module xlconcat_v2_1_5_xlconcat__parameterized0 is either unconnected or has no load
WARNING: [Synth 8-7129] Port In73[0] in module xlconcat_v2_1_5_xlconcat__parameterized0 is either unconnected or has no load
WARNING: [Synth 8-7129] Port In74[0] in module xlconcat_v2_1_5_xlconcat__parameterized0 is either unconnected or has no load
WARNING: [Synth 8-7129] Port In75[0] in module xlconcat_v2_1_5_xlconcat__parameterized0 is either unconnected or has no load
WARNING: [Synth 8-7129] Port In76[0] in module xlconcat_v2_1_5_xlconcat__parameterized0 is either unconnected or has no load
WARNING: [Synth 8-7129] Port In77[0] in module xlconcat_v2_1_5_xlconcat__parameterized0 is either unconnected or has no load
WARNING: [Synth 8-7129] Port In78[0] in module xlconcat_v2_1_5_xlconcat__parameterized0 is either unconnected or has no load
WARNING: [Synth 8-7129] Port In79[0] in module xlconcat_v2_1_5_xlconcat__parameterized0 is either unconnected or has no load
WARNING: [Synth 8-7129] Port In80[0] in module xlconcat_v2_1_5_xlconcat__parameterized0 is either unconnected or has no load
WARNING: [Synth 8-7129] Port In81[0] in module xlconcat_v2_1_5_xlconcat__parameterized0 is either unconnected or has no load
WARNING: [Synth 8-7129] Port In82[0] in module xlconcat_v2_1_5_xlconcat__parameterized0 is either unconnected or has no load
WARNING: [Synth 8-7129] Port In83[0] in module xlconcat_v2_1_5_xlconcat__parameterized0 is either unconnected or has no load
WARNING: [Synth 8-7129] Port In84[0] in module xlconcat_v2_1_5_xlconcat__parameterized0 is either unconnected or has no load
WARNING: [Synth 8-7129] Port In85[0] in module xlconcat_v2_1_5_xlconcat__parameterized0 is either unconnected or has no load
WARNING: [Synth 8-7129] Port In86[0] in module xlconcat_v2_1_5_xlconcat__parameterized0 is either unconnected or has no load
WARNING: [Synth 8-7129] Port In87[0] in module xlconcat_v2_1_5_xlconcat__parameterized0 is either unconnected or has no load
WARNING: [Synth 8-7129] Port In88[0] in module xlconcat_v2_1_5_xlconcat__parameterized0 is either unconnected or has no load
WARNING: [Synth 8-7129] Port In89[0] in module xlconcat_v2_1_5_xlconcat__parameterized0 is either unconnected or has no load
WARNING: [Synth 8-7129] Port In90[0] in module xlconcat_v2_1_5_xlconcat__parameterized0 is either unconnected or has no load
WARNING: [Synth 8-7129] Port In91[0] in module xlconcat_v2_1_5_xlconcat__parameterized0 is either unconnected or has no load
WARNING: [Synth 8-7129] Port In92[0] in module xlconcat_v2_1_5_xlconcat__parameterized0 is either unconnected or has no load
WARNING: [Synth 8-7129] Port In93[0] in module xlconcat_v2_1_5_xlconcat__parameterized0 is either unconnected or has no load
WARNING: [Synth 8-7129] Port In94[0] in module xlconcat_v2_1_5_xlconcat__parameterized0 is either unconnected or has no load
WARNING: [Synth 8-7129] Port In95[0] in module xlconcat_v2_1_5_xlconcat__parameterized0 is either unconnected or has no load
WARNING: [Synth 8-7129] Port In96[0] in module xlconcat_v2_1_5_xlconcat__parameterized0 is either unconnected or has no load
WARNING: [Synth 8-7129] Port In97[0] in module xlconcat_v2_1_5_xlconcat__parameterized0 is either unconnected or has no load
WARNING: [Synth 8-7129] Port In98[0] in module xlconcat_v2_1_5_xlconcat__parameterized0 is either unconnected or has no load
WARNING: [Synth 8-7129] Port In99[0] in module xlconcat_v2_1_5_xlconcat__parameterized0 is either unconnected or has no load
WARNING: [Synth 8-7129] Port In100[0] in module xlconcat_v2_1_5_xlconcat__parameterized0 is either unconnected or has no load
WARNING: [Synth 8-7129] Port In101[0] in module xlconcat_v2_1_5_xlconcat__parameterized0 is either unconnected or has no load
WARNING: [Synth 8-7129] Port In102[0] in module xlconcat_v2_1_5_xlconcat__parameterized0 is either unconnected or has no load
WARNING: [Synth 8-7129] Port In103[0] in module xlconcat_v2_1_5_xlconcat__parameterized0 is either unconnected or has no load
WARNING: [Synth 8-7129] Port In104[0] in module xlconcat_v2_1_5_xlconcat__parameterized0 is either unconnected or has no load
WARNING: [Synth 8-7129] Port In105[0] in module xlconcat_v2_1_5_xlconcat__parameterized0 is either unconnected or has no load
WARNING: [Synth 8-7129] Port In106[0] in module xlconcat_v2_1_5_xlconcat__parameterized0 is either unconnected or has no load
WARNING: [Synth 8-7129] Port In107[0] in module xlconcat_v2_1_5_xlconcat__parameterized0 is either unconnected or has no load
WARNING: [Synth 8-7129] Port In108[0] in module xlconcat_v2_1_5_xlconcat__parameterized0 is either unconnected or has no load
WARNING: [Synth 8-7129] Port In109[0] in module xlconcat_v2_1_5_xlconcat__parameterized0 is either unconnected or has no load
WARNING: [Synth 8-7129] Port In110[0] in module xlconcat_v2_1_5_xlconcat__parameterized0 is either unconnected or has no load
WARNING: [Synth 8-7129] Port In111[0] in module xlconcat_v2_1_5_xlconcat__parameterized0 is either unconnected or has no load
WARNING: [Synth 8-7129] Port In112[0] in module xlconcat_v2_1_5_xlconcat__parameterized0 is either unconnected or has no load
WARNING: [Synth 8-7129] Port In113[0] in module xlconcat_v2_1_5_xlconcat__parameterized0 is either unconnected or has no load
WARNING: [Synth 8-7129] Port In114[0] in module xlconcat_v2_1_5_xlconcat__parameterized0 is either unconnected or has no load
WARNING: [Synth 8-7129] Port In115[0] in module xlconcat_v2_1_5_xlconcat__parameterized0 is either unconnected or has no load
WARNING: [Synth 8-7129] Port In116[0] in module xlconcat_v2_1_5_xlconcat__parameterized0 is either unconnected or has no load
WARNING: [Synth 8-7129] Port In117[0] in module xlconcat_v2_1_5_xlconcat__parameterized0 is either unconnected or has no load
WARNING: [Synth 8-7129] Port In118[0] in module xlconcat_v2_1_5_xlconcat__parameterized0 is either unconnected or has no load
WARNING: [Synth 8-7129] Port In119[0] in module xlconcat_v2_1_5_xlconcat__parameterized0 is either unconnected or has no load
WARNING: [Synth 8-7129] Port In120[0] in module xlconcat_v2_1_5_xlconcat__parameterized0 is either unconnected or has no load
WARNING: [Synth 8-7129] Port In121[0] in module xlconcat_v2_1_5_xlconcat__parameterized0 is either unconnected or has no load
WARNING: [Synth 8-7129] Port In122[0] in module xlconcat_v2_1_5_xlconcat__parameterized0 is either unconnected or has no load
WARNING: [Synth 8-7129] Port In123[0] in module xlconcat_v2_1_5_xlconcat__parameterized0 is either unconnected or has no load
WARNING: [Synth 8-7129] Port In124[0] in module xlconcat_v2_1_5_xlconcat__parameterized0 is either unconnected or has no load
WARNING: [Synth 8-7129] Port In125[0] in module xlconcat_v2_1_5_xlconcat__parameterized0 is either unconnected or has no load
WARNING: [Synth 8-7129] Port In126[0] in module xlconcat_v2_1_5_xlconcat__parameterized0 is either unconnected or has no load
WARNING: [Synth 8-7129] Port In127[0] in module xlconcat_v2_1_5_xlconcat__parameterized0 is either unconnected or has no load
WARNING: [Synth 8-7129] Port In4[0] in module xlconcat_v2_1_5_xlconcat is either unconnected or has no load
INFO: [Common 17-14] Message 'Synth 8-7129' appears 100 times and further instances of the messages will be disabled. Use the Tcl command set_msg_config to change the current settings.
---------------------------------------------------------------------------------
Finished RTL Elaboration : Time (s): cpu = 00:00:08 ; elapsed = 00:00:09 . Memory (MB): peak = 3449.676 ; gain = 495.648 ; free physical = 47824 ; free virtual = 63349
---------------------------------------------------------------------------------
---------------------------------------------------------------------------------
Start Handling Custom Attributes
---------------------------------------------------------------------------------
---------------------------------------------------------------------------------
Finished Handling Custom Attributes : Time (s): cpu = 00:00:08 ; elapsed = 00:00:09 . Memory (MB): peak = 3464.520 ; gain = 510.492 ; free physical = 47824 ; free virtual = 63348
---------------------------------------------------------------------------------
---------------------------------------------------------------------------------
Finished RTL Optimization Phase 1 : Time (s): cpu = 00:00:08 ; elapsed = 00:00:09 . Memory (MB): peak = 3464.520 ; gain = 510.492 ; free physical = 47824 ; free virtual = 63348
---------------------------------------------------------------------------------
Netlist sorting complete. Time (s): cpu = 00:00:00.07 ; elapsed = 00:00:00.08 . Memory (MB): peak = 3464.520 ; gain = 0.000 ; free physical = 47824 ; free virtual = 63348
INFO: [Project 1-570] Preparing netlist for logic optimization

Processing XDC Constraints
Initializing timing engine
Parsing XDC File [/home/ae_reviewer/TempGNN/build/baselines/rtga_timingfix_v3_hw/_x/link/vivado/vpl/prj/prj.gen/my_rm/bd/ulp/ip/ulp_auto_cc_0/ulp_auto_cc_0/ulp_auto_cc_0_in_context.xdc] for cell 'SLR0/interconnect_axilite_user/m00_couplers/auto_cc'
Finished Parsing XDC File [/home/ae_reviewer/TempGNN/build/baselines/rtga_timingfix_v3_hw/_x/link/vivado/vpl/prj/prj.gen/my_rm/bd/ulp/ip/ulp_auto_cc_0/ulp_auto_cc_0/ulp_auto_cc_0_in_context.xdc] for cell 'SLR0/interconnect_axilite_user/m00_couplers/auto_cc'
Parsing XDC File [/home/ae_reviewer/TempGNN/build/baselines/rtga_timingfix_v3_hw/_x/link/vivado/vpl/prj/prj.gen/my_rm/bd/ulp/ip/ulp_auto_cc_1/ulp_auto_cc_1/ulp_auto_cc_1_in_context.xdc] for cell 'SLR0/interconnect_axilite_user/m01_couplers/auto_cc'
Finished Parsing XDC File [/home/ae_reviewer/TempGNN/build/baselines/rtga_timingfix_v3_hw/_x/link/vivado/vpl/prj/prj.gen/my_rm/bd/ulp/ip/ulp_auto_cc_1/ulp_auto_cc_1/ulp_auto_cc_1_in_context.xdc] for cell 'SLR0/interconnect_axilite_user/m01_couplers/auto_cc'
Parsing XDC File [/home/ae_reviewer/TempGNN/build/baselines/rtga_timingfix_v3_hw/_x/link/vivado/vpl/prj/prj.gen/my_rm/bd/ulp/ip/ulp_auto_cc_2/ulp_auto_cc_2/ulp_auto_cc_0_in_context.xdc] for cell 'SLR1/interconnect_axilite_user/s00_couplers/auto_cc'
Finished Parsing XDC File [/home/ae_reviewer/TempGNN/build/baselines/rtga_timingfix_v3_hw/_x/link/vivado/vpl/prj/prj.gen/my_rm/bd/ulp/ip/ulp_auto_cc_2/ulp_auto_cc_2/ulp_auto_cc_0_in_context.xdc] for cell 'SLR1/interconnect_axilite_user/s00_couplers/auto_cc'
Parsing XDC File [/home/ae_reviewer/TempGNN/build/baselines/rtga_timingfix_v3_hw/_x/link/vivado/vpl/prj/prj.gen/my_rm/bd/ulp/ip/ulp_auto_cc_3/ulp_auto_cc_3/ulp_auto_cc_0_in_context.xdc] for cell 'SLR2/interconnect_axilite_user/s00_couplers/auto_cc'
Finished Parsing XDC File [/home/ae_reviewer/TempGNN/build/baselines/rtga_timingfix_v3_hw/_x/link/vivado/vpl/prj/prj.gen/my_rm/bd/ulp/ip/ulp_auto_cc_3/ulp_auto_cc_3/ulp_auto_cc_0_in_context.xdc] for cell 'SLR2/interconnect_axilite_user/s00_couplers/auto_cc'
Parsing XDC File [/home/ae_reviewer/TempGNN/build/baselines/rtga_timingfix_v3_hw/_x/link/vivado/vpl/prj/prj.gen/my_rm/bd/ulp/ip/ulp_axi_gpio_null_0/ulp_axi_gpio_null_0/ulp_axi_gpio_null_1_in_context.xdc] for cell 'SLR0/axi_gpio_null'
Finished Parsing XDC File [/home/ae_reviewer/TempGNN/build/baselines/rtga_timingfix_v3_hw/_x/link/vivado/vpl/prj/prj.gen/my_rm/bd/ulp/ip/ulp_axi_gpio_null_0/ulp_axi_gpio_null_0/ulp_axi_gpio_null_1_in_context.xdc] for cell 'SLR0/axi_gpio_null'
Parsing XDC File [/home/ae_reviewer/TempGNN/build/baselines/rtga_timingfix_v3_hw/_x/link/vivado/vpl/prj/prj.gen/my_rm/bd/ulp/ip/ulp_axi_gpio_null_1/ulp_axi_gpio_null_1/ulp_axi_gpio_null_1_in_context.xdc] for cell 'SLR1/axi_gpio_null'
Finished Parsing XDC File [/home/ae_reviewer/TempGNN/build/baselines/rtga_timingfix_v3_hw/_x/link/vivado/vpl/prj/prj.gen/my_rm/bd/ulp/ip/ulp_axi_gpio_null_1/ulp_axi_gpio_null_1/ulp_axi_gpio_null_1_in_context.xdc] for cell 'SLR1/axi_gpio_null'
Parsing XDC File [/home/ae_reviewer/TempGNN/build/baselines/rtga_timingfix_v3_hw/_x/link/vivado/vpl/prj/prj.gen/my_rm/bd/ulp/ip/ulp_axi_gpio_null_2/ulp_axi_gpio_null_2/ulp_axi_gpio_null_1_in_context.xdc] for cell 'SLR2/axi_gpio_null'
Finished Parsing XDC File [/home/ae_reviewer/TempGNN/build/baselines/rtga_timingfix_v3_hw/_x/link/vivado/vpl/prj/prj.gen/my_rm/bd/ulp/ip/ulp_axi_gpio_null_2/ulp_axi_gpio_null_2/ulp_axi_gpio_null_1_in_context.xdc] for cell 'SLR2/axi_gpio_null'
Parsing XDC File [/home/ae_reviewer/TempGNN/build/baselines/rtga_timingfix_v3_hw/_x/link/vivado/vpl/prj/prj.gen/my_rm/bd/ulp/ip/ulp_axi_vip_ctrl_userpf_0/ulp_axi_vip_ctrl_userpf_0/ulp_axi_vip_ctrl_userpf_1_in_context.xdc] for cell 'SLR0/axi_vip_ctrl_userpf'
Finished Parsing XDC File [/home/ae_reviewer/TempGNN/build/baselines/rtga_timingfix_v3_hw/_x/link/vivado/vpl/prj/prj.gen/my_rm/bd/ulp/ip/ulp_axi_vip_ctrl_userpf_0/ulp_axi_vip_ctrl_userpf_0/ulp_axi_vip_ctrl_userpf_1_in_context.xdc] for cell 'SLR0/axi_vip_ctrl_userpf'
Parsing XDC File [/home/ae_reviewer/TempGNN/build/baselines/rtga_timingfix_v3_hw/_x/link/vivado/vpl/prj/prj.gen/my_rm/bd/ulp/ip/ulp_axi_vip_ctrl_userpf_1/ulp_axi_vip_ctrl_userpf_1/ulp_axi_vip_ctrl_userpf_1_in_context.xdc] for cell 'SLR1/axi_vip_ctrl_userpf'
Finished Parsing XDC File [/home/ae_reviewer/TempGNN/build/baselines/rtga_timingfix_v3_hw/_x/link/vivado/vpl/prj/prj.gen/my_rm/bd/ulp/ip/ulp_axi_vip_ctrl_userpf_1/ulp_axi_vip_ctrl_userpf_1/ulp_axi_vip_ctrl_userpf_1_in_context.xdc] for cell 'SLR1/axi_vip_ctrl_userpf'
Parsing XDC File [/home/ae_reviewer/TempGNN/build/baselines/rtga_timingfix_v3_hw/_x/link/vivado/vpl/prj/prj.gen/my_rm/bd/ulp/ip/ulp_axi_vip_ctrl_userpf_2/ulp_axi_vip_ctrl_userpf_2/ulp_axi_vip_ctrl_userpf_1_in_context.xdc] for cell 'SLR2/axi_vip_ctrl_userpf'
Finished Parsing XDC File [/home/ae_reviewer/TempGNN/build/baselines/rtga_timingfix_v3_hw/_x/link/vivado/vpl/prj/prj.gen/my_rm/bd/ulp/ip/ulp_axi_vip_ctrl_userpf_2/ulp_axi_vip_ctrl_userpf_2/ulp_axi_vip_ctrl_userpf_1_in_context.xdc] for cell 'SLR2/axi_vip_ctrl_userpf'
Parsing XDC File [/home/ae_reviewer/TempGNN/build/baselines/rtga_timingfix_v3_hw/_x/link/vivado/vpl/prj/prj.gen/my_rm/bd/ulp/ip/ulp_axi_vip_data_0/ulp_axi_vip_data_0/ulp_axi_vip_data_0_in_context.xdc] for cell 'axi_vip_data'
Finished Parsing XDC File [/home/ae_reviewer/TempGNN/build/baselines/rtga_timingfix_v3_hw/_x/link/vivado/vpl/prj/prj.gen/my_rm/bd/ulp/ip/ulp_axi_vip_data_0/ulp_axi_vip_data_0/ulp_axi_vip_data_0_in_context.xdc] for cell 'axi_vip_data'
Parsing XDC File [/home/ae_reviewer/TempGNN/build/baselines/rtga_timingfix_v3_hw/_x/link/vivado/vpl/prj/prj.gen/my_rm/bd/ulp/ip/ulp_clk_wiz_0/ulp_clk_wiz_0/ulp_clk_wiz_0_in_context.xdc] for cell 'clk_wiz'
create_clock: Time (s): cpu = 00:00:06 ; elapsed = 00:00:06 . Memory (MB): peak = 3496.273 ; gain = 0.000 ; free physical = 47798 ; free virtual = 63323
Finished Parsing XDC File [/home/ae_reviewer/TempGNN/build/baselines/rtga_timingfix_v3_hw/_x/link/vivado/vpl/prj/prj.gen/my_rm/bd/ulp/ip/ulp_clk_wiz_0/ulp_clk_wiz_0/ulp_clk_wiz_0_in_context.xdc] for cell 'clk_wiz'
Parsing XDC File [/home/ae_reviewer/TempGNN/build/baselines/rtga_timingfix_v3_hw/_x/link/vivado/vpl/prj/prj.gen/my_rm/bd/ulp/ip/ulp_hmss_0_0/ulp_hmss_0_0/ulp_hmss_0_0_in_context.xdc] for cell 'hmss_0'
Finished Parsing XDC File [/home/ae_reviewer/TempGNN/build/baselines/rtga_timingfix_v3_hw/_x/link/vivado/vpl/prj/prj.gen/my_rm/bd/ulp/ip/ulp_hmss_0_0/ulp_hmss_0_0/ulp_hmss_0_0_in_context.xdc] for cell 'hmss_0'
Parsing XDC File [/home/ae_reviewer/TempGNN/build/baselines/rtga_timingfix_v3_hw/_x/link/vivado/vpl/prj/prj.gen/my_rm/bd/ulp/ip/ulp_ii_level0_wire_0/ulp_ii_level0_wire_0/ulp_ii_level0_wire_0_in_context.xdc] for cell 'ii_level0_wire'
Finished Parsing XDC File [/home/ae_reviewer/TempGNN/build/baselines/rtga_timingfix_v3_hw/_x/link/vivado/vpl/prj/prj.gen/my_rm/bd/ulp/ip/ulp_ii_level0_wire_0/ulp_ii_level0_wire_0/ulp_ii_level0_wire_0_in_context.xdc] for cell 'ii_level0_wire'
Parsing XDC File [/home/ae_reviewer/TempGNN/build/baselines/rtga_timingfix_v3_hw/_x/link/vivado/vpl/prj/prj.gen/my_rm/bd/ulp/ip/ulp_m00_regslice_0/ulp_m00_regslice_0/ulp_m00_regslice_0_in_context.xdc] for cell 'SLR0/interconnect_axilite_user/m00_couplers/m00_regslice'
Finished Parsing XDC File [/home/ae_reviewer/TempGNN/build/baselines/rtga_timingfix_v3_hw/_x/link/vivado/vpl/prj/prj.gen/my_rm/bd/ulp/ip/ulp_m00_regslice_0/ulp_m00_regslice_0/ulp_m00_regslice_0_in_context.xdc] for cell 'SLR0/interconnect_axilite_user/m00_couplers/m00_regslice'
Parsing XDC File [/home/ae_reviewer/TempGNN/build/baselines/rtga_timingfix_v3_hw/_x/link/vivado/vpl/prj/prj.gen/my_rm/bd/ulp/ip/ulp_m01_regslice_0/ulp_m01_regslice_0/ulp_m01_regslice_0_in_context.xdc] for cell 'SLR0/interconnect_axilite_user/m01_couplers/m01_regslice'
Finished Parsing XDC File [/home/ae_reviewer/TempGNN/build/baselines/rtga_timingfix_v3_hw/_x/link/vivado/vpl/prj/prj.gen/my_rm/bd/ulp/ip/ulp_m01_regslice_0/ulp_m01_regslice_0/ulp_m01_regslice_0_in_context.xdc] for cell 'SLR0/interconnect_axilite_user/m01_couplers/m01_regslice'
Parsing XDC File [/home/ae_reviewer/TempGNN/build/baselines/rtga_timingfix_v3_hw/_x/link/vivado/vpl/prj/prj.gen/my_rm/bd/ulp/ip/ulp_proc_sys_reset_ctrl_slr0_0/ulp_proc_sys_reset_ctrl_slr0_0/ulp_proc_sys_reset_ctrl_slr0_0_in_context.xdc] for cell 'proc_sys_reset_ctrl_slr0'
Finished Parsing XDC File [/home/ae_reviewer/TempGNN/build/baselines/rtga_timingfix_v3_hw/_x/link/vivado/vpl/prj/prj.gen/my_rm/bd/ulp/ip/ulp_proc_sys_reset_ctrl_slr0_0/ulp_proc_sys_reset_ctrl_slr0_0/ulp_proc_sys_reset_ctrl_slr0_0_in_context.xdc] for cell 'proc_sys_reset_ctrl_slr0'
Parsing XDC File [/home/ae_reviewer/TempGNN/build/baselines/rtga_timingfix_v3_hw/_x/link/vivado/vpl/prj/prj.gen/my_rm/bd/ulp/ip/ulp_proc_sys_reset_ctrl_slr1_0/ulp_proc_sys_reset_ctrl_slr1_0/ulp_proc_sys_reset_ctrl_slr1_0_in_context.xdc] for cell 'proc_sys_reset_ctrl_slr1'
Finished Parsing XDC File [/home/ae_reviewer/TempGNN/build/baselines/rtga_timingfix_v3_hw/_x/link/vivado/vpl/prj/prj.gen/my_rm/bd/ulp/ip/ulp_proc_sys_reset_ctrl_slr1_0/ulp_proc_sys_reset_ctrl_slr1_0/ulp_proc_sys_reset_ctrl_slr1_0_in_context.xdc] for cell 'proc_sys_reset_ctrl_slr1'
Parsing XDC File [/home/ae_reviewer/TempGNN/build/baselines/rtga_timingfix_v3_hw/_x/link/vivado/vpl/prj/prj.gen/my_rm/bd/ulp/ip/ulp_proc_sys_reset_ctrl_slr2_0/ulp_proc_sys_reset_ctrl_slr2_0/ulp_proc_sys_reset_ctrl_slr2_0_in_context.xdc] for cell 'proc_sys_reset_ctrl_slr2'
Finished Parsing XDC File [/home/ae_reviewer/TempGNN/build/baselines/rtga_timingfix_v3_hw/_x/link/vivado/vpl/prj/prj.gen/my_rm/bd/ulp/ip/ulp_proc_sys_reset_ctrl_slr2_0/ulp_proc_sys_reset_ctrl_slr2_0/ulp_proc_sys_reset_ctrl_slr2_0_in_context.xdc] for cell 'proc_sys_reset_ctrl_slr2'
Parsing XDC File [/home/ae_reviewer/TempGNN/build/baselines/rtga_timingfix_v3_hw/_x/link/vivado/vpl/prj/prj.gen/my_rm/bd/ulp/ip/ulp_proc_sys_reset_freerun_slr0_0/ulp_proc_sys_reset_freerun_slr0_0/ulp_proc_sys_reset_freerun_slr0_0_in_context.xdc] for cell 'proc_sys_reset_freerun_slr0'
Finished Parsing XDC File [/home/ae_reviewer/TempGNN/build/baselines/rtga_timingfix_v3_hw/_x/link/vivado/vpl/prj/prj.gen/my_rm/bd/ulp/ip/ulp_proc_sys_reset_freerun_slr0_0/ulp_proc_sys_reset_freerun_slr0_0/ulp_proc_sys_reset_freerun_slr0_0_in_context.xdc] for cell 'proc_sys_reset_freerun_slr0'
Parsing XDC File [/home/ae_reviewer/TempGNN/build/baselines/rtga_timingfix_v3_hw/_x/link/vivado/vpl/prj/prj.gen/my_rm/bd/ulp/ip/ulp_proc_sys_reset_freerun_slr1_0/ulp_proc_sys_reset_freerun_slr1_0/ulp_proc_sys_reset_freerun_slr1_0_in_context.xdc] for cell 'proc_sys_reset_freerun_slr1'
Finished Parsing XDC File [/home/ae_reviewer/TempGNN/build/baselines/rtga_timingfix_v3_hw/_x/link/vivado/vpl/prj/prj.gen/my_rm/bd/ulp/ip/ulp_proc_sys_reset_freerun_slr1_0/ulp_proc_sys_reset_freerun_slr1_0/ulp_proc_sys_reset_freerun_slr1_0_in_context.xdc] for cell 'proc_sys_reset_freerun_slr1'
Parsing XDC File [/home/ae_reviewer/TempGNN/build/baselines/rtga_timingfix_v3_hw/_x/link/vivado/vpl/prj/prj.gen/my_rm/bd/ulp/ip/ulp_proc_sys_reset_freerun_slr2_0/ulp_proc_sys_reset_freerun_slr2_0/ulp_proc_sys_reset_freerun_slr2_0_in_context.xdc] for cell 'proc_sys_reset_freerun_slr2'
Finished Parsing XDC File [/home/ae_reviewer/TempGNN/build/baselines/rtga_timingfix_v3_hw/_x/link/vivado/vpl/prj/prj.gen/my_rm/bd/ulp/ip/ulp_proc_sys_reset_freerun_slr2_0/ulp_proc_sys_reset_freerun_slr2_0/ulp_proc_sys_reset_freerun_slr2_0_in_context.xdc] for cell 'proc_sys_reset_freerun_slr2'
Parsing XDC File [/home/ae_reviewer/TempGNN/build/baselines/rtga_timingfix_v3_hw/_x/link/vivado/vpl/prj/prj.gen/my_rm/bd/ulp/ip/ulp_proc_sys_reset_kernel2_slr0_0/ulp_proc_sys_reset_kernel2_slr0_0/ulp_proc_sys_reset_kernel2_slr0_0_in_context.xdc] for cell 'proc_sys_reset_kernel2_slr0'
Finished Parsing XDC File [/home/ae_reviewer/TempGNN/build/baselines/rtga_timingfix_v3_hw/_x/link/vivado/vpl/prj/prj.gen/my_rm/bd/ulp/ip/ulp_proc_sys_reset_kernel2_slr0_0/ulp_proc_sys_reset_kernel2_slr0_0/ulp_proc_sys_reset_kernel2_slr0_0_in_context.xdc] for cell 'proc_sys_reset_kernel2_slr0'
Parsing XDC File [/home/ae_reviewer/TempGNN/build/baselines/rtga_timingfix_v3_hw/_x/link/vivado/vpl/prj/prj.gen/my_rm/bd/ulp/ip/ulp_proc_sys_reset_kernel2_slr1_0/ulp_proc_sys_reset_kernel2_slr1_0/ulp_proc_sys_reset_kernel2_slr1_0_in_context.xdc] for cell 'proc_sys_reset_kernel2_slr1'
Finished Parsing XDC File [/home/ae_reviewer/TempGNN/build/baselines/rtga_timingfix_v3_hw/_x/link/vivado/vpl/prj/prj.gen/my_rm/bd/ulp/ip/ulp_proc_sys_reset_kernel2_slr1_0/ulp_proc_sys_reset_kernel2_slr1_0/ulp_proc_sys_reset_kernel2_slr1_0_in_context.xdc] for cell 'proc_sys_reset_kernel2_slr1'
Parsing XDC File [/home/ae_reviewer/TempGNN/build/baselines/rtga_timingfix_v3_hw/_x/link/vivado/vpl/prj/prj.gen/my_rm/bd/ulp/ip/ulp_proc_sys_reset_kernel2_slr2_0/ulp_proc_sys_reset_kernel2_slr2_0/ulp_proc_sys_reset_kernel2_slr2_0_in_context.xdc] for cell 'proc_sys_reset_kernel2_slr2'
Finished Parsing XDC File [/home/ae_reviewer/TempGNN/build/baselines/rtga_timingfix_v3_hw/_x/link/vivado/vpl/prj/prj.gen/my_rm/bd/ulp/ip/ulp_proc_sys_reset_kernel2_slr2_0/ulp_proc_sys_reset_kernel2_slr2_0/ulp_proc_sys_reset_kernel2_slr2_0_in_context.xdc] for cell 'proc_sys_reset_kernel2_slr2'
Parsing XDC File [/home/ae_reviewer/TempGNN/build/baselines/rtga_timingfix_v3_hw/_x/link/vivado/vpl/prj/prj.gen/my_rm/bd/ulp/ip/ulp_proc_sys_reset_kernel_slr0_0/ulp_proc_sys_reset_kernel_slr0_0/ulp_proc_sys_reset_kernel_slr0_0_in_context.xdc] for cell 'proc_sys_reset_kernel_slr0'
Finished Parsing XDC File [/home/ae_reviewer/TempGNN/build/baselines/rtga_timingfix_v3_hw/_x/link/vivado/vpl/prj/prj.gen/my_rm/bd/ulp/ip/ulp_proc_sys_reset_kernel_slr0_0/ulp_proc_sys_reset_kernel_slr0_0/ulp_proc_sys_reset_kernel_slr0_0_in_context.xdc] for cell 'proc_sys_reset_kernel_slr0'
Parsing XDC File [/home/ae_reviewer/TempGNN/build/baselines/rtga_timingfix_v3_hw/_x/link/vivado/vpl/prj/prj.gen/my_rm/bd/ulp/ip/ulp_proc_sys_reset_kernel_slr1_0/ulp_proc_sys_reset_kernel_slr1_0/ulp_proc_sys_reset_kernel_slr1_0_in_context.xdc] for cell 'proc_sys_reset_kernel_slr1'
Finished Parsing XDC File [/home/ae_reviewer/TempGNN/build/baselines/rtga_timingfix_v3_hw/_x/link/vivado/vpl/prj/prj.gen/my_rm/bd/ulp/ip/ulp_proc_sys_reset_kernel_slr1_0/ulp_proc_sys_reset_kernel_slr1_0/ulp_proc_sys_reset_kernel_slr1_0_in_context.xdc] for cell 'proc_sys_reset_kernel_slr1'
Parsing XDC File [/home/ae_reviewer/TempGNN/build/baselines/rtga_timingfix_v3_hw/_x/link/vivado/vpl/prj/prj.gen/my_rm/bd/ulp/ip/ulp_proc_sys_reset_kernel_slr2_0/ulp_proc_sys_reset_kernel_slr2_0/ulp_proc_sys_reset_kernel_slr2_0_in_context.xdc] for cell 'proc_sys_reset_kernel_slr2'
Finished Parsing XDC File [/home/ae_reviewer/TempGNN/build/baselines/rtga_timingfix_v3_hw/_x/link/vivado/vpl/prj/prj.gen/my_rm/bd/ulp/ip/ulp_proc_sys_reset_kernel_slr2_0/ulp_proc_sys_reset_kernel_slr2_0/ulp_proc_sys_reset_kernel_slr2_0_in_context.xdc] for cell 'proc_sys_reset_kernel_slr2'
Parsing XDC File [/home/ae_reviewer/TempGNN/build/baselines/rtga_timingfix_v3_hw/_x/link/vivado/vpl/prj/prj.gen/my_rm/bd/ulp/ip/ulp_regslice_control_userpf_0/ulp_regslice_control_userpf_0/ulp_regslice_control_userpf_0_in_context.xdc] for cell 'SLR0/regslice_control_userpf'
Finished Parsing XDC File [/home/ae_reviewer/TempGNN/build/baselines/rtga_timingfix_v3_hw/_x/link/vivado/vpl/prj/prj.gen/my_rm/bd/ulp/ip/ulp_regslice_control_userpf_0/ulp_regslice_control_userpf_0/ulp_regslice_control_userpf_0_in_context.xdc] for cell 'SLR0/regslice_control_userpf'
Parsing XDC File [/home/ae_reviewer/TempGNN/build/baselines/rtga_timingfix_v3_hw/_x/link/vivado/vpl/prj/prj.gen/my_rm/bd/ulp/ip/ulp_regslice_control_userpf_1/ulp_regslice_control_userpf_1/ulp_regslice_control_userpf_1_in_context.xdc] for cell 'SLR1/regslice_control_userpf'
Finished Parsing XDC File [/home/ae_reviewer/TempGNN/build/baselines/rtga_timingfix_v3_hw/_x/link/vivado/vpl/prj/prj.gen/my_rm/bd/ulp/ip/ulp_regslice_control_userpf_1/ulp_regslice_control_userpf_1/ulp_regslice_control_userpf_1_in_context.xdc] for cell 'SLR1/regslice_control_userpf'
Parsing XDC File [/home/ae_reviewer/TempGNN/build/baselines/rtga_timingfix_v3_hw/_x/link/vivado/vpl/prj/prj.gen/my_rm/bd/ulp/ip/ulp_regslice_control_userpf_2/ulp_regslice_control_userpf_2/ulp_regslice_control_userpf_2_in_context.xdc] for cell 'SLR2/regslice_control_userpf'
Finished Parsing XDC File [/home/ae_reviewer/TempGNN/build/baselines/rtga_timingfix_v3_hw/_x/link/vivado/vpl/prj/prj.gen/my_rm/bd/ulp/ip/ulp_regslice_control_userpf_2/ulp_regslice_control_userpf_2/ulp_regslice_control_userpf_2_in_context.xdc] for cell 'SLR2/regslice_control_userpf'
Parsing XDC File [/home/ae_reviewer/TempGNN/build/baselines/rtga_timingfix_v3_hw/_x/link/vivado/vpl/prj/prj.gen/my_rm/bd/ulp/ip/ulp_rst_clk_wiz_225M_0/ulp_rst_clk_wiz_225M_0/ulp_rst_clk_wiz_225M_0_in_context.xdc] for cell 'rst_clk_wiz_225M'
Finished Parsing XDC File [/home/ae_reviewer/TempGNN/build/baselines/rtga_timingfix_v3_hw/_x/link/vivado/vpl/prj/prj.gen/my_rm/bd/ulp/ip/ulp_rst_clk_wiz_225M_0/ulp_rst_clk_wiz_225M_0/ulp_rst_clk_wiz_225M_0_in_context.xdc] for cell 'rst_clk_wiz_225M'
Parsing XDC File [/home/ae_reviewer/TempGNN/build/baselines/rtga_timingfix_v3_hw/_x/link/vivado/vpl/prj/prj.gen/my_rm/bd/ulp/ip/ulp_rtga_kernel_1_0/ulp_rtga_kernel_1_0/ulp_rtga_kernel_1_0_in_context.xdc] for cell 'rtga_kernel_1'
Finished Parsing XDC File [/home/ae_reviewer/TempGNN/build/baselines/rtga_timingfix_v3_hw/_x/link/vivado/vpl/prj/prj.gen/my_rm/bd/ulp/ip/ulp_rtga_kernel_1_0/ulp_rtga_kernel_1_0/ulp_rtga_kernel_1_0_in_context.xdc] for cell 'rtga_kernel_1'
Parsing XDC File [/home/ae_reviewer/TempGNN/build/baselines/rtga_timingfix_v3_hw/_x/link/vivado/vpl/prj/prj.gen/my_rm/bd/ulp/ip/ulp_s00_regslice_18/ulp_s00_regslice_18/ulp_s00_regslice_18_in_context.xdc] for cell 'SLR0/interconnect_axilite_user/s00_couplers/s00_regslice'
Finished Parsing XDC File [/home/ae_reviewer/TempGNN/build/baselines/rtga_timingfix_v3_hw/_x/link/vivado/vpl/prj/prj.gen/my_rm/bd/ulp/ip/ulp_s00_regslice_18/ulp_s00_regslice_18/ulp_s00_regslice_18_in_context.xdc] for cell 'SLR0/interconnect_axilite_user/s00_couplers/s00_regslice'
Parsing XDC File [/home/ae_reviewer/TempGNN/build/baselines/rtga_timingfix_v3_hw/_x/link/vivado/vpl/prj/prj.gen/my_rm/bd/ulp/ip/ulp_s00_regslice_19/ulp_s00_regslice_19/ulp_s00_regslice_20_in_context.xdc] for cell 'SLR1/interconnect_axilite_user/s00_couplers/s00_regslice'
Finished Parsing XDC File [/home/ae_reviewer/TempGNN/build/baselines/rtga_timingfix_v3_hw/_x/link/vivado/vpl/prj/prj.gen/my_rm/bd/ulp/ip/ulp_s00_regslice_19/ulp_s00_regslice_19/ulp_s00_regslice_20_in_context.xdc] for cell 'SLR1/interconnect_axilite_user/s00_couplers/s00_regslice'
Parsing XDC File [/home/ae_reviewer/TempGNN/build/baselines/rtga_timingfix_v3_hw/_x/link/vivado/vpl/prj/prj.gen/my_rm/bd/ulp/ip/ulp_s00_regslice_20/ulp_s00_regslice_20/ulp_s00_regslice_20_in_context.xdc] for cell 'SLR2/interconnect_axilite_user/s00_couplers/s00_regslice'
Finished Parsing XDC File [/home/ae_reviewer/TempGNN/build/baselines/rtga_timingfix_v3_hw/_x/link/vivado/vpl/prj/prj.gen/my_rm/bd/ulp/ip/ulp_s00_regslice_20/ulp_s00_regslice_20/ulp_s00_regslice_20_in_context.xdc] for cell 'SLR2/interconnect_axilite_user/s00_couplers/s00_regslice'
Parsing XDC File [/home/ae_reviewer/TempGNN/build/baselines/rtga_timingfix_v3_hw/_x/link/vivado/vpl/prj/prj.gen/my_rm/bd/ulp/ip/ulp_ulp_cmp_0/ulp_ulp_cmp_0/ulp_ulp_cmp_0_in_context.xdc] for cell 'ulp_cmp'
Finished Parsing XDC File [/home/ae_reviewer/TempGNN/build/baselines/rtga_timingfix_v3_hw/_x/link/vivado/vpl/prj/prj.gen/my_rm/bd/ulp/ip/ulp_ulp_cmp_0/ulp_ulp_cmp_0/ulp_ulp_cmp_0_in_context.xdc] for cell 'ulp_cmp'
Parsing XDC File [/home/ae_reviewer/TempGNN/build/baselines/rtga_timingfix_v3_hw/_x/link/vivado/vpl/prj/prj.gen/my_rm/bd/ulp/ip/ulp_ulp_ucs_0/ulp_ulp_ucs_0/ulp_ulp_ucs_0_in_context.xdc] for cell 'ulp_ucs'
Finished Parsing XDC File [/home/ae_reviewer/TempGNN/build/baselines/rtga_timingfix_v3_hw/_x/link/vivado/vpl/prj/prj.gen/my_rm/bd/ulp/ip/ulp_ulp_ucs_0/ulp_ulp_ucs_0/ulp_ulp_ucs_0_in_context.xdc] for cell 'ulp_ucs'
Parsing XDC File [/home/ae_reviewer/TempGNN/build/baselines/rtga_timingfix_v3_hw/_x/link/vivado/vpl/prj/prj.gen/my_rm/bd/ulp/ip/ulp_xbar_2/ulp_xbar_2/ulp_xbar_2_in_context.xdc] for cell 'axi_ic_ctrl_mgmt_slr1/xbar'
Finished Parsing XDC File [/home/ae_reviewer/TempGNN/build/baselines/rtga_timingfix_v3_hw/_x/link/vivado/vpl/prj/prj.gen/my_rm/bd/ulp/ip/ulp_xbar_2/ulp_xbar_2/ulp_xbar_2_in_context.xdc] for cell 'axi_ic_ctrl_mgmt_slr1/xbar'
Parsing XDC File [/home/ae_reviewer/TempGNN/build/baselines/rtga_timingfix_v3_hw/_x/link/vivado/vpl/prj/prj.gen/my_rm/bd/ulp/ip/ulp_xbar_3/ulp_xbar_3/ulp_xbar_3_in_context.xdc] for cell 'SLR0/interconnect_axilite_user/xbar'
Finished Parsing XDC File [/home/ae_reviewer/TempGNN/build/baselines/rtga_timingfix_v3_hw/_x/link/vivado/vpl/prj/prj.gen/my_rm/bd/ulp/ip/ulp_xbar_3/ulp_xbar_3/ulp_xbar_3_in_context.xdc] for cell 'SLR0/interconnect_axilite_user/xbar'
Parsing XDC File [/home/ae_reviewer/TempGNN/build/baselines/rtga_timingfix_v3_hw/_x/link/vivado/vpl/prj/prj.gen/my_rm/bd/ulp/ulp_ooc.xdc]
WARNING: [Constraints 18-619] A clock with name 'blp_s_aclk_freerun_ref_00' already exists, overwriting the previous clock with the same name. [/home/ae_reviewer/TempGNN/build/baselines/rtga_timingfix_v3_hw/_x/link/vivado/vpl/prj/prj.gen/my_rm/bd/ulp/ulp_ooc.xdc:10]
Finished Parsing XDC File [/home/ae_reviewer/TempGNN/build/baselines/rtga_timingfix_v3_hw/_x/link/vivado/vpl/prj/prj.gen/my_rm/bd/ulp/ulp_ooc.xdc]
Parsing XDC File [/home/ae_reviewer/TempGNN/build/baselines/rtga_timingfix_v3_hw/_x/link/vivado/vpl/prj/prj.runs/my_rm_synth_1/dont_touch.xdc]
Finished Parsing XDC File [/home/ae_reviewer/TempGNN/build/baselines/rtga_timingfix_v3_hw/_x/link/vivado/vpl/prj/prj.runs/my_rm_synth_1/dont_touch.xdc]
Parsing XDC File [/home/ae_reviewer/TempGNN/build/baselines/rtga_timingfix_v3_hw/_x/link/vivado/vpl/output/ulp_ooc_copy.xdc]
WARNING: [Constraints 18-619] A clock with name 'blp_s_aclk_ctrl_00' already exists, overwriting the previous clock with the same name. [/home/ae_reviewer/TempGNN/build/baselines/rtga_timingfix_v3_hw/_x/link/vivado/vpl/output/ulp_ooc_copy.xdc:9]
WARNING: [Constraints 18-619] A clock with name 'blp_s_aclk_freerun_ref_00' already exists, overwriting the previous clock with the same name. [/home/ae_reviewer/TempGNN/build/baselines/rtga_timingfix_v3_hw/_x/link/vivado/vpl/output/ulp_ooc_copy.xdc:10]
WARNING: [Constraints 18-619] A clock with name 'blp_s_aclk_pcie_00' already exists, overwriting the previous clock with the same name. [/home/ae_reviewer/TempGNN/build/baselines/rtga_timingfix_v3_hw/_x/link/vivado/vpl/output/ulp_ooc_copy.xdc:11]
Finished Parsing XDC File [/home/ae_reviewer/TempGNN/build/baselines/rtga_timingfix_v3_hw/_x/link/vivado/vpl/output/ulp_ooc_copy.xdc]
Completed Processing XDC Constraints

Netlist sorting complete. Time (s): cpu = 00:00:00 ; elapsed = 00:00:00 . Memory (MB): peak = 3496.273 ; gain = 0.000 ; free physical = 47798 ; free virtual = 63323
INFO: [Project 1-111] Unisim Transformation Summary:
No Unisim elements were transformed.

Constraint Validation Runtime : Time (s): cpu = 00:00:00.16 ; elapsed = 00:00:00.16 . Memory (MB): peak = 3496.309 ; gain = 0.000 ; free physical = 47798 ; free virtual = 63322
INFO: [Designutils 20-5008] Incremental synthesis strategy off
---------------------------------------------------------------------------------
Finished Constraint Validation : Time (s): cpu = 00:00:25 ; elapsed = 00:00:25 . Memory (MB): peak = 3496.309 ; gain = 542.281 ; free physical = 47794 ; free virtual = 63319
---------------------------------------------------------------------------------
---------------------------------------------------------------------------------
Start Loading Part and Timing Information
---------------------------------------------------------------------------------
Loading part: xcu280-fsvh2892-2L-e
INFO: [Synth 8-6742] Reading net delay rules and data
---------------------------------------------------------------------------------
Finished Loading Part and Timing Information : Time (s): cpu = 00:00:25 ; elapsed = 00:00:26 . Memory (MB): peak = 3496.309 ; gain = 542.281 ; free physical = 47794 ; free virtual = 63319
---------------------------------------------------------------------------------
---------------------------------------------------------------------------------
Start Applying 'set_property' XDC Constraints
---------------------------------------------------------------------------------
Applied set_property IO_BUFFER_TYPE = NONE for blp_s_aclk_freerun_ref_00. (constraint file  /home/ae_reviewer/TempGNN/build/baselines/rtga_timingfix_v3_hw/_x/link/vivado/vpl/prj/prj.gen/my_rm/bd/ulp/ip/ulp_clk_wiz_0/ulp_clk_wiz_0/ulp_clk_wiz_0_in_context.xdc, line 3).
Applied set_property CLOCK_BUFFER_TYPE = NONE for blp_s_aclk_freerun_ref_00. (constraint file  /home/ae_reviewer/TempGNN/build/baselines/rtga_timingfix_v3_hw/_x/link/vivado/vpl/prj/prj.gen/my_rm/bd/ulp/ip/ulp_clk_wiz_0/ulp_clk_wiz_0/ulp_clk_wiz_0_in_context.xdc, line 4).
Applied set_property KEEP_HIERARCHY = SOFT for ii_level0_wire. (constraint file  auto generated constraint).
Applied set_property KEEP_HIERARCHY = SOFT for ulp_cmp. (constraint file  auto generated constraint).
Applied set_property KEEP_HIERARCHY = SOFT for axi_ic_ctrl_mgmt_slr1/xbar. (constraint file  auto generated constraint).
Applied set_property KEEP_HIERARCHY = SOFT for axi_ic_ctrl_mgmt_slr1. (constraint file  auto generated constraint).
Applied set_property KEEP_HIERARCHY = SOFT for hmss_0. (constraint file  auto generated constraint).
Applied set_property KEEP_HIERARCHY = SOFT for axi_vip_data. (constraint file  auto generated constraint).
Applied set_property KEEP_HIERARCHY = SOFT for satellite_gpio_slice_1. (constraint file  auto generated constraint).
Applied set_property KEEP_HIERARCHY = SOFT for ulp_ucs. (constraint file  auto generated constraint).
Applied set_property KEEP_HIERARCHY = SOFT for proc_sys_reset_ctrl_slr0. (constraint file  auto generated constraint).
Applied set_property KEEP_HIERARCHY = SOFT for proc_sys_reset_ctrl_slr1. (constraint file  auto generated constraint).
Applied set_property KEEP_HIERARCHY = SOFT for proc_sys_reset_ctrl_slr2. (constraint file  auto generated constraint).
Applied set_property KEEP_HIERARCHY = SOFT for proc_sys_reset_kernel_slr0. (constraint file  auto generated constraint).
Applied set_property KEEP_HIERARCHY = SOFT for proc_sys_reset_kernel_slr1. (constraint file  auto generated constraint).
Applied set_property KEEP_HIERARCHY = SOFT for proc_sys_reset_kernel_slr2. (constraint file  auto generated constraint).
Applied set_property KEEP_HIERARCHY = SOFT for proc_sys_reset_kernel2_slr0. (constraint file  auto generated constraint).
Applied set_property KEEP_HIERARCHY = SOFT for proc_sys_reset_kernel2_slr1. (constraint file  auto generated constraint).
Applied set_property KEEP_HIERARCHY = SOFT for proc_sys_reset_kernel2_slr2. (constraint file  auto generated constraint).
Applied set_property KEEP_HIERARCHY = SOFT for proc_sys_reset_freerun_slr0. (constraint file  auto generated constraint).
Applied set_property KEEP_HIERARCHY = SOFT for proc_sys_reset_freerun_slr1. (constraint file  auto generated constraint).
Applied set_property KEEP_HIERARCHY = SOFT for proc_sys_reset_freerun_slr2. (constraint file  auto generated constraint).
Applied set_property KEEP_HIERARCHY = SOFT for SLR0/axi_gpio_null. (constraint file  auto generated constraint).
Applied set_property KEEP_HIERARCHY = SOFT for SLR0/axi_vip_ctrl_userpf. (constraint file  auto generated constraint).
Applied set_property KEEP_HIERARCHY = SOFT for SLR0/interconnect_axilite_user/xbar. (constraint file  auto generated constraint).
Applied set_property KEEP_HIERARCHY = SOFT for SLR0/interconnect_axilite_user/s00_couplers/s00_regslice. (constraint file  auto generated constraint).
Applied set_property KEEP_HIERARCHY = SOFT for SLR0/interconnect_axilite_user/m00_couplers/m00_regslice. (constraint file  auto generated constraint).
Applied set_property KEEP_HIERARCHY = SOFT for SLR0/interconnect_axilite_user/m00_couplers/auto_cc. (constraint file  auto generated constraint).
Applied set_property KEEP_HIERARCHY = SOFT for SLR0/interconnect_axilite_user/m01_couplers/m01_regslice. (constraint file  auto generated constraint).
Applied set_property KEEP_HIERARCHY = SOFT for SLR0/interconnect_axilite_user/m01_couplers/auto_cc. (constraint file  auto generated constraint).
Applied set_property KEEP_HIERARCHY = SOFT for SLR0/interconnect_axilite_user. (constraint file  auto generated constraint).
Applied set_property KEEP_HIERARCHY = SOFT for SLR0/regslice_control_userpf. (constraint file  auto generated constraint).
Applied set_property KEEP_HIERARCHY = SOFT for SLR1/axi_gpio_null. (constraint file  auto generated constraint).
Applied set_property KEEP_HIERARCHY = SOFT for SLR1/axi_vip_ctrl_userpf. (constraint file  auto generated constraint).
Applied set_property KEEP_HIERARCHY = SOFT for SLR1/interconnect_axilite_user/s00_couplers/s00_regslice. (constraint file  auto generated constraint).
Applied set_property KEEP_HIERARCHY = SOFT for SLR1/interconnect_axilite_user/s00_couplers/auto_cc. (constraint file  auto generated constraint).
Applied set_property KEEP_HIERARCHY = SOFT for SLR1/interconnect_axilite_user. (constraint file  auto generated constraint).
Applied set_property KEEP_HIERARCHY = SOFT for SLR1/regslice_control_userpf. (constraint file  auto generated constraint).
Applied set_property KEEP_HIERARCHY = SOFT for SLR2/axi_gpio_null. (constraint file  auto generated constraint).
Applied set_property KEEP_HIERARCHY = SOFT for SLR2/axi_vip_ctrl_userpf. (constraint file  auto generated constraint).
Applied set_property KEEP_HIERARCHY = SOFT for SLR2/interconnect_axilite_user/s00_couplers/s00_regslice. (constraint file  auto generated constraint).
Applied set_property KEEP_HIERARCHY = SOFT for SLR2/interconnect_axilite_user/s00_couplers/auto_cc. (constraint file  auto generated constraint).
Applied set_property KEEP_HIERARCHY = SOFT for SLR2/interconnect_axilite_user. (constraint file  auto generated constraint).
Applied set_property KEEP_HIERARCHY = SOFT for SLR2/regslice_control_userpf. (constraint file  auto generated constraint).
Applied set_property KEEP_HIERARCHY = SOFT for rtga_kernel_1. (constraint file  auto generated constraint).
Applied set_property KEEP_HIERARCHY = SOFT for ii_level0_wire_ulp_s_irq_cu_00_1_interrupt_concat. (constraint file  auto generated constraint).
Applied set_property KEEP_HIERARCHY = SOFT for ii_level0_wire_ulp_s_irq_cu_00_1_interrupt_concat_0. (constraint file  auto generated constraint).
Applied set_property KEEP_HIERARCHY = SOFT for ii_level0_wire_ulp_s_irq_cu_00_1_interrupt_concat_1. (constraint file  auto generated constraint).
Applied set_property KEEP_HIERARCHY = SOFT for ii_level0_wire_ulp_s_irq_cu_00_1_interrupt_concat_2. (constraint file  auto generated constraint).
Applied set_property KEEP_HIERARCHY = SOFT for ii_level0_wire_ulp_s_irq_cu_00_1_interrupt_concat_3. (constraint file  auto generated constraint).
Applied set_property KEEP_HIERARCHY = SOFT for irq_const_tieoff. (constraint file  auto generated constraint).
Applied set_property KEEP_HIERARCHY = SOFT for clk_wiz. (constraint file  auto generated constraint).
Applied set_property KEEP_HIERARCHY = SOFT for rst_clk_wiz_225M. (constraint file  auto generated constraint).
---------------------------------------------------------------------------------
Finished applying 'set_property' XDC Constraints : Time (s): cpu = 00:00:25 ; elapsed = 00:00:26 . Memory (MB): peak = 3496.309 ; gain = 542.281 ; free physical = 47794 ; free virtual = 63319
---------------------------------------------------------------------------------
---------------------------------------------------------------------------------
Finished RTL Optimization Phase 2 : Time (s): cpu = 00:00:25 ; elapsed = 00:00:26 . Memory (MB): peak = 3496.309 ; gain = 542.281 ; free physical = 47788 ; free virtual = 63314
---------------------------------------------------------------------------------
---------------------------------------------------------------------------------
Start RTL Component Statistics 
---------------------------------------------------------------------------------
Detailed RTL Component Info : 
---------------------------------------------------------------------------------
Finished RTL Component Statistics 
---------------------------------------------------------------------------------
---------------------------------------------------------------------------------
Start Part Resource Summary
---------------------------------------------------------------------------------
Part Resources:
DSPs: 9024 (col length:94)
BRAMs: 4032 (col length: RAMB18 288 RAMB36 144)
---------------------------------------------------------------------------------
Finished Part Resource Summary
---------------------------------------------------------------------------------
---------------------------------------------------------------------------------
Start Cross Boundary and Area Optimization
---------------------------------------------------------------------------------
WARNING: [Synth 8-7080] Parallel synthesis criteria is not met
---------------------------------------------------------------------------------
Finished Cross Boundary and Area Optimization : Time (s): cpu = 00:00:27 ; elapsed = 00:00:28 . Memory (MB): peak = 3496.309 ; gain = 542.281 ; free physical = 47788 ; free virtual = 63315
---------------------------------------------------------------------------------
---------------------------------------------------------------------------------
Start Applying XDC Timing Constraints
---------------------------------------------------------------------------------
WARNING: [Synth 8-565] redefining clock 'blp_s_aclk_freerun_ref_00'
WARNING: [Synth 8-565] redefining clock 'blp_s_aclk_ctrl_00'
WARNING: [Synth 8-565] redefining clock 'blp_s_aclk_freerun_ref_00'
WARNING: [Synth 8-565] redefining clock 'blp_s_aclk_pcie_00'
---------------------------------------------------------------------------------
Finished Applying XDC Timing Constraints : Time (s): cpu = 00:00:38 ; elapsed = 00:00:39 . Memory (MB): peak = 3866.445 ; gain = 912.418 ; free physical = 47454 ; free virtual = 62980
---------------------------------------------------------------------------------
---------------------------------------------------------------------------------
Start Timing Optimization
---------------------------------------------------------------------------------
---------------------------------------------------------------------------------
Finished Timing Optimization : Time (s): cpu = 00:00:38 ; elapsed = 00:00:39 . Memory (MB): peak = 3868.445 ; gain = 914.418 ; free physical = 47453 ; free virtual = 62979
---------------------------------------------------------------------------------
---------------------------------------------------------------------------------
Start Technology Mapping
---------------------------------------------------------------------------------
---------------------------------------------------------------------------------
Finished Technology Mapping : Time (s): cpu = 00:00:38 ; elapsed = 00:00:39 . Memory (MB): peak = 3890.195 ; gain = 936.168 ; free physical = 47436 ; free virtual = 62962
---------------------------------------------------------------------------------
---------------------------------------------------------------------------------
Start IO Insertion
---------------------------------------------------------------------------------
---------------------------------------------------------------------------------
Start Flattening Before IO Insertion
---------------------------------------------------------------------------------
---------------------------------------------------------------------------------
Finished Flattening Before IO Insertion
---------------------------------------------------------------------------------
---------------------------------------------------------------------------------
Start Final Netlist Cleanup
---------------------------------------------------------------------------------
---------------------------------------------------------------------------------
Finished Final Netlist Cleanup
---------------------------------------------------------------------------------
---------------------------------------------------------------------------------
Finished IO Insertion : Time (s): cpu = 00:00:43 ; elapsed = 00:00:44 . Memory (MB): peak = 3896.133 ; gain = 942.105 ; free physical = 47437 ; free virtual = 62963
---------------------------------------------------------------------------------
---------------------------------------------------------------------------------
Start Renaming Generated Instances
---------------------------------------------------------------------------------
---------------------------------------------------------------------------------
Finished Renaming Generated Instances : Time (s): cpu = 00:00:43 ; elapsed = 00:00:44 . Memory (MB): peak = 3896.133 ; gain = 942.105 ; free physical = 47437 ; free virtual = 62963
---------------------------------------------------------------------------------
---------------------------------------------------------------------------------
Start Rebuilding User Hierarchy
---------------------------------------------------------------------------------
---------------------------------------------------------------------------------
Finished Rebuilding User Hierarchy : Time (s): cpu = 00:00:43 ; elapsed = 00:00:44 . Memory (MB): peak = 3896.133 ; gain = 942.105 ; free physical = 47437 ; free virtual = 62963
---------------------------------------------------------------------------------
---------------------------------------------------------------------------------
Start Renaming Generated Ports
---------------------------------------------------------------------------------
---------------------------------------------------------------------------------
Finished Renaming Generated Ports : Time (s): cpu = 00:00:43 ; elapsed = 00:00:44 . Memory (MB): peak = 3896.133 ; gain = 942.105 ; free physical = 47437 ; free virtual = 62963
---------------------------------------------------------------------------------
---------------------------------------------------------------------------------
Start Handling Custom Attributes
---------------------------------------------------------------------------------
---------------------------------------------------------------------------------
Finished Handling Custom Attributes : Time (s): cpu = 00:00:43 ; elapsed = 00:00:44 . Memory (MB): peak = 3896.133 ; gain = 942.105 ; free physical = 47437 ; free virtual = 62963
---------------------------------------------------------------------------------
---------------------------------------------------------------------------------
Start Renaming Generated Nets
---------------------------------------------------------------------------------
---------------------------------------------------------------------------------
Finished Renaming Generated Nets : Time (s): cpu = 00:00:43 ; elapsed = 00:00:44 . Memory (MB): peak = 3896.133 ; gain = 942.105 ; free physical = 47437 ; free virtual = 62963
---------------------------------------------------------------------------------
---------------------------------------------------------------------------------
Start Writing Synthesis Report
---------------------------------------------------------------------------------

Report BlackBoxes: 
+------+----------------------------------+----------+
|      |BlackBox name                     |Instances |
+------+----------------------------------+----------+
|1     |ulp_xbar_2                        |         1|
|2     |ulp_axi_vip_data_0                |         1|
|3     |ulp_clk_wiz_0                     |         1|
|4     |ulp_hmss_0_0                      |         1|
|5     |ulp_ii_level0_wire_0              |         1|
|6     |ulp_proc_sys_reset_ctrl_slr0_0    |         1|
|7     |ulp_proc_sys_reset_ctrl_slr1_0    |         1|
|8     |ulp_proc_sys_reset_ctrl_slr2_0    |         1|
|9     |ulp_proc_sys_reset_freerun_slr0_0 |         1|
|10    |ulp_proc_sys_reset_freerun_slr1_0 |         1|
|11    |ulp_proc_sys_reset_freerun_slr2_0 |         1|
|12    |ulp_proc_sys_reset_kernel2_slr0_0 |         1|
|13    |ulp_proc_sys_reset_kernel2_slr1_0 |         1|
|14    |ulp_proc_sys_reset_kernel2_slr2_0 |         1|
|15    |ulp_proc_sys_reset_kernel_slr0_0  |         1|
|16    |ulp_proc_sys_reset_kernel_slr1_0  |         1|
|17    |ulp_proc_sys_reset_kernel_slr2_0  |         1|
|18    |ulp_rst_clk_wiz_225M_0            |         1|
|19    |ulp_rtga_kernel_1_0               |         1|
|20    |ulp_ulp_cmp_0                     |         1|
|21    |ulp_ulp_ucs_0                     |         1|
|22    |ulp_xbar_3                        |         1|
|23    |ulp_auto_cc_0                     |         1|
|24    |ulp_m00_regslice_0                |         1|
|25    |ulp_auto_cc_1                     |         1|
|26    |ulp_m01_regslice_0                |         1|
|27    |ulp_s00_regslice_18               |         1|
|28    |ulp_axi_gpio_null_0               |         1|
|29    |ulp_axi_vip_ctrl_userpf_0         |         1|
|30    |ulp_regslice_control_userpf_0     |         1|
|31    |ulp_auto_cc_2                     |         1|
|32    |ulp_s00_regslice_19               |         1|
|33    |ulp_axi_gpio_null_1               |         1|
|34    |ulp_axi_vip_ctrl_userpf_1         |         1|
|35    |ulp_regslice_control_userpf_1     |         1|
|36    |ulp_auto_cc_3                     |         1|
|37    |ulp_s00_regslice_20               |         1|
|38    |ulp_axi_gpio_null_2               |         1|
|39    |ulp_axi_vip_ctrl_userpf_2         |         1|
|40    |ulp_regslice_control_userpf_2     |         1|
+------+----------------------------------+----------+

Report Cell Usage: 
+------+--------------------------------+------+
|      |Cell                            |Count |
+------+--------------------------------+------+
|1     |ulp_auto_cc                     |     4|
|5     |ulp_axi_gpio_null               |     3|
|8     |ulp_axi_vip_ctrl_userpf         |     3|
|11    |ulp_axi_vip_data                |     1|
|12    |ulp_clk_wiz                     |     1|
|13    |ulp_hmss_0                      |     1|
|14    |ulp_ii_level0_wire              |     1|
|15    |ulp_m00_regslice                |     1|
|16    |ulp_m01_regslice                |     1|
|17    |ulp_proc_sys_reset_ctrl_slr0    |     1|
|18    |ulp_proc_sys_reset_ctrl_slr1    |     1|
|19    |ulp_proc_sys_reset_ctrl_slr2    |     1|
|20    |ulp_proc_sys_reset_freerun_slr0 |     1|
|21    |ulp_proc_sys_reset_freerun_slr1 |     1|
|22    |ulp_proc_sys_reset_freerun_slr2 |     1|
|23    |ulp_proc_sys_reset_kernel2_slr0 |     1|
|24    |ulp_proc_sys_reset_kernel2_slr1 |     1|
|25    |ulp_proc_sys_reset_kernel2_slr2 |     1|
|26    |ulp_proc_sys_reset_kernel_slr0  |     1|
|27    |ulp_proc_sys_reset_kernel_slr1  |     1|
|28    |ulp_proc_sys_reset_kernel_slr2  |     1|
|29    |ulp_regslice_control_userpf     |     3|
|32    |ulp_rst_clk_wiz_225M            |     1|
|33    |ulp_rtga_kernel_1               |     1|
|34    |ulp_s00_regslice                |     3|
|37    |ulp_ulp_cmp                     |     1|
|38    |ulp_ulp_ucs                     |     1|
|39    |ulp_xbar                        |     2|
+------+--------------------------------+------+
---------------------------------------------------------------------------------
Finished Writing Synthesis Report : Time (s): cpu = 00:00:43 ; elapsed = 00:00:44 . Memory (MB): peak = 3896.133 ; gain = 942.105 ; free physical = 47437 ; free virtual = 62963
---------------------------------------------------------------------------------
Synthesis finished with 0 errors, 0 critical warnings and 403 warnings.
Synthesis Optimization Runtime : Time (s): cpu = 00:00:33 ; elapsed = 00:00:34 . Memory (MB): peak = 3896.133 ; gain = 910.316 ; free physical = 47437 ; free virtual = 62963
Synthesis Optimization Complete : Time (s): cpu = 00:00:43 ; elapsed = 00:00:44 . Memory (MB): peak = 3896.141 ; gain = 942.105 ; free physical = 47437 ; free virtual = 62963
INFO: [Project 1-571] Translating synthesized netlist
Netlist sorting complete. Time (s): cpu = 00:00:00.07 ; elapsed = 00:00:00.06 . Memory (MB): peak = 3896.141 ; gain = 0.000 ; free physical = 47724 ; free virtual = 63250
INFO: [Project 1-570] Preparing netlist for logic optimization
INFO: [Opt 31-138] Pushed 0 inverter(s) to 0 load pin(s).
Netlist sorting complete. Time (s): cpu = 00:00:00 ; elapsed = 00:00:00 . Memory (MB): peak = 3982.648 ; gain = 0.000 ; free physical = 47648 ; free virtual = 63175
INFO: [Project 1-111] Unisim Transformation Summary:
No Unisim elements were transformed.

Synth Design complete | Checksum: 100edf8
INFO: [Common 17-83] Releasing license: Synthesis
158 Infos, 266 Warnings, 0 Critical Warnings and 0 Errors encountered.
synth_design completed successfully
synth_design: Time (s): cpu = 00:01:00 ; elapsed = 00:00:58 . Memory (MB): peak = 3991.590 ; gain = 2415.031 ; free physical = 47636 ; free virtual = 63162
INFO: [Common 17-2834] synth_design peak Physical Memory [PSS] (MB): overall = 3525.152; main = 3272.835; forked = 393.157
INFO: [Common 17-2834] synth_design peak Virtual Memory [VSS] (MB): overall = 4903.910; main = 3991.559; forked = 1013.711
INFO: [Coretcl 2-1174] Renamed 8 cell refs.
INFO: [Common 17-1381] The checkpoint '/home/ae_reviewer/TempGNN/build/baselines/rtga_timingfix_v3_hw/_x/link/vivado/vpl/prj/prj.runs/my_rm_synth_1/ulp.dcp' has been generated.
INFO: [Common 17-206] Exiting Vivado at Wed Jul 15 07:59:36 2026...
[Wed Jul 15 07:59:48 2026] my_rm_synth_1 finished
wait_on_runs: Time (s): cpu = 02:53:29 ; elapsed = 00:27:22 . Memory (MB): peak = 5184.426 ; gain = 0.000 ; free physical = 50657 ; free virtual = 66182
INFO: [OCL_UTIL] restore parameter general.maxThreads to 8
INFO: [OCL_UTIL] internal step: generating resource usage report '/home/ae_reviewer/TempGNN/build/baselines/rtga_timingfix_v3_hw/_x/link/vivado/vpl/output/resource.json'
INFO: [OCL_UTIL] internal step: log_generated_reports for synthesis '/home/ae_reviewer/TempGNN/build/baselines/rtga_timingfix_v3_hw/_x/link/vivado/vpl/output/generated_reports.log'
INFO: [OCL_UTIL] internal step: launched run my_rm_synth_1
WARNING: [Vivado 12-1022] No filesets matching 'my_rm'
INFO: [OCL_UTIL] internal step: launched run ulp_ii_level0_wire_0_synth_1
INFO: [OCL_UTIL] internal step: launched run ulp_proc_sys_reset_kernel_slr2_0_synth_1
INFO: [OCL_UTIL] internal step: launched run ulp_proc_sys_reset_kernel_slr1_0_synth_1
INFO: [OCL_UTIL] internal step: launched run ulp_proc_sys_reset_freerun_slr0_0_synth_1
INFO: [OCL_UTIL] internal step: launched run ulp_proc_sys_reset_kernel2_slr2_0_synth_1
INFO: [OCL_UTIL] internal step: launched run ulp_proc_sys_reset_kernel2_slr1_0_synth_1
INFO: [OCL_UTIL] internal step: launched run ulp_proc_sys_reset_freerun_slr2_0_synth_1
INFO: [OCL_UTIL] internal step: launched run ulp_proc_sys_reset_freerun_slr1_0_synth_1
INFO: [OCL_UTIL] internal step: launched run ulp_axi_vip_ctrl_userpf_0_synth_1
INFO: [OCL_UTIL] internal step: launched run ulp_axi_gpio_null_0_synth_1
INFO: [OCL_UTIL] internal step: launched run ulp_regslice_control_userpf_0_synth_1
INFO: [OCL_UTIL] internal step: launched run ulp_axi_gpio_null_2_synth_1
INFO: [OCL_UTIL] internal step: launched run ulp_axi_vip_ctrl_userpf_2_synth_1
INFO: [OCL_UTIL] internal step: launched run ulp_regslice_control_userpf_2_synth_1
INFO: [OCL_UTIL] internal step: launched run ulp_ulp_ucs_0_synth_1
INFO: [OCL_UTIL] internal step: launched run ulp_ulp_cmp_0_synth_1
INFO: [OCL_UTIL] internal step: launched run ulp_hmss_0_0_synth_1
INFO: [OCL_UTIL] internal step: launched run ulp_axi_vip_data_0_synth_1
INFO: [OCL_UTIL] internal step: launched run ulp_proc_sys_reset_ctrl_slr0_0_synth_1
INFO: [OCL_UTIL] internal step: launched run ulp_proc_sys_reset_kernel_slr0_0_synth_1
INFO: [OCL_UTIL] internal step: launched run ulp_proc_sys_reset_ctrl_slr2_0_synth_1
INFO: [OCL_UTIL] internal step: launched run ulp_proc_sys_reset_ctrl_slr1_0_synth_1
INFO: [OCL_UTIL] internal step: launched run ulp_proc_sys_reset_kernel2_slr0_0_synth_1
INFO: [OCL_UTIL] internal step: launched run ulp_axi_vip_ctrl_userpf_1_synth_1
INFO: [OCL_UTIL] internal step: launched run ulp_axi_gpio_null_1_synth_1
INFO: [OCL_UTIL] internal step: launched run ulp_regslice_control_userpf_1_synth_1
INFO: [OCL_UTIL] internal step: launched run bd_097b_user_debug_hub_0_synth_1
INFO: [OCL_UTIL] internal step: launched run bd_097b_user_debug_bridge_0_synth_1
INFO: [OCL_UTIL] internal step: launched run bd_7cf0_bs_switch_1_0_synth_1
INFO: [OCL_UTIL] internal step: launched run bd_7cf0_bsip_0_synth_1
INFO: [OCL_UTIL] internal step: launched run bd_85ad_slice11_10_0_synth_1
INFO: [OCL_UTIL] internal step: launched run ulp_clk_wiz_0_synth_1
INFO: [OCL_UTIL] internal step: launched run ulp_rtga_kernel_1_0_synth_1
INFO: [OCL_UTIL] internal step: launched run bd_097b_build_info_0_synth_1
INFO: [OCL_UTIL] internal step: launched run bd_7cf0_axi_jtag_0_synth_1
INFO: [OCL_UTIL] internal step: launched run bd_85ad_interconnect6_5_0_synth_1
INFO: [OCL_UTIL] internal step: launched run bd_58f6_xsdbm_0_synth_1
INFO: [OCL_UTIL] internal step: launched run bd_58f6_lut_buffer_0_synth_1
INFO: [OCL_UTIL] internal step: launched run bd_85ad_interconnect13_12_0_synth_1
INFO: [OCL_UTIL] internal step: launched run bd_22c0_xbar_1_synth_1
INFO: [OCL_UTIL] internal step: launched run bd_85ad_slice0_13_0_synth_1
INFO: [OCL_UTIL] internal step: launched run bd_22c0_fanout_aresetn_hbm_0_synth_1
INFO: [OCL_UTIL] internal step: launched run bd_85ad_slice1_0_0_synth_1
INFO: [OCL_UTIL] internal step: launched run bd_22c0_psreset_hbm_0_synth_1
INFO: [OCL_UTIL] internal step: launched run bd_22c0_psreset_kernel_00_0_synth_1
INFO: [OCL_UTIL] internal step: launched run bd_22c0_frequency_counter_aclk_hbm_0_synth_1
INFO: [OCL_UTIL] internal step: launched run bd_22c0_psreset_aclk_freerun_0_synth_1
INFO: [OCL_UTIL] internal step: launched run bd_22c0_clock_throttling_aclk_kernel_01_0_synth_1
INFO: [OCL_UTIL] internal step: launched run bd_22c0_clkwiz_aclk_kernel_01_0_synth_1
INFO: [OCL_UTIL] internal step: launched run bd_22c0_frequency_counter_aclk_0_synth_1
INFO: [OCL_UTIL] internal step: launched run bd_22c0_fanout_aresetn_kernel_01_slr2_4_0_synth_1
INFO: [OCL_UTIL] internal step: launched run bd_22c0_frequency_counter_aclk_kernel_00_0_synth_1
INFO: [OCL_UTIL] internal step: launched run bd_22c0_clkwiz_hbm_0_synth_1
INFO: [OCL_UTIL] internal step: launched run bd_22c0_aclk_kernel_00_cont_adapt_0_synth_1
INFO: [OCL_UTIL] internal step: launched run bd_22c0_aclk_kernel_00_adapt_0_synth_1
INFO: [OCL_UTIL] internal step: launched run ulp_xbar_3_synth_1
INFO: [OCL_UTIL] internal step: launched run bd_22c0_fanout_aresetn_kernel_01_slr2_3_0_synth_1
INFO: [OCL_UTIL] internal step: launched run bd_22c0_frequency_counter_aclk_kernel_01_0_synth_1
INFO: [OCL_UTIL] internal step: launched run bd_22c0_aclk_kernel_01_cont_adapt_0_synth_1
INFO: [OCL_UTIL] internal step: launched run bd_22c0_fanout_aresetn_kernel_00_slr1_4_0_synth_1
INFO: [OCL_UTIL] internal step: launched run bd_85ad_interconnect4_3_0_synth_1
INFO: [OCL_UTIL] internal step: launched run bd_22c0_clock_throttling_avg_0_synth_1
INFO: [OCL_UTIL] internal step: launched run bd_22c0_clkwiz_aclk_kernel_00_0_synth_1
INFO: [OCL_UTIL] internal step: launched run bd_22c0_aclk_kernel_01_adapt_0_synth_1
INFO: [OCL_UTIL] internal step: launched run bd_22c0_gapping_demand_toggle_0_synth_1
INFO: [OCL_UTIL] internal step: launched run bd_22c0_gapping_demand_update_0_synth_1
INFO: [OCL_UTIL] internal step: launched run bd_22c0_fanout_aresetn_ctrl_slr0_2_0_synth_1
INFO: [OCL_UTIL] internal step: launched run bd_22c0_build_info_0_synth_1
INFO: [OCL_UTIL] internal step: launched run bd_22c0_fanout_aresetn_kernel_01_slr2_2_0_synth_1
INFO: [OCL_UTIL] internal step: launched run bd_22c0_fanout_aresetn_kernel_01_slr2_1_0_synth_1
INFO: [OCL_UTIL] internal step: launched run bd_22c0_fanout_aresetn_kernel_01_slr1_1_0_synth_1
INFO: [OCL_UTIL] internal step: launched run bd_22c0_fanout_aresetn_kernel_01_slr1_3_0_synth_1
INFO: [OCL_UTIL] internal step: launched run bd_22c0_fanout_aresetn_kernel_00_slr1_2_0_synth_1
INFO: [OCL_UTIL] internal step: launched run bd_22c0_fanout_aresetn_kernel_01_slr0_2_0_synth_1
INFO: [OCL_UTIL] internal step: launched run bd_22c0_fanout_aresetn_kernel_01_slr0_4_0_synth_1
INFO: [OCL_UTIL] internal step: launched run bd_22c0_fanout_aresetn_kernel_01_slr0_3_0_synth_1
INFO: [OCL_UTIL] internal step: launched run bd_22c0_fanout_aresetn_kernel_01_slr0_1_0_synth_1
INFO: [OCL_UTIL] internal step: launched run bd_22c0_gpio_gapping_demand_0_synth_1
INFO: [OCL_UTIL] internal step: launched run bd_22c0_fanout_aresetn_pcie_slr0_3_0_synth_1
INFO: [OCL_UTIL] internal step: launched run bd_22c0_fanout_aresetn_pcie_slr0_1_0_synth_1
INFO: [OCL_UTIL] internal step: launched run bd_22c0_clock_shutdown_latch_0_synth_1
INFO: [OCL_UTIL] internal step: launched run bd_22c0_clk_hbm_adapt_0_synth_1
INFO: [OCL_UTIL] internal step: launched run bd_22c0_fanout_aresetn_ctrl_slr0_3_0_synth_1
INFO: [OCL_UTIL] internal step: launched run bd_22c0_fanout_aresetn_ctrl_slr0_1_0_synth_1
INFO: [OCL_UTIL] internal step: launched run bd_22c0_fanout_aresetn_ctrl_slr2_2_0_synth_1
INFO: [OCL_UTIL] internal step: launched run bd_22c0_fanout_aresetn_ctrl_slr2_3_0_synth_1
INFO: [OCL_UTIL] internal step: launched run bd_22c0_fanout_aresetn_ctrl_slr1_3_0_synth_1
INFO: [OCL_UTIL] internal step: launched run bd_22c0_fanout_aresetn_ctrl_slr2_4_0_synth_1
INFO: [OCL_UTIL] internal step: launched run bd_22c0_fanout_aresetn_ctrl_slr2_1_0_synth_1
INFO: [OCL_UTIL] internal step: launched run bd_22c0_fanout_aresetn_ctrl_slr0_4_0_synth_1
INFO: [OCL_UTIL] internal step: launched run bd_22c0_fanout_aresetn_ctrl_slr1_2_0_synth_1
INFO: [OCL_UTIL] internal step: launched run bd_22c0_fanout_aresetn_ctrl_slr1_4_0_synth_1
INFO: [OCL_UTIL] internal step: launched run bd_22c0_fanout_aresetn_ctrl_slr1_1_0_synth_1
INFO: [OCL_UTIL] internal step: launched run bd_22c0_fanout_aresetn_kernel_01_slr1_4_0_synth_1
INFO: [OCL_UTIL] internal step: launched run bd_22c0_fanout_aresetn_pcie_slr2_3_0_synth_1
INFO: [OCL_UTIL] internal step: launched run bd_22c0_fanout_aresetn_kernel_01_slr1_2_0_synth_1
INFO: [OCL_UTIL] internal step: launched run bd_22c0_fanout_aresetn_pcie_slr2_4_0_synth_1
INFO: [OCL_UTIL] internal step: launched run bd_22c0_fanout_aresetn_pcie_slr1_4_0_synth_1
INFO: [OCL_UTIL] internal step: launched run bd_22c0_fanout_aresetn_pcie_slr2_2_0_synth_1
INFO: [OCL_UTIL] internal step: launched run bd_22c0_fanout_aresetn_pcie_slr2_1_0_synth_1
INFO: [OCL_UTIL] internal step: launched run bd_22c0_fanout_aresetn_pcie_slr1_1_0_synth_1
INFO: [OCL_UTIL] internal step: launched run bd_22c0_fanout_aresetn_pcie_slr1_3_0_synth_1
INFO: [OCL_UTIL] internal step: launched run bd_22c0_fanout_aresetn_pcie_slr1_2_0_synth_1
INFO: [OCL_UTIL] internal step: launched run bd_22c0_fanout_aresetn_pcie_slr0_2_0_synth_1
INFO: [OCL_UTIL] internal step: launched run bd_22c0_fanout_aresetn_pcie_slr0_4_0_synth_1
INFO: [OCL_UTIL] internal step: launched run bd_22c0_fanout_aresetn_kernel_00_slr1_3_0_synth_1
INFO: [OCL_UTIL] internal step: launched run bd_22c0_fanout_aresetn_kernel_00_slr2_2_0_synth_1
INFO: [OCL_UTIL] internal step: launched run bd_22c0_fanout_aresetn_kernel_00_slr0_3_0_synth_1
INFO: [OCL_UTIL] internal step: launched run bd_22c0_fanout_aresetn_kernel_00_slr1_1_0_synth_1
INFO: [OCL_UTIL] internal step: launched run bd_22c0_fanout_aresetn_kernel_00_slr0_1_0_synth_1
INFO: [OCL_UTIL] internal step: launched run bd_22c0_fanout_aresetn_kernel_00_slr0_4_0_synth_1
INFO: [OCL_UTIL] internal step: launched run bd_22c0_fanout_aresetn_kernel_00_slr0_2_0_synth_1
INFO: [OCL_UTIL] internal step: launched run bd_22c0_xbar_0_synth_1
INFO: [OCL_UTIL] internal step: launched run bd_22c0_gpio_ucs_control_status_0_synth_1
INFO: [OCL_UTIL] internal step: launched run bd_22c0_psreset_kernel_01_0_synth_1
INFO: [OCL_UTIL] internal step: launched run bd_22c0_fanout_aresetn_kernel_00_slr2_4_0_synth_1
INFO: [OCL_UTIL] internal step: launched run bd_22c0_fanout_aresetn_kernel_00_slr2_3_0_synth_1
INFO: [OCL_UTIL] internal step: launched run bd_22c0_clock_throttling_aclk_kernel_00_0_synth_1
INFO: [OCL_UTIL] internal step: launched run bd_22c0_fanout_aresetn_kernel_00_slr2_1_0_synth_1
INFO: [OCL_UTIL] internal step: launched run bd_85ad_interconnect7_6_0_synth_1
INFO: [OCL_UTIL] internal step: launched run bd_85ad_slice6_5_0_synth_1
INFO: [OCL_UTIL] internal step: launched run ulp_rst_clk_wiz_225M_0_synth_1
INFO: [OCL_UTIL] internal step: launched run bd_85ad_init_reduce_0_synth_1
INFO: [OCL_UTIL] internal step: launched run bd_85ad_slice10_9_0_synth_1
INFO: [OCL_UTIL] internal step: launched run bd_85ad_interconnect0_13_0_synth_1
INFO: [OCL_UTIL] internal step: launched run bd_85ad_interconnect11_10_0_synth_1
INFO: [OCL_UTIL] internal step: launched run bd_85ad_slice5_4_0_synth_1
INFO: [OCL_UTIL] internal step: launched run bd_85ad_interconnect8_7_0_synth_1
INFO: [OCL_UTIL] internal step: launched run bd_85ad_slice3_2_0_synth_1
INFO: [OCL_UTIL] internal step: launched run bd_85ad_interconnect9_8_0_synth_1
INFO: [OCL_UTIL] internal step: launched run bd_85ad_interconnect2_1_0_synth_1
INFO: [OCL_UTIL] internal step: launched run bd_85ad_interconnect3_2_0_synth_1
INFO: [OCL_UTIL] internal step: launched run bd_85ad_slice9_8_0_synth_1
INFO: [OCL_UTIL] internal step: launched run bd_85ad_slice13_12_0_synth_1
INFO: [OCL_UTIL] internal step: launched run ulp_xbar_2_synth_1
INFO: [OCL_UTIL] internal step: launched run ulp_auto_cc_2_synth_1
INFO: [OCL_UTIL] internal step: launched run ulp_s00_regslice_19_synth_1
INFO: [OCL_UTIL] internal step: launched run bd_22c0_auto_cc_0_synth_1
INFO: [OCL_UTIL] internal step: launched run ulp_m01_regslice_0_synth_1
INFO: [OCL_UTIL] internal step: launched run ulp_s00_regslice_18_synth_1
INFO: [OCL_UTIL] internal step: launched run ulp_auto_cc_3_synth_1
INFO: [OCL_UTIL] internal step: launched run ulp_auto_cc_1_synth_1
INFO: [OCL_UTIL] internal step: launched run ulp_s00_regslice_20_synth_1
INFO: [OCL_UTIL] internal step: launched run ulp_auto_cc_0_synth_1
INFO: [OCL_UTIL] internal step: launched run bd_85ad_slice8_7_0_synth_1
INFO: [OCL_UTIL] internal step: launched run ulp_m00_regslice_0_synth_1
INFO: [OCL_UTIL] internal step: launched run bd_85ad_slice2_1_0_synth_1
INFO: [OCL_UTIL] internal step: launched run bd_85ad_interconnect5_4_0_synth_1
INFO: [OCL_UTIL] internal step: launched run bd_85ad_interconnect12_11_0_synth_1
INFO: [OCL_UTIL] internal step: launched run bd_85ad_slice7_6_0_synth_1
INFO: [OCL_UTIL] internal step: launched run bd_85ad_interconnect10_9_0_synth_1
INFO: [OCL_UTIL] internal step: launched run bd_85ad_slice4_3_0_synth_1
INFO: [OCL_UTIL] internal step: launched run bd_85ad_slice12_11_0_synth_1
INFO: [OCL_UTIL] internal step: launched run bd_85ad_vip_S00_0_synth_1
INFO: [OCL_UTIL] internal step: launched run bd_85ad_vip_S12_0_synth_1
INFO: [OCL_UTIL] internal step: launched run bd_85ad_vip_S13_0_synth_1
INFO: [OCL_UTIL] internal step: launched run bd_85ad_vip_S11_0_synth_1
INFO: [OCL_UTIL] internal step: launched run bd_85ad_vip_S09_0_synth_1
INFO: [OCL_UTIL] internal step: launched run bd_85ad_vip_S10_0_synth_1
INFO: [OCL_UTIL] internal step: launched run bd_85ad_vip_S08_0_synth_1
INFO: [OCL_UTIL] internal step: launched run bd_85ad_vip_S06_0_synth_1
INFO: [OCL_UTIL] internal step: launched run bd_85ad_vip_S07_0_synth_1
INFO: [OCL_UTIL] internal step: launched run bd_85ad_vip_S05_0_synth_1
INFO: [OCL_UTIL] internal step: launched run bd_85ad_vip_S04_0_synth_1
INFO: [OCL_UTIL] internal step: launched run bd_85ad_vip_S01_0_synth_1
INFO: [OCL_UTIL] internal step: launched run bd_85ad_interconnect1_0_0_synth_1
INFO: [OCL_UTIL] internal step: launched run bd_85ad_vip_S02_0_synth_1
INFO: [OCL_UTIL] internal step: launched run bd_85ad_vip_S03_0_synth_1
INFO: [OCL_UTIL] internal step: launched run bd_85ad_hbm_reset_sync_SLR2_0_synth_1
INFO: [OCL_UTIL] internal step: launched run bd_85ad_hbm_reset_sync_SLR0_0_synth_1
INFO: [OCL_UTIL] internal step: launched run bd_85ad_axi_apb_bridge_inst_0_synth_1
INFO: [OCL_UTIL] internal step: launched run bd_85ad_hbm_inst_0_synth_1
[07:59:52] Run vpl: Step synth: Completed
[07:59:52] Run vpl: Step impl: Started
INFO: [OCL_UTIL] current step: vpl.impl
INFO: [OCL_UTIL] internal step: launch_runs impl_1 -to_step write_bitstream -jobs 8  
INFO: [Runs 36-528] The project property MEM.ENABLE_MEMORY_MAP_GENERATION is set to false and the mmi file will not be created and you will not be able to run the updatemem program.
INFO: [Runs 36-528] The project property MEM.ENABLE_MEMORY_MAP_GENERATION is set to false and the mmi file will not be created and you will not be able to run the updatemem program.
[Wed Jul 15 07:59:53 2026] Launched impl_1...
Run output will be captured here: /home/ae_reviewer/TempGNN/build/baselines/rtga_timingfix_v3_hw/_x/link/vivado/vpl/prj/prj.runs/impl_1/runme.log
[Wed Jul 15 07:59:53 2026] Waiting for impl_1 to finish...

*** Running vivado
    with args -log level0_wrapper.vdi -applog -m64 -product Vivado -messageDb vivado.pb -mode batch -source level0_wrapper.tcl -notrace


****** Vivado v2023.2 (64-bit)
  **** SW Build 4029153 on Fri Oct 13 20:13:54 MDT 2023
  **** IP Build 4028589 on Sat Oct 14 00:45:43 MDT 2023
  **** SharedData Build 4025554 on Tue Oct 10 17:18:54 MDT 2023
    ** Copyright 1986-2022 Xilinx, Inc. All Rights Reserved.
    ** Copyright 2022-2023 Advanced Micro Devices, Inc. All Rights Reserved.

source level0_wrapper.tcl -notrace
INFO: Dispatch client connection id - 42955
source /home/ae_reviewer/TempGNN/build/baselines/rtga_timingfix_v3_hw/_x/link/vivado/vpl/scripts/impl_1/_full_init_pre.tcl
create_project: Time (s): cpu = 00:00:09 ; elapsed = 00:00:09 . Memory (MB): peak = 1355.375 ; gain = 39.836 ; free physical = 50231 ; free virtual = 65757
INFO: [IP_Flow 19-234] Refreshing IP repositories
INFO: [IP_Flow 19-1700] Loaded user IP repository '/home/ae_reviewer/TempGNN/build/baselines/rtga_timingfix_v3_hw/_x/link/int/xo/ip_repo/xilinx_com_hls_rtga_kernel_1_0'.
INFO: [IP_Flow 19-1700] Loaded user IP repository '/home/ae_reviewer/TempGNN/build/baselines/rtga_timingfix_v3_hw/_x/link/vivado/vpl/.local/hw_platform/iprepo'.
INFO: [IP_Flow 19-1700] Loaded user IP repository '/home/ae_reviewer/TempGNN/build/baselines/rtga_timingfix_v3_hw/_x/link/vivado/vpl/.local/hw_platform/ipcache'.
INFO: [IP_Flow 19-1700] Loaded user IP repository '/tools/Xilinx/Vitis/2023.2/data/ip'.
INFO: [IP_Flow 19-2313] Loaded Vivado IP repository '/tools/Xilinx/Vivado/2023.2/data/ip'.
WARNING: [IP_Flow 19-1663] Duplicate IP found for 'xilinx.com:ip:axi_clk_metadata_adapter:1.0'. The one found in IP location '/home/ae_reviewer/TempGNN/build/baselines/rtga_timingfix_v3_hw/_x/link/vivado/vpl/.local/hw_platform/iprepo/ipdefs/other_ipdefs/axi_clk_metadata_adapter_v1_0' will take precedence over the same IP in location /home/ae_reviewer/TempGNN/build/baselines/rtga_timingfix_v3_hw/_x/link/vivado/vpl/.local/hw_platform/iprepo/ipdefs/pxi_ii_infra/axi_clk_metadata_adapter_v1_0
WARNING: [IP_Flow 19-1663] Duplicate IP found for 'xilinx.com:ip:axis_clk_metadata_adapter:1.0'. The one found in IP location '/home/ae_reviewer/TempGNN/build/baselines/rtga_timingfix_v3_hw/_x/link/vivado/vpl/.local/hw_platform/iprepo/ipdefs/other_ipdefs/axis_clk_metadata_adapter_v1_0' will take precedence over the same IP in location /home/ae_reviewer/TempGNN/build/baselines/rtga_timingfix_v3_hw/_x/link/vivado/vpl/.local/hw_platform/iprepo/ipdefs/pxi_ii_infra/axis_clk_metadata_adapter_v1_0
WARNING: [IP_Flow 19-1663] Duplicate IP found for 'xilinx.com:ip:clk_metadata_adapter:1.0'. The one found in IP location '/home/ae_reviewer/TempGNN/build/baselines/rtga_timingfix_v3_hw/_x/link/vivado/vpl/.local/hw_platform/iprepo/ipdefs/other_ipdefs/clk_metadata_adapter_v1_0' will take precedence over the same IP in location /home/ae_reviewer/TempGNN/build/baselines/rtga_timingfix_v3_hw/_x/link/vivado/vpl/.local/hw_platform/iprepo/ipdefs/pxi_ii_infra/clk_metadata_adapter_v1_0
WARNING: [IP_Flow 19-1663] Duplicate IP found for 'xilinx.com:ip:pipeline_reg:1.0'. The one found in IP location '/home/ae_reviewer/TempGNN/build/baselines/rtga_timingfix_v3_hw/_x/link/vivado/vpl/.local/hw_platform/iprepo/ipdefs/other_ipdefs/pipeline_reg_v1_0' will take precedence over the same IP in location /home/ae_reviewer/TempGNN/build/baselines/rtga_timingfix_v3_hw/_x/link/vivado/vpl/.local/hw_platform/iprepo/ipdefs/pxi_ii_infra/pipeline_reg_v1_0
WARNING: [IP_Flow 19-1663] Duplicate IP found for 'xilinx.com:ip:shell_utils_build_info:1.0'. The one found in IP location '/home/ae_reviewer/TempGNN/build/baselines/rtga_timingfix_v3_hw/_x/link/vivado/vpl/.local/hw_platform/iprepo/ipdefs/other_ipdefs/shell_utils_build_info_v1_0' will take precedence over the same IP in the Xilinx installed IP.
Command: link_design -part xcu280-fsvh2892-2L-e -reconfig_partitions level0_i/ulp
Design is defaulting to srcset: sources_1
Design is defaulting to constrset: constrs_1
Design is defaulting to dcp top: level0_wrapper
INFO: [Device 21-403] Loading part xcu280-fsvh2892-2L-e
INFO: [Project 1-454] Reading design checkpoint '/home/ae_reviewer/TempGNN/build/baselines/rtga_timingfix_v3_hw/_x/link/vivado/vpl/prj/prj.runs/my_rm_synth_1/ulp.dcp' for cell 'level0_i/ulp'
INFO: [Project 1-454] Reading design checkpoint '/home/ae_reviewer/TempGNN/build/baselines/rtga_timingfix_v3_hw/_x/link/vivado/vpl/prj/prj.gen/my_rm/bd/ulp/ip/ulp_axi_vip_data_0/ulp_axi_vip_data_0.dcp' for cell 'level0_i/ulp/axi_vip_data'
INFO: [Project 1-454] Reading design checkpoint '/home/ae_reviewer/TempGNN/build/baselines/rtga_timingfix_v3_hw/_x/link/vivado/vpl/prj/prj.gen/my_rm/bd/ulp/ip/ulp_clk_wiz_0/ulp_clk_wiz_0.dcp' for cell 'level0_i/ulp/clk_wiz'
INFO: [Project 1-454] Reading design checkpoint '/home/ae_reviewer/TempGNN/build/baselines/rtga_timingfix_v3_hw/_x/link/vivado/vpl/prj/prj.gen/my_rm/bd/ulp/ip/ulp_hmss_0_0/ulp_hmss_0_0.dcp' for cell 'level0_i/ulp/hmss_0'
INFO: [Project 1-454] Reading design checkpoint '/home/ae_reviewer/TempGNN/build/baselines/rtga_timingfix_v3_hw/_x/link/vivado/vpl/prj/prj.gen/my_rm/bd/ulp/ip/ulp_ii_level0_wire_0/ulp_ii_level0_wire_0.dcp' for cell 'level0_i/ulp/ii_level0_wire'
INFO: [Project 1-454] Reading design checkpoint '/home/ae_reviewer/TempGNN/build/baselines/rtga_timingfix_v3_hw/_x/link/vivado/vpl/prj/prj.gen/my_rm/bd/ulp/ip/ulp_proc_sys_reset_ctrl_slr0_0/ulp_proc_sys_reset_ctrl_slr0_0.dcp' for cell 'level0_i/ulp/proc_sys_reset_ctrl_slr0'
INFO: [Project 1-454] Reading design checkpoint '/home/ae_reviewer/TempGNN/build/baselines/rtga_timingfix_v3_hw/_x/link/vivado/vpl/prj/prj.gen/my_rm/bd/ulp/ip/ulp_proc_sys_reset_ctrl_slr1_0/ulp_proc_sys_reset_ctrl_slr1_0.dcp' for cell 'level0_i/ulp/proc_sys_reset_ctrl_slr1'
INFO: [Project 1-454] Reading design checkpoint '/home/ae_reviewer/TempGNN/build/baselines/rtga_timingfix_v3_hw/_x/link/vivado/vpl/prj/prj.gen/my_rm/bd/ulp/ip/ulp_proc_sys_reset_ctrl_slr2_0/ulp_proc_sys_reset_ctrl_slr2_0.dcp' for cell 'level0_i/ulp/proc_sys_reset_ctrl_slr2'
INFO: [Project 1-454] Reading design checkpoint '/home/ae_reviewer/TempGNN/build/baselines/rtga_timingfix_v3_hw/_x/link/vivado/vpl/prj/prj.gen/my_rm/bd/ulp/ip/ulp_proc_sys_reset_freerun_slr0_0/ulp_proc_sys_reset_freerun_slr0_0.dcp' for cell 'level0_i/ulp/proc_sys_reset_freerun_slr0'
INFO: [Project 1-454] Reading design checkpoint '/home/ae_reviewer/TempGNN/build/baselines/rtga_timingfix_v3_hw/_x/link/vivado/vpl/prj/prj.gen/my_rm/bd/ulp/ip/ulp_proc_sys_reset_freerun_slr1_0/ulp_proc_sys_reset_freerun_slr1_0.dcp' for cell 'level0_i/ulp/proc_sys_reset_freerun_slr1'
INFO: [Project 1-454] Reading design checkpoint '/home/ae_reviewer/TempGNN/build/baselines/rtga_timingfix_v3_hw/_x/link/vivado/vpl/prj/prj.gen/my_rm/bd/ulp/ip/ulp_proc_sys_reset_freerun_slr2_0/ulp_proc_sys_reset_freerun_slr2_0.dcp' for cell 'level0_i/ulp/proc_sys_reset_freerun_slr2'
INFO: [Project 1-454] Reading design checkpoint '/home/ae_reviewer/TempGNN/build/baselines/rtga_timingfix_v3_hw/_x/link/vivado/vpl/prj/prj.gen/my_rm/bd/ulp/ip/ulp_proc_sys_reset_kernel2_slr0_0/ulp_proc_sys_reset_kernel2_slr0_0.dcp' for cell 'level0_i/ulp/proc_sys_reset_kernel2_slr0'
INFO: [Project 1-454] Reading design checkpoint '/home/ae_reviewer/TempGNN/build/baselines/rtga_timingfix_v3_hw/_x/link/vivado/vpl/prj/prj.gen/my_rm/bd/ulp/ip/ulp_proc_sys_reset_kernel2_slr1_0/ulp_proc_sys_reset_kernel2_slr1_0.dcp' for cell 'level0_i/ulp/proc_sys_reset_kernel2_slr1'
INFO: [Project 1-454] Reading design checkpoint '/home/ae_reviewer/TempGNN/build/baselines/rtga_timingfix_v3_hw/_x/link/vivado/vpl/prj/prj.gen/my_rm/bd/ulp/ip/ulp_proc_sys_reset_kernel2_slr2_0/ulp_proc_sys_reset_kernel2_slr2_0.dcp' for cell 'level0_i/ulp/proc_sys_reset_kernel2_slr2'
INFO: [Project 1-454] Reading design checkpoint '/home/ae_reviewer/TempGNN/build/baselines/rtga_timingfix_v3_hw/_x/link/vivado/vpl/prj/prj.gen/my_rm/bd/ulp/ip/ulp_proc_sys_reset_kernel_slr0_0/ulp_proc_sys_reset_kernel_slr0_0.dcp' for cell 'level0_i/ulp/proc_sys_reset_kernel_slr0'
INFO: [Project 1-454] Reading design checkpoint '/home/ae_reviewer/TempGNN/build/baselines/rtga_timingfix_v3_hw/_x/link/vivado/vpl/prj/prj.gen/my_rm/bd/ulp/ip/ulp_proc_sys_reset_kernel_slr1_0/ulp_proc_sys_reset_kernel_slr1_0.dcp' for cell 'level0_i/ulp/proc_sys_reset_kernel_slr1'
INFO: [Project 1-454] Reading design checkpoint '/home/ae_reviewer/TempGNN/build/baselines/rtga_timingfix_v3_hw/_x/link/vivado/vpl/prj/prj.gen/my_rm/bd/ulp/ip/ulp_proc_sys_reset_kernel_slr2_0/ulp_proc_sys_reset_kernel_slr2_0.dcp' for cell 'level0_i/ulp/proc_sys_reset_kernel_slr2'
INFO: [Project 1-454] Reading design checkpoint '/home/ae_reviewer/TempGNN/build/baselines/rtga_timingfix_v3_hw/_x/link/vivado/vpl/prj/prj.gen/my_rm/bd/ulp/ip/ulp_rst_clk_wiz_225M_0/ulp_rst_clk_wiz_225M_0.dcp' for cell 'level0_i/ulp/rst_clk_wiz_225M'
INFO: [Project 1-454] Reading design checkpoint '/home/ae_reviewer/TempGNN/build/baselines/rtga_timingfix_v3_hw/_x/link/vivado/vpl/prj/prj.gen/my_rm/bd/ulp/ip/ulp_rtga_kernel_1_0/ulp_rtga_kernel_1_0.dcp' for cell 'level0_i/ulp/rtga_kernel_1'
INFO: [Project 1-454] Reading design checkpoint '/home/ae_reviewer/TempGNN/build/baselines/rtga_timingfix_v3_hw/_x/link/vivado/vpl/prj/prj.gen/my_rm/bd/ulp/ip/ulp_ulp_cmp_0/ulp_ulp_cmp_0.dcp' for cell 'level0_i/ulp/ulp_cmp'
INFO: [Project 1-454] Reading design checkpoint '/home/ae_reviewer/TempGNN/build/baselines/rtga_timingfix_v3_hw/_x/link/vivado/vpl/prj/prj.gen/my_rm/bd/ulp/ip/ulp_ulp_ucs_0/ulp_ulp_ucs_0.dcp' for cell 'level0_i/ulp/ulp_ucs'
INFO: [Project 1-454] Reading design checkpoint '/home/ae_reviewer/TempGNN/build/baselines/rtga_timingfix_v3_hw/_x/link/vivado/vpl/prj/prj.gen/my_rm/bd/ulp/ip/ulp_axi_gpio_null_0/ulp_axi_gpio_null_0.dcp' for cell 'level0_i/ulp/SLR0/axi_gpio_null'
INFO: [Project 1-454] Reading design checkpoint '/home/ae_reviewer/TempGNN/build/baselines/rtga_timingfix_v3_hw/_x/link/vivado/vpl/prj/prj.gen/my_rm/bd/ulp/ip/ulp_axi_vip_ctrl_userpf_0/ulp_axi_vip_ctrl_userpf_0.dcp' for cell 'level0_i/ulp/SLR0/axi_vip_ctrl_userpf'
INFO: [Project 1-454] Reading design checkpoint '/home/ae_reviewer/TempGNN/build/baselines/rtga_timingfix_v3_hw/_x/link/vivado/vpl/prj/prj.gen/my_rm/bd/ulp/ip/ulp_regslice_control_userpf_0/ulp_regslice_control_userpf_0.dcp' for cell 'level0_i/ulp/SLR0/regslice_control_userpf'
INFO: [Project 1-454] Reading design checkpoint '/home/ae_reviewer/TempGNN/build/baselines/rtga_timingfix_v3_hw/_x/link/vivado/vpl/prj/prj.gen/my_rm/bd/ulp/ip/ulp_xbar_3/ulp_xbar_3.dcp' for cell 'level0_i/ulp/SLR0/interconnect_axilite_user/xbar'
INFO: [Project 1-454] Reading design checkpoint '/home/ae_reviewer/TempGNN/build/baselines/rtga_timingfix_v3_hw/_x/link/vivado/vpl/prj/prj.gen/my_rm/bd/ulp/ip/ulp_auto_cc_0/ulp_auto_cc_0.dcp' for cell 'level0_i/ulp/SLR0/interconnect_axilite_user/m00_couplers/auto_cc'
INFO: [Project 1-454] Reading design checkpoint '/home/ae_reviewer/TempGNN/build/baselines/rtga_timingfix_v3_hw/_x/link/vivado/vpl/prj/prj.gen/my_rm/bd/ulp/ip/ulp_m00_regslice_0/ulp_m00_regslice_0.dcp' for cell 'level0_i/ulp/SLR0/interconnect_axilite_user/m00_couplers/m00_regslice'
INFO: [Project 1-454] Reading design checkpoint '/home/ae_reviewer/TempGNN/build/baselines/rtga_timingfix_v3_hw/_x/link/vivado/vpl/prj/prj.gen/my_rm/bd/ulp/ip/ulp_auto_cc_1/ulp_auto_cc_1.dcp' for cell 'level0_i/ulp/SLR0/interconnect_axilite_user/m01_couplers/auto_cc'
INFO: [Project 1-454] Reading design checkpoint '/home/ae_reviewer/TempGNN/build/baselines/rtga_timingfix_v3_hw/_x/link/vivado/vpl/prj/prj.gen/my_rm/bd/ulp/ip/ulp_m01_regslice_0/ulp_m01_regslice_0.dcp' for cell 'level0_i/ulp/SLR0/interconnect_axilite_user/m01_couplers/m01_regslice'
INFO: [Project 1-454] Reading design checkpoint '/home/ae_reviewer/TempGNN/build/baselines/rtga_timingfix_v3_hw/_x/link/vivado/vpl/prj/prj.gen/my_rm/bd/ulp/ip/ulp_s00_regslice_18/ulp_s00_regslice_18.dcp' for cell 'level0_i/ulp/SLR0/interconnect_axilite_user/s00_couplers/s00_regslice'
INFO: [Project 1-454] Reading design checkpoint '/home/ae_reviewer/TempGNN/build/baselines/rtga_timingfix_v3_hw/_x/link/vivado/vpl/prj/prj.gen/my_rm/bd/ulp/ip/ulp_axi_gpio_null_1/ulp_axi_gpio_null_1.dcp' for cell 'level0_i/ulp/SLR1/axi_gpio_null'
INFO: [Project 1-454] Reading design checkpoint '/home/ae_reviewer/TempGNN/build/baselines/rtga_timingfix_v3_hw/_x/link/vivado/vpl/prj/prj.gen/my_rm/bd/ulp/ip/ulp_axi_vip_ctrl_userpf_1/ulp_axi_vip_ctrl_userpf_1.dcp' for cell 'level0_i/ulp/SLR1/axi_vip_ctrl_userpf'
INFO: [Project 1-454] Reading design checkpoint '/home/ae_reviewer/TempGNN/build/baselines/rtga_timingfix_v3_hw/_x/link/vivado/vpl/prj/prj.gen/my_rm/bd/ulp/ip/ulp_regslice_control_userpf_1/ulp_regslice_control_userpf_1.dcp' for cell 'level0_i/ulp/SLR1/regslice_control_userpf'
INFO: [Project 1-454] Reading design checkpoint '/home/ae_reviewer/TempGNN/build/baselines/rtga_timingfix_v3_hw/_x/link/vivado/vpl/prj/prj.gen/my_rm/bd/ulp/ip/ulp_auto_cc_2/ulp_auto_cc_2.dcp' for cell 'level0_i/ulp/SLR1/interconnect_axilite_user/s00_couplers/auto_cc'
INFO: [Project 1-454] Reading design checkpoint '/home/ae_reviewer/TempGNN/build/baselines/rtga_timingfix_v3_hw/_x/link/vivado/vpl/prj/prj.gen/my_rm/bd/ulp/ip/ulp_s00_regslice_19/ulp_s00_regslice_19.dcp' for cell 'level0_i/ulp/SLR1/interconnect_axilite_user/s00_couplers/s00_regslice'
INFO: [Project 1-454] Reading design checkpoint '/home/ae_reviewer/TempGNN/build/baselines/rtga_timingfix_v3_hw/_x/link/vivado/vpl/prj/prj.gen/my_rm/bd/ulp/ip/ulp_axi_gpio_null_2/ulp_axi_gpio_null_2.dcp' for cell 'level0_i/ulp/SLR2/axi_gpio_null'
INFO: [Project 1-454] Reading design checkpoint '/home/ae_reviewer/TempGNN/build/baselines/rtga_timingfix_v3_hw/_x/link/vivado/vpl/prj/prj.gen/my_rm/bd/ulp/ip/ulp_axi_vip_ctrl_userpf_2/ulp_axi_vip_ctrl_userpf_2.dcp' for cell 'level0_i/ulp/SLR2/axi_vip_ctrl_userpf'
INFO: [Project 1-454] Reading design checkpoint '/home/ae_reviewer/TempGNN/build/baselines/rtga_timingfix_v3_hw/_x/link/vivado/vpl/prj/prj.gen/my_rm/bd/ulp/ip/ulp_regslice_control_userpf_2/ulp_regslice_control_userpf_2.dcp' for cell 'level0_i/ulp/SLR2/regslice_control_userpf'
INFO: [Project 1-454] Reading design checkpoint '/home/ae_reviewer/TempGNN/build/baselines/rtga_timingfix_v3_hw/_x/link/vivado/vpl/prj/prj.gen/my_rm/bd/ulp/ip/ulp_auto_cc_3/ulp_auto_cc_3.dcp' for cell 'level0_i/ulp/SLR2/interconnect_axilite_user/s00_couplers/auto_cc'
INFO: [Project 1-454] Reading design checkpoint '/home/ae_reviewer/TempGNN/build/baselines/rtga_timingfix_v3_hw/_x/link/vivado/vpl/prj/prj.gen/my_rm/bd/ulp/ip/ulp_s00_regslice_20/ulp_s00_regslice_20.dcp' for cell 'level0_i/ulp/SLR2/interconnect_axilite_user/s00_couplers/s00_regslice'
INFO: [Project 1-454] Reading design checkpoint '/home/ae_reviewer/TempGNN/build/baselines/rtga_timingfix_v3_hw/_x/link/vivado/vpl/prj/prj.gen/my_rm/bd/ulp/ip/ulp_xbar_2/ulp_xbar_2.dcp' for cell 'level0_i/ulp/axi_ic_ctrl_mgmt_slr1/xbar'
INFO: [Project 1-454] Reading design checkpoint '/home/ae_reviewer/TempGNN/build/baselines/rtga_timingfix_v3_hw/_x/link/vivado/vpl/prj/prj.gen/my_rm/bd/ulp/ip/ulp_hmss_0_0/bd_0/ip/ip_45/bd_85ad_axi_apb_bridge_inst_0.dcp' for cell 'level0_i/ulp/hmss_0/inst/axi_apb_bridge_inst'
INFO: [Project 1-454] Reading design checkpoint '/home/ae_reviewer/TempGNN/build/baselines/rtga_timingfix_v3_hw/_x/link/vivado/vpl/prj/prj.gen/my_rm/bd/ulp/ip/ulp_hmss_0_0/bd_0/ip/ip_0/bd_85ad_hbm_inst_0.dcp' for cell 'level0_i/ulp/hmss_0/inst/hbm_inst'
INFO: [Project 1-454] Reading design checkpoint '/home/ae_reviewer/TempGNN/build/baselines/rtga_timingfix_v3_hw/_x/link/vivado/vpl/prj/prj.gen/my_rm/bd/ulp/ip/ulp_hmss_0_0/bd_0/ip/ip_1/bd_85ad_hbm_reset_sync_SLR0_0.dcp' for cell 'level0_i/ulp/hmss_0/inst/hbm_reset_sync_SLR0'
INFO: [Project 1-454] Reading design checkpoint '/home/ae_reviewer/TempGNN/build/baselines/rtga_timingfix_v3_hw/_x/link/vivado/vpl/prj/prj.gen/my_rm/bd/ulp/ip/ulp_hmss_0_0/bd_0/ip/ip_2/bd_85ad_hbm_reset_sync_SLR2_0.dcp' for cell 'level0_i/ulp/hmss_0/inst/hbm_reset_sync_SLR2'
INFO: [Project 1-454] Reading design checkpoint '/home/ae_reviewer/TempGNN/build/baselines/rtga_timingfix_v3_hw/_x/link/vivado/vpl/prj/prj.gen/my_rm/bd/ulp/ip/ulp_hmss_0_0/bd_0/ip/ip_44/bd_85ad_vip_S00_0.dcp' for cell 'level0_i/ulp/hmss_0/inst/vip_S00'
INFO: [Project 1-454] Reading design checkpoint '/home/ae_reviewer/TempGNN/build/baselines/rtga_timingfix_v3_hw/_x/link/vivado/vpl/prj/prj.gen/my_rm/bd/ulp/ip/ulp_hmss_0_0/bd_0/ip/ip_5/bd_85ad_vip_S01_0.dcp' for cell 'level0_i/ulp/hmss_0/inst/vip_S01'
INFO: [Project 1-454] Reading design checkpoint '/home/ae_reviewer/TempGNN/build/baselines/rtga_timingfix_v3_hw/_x/link/vivado/vpl/prj/prj.gen/my_rm/bd/ulp/ip/ulp_hmss_0_0/bd_0/ip/ip_8/bd_85ad_vip_S02_0.dcp' for cell 'level0_i/ulp/hmss_0/inst/vip_S02'
INFO: [Project 1-454] Reading design checkpoint '/home/ae_reviewer/TempGNN/build/baselines/rtga_timingfix_v3_hw/_x/link/vivado/vpl/prj/prj.gen/my_rm/bd/ulp/ip/ulp_hmss_0_0/bd_0/ip/ip_11/bd_85ad_vip_S03_0.dcp' for cell 'level0_i/ulp/hmss_0/inst/vip_S03'
INFO: [Project 1-454] Reading design checkpoint '/home/ae_reviewer/TempGNN/build/baselines/rtga_timingfix_v3_hw/_x/link/vivado/vpl/prj/prj.gen/my_rm/bd/ulp/ip/ulp_hmss_0_0/bd_0/ip/ip_14/bd_85ad_vip_S04_0.dcp' for cell 'level0_i/ulp/hmss_0/inst/vip_S04'
INFO: [Project 1-454] Reading design checkpoint '/home/ae_reviewer/TempGNN/build/baselines/rtga_timingfix_v3_hw/_x/link/vivado/vpl/prj/prj.gen/my_rm/bd/ulp/ip/ulp_hmss_0_0/bd_0/ip/ip_17/bd_85ad_vip_S05_0.dcp' for cell 'level0_i/ulp/hmss_0/inst/vip_S05'
INFO: [Project 1-454] Reading design checkpoint '/home/ae_reviewer/TempGNN/build/baselines/rtga_timingfix_v3_hw/_x/link/vivado/vpl/prj/prj.gen/my_rm/bd/ulp/ip/ulp_hmss_0_0/bd_0/ip/ip_20/bd_85ad_vip_S06_0.dcp' for cell 'level0_i/ulp/hmss_0/inst/vip_S06'
INFO: [Project 1-454] Reading design checkpoint '/home/ae_reviewer/TempGNN/build/baselines/rtga_timingfix_v3_hw/_x/link/vivado/vpl/prj/prj.gen/my_rm/bd/ulp/ip/ulp_hmss_0_0/bd_0/ip/ip_23/bd_85ad_vip_S07_0.dcp' for cell 'level0_i/ulp/hmss_0/inst/vip_S07'
INFO: [Project 1-454] Reading design checkpoint '/home/ae_reviewer/TempGNN/build/baselines/rtga_timingfix_v3_hw/_x/link/vivado/vpl/prj/prj.gen/my_rm/bd/ulp/ip/ulp_hmss_0_0/bd_0/ip/ip_26/bd_85ad_vip_S08_0.dcp' for cell 'level0_i/ulp/hmss_0/inst/vip_S08'
INFO: [Project 1-454] Reading design checkpoint '/home/ae_reviewer/TempGNN/build/baselines/rtga_timingfix_v3_hw/_x/link/vivado/vpl/prj/prj.gen/my_rm/bd/ulp/ip/ulp_hmss_0_0/bd_0/ip/ip_29/bd_85ad_vip_S09_0.dcp' for cell 'level0_i/ulp/hmss_0/inst/vip_S09'
INFO: [Project 1-454] Reading design checkpoint '/home/ae_reviewer/TempGNN/build/baselines/rtga_timingfix_v3_hw/_x/link/vivado/vpl/prj/prj.gen/my_rm/bd/ulp/ip/ulp_hmss_0_0/bd_0/ip/ip_32/bd_85ad_vip_S10_0.dcp' for cell 'level0_i/ulp/hmss_0/inst/vip_S10'
INFO: [Project 1-454] Reading design checkpoint '/home/ae_reviewer/TempGNN/build/baselines/rtga_timingfix_v3_hw/_x/link/vivado/vpl/prj/prj.gen/my_rm/bd/ulp/ip/ulp_hmss_0_0/bd_0/ip/ip_35/bd_85ad_vip_S11_0.dcp' for cell 'level0_i/ulp/hmss_0/inst/vip_S11'
INFO: [Project 1-454] Reading design checkpoint '/home/ae_reviewer/TempGNN/build/baselines/rtga_timingfix_v3_hw/_x/link/vivado/vpl/prj/prj.gen/my_rm/bd/ulp/ip/ulp_hmss_0_0/bd_0/ip/ip_38/bd_85ad_vip_S12_0.dcp' for cell 'level0_i/ulp/hmss_0/inst/vip_S12'
INFO: [Project 1-454] Reading design checkpoint '/home/ae_reviewer/TempGNN/build/baselines/rtga_timingfix_v3_hw/_x/link/vivado/vpl/prj/prj.gen/my_rm/bd/ulp/ip/ulp_hmss_0_0/bd_0/ip/ip_41/bd_85ad_vip_S13_0.dcp' for cell 'level0_i/ulp/hmss_0/inst/vip_S13'
INFO: [Project 1-454] Reading design checkpoint '/home/ae_reviewer/TempGNN/build/baselines/rtga_timingfix_v3_hw/_x/link/vivado/vpl/prj/prj.gen/my_rm/bd/ulp/ip/ulp_hmss_0_0/bd_0/ip/ip_47/bd_85ad_init_reduce_0.dcp' for cell 'level0_i/ulp/hmss_0/inst/init_logic/init_reduce'
INFO: [Project 1-454] Reading design checkpoint '/home/ae_reviewer/TempGNN/build/baselines/rtga_timingfix_v3_hw/_x/link/vivado/vpl/prj/prj.gen/my_rm/bd/ulp/ip/ulp_hmss_0_0/bd_0/ip/ip_3/bd_85ad_interconnect1_0_0.dcp' for cell 'level0_i/ulp/hmss_0/inst/path_0/interconnect1_0'
INFO: [Project 1-454] Reading design checkpoint '/home/ae_reviewer/TempGNN/build/baselines/rtga_timingfix_v3_hw/_x/link/vivado/vpl/prj/prj.gen/my_rm/bd/ulp/ip/ulp_hmss_0_0/bd_0/ip/ip_4/bd_85ad_slice1_0_0.dcp' for cell 'level0_i/ulp/hmss_0/inst/path_0/slice1_0'
INFO: [Project 1-454] Reading design checkpoint '/home/ae_reviewer/TempGNN/build/baselines/rtga_timingfix_v3_hw/_x/link/vivado/vpl/prj/prj.gen/my_rm/bd/ulp/ip/ulp_hmss_0_0/bd_0/ip/ip_6/bd_85ad_interconnect2_1_0.dcp' for cell 'level0_i/ulp/hmss_0/inst/path_1/interconnect2_1'
INFO: [Project 1-454] Reading design checkpoint '/home/ae_reviewer/TempGNN/build/baselines/rtga_timingfix_v3_hw/_x/link/vivado/vpl/prj/prj.gen/my_rm/bd/ulp/ip/ulp_hmss_0_0/bd_0/ip/ip_7/bd_85ad_slice2_1_0.dcp' for cell 'level0_i/ulp/hmss_0/inst/path_1/slice2_1'
INFO: [Project 1-454] Reading design checkpoint '/home/ae_reviewer/TempGNN/build/baselines/rtga_timingfix_v3_hw/_x/link/vivado/vpl/prj/prj.gen/my_rm/bd/ulp/ip/ulp_hmss_0_0/bd_0/ip/ip_33/bd_85ad_interconnect11_10_0.dcp' for cell 'level0_i/ulp/hmss_0/inst/path_10/interconnect11_10'
INFO: [Project 1-454] Reading design checkpoint '/home/ae_reviewer/TempGNN/build/baselines/rtga_timingfix_v3_hw/_x/link/vivado/vpl/prj/prj.gen/my_rm/bd/ulp/ip/ulp_hmss_0_0/bd_0/ip/ip_34/bd_85ad_slice11_10_0.dcp' for cell 'level0_i/ulp/hmss_0/inst/path_10/slice11_10'
INFO: [Project 1-454] Reading design checkpoint '/home/ae_reviewer/TempGNN/build/baselines/rtga_timingfix_v3_hw/_x/link/vivado/vpl/prj/prj.gen/my_rm/bd/ulp/ip/ulp_hmss_0_0/bd_0/ip/ip_36/bd_85ad_interconnect12_11_0.dcp' for cell 'level0_i/ulp/hmss_0/inst/path_11/interconnect12_11'
INFO: [Project 1-454] Reading design checkpoint '/home/ae_reviewer/TempGNN/build/baselines/rtga_timingfix_v3_hw/_x/link/vivado/vpl/prj/prj.gen/my_rm/bd/ulp/ip/ulp_hmss_0_0/bd_0/ip/ip_37/bd_85ad_slice12_11_0.dcp' for cell 'level0_i/ulp/hmss_0/inst/path_11/slice12_11'
INFO: [Project 1-454] Reading design checkpoint '/home/ae_reviewer/TempGNN/build/baselines/rtga_timingfix_v3_hw/_x/link/vivado/vpl/prj/prj.gen/my_rm/bd/ulp/ip/ulp_hmss_0_0/bd_0/ip/ip_39/bd_85ad_interconnect13_12_0.dcp' for cell 'level0_i/ulp/hmss_0/inst/path_12/interconnect13_12'
INFO: [Project 1-454] Reading design checkpoint '/home/ae_reviewer/TempGNN/build/baselines/rtga_timingfix_v3_hw/_x/link/vivado/vpl/prj/prj.gen/my_rm/bd/ulp/ip/ulp_hmss_0_0/bd_0/ip/ip_40/bd_85ad_slice13_12_0.dcp' for cell 'level0_i/ulp/hmss_0/inst/path_12/slice13_12'
INFO: [Project 1-454] Reading design checkpoint '/home/ae_reviewer/TempGNN/build/baselines/rtga_timingfix_v3_hw/_x/link/vivado/vpl/prj/prj.gen/my_rm/bd/ulp/ip/ulp_hmss_0_0/bd_0/ip/ip_42/bd_85ad_interconnect0_13_0.dcp' for cell 'level0_i/ulp/hmss_0/inst/path_13/interconnect0_13'
INFO: [Project 1-454] Reading design checkpoint '/home/ae_reviewer/TempGNN/build/baselines/rtga_timingfix_v3_hw/_x/link/vivado/vpl/prj/prj.gen/my_rm/bd/ulp/ip/ulp_hmss_0_0/bd_0/ip/ip_43/bd_85ad_slice0_13_0.dcp' for cell 'level0_i/ulp/hmss_0/inst/path_13/slice0_13'
INFO: [Project 1-454] Reading design checkpoint '/home/ae_reviewer/TempGNN/build/baselines/rtga_timingfix_v3_hw/_x/link/vivado/vpl/prj/prj.gen/my_rm/bd/ulp/ip/ulp_hmss_0_0/bd_0/ip/ip_9/bd_85ad_interconnect3_2_0.dcp' for cell 'level0_i/ulp/hmss_0/inst/path_2/interconnect3_2'
INFO: [Project 1-454] Reading design checkpoint '/home/ae_reviewer/TempGNN/build/baselines/rtga_timingfix_v3_hw/_x/link/vivado/vpl/prj/prj.gen/my_rm/bd/ulp/ip/ulp_hmss_0_0/bd_0/ip/ip_10/bd_85ad_slice3_2_0.dcp' for cell 'level0_i/ulp/hmss_0/inst/path_2/slice3_2'
INFO: [Project 1-454] Reading design checkpoint '/home/ae_reviewer/TempGNN/build/baselines/rtga_timingfix_v3_hw/_x/link/vivado/vpl/prj/prj.gen/my_rm/bd/ulp/ip/ulp_hmss_0_0/bd_0/ip/ip_12/bd_85ad_interconnect4_3_0.dcp' for cell 'level0_i/ulp/hmss_0/inst/path_3/interconnect4_3'
INFO: [Project 1-454] Reading design checkpoint '/home/ae_reviewer/TempGNN/build/baselines/rtga_timingfix_v3_hw/_x/link/vivado/vpl/prj/prj.gen/my_rm/bd/ulp/ip/ulp_hmss_0_0/bd_0/ip/ip_13/bd_85ad_slice4_3_0.dcp' for cell 'level0_i/ulp/hmss_0/inst/path_3/slice4_3'
INFO: [Project 1-454] Reading design checkpoint '/home/ae_reviewer/TempGNN/build/baselines/rtga_timingfix_v3_hw/_x/link/vivado/vpl/prj/prj.gen/my_rm/bd/ulp/ip/ulp_hmss_0_0/bd_0/ip/ip_15/bd_85ad_interconnect5_4_0.dcp' for cell 'level0_i/ulp/hmss_0/inst/path_4/interconnect5_4'
INFO: [Project 1-454] Reading design checkpoint '/home/ae_reviewer/TempGNN/build/baselines/rtga_timingfix_v3_hw/_x/link/vivado/vpl/prj/prj.gen/my_rm/bd/ulp/ip/ulp_hmss_0_0/bd_0/ip/ip_16/bd_85ad_slice5_4_0.dcp' for cell 'level0_i/ulp/hmss_0/inst/path_4/slice5_4'
INFO: [Project 1-454] Reading design checkpoint '/home/ae_reviewer/TempGNN/build/baselines/rtga_timingfix_v3_hw/_x/link/vivado/vpl/prj/prj.gen/my_rm/bd/ulp/ip/ulp_hmss_0_0/bd_0/ip/ip_18/bd_85ad_interconnect6_5_0.dcp' for cell 'level0_i/ulp/hmss_0/inst/path_5/interconnect6_5'
INFO: [Project 1-454] Reading design checkpoint '/home/ae_reviewer/TempGNN/build/baselines/rtga_timingfix_v3_hw/_x/link/vivado/vpl/prj/prj.gen/my_rm/bd/ulp/ip/ulp_hmss_0_0/bd_0/ip/ip_19/bd_85ad_slice6_5_0.dcp' for cell 'level0_i/ulp/hmss_0/inst/path_5/slice6_5'
INFO: [Project 1-454] Reading design checkpoint '/home/ae_reviewer/TempGNN/build/baselines/rtga_timingfix_v3_hw/_x/link/vivado/vpl/prj/prj.gen/my_rm/bd/ulp/ip/ulp_hmss_0_0/bd_0/ip/ip_21/bd_85ad_interconnect7_6_0.dcp' for cell 'level0_i/ulp/hmss_0/inst/path_6/interconnect7_6'
INFO: [Project 1-454] Reading design checkpoint '/home/ae_reviewer/TempGNN/build/baselines/rtga_timingfix_v3_hw/_x/link/vivado/vpl/prj/prj.gen/my_rm/bd/ulp/ip/ulp_hmss_0_0/bd_0/ip/ip_22/bd_85ad_slice7_6_0.dcp' for cell 'level0_i/ulp/hmss_0/inst/path_6/slice7_6'
INFO: [Project 1-454] Reading design checkpoint '/home/ae_reviewer/TempGNN/build/baselines/rtga_timingfix_v3_hw/_x/link/vivado/vpl/prj/prj.gen/my_rm/bd/ulp/ip/ulp_hmss_0_0/bd_0/ip/ip_24/bd_85ad_interconnect8_7_0.dcp' for cell 'level0_i/ulp/hmss_0/inst/path_7/interconnect8_7'
INFO: [Project 1-454] Reading design checkpoint '/home/ae_reviewer/TempGNN/build/baselines/rtga_timingfix_v3_hw/_x/link/vivado/vpl/prj/prj.gen/my_rm/bd/ulp/ip/ulp_hmss_0_0/bd_0/ip/ip_25/bd_85ad_slice8_7_0.dcp' for cell 'level0_i/ulp/hmss_0/inst/path_7/slice8_7'
INFO: [Project 1-454] Reading design checkpoint '/home/ae_reviewer/TempGNN/build/baselines/rtga_timingfix_v3_hw/_x/link/vivado/vpl/prj/prj.gen/my_rm/bd/ulp/ip/ulp_hmss_0_0/bd_0/ip/ip_27/bd_85ad_interconnect9_8_0.dcp' for cell 'level0_i/ulp/hmss_0/inst/path_8/interconnect9_8'
INFO: [Project 1-454] Reading design checkpoint '/home/ae_reviewer/TempGNN/build/baselines/rtga_timingfix_v3_hw/_x/link/vivado/vpl/prj/prj.gen/my_rm/bd/ulp/ip/ulp_hmss_0_0/bd_0/ip/ip_28/bd_85ad_slice9_8_0.dcp' for cell 'level0_i/ulp/hmss_0/inst/path_8/slice9_8'
INFO: [Project 1-454] Reading design checkpoint '/home/ae_reviewer/TempGNN/build/baselines/rtga_timingfix_v3_hw/_x/link/vivado/vpl/prj/prj.gen/my_rm/bd/ulp/ip/ulp_hmss_0_0/bd_0/ip/ip_30/bd_85ad_interconnect10_9_0.dcp' for cell 'level0_i/ulp/hmss_0/inst/path_9/interconnect10_9'
INFO: [Project 1-454] Reading design checkpoint '/home/ae_reviewer/TempGNN/build/baselines/rtga_timingfix_v3_hw/_x/link/vivado/vpl/prj/prj.gen/my_rm/bd/ulp/ip/ulp_hmss_0_0/bd_0/ip/ip_31/bd_85ad_slice10_9_0.dcp' for cell 'level0_i/ulp/hmss_0/inst/path_9/slice10_9'
INFO: [Project 1-454] Reading design checkpoint '/home/ae_reviewer/TempGNN/build/baselines/rtga_timingfix_v3_hw/_x/link/vivado/vpl/prj/prj.gen/my_rm/bd/ulp/ip/ulp_ulp_cmp_0/bd_0/ip/ip_0/bd_097b_build_info_0.dcp' for cell 'level0_i/ulp/ulp_cmp/inst/build_info'
INFO: [Project 1-454] Reading design checkpoint '/home/ae_reviewer/TempGNN/build/baselines/rtga_timingfix_v3_hw/_x/link/vivado/vpl/prj/prj.gen/my_rm/bd/ulp/ip/ulp_ulp_cmp_0/bd_0/ip/ip_2/bd_097b_user_debug_bridge_0.dcp' for cell 'level0_i/ulp/ulp_cmp/inst/user_debug_bridge'
INFO: [Project 1-454] Reading design checkpoint '/home/ae_reviewer/TempGNN/build/baselines/rtga_timingfix_v3_hw/_x/link/vivado/vpl/prj/prj.gen/my_rm/bd/ulp/ip/ulp_ulp_cmp_0/bd_0/ip/ip_3/bd_097b_user_debug_hub_0.dcp' for cell 'level0_i/ulp/ulp_cmp/inst/user_debug_hub'
INFO: [Project 1-454] Reading design checkpoint '/home/ae_reviewer/TempGNN/build/baselines/rtga_timingfix_v3_hw/_x/link/vivado/vpl/prj/prj.gen/my_rm/bd/ulp/ip/ulp_ulp_ucs_0/bd_0/ip/ip_2/bd_22c0_build_info_0.dcp' for cell 'level0_i/ulp/ulp_ucs/inst/build_info'
INFO: [Project 1-454] Reading design checkpoint '/home/ae_reviewer/TempGNN/build/baselines/rtga_timingfix_v3_hw/_x/link/vivado/vpl/prj/prj.gen/my_rm/bd/ulp/ip/ulp_ulp_ucs_0/bd_0/ip/ip_45/bd_22c0_clk_hbm_adapt_0.dcp' for cell 'level0_i/ulp/ulp_ucs/inst/aclk_hbm_hierarchy/clk_hbm_adapt'
INFO: [Project 1-454] Reading design checkpoint '/home/ae_reviewer/TempGNN/build/baselines/rtga_timingfix_v3_hw/_x/link/vivado/vpl/prj/prj.gen/my_rm/bd/ulp/ip/ulp_ulp_ucs_0/bd_0/ip/ip_46/bd_22c0_clkwiz_hbm_0.dcp' for cell 'level0_i/ulp/ulp_ucs/inst/aclk_hbm_hierarchy/clkwiz_hbm'
INFO: [Project 1-454] Reading design checkpoint '/home/ae_reviewer/TempGNN/build/baselines/rtga_timingfix_v3_hw/_x/link/vivado/vpl/prj/prj.gen/my_rm/bd/ulp/ip/ulp_ulp_ucs_0/bd_0/ip/ip_47/bd_22c0_fanout_aresetn_hbm_0.dcp' for cell 'level0_i/ulp/ulp_ucs/inst/aclk_hbm_hierarchy/fanout_aresetn_hbm'
INFO: [Project 1-454] Reading design checkpoint '/home/ae_reviewer/TempGNN/build/baselines/rtga_timingfix_v3_hw/_x/link/vivado/vpl/prj/prj.gen/my_rm/bd/ulp/ip/ulp_ulp_ucs_0/bd_0/ip/ip_48/bd_22c0_psreset_hbm_0.dcp' for cell 'level0_i/ulp/ulp_ucs/inst/aclk_hbm_hierarchy/psreset_hbm'
INFO: [Project 1-454] Reading design checkpoint '/home/ae_reviewer/TempGNN/build/baselines/rtga_timingfix_v3_hw/_x/link/vivado/vpl/prj/prj.gen/my_rm/bd/ulp/ip/ulp_ulp_ucs_0/bd_0/ip/ip_57/bd_22c0_aclk_kernel_00_adapt_0.dcp' for cell 'level0_i/ulp/ulp_ucs/inst/aclk_kernel_00_hierarchy/aclk_kernel_00_adapt'
INFO: [Project 1-454] Reading design checkpoint '/home/ae_reviewer/TempGNN/build/baselines/rtga_timingfix_v3_hw/_x/link/vivado/vpl/prj/prj.gen/my_rm/bd/ulp/ip/ulp_ulp_ucs_0/bd_0/ip/ip_58/bd_22c0_aclk_kernel_00_cont_adapt_0.dcp' for cell 'level0_i/ulp/ulp_ucs/inst/aclk_kernel_00_hierarchy/aclk_kernel_00_cont_adapt'
INFO: [Project 1-454] Reading design checkpoint '/home/ae_reviewer/TempGNN/build/baselines/rtga_timingfix_v3_hw/_x/link/vivado/vpl/prj/prj.gen/my_rm/bd/ulp/ip/ulp_ulp_ucs_0/bd_0/ip/ip_59/bd_22c0_clkwiz_aclk_kernel_00_0.dcp' for cell 'level0_i/ulp/ulp_ucs/inst/aclk_kernel_00_hierarchy/clkwiz_aclk_kernel_00'
INFO: [Project 1-454] Reading design checkpoint '/home/ae_reviewer/TempGNN/build/baselines/rtga_timingfix_v3_hw/_x/link/vivado/vpl/prj/prj.gen/my_rm/bd/ulp/ip/ulp_ulp_ucs_0/bd_0/ip/ip_60/bd_22c0_clock_throttling_aclk_kernel_00_0.dcp' for cell 'level0_i/ulp/ulp_ucs/inst/aclk_kernel_00_hierarchy/clock_throttling_aclk_kernel_00'
INFO: [Common 17-14] Message 'Project 1-454' appears 100 times and further instances of the messages will be disabled. Use the Tcl command set_msg_config to change the current settings.
Netlist sorting complete. Time (s): cpu = 00:00:07 ; elapsed = 00:00:07 . Memory (MB): peak = 4417.555 ; gain = 0.000 ; free physical = 47199 ; free virtual = 62727
INFO: [Netlist 29-17] Analyzing 12848 Unisim elements for replacement
INFO: [Netlist 29-28] Unisim Transformation completed in 4 CPU seconds
INFO: [Project 1-479] Netlist was created with Vivado 2023.2
INFO: [Project 1-570] Preparing netlist for logic optimization
WARNING: [Opt 31-32] Removing redundant IBUF since it is not being driven by a top-level port. level0_i/ulp/clk_wiz/inst/clkin1_ibuf 
Resolution: The tool has removed redundant IBUF. To resolve this warning, check for redundant IBUF in the input design.
WARNING: [Constraints 18-550] Could not create 'IBUF_LOW_PWR' constraint because net 'level0_i/blp/blp_i/freerun_clk/freerun_clk_ibufds/IBUF_OUT[0]' is not directly connected to top level port. 'IBUF_LOW_PWR' is ignored for synthesis but preserved for implementation.
WARNING: [Constraints 18-550] Could not create 'IBUF_LOW_PWR' constraint because net 'level0_i/ulp/clk_wiz/clk_in1' is not directly connected to top level port. 'IBUF_LOW_PWR' is ignored for synthesis but preserved for implementation.
Parsing XDC File [/home/ae_reviewer/TempGNN/build/baselines/rtga_timingfix_v3_hw/_x/link/vivado/vpl/prj/prj.gen/my_rm/bd/ulp/ip/ulp_hmss_0_0/bd_6/ip/ip_9/bd_7b01_srn_0_clocks.xdc] for cell 'level0_i/ulp/hmss_0/inst/path_5/interconnect6_5/inst/s00_nodes/s00_r_node/inst'
WARNING: [Vivado_Tcl 4-921] Waiver ID 'CDC-1' -to list should not be empty. [/home/ae_reviewer/TempGNN/build/baselines/rtga_timingfix_v3_hw/_x/link/vivado/vpl/prj/prj.gen/my_rm/bd/ulp/ip/ulp_hmss_0_0/bd_6/ip/ip_9/bd_7b01_srn_0_clocks.xdc:49]
WARNING: [Vivado_Tcl 4-921] Waiver ID 'CDC-1' -to list should not be empty. [/home/ae_reviewer/TempGNN/build/baselines/rtga_timingfix_v3_hw/_x/link/vivado/vpl/prj/prj.gen/my_rm/bd/ulp/ip/ulp_hmss_0_0/bd_6/ip/ip_9/bd_7b01_srn_0_clocks.xdc:52]
WARNING: [Vivado_Tcl 4-921] Waiver ID 'CDC-1' -to list should not be empty. [/home/ae_reviewer/TempGNN/build/baselines/rtga_timingfix_v3_hw/_x/link/vivado/vpl/prj/prj.gen/my_rm/bd/ulp/ip/ulp_hmss_0_0/bd_6/ip/ip_9/bd_7b01_srn_0_clocks.xdc:55]
WARNING: [Vivado_Tcl 4-921] Waiver ID 'CDC-1' -to list should not be empty. [/home/ae_reviewer/TempGNN/build/baselines/rtga_timingfix_v3_hw/_x/link/vivado/vpl/prj/prj.gen/my_rm/bd/ulp/ip/ulp_hmss_0_0/bd_6/ip/ip_9/bd_7b01_srn_0_clocks.xdc:59]
WARNING: [Vivado_Tcl 4-921] Waiver ID 'CDC-1' -to list should not be empty. [/home/ae_reviewer/TempGNN/build/baselines/rtga_timingfix_v3_hw/_x/link/vivado/vpl/prj/prj.gen/my_rm/bd/ulp/ip/ulp_hmss_0_0/bd_6/ip/ip_9/bd_7b01_srn_0_clocks.xdc:63]
WARNING: [Vivado_Tcl 4-921] Waiver ID 'CDC-1' -to list should not be empty. [/home/ae_reviewer/TempGNN/build/baselines/rtga_timingfix_v3_hw/_x/link/vivado/vpl/prj/prj.gen/my_rm/bd/ulp/ip/ulp_hmss_0_0/bd_6/ip/ip_9/bd_7b01_srn_0_clocks.xdc:66]
WARNING: [Vivado_Tcl 4-921] Waiver ID 'CDC-1' -to list should not be empty. [/home/ae_reviewer/TempGNN/build/baselines/rtga_timingfix_v3_hw/_x/link/vivado/vpl/prj/prj.gen/my_rm/bd/ulp/ip/ulp_hmss_0_0/bd_6/ip/ip_9/bd_7b01_srn_0_clocks.xdc:70]
WARNING: [Vivado_Tcl 4-921] Waiver ID 'CDC-1' -to list should not be empty. [/home/ae_reviewer/TempGNN/build/baselines/rtga_timingfix_v3_hw/_x/link/vivado/vpl/prj/prj.gen/my_rm/bd/ulp/ip/ulp_hmss_0_0/bd_6/ip/ip_9/bd_7b01_srn_0_clocks.xdc:73]
WARNING: [Vivado_Tcl 4-921] Waiver ID 'CDC-1' -to list should not be empty. [/home/ae_reviewer/TempGNN/build/baselines/rtga_timingfix_v3_hw/_x/link/vivado/vpl/prj/prj.gen/my_rm/bd/ulp/ip/ulp_hmss_0_0/bd_6/ip/ip_9/bd_7b01_srn_0_clocks.xdc:76]
WARNING: [Vivado_Tcl 4-921] Waiver ID 'CDC-1' -to list should not be empty. [/home/ae_reviewer/TempGNN/build/baselines/rtga_timingfix_v3_hw/_x/link/vivado/vpl/prj/prj.gen/my_rm/bd/ulp/ip/ulp_hmss_0_0/bd_6/ip/ip_9/bd_7b01_srn_0_clocks.xdc:79]
WARNING: [Vivado_Tcl 4-921] Waiver ID 'CDC-1' -to list should not be empty. [/home/ae_reviewer/TempGNN/build/baselines/rtga_timingfix_v3_hw/_x/link/vivado/vpl/prj/prj.gen/my_rm/bd/ulp/ip/ulp_hmss_0_0/bd_6/ip/ip_9/bd_7b01_srn_0_clocks.xdc:82]
WARNING: [Vivado_Tcl 4-921] Waiver ID 'CDC-4' -to list should not be empty. [/home/ae_reviewer/TempGNN/build/baselines/rtga_timingfix_v3_hw/_x/link/vivado/vpl/prj/prj.gen/my_rm/bd/ulp/ip/ulp_hmss_0_0/bd_6/ip/ip_9/bd_7b01_srn_0_clocks.xdc:85]
WARNING: [Vivado_Tcl 4-921] Waiver ID 'CDC-4' -to list should not be empty. [/home/ae_reviewer/TempGNN/build/baselines/rtga_timingfix_v3_hw/_x/link/vivado/vpl/prj/prj.gen/my_rm/bd/ulp/ip/ulp_hmss_0_0/bd_6/ip/ip_9/bd_7b01_srn_0_clocks.xdc:88]
WARNING: [Vivado_Tcl 4-921] Waiver ID 'CDC-2' -to list should not be empty. [/home/ae_reviewer/TempGNN/build/baselines/rtga_timingfix_v3_hw/_x/link/vivado/vpl/prj/prj.gen/my_rm/bd/ulp/ip/ulp_hmss_0_0/bd_6/ip/ip_9/bd_7b01_srn_0_clocks.xdc:91]
WARNING: [Vivado_Tcl 4-921] Waiver ID 'CDC-2' -to list should not be empty. [/home/ae_reviewer/TempGNN/build/baselines/rtga_timingfix_v3_hw/_x/link/vivado/vpl/prj/prj.gen/my_rm/bd/ulp/ip/ulp_hmss_0_0/bd_6/ip/ip_9/bd_7b01_srn_0_clocks.xdc:94]
WARNING: [Vivado_Tcl 4-921] Waiver ID 'CDC-2' -to list should not be empty. [/home/ae_reviewer/TempGNN/build/baselines/rtga_timingfix_v3_hw/_x/link/vivado/vpl/prj/prj.gen/my_rm/bd/ulp/ip/ulp_hmss_0_0/bd_6/ip/ip_9/bd_7b01_srn_0_clocks.xdc:97]
WARNING: [Vivado_Tcl 4-921] Waiver ID 'CDC-2' -to list should not be empty. [/home/ae_reviewer/TempGNN/build/baselines/rtga_timingfix_v3_hw/_x/link/vivado/vpl/prj/prj.gen/my_rm/bd/ulp/ip/ulp_hmss_0_0/bd_6/ip/ip_9/bd_7b01_srn_0_clocks.xdc:100]
WARNING: [Vivado_Tcl 4-921] Waiver ID 'CDC-1' -to list should not be empty. [/home/ae_reviewer/TempGNN/build/baselines/rtga_timingfix_v3_hw/_x/link/vivado/vpl/prj/prj.gen/my_rm/bd/ulp/ip/ulp_hmss_0_0/bd_6/ip/ip_9/bd_7b01_srn_0_clocks.xdc:104]
WARNING: [Vivado_Tcl 4-921] Waiver ID 'CDC-10' -to list should not be empty. [/home/ae_reviewer/TempGNN/build/baselines/rtga_timingfix_v3_hw/_x/link/vivado/vpl/prj/prj.gen/my_rm/bd/ulp/ip/ulp_hmss_0_0/bd_6/ip/ip_9/bd_7b01_srn_0_clocks.xdc:107]
WARNING: [Vivado_Tcl 4-921] Waiver ID 'CDC-10' -to list should not be empty. [/home/ae_reviewer/TempGNN/build/baselines/rtga_timingfix_v3_hw/_x/link/vivado/vpl/prj/prj.gen/my_rm/bd/ulp/ip/ulp_hmss_0_0/bd_6/ip/ip_9/bd_7b01_srn_0_clocks.xdc:110]
WARNING: [Vivado_Tcl 4-921] Waiver ID 'CDC-1' -to list should not be empty. [/home/ae_reviewer/TempGNN/build/baselines/rtga_timingfix_v3_hw/_x/link/vivado/vpl/prj/prj.gen/my_rm/bd/ulp/ip/ulp_hmss_0_0/bd_6/ip/ip_9/bd_7b01_srn_0_clocks.xdc:113]
WARNING: [Vivado_Tcl 4-921] Waiver ID 'CDC-1' -to list should not be empty. [/home/ae_reviewer/TempGNN/build/baselines/rtga_timingfix_v3_hw/_x/link/vivado/vpl/prj/prj.gen/my_rm/bd/ulp/ip/ulp_hmss_0_0/bd_6/ip/ip_9/bd_7b01_srn_0_clocks.xdc:116]
WARNING: [Vivado_Tcl 4-921] Waiver ID 'CDC-1' -to list should not be empty. [/home/ae_reviewer/TempGNN/build/baselines/rtga_timingfix_v3_hw/_x/link/vivado/vpl/prj/prj.gen/my_rm/bd/ulp/ip/ulp_hmss_0_0/bd_6/ip/ip_9/bd_7b01_srn_0_clocks.xdc:119]
WARNING: [Vivado_Tcl 4-921] Waiver ID 'CDC-13' -to list should not be empty. [/home/ae_reviewer/TempGNN/build/baselines/rtga_timingfix_v3_hw/_x/link/vivado/vpl/prj/prj.gen/my_rm/bd/ulp/ip/ulp_hmss_0_0/bd_6/ip/ip_9/bd_7b01_srn_0_clocks.xdc:122]
WARNING: [Vivado_Tcl 4-921] Waiver ID 'CDC-1' -to list should not be empty. [/home/ae_reviewer/TempGNN/build/baselines/rtga_timingfix_v3_hw/_x/link/vivado/vpl/prj/prj.gen/my_rm/bd/ulp/ip/ulp_hmss_0_0/bd_6/ip/ip_9/bd_7b01_srn_0_clocks.xdc:125]
WARNING: [Vivado_Tcl 4-921] Waiver ID 'CDC-1' -to list should not be empty. [/home/ae_reviewer/TempGNN/build/baselines/rtga_timingfix_v3_hw/_x/link/vivado/vpl/prj/prj.gen/my_rm/bd/ulp/ip/ulp_hmss_0_0/bd_6/ip/ip_9/bd_7b01_srn_0_clocks.xdc:128]
WARNING: [Vivado_Tcl 4-921] Waiver ID 'CDC-13' -to list should not be empty. [/home/ae_reviewer/TempGNN/build/baselines/rtga_timingfix_v3_hw/_x/link/vivado/vpl/prj/prj.gen/my_rm/bd/ulp/ip/ulp_hmss_0_0/bd_6/ip/ip_9/bd_7b01_srn_0_clocks.xdc:131]
WARNING: [Vivado_Tcl 4-921] Waiver ID 'CDC-1' -to list should not be empty. [/home/ae_reviewer/TempGNN/build/baselines/rtga_timingfix_v3_hw/_x/link/vivado/vpl/prj/prj.gen/my_rm/bd/ulp/ip/ulp_hmss_0_0/bd_6/ip/ip_9/bd_7b01_srn_0_clocks.xdc:134]
WARNING: [Vivado_Tcl 4-921] Waiver ID 'CDC-10' -to list should not be empty. [/home/ae_reviewer/TempGNN/build/baselines/rtga_timingfix_v3_hw/_x/link/vivado/vpl/prj/prj.gen/my_rm/bd/ulp/ip/ulp_hmss_0_0/bd_6/ip/ip_9/bd_7b01_srn_0_clocks.xdc:137]
WARNING: [Vivado_Tcl 4-921] Waiver ID 'CDC-2' -to list should not be empty. [/home/ae_reviewer/TempGNN/build/baselines/rtga_timingfix_v3_hw/_x/link/vivado/vpl/prj/prj.gen/my_rm/bd/ulp/ip/ulp_hmss_0_0/bd_6/ip/ip_9/bd_7b01_srn_0_clocks.xdc:149]
WARNING: [Vivado_Tcl 4-921] Waiver ID 'CDC-1' -to list should not be empty. [/home/ae_reviewer/TempGNN/build/baselines/rtga_timingfix_v3_hw/_x/link/vivado/vpl/prj/prj.gen/my_rm/bd/ulp/ip/ulp_hmss_0_0/bd_6/ip/ip_9/bd_7b01_srn_0_clocks.xdc:158]
WARNING: [Vivado_Tcl 4-921] Waiver ID 'CDC-10' -to list should not be empty. [/home/ae_reviewer/TempGNN/build/baselines/rtga_timingfix_v3_hw/_x/link/vivado/vpl/prj/prj.gen/my_rm/bd/ulp/ip/ulp_hmss_0_0/bd_6/ip/ip_9/bd_7b01_srn_0_clocks.xdc:161]
WARNING: [Vivado_Tcl 4-921] Waiver ID 'CDC-4' -to list should not be empty. [/home/ae_reviewer/TempGNN/build/baselines/rtga_timingfix_v3_hw/_x/link/vivado/vpl/prj/prj.gen/my_rm/bd/ulp/ip/ulp_hmss_0_0/bd_6/ip/ip_9/bd_7b01_srn_0_clocks.xdc:164]
WARNING: [Vivado_Tcl 4-921] Waiver ID 'CDC-4' -to list should not be empty. [/home/ae_reviewer/TempGNN/build/baselines/rtga_timingfix_v3_hw/_x/link/vivado/vpl/prj/prj.gen/my_rm/bd/ulp/ip/ulp_hmss_0_0/bd_6/ip/ip_9/bd_7b01_srn_0_clocks.xdc:167]
WARNING: [Vivado_Tcl 4-921] Waiver ID 'CDC-4' -to list should not be empty. [/home/ae_reviewer/TempGNN/build/baselines/rtga_timingfix_v3_hw/_x/link/vivado/vpl/prj/prj.gen/my_rm/bd/ulp/ip/ulp_hmss_0_0/bd_6/ip/ip_9/bd_7b01_srn_0_clocks.xdc:171]
WARNING: [Vivado_Tcl 4-921] Waiver ID 'CDC-4' -to list should not be empty. [/home/ae_reviewer/TempGNN/build/baselines/rtga_timingfix_v3_hw/_x/link/vivado/vpl/prj/prj.gen/my_rm/bd/ulp/ip/ulp_hmss_0_0/bd_6/ip/ip_9/bd_7b01_srn_0_clocks.xdc:174]
WARNING: [Vivado_Tcl 4-921] Waiver ID 'CDC-1' -to list should not be empty. [/home/ae_reviewer/TempGNN/build/baselines/rtga_timingfix_v3_hw/_x/link/vivado/vpl/prj/prj.gen/my_rm/bd/ulp/ip/ulp_hmss_0_0/bd_6/ip/ip_9/bd_7b01_srn_0_clocks.xdc:178]
Finished Parsing XDC File [/home/ae_reviewer/TempGNN/build/baselines/rtga_timingfix_v3_hw/_x/link/vivado/vpl/prj/prj.gen/my_rm/bd/ulp/ip/ulp_hmss_0_0/bd_6/ip/ip_9/bd_7b01_srn_0_clocks.xdc] for cell 'level0_i/ulp/hmss_0/inst/path_5/interconnect6_5/inst/s00_nodes/s00_r_node/inst'
Parsing XDC File [/home/ae_reviewer/TempGNN/build/baselines/rtga_timingfix_v3_hw/_x/link/vivado/vpl/prj/prj.gen/my_rm/bd/ulp/ip/ulp_hmss_0_0/bd_8/ip/ip_1/bd_7ac9_psr0_0_board.xdc] for cell 'level0_i/ulp/hmss_0/inst/path_7/interconnect8_7/inst/clk_map/psr0/U0'
Finished Parsing XDC File [/home/ae_reviewer/TempGNN/build/baselines/rtga_timingfix_v3_hw/_x/link/vivado/vpl/prj/prj.gen/my_rm/bd/ulp/ip/ulp_hmss_0_0/bd_8/ip/ip_1/bd_7ac9_psr0_0_board.xdc] for cell 'level0_i/ulp/hmss_0/inst/path_7/interconnect8_7/inst/clk_map/psr0/U0'
Parsing XDC File [/home/ae_reviewer/TempGNN/build/baselines/rtga_timingfix_v3_hw/_x/link/vivado/vpl/prj/prj.gen/my_rm/bd/ulp/ip/ulp_hmss_0_0/bd_0/ip/ip_21/smartconnect.xdc] for cell 'level0_i/ulp/hmss_0/inst/path_6/interconnect7_6/inst'
WARNING: [Vivado_Tcl 4-919] Waiver ID 'CDC-1' -from list should not be empty. [/home/ae_reviewer/TempGNN/build/baselines/rtga_timingfix_v3_hw/_x/link/vivado/vpl/prj/prj.gen/my_rm/bd/ulp/ip/ulp_hmss_0_0/bd_0/ip/ip_21/smartconnect.xdc:1]
WARNING: [Vivado_Tcl 4-921] Waiver ID 'CDC-1' -to list should not be empty. [/home/ae_reviewer/TempGNN/build/baselines/rtga_timingfix_v3_hw/_x/link/vivado/vpl/prj/prj.gen/my_rm/bd/ulp/ip/ulp_hmss_0_0/bd_0/ip/ip_21/smartconnect.xdc:2]
WARNING: [Vivado_Tcl 4-921] Waiver ID 'CDC-1' -to list should not be empty. [/home/ae_reviewer/TempGNN/build/baselines/rtga_timingfix_v3_hw/_x/link/vivado/vpl/prj/prj.gen/my_rm/bd/ulp/ip/ulp_hmss_0_0/bd_0/ip/ip_21/smartconnect.xdc:3]
WARNING: [Vivado_Tcl 4-921] Waiver ID 'CDC-1' -to list should not be empty. [/home/ae_reviewer/TempGNN/build/baselines/rtga_timingfix_v3_hw/_x/link/vivado/vpl/prj/prj.gen/my_rm/bd/ulp/ip/ulp_hmss_0_0/bd_0/ip/ip_21/smartconnect.xdc:4]
WARNING: [Vivado_Tcl 4-921] Waiver ID 'CDC-1' -to list should not be empty. [/home/ae_reviewer/TempGNN/build/baselines/rtga_timingfix_v3_hw/_x/link/vivado/vpl/prj/prj.gen/my_rm/bd/ulp/ip/ulp_hmss_0_0/bd_0/ip/ip_21/smartconnect.xdc:5]
WARNING: [Vivado_Tcl 4-921] Waiver ID 'CDC-1' -to list should not be empty. [/home/ae_reviewer/TempGNN/build/baselines/rtga_timingfix_v3_hw/_x/link/vivado/vpl/prj/prj.gen/my_rm/bd/ulp/ip/ulp_hmss_0_0/bd_0/ip/ip_21/smartconnect.xdc:6]
WARNING: [Vivado_Tcl 4-921] Waiver ID 'CDC-1' -to list should not be empty. [/home/ae_reviewer/TempGNN/build/baselines/rtga_timingfix_v3_hw/_x/link/vivado/vpl/prj/prj.gen/my_rm/bd/ulp/ip/ulp_hmss_0_0/bd_0/ip/ip_21/smartconnect.xdc:7]
WARNING: [Vivado_Tcl 4-921] Waiver ID 'CDC-1' -to list should not be empty. [/home/ae_reviewer/TempGNN/build/baselines/rtga_timingfix_v3_hw/_x/link/vivado/vpl/prj/prj.gen/my_rm/bd/ulp/ip/ulp_hmss_0_0/bd_0/ip/ip_21/smartconnect.xdc:8]
WARNING: [Vivado_Tcl 4-921] Waiver ID 'CDC-1' -to list should not be empty. [/home/ae_reviewer/TempGNN/build/baselines/rtga_timingfix_v3_hw/_x/link/vivado/vpl/prj/prj.gen/my_rm/bd/ulp/ip/ulp_hmss_0_0/bd_0/ip/ip_21/smartconnect.xdc:9]
WARNING: [Vivado_Tcl 4-921] Waiver ID 'CDC-1' -to list should not be empty. [/home/ae_reviewer/TempGNN/build/baselines/rtga_timingfix_v3_hw/_x/link/vivado/vpl/prj/prj.gen/my_rm/bd/ulp/ip/ulp_hmss_0_0/bd_0/ip/ip_21/smartconnect.xdc:10]
Finished Parsing XDC File [/home/ae_reviewer/TempGNN/build/baselines/rtga_timingfix_v3_hw/_x/link/vivado/vpl/prj/prj.gen/my_rm/bd/ulp/ip/ulp_hmss_0_0/bd_0/ip/ip_21/smartconnect.xdc] for cell 'level0_i/ulp/hmss_0/inst/path_6/interconnect7_6/inst'
Parsing XDC File [/home/ae_reviewer/TempGNN/build/baselines/rtga_timingfix_v3_hw/_x/link/vivado/vpl/prj/prj.gen/my_rm/bd/ulp/ip/ulp_hmss_0_0/bd_7/ip/ip_9/bd_bbcc_srn_0_clocks.xdc] for cell 'level0_i/ulp/hmss_0/inst/path_6/interconnect7_6/inst/s00_nodes/s00_r_node/inst'
WARNING: [Vivado_Tcl 4-921] Waiver ID 'CDC-1' -to list should not be empty. [/home/ae_reviewer/TempGNN/build/baselines/rtga_timingfix_v3_hw/_x/link/vivado/vpl/prj/prj.gen/my_rm/bd/ulp/ip/ulp_hmss_0_0/bd_7/ip/ip_9/bd_bbcc_srn_0_clocks.xdc:49]
WARNING: [Vivado_Tcl 4-921] Waiver ID 'CDC-1' -to list should not be empty. [/home/ae_reviewer/TempGNN/build/baselines/rtga_timingfix_v3_hw/_x/link/vivado/vpl/prj/prj.gen/my_rm/bd/ulp/ip/ulp_hmss_0_0/bd_7/ip/ip_9/bd_bbcc_srn_0_clocks.xdc:52]
WARNING: [Vivado_Tcl 4-921] Waiver ID 'CDC-1' -to list should not be empty. [/home/ae_reviewer/TempGNN/build/baselines/rtga_timingfix_v3_hw/_x/link/vivado/vpl/prj/prj.gen/my_rm/bd/ulp/ip/ulp_hmss_0_0/bd_7/ip/ip_9/bd_bbcc_srn_0_clocks.xdc:55]
WARNING: [Vivado_Tcl 4-921] Waiver ID 'CDC-1' -to list should not be empty. [/home/ae_reviewer/TempGNN/build/baselines/rtga_timingfix_v3_hw/_x/link/vivado/vpl/prj/prj.gen/my_rm/bd/ulp/ip/ulp_hmss_0_0/bd_7/ip/ip_9/bd_bbcc_srn_0_clocks.xdc:59]
WARNING: [Vivado_Tcl 4-921] Waiver ID 'CDC-1' -to list should not be empty. [/home/ae_reviewer/TempGNN/build/baselines/rtga_timingfix_v3_hw/_x/link/vivado/vpl/prj/prj.gen/my_rm/bd/ulp/ip/ulp_hmss_0_0/bd_7/ip/ip_9/bd_bbcc_srn_0_clocks.xdc:63]
WARNING: [Vivado_Tcl 4-921] Waiver ID 'CDC-1' -to list should not be empty. [/home/ae_reviewer/TempGNN/build/baselines/rtga_timingfix_v3_hw/_x/link/vivado/vpl/prj/prj.gen/my_rm/bd/ulp/ip/ulp_hmss_0_0/bd_7/ip/ip_9/bd_bbcc_srn_0_clocks.xdc:66]
WARNING: [Vivado_Tcl 4-921] Waiver ID 'CDC-1' -to list should not be empty. [/home/ae_reviewer/TempGNN/build/baselines/rtga_timingfix_v3_hw/_x/link/vivado/vpl/prj/prj.gen/my_rm/bd/ulp/ip/ulp_hmss_0_0/bd_7/ip/ip_9/bd_bbcc_srn_0_clocks.xdc:70]
WARNING: [Vivado_Tcl 4-921] Waiver ID 'CDC-1' -to list should not be empty. [/home/ae_reviewer/TempGNN/build/baselines/rtga_timingfix_v3_hw/_x/link/vivado/vpl/prj/prj.gen/my_rm/bd/ulp/ip/ulp_hmss_0_0/bd_7/ip/ip_9/bd_bbcc_srn_0_clocks.xdc:73]
WARNING: [Vivado_Tcl 4-921] Waiver ID 'CDC-1' -to list should not be empty. [/home/ae_reviewer/TempGNN/build/baselines/rtga_timingfix_v3_hw/_x/link/vivado/vpl/prj/prj.gen/my_rm/bd/ulp/ip/ulp_hmss_0_0/bd_7/ip/ip_9/bd_bbcc_srn_0_clocks.xdc:76]
WARNING: [Vivado_Tcl 4-921] Waiver ID 'CDC-1' -to list should not be empty. [/home/ae_reviewer/TempGNN/build/baselines/rtga_timingfix_v3_hw/_x/link/vivado/vpl/prj/prj.gen/my_rm/bd/ulp/ip/ulp_hmss_0_0/bd_7/ip/ip_9/bd_bbcc_srn_0_clocks.xdc:79]
WARNING: [Vivado_Tcl 4-921] Waiver ID 'CDC-1' -to list should not be empty. [/home/ae_reviewer/TempGNN/build/baselines/rtga_timingfix_v3_hw/_x/link/vivado/vpl/prj/prj.gen/my_rm/bd/ulp/ip/ulp_hmss_0_0/bd_7/ip/ip_9/bd_bbcc_srn_0_clocks.xdc:82]
WARNING: [Vivado_Tcl 4-921] Waiver ID 'CDC-4' -to list should not be empty. [/home/ae_reviewer/TempGNN/build/baselines/rtga_timingfix_v3_hw/_x/link/vivado/vpl/prj/prj.gen/my_rm/bd/ulp/ip/ulp_hmss_0_0/bd_7/ip/ip_9/bd_bbcc_srn_0_clocks.xdc:85]
WARNING: [Vivado_Tcl 4-921] Waiver ID 'CDC-4' -to list should not be empty. [/home/ae_reviewer/TempGNN/build/baselines/rtga_timingfix_v3_hw/_x/link/vivado/vpl/prj/prj.gen/my_rm/bd/ulp/ip/ulp_hmss_0_0/bd_7/ip/ip_9/bd_bbcc_srn_0_clocks.xdc:88]
WARNING: [Vivado_Tcl 4-921] Waiver ID 'CDC-2' -to list should not be empty. [/home/ae_reviewer/TempGNN/build/baselines/rtga_timingfix_v3_hw/_x/link/vivado/vpl/prj/prj.gen/my_rm/bd/ulp/ip/ulp_hmss_0_0/bd_7/ip/ip_9/bd_bbcc_srn_0_clocks.xdc:91]
WARNING: [Vivado_Tcl 4-921] Waiver ID 'CDC-2' -to list should not be empty. [/home/ae_reviewer/TempGNN/build/baselines/rtga_timingfix_v3_hw/_x/link/vivado/vpl/prj/prj.gen/my_rm/bd/ulp/ip/ulp_hmss_0_0/bd_7/ip/ip_9/bd_bbcc_srn_0_clocks.xdc:94]
WARNING: [Vivado_Tcl 4-921] Waiver ID 'CDC-2' -to list should not be empty. [/home/ae_reviewer/TempGNN/build/baselines/rtga_timingfix_v3_hw/_x/link/vivado/vpl/prj/prj.gen/my_rm/bd/ulp/ip/ulp_hmss_0_0/bd_7/ip/ip_9/bd_bbcc_srn_0_clocks.xdc:97]
WARNING: [Vivado_Tcl 4-921] Waiver ID 'CDC-2' -to list should not be empty. [/home/ae_reviewer/TempGNN/build/baselines/rtga_timingfix_v3_hw/_x/link/vivado/vpl/prj/prj.gen/my_rm/bd/ulp/ip/ulp_hmss_0_0/bd_7/ip/ip_9/bd_bbcc_srn_0_clocks.xdc:100]
WARNING: [Vivado_Tcl 4-921] Waiver ID 'CDC-1' -to list should not be empty. [/home/ae_reviewer/TempGNN/build/baselines/rtga_timingfix_v3_hw/_x/link/vivado/vpl/prj/prj.gen/my_rm/bd/ulp/ip/ulp_hmss_0_0/bd_7/ip/ip_9/bd_bbcc_srn_0_clocks.xdc:104]
WARNING: [Vivado_Tcl 4-921] Waiver ID 'CDC-10' -to list should not be empty. [/home/ae_reviewer/TempGNN/build/baselines/rtga_timingfix_v3_hw/_x/link/vivado/vpl/prj/prj.gen/my_rm/bd/ulp/ip/ulp_hmss_0_0/bd_7/ip/ip_9/bd_bbcc_srn_0_clocks.xdc:107]
WARNING: [Vivado_Tcl 4-921] Waiver ID 'CDC-10' -to list should not be empty. [/home/ae_reviewer/TempGNN/build/baselines/rtga_timingfix_v3_hw/_x/link/vivado/vpl/prj/prj.gen/my_rm/bd/ulp/ip/ulp_hmss_0_0/bd_7/ip/ip_9/bd_bbcc_srn_0_clocks.xdc:110]
WARNING: [Vivado_Tcl 4-921] Waiver ID 'CDC-1' -to list should not be empty. [/home/ae_reviewer/TempGNN/build/baselines/rtga_timingfix_v3_hw/_x/link/vivado/vpl/prj/prj.gen/my_rm/bd/ulp/ip/ulp_hmss_0_0/bd_7/ip/ip_9/bd_bbcc_srn_0_clocks.xdc:113]
WARNING: [Vivado_Tcl 4-921] Waiver ID 'CDC-1' -to list should not be empty. [/home/ae_reviewer/TempGNN/build/baselines/rtga_timingfix_v3_hw/_x/link/vivado/vpl/prj/prj.gen/my_rm/bd/ulp/ip/ulp_hmss_0_0/bd_7/ip/ip_9/bd_bbcc_srn_0_clocks.xdc:116]
WARNING: [Vivado_Tcl 4-921] Waiver ID 'CDC-1' -to list should not be empty. [/home/ae_reviewer/TempGNN/build/baselines/rtga_timingfix_v3_hw/_x/link/vivado/vpl/prj/prj.gen/my_rm/bd/ulp/ip/ulp_hmss_0_0/bd_7/ip/ip_9/bd_bbcc_srn_0_clocks.xdc:119]
WARNING: [Vivado_Tcl 4-921] Waiver ID 'CDC-13' -to list should not be empty. [/home/ae_reviewer/TempGNN/build/baselines/rtga_timingfix_v3_hw/_x/link/vivado/vpl/prj/prj.gen/my_rm/bd/ulp/ip/ulp_hmss_0_0/bd_7/ip/ip_9/bd_bbcc_srn_0_clocks.xdc:122]
WARNING: [Vivado_Tcl 4-921] Waiver ID 'CDC-1' -to list should not be empty. [/home/ae_reviewer/TempGNN/build/baselines/rtga_timingfix_v3_hw/_x/link/vivado/vpl/prj/prj.gen/my_rm/bd/ulp/ip/ulp_hmss_0_0/bd_7/ip/ip_9/bd_bbcc_srn_0_clocks.xdc:125]
WARNING: [Vivado_Tcl 4-921] Waiver ID 'CDC-1' -to list should not be empty. [/home/ae_reviewer/TempGNN/build/baselines/rtga_timingfix_v3_hw/_x/link/vivado/vpl/prj/prj.gen/my_rm/bd/ulp/ip/ulp_hmss_0_0/bd_7/ip/ip_9/bd_bbcc_srn_0_clocks.xdc:128]
WARNING: [Vivado_Tcl 4-921] Waiver ID 'CDC-13' -to list should not be empty. [/home/ae_reviewer/TempGNN/build/baselines/rtga_timingfix_v3_hw/_x/link/vivado/vpl/prj/prj.gen/my_rm/bd/ulp/ip/ulp_hmss_0_0/bd_7/ip/ip_9/bd_bbcc_srn_0_clocks.xdc:131]
WARNING: [Vivado_Tcl 4-921] Waiver ID 'CDC-1' -to list should not be empty. [/home/ae_reviewer/TempGNN/build/baselines/rtga_timingfix_v3_hw/_x/link/vivado/vpl/prj/prj.gen/my_rm/bd/ulp/ip/ulp_hmss_0_0/bd_7/ip/ip_9/bd_bbcc_srn_0_clocks.xdc:134]
WARNING: [Vivado_Tcl 4-921] Waiver ID 'CDC-10' -to list should not be empty. [/home/ae_reviewer/TempGNN/build/baselines/rtga_timingfix_v3_hw/_x/link/vivado/vpl/prj/prj.gen/my_rm/bd/ulp/ip/ulp_hmss_0_0/bd_7/ip/ip_9/bd_bbcc_srn_0_clocks.xdc:137]
WARNING: [Vivado_Tcl 4-921] Waiver ID 'CDC-2' -to list should not be empty. [/home/ae_reviewer/TempGNN/build/baselines/rtga_timingfix_v3_hw/_x/link/vivado/vpl/prj/prj.gen/my_rm/bd/ulp/ip/ulp_hmss_0_0/bd_7/ip/ip_9/bd_bbcc_srn_0_clocks.xdc:149]
WARNING: [Vivado_Tcl 4-921] Waiver ID 'CDC-1' -to list should not be empty. [/home/ae_reviewer/TempGNN/build/baselines/rtga_timingfix_v3_hw/_x/link/vivado/vpl/prj/prj.gen/my_rm/bd/ulp/ip/ulp_hmss_0_0/bd_7/ip/ip_9/bd_bbcc_srn_0_clocks.xdc:158]
WARNING: [Vivado_Tcl 4-921] Waiver ID 'CDC-10' -to list should not be empty. [/home/ae_reviewer/TempGNN/build/baselines/rtga_timingfix_v3_hw/_x/link/vivado/vpl/prj/prj.gen/my_rm/bd/ulp/ip/ulp_hmss_0_0/bd_7/ip/ip_9/bd_bbcc_srn_0_clocks.xdc:161]
WARNING: [Vivado_Tcl 4-921] Waiver ID 'CDC-4' -to list should not be empty. [/home/ae_reviewer/TempGNN/build/baselines/rtga_timingfix_v3_hw/_x/link/vivado/vpl/prj/prj.gen/my_rm/bd/ulp/ip/ulp_hmss_0_0/bd_7/ip/ip_9/bd_bbcc_srn_0_clocks.xdc:164]
WARNING: [Vivado_Tcl 4-921] Waiver ID 'CDC-4' -to list should not be empty. [/home/ae_reviewer/TempGNN/build/baselines/rtga_timingfix_v3_hw/_x/link/vivado/vpl/prj/prj.gen/my_rm/bd/ulp/ip/ulp_hmss_0_0/bd_7/ip/ip_9/bd_bbcc_srn_0_clocks.xdc:167]
WARNING: [Vivado_Tcl 4-921] Waiver ID 'CDC-4' -to list should not be empty. [/home/ae_reviewer/TempGNN/build/baselines/rtga_timingfix_v3_hw/_x/link/vivado/vpl/prj/prj.gen/my_rm/bd/ulp/ip/ulp_hmss_0_0/bd_7/ip/ip_9/bd_bbcc_srn_0_clocks.xdc:171]
WARNING: [Vivado_Tcl 4-921] Waiver ID 'CDC-4' -to list should not be empty. [/home/ae_reviewer/TempGNN/build/baselines/rtga_timingfix_v3_hw/_x/link/vivado/vpl/prj/prj.gen/my_rm/bd/ulp/ip/ulp_hmss_0_0/bd_7/ip/ip_9/bd_bbcc_srn_0_clocks.xdc:174]
WARNING: [Vivado_Tcl 4-921] Waiver ID 'CDC-1' -to list should not be empty. [/home/ae_reviewer/TempGNN/build/baselines/rtga_timingfix_v3_hw/_x/link/vivado/vpl/prj/prj.gen/my_rm/bd/ulp/ip/ulp_hmss_0_0/bd_7/ip/ip_9/bd_bbcc_srn_0_clocks.xdc:178]
Finished Parsing XDC File [/home/ae_reviewer/TempGNN/build/baselines/rtga_timingfix_v3_hw/_x/link/vivado/vpl/prj/prj.gen/my_rm/bd/ulp/ip/ulp_hmss_0_0/bd_7/ip/ip_9/bd_bbcc_srn_0_clocks.xdc] for cell 'level0_i/ulp/hmss_0/inst/path_6/interconnect7_6/inst/s00_nodes/s00_r_node/inst'
Parsing XDC File [/home/ae_reviewer/TempGNN/build/baselines/rtga_timingfix_v3_hw/_x/link/vivado/vpl/prj/prj.gen/my_rm/bd/ulp/ip/ulp_hmss_0_0/bd_7/ip/ip_8/bd_bbcc_sarn_0_clocks.xdc] for cell 'level0_i/ulp/hmss_0/inst/path_6/interconnect7_6/inst/s00_nodes/s00_ar_node/inst'
WARNING: [Vivado_Tcl 4-921] Waiver ID 'CDC-1' -to list should not be empty. [/home/ae_reviewer/TempGNN/build/baselines/rtga_timingfix_v3_hw/_x/link/vivado/vpl/prj/prj.gen/my_rm/bd/ulp/ip/ulp_hmss_0_0/bd_7/ip/ip_8/bd_bbcc_sarn_0_clocks.xdc:49]
WARNING: [Vivado_Tcl 4-921] Waiver ID 'CDC-1' -to list should not be empty. [/home/ae_reviewer/TempGNN/build/baselines/rtga_timingfix_v3_hw/_x/link/vivado/vpl/prj/prj.gen/my_rm/bd/ulp/ip/ulp_hmss_0_0/bd_7/ip/ip_8/bd_bbcc_sarn_0_clocks.xdc:52]
WARNING: [Vivado_Tcl 4-921] Waiver ID 'CDC-1' -to list should not be empty. [/home/ae_reviewer/TempGNN/build/baselines/rtga_timingfix_v3_hw/_x/link/vivado/vpl/prj/prj.gen/my_rm/bd/ulp/ip/ulp_hmss_0_0/bd_7/ip/ip_8/bd_bbcc_sarn_0_clocks.xdc:55]
WARNING: [Vivado_Tcl 4-921] Waiver ID 'CDC-1' -to list should not be empty. [/home/ae_reviewer/TempGNN/build/baselines/rtga_timingfix_v3_hw/_x/link/vivado/vpl/prj/prj.gen/my_rm/bd/ulp/ip/ulp_hmss_0_0/bd_7/ip/ip_8/bd_bbcc_sarn_0_clocks.xdc:59]
WARNING: [Vivado_Tcl 4-921] Waiver ID 'CDC-1' -to list should not be empty. [/home/ae_reviewer/TempGNN/build/baselines/rtga_timingfix_v3_hw/_x/link/vivado/vpl/prj/prj.gen/my_rm/bd/ulp/ip/ulp_hmss_0_0/bd_7/ip/ip_8/bd_bbcc_sarn_0_clocks.xdc:63]
WARNING: [Vivado_Tcl 4-921] Waiver ID 'CDC-1' -to list should not be empty. [/home/ae_reviewer/TempGNN/build/baselines/rtga_timingfix_v3_hw/_x/link/vivado/vpl/prj/prj.gen/my_rm/bd/ulp/ip/ulp_hmss_0_0/bd_7/ip/ip_8/bd_bbcc_sarn_0_clocks.xdc:66]
INFO: [Common 17-14] Message 'Vivado 12-180' appears 100 times and further instances of the messages will be disabled. Use the Tcl command set_msg_config to change the current settings. [/home/ae_reviewer/TempGNN/build/baselines/rtga_timingfix_v3_hw/_x/link/vivado/vpl/prj/prj.gen/my_rm/bd/ulp/ip/ulp_hmss_0_0/bd_7/ip/ip_8/bd_bbcc_sarn_0_clocks.xdc:70]
WARNING: [Vivado_Tcl 4-921] Waiver ID 'CDC-1' -to list should not be empty. [/home/ae_reviewer/TempGNN/build/baselines/rtga_timingfix_v3_hw/_x/link/vivado/vpl/prj/prj.gen/my_rm/bd/ulp/ip/ulp_hmss_0_0/bd_7/ip/ip_8/bd_bbcc_sarn_0_clocks.xdc:70]
WARNING: [Vivado_Tcl 4-921] Waiver ID 'CDC-1' -to list should not be empty. [/home/ae_reviewer/TempGNN/build/baselines/rtga_timingfix_v3_hw/_x/link/vivado/vpl/prj/prj.gen/my_rm/bd/ulp/ip/ulp_hmss_0_0/bd_7/ip/ip_8/bd_bbcc_sarn_0_clocks.xdc:73]
WARNING: [Vivado_Tcl 4-921] Waiver ID 'CDC-1' -to list should not be empty. [/home/ae_reviewer/TempGNN/build/baselines/rtga_timingfix_v3_hw/_x/link/vivado/vpl/prj/prj.gen/my_rm/bd/ulp/ip/ulp_hmss_0_0/bd_7/ip/ip_8/bd_bbcc_sarn_0_clocks.xdc:76]
WARNING: [Vivado_Tcl 4-921] Waiver ID 'CDC-1' -to list should not be empty. [/home/ae_reviewer/TempGNN/build/baselines/rtga_timingfix_v3_hw/_x/link/vivado/vpl/prj/prj.gen/my_rm/bd/ulp/ip/ulp_hmss_0_0/bd_7/ip/ip_8/bd_bbcc_sarn_0_clocks.xdc:79]
WARNING: [Vivado_Tcl 4-921] Waiver ID 'CDC-1' -to list should not be empty. [/home/ae_reviewer/TempGNN/build/baselines/rtga_timingfix_v3_hw/_x/link/vivado/vpl/prj/prj.gen/my_rm/bd/ulp/ip/ulp_hmss_0_0/bd_7/ip/ip_8/bd_bbcc_sarn_0_clocks.xdc:82]
WARNING: [Vivado_Tcl 4-921] Waiver ID 'CDC-4' -to list should not be empty. [/home/ae_reviewer/TempGNN/build/baselines/rtga_timingfix_v3_hw/_x/link/vivado/vpl/prj/prj.gen/my_rm/bd/ulp/ip/ulp_hmss_0_0/bd_7/ip/ip_8/bd_bbcc_sarn_0_clocks.xdc:85]
WARNING: [Vivado_Tcl 4-921] Waiver ID 'CDC-4' -to list should not be empty. [/home/ae_reviewer/TempGNN/build/baselines/rtga_timingfix_v3_hw/_x/link/vivado/vpl/prj/prj.gen/my_rm/bd/ulp/ip/ulp_hmss_0_0/bd_7/ip/ip_8/bd_bbcc_sarn_0_clocks.xdc:88]
WARNING: [Vivado_Tcl 4-921] Waiver ID 'CDC-2' -to list should not be empty. [/home/ae_reviewer/TempGNN/build/baselines/rtga_timingfix_v3_hw/_x/link/vivado/vpl/prj/prj.gen/my_rm/bd/ulp/ip/ulp_hmss_0_0/bd_7/ip/ip_8/bd_bbcc_sarn_0_clocks.xdc:91]
WARNING: [Vivado_Tcl 4-921] Waiver ID 'CDC-2' -to list should not be empty. [/home/ae_reviewer/TempGNN/build/baselines/rtga_timingfix_v3_hw/_x/link/vivado/vpl/prj/prj.gen/my_rm/bd/ulp/ip/ulp_hmss_0_0/bd_7/ip/ip_8/bd_bbcc_sarn_0_clocks.xdc:94]
WARNING: [Vivado_Tcl 4-921] Waiver ID 'CDC-2' -to list should not be empty. [/home/ae_reviewer/TempGNN/build/baselines/rtga_timingfix_v3_hw/_x/link/vivado/vpl/prj/prj.gen/my_rm/bd/ulp/ip/ulp_hmss_0_0/bd_7/ip/ip_8/bd_bbcc_sarn_0_clocks.xdc:97]
WARNING: [Vivado_Tcl 4-921] Waiver ID 'CDC-2' -to list should not be empty. [/home/ae_reviewer/TempGNN/build/baselines/rtga_timingfix_v3_hw/_x/link/vivado/vpl/prj/prj.gen/my_rm/bd/ulp/ip/ulp_hmss_0_0/bd_7/ip/ip_8/bd_bbcc_sarn_0_clocks.xdc:100]
INFO: [Common 17-14] Message 'Vivado_Tcl 4-921' appears 100 times and further instances of the messages will be disabled. Use the Tcl command set_msg_config to change the current settings. [/home/ae_reviewer/TempGNN/build/baselines/rtga_timingfix_v3_hw/_x/link/vivado/vpl/prj/prj.gen/my_rm/bd/ulp/ip/ulp_hmss_0_0/bd_7/ip/ip_8/bd_bbcc_sarn_0_clocks.xdc:100]
Finished Parsing XDC File [/home/ae_reviewer/TempGNN/build/baselines/rtga_timingfix_v3_hw/_x/link/vivado/vpl/prj/prj.gen/my_rm/bd/ulp/ip/ulp_hmss_0_0/bd_7/ip/ip_8/bd_bbcc_sarn_0_clocks.xdc] for cell 'level0_i/ulp/hmss_0/inst/path_6/interconnect7_6/inst/s00_nodes/s00_ar_node/inst'
Parsing XDC File [/home/ae_reviewer/TempGNN/build/baselines/rtga_timingfix_v3_hw/_x/link/vivado/vpl/prj/prj.gen/my_rm/bd/ulp/ip/ulp_hmss_0_0/bd_7/ip/ip_3/bd_bbcc_psr_aclk1_0.xdc] for cell 'level0_i/ulp/hmss_0/inst/path_6/interconnect7_6/inst/clk_map/psr_aclk1/U0'
Finished Parsing XDC File [/home/ae_reviewer/TempGNN/build/baselines/rtga_timingfix_v3_hw/_x/link/vivado/vpl/prj/prj.gen/my_rm/bd/ulp/ip/ulp_hmss_0_0/bd_7/ip/ip_3/bd_bbcc_psr_aclk1_0.xdc] for cell 'level0_i/ulp/hmss_0/inst/path_6/interconnect7_6/inst/clk_map/psr_aclk1/U0'
Parsing XDC File [/home/ae_reviewer/TempGNN/build/baselines/rtga_timingfix_v3_hw/_x/link/vivado/vpl/prj/prj.gen/my_rm/bd/ulp/ip/ulp_hmss_0_0/bd_7/ip/ip_3/bd_bbcc_psr_aclk1_0_board.xdc] for cell 'level0_i/ulp/hmss_0/inst/path_6/interconnect7_6/inst/clk_map/psr_aclk1/U0'
Finished Parsing XDC File [/home/ae_reviewer/TempGNN/build/baselines/rtga_timingfix_v3_hw/_x/link/vivado/vpl/prj/prj.gen/my_rm/bd/ulp/ip/ulp_hmss_0_0/bd_7/ip/ip_3/bd_bbcc_psr_aclk1_0_board.xdc] for cell 'level0_i/ulp/hmss_0/inst/path_6/interconnect7_6/inst/clk_map/psr_aclk1/U0'
Parsing XDC File [/home/ae_reviewer/TempGNN/build/baselines/rtga_timingfix_v3_hw/_x/link/vivado/vpl/prj/prj.gen/my_rm/bd/ulp/ip/ulp_hmss_0_0/bd_7/ip/ip_2/bd_bbcc_psr_aclk_0.xdc] for cell 'level0_i/ulp/hmss_0/inst/path_6/interconnect7_6/inst/clk_map/psr_aclk/U0'
Finished Parsing XDC File [/home/ae_reviewer/TempGNN/build/baselines/rtga_timingfix_v3_hw/_x/link/vivado/vpl/prj/prj.gen/my_rm/bd/ulp/ip/ulp_hmss_0_0/bd_7/ip/ip_2/bd_bbcc_psr_aclk_0.xdc] for cell 'level0_i/ulp/hmss_0/inst/path_6/interconnect7_6/inst/clk_map/psr_aclk/U0'
Parsing XDC File [/home/ae_reviewer/TempGNN/build/baselines/rtga_timingfix_v3_hw/_x/link/vivado/vpl/prj/prj.gen/my_rm/bd/ulp/ip/ulp_hmss_0_0/bd_7/ip/ip_2/bd_bbcc_psr_aclk_0_board.xdc] for cell 'level0_i/ulp/hmss_0/inst/path_6/interconnect7_6/inst/clk_map/psr_aclk/U0'
Finished Parsing XDC File [/home/ae_reviewer/TempGNN/build/baselines/rtga_timingfix_v3_hw/_x/link/vivado/vpl/prj/prj.gen/my_rm/bd/ulp/ip/ulp_hmss_0_0/bd_7/ip/ip_2/bd_bbcc_psr_aclk_0_board.xdc] for cell 'level0_i/ulp/hmss_0/inst/path_6/interconnect7_6/inst/clk_map/psr_aclk/U0'
Parsing XDC File [/home/ae_reviewer/TempGNN/build/baselines/rtga_timingfix_v3_hw/_x/link/vivado/vpl/prj/prj.gen/my_rm/bd/ulp/ip/ulp_hmss_0_0/bd_7/ip/ip_1/bd_bbcc_psr0_0.xdc] for cell 'level0_i/ulp/hmss_0/inst/path_6/interconnect7_6/inst/clk_map/psr0/U0'
Finished Parsing XDC File [/home/ae_reviewer/TempGNN/build/baselines/rtga_timingfix_v3_hw/_x/link/vivado/vpl/prj/prj.gen/my_rm/bd/ulp/ip/ulp_hmss_0_0/bd_7/ip/ip_1/bd_bbcc_psr0_0.xdc] for cell 'level0_i/ulp/hmss_0/inst/path_6/interconnect7_6/inst/clk_map/psr0/U0'
Parsing XDC File [/home/ae_reviewer/TempGNN/build/baselines/rtga_timingfix_v3_hw/_x/link/vivado/vpl/prj/prj.gen/my_rm/bd/ulp/ip/ulp_hmss_0_0/bd_7/ip/ip_1/bd_bbcc_psr0_0_board.xdc] for cell 'level0_i/ulp/hmss_0/inst/path_6/interconnect7_6/inst/clk_map/psr0/U0'
Finished Parsing XDC File [/home/ae_reviewer/TempGNN/build/baselines/rtga_timingfix_v3_hw/_x/link/vivado/vpl/prj/prj.gen/my_rm/bd/ulp/ip/ulp_hmss_0_0/bd_7/ip/ip_1/bd_bbcc_psr0_0_board.xdc] for cell 'level0_i/ulp/hmss_0/inst/path_6/interconnect7_6/inst/clk_map/psr0/U0'
Parsing XDC File [/home/ae_reviewer/TempGNN/build/baselines/rtga_timingfix_v3_hw/_x/link/vivado/vpl/prj/prj.gen/my_rm/bd/ulp/ip/ulp_hmss_0_0/bd_0/ip/ip_18/smartconnect.xdc] for cell 'level0_i/ulp/hmss_0/inst/path_5/interconnect6_5/inst'
WARNING: [Vivado_Tcl 4-919] Waiver ID 'CDC-1' -from list should not be empty. [/home/ae_reviewer/TempGNN/build/baselines/rtga_timingfix_v3_hw/_x/link/vivado/vpl/prj/prj.gen/my_rm/bd/ulp/ip/ulp_hmss_0_0/bd_0/ip/ip_18/smartconnect.xdc:1]
Finished Parsing XDC File [/home/ae_reviewer/TempGNN/build/baselines/rtga_timingfix_v3_hw/_x/link/vivado/vpl/prj/prj.gen/my_rm/bd/ulp/ip/ulp_hmss_0_0/bd_0/ip/ip_18/smartconnect.xdc] for cell 'level0_i/ulp/hmss_0/inst/path_5/interconnect6_5/inst'
Parsing XDC File [/home/ae_reviewer/TempGNN/build/baselines/rtga_timingfix_v3_hw/_x/link/vivado/vpl/prj/prj.gen/my_rm/bd/ulp/ip/ulp_hmss_0_0/bd_8/ip/ip_1/bd_7ac9_psr0_0.xdc] for cell 'level0_i/ulp/hmss_0/inst/path_7/interconnect8_7/inst/clk_map/psr0/U0'
Finished Parsing XDC File [/home/ae_reviewer/TempGNN/build/baselines/rtga_timingfix_v3_hw/_x/link/vivado/vpl/prj/prj.gen/my_rm/bd/ulp/ip/ulp_hmss_0_0/bd_8/ip/ip_1/bd_7ac9_psr0_0.xdc] for cell 'level0_i/ulp/hmss_0/inst/path_7/interconnect8_7/inst/clk_map/psr0/U0'
Parsing XDC File [/home/ae_reviewer/TempGNN/build/baselines/rtga_timingfix_v3_hw/_x/link/vivado/vpl/prj/prj.gen/my_rm/bd/ulp/ip/ulp_hmss_0_0/bd_6/ip/ip_8/bd_7b01_sarn_0_clocks.xdc] for cell 'level0_i/ulp/hmss_0/inst/path_5/interconnect6_5/inst/s00_nodes/s00_ar_node/inst'
Finished Parsing XDC File [/home/ae_reviewer/TempGNN/build/baselines/rtga_timingfix_v3_hw/_x/link/vivado/vpl/prj/prj.gen/my_rm/bd/ulp/ip/ulp_hmss_0_0/bd_6/ip/ip_8/bd_7b01_sarn_0_clocks.xdc] for cell 'level0_i/ulp/hmss_0/inst/path_5/interconnect6_5/inst/s00_nodes/s00_ar_node/inst'
Parsing XDC File [/home/ae_reviewer/TempGNN/build/baselines/rtga_timingfix_v3_hw/_x/link/vivado/vpl/prj/prj.gen/my_rm/bd/ulp/ip/ulp_hmss_0_0/bd_6/ip/ip_3/bd_7b01_psr_aclk1_0.xdc] for cell 'level0_i/ulp/hmss_0/inst/path_5/interconnect6_5/inst/clk_map/psr_aclk1/U0'
Finished Parsing XDC File [/home/ae_reviewer/TempGNN/build/baselines/rtga_timingfix_v3_hw/_x/link/vivado/vpl/prj/prj.gen/my_rm/bd/ulp/ip/ulp_hmss_0_0/bd_6/ip/ip_3/bd_7b01_psr_aclk1_0.xdc] for cell 'level0_i/ulp/hmss_0/inst/path_5/interconnect6_5/inst/clk_map/psr_aclk1/U0'
Parsing XDC File [/home/ae_reviewer/TempGNN/build/baselines/rtga_timingfix_v3_hw/_x/link/vivado/vpl/prj/prj.gen/my_rm/bd/ulp/ip/ulp_hmss_0_0/bd_6/ip/ip_3/bd_7b01_psr_aclk1_0_board.xdc] for cell 'level0_i/ulp/hmss_0/inst/path_5/interconnect6_5/inst/clk_map/psr_aclk1/U0'
Finished Parsing XDC File [/home/ae_reviewer/TempGNN/build/baselines/rtga_timingfix_v3_hw/_x/link/vivado/vpl/prj/prj.gen/my_rm/bd/ulp/ip/ulp_hmss_0_0/bd_6/ip/ip_3/bd_7b01_psr_aclk1_0_board.xdc] for cell 'level0_i/ulp/hmss_0/inst/path_5/interconnect6_5/inst/clk_map/psr_aclk1/U0'
Parsing XDC File [/home/ae_reviewer/TempGNN/build/baselines/rtga_timingfix_v3_hw/_x/link/vivado/vpl/prj/prj.gen/my_rm/bd/ulp/ip/ulp_hmss_0_0/bd_6/ip/ip_2/bd_7b01_psr_aclk_0.xdc] for cell 'level0_i/ulp/hmss_0/inst/path_5/interconnect6_5/inst/clk_map/psr_aclk/U0'
Finished Parsing XDC File [/home/ae_reviewer/TempGNN/build/baselines/rtga_timingfix_v3_hw/_x/link/vivado/vpl/prj/prj.gen/my_rm/bd/ulp/ip/ulp_hmss_0_0/bd_6/ip/ip_2/bd_7b01_psr_aclk_0.xdc] for cell 'level0_i/ulp/hmss_0/inst/path_5/interconnect6_5/inst/clk_map/psr_aclk/U0'
Parsing XDC File [/home/ae_reviewer/TempGNN/build/baselines/rtga_timingfix_v3_hw/_x/link/vivado/vpl/prj/prj.gen/my_rm/bd/ulp/ip/ulp_hmss_0_0/bd_6/ip/ip_2/bd_7b01_psr_aclk_0_board.xdc] for cell 'level0_i/ulp/hmss_0/inst/path_5/interconnect6_5/inst/clk_map/psr_aclk/U0'
Finished Parsing XDC File [/home/ae_reviewer/TempGNN/build/baselines/rtga_timingfix_v3_hw/_x/link/vivado/vpl/prj/prj.gen/my_rm/bd/ulp/ip/ulp_hmss_0_0/bd_6/ip/ip_2/bd_7b01_psr_aclk_0_board.xdc] for cell 'level0_i/ulp/hmss_0/inst/path_5/interconnect6_5/inst/clk_map/psr_aclk/U0'
Parsing XDC File [/home/ae_reviewer/TempGNN/build/baselines/rtga_timingfix_v3_hw/_x/link/vivado/vpl/prj/prj.gen/my_rm/bd/ulp/ip/ulp_hmss_0_0/bd_6/ip/ip_1/bd_7b01_psr0_0.xdc] for cell 'level0_i/ulp/hmss_0/inst/path_5/interconnect6_5/inst/clk_map/psr0/U0'
Finished Parsing XDC File [/home/ae_reviewer/TempGNN/build/baselines/rtga_timingfix_v3_hw/_x/link/vivado/vpl/prj/prj.gen/my_rm/bd/ulp/ip/ulp_hmss_0_0/bd_6/ip/ip_1/bd_7b01_psr0_0.xdc] for cell 'level0_i/ulp/hmss_0/inst/path_5/interconnect6_5/inst/clk_map/psr0/U0'
Parsing XDC File [/home/ae_reviewer/TempGNN/build/baselines/rtga_timingfix_v3_hw/_x/link/vivado/vpl/prj/prj.gen/my_rm/bd/ulp/ip/ulp_hmss_0_0/bd_6/ip/ip_1/bd_7b01_psr0_0_board.xdc] for cell 'level0_i/ulp/hmss_0/inst/path_5/interconnect6_5/inst/clk_map/psr0/U0'
Finished Parsing XDC File [/home/ae_reviewer/TempGNN/build/baselines/rtga_timingfix_v3_hw/_x/link/vivado/vpl/prj/prj.gen/my_rm/bd/ulp/ip/ulp_hmss_0_0/bd_6/ip/ip_1/bd_7b01_psr0_0_board.xdc] for cell 'level0_i/ulp/hmss_0/inst/path_5/interconnect6_5/inst/clk_map/psr0/U0'
Parsing XDC File [/home/ae_reviewer/TempGNN/build/baselines/rtga_timingfix_v3_hw/_x/link/vivado/vpl/prj/prj.gen/my_rm/bd/ulp/ip/ulp_hmss_0_0/bd_0/ip/ip_15/smartconnect.xdc] for cell 'level0_i/ulp/hmss_0/inst/path_4/interconnect5_4/inst'
WARNING: [Vivado_Tcl 4-919] Waiver ID 'CDC-1' -from list should not be empty. [/home/ae_reviewer/TempGNN/build/baselines/rtga_timingfix_v3_hw/_x/link/vivado/vpl/prj/prj.gen/my_rm/bd/ulp/ip/ulp_hmss_0_0/bd_0/ip/ip_15/smartconnect.xdc:1]
Finished Parsing XDC File [/home/ae_reviewer/TempGNN/build/baselines/rtga_timingfix_v3_hw/_x/link/vivado/vpl/prj/prj.gen/my_rm/bd/ulp/ip/ulp_hmss_0_0/bd_0/ip/ip_15/smartconnect.xdc] for cell 'level0_i/ulp/hmss_0/inst/path_4/interconnect5_4/inst'
Parsing XDC File [/home/ae_reviewer/TempGNN/build/baselines/rtga_timingfix_v3_hw/_x/link/vivado/vpl/prj/prj.gen/my_rm/bd/ulp/ip/ulp_hmss_0_0/bd_5/ip/ip_9/bd_bb14_srn_0_clocks.xdc] for cell 'level0_i/ulp/hmss_0/inst/path_4/interconnect5_4/inst/s00_nodes/s00_r_node/inst'
Finished Parsing XDC File [/home/ae_reviewer/TempGNN/build/baselines/rtga_timingfix_v3_hw/_x/link/vivado/vpl/prj/prj.gen/my_rm/bd/ulp/ip/ulp_hmss_0_0/bd_5/ip/ip_9/bd_bb14_srn_0_clocks.xdc] for cell 'level0_i/ulp/hmss_0/inst/path_4/interconnect5_4/inst/s00_nodes/s00_r_node/inst'
Parsing XDC File [/home/ae_reviewer/TempGNN/build/baselines/rtga_timingfix_v3_hw/_x/link/vivado/vpl/prj/prj.gen/my_rm/bd/ulp/ip/ulp_hmss_0_0/bd_5/ip/ip_8/bd_bb14_sarn_0_clocks.xdc] for cell 'level0_i/ulp/hmss_0/inst/path_4/interconnect5_4/inst/s00_nodes/s00_ar_node/inst'
Finished Parsing XDC File [/home/ae_reviewer/TempGNN/build/baselines/rtga_timingfix_v3_hw/_x/link/vivado/vpl/prj/prj.gen/my_rm/bd/ulp/ip/ulp_hmss_0_0/bd_5/ip/ip_8/bd_bb14_sarn_0_clocks.xdc] for cell 'level0_i/ulp/hmss_0/inst/path_4/interconnect5_4/inst/s00_nodes/s00_ar_node/inst'
Parsing XDC File [/home/ae_reviewer/TempGNN/build/baselines/rtga_timingfix_v3_hw/_x/link/vivado/vpl/prj/prj.gen/my_rm/bd/ulp/ip/ulp_hmss_0_0/bd_5/ip/ip_3/bd_bb14_psr_aclk1_0.xdc] for cell 'level0_i/ulp/hmss_0/inst/path_4/interconnect5_4/inst/clk_map/psr_aclk1/U0'
Finished Parsing XDC File [/home/ae_reviewer/TempGNN/build/baselines/rtga_timingfix_v3_hw/_x/link/vivado/vpl/prj/prj.gen/my_rm/bd/ulp/ip/ulp_hmss_0_0/bd_5/ip/ip_3/bd_bb14_psr_aclk1_0.xdc] for cell 'level0_i/ulp/hmss_0/inst/path_4/interconnect5_4/inst/clk_map/psr_aclk1/U0'
Parsing XDC File [/home/ae_reviewer/TempGNN/build/baselines/rtga_timingfix_v3_hw/_x/link/vivado/vpl/prj/prj.gen/my_rm/bd/ulp/ip/ulp_hmss_0_0/bd_9/ip/ip_3/bd_b9c4_psr_aclk1_0_board.xdc] for cell 'level0_i/ulp/hmss_0/inst/path_8/interconnect9_8/inst/clk_map/psr_aclk1/U0'
Finished Parsing XDC File [/home/ae_reviewer/TempGNN/build/baselines/rtga_timingfix_v3_hw/_x/link/vivado/vpl/prj/prj.gen/my_rm/bd/ulp/ip/ulp_hmss_0_0/bd_9/ip/ip_3/bd_b9c4_psr_aclk1_0_board.xdc] for cell 'level0_i/ulp/hmss_0/inst/path_8/interconnect9_8/inst/clk_map/psr_aclk1/U0'
Parsing XDC File [/home/ae_reviewer/TempGNN/build/baselines/rtga_timingfix_v3_hw/_x/link/vivado/vpl/prj/prj.gen/my_rm/bd/ulp/ip/ulp_hmss_0_0/bd_10/ip/ip_8/bd_5dbf_sarn_0_clocks.xdc] for cell 'level0_i/ulp/hmss_0/inst/path_9/interconnect10_9/inst/s00_nodes/s00_ar_node/inst'
Finished Parsing XDC File [/home/ae_reviewer/TempGNN/build/baselines/rtga_timingfix_v3_hw/_x/link/vivado/vpl/prj/prj.gen/my_rm/bd/ulp/ip/ulp_hmss_0_0/bd_10/ip/ip_8/bd_5dbf_sarn_0_clocks.xdc] for cell 'level0_i/ulp/hmss_0/inst/path_9/interconnect10_9/inst/s00_nodes/s00_ar_node/inst'
Parsing XDC File [/home/ae_reviewer/TempGNN/build/baselines/rtga_timingfix_v3_hw/_x/link/vivado/vpl/prj/prj.gen/my_rm/bd/ulp/ip/ulp_hmss_0_0/bd_10/ip/ip_3/bd_5dbf_psr_aclk1_0.xdc] for cell 'level0_i/ulp/hmss_0/inst/path_9/interconnect10_9/inst/clk_map/psr_aclk1/U0'
Finished Parsing XDC File [/home/ae_reviewer/TempGNN/build/baselines/rtga_timingfix_v3_hw/_x/link/vivado/vpl/prj/prj.gen/my_rm/bd/ulp/ip/ulp_hmss_0_0/bd_10/ip/ip_3/bd_5dbf_psr_aclk1_0.xdc] for cell 'level0_i/ulp/hmss_0/inst/path_9/interconnect10_9/inst/clk_map/psr_aclk1/U0'
Parsing XDC File [/home/ae_reviewer/TempGNN/build/baselines/rtga_timingfix_v3_hw/_x/link/vivado/vpl/prj/prj.gen/my_rm/bd/ulp/ip/ulp_hmss_0_0/bd_10/ip/ip_3/bd_5dbf_psr_aclk1_0_board.xdc] for cell 'level0_i/ulp/hmss_0/inst/path_9/interconnect10_9/inst/clk_map/psr_aclk1/U0'
Finished Parsing XDC File [/home/ae_reviewer/TempGNN/build/baselines/rtga_timingfix_v3_hw/_x/link/vivado/vpl/prj/prj.gen/my_rm/bd/ulp/ip/ulp_hmss_0_0/bd_10/ip/ip_3/bd_5dbf_psr_aclk1_0_board.xdc] for cell 'level0_i/ulp/hmss_0/inst/path_9/interconnect10_9/inst/clk_map/psr_aclk1/U0'
Parsing XDC File [/home/ae_reviewer/TempGNN/build/baselines/rtga_timingfix_v3_hw/_x/link/vivado/vpl/prj/prj.gen/my_rm/bd/ulp/ip/ulp_hmss_0_0/bd_10/ip/ip_2/bd_5dbf_psr_aclk_0.xdc] for cell 'level0_i/ulp/hmss_0/inst/path_9/interconnect10_9/inst/clk_map/psr_aclk/U0'
Finished Parsing XDC File [/home/ae_reviewer/TempGNN/build/baselines/rtga_timingfix_v3_hw/_x/link/vivado/vpl/prj/prj.gen/my_rm/bd/ulp/ip/ulp_hmss_0_0/bd_10/ip/ip_2/bd_5dbf_psr_aclk_0.xdc] for cell 'level0_i/ulp/hmss_0/inst/path_9/interconnect10_9/inst/clk_map/psr_aclk/U0'
Parsing XDC File [/home/ae_reviewer/TempGNN/build/baselines/rtga_timingfix_v3_hw/_x/link/vivado/vpl/prj/prj.gen/my_rm/bd/ulp/ip/ulp_hmss_0_0/bd_10/ip/ip_2/bd_5dbf_psr_aclk_0_board.xdc] for cell 'level0_i/ulp/hmss_0/inst/path_9/interconnect10_9/inst/clk_map/psr_aclk/U0'
Finished Parsing XDC File [/home/ae_reviewer/TempGNN/build/baselines/rtga_timingfix_v3_hw/_x/link/vivado/vpl/prj/prj.gen/my_rm/bd/ulp/ip/ulp_hmss_0_0/bd_10/ip/ip_2/bd_5dbf_psr_aclk_0_board.xdc] for cell 'level0_i/ulp/hmss_0/inst/path_9/interconnect10_9/inst/clk_map/psr_aclk/U0'
Parsing XDC File [/home/ae_reviewer/TempGNN/build/baselines/rtga_timingfix_v3_hw/_x/link/vivado/vpl/prj/prj.gen/my_rm/bd/ulp/ip/ulp_hmss_0_0/bd_10/ip/ip_1/bd_5dbf_psr0_0.xdc] for cell 'level0_i/ulp/hmss_0/inst/path_9/interconnect10_9/inst/clk_map/psr0/U0'
Finished Parsing XDC File [/home/ae_reviewer/TempGNN/build/baselines/rtga_timingfix_v3_hw/_x/link/vivado/vpl/prj/prj.gen/my_rm/bd/ulp/ip/ulp_hmss_0_0/bd_10/ip/ip_1/bd_5dbf_psr0_0.xdc] for cell 'level0_i/ulp/hmss_0/inst/path_9/interconnect10_9/inst/clk_map/psr0/U0'
Parsing XDC File [/home/ae_reviewer/TempGNN/build/baselines/rtga_timingfix_v3_hw/_x/link/vivado/vpl/prj/prj.gen/my_rm/bd/ulp/ip/ulp_hmss_0_0/bd_10/ip/ip_1/bd_5dbf_psr0_0_board.xdc] for cell 'level0_i/ulp/hmss_0/inst/path_9/interconnect10_9/inst/clk_map/psr0/U0'
Finished Parsing XDC File [/home/ae_reviewer/TempGNN/build/baselines/rtga_timingfix_v3_hw/_x/link/vivado/vpl/prj/prj.gen/my_rm/bd/ulp/ip/ulp_hmss_0_0/bd_10/ip/ip_1/bd_5dbf_psr0_0_board.xdc] for cell 'level0_i/ulp/hmss_0/inst/path_9/interconnect10_9/inst/clk_map/psr0/U0'
Parsing XDC File [/home/ae_reviewer/TempGNN/build/baselines/rtga_timingfix_v3_hw/_x/link/vivado/vpl/prj/prj.gen/my_rm/bd/ulp/ip/ulp_hmss_0_0/bd_0/ip/ip_27/smartconnect.xdc] for cell 'level0_i/ulp/hmss_0/inst/path_8/interconnect9_8/inst'
WARNING: [Vivado_Tcl 4-919] Waiver ID 'CDC-1' -from list should not be empty. [/home/ae_reviewer/TempGNN/build/baselines/rtga_timingfix_v3_hw/_x/link/vivado/vpl/prj/prj.gen/my_rm/bd/ulp/ip/ulp_hmss_0_0/bd_0/ip/ip_27/smartconnect.xdc:1]
Finished Parsing XDC File [/home/ae_reviewer/TempGNN/build/baselines/rtga_timingfix_v3_hw/_x/link/vivado/vpl/prj/prj.gen/my_rm/bd/ulp/ip/ulp_hmss_0_0/bd_0/ip/ip_27/smartconnect.xdc] for cell 'level0_i/ulp/hmss_0/inst/path_8/interconnect9_8/inst'
Parsing XDC File [/home/ae_reviewer/TempGNN/build/baselines/rtga_timingfix_v3_hw/_x/link/vivado/vpl/prj/prj.gen/my_rm/bd/ulp/ip/ulp_hmss_0_0/bd_9/ip/ip_9/bd_b9c4_srn_0_clocks.xdc] for cell 'level0_i/ulp/hmss_0/inst/path_8/interconnect9_8/inst/s00_nodes/s00_r_node/inst'
Finished Parsing XDC File [/home/ae_reviewer/TempGNN/build/baselines/rtga_timingfix_v3_hw/_x/link/vivado/vpl/prj/prj.gen/my_rm/bd/ulp/ip/ulp_hmss_0_0/bd_9/ip/ip_9/bd_b9c4_srn_0_clocks.xdc] for cell 'level0_i/ulp/hmss_0/inst/path_8/interconnect9_8/inst/s00_nodes/s00_r_node/inst'
Parsing XDC File [/home/ae_reviewer/TempGNN/build/baselines/rtga_timingfix_v3_hw/_x/link/vivado/vpl/prj/prj.gen/my_rm/bd/ulp/ip/ulp_hmss_0_0/bd_9/ip/ip_8/bd_b9c4_sarn_0_clocks.xdc] for cell 'level0_i/ulp/hmss_0/inst/path_8/interconnect9_8/inst/s00_nodes/s00_ar_node/inst'
Finished Parsing XDC File [/home/ae_reviewer/TempGNN/build/baselines/rtga_timingfix_v3_hw/_x/link/vivado/vpl/prj/prj.gen/my_rm/bd/ulp/ip/ulp_hmss_0_0/bd_9/ip/ip_8/bd_b9c4_sarn_0_clocks.xdc] for cell 'level0_i/ulp/hmss_0/inst/path_8/interconnect9_8/inst/s00_nodes/s00_ar_node/inst'
Parsing XDC File [/home/ae_reviewer/TempGNN/build/baselines/rtga_timingfix_v3_hw/_x/link/vivado/vpl/prj/prj.gen/my_rm/bd/ulp/ip/ulp_hmss_0_0/bd_9/ip/ip_3/bd_b9c4_psr_aclk1_0.xdc] for cell 'level0_i/ulp/hmss_0/inst/path_8/interconnect9_8/inst/clk_map/psr_aclk1/U0'
Finished Parsing XDC File [/home/ae_reviewer/TempGNN/build/baselines/rtga_timingfix_v3_hw/_x/link/vivado/vpl/prj/prj.gen/my_rm/bd/ulp/ip/ulp_hmss_0_0/bd_9/ip/ip_3/bd_b9c4_psr_aclk1_0.xdc] for cell 'level0_i/ulp/hmss_0/inst/path_8/interconnect9_8/inst/clk_map/psr_aclk1/U0'
Parsing XDC File [/home/ae_reviewer/TempGNN/build/baselines/rtga_timingfix_v3_hw/_x/link/vivado/vpl/prj/prj.gen/my_rm/bd/ulp/ip/ulp_hmss_0_0/bd_5/ip/ip_3/bd_bb14_psr_aclk1_0_board.xdc] for cell 'level0_i/ulp/hmss_0/inst/path_4/interconnect5_4/inst/clk_map/psr_aclk1/U0'
Finished Parsing XDC File [/home/ae_reviewer/TempGNN/build/baselines/rtga_timingfix_v3_hw/_x/link/vivado/vpl/prj/prj.gen/my_rm/bd/ulp/ip/ulp_hmss_0_0/bd_5/ip/ip_3/bd_bb14_psr_aclk1_0_board.xdc] for cell 'level0_i/ulp/hmss_0/inst/path_4/interconnect5_4/inst/clk_map/psr_aclk1/U0'
Parsing XDC File [/home/ae_reviewer/TempGNN/build/baselines/rtga_timingfix_v3_hw/_x/link/vivado/vpl/prj/prj.gen/my_rm/bd/ulp/ip/ulp_hmss_0_0/bd_9/ip/ip_2/bd_b9c4_psr_aclk_0.xdc] for cell 'level0_i/ulp/hmss_0/inst/path_8/interconnect9_8/inst/clk_map/psr_aclk/U0'
Finished Parsing XDC File [/home/ae_reviewer/TempGNN/build/baselines/rtga_timingfix_v3_hw/_x/link/vivado/vpl/prj/prj.gen/my_rm/bd/ulp/ip/ulp_hmss_0_0/bd_9/ip/ip_2/bd_b9c4_psr_aclk_0.xdc] for cell 'level0_i/ulp/hmss_0/inst/path_8/interconnect9_8/inst/clk_map/psr_aclk/U0'
Parsing XDC File [/home/ae_reviewer/TempGNN/build/baselines/rtga_timingfix_v3_hw/_x/link/vivado/vpl/prj/prj.gen/my_rm/bd/ulp/ip/ulp_hmss_0_0/bd_9/ip/ip_2/bd_b9c4_psr_aclk_0_board.xdc] for cell 'level0_i/ulp/hmss_0/inst/path_8/interconnect9_8/inst/clk_map/psr_aclk/U0'
Finished Parsing XDC File [/home/ae_reviewer/TempGNN/build/baselines/rtga_timingfix_v3_hw/_x/link/vivado/vpl/prj/prj.gen/my_rm/bd/ulp/ip/ulp_hmss_0_0/bd_9/ip/ip_2/bd_b9c4_psr_aclk_0_board.xdc] for cell 'level0_i/ulp/hmss_0/inst/path_8/interconnect9_8/inst/clk_map/psr_aclk/U0'
Parsing XDC File [/home/ae_reviewer/TempGNN/build/baselines/rtga_timingfix_v3_hw/_x/link/vivado/vpl/prj/prj.gen/my_rm/bd/ulp/ip/ulp_hmss_0_0/bd_9/ip/ip_1/bd_b9c4_psr0_0.xdc] for cell 'level0_i/ulp/hmss_0/inst/path_8/interconnect9_8/inst/clk_map/psr0/U0'
Finished Parsing XDC File [/home/ae_reviewer/TempGNN/build/baselines/rtga_timingfix_v3_hw/_x/link/vivado/vpl/prj/prj.gen/my_rm/bd/ulp/ip/ulp_hmss_0_0/bd_9/ip/ip_1/bd_b9c4_psr0_0.xdc] for cell 'level0_i/ulp/hmss_0/inst/path_8/interconnect9_8/inst/clk_map/psr0/U0'
Parsing XDC File [/home/ae_reviewer/TempGNN/build/baselines/rtga_timingfix_v3_hw/_x/link/vivado/vpl/prj/prj.gen/my_rm/bd/ulp/ip/ulp_hmss_0_0/bd_9/ip/ip_1/bd_b9c4_psr0_0_board.xdc] for cell 'level0_i/ulp/hmss_0/inst/path_8/interconnect9_8/inst/clk_map/psr0/U0'
Finished Parsing XDC File [/home/ae_reviewer/TempGNN/build/baselines/rtga_timingfix_v3_hw/_x/link/vivado/vpl/prj/prj.gen/my_rm/bd/ulp/ip/ulp_hmss_0_0/bd_9/ip/ip_1/bd_b9c4_psr0_0_board.xdc] for cell 'level0_i/ulp/hmss_0/inst/path_8/interconnect9_8/inst/clk_map/psr0/U0'
Parsing XDC File [/home/ae_reviewer/TempGNN/build/baselines/rtga_timingfix_v3_hw/_x/link/vivado/vpl/prj/prj.gen/my_rm/bd/ulp/ip/ulp_hmss_0_0/bd_0/ip/ip_24/smartconnect.xdc] for cell 'level0_i/ulp/hmss_0/inst/path_7/interconnect8_7/inst'
WARNING: [Vivado_Tcl 4-919] Waiver ID 'CDC-1' -from list should not be empty. [/home/ae_reviewer/TempGNN/build/baselines/rtga_timingfix_v3_hw/_x/link/vivado/vpl/prj/prj.gen/my_rm/bd/ulp/ip/ulp_hmss_0_0/bd_0/ip/ip_24/smartconnect.xdc:1]
Finished Parsing XDC File [/home/ae_reviewer/TempGNN/build/baselines/rtga_timingfix_v3_hw/_x/link/vivado/vpl/prj/prj.gen/my_rm/bd/ulp/ip/ulp_hmss_0_0/bd_0/ip/ip_24/smartconnect.xdc] for cell 'level0_i/ulp/hmss_0/inst/path_7/interconnect8_7/inst'
Parsing XDC File [/home/ae_reviewer/TempGNN/build/baselines/rtga_timingfix_v3_hw/_x/link/vivado/vpl/prj/prj.gen/my_rm/bd/ulp/ip/ulp_hmss_0_0/bd_8/ip/ip_9/bd_7ac9_srn_0_clocks.xdc] for cell 'level0_i/ulp/hmss_0/inst/path_7/interconnect8_7/inst/s00_nodes/s00_r_node/inst'
Finished Parsing XDC File [/home/ae_reviewer/TempGNN/build/baselines/rtga_timingfix_v3_hw/_x/link/vivado/vpl/prj/prj.gen/my_rm/bd/ulp/ip/ulp_hmss_0_0/bd_8/ip/ip_9/bd_7ac9_srn_0_clocks.xdc] for cell 'level0_i/ulp/hmss_0/inst/path_7/interconnect8_7/inst/s00_nodes/s00_r_node/inst'
Parsing XDC File [/home/ae_reviewer/TempGNN/build/baselines/rtga_timingfix_v3_hw/_x/link/vivado/vpl/prj/prj.gen/my_rm/bd/ulp/ip/ulp_hmss_0_0/bd_8/ip/ip_8/bd_7ac9_sarn_0_clocks.xdc] for cell 'level0_i/ulp/hmss_0/inst/path_7/interconnect8_7/inst/s00_nodes/s00_ar_node/inst'
Finished Parsing XDC File [/home/ae_reviewer/TempGNN/build/baselines/rtga_timingfix_v3_hw/_x/link/vivado/vpl/prj/prj.gen/my_rm/bd/ulp/ip/ulp_hmss_0_0/bd_8/ip/ip_8/bd_7ac9_sarn_0_clocks.xdc] for cell 'level0_i/ulp/hmss_0/inst/path_7/interconnect8_7/inst/s00_nodes/s00_ar_node/inst'
Parsing XDC File [/home/ae_reviewer/TempGNN/build/baselines/rtga_timingfix_v3_hw/_x/link/vivado/vpl/prj/prj.gen/my_rm/bd/ulp/ip/ulp_hmss_0_0/bd_8/ip/ip_3/bd_7ac9_psr_aclk1_0.xdc] for cell 'level0_i/ulp/hmss_0/inst/path_7/interconnect8_7/inst/clk_map/psr_aclk1/U0'
Finished Parsing XDC File [/home/ae_reviewer/TempGNN/build/baselines/rtga_timingfix_v3_hw/_x/link/vivado/vpl/prj/prj.gen/my_rm/bd/ulp/ip/ulp_hmss_0_0/bd_8/ip/ip_3/bd_7ac9_psr_aclk1_0.xdc] for cell 'level0_i/ulp/hmss_0/inst/path_7/interconnect8_7/inst/clk_map/psr_aclk1/U0'
Parsing XDC File [/home/ae_reviewer/TempGNN/build/baselines/rtga_timingfix_v3_hw/_x/link/vivado/vpl/prj/prj.gen/my_rm/bd/ulp/ip/ulp_hmss_0_0/bd_8/ip/ip_3/bd_7ac9_psr_aclk1_0_board.xdc] for cell 'level0_i/ulp/hmss_0/inst/path_7/interconnect8_7/inst/clk_map/psr_aclk1/U0'
Finished Parsing XDC File [/home/ae_reviewer/TempGNN/build/baselines/rtga_timingfix_v3_hw/_x/link/vivado/vpl/prj/prj.gen/my_rm/bd/ulp/ip/ulp_hmss_0_0/bd_8/ip/ip_3/bd_7ac9_psr_aclk1_0_board.xdc] for cell 'level0_i/ulp/hmss_0/inst/path_7/interconnect8_7/inst/clk_map/psr_aclk1/U0'
Parsing XDC File [/home/ae_reviewer/TempGNN/build/baselines/rtga_timingfix_v3_hw/_x/link/vivado/vpl/prj/prj.gen/my_rm/bd/ulp/ip/ulp_hmss_0_0/bd_8/ip/ip_2/bd_7ac9_psr_aclk_0.xdc] for cell 'level0_i/ulp/hmss_0/inst/path_7/interconnect8_7/inst/clk_map/psr_aclk/U0'
Finished Parsing XDC File [/home/ae_reviewer/TempGNN/build/baselines/rtga_timingfix_v3_hw/_x/link/vivado/vpl/prj/prj.gen/my_rm/bd/ulp/ip/ulp_hmss_0_0/bd_8/ip/ip_2/bd_7ac9_psr_aclk_0.xdc] for cell 'level0_i/ulp/hmss_0/inst/path_7/interconnect8_7/inst/clk_map/psr_aclk/U0'
Parsing XDC File [/home/ae_reviewer/TempGNN/build/baselines/rtga_timingfix_v3_hw/_x/link/vivado/vpl/prj/prj.gen/my_rm/bd/ulp/ip/ulp_hmss_0_0/bd_8/ip/ip_2/bd_7ac9_psr_aclk_0_board.xdc] for cell 'level0_i/ulp/hmss_0/inst/path_7/interconnect8_7/inst/clk_map/psr_aclk/U0'
Finished Parsing XDC File [/home/ae_reviewer/TempGNN/build/baselines/rtga_timingfix_v3_hw/_x/link/vivado/vpl/prj/prj.gen/my_rm/bd/ulp/ip/ulp_hmss_0_0/bd_8/ip/ip_2/bd_7ac9_psr_aclk_0_board.xdc] for cell 'level0_i/ulp/hmss_0/inst/path_7/interconnect8_7/inst/clk_map/psr_aclk/U0'
Parsing XDC File [/home/ae_reviewer/TempGNN/build/baselines/rtga_timingfix_v3_hw/_x/link/vivado/vpl/prj/prj.gen/my_rm/bd/ulp/ip/ulp_hmss_0_0/bd_1/ip/ip_3/bd_baa4_psr_aclk1_0_board.xdc] for cell 'level0_i/ulp/hmss_0/inst/path_0/interconnect1_0/inst/clk_map/psr_aclk1/U0'
Finished Parsing XDC File [/home/ae_reviewer/TempGNN/build/baselines/rtga_timingfix_v3_hw/_x/link/vivado/vpl/prj/prj.gen/my_rm/bd/ulp/ip/ulp_hmss_0_0/bd_1/ip/ip_3/bd_baa4_psr_aclk1_0_board.xdc] for cell 'level0_i/ulp/hmss_0/inst/path_0/interconnect1_0/inst/clk_map/psr_aclk1/U0'
Parsing XDC File [/home/ae_reviewer/TempGNN/build/baselines/rtga_timingfix_v3_hw/_x/link/vivado/vpl/prj/prj.gen/my_rm/bd/ulp/ip/ulp_hmss_0_0/bd_2/ip/ip_8/bd_7ab1_sarn_0_clocks.xdc] for cell 'level0_i/ulp/hmss_0/inst/path_1/interconnect2_1/inst/s00_nodes/s00_ar_node/inst'
Finished Parsing XDC File [/home/ae_reviewer/TempGNN/build/baselines/rtga_timingfix_v3_hw/_x/link/vivado/vpl/prj/prj.gen/my_rm/bd/ulp/ip/ulp_hmss_0_0/bd_2/ip/ip_8/bd_7ab1_sarn_0_clocks.xdc] for cell 'level0_i/ulp/hmss_0/inst/path_1/interconnect2_1/inst/s00_nodes/s00_ar_node/inst'
Parsing XDC File [/home/ae_reviewer/TempGNN/build/baselines/rtga_timingfix_v3_hw/_x/link/vivado/vpl/prj/prj.gen/my_rm/bd/ulp/ip/ulp_hmss_0_0/bd_2/ip/ip_3/bd_7ab1_psr_aclk1_0.xdc] for cell 'level0_i/ulp/hmss_0/inst/path_1/interconnect2_1/inst/clk_map/psr_aclk1/U0'
Finished Parsing XDC File [/home/ae_reviewer/TempGNN/build/baselines/rtga_timingfix_v3_hw/_x/link/vivado/vpl/prj/prj.gen/my_rm/bd/ulp/ip/ulp_hmss_0_0/bd_2/ip/ip_3/bd_7ab1_psr_aclk1_0.xdc] for cell 'level0_i/ulp/hmss_0/inst/path_1/interconnect2_1/inst/clk_map/psr_aclk1/U0'
Parsing XDC File [/home/ae_reviewer/TempGNN/build/baselines/rtga_timingfix_v3_hw/_x/link/vivado/vpl/prj/prj.gen/my_rm/bd/ulp/ip/ulp_hmss_0_0/bd_2/ip/ip_3/bd_7ab1_psr_aclk1_0_board.xdc] for cell 'level0_i/ulp/hmss_0/inst/path_1/interconnect2_1/inst/clk_map/psr_aclk1/U0'
Finished Parsing XDC File [/home/ae_reviewer/TempGNN/build/baselines/rtga_timingfix_v3_hw/_x/link/vivado/vpl/prj/prj.gen/my_rm/bd/ulp/ip/ulp_hmss_0_0/bd_2/ip/ip_3/bd_7ab1_psr_aclk1_0_board.xdc] for cell 'level0_i/ulp/hmss_0/inst/path_1/interconnect2_1/inst/clk_map/psr_aclk1/U0'
Parsing XDC File [/home/ae_reviewer/TempGNN/build/baselines/rtga_timingfix_v3_hw/_x/link/vivado/vpl/prj/prj.gen/my_rm/bd/ulp/ip/ulp_hmss_0_0/bd_2/ip/ip_2/bd_7ab1_psr_aclk_0.xdc] for cell 'level0_i/ulp/hmss_0/inst/path_1/interconnect2_1/inst/clk_map/psr_aclk/U0'
Finished Parsing XDC File [/home/ae_reviewer/TempGNN/build/baselines/rtga_timingfix_v3_hw/_x/link/vivado/vpl/prj/prj.gen/my_rm/bd/ulp/ip/ulp_hmss_0_0/bd_2/ip/ip_2/bd_7ab1_psr_aclk_0.xdc] for cell 'level0_i/ulp/hmss_0/inst/path_1/interconnect2_1/inst/clk_map/psr_aclk/U0'
Parsing XDC File [/home/ae_reviewer/TempGNN/build/baselines/rtga_timingfix_v3_hw/_x/link/vivado/vpl/prj/prj.gen/my_rm/bd/ulp/ip/ulp_hmss_0_0/bd_2/ip/ip_2/bd_7ab1_psr_aclk_0_board.xdc] for cell 'level0_i/ulp/hmss_0/inst/path_1/interconnect2_1/inst/clk_map/psr_aclk/U0'
Finished Parsing XDC File [/home/ae_reviewer/TempGNN/build/baselines/rtga_timingfix_v3_hw/_x/link/vivado/vpl/prj/prj.gen/my_rm/bd/ulp/ip/ulp_hmss_0_0/bd_2/ip/ip_2/bd_7ab1_psr_aclk_0_board.xdc] for cell 'level0_i/ulp/hmss_0/inst/path_1/interconnect2_1/inst/clk_map/psr_aclk/U0'
Parsing XDC File [/home/ae_reviewer/TempGNN/build/baselines/rtga_timingfix_v3_hw/_x/link/vivado/vpl/prj/prj.gen/my_rm/bd/ulp/ip/ulp_hmss_0_0/bd_2/ip/ip_1/bd_7ab1_psr0_0.xdc] for cell 'level0_i/ulp/hmss_0/inst/path_1/interconnect2_1/inst/clk_map/psr0/U0'
Finished Parsing XDC File [/home/ae_reviewer/TempGNN/build/baselines/rtga_timingfix_v3_hw/_x/link/vivado/vpl/prj/prj.gen/my_rm/bd/ulp/ip/ulp_hmss_0_0/bd_2/ip/ip_1/bd_7ab1_psr0_0.xdc] for cell 'level0_i/ulp/hmss_0/inst/path_1/interconnect2_1/inst/clk_map/psr0/U0'
Parsing XDC File [/home/ae_reviewer/TempGNN/build/baselines/rtga_timingfix_v3_hw/_x/link/vivado/vpl/prj/prj.gen/my_rm/bd/ulp/ip/ulp_hmss_0_0/bd_2/ip/ip_1/bd_7ab1_psr0_0_board.xdc] for cell 'level0_i/ulp/hmss_0/inst/path_1/interconnect2_1/inst/clk_map/psr0/U0'
Finished Parsing XDC File [/home/ae_reviewer/TempGNN/build/baselines/rtga_timingfix_v3_hw/_x/link/vivado/vpl/prj/prj.gen/my_rm/bd/ulp/ip/ulp_hmss_0_0/bd_2/ip/ip_1/bd_7ab1_psr0_0_board.xdc] for cell 'level0_i/ulp/hmss_0/inst/path_1/interconnect2_1/inst/clk_map/psr0/U0'
Parsing XDC File [/home/ae_reviewer/TempGNN/build/baselines/rtga_timingfix_v3_hw/_x/link/vivado/vpl/prj/prj.gen/my_rm/bd/ulp/ip/ulp_hmss_0_0/bd_0/ip/ip_3/smartconnect.xdc] for cell 'level0_i/ulp/hmss_0/inst/path_0/interconnect1_0/inst'
WARNING: [Vivado_Tcl 4-919] Waiver ID 'CDC-1' -from list should not be empty. [/home/ae_reviewer/TempGNN/build/baselines/rtga_timingfix_v3_hw/_x/link/vivado/vpl/prj/prj.gen/my_rm/bd/ulp/ip/ulp_hmss_0_0/bd_0/ip/ip_3/smartconnect.xdc:1]
Finished Parsing XDC File [/home/ae_reviewer/TempGNN/build/baselines/rtga_timingfix_v3_hw/_x/link/vivado/vpl/prj/prj.gen/my_rm/bd/ulp/ip/ulp_hmss_0_0/bd_0/ip/ip_3/smartconnect.xdc] for cell 'level0_i/ulp/hmss_0/inst/path_0/interconnect1_0/inst'
Parsing XDC File [/home/ae_reviewer/TempGNN/build/baselines/rtga_timingfix_v3_hw/_x/link/vivado/vpl/prj/prj.gen/my_rm/bd/ulp/ip/ulp_hmss_0_0/bd_1/ip/ip_9/bd_baa4_srn_0_clocks.xdc] for cell 'level0_i/ulp/hmss_0/inst/path_0/interconnect1_0/inst/s00_nodes/s00_r_node/inst'
Finished Parsing XDC File [/home/ae_reviewer/TempGNN/build/baselines/rtga_timingfix_v3_hw/_x/link/vivado/vpl/prj/prj.gen/my_rm/bd/ulp/ip/ulp_hmss_0_0/bd_1/ip/ip_9/bd_baa4_srn_0_clocks.xdc] for cell 'level0_i/ulp/hmss_0/inst/path_0/interconnect1_0/inst/s00_nodes/s00_r_node/inst'
Parsing XDC File [/home/ae_reviewer/TempGNN/build/baselines/rtga_timingfix_v3_hw/_x/link/vivado/vpl/prj/prj.gen/my_rm/bd/ulp/ip/ulp_hmss_0_0/bd_1/ip/ip_8/bd_baa4_sarn_0_clocks.xdc] for cell 'level0_i/ulp/hmss_0/inst/path_0/interconnect1_0/inst/s00_nodes/s00_ar_node/inst'
Finished Parsing XDC File [/home/ae_reviewer/TempGNN/build/baselines/rtga_timingfix_v3_hw/_x/link/vivado/vpl/prj/prj.gen/my_rm/bd/ulp/ip/ulp_hmss_0_0/bd_1/ip/ip_8/bd_baa4_sarn_0_clocks.xdc] for cell 'level0_i/ulp/hmss_0/inst/path_0/interconnect1_0/inst/s00_nodes/s00_ar_node/inst'
Parsing XDC File [/home/ae_reviewer/TempGNN/build/baselines/rtga_timingfix_v3_hw/_x/link/vivado/vpl/prj/prj.gen/my_rm/bd/ulp/ip/ulp_hmss_0_0/bd_1/ip/ip_3/bd_baa4_psr_aclk1_0.xdc] for cell 'level0_i/ulp/hmss_0/inst/path_0/interconnect1_0/inst/clk_map/psr_aclk1/U0'
Finished Parsing XDC File [/home/ae_reviewer/TempGNN/build/baselines/rtga_timingfix_v3_hw/_x/link/vivado/vpl/prj/prj.gen/my_rm/bd/ulp/ip/ulp_hmss_0_0/bd_1/ip/ip_3/bd_baa4_psr_aclk1_0.xdc] for cell 'level0_i/ulp/hmss_0/inst/path_0/interconnect1_0/inst/clk_map/psr_aclk1/U0'
Parsing XDC File [/home/ae_reviewer/TempGNN/build/baselines/rtga_timingfix_v3_hw/_x/link/vivado/vpl/prj/prj.gen/my_rm/bd/ulp/ip/ulp_hmss_0_0/bd_2/ip/ip_9/bd_7ab1_srn_0_clocks.xdc] for cell 'level0_i/ulp/hmss_0/inst/path_1/interconnect2_1/inst/s00_nodes/s00_r_node/inst'
Finished Parsing XDC File [/home/ae_reviewer/TempGNN/build/baselines/rtga_timingfix_v3_hw/_x/link/vivado/vpl/prj/prj.gen/my_rm/bd/ulp/ip/ulp_hmss_0_0/bd_2/ip/ip_9/bd_7ab1_srn_0_clocks.xdc] for cell 'level0_i/ulp/hmss_0/inst/path_1/interconnect2_1/inst/s00_nodes/s00_r_node/inst'
Parsing XDC File [/home/ae_reviewer/TempGNN/build/baselines/rtga_timingfix_v3_hw/_x/link/vivado/vpl/prj/prj.gen/my_rm/bd/ulp/ip/ulp_hmss_0_0/bd_1/ip/ip_2/bd_baa4_psr_aclk_0.xdc] for cell 'level0_i/ulp/hmss_0/inst/path_0/interconnect1_0/inst/clk_map/psr_aclk/U0'
Finished Parsing XDC File [/home/ae_reviewer/TempGNN/build/baselines/rtga_timingfix_v3_hw/_x/link/vivado/vpl/prj/prj.gen/my_rm/bd/ulp/ip/ulp_hmss_0_0/bd_1/ip/ip_2/bd_baa4_psr_aclk_0.xdc] for cell 'level0_i/ulp/hmss_0/inst/path_0/interconnect1_0/inst/clk_map/psr_aclk/U0'
Parsing XDC File [/home/ae_reviewer/TempGNN/build/baselines/rtga_timingfix_v3_hw/_x/link/vivado/vpl/prj/prj.gen/my_rm/bd/ulp/ip/ulp_hmss_0_0/bd_1/ip/ip_2/bd_baa4_psr_aclk_0_board.xdc] for cell 'level0_i/ulp/hmss_0/inst/path_0/interconnect1_0/inst/clk_map/psr_aclk/U0'
Finished Parsing XDC File [/home/ae_reviewer/TempGNN/build/baselines/rtga_timingfix_v3_hw/_x/link/vivado/vpl/prj/prj.gen/my_rm/bd/ulp/ip/ulp_hmss_0_0/bd_1/ip/ip_2/bd_baa4_psr_aclk_0_board.xdc] for cell 'level0_i/ulp/hmss_0/inst/path_0/interconnect1_0/inst/clk_map/psr_aclk/U0'
Parsing XDC File [/home/ae_reviewer/TempGNN/build/baselines/rtga_timingfix_v3_hw/_x/link/vivado/vpl/prj/prj.gen/my_rm/bd/ulp/ip/ulp_hmss_0_0/bd_1/ip/ip_1/bd_baa4_psr0_0.xdc] for cell 'level0_i/ulp/hmss_0/inst/path_0/interconnect1_0/inst/clk_map/psr0/U0'
Finished Parsing XDC File [/home/ae_reviewer/TempGNN/build/baselines/rtga_timingfix_v3_hw/_x/link/vivado/vpl/prj/prj.gen/my_rm/bd/ulp/ip/ulp_hmss_0_0/bd_1/ip/ip_1/bd_baa4_psr0_0.xdc] for cell 'level0_i/ulp/hmss_0/inst/path_0/interconnect1_0/inst/clk_map/psr0/U0'
Parsing XDC File [/home/ae_reviewer/TempGNN/build/baselines/rtga_timingfix_v3_hw/_x/link/vivado/vpl/prj/prj.gen/my_rm/bd/ulp/ip/ulp_hmss_0_0/bd_1/ip/ip_1/bd_baa4_psr0_0_board.xdc] for cell 'level0_i/ulp/hmss_0/inst/path_0/interconnect1_0/inst/clk_map/psr0/U0'
Finished Parsing XDC File [/home/ae_reviewer/TempGNN/build/baselines/rtga_timingfix_v3_hw/_x/link/vivado/vpl/prj/prj.gen/my_rm/bd/ulp/ip/ulp_hmss_0_0/bd_1/ip/ip_1/bd_baa4_psr0_0_board.xdc] for cell 'level0_i/ulp/hmss_0/inst/path_0/interconnect1_0/inst/clk_map/psr0/U0'
Parsing XDC File [/home/ae_reviewer/TempGNN/build/baselines/rtga_timingfix_v3_hw/_x/link/vivado/vpl/prj/prj.gen/my_rm/bd/ulp/ip/ulp_hmss_0_0/bd_0/ip/ip_2/bd_85ad_hbm_reset_sync_SLR2_0.xdc] for cell 'level0_i/ulp/hmss_0/inst/hbm_reset_sync_SLR2/U0'
Finished Parsing XDC File [/home/ae_reviewer/TempGNN/build/baselines/rtga_timingfix_v3_hw/_x/link/vivado/vpl/prj/prj.gen/my_rm/bd/ulp/ip/ulp_hmss_0_0/bd_0/ip/ip_2/bd_85ad_hbm_reset_sync_SLR2_0.xdc] for cell 'level0_i/ulp/hmss_0/inst/hbm_reset_sync_SLR2/U0'
Parsing XDC File [/home/ae_reviewer/TempGNN/build/baselines/rtga_timingfix_v3_hw/_x/link/vivado/vpl/prj/prj.gen/my_rm/bd/ulp/ip/ulp_hmss_0_0/bd_0/ip/ip_2/bd_85ad_hbm_reset_sync_SLR2_0_board.xdc] for cell 'level0_i/ulp/hmss_0/inst/hbm_reset_sync_SLR2/U0'
Finished Parsing XDC File [/home/ae_reviewer/TempGNN/build/baselines/rtga_timingfix_v3_hw/_x/link/vivado/vpl/prj/prj.gen/my_rm/bd/ulp/ip/ulp_hmss_0_0/bd_0/ip/ip_2/bd_85ad_hbm_reset_sync_SLR2_0_board.xdc] for cell 'level0_i/ulp/hmss_0/inst/hbm_reset_sync_SLR2/U0'
Parsing XDC File [/home/ae_reviewer/TempGNN/build/baselines/rtga_timingfix_v3_hw/_x/link/vivado/vpl/prj/prj.gen/my_rm/bd/ulp/ip/ulp_hmss_0_0/bd_0/ip/ip_1/bd_85ad_hbm_reset_sync_SLR0_0.xdc] for cell 'level0_i/ulp/hmss_0/inst/hbm_reset_sync_SLR0/U0'
Finished Parsing XDC File [/home/ae_reviewer/TempGNN/build/baselines/rtga_timingfix_v3_hw/_x/link/vivado/vpl/prj/prj.gen/my_rm/bd/ulp/ip/ulp_hmss_0_0/bd_0/ip/ip_1/bd_85ad_hbm_reset_sync_SLR0_0.xdc] for cell 'level0_i/ulp/hmss_0/inst/hbm_reset_sync_SLR0/U0'
Parsing XDC File [/home/ae_reviewer/TempGNN/build/baselines/rtga_timingfix_v3_hw/_x/link/vivado/vpl/prj/prj.gen/my_rm/bd/ulp/ip/ulp_hmss_0_0/bd_0/ip/ip_1/bd_85ad_hbm_reset_sync_SLR0_0_board.xdc] for cell 'level0_i/ulp/hmss_0/inst/hbm_reset_sync_SLR0/U0'
Finished Parsing XDC File [/home/ae_reviewer/TempGNN/build/baselines/rtga_timingfix_v3_hw/_x/link/vivado/vpl/prj/prj.gen/my_rm/bd/ulp/ip/ulp_hmss_0_0/bd_0/ip/ip_1/bd_85ad_hbm_reset_sync_SLR0_0_board.xdc] for cell 'level0_i/ulp/hmss_0/inst/hbm_reset_sync_SLR0/U0'
Parsing XDC File [/home/ae_reviewer/TempGNN/build/baselines/rtga_timingfix_v3_hw/_x/link/vivado/vpl/prj/prj.gen/my_rm/bd/ulp/ip/ulp_hmss_0_0/bd_0/ip/ip_0/hdl/par/hbm_ip.xdc] for cell 'level0_i/ulp/hmss_0/inst/hbm_inst/inst'
Finished Parsing XDC File [/home/ae_reviewer/TempGNN/build/baselines/rtga_timingfix_v3_hw/_x/link/vivado/vpl/prj/prj.gen/my_rm/bd/ulp/ip/ulp_hmss_0_0/bd_0/ip/ip_0/hdl/par/hbm_ip.xdc] for cell 'level0_i/ulp/hmss_0/inst/hbm_inst/inst'
Parsing XDC File [/home/ae_reviewer/TempGNN/build/baselines/rtga_timingfix_v3_hw/_x/link/vivado/vpl/prj/prj.gen/my_rm/bd/ulp/ip/ulp_ulp_cmp_0/bd_2/ip/ip_0/constraints/xsdbm_cc_early.xdc] for cell 'level0_i/ulp/ulp_cmp/inst/user_debug_hub/inst/xsdbm/inst'
Finished Parsing XDC File [/home/ae_reviewer/TempGNN/build/baselines/rtga_timingfix_v3_hw/_x/link/vivado/vpl/prj/prj.gen/my_rm/bd/ulp/ip/ulp_ulp_cmp_0/bd_2/ip/ip_0/constraints/xsdbm_cc_early.xdc] for cell 'level0_i/ulp/ulp_cmp/inst/user_debug_hub/inst/xsdbm/inst'
Parsing XDC File [/home/ae_reviewer/TempGNN/build/baselines/rtga_timingfix_v3_hw/_x/link/vivado/vpl/prj/prj.gen/my_rm/bd/ulp/ip/ulp_ulp_cmp_0/bd_1/ip/ip_2/constraints/bs_switch.xdc] for cell 'level0_i/ulp/ulp_cmp/inst/user_debug_bridge/inst/bs_switch_1/inst'
Finished Parsing XDC File [/home/ae_reviewer/TempGNN/build/baselines/rtga_timingfix_v3_hw/_x/link/vivado/vpl/prj/prj.gen/my_rm/bd/ulp/ip/ulp_ulp_cmp_0/bd_1/ip/ip_2/constraints/bs_switch.xdc] for cell 'level0_i/ulp/ulp_cmp/inst/user_debug_bridge/inst/bs_switch_1/inst'
Parsing XDC File [/home/ae_reviewer/TempGNN/build/baselines/rtga_timingfix_v3_hw/_x/link/vivado/vpl/prj/prj.gen/my_rm/bd/ulp/ip/ulp_hmss_0_0/bd_4/ip/ip_1/bd_ba98_psr0_0.xdc] for cell 'level0_i/ulp/hmss_0/inst/path_3/interconnect4_3/inst/clk_map/psr0/U0'
Finished Parsing XDC File [/home/ae_reviewer/TempGNN/build/baselines/rtga_timingfix_v3_hw/_x/link/vivado/vpl/prj/prj.gen/my_rm/bd/ulp/ip/ulp_hmss_0_0/bd_4/ip/ip_1/bd_ba98_psr0_0.xdc] for cell 'level0_i/ulp/hmss_0/inst/path_3/interconnect4_3/inst/clk_map/psr0/U0'
Parsing XDC File [/home/ae_reviewer/TempGNN/build/baselines/rtga_timingfix_v3_hw/_x/link/vivado/vpl/prj/prj.gen/my_rm/bd/ulp/ip/ulp_hmss_0_0/bd_5/ip/ip_2/bd_bb14_psr_aclk_0.xdc] for cell 'level0_i/ulp/hmss_0/inst/path_4/interconnect5_4/inst/clk_map/psr_aclk/U0'
Finished Parsing XDC File [/home/ae_reviewer/TempGNN/build/baselines/rtga_timingfix_v3_hw/_x/link/vivado/vpl/prj/prj.gen/my_rm/bd/ulp/ip/ulp_hmss_0_0/bd_5/ip/ip_2/bd_bb14_psr_aclk_0.xdc] for cell 'level0_i/ulp/hmss_0/inst/path_4/interconnect5_4/inst/clk_map/psr_aclk/U0'
Parsing XDC File [/home/ae_reviewer/TempGNN/build/baselines/rtga_timingfix_v3_hw/_x/link/vivado/vpl/prj/prj.gen/my_rm/bd/ulp/ip/ulp_hmss_0_0/bd_5/ip/ip_2/bd_bb14_psr_aclk_0_board.xdc] for cell 'level0_i/ulp/hmss_0/inst/path_4/interconnect5_4/inst/clk_map/psr_aclk/U0'
Finished Parsing XDC File [/home/ae_reviewer/TempGNN/build/baselines/rtga_timingfix_v3_hw/_x/link/vivado/vpl/prj/prj.gen/my_rm/bd/ulp/ip/ulp_hmss_0_0/bd_5/ip/ip_2/bd_bb14_psr_aclk_0_board.xdc] for cell 'level0_i/ulp/hmss_0/inst/path_4/interconnect5_4/inst/clk_map/psr_aclk/U0'
Parsing XDC File [/home/ae_reviewer/TempGNN/build/baselines/rtga_timingfix_v3_hw/_x/link/vivado/vpl/prj/prj.gen/my_rm/bd/ulp/ip/ulp_hmss_0_0/bd_5/ip/ip_1/bd_bb14_psr0_0.xdc] for cell 'level0_i/ulp/hmss_0/inst/path_4/interconnect5_4/inst/clk_map/psr0/U0'
Finished Parsing XDC File [/home/ae_reviewer/TempGNN/build/baselines/rtga_timingfix_v3_hw/_x/link/vivado/vpl/prj/prj.gen/my_rm/bd/ulp/ip/ulp_hmss_0_0/bd_5/ip/ip_1/bd_bb14_psr0_0.xdc] for cell 'level0_i/ulp/hmss_0/inst/path_4/interconnect5_4/inst/clk_map/psr0/U0'
Parsing XDC File [/home/ae_reviewer/TempGNN/build/baselines/rtga_timingfix_v3_hw/_x/link/vivado/vpl/prj/prj.gen/my_rm/bd/ulp/ip/ulp_hmss_0_0/bd_5/ip/ip_1/bd_bb14_psr0_0_board.xdc] for cell 'level0_i/ulp/hmss_0/inst/path_4/interconnect5_4/inst/clk_map/psr0/U0'
Finished Parsing XDC File [/home/ae_reviewer/TempGNN/build/baselines/rtga_timingfix_v3_hw/_x/link/vivado/vpl/prj/prj.gen/my_rm/bd/ulp/ip/ulp_hmss_0_0/bd_5/ip/ip_1/bd_bb14_psr0_0_board.xdc] for cell 'level0_i/ulp/hmss_0/inst/path_4/interconnect5_4/inst/clk_map/psr0/U0'
Parsing XDC File [/home/ae_reviewer/TempGNN/build/baselines/rtga_timingfix_v3_hw/_x/link/vivado/vpl/prj/prj.gen/my_rm/bd/ulp/ip/ulp_hmss_0_0/bd_0/ip/ip_12/smartconnect.xdc] for cell 'level0_i/ulp/hmss_0/inst/path_3/interconnect4_3/inst'
WARNING: [Vivado_Tcl 4-919] Waiver ID 'CDC-1' -from list should not be empty. [/home/ae_reviewer/TempGNN/build/baselines/rtga_timingfix_v3_hw/_x/link/vivado/vpl/prj/prj.gen/my_rm/bd/ulp/ip/ulp_hmss_0_0/bd_0/ip/ip_12/smartconnect.xdc:1]
Finished Parsing XDC File [/home/ae_reviewer/TempGNN/build/baselines/rtga_timingfix_v3_hw/_x/link/vivado/vpl/prj/prj.gen/my_rm/bd/ulp/ip/ulp_hmss_0_0/bd_0/ip/ip_12/smartconnect.xdc] for cell 'level0_i/ulp/hmss_0/inst/path_3/interconnect4_3/inst'
Parsing XDC File [/home/ae_reviewer/TempGNN/build/baselines/rtga_timingfix_v3_hw/_x/link/vivado/vpl/prj/prj.gen/my_rm/bd/ulp/ip/ulp_hmss_0_0/bd_4/ip/ip_9/bd_ba98_srn_0_clocks.xdc] for cell 'level0_i/ulp/hmss_0/inst/path_3/interconnect4_3/inst/s00_nodes/s00_r_node/inst'
Finished Parsing XDC File [/home/ae_reviewer/TempGNN/build/baselines/rtga_timingfix_v3_hw/_x/link/vivado/vpl/prj/prj.gen/my_rm/bd/ulp/ip/ulp_hmss_0_0/bd_4/ip/ip_9/bd_ba98_srn_0_clocks.xdc] for cell 'level0_i/ulp/hmss_0/inst/path_3/interconnect4_3/inst/s00_nodes/s00_r_node/inst'
Parsing XDC File [/home/ae_reviewer/TempGNN/build/baselines/rtga_timingfix_v3_hw/_x/link/vivado/vpl/prj/prj.gen/my_rm/bd/ulp/ip/ulp_hmss_0_0/bd_4/ip/ip_8/bd_ba98_sarn_0_clocks.xdc] for cell 'level0_i/ulp/hmss_0/inst/path_3/interconnect4_3/inst/s00_nodes/s00_ar_node/inst'
Finished Parsing XDC File [/home/ae_reviewer/TempGNN/build/baselines/rtga_timingfix_v3_hw/_x/link/vivado/vpl/prj/prj.gen/my_rm/bd/ulp/ip/ulp_hmss_0_0/bd_4/ip/ip_8/bd_ba98_sarn_0_clocks.xdc] for cell 'level0_i/ulp/hmss_0/inst/path_3/interconnect4_3/inst/s00_nodes/s00_ar_node/inst'
Parsing XDC File [/home/ae_reviewer/TempGNN/build/baselines/rtga_timingfix_v3_hw/_x/link/vivado/vpl/prj/prj.gen/my_rm/bd/ulp/ip/ulp_hmss_0_0/bd_4/ip/ip_3/bd_ba98_psr_aclk1_0.xdc] for cell 'level0_i/ulp/hmss_0/inst/path_3/interconnect4_3/inst/clk_map/psr_aclk1/U0'
Finished Parsing XDC File [/home/ae_reviewer/TempGNN/build/baselines/rtga_timingfix_v3_hw/_x/link/vivado/vpl/prj/prj.gen/my_rm/bd/ulp/ip/ulp_hmss_0_0/bd_4/ip/ip_3/bd_ba98_psr_aclk1_0.xdc] for cell 'level0_i/ulp/hmss_0/inst/path_3/interconnect4_3/inst/clk_map/psr_aclk1/U0'
Parsing XDC File [/home/ae_reviewer/TempGNN/build/baselines/rtga_timingfix_v3_hw/_x/link/vivado/vpl/prj/prj.gen/my_rm/bd/ulp/ip/ulp_hmss_0_0/bd_4/ip/ip_3/bd_ba98_psr_aclk1_0_board.xdc] for cell 'level0_i/ulp/hmss_0/inst/path_3/interconnect4_3/inst/clk_map/psr_aclk1/U0'
Finished Parsing XDC File [/home/ae_reviewer/TempGNN/build/baselines/rtga_timingfix_v3_hw/_x/link/vivado/vpl/prj/prj.gen/my_rm/bd/ulp/ip/ulp_hmss_0_0/bd_4/ip/ip_3/bd_ba98_psr_aclk1_0_board.xdc] for cell 'level0_i/ulp/hmss_0/inst/path_3/interconnect4_3/inst/clk_map/psr_aclk1/U0'
Parsing XDC File [/home/ae_reviewer/TempGNN/build/baselines/rtga_timingfix_v3_hw/_x/link/vivado/vpl/prj/prj.gen/my_rm/bd/ulp/ip/ulp_hmss_0_0/bd_4/ip/ip_2/bd_ba98_psr_aclk_0.xdc] for cell 'level0_i/ulp/hmss_0/inst/path_3/interconnect4_3/inst/clk_map/psr_aclk/U0'
Finished Parsing XDC File [/home/ae_reviewer/TempGNN/build/baselines/rtga_timingfix_v3_hw/_x/link/vivado/vpl/prj/prj.gen/my_rm/bd/ulp/ip/ulp_hmss_0_0/bd_4/ip/ip_2/bd_ba98_psr_aclk_0.xdc] for cell 'level0_i/ulp/hmss_0/inst/path_3/interconnect4_3/inst/clk_map/psr_aclk/U0'
Parsing XDC File [/home/ae_reviewer/TempGNN/build/baselines/rtga_timingfix_v3_hw/_x/link/vivado/vpl/prj/prj.gen/my_rm/bd/ulp/ip/ulp_hmss_0_0/bd_4/ip/ip_2/bd_ba98_psr_aclk_0_board.xdc] for cell 'level0_i/ulp/hmss_0/inst/path_3/interconnect4_3/inst/clk_map/psr_aclk/U0'
Finished Parsing XDC File [/home/ae_reviewer/TempGNN/build/baselines/rtga_timingfix_v3_hw/_x/link/vivado/vpl/prj/prj.gen/my_rm/bd/ulp/ip/ulp_hmss_0_0/bd_4/ip/ip_2/bd_ba98_psr_aclk_0_board.xdc] for cell 'level0_i/ulp/hmss_0/inst/path_3/interconnect4_3/inst/clk_map/psr_aclk/U0'
Parsing XDC File [/home/ae_reviewer/TempGNN/build/baselines/rtga_timingfix_v3_hw/_x/link/vivado/vpl/prj/prj.gen/my_rm/bd/ulp/ip/ulp_hmss_0_0/bd_10/ip/ip_9/bd_5dbf_srn_0_clocks.xdc] for cell 'level0_i/ulp/hmss_0/inst/path_9/interconnect10_9/inst/s00_nodes/s00_r_node/inst'
Finished Parsing XDC File [/home/ae_reviewer/TempGNN/build/baselines/rtga_timingfix_v3_hw/_x/link/vivado/vpl/prj/prj.gen/my_rm/bd/ulp/ip/ulp_hmss_0_0/bd_10/ip/ip_9/bd_5dbf_srn_0_clocks.xdc] for cell 'level0_i/ulp/hmss_0/inst/path_9/interconnect10_9/inst/s00_nodes/s00_r_node/inst'
Parsing XDC File [/home/ae_reviewer/TempGNN/build/baselines/rtga_timingfix_v3_hw/_x/link/vivado/vpl/prj/prj.gen/my_rm/bd/ulp/ip/ulp_hmss_0_0/bd_4/ip/ip_1/bd_ba98_psr0_0_board.xdc] for cell 'level0_i/ulp/hmss_0/inst/path_3/interconnect4_3/inst/clk_map/psr0/U0'
Finished Parsing XDC File [/home/ae_reviewer/TempGNN/build/baselines/rtga_timingfix_v3_hw/_x/link/vivado/vpl/prj/prj.gen/my_rm/bd/ulp/ip/ulp_hmss_0_0/bd_4/ip/ip_1/bd_ba98_psr0_0_board.xdc] for cell 'level0_i/ulp/hmss_0/inst/path_3/interconnect4_3/inst/clk_map/psr0/U0'
Parsing XDC File [/home/ae_reviewer/TempGNN/build/baselines/rtga_timingfix_v3_hw/_x/link/vivado/vpl/prj/prj.gen/my_rm/bd/ulp/ip/ulp_hmss_0_0/bd_0/ip/ip_9/smartconnect.xdc] for cell 'level0_i/ulp/hmss_0/inst/path_2/interconnect3_2/inst'
WARNING: [Vivado_Tcl 4-919] Waiver ID 'CDC-1' -from list should not be empty. [/home/ae_reviewer/TempGNN/build/baselines/rtga_timingfix_v3_hw/_x/link/vivado/vpl/prj/prj.gen/my_rm/bd/ulp/ip/ulp_hmss_0_0/bd_0/ip/ip_9/smartconnect.xdc:1]
Finished Parsing XDC File [/home/ae_reviewer/TempGNN/build/baselines/rtga_timingfix_v3_hw/_x/link/vivado/vpl/prj/prj.gen/my_rm/bd/ulp/ip/ulp_hmss_0_0/bd_0/ip/ip_9/smartconnect.xdc] for cell 'level0_i/ulp/hmss_0/inst/path_2/interconnect3_2/inst'
Parsing XDC File [/home/ae_reviewer/TempGNN/build/baselines/rtga_timingfix_v3_hw/_x/link/vivado/vpl/prj/prj.gen/my_rm/bd/ulp/ip/ulp_hmss_0_0/bd_3/ip/ip_9/bd_ba7c_srn_0_clocks.xdc] for cell 'level0_i/ulp/hmss_0/inst/path_2/interconnect3_2/inst/s00_nodes/s00_r_node/inst'
Finished Parsing XDC File [/home/ae_reviewer/TempGNN/build/baselines/rtga_timingfix_v3_hw/_x/link/vivado/vpl/prj/prj.gen/my_rm/bd/ulp/ip/ulp_hmss_0_0/bd_3/ip/ip_9/bd_ba7c_srn_0_clocks.xdc] for cell 'level0_i/ulp/hmss_0/inst/path_2/interconnect3_2/inst/s00_nodes/s00_r_node/inst'
Parsing XDC File [/home/ae_reviewer/TempGNN/build/baselines/rtga_timingfix_v3_hw/_x/link/vivado/vpl/prj/prj.gen/my_rm/bd/ulp/ip/ulp_hmss_0_0/bd_3/ip/ip_8/bd_ba7c_sarn_0_clocks.xdc] for cell 'level0_i/ulp/hmss_0/inst/path_2/interconnect3_2/inst/s00_nodes/s00_ar_node/inst'
Finished Parsing XDC File [/home/ae_reviewer/TempGNN/build/baselines/rtga_timingfix_v3_hw/_x/link/vivado/vpl/prj/prj.gen/my_rm/bd/ulp/ip/ulp_hmss_0_0/bd_3/ip/ip_8/bd_ba7c_sarn_0_clocks.xdc] for cell 'level0_i/ulp/hmss_0/inst/path_2/interconnect3_2/inst/s00_nodes/s00_ar_node/inst'
Parsing XDC File [/home/ae_reviewer/TempGNN/build/baselines/rtga_timingfix_v3_hw/_x/link/vivado/vpl/prj/prj.gen/my_rm/bd/ulp/ip/ulp_hmss_0_0/bd_3/ip/ip_3/bd_ba7c_psr_aclk1_0.xdc] for cell 'level0_i/ulp/hmss_0/inst/path_2/interconnect3_2/inst/clk_map/psr_aclk1/U0'
Finished Parsing XDC File [/home/ae_reviewer/TempGNN/build/baselines/rtga_timingfix_v3_hw/_x/link/vivado/vpl/prj/prj.gen/my_rm/bd/ulp/ip/ulp_hmss_0_0/bd_3/ip/ip_3/bd_ba7c_psr_aclk1_0.xdc] for cell 'level0_i/ulp/hmss_0/inst/path_2/interconnect3_2/inst/clk_map/psr_aclk1/U0'
Parsing XDC File [/home/ae_reviewer/TempGNN/build/baselines/rtga_timingfix_v3_hw/_x/link/vivado/vpl/prj/prj.gen/my_rm/bd/ulp/ip/ulp_hmss_0_0/bd_3/ip/ip_3/bd_ba7c_psr_aclk1_0_board.xdc] for cell 'level0_i/ulp/hmss_0/inst/path_2/interconnect3_2/inst/clk_map/psr_aclk1/U0'
Finished Parsing XDC File [/home/ae_reviewer/TempGNN/build/baselines/rtga_timingfix_v3_hw/_x/link/vivado/vpl/prj/prj.gen/my_rm/bd/ulp/ip/ulp_hmss_0_0/bd_3/ip/ip_3/bd_ba7c_psr_aclk1_0_board.xdc] for cell 'level0_i/ulp/hmss_0/inst/path_2/interconnect3_2/inst/clk_map/psr_aclk1/U0'
Parsing XDC File [/home/ae_reviewer/TempGNN/build/baselines/rtga_timingfix_v3_hw/_x/link/vivado/vpl/prj/prj.gen/my_rm/bd/ulp/ip/ulp_hmss_0_0/bd_3/ip/ip_2/bd_ba7c_psr_aclk_0.xdc] for cell 'level0_i/ulp/hmss_0/inst/path_2/interconnect3_2/inst/clk_map/psr_aclk/U0'
Finished Parsing XDC File [/home/ae_reviewer/TempGNN/build/baselines/rtga_timingfix_v3_hw/_x/link/vivado/vpl/prj/prj.gen/my_rm/bd/ulp/ip/ulp_hmss_0_0/bd_3/ip/ip_2/bd_ba7c_psr_aclk_0.xdc] for cell 'level0_i/ulp/hmss_0/inst/path_2/interconnect3_2/inst/clk_map/psr_aclk/U0'
Parsing XDC File [/home/ae_reviewer/TempGNN/build/baselines/rtga_timingfix_v3_hw/_x/link/vivado/vpl/prj/prj.gen/my_rm/bd/ulp/ip/ulp_hmss_0_0/bd_3/ip/ip_2/bd_ba7c_psr_aclk_0_board.xdc] for cell 'level0_i/ulp/hmss_0/inst/path_2/interconnect3_2/inst/clk_map/psr_aclk/U0'
Finished Parsing XDC File [/home/ae_reviewer/TempGNN/build/baselines/rtga_timingfix_v3_hw/_x/link/vivado/vpl/prj/prj.gen/my_rm/bd/ulp/ip/ulp_hmss_0_0/bd_3/ip/ip_2/bd_ba7c_psr_aclk_0_board.xdc] for cell 'level0_i/ulp/hmss_0/inst/path_2/interconnect3_2/inst/clk_map/psr_aclk/U0'
Parsing XDC File [/home/ae_reviewer/TempGNN/build/baselines/rtga_timingfix_v3_hw/_x/link/vivado/vpl/prj/prj.gen/my_rm/bd/ulp/ip/ulp_hmss_0_0/bd_3/ip/ip_1/bd_ba7c_psr0_0.xdc] for cell 'level0_i/ulp/hmss_0/inst/path_2/interconnect3_2/inst/clk_map/psr0/U0'
Finished Parsing XDC File [/home/ae_reviewer/TempGNN/build/baselines/rtga_timingfix_v3_hw/_x/link/vivado/vpl/prj/prj.gen/my_rm/bd/ulp/ip/ulp_hmss_0_0/bd_3/ip/ip_1/bd_ba7c_psr0_0.xdc] for cell 'level0_i/ulp/hmss_0/inst/path_2/interconnect3_2/inst/clk_map/psr0/U0'
Parsing XDC File [/home/ae_reviewer/TempGNN/build/baselines/rtga_timingfix_v3_hw/_x/link/vivado/vpl/prj/prj.gen/my_rm/bd/ulp/ip/ulp_hmss_0_0/bd_3/ip/ip_1/bd_ba7c_psr0_0_board.xdc] for cell 'level0_i/ulp/hmss_0/inst/path_2/interconnect3_2/inst/clk_map/psr0/U0'
Finished Parsing XDC File [/home/ae_reviewer/TempGNN/build/baselines/rtga_timingfix_v3_hw/_x/link/vivado/vpl/prj/prj.gen/my_rm/bd/ulp/ip/ulp_hmss_0_0/bd_3/ip/ip_1/bd_ba7c_psr0_0_board.xdc] for cell 'level0_i/ulp/hmss_0/inst/path_2/interconnect3_2/inst/clk_map/psr0/U0'
Parsing XDC File [/home/ae_reviewer/TempGNN/build/baselines/rtga_timingfix_v3_hw/_x/link/vivado/vpl/prj/prj.gen/my_rm/bd/ulp/ip/ulp_hmss_0_0/bd_0/ip/ip_6/smartconnect.xdc] for cell 'level0_i/ulp/hmss_0/inst/path_1/interconnect2_1/inst'
WARNING: [Vivado_Tcl 4-919] Waiver ID 'CDC-1' -from list should not be empty. [/home/ae_reviewer/TempGNN/build/baselines/rtga_timingfix_v3_hw/_x/link/vivado/vpl/prj/prj.gen/my_rm/bd/ulp/ip/ulp_hmss_0_0/bd_0/ip/ip_6/smartconnect.xdc:1]
Finished Parsing XDC File [/home/ae_reviewer/TempGNN/build/baselines/rtga_timingfix_v3_hw/_x/link/vivado/vpl/prj/prj.gen/my_rm/bd/ulp/ip/ulp_hmss_0_0/bd_0/ip/ip_6/smartconnect.xdc] for cell 'level0_i/ulp/hmss_0/inst/path_1/interconnect2_1/inst'
Parsing XDC File [/home/ae_reviewer/TempGNN/build/baselines/rtga_timingfix_v3_hw/_x/link/vivado/vpl/prj/prj.gen/my_rm/bd/ulp/ip/ulp_ulp_ucs_0/bd_0/ip/ip_92/bd_22c0_psreset_kernel_01_0_board.xdc] for cell 'level0_i/ulp/ulp_ucs/inst/aclk_kernel_01_hierarchy/psreset_kernel_01/U0'
Finished Parsing XDC File [/home/ae_reviewer/TempGNN/build/baselines/rtga_timingfix_v3_hw/_x/link/vivado/vpl/prj/prj.gen/my_rm/bd/ulp/ip/ulp_ulp_ucs_0/bd_0/ip/ip_92/bd_22c0_psreset_kernel_01_0_board.xdc] for cell 'level0_i/ulp/ulp_ucs/inst/aclk_kernel_01_hierarchy/psreset_kernel_01/U0'
Parsing XDC File [/home/ae_reviewer/TempGNN/build/baselines/rtga_timingfix_v3_hw/_x/link/vivado/vpl/prj/prj.gen/my_rm/bd/ulp/ip/ulp_proc_sys_reset_kernel_slr1_0/ulp_proc_sys_reset_kernel_slr1_0.xdc] for cell 'level0_i/ulp/proc_sys_reset_kernel_slr1/U0'
Finished Parsing XDC File [/home/ae_reviewer/TempGNN/build/baselines/rtga_timingfix_v3_hw/_x/link/vivado/vpl/prj/prj.gen/my_rm/bd/ulp/ip/ulp_proc_sys_reset_kernel_slr1_0/ulp_proc_sys_reset_kernel_slr1_0.xdc] for cell 'level0_i/ulp/proc_sys_reset_kernel_slr1/U0'
Parsing XDC File [/home/ae_reviewer/TempGNN/build/baselines/rtga_timingfix_v3_hw/_x/link/vivado/vpl/prj/prj.gen/my_rm/bd/ulp/ip/ulp_proc_sys_reset_kernel_slr1_0/ulp_proc_sys_reset_kernel_slr1_0_board.xdc] for cell 'level0_i/ulp/proc_sys_reset_kernel_slr1/U0'
Finished Parsing XDC File [/home/ae_reviewer/TempGNN/build/baselines/rtga_timingfix_v3_hw/_x/link/vivado/vpl/prj/prj.gen/my_rm/bd/ulp/ip/ulp_proc_sys_reset_kernel_slr1_0/ulp_proc_sys_reset_kernel_slr1_0_board.xdc] for cell 'level0_i/ulp/proc_sys_reset_kernel_slr1/U0'
Parsing XDC File [/home/ae_reviewer/TempGNN/build/baselines/rtga_timingfix_v3_hw/_x/link/vivado/vpl/prj/prj.gen/my_rm/bd/ulp/ip/ulp_proc_sys_reset_kernel_slr0_0/ulp_proc_sys_reset_kernel_slr0_0.xdc] for cell 'level0_i/ulp/proc_sys_reset_kernel_slr0/U0'
Finished Parsing XDC File [/home/ae_reviewer/TempGNN/build/baselines/rtga_timingfix_v3_hw/_x/link/vivado/vpl/prj/prj.gen/my_rm/bd/ulp/ip/ulp_proc_sys_reset_kernel_slr0_0/ulp_proc_sys_reset_kernel_slr0_0.xdc] for cell 'level0_i/ulp/proc_sys_reset_kernel_slr0/U0'
Parsing XDC File [/home/ae_reviewer/TempGNN/build/baselines/rtga_timingfix_v3_hw/_x/link/vivado/vpl/prj/prj.gen/my_rm/bd/ulp/ip/ulp_proc_sys_reset_kernel_slr0_0/ulp_proc_sys_reset_kernel_slr0_0_board.xdc] for cell 'level0_i/ulp/proc_sys_reset_kernel_slr0/U0'
Finished Parsing XDC File [/home/ae_reviewer/TempGNN/build/baselines/rtga_timingfix_v3_hw/_x/link/vivado/vpl/prj/prj.gen/my_rm/bd/ulp/ip/ulp_proc_sys_reset_kernel_slr0_0/ulp_proc_sys_reset_kernel_slr0_0_board.xdc] for cell 'level0_i/ulp/proc_sys_reset_kernel_slr0/U0'
Parsing XDC File [/home/ae_reviewer/TempGNN/build/baselines/rtga_timingfix_v3_hw/_x/link/vivado/vpl/prj/prj.gen/my_rm/bd/ulp/ip/ulp_proc_sys_reset_ctrl_slr2_0/ulp_proc_sys_reset_ctrl_slr2_0.xdc] for cell 'level0_i/ulp/proc_sys_reset_ctrl_slr2/U0'
Finished Parsing XDC File [/home/ae_reviewer/TempGNN/build/baselines/rtga_timingfix_v3_hw/_x/link/vivado/vpl/prj/prj.gen/my_rm/bd/ulp/ip/ulp_proc_sys_reset_ctrl_slr2_0/ulp_proc_sys_reset_ctrl_slr2_0.xdc] for cell 'level0_i/ulp/proc_sys_reset_ctrl_slr2/U0'
Parsing XDC File [/home/ae_reviewer/TempGNN/build/baselines/rtga_timingfix_v3_hw/_x/link/vivado/vpl/prj/prj.gen/my_rm/bd/ulp/ip/ulp_proc_sys_reset_ctrl_slr2_0/ulp_proc_sys_reset_ctrl_slr2_0_board.xdc] for cell 'level0_i/ulp/proc_sys_reset_ctrl_slr2/U0'
Finished Parsing XDC File [/home/ae_reviewer/TempGNN/build/baselines/rtga_timingfix_v3_hw/_x/link/vivado/vpl/prj/prj.gen/my_rm/bd/ulp/ip/ulp_proc_sys_reset_ctrl_slr2_0/ulp_proc_sys_reset_ctrl_slr2_0_board.xdc] for cell 'level0_i/ulp/proc_sys_reset_ctrl_slr2/U0'
Parsing XDC File [/home/ae_reviewer/TempGNN/build/baselines/rtga_timingfix_v3_hw/_x/link/vivado/vpl/prj/prj.gen/my_rm/bd/ulp/ip/ulp_proc_sys_reset_ctrl_slr1_0/ulp_proc_sys_reset_ctrl_slr1_0.xdc] for cell 'level0_i/ulp/proc_sys_reset_ctrl_slr1/U0'
Finished Parsing XDC File [/home/ae_reviewer/TempGNN/build/baselines/rtga_timingfix_v3_hw/_x/link/vivado/vpl/prj/prj.gen/my_rm/bd/ulp/ip/ulp_proc_sys_reset_ctrl_slr1_0/ulp_proc_sys_reset_ctrl_slr1_0.xdc] for cell 'level0_i/ulp/proc_sys_reset_ctrl_slr1/U0'
Parsing XDC File [/home/ae_reviewer/TempGNN/build/baselines/rtga_timingfix_v3_hw/_x/link/vivado/vpl/prj/prj.gen/my_rm/bd/ulp/ip/ulp_proc_sys_reset_ctrl_slr1_0/ulp_proc_sys_reset_ctrl_slr1_0_board.xdc] for cell 'level0_i/ulp/proc_sys_reset_ctrl_slr1/U0'
Finished Parsing XDC File [/home/ae_reviewer/TempGNN/build/baselines/rtga_timingfix_v3_hw/_x/link/vivado/vpl/prj/prj.gen/my_rm/bd/ulp/ip/ulp_proc_sys_reset_ctrl_slr1_0/ulp_proc_sys_reset_ctrl_slr1_0_board.xdc] for cell 'level0_i/ulp/proc_sys_reset_ctrl_slr1/U0'
Parsing XDC File [/home/ae_reviewer/TempGNN/build/baselines/rtga_timingfix_v3_hw/_x/link/vivado/vpl/prj/prj.gen/my_rm/bd/ulp/ip/ulp_proc_sys_reset_ctrl_slr0_0/ulp_proc_sys_reset_ctrl_slr0_0.xdc] for cell 'level0_i/ulp/proc_sys_reset_ctrl_slr0/U0'
Finished Parsing XDC File [/home/ae_reviewer/TempGNN/build/baselines/rtga_timingfix_v3_hw/_x/link/vivado/vpl/prj/prj.gen/my_rm/bd/ulp/ip/ulp_proc_sys_reset_ctrl_slr0_0/ulp_proc_sys_reset_ctrl_slr0_0.xdc] for cell 'level0_i/ulp/proc_sys_reset_ctrl_slr0/U0'
Parsing XDC File [/home/ae_reviewer/TempGNN/build/baselines/rtga_timingfix_v3_hw/_x/link/vivado/vpl/prj/prj.gen/my_rm/bd/ulp/ip/ulp_proc_sys_reset_ctrl_slr0_0/ulp_proc_sys_reset_ctrl_slr0_0_board.xdc] for cell 'level0_i/ulp/proc_sys_reset_ctrl_slr0/U0'
Finished Parsing XDC File [/home/ae_reviewer/TempGNN/build/baselines/rtga_timingfix_v3_hw/_x/link/vivado/vpl/prj/prj.gen/my_rm/bd/ulp/ip/ulp_proc_sys_reset_ctrl_slr0_0/ulp_proc_sys_reset_ctrl_slr0_0_board.xdc] for cell 'level0_i/ulp/proc_sys_reset_ctrl_slr0/U0'
Parsing XDC File [/home/ae_reviewer/TempGNN/build/baselines/rtga_timingfix_v3_hw/_x/link/vivado/vpl/prj/prj.gen/my_rm/bd/ulp/ip/ulp_ulp_ucs_0/bd_0/ip/ip_92/bd_22c0_psreset_kernel_01_0.xdc] for cell 'level0_i/ulp/ulp_ucs/inst/aclk_kernel_01_hierarchy/psreset_kernel_01/U0'
Finished Parsing XDC File [/home/ae_reviewer/TempGNN/build/baselines/rtga_timingfix_v3_hw/_x/link/vivado/vpl/prj/prj.gen/my_rm/bd/ulp/ip/ulp_ulp_ucs_0/bd_0/ip/ip_92/bd_22c0_psreset_kernel_01_0.xdc] for cell 'level0_i/ulp/ulp_ucs/inst/aclk_kernel_01_hierarchy/psreset_kernel_01/U0'
Parsing XDC File [/home/ae_reviewer/TempGNN/build/baselines/rtga_timingfix_v3_hw/_x/link/vivado/vpl/prj/prj.gen/my_rm/bd/ulp/ip/ulp_proc_sys_reset_kernel_slr2_0/ulp_proc_sys_reset_kernel_slr2_0_board.xdc] for cell 'level0_i/ulp/proc_sys_reset_kernel_slr2/U0'
Finished Parsing XDC File [/home/ae_reviewer/TempGNN/build/baselines/rtga_timingfix_v3_hw/_x/link/vivado/vpl/prj/prj.gen/my_rm/bd/ulp/ip/ulp_proc_sys_reset_kernel_slr2_0/ulp_proc_sys_reset_kernel_slr2_0_board.xdc] for cell 'level0_i/ulp/proc_sys_reset_kernel_slr2/U0'
Parsing XDC File [/home/ae_reviewer/TempGNN/build/baselines/rtga_timingfix_v3_hw/_x/link/vivado/vpl/prj/prj.gen/my_rm/bd/ulp/ip/ulp_ulp_ucs_0/bd_0/ip/ip_77/bd_22c0_clkwiz_aclk_kernel_01_0.xdc] for cell 'level0_i/ulp/ulp_ucs/inst/aclk_kernel_01_hierarchy/clkwiz_aclk_kernel_01/inst'
Finished Parsing XDC File [/home/ae_reviewer/TempGNN/build/baselines/rtga_timingfix_v3_hw/_x/link/vivado/vpl/prj/prj.gen/my_rm/bd/ulp/ip/ulp_ulp_ucs_0/bd_0/ip/ip_77/bd_22c0_clkwiz_aclk_kernel_01_0.xdc] for cell 'level0_i/ulp/ulp_ucs/inst/aclk_kernel_01_hierarchy/clkwiz_aclk_kernel_01/inst'
Parsing XDC File [/home/ae_reviewer/TempGNN/build/baselines/rtga_timingfix_v3_hw/_x/link/vivado/vpl/prj/prj.gen/my_rm/bd/ulp/ip/ulp_ulp_ucs_0/bd_0/ip/ip_77/bd_22c0_clkwiz_aclk_kernel_01_0_board.xdc] for cell 'level0_i/ulp/ulp_ucs/inst/aclk_kernel_01_hierarchy/clkwiz_aclk_kernel_01/inst'
Finished Parsing XDC File [/home/ae_reviewer/TempGNN/build/baselines/rtga_timingfix_v3_hw/_x/link/vivado/vpl/prj/prj.gen/my_rm/bd/ulp/ip/ulp_ulp_ucs_0/bd_0/ip/ip_77/bd_22c0_clkwiz_aclk_kernel_01_0_board.xdc] for cell 'level0_i/ulp/ulp_ucs/inst/aclk_kernel_01_hierarchy/clkwiz_aclk_kernel_01/inst'
Parsing XDC File [/home/ae_reviewer/TempGNN/build/baselines/rtga_timingfix_v3_hw/_x/link/vivado/vpl/prj/prj.gen/my_rm/bd/ulp/ip/ulp_ulp_ucs_0/bd_0/ip/ip_74/bd_22c0_psreset_kernel_00_0.xdc] for cell 'level0_i/ulp/ulp_ucs/inst/aclk_kernel_00_hierarchy/psreset_kernel_00/U0'
Finished Parsing XDC File [/home/ae_reviewer/TempGNN/build/baselines/rtga_timingfix_v3_hw/_x/link/vivado/vpl/prj/prj.gen/my_rm/bd/ulp/ip/ulp_ulp_ucs_0/bd_0/ip/ip_74/bd_22c0_psreset_kernel_00_0.xdc] for cell 'level0_i/ulp/ulp_ucs/inst/aclk_kernel_00_hierarchy/psreset_kernel_00/U0'
Parsing XDC File [/home/ae_reviewer/TempGNN/build/baselines/rtga_timingfix_v3_hw/_x/link/vivado/vpl/prj/prj.gen/my_rm/bd/ulp/ip/ulp_ulp_ucs_0/bd_0/ip/ip_74/bd_22c0_psreset_kernel_00_0_board.xdc] for cell 'level0_i/ulp/ulp_ucs/inst/aclk_kernel_00_hierarchy/psreset_kernel_00/U0'
Finished Parsing XDC File [/home/ae_reviewer/TempGNN/build/baselines/rtga_timingfix_v3_hw/_x/link/vivado/vpl/prj/prj.gen/my_rm/bd/ulp/ip/ulp_ulp_ucs_0/bd_0/ip/ip_74/bd_22c0_psreset_kernel_00_0_board.xdc] for cell 'level0_i/ulp/ulp_ucs/inst/aclk_kernel_00_hierarchy/psreset_kernel_00/U0'
Parsing XDC File [/home/ae_reviewer/TempGNN/build/baselines/rtga_timingfix_v3_hw/_x/link/vivado/vpl/prj/prj.gen/my_rm/bd/ulp/ip/ulp_ulp_ucs_0/bd_0/ip/ip_59/bd_22c0_clkwiz_aclk_kernel_00_0.xdc] for cell 'level0_i/ulp/ulp_ucs/inst/aclk_kernel_00_hierarchy/clkwiz_aclk_kernel_00/inst'
Finished Parsing XDC File [/home/ae_reviewer/TempGNN/build/baselines/rtga_timingfix_v3_hw/_x/link/vivado/vpl/prj/prj.gen/my_rm/bd/ulp/ip/ulp_ulp_ucs_0/bd_0/ip/ip_59/bd_22c0_clkwiz_aclk_kernel_00_0.xdc] for cell 'level0_i/ulp/ulp_ucs/inst/aclk_kernel_00_hierarchy/clkwiz_aclk_kernel_00/inst'
Parsing XDC File [/home/ae_reviewer/TempGNN/build/baselines/rtga_timingfix_v3_hw/_x/link/vivado/vpl/prj/prj.gen/my_rm/bd/ulp/ip/ulp_ulp_ucs_0/bd_0/ip/ip_59/bd_22c0_clkwiz_aclk_kernel_00_0_board.xdc] for cell 'level0_i/ulp/ulp_ucs/inst/aclk_kernel_00_hierarchy/clkwiz_aclk_kernel_00/inst'
Finished Parsing XDC File [/home/ae_reviewer/TempGNN/build/baselines/rtga_timingfix_v3_hw/_x/link/vivado/vpl/prj/prj.gen/my_rm/bd/ulp/ip/ulp_ulp_ucs_0/bd_0/ip/ip_59/bd_22c0_clkwiz_aclk_kernel_00_0_board.xdc] for cell 'level0_i/ulp/ulp_ucs/inst/aclk_kernel_00_hierarchy/clkwiz_aclk_kernel_00/inst'
Parsing XDC File [/home/ae_reviewer/TempGNN/build/baselines/rtga_timingfix_v3_hw/_x/link/vivado/vpl/prj/prj.gen/my_rm/bd/ulp/ip/ulp_ulp_ucs_0/bd_0/ip/ip_56/bd_22c0_psreset_aclk_freerun_0.xdc] for cell 'level0_i/ulp/ulp_ucs/inst/frequency_counters/psreset_aclk_freerun/U0'
Finished Parsing XDC File [/home/ae_reviewer/TempGNN/build/baselines/rtga_timingfix_v3_hw/_x/link/vivado/vpl/prj/prj.gen/my_rm/bd/ulp/ip/ulp_ulp_ucs_0/bd_0/ip/ip_56/bd_22c0_psreset_aclk_freerun_0.xdc] for cell 'level0_i/ulp/ulp_ucs/inst/frequency_counters/psreset_aclk_freerun/U0'
Parsing XDC File [/home/ae_reviewer/TempGNN/build/baselines/rtga_timingfix_v3_hw/_x/link/vivado/vpl/prj/prj.gen/my_rm/bd/ulp/ip/ulp_ulp_ucs_0/bd_0/ip/ip_56/bd_22c0_psreset_aclk_freerun_0_board.xdc] for cell 'level0_i/ulp/ulp_ucs/inst/frequency_counters/psreset_aclk_freerun/U0'
Finished Parsing XDC File [/home/ae_reviewer/TempGNN/build/baselines/rtga_timingfix_v3_hw/_x/link/vivado/vpl/prj/prj.gen/my_rm/bd/ulp/ip/ulp_ulp_ucs_0/bd_0/ip/ip_56/bd_22c0_psreset_aclk_freerun_0_board.xdc] for cell 'level0_i/ulp/ulp_ucs/inst/frequency_counters/psreset_aclk_freerun/U0'
Parsing XDC File [/home/ae_reviewer/TempGNN/build/baselines/rtga_timingfix_v3_hw/_x/link/vivado/vpl/prj/prj.gen/my_rm/bd/ulp/ip/ulp_ulp_ucs_0/bd_0/ip/ip_48/bd_22c0_psreset_hbm_0.xdc] for cell 'level0_i/ulp/ulp_ucs/inst/aclk_hbm_hierarchy/psreset_hbm/U0'
Finished Parsing XDC File [/home/ae_reviewer/TempGNN/build/baselines/rtga_timingfix_v3_hw/_x/link/vivado/vpl/prj/prj.gen/my_rm/bd/ulp/ip/ulp_ulp_ucs_0/bd_0/ip/ip_48/bd_22c0_psreset_hbm_0.xdc] for cell 'level0_i/ulp/ulp_ucs/inst/aclk_hbm_hierarchy/psreset_hbm/U0'
Parsing XDC File [/home/ae_reviewer/TempGNN/build/baselines/rtga_timingfix_v3_hw/_x/link/vivado/vpl/prj/prj.gen/my_rm/bd/ulp/ip/ulp_ulp_ucs_0/bd_0/ip/ip_48/bd_22c0_psreset_hbm_0_board.xdc] for cell 'level0_i/ulp/ulp_ucs/inst/aclk_hbm_hierarchy/psreset_hbm/U0'
Finished Parsing XDC File [/home/ae_reviewer/TempGNN/build/baselines/rtga_timingfix_v3_hw/_x/link/vivado/vpl/prj/prj.gen/my_rm/bd/ulp/ip/ulp_ulp_ucs_0/bd_0/ip/ip_48/bd_22c0_psreset_hbm_0_board.xdc] for cell 'level0_i/ulp/ulp_ucs/inst/aclk_hbm_hierarchy/psreset_hbm/U0'
Parsing XDC File [/home/ae_reviewer/TempGNN/build/baselines/rtga_timingfix_v3_hw/_x/link/vivado/vpl/prj/prj.gen/my_rm/bd/ulp/ip/ulp_ulp_ucs_0/bd_0/ip/ip_46/bd_22c0_clkwiz_hbm_0.xdc] for cell 'level0_i/ulp/ulp_ucs/inst/aclk_hbm_hierarchy/clkwiz_hbm/inst'
Finished Parsing XDC File [/home/ae_reviewer/TempGNN/build/baselines/rtga_timingfix_v3_hw/_x/link/vivado/vpl/prj/prj.gen/my_rm/bd/ulp/ip/ulp_ulp_ucs_0/bd_0/ip/ip_46/bd_22c0_clkwiz_hbm_0.xdc] for cell 'level0_i/ulp/ulp_ucs/inst/aclk_hbm_hierarchy/clkwiz_hbm/inst'
Parsing XDC File [/home/ae_reviewer/TempGNN/build/baselines/rtga_timingfix_v3_hw/_x/link/vivado/vpl/prj/prj.gen/my_rm/bd/ulp/ip/ulp_proc_sys_reset_freerun_slr2_0/ulp_proc_sys_reset_freerun_slr2_0_board.xdc] for cell 'level0_i/ulp/proc_sys_reset_freerun_slr2/U0'
Finished Parsing XDC File [/home/ae_reviewer/TempGNN/build/baselines/rtga_timingfix_v3_hw/_x/link/vivado/vpl/prj/prj.gen/my_rm/bd/ulp/ip/ulp_proc_sys_reset_freerun_slr2_0/ulp_proc_sys_reset_freerun_slr2_0_board.xdc] for cell 'level0_i/ulp/proc_sys_reset_freerun_slr2/U0'
Parsing XDC File [/home/ae_reviewer/TempGNN/build/baselines/rtga_timingfix_v3_hw/_x/link/vivado/vpl/prj/prj.gen/my_rm/bd/ulp/ip/ulp_rst_clk_wiz_225M_0/ulp_rst_clk_wiz_225M_0.xdc] for cell 'level0_i/ulp/rst_clk_wiz_225M/U0'
Finished Parsing XDC File [/home/ae_reviewer/TempGNN/build/baselines/rtga_timingfix_v3_hw/_x/link/vivado/vpl/prj/prj.gen/my_rm/bd/ulp/ip/ulp_rst_clk_wiz_225M_0/ulp_rst_clk_wiz_225M_0.xdc] for cell 'level0_i/ulp/rst_clk_wiz_225M/U0'
Parsing XDC File [/home/ae_reviewer/TempGNN/build/baselines/rtga_timingfix_v3_hw/_x/link/vivado/vpl/prj/prj.gen/my_rm/bd/ulp/ip/ulp_rst_clk_wiz_225M_0/ulp_rst_clk_wiz_225M_0_board.xdc] for cell 'level0_i/ulp/rst_clk_wiz_225M/U0'
Finished Parsing XDC File [/home/ae_reviewer/TempGNN/build/baselines/rtga_timingfix_v3_hw/_x/link/vivado/vpl/prj/prj.gen/my_rm/bd/ulp/ip/ulp_rst_clk_wiz_225M_0/ulp_rst_clk_wiz_225M_0_board.xdc] for cell 'level0_i/ulp/rst_clk_wiz_225M/U0'
Parsing XDC File [/home/ae_reviewer/TempGNN/build/baselines/rtga_timingfix_v3_hw/_x/link/vivado/vpl/prj/prj.gen/my_rm/bd/ulp/ip/ulp_clk_wiz_0/ulp_clk_wiz_0.xdc] for cell 'level0_i/ulp/clk_wiz/inst'
create_clock: Time (s): cpu = 00:00:06 ; elapsed = 00:00:06 . Memory (MB): peak = 5566.703 ; gain = 24.750 ; free physical = 46124 ; free virtual = 61653
INFO: [Timing 38-35] Done setting XDC timing constraints. [/home/ae_reviewer/TempGNN/build/baselines/rtga_timingfix_v3_hw/_x/link/vivado/vpl/prj/prj.gen/my_rm/bd/ulp/ip/ulp_clk_wiz_0/ulp_clk_wiz_0.xdc:54]
INFO: [Timing 38-2] Deriving generated clocks [/home/ae_reviewer/TempGNN/build/baselines/rtga_timingfix_v3_hw/_x/link/vivado/vpl/prj/prj.gen/my_rm/bd/ulp/ip/ulp_clk_wiz_0/ulp_clk_wiz_0.xdc:54]
get_clocks: Time (s): cpu = 00:00:55 ; elapsed = 00:00:19 . Memory (MB): peak = 6621.953 ; gain = 1055.250 ; free physical = 45227 ; free virtual = 60756
Finished Parsing XDC File [/home/ae_reviewer/TempGNN/build/baselines/rtga_timingfix_v3_hw/_x/link/vivado/vpl/prj/prj.gen/my_rm/bd/ulp/ip/ulp_clk_wiz_0/ulp_clk_wiz_0.xdc] for cell 'level0_i/ulp/clk_wiz/inst'
Parsing XDC File [/home/ae_reviewer/TempGNN/build/baselines/rtga_timingfix_v3_hw/_x/link/vivado/vpl/prj/prj.gen/my_rm/bd/ulp/ip/ulp_clk_wiz_0/ulp_clk_wiz_0_board.xdc] for cell 'level0_i/ulp/clk_wiz/inst'
Finished Parsing XDC File [/home/ae_reviewer/TempGNN/build/baselines/rtga_timingfix_v3_hw/_x/link/vivado/vpl/prj/prj.gen/my_rm/bd/ulp/ip/ulp_clk_wiz_0/ulp_clk_wiz_0_board.xdc] for cell 'level0_i/ulp/clk_wiz/inst'
Parsing XDC File [/home/ae_reviewer/TempGNN/build/baselines/rtga_timingfix_v3_hw/_x/link/vivado/vpl/prj/prj.gen/my_rm/bd/ulp/ip/ulp_axi_gpio_null_2/ulp_axi_gpio_null_2.xdc] for cell 'level0_i/ulp/SLR2/axi_gpio_null/U0'
Finished Parsing XDC File [/home/ae_reviewer/TempGNN/build/baselines/rtga_timingfix_v3_hw/_x/link/vivado/vpl/prj/prj.gen/my_rm/bd/ulp/ip/ulp_axi_gpio_null_2/ulp_axi_gpio_null_2.xdc] for cell 'level0_i/ulp/SLR2/axi_gpio_null/U0'
Parsing XDC File [/home/ae_reviewer/TempGNN/build/baselines/rtga_timingfix_v3_hw/_x/link/vivado/vpl/prj/prj.gen/my_rm/bd/ulp/ip/ulp_axi_gpio_null_2/ulp_axi_gpio_null_2_board.xdc] for cell 'level0_i/ulp/SLR2/axi_gpio_null/U0'
Finished Parsing XDC File [/home/ae_reviewer/TempGNN/build/baselines/rtga_timingfix_v3_hw/_x/link/vivado/vpl/prj/prj.gen/my_rm/bd/ulp/ip/ulp_axi_gpio_null_2/ulp_axi_gpio_null_2_board.xdc] for cell 'level0_i/ulp/SLR2/axi_gpio_null/U0'
Parsing XDC File [/home/ae_reviewer/TempGNN/build/baselines/rtga_timingfix_v3_hw/_x/link/vivado/vpl/prj/prj.gen/my_rm/bd/ulp/ip/ulp_axi_gpio_null_1/ulp_axi_gpio_null_1.xdc] for cell 'level0_i/ulp/SLR1/axi_gpio_null/U0'
Finished Parsing XDC File [/home/ae_reviewer/TempGNN/build/baselines/rtga_timingfix_v3_hw/_x/link/vivado/vpl/prj/prj.gen/my_rm/bd/ulp/ip/ulp_axi_gpio_null_1/ulp_axi_gpio_null_1.xdc] for cell 'level0_i/ulp/SLR1/axi_gpio_null/U0'
Parsing XDC File [/home/ae_reviewer/TempGNN/build/baselines/rtga_timingfix_v3_hw/_x/link/vivado/vpl/prj/prj.gen/my_rm/bd/ulp/ip/ulp_axi_gpio_null_1/ulp_axi_gpio_null_1_board.xdc] for cell 'level0_i/ulp/SLR1/axi_gpio_null/U0'
Finished Parsing XDC File [/home/ae_reviewer/TempGNN/build/baselines/rtga_timingfix_v3_hw/_x/link/vivado/vpl/prj/prj.gen/my_rm/bd/ulp/ip/ulp_axi_gpio_null_1/ulp_axi_gpio_null_1_board.xdc] for cell 'level0_i/ulp/SLR1/axi_gpio_null/U0'
Parsing XDC File [/home/ae_reviewer/TempGNN/build/baselines/rtga_timingfix_v3_hw/_x/link/vivado/vpl/prj/prj.gen/my_rm/bd/ulp/ip/ulp_axi_gpio_null_0/ulp_axi_gpio_null_0.xdc] for cell 'level0_i/ulp/SLR0/axi_gpio_null/U0'
Finished Parsing XDC File [/home/ae_reviewer/TempGNN/build/baselines/rtga_timingfix_v3_hw/_x/link/vivado/vpl/prj/prj.gen/my_rm/bd/ulp/ip/ulp_axi_gpio_null_0/ulp_axi_gpio_null_0.xdc] for cell 'level0_i/ulp/SLR0/axi_gpio_null/U0'
Parsing XDC File [/home/ae_reviewer/TempGNN/build/baselines/rtga_timingfix_v3_hw/_x/link/vivado/vpl/prj/prj.gen/my_rm/bd/ulp/ip/ulp_axi_gpio_null_0/ulp_axi_gpio_null_0_board.xdc] for cell 'level0_i/ulp/SLR0/axi_gpio_null/U0'
Finished Parsing XDC File [/home/ae_reviewer/TempGNN/build/baselines/rtga_timingfix_v3_hw/_x/link/vivado/vpl/prj/prj.gen/my_rm/bd/ulp/ip/ulp_axi_gpio_null_0/ulp_axi_gpio_null_0_board.xdc] for cell 'level0_i/ulp/SLR0/axi_gpio_null/U0'
Parsing XDC File [/home/ae_reviewer/TempGNN/build/baselines/rtga_timingfix_v3_hw/_x/link/vivado/vpl/prj/prj.gen/my_rm/bd/ulp/ip/ulp_proc_sys_reset_freerun_slr2_0/ulp_proc_sys_reset_freerun_slr2_0.xdc] for cell 'level0_i/ulp/proc_sys_reset_freerun_slr2/U0'
Finished Parsing XDC File [/home/ae_reviewer/TempGNN/build/baselines/rtga_timingfix_v3_hw/_x/link/vivado/vpl/prj/prj.gen/my_rm/bd/ulp/ip/ulp_proc_sys_reset_freerun_slr2_0/ulp_proc_sys_reset_freerun_slr2_0.xdc] for cell 'level0_i/ulp/proc_sys_reset_freerun_slr2/U0'
Parsing XDC File [/home/ae_reviewer/TempGNN/build/baselines/rtga_timingfix_v3_hw/_x/link/vivado/vpl/prj/prj.gen/my_rm/bd/ulp/ip/ulp_ulp_ucs_0/bd_0/ip/ip_46/bd_22c0_clkwiz_hbm_0_board.xdc] for cell 'level0_i/ulp/ulp_ucs/inst/aclk_hbm_hierarchy/clkwiz_hbm/inst'
Finished Parsing XDC File [/home/ae_reviewer/TempGNN/build/baselines/rtga_timingfix_v3_hw/_x/link/vivado/vpl/prj/prj.gen/my_rm/bd/ulp/ip/ulp_ulp_ucs_0/bd_0/ip/ip_46/bd_22c0_clkwiz_hbm_0_board.xdc] for cell 'level0_i/ulp/ulp_ucs/inst/aclk_hbm_hierarchy/clkwiz_hbm/inst'
Parsing XDC File [/home/ae_reviewer/TempGNN/build/baselines/rtga_timingfix_v3_hw/_x/link/vivado/vpl/prj/prj.gen/my_rm/bd/ulp/ip/ulp_proc_sys_reset_freerun_slr1_0/ulp_proc_sys_reset_freerun_slr1_0.xdc] for cell 'level0_i/ulp/proc_sys_reset_freerun_slr1/U0'
Finished Parsing XDC File [/home/ae_reviewer/TempGNN/build/baselines/rtga_timingfix_v3_hw/_x/link/vivado/vpl/prj/prj.gen/my_rm/bd/ulp/ip/ulp_proc_sys_reset_freerun_slr1_0/ulp_proc_sys_reset_freerun_slr1_0.xdc] for cell 'level0_i/ulp/proc_sys_reset_freerun_slr1/U0'
Parsing XDC File [/home/ae_reviewer/TempGNN/build/baselines/rtga_timingfix_v3_hw/_x/link/vivado/vpl/prj/prj.gen/my_rm/bd/ulp/ip/ulp_proc_sys_reset_freerun_slr1_0/ulp_proc_sys_reset_freerun_slr1_0_board.xdc] for cell 'level0_i/ulp/proc_sys_reset_freerun_slr1/U0'
Finished Parsing XDC File [/home/ae_reviewer/TempGNN/build/baselines/rtga_timingfix_v3_hw/_x/link/vivado/vpl/prj/prj.gen/my_rm/bd/ulp/ip/ulp_proc_sys_reset_freerun_slr1_0/ulp_proc_sys_reset_freerun_slr1_0_board.xdc] for cell 'level0_i/ulp/proc_sys_reset_freerun_slr1/U0'
Parsing XDC File [/home/ae_reviewer/TempGNN/build/baselines/rtga_timingfix_v3_hw/_x/link/vivado/vpl/prj/prj.gen/my_rm/bd/ulp/ip/ulp_proc_sys_reset_freerun_slr0_0/ulp_proc_sys_reset_freerun_slr0_0.xdc] for cell 'level0_i/ulp/proc_sys_reset_freerun_slr0/U0'
Finished Parsing XDC File [/home/ae_reviewer/TempGNN/build/baselines/rtga_timingfix_v3_hw/_x/link/vivado/vpl/prj/prj.gen/my_rm/bd/ulp/ip/ulp_proc_sys_reset_freerun_slr0_0/ulp_proc_sys_reset_freerun_slr0_0.xdc] for cell 'level0_i/ulp/proc_sys_reset_freerun_slr0/U0'
Parsing XDC File [/home/ae_reviewer/TempGNN/build/baselines/rtga_timingfix_v3_hw/_x/link/vivado/vpl/prj/prj.gen/my_rm/bd/ulp/ip/ulp_proc_sys_reset_freerun_slr0_0/ulp_proc_sys_reset_freerun_slr0_0_board.xdc] for cell 'level0_i/ulp/proc_sys_reset_freerun_slr0/U0'
Finished Parsing XDC File [/home/ae_reviewer/TempGNN/build/baselines/rtga_timingfix_v3_hw/_x/link/vivado/vpl/prj/prj.gen/my_rm/bd/ulp/ip/ulp_proc_sys_reset_freerun_slr0_0/ulp_proc_sys_reset_freerun_slr0_0_board.xdc] for cell 'level0_i/ulp/proc_sys_reset_freerun_slr0/U0'
Parsing XDC File [/home/ae_reviewer/TempGNN/build/baselines/rtga_timingfix_v3_hw/_x/link/vivado/vpl/prj/prj.gen/my_rm/bd/ulp/ip/ulp_proc_sys_reset_kernel2_slr2_0/ulp_proc_sys_reset_kernel2_slr2_0.xdc] for cell 'level0_i/ulp/proc_sys_reset_kernel2_slr2/U0'
Finished Parsing XDC File [/home/ae_reviewer/TempGNN/build/baselines/rtga_timingfix_v3_hw/_x/link/vivado/vpl/prj/prj.gen/my_rm/bd/ulp/ip/ulp_proc_sys_reset_kernel2_slr2_0/ulp_proc_sys_reset_kernel2_slr2_0.xdc] for cell 'level0_i/ulp/proc_sys_reset_kernel2_slr2/U0'
Parsing XDC File [/home/ae_reviewer/TempGNN/build/baselines/rtga_timingfix_v3_hw/_x/link/vivado/vpl/prj/prj.gen/my_rm/bd/ulp/ip/ulp_proc_sys_reset_kernel2_slr2_0/ulp_proc_sys_reset_kernel2_slr2_0_board.xdc] for cell 'level0_i/ulp/proc_sys_reset_kernel2_slr2/U0'
Finished Parsing XDC File [/home/ae_reviewer/TempGNN/build/baselines/rtga_timingfix_v3_hw/_x/link/vivado/vpl/prj/prj.gen/my_rm/bd/ulp/ip/ulp_proc_sys_reset_kernel2_slr2_0/ulp_proc_sys_reset_kernel2_slr2_0_board.xdc] for cell 'level0_i/ulp/proc_sys_reset_kernel2_slr2/U0'
Parsing XDC File [/home/ae_reviewer/TempGNN/build/baselines/rtga_timingfix_v3_hw/_x/link/vivado/vpl/prj/prj.gen/my_rm/bd/ulp/ip/ulp_proc_sys_reset_kernel2_slr1_0/ulp_proc_sys_reset_kernel2_slr1_0.xdc] for cell 'level0_i/ulp/proc_sys_reset_kernel2_slr1/U0'
Finished Parsing XDC File [/home/ae_reviewer/TempGNN/build/baselines/rtga_timingfix_v3_hw/_x/link/vivado/vpl/prj/prj.gen/my_rm/bd/ulp/ip/ulp_proc_sys_reset_kernel2_slr1_0/ulp_proc_sys_reset_kernel2_slr1_0.xdc] for cell 'level0_i/ulp/proc_sys_reset_kernel2_slr1/U0'
Parsing XDC File [/home/ae_reviewer/TempGNN/build/baselines/rtga_timingfix_v3_hw/_x/link/vivado/vpl/prj/prj.gen/my_rm/bd/ulp/ip/ulp_proc_sys_reset_kernel2_slr1_0/ulp_proc_sys_reset_kernel2_slr1_0_board.xdc] for cell 'level0_i/ulp/proc_sys_reset_kernel2_slr1/U0'
Finished Parsing XDC File [/home/ae_reviewer/TempGNN/build/baselines/rtga_timingfix_v3_hw/_x/link/vivado/vpl/prj/prj.gen/my_rm/bd/ulp/ip/ulp_proc_sys_reset_kernel2_slr1_0/ulp_proc_sys_reset_kernel2_slr1_0_board.xdc] for cell 'level0_i/ulp/proc_sys_reset_kernel2_slr1/U0'
Parsing XDC File [/home/ae_reviewer/TempGNN/build/baselines/rtga_timingfix_v3_hw/_x/link/vivado/vpl/prj/prj.gen/my_rm/bd/ulp/ip/ulp_proc_sys_reset_kernel2_slr0_0/ulp_proc_sys_reset_kernel2_slr0_0.xdc] for cell 'level0_i/ulp/proc_sys_reset_kernel2_slr0/U0'
Finished Parsing XDC File [/home/ae_reviewer/TempGNN/build/baselines/rtga_timingfix_v3_hw/_x/link/vivado/vpl/prj/prj.gen/my_rm/bd/ulp/ip/ulp_proc_sys_reset_kernel2_slr0_0/ulp_proc_sys_reset_kernel2_slr0_0.xdc] for cell 'level0_i/ulp/proc_sys_reset_kernel2_slr0/U0'
Parsing XDC File [/home/ae_reviewer/TempGNN/build/baselines/rtga_timingfix_v3_hw/_x/link/vivado/vpl/prj/prj.gen/my_rm/bd/ulp/ip/ulp_proc_sys_reset_kernel2_slr0_0/ulp_proc_sys_reset_kernel2_slr0_0_board.xdc] for cell 'level0_i/ulp/proc_sys_reset_kernel2_slr0/U0'
Finished Parsing XDC File [/home/ae_reviewer/TempGNN/build/baselines/rtga_timingfix_v3_hw/_x/link/vivado/vpl/prj/prj.gen/my_rm/bd/ulp/ip/ulp_proc_sys_reset_kernel2_slr0_0/ulp_proc_sys_reset_kernel2_slr0_0_board.xdc] for cell 'level0_i/ulp/proc_sys_reset_kernel2_slr0/U0'
Parsing XDC File [/home/ae_reviewer/TempGNN/build/baselines/rtga_timingfix_v3_hw/_x/link/vivado/vpl/prj/prj.gen/my_rm/bd/ulp/ip/ulp_proc_sys_reset_kernel_slr2_0/ulp_proc_sys_reset_kernel_slr2_0.xdc] for cell 'level0_i/ulp/proc_sys_reset_kernel_slr2/U0'
Finished Parsing XDC File [/home/ae_reviewer/TempGNN/build/baselines/rtga_timingfix_v3_hw/_x/link/vivado/vpl/prj/prj.gen/my_rm/bd/ulp/ip/ulp_proc_sys_reset_kernel_slr2_0/ulp_proc_sys_reset_kernel_slr2_0.xdc] for cell 'level0_i/ulp/proc_sys_reset_kernel_slr2/U0'
Parsing XDC File [/home/ae_reviewer/TempGNN/build/baselines/rtga_timingfix_v3_hw/_x/link/vivado/vpl/prj/prj.gen/my_rm/bd/ulp/ip/ulp_hmss_0_0/bd_12/ip/ip_1/bd_0b53_psr0_0.xdc] for cell 'level0_i/ulp/hmss_0/inst/path_11/interconnect12_11/inst/clk_map/psr0/U0'
Finished Parsing XDC File [/home/ae_reviewer/TempGNN/build/baselines/rtga_timingfix_v3_hw/_x/link/vivado/vpl/prj/prj.gen/my_rm/bd/ulp/ip/ulp_hmss_0_0/bd_12/ip/ip_1/bd_0b53_psr0_0.xdc] for cell 'level0_i/ulp/hmss_0/inst/path_11/interconnect12_11/inst/clk_map/psr0/U0'
Parsing XDC File [/home/ae_reviewer/TempGNN/build/baselines/rtga_timingfix_v3_hw/_x/link/vivado/vpl/prj/prj.gen/my_rm/bd/ulp/ip/ulp_hmss_0_0/bd_13/ip/ip_2/bd_daa2_psr_aclk_0_board.xdc] for cell 'level0_i/ulp/hmss_0/inst/path_12/interconnect13_12/inst/clk_map/psr_aclk/U0'
Finished Parsing XDC File [/home/ae_reviewer/TempGNN/build/baselines/rtga_timingfix_v3_hw/_x/link/vivado/vpl/prj/prj.gen/my_rm/bd/ulp/ip/ulp_hmss_0_0/bd_13/ip/ip_2/bd_daa2_psr_aclk_0_board.xdc] for cell 'level0_i/ulp/hmss_0/inst/path_12/interconnect13_12/inst/clk_map/psr_aclk/U0'
Parsing XDC File [/home/ae_reviewer/TempGNN/build/baselines/rtga_timingfix_v3_hw/_x/link/vivado/vpl/prj/prj.gen/my_rm/bd/ulp/ip/ulp_hmss_0_0/bd_13/ip/ip_1/bd_daa2_psr0_0.xdc] for cell 'level0_i/ulp/hmss_0/inst/path_12/interconnect13_12/inst/clk_map/psr0/U0'
Finished Parsing XDC File [/home/ae_reviewer/TempGNN/build/baselines/rtga_timingfix_v3_hw/_x/link/vivado/vpl/prj/prj.gen/my_rm/bd/ulp/ip/ulp_hmss_0_0/bd_13/ip/ip_1/bd_daa2_psr0_0.xdc] for cell 'level0_i/ulp/hmss_0/inst/path_12/interconnect13_12/inst/clk_map/psr0/U0'
Parsing XDC File [/home/ae_reviewer/TempGNN/build/baselines/rtga_timingfix_v3_hw/_x/link/vivado/vpl/prj/prj.gen/my_rm/bd/ulp/ip/ulp_hmss_0_0/bd_13/ip/ip_1/bd_daa2_psr0_0_board.xdc] for cell 'level0_i/ulp/hmss_0/inst/path_12/interconnect13_12/inst/clk_map/psr0/U0'
Finished Parsing XDC File [/home/ae_reviewer/TempGNN/build/baselines/rtga_timingfix_v3_hw/_x/link/vivado/vpl/prj/prj.gen/my_rm/bd/ulp/ip/ulp_hmss_0_0/bd_13/ip/ip_1/bd_daa2_psr0_0_board.xdc] for cell 'level0_i/ulp/hmss_0/inst/path_12/interconnect13_12/inst/clk_map/psr0/U0'
Parsing XDC File [/home/ae_reviewer/TempGNN/build/baselines/rtga_timingfix_v3_hw/_x/link/vivado/vpl/prj/prj.gen/my_rm/bd/ulp/ip/ulp_hmss_0_0/bd_0/ip/ip_36/smartconnect.xdc] for cell 'level0_i/ulp/hmss_0/inst/path_11/interconnect12_11/inst'
WARNING: [Vivado_Tcl 4-919] Waiver ID 'CDC-1' -from list should not be empty. [/home/ae_reviewer/TempGNN/build/baselines/rtga_timingfix_v3_hw/_x/link/vivado/vpl/prj/prj.gen/my_rm/bd/ulp/ip/ulp_hmss_0_0/bd_0/ip/ip_36/smartconnect.xdc:1]
Finished Parsing XDC File [/home/ae_reviewer/TempGNN/build/baselines/rtga_timingfix_v3_hw/_x/link/vivado/vpl/prj/prj.gen/my_rm/bd/ulp/ip/ulp_hmss_0_0/bd_0/ip/ip_36/smartconnect.xdc] for cell 'level0_i/ulp/hmss_0/inst/path_11/interconnect12_11/inst'
Parsing XDC File [/home/ae_reviewer/TempGNN/build/baselines/rtga_timingfix_v3_hw/_x/link/vivado/vpl/prj/prj.gen/my_rm/bd/ulp/ip/ulp_hmss_0_0/bd_12/ip/ip_10/bd_0b53_sbn_0_clocks.xdc] for cell 'level0_i/ulp/hmss_0/inst/path_11/interconnect12_11/inst/s00_nodes/s00_b_node/inst'
Finished Parsing XDC File [/home/ae_reviewer/TempGNN/build/baselines/rtga_timingfix_v3_hw/_x/link/vivado/vpl/prj/prj.gen/my_rm/bd/ulp/ip/ulp_hmss_0_0/bd_12/ip/ip_10/bd_0b53_sbn_0_clocks.xdc] for cell 'level0_i/ulp/hmss_0/inst/path_11/interconnect12_11/inst/s00_nodes/s00_b_node/inst'
Parsing XDC File [/home/ae_reviewer/TempGNN/build/baselines/rtga_timingfix_v3_hw/_x/link/vivado/vpl/prj/prj.gen/my_rm/bd/ulp/ip/ulp_hmss_0_0/bd_12/ip/ip_9/bd_0b53_swn_0_clocks.xdc] for cell 'level0_i/ulp/hmss_0/inst/path_11/interconnect12_11/inst/s00_nodes/s00_w_node/inst'
Finished Parsing XDC File [/home/ae_reviewer/TempGNN/build/baselines/rtga_timingfix_v3_hw/_x/link/vivado/vpl/prj/prj.gen/my_rm/bd/ulp/ip/ulp_hmss_0_0/bd_12/ip/ip_9/bd_0b53_swn_0_clocks.xdc] for cell 'level0_i/ulp/hmss_0/inst/path_11/interconnect12_11/inst/s00_nodes/s00_w_node/inst'
Parsing XDC File [/home/ae_reviewer/TempGNN/build/baselines/rtga_timingfix_v3_hw/_x/link/vivado/vpl/prj/prj.gen/my_rm/bd/ulp/ip/ulp_hmss_0_0/bd_12/ip/ip_8/bd_0b53_sawn_0_clocks.xdc] for cell 'level0_i/ulp/hmss_0/inst/path_11/interconnect12_11/inst/s00_nodes/s00_aw_node/inst'
Finished Parsing XDC File [/home/ae_reviewer/TempGNN/build/baselines/rtga_timingfix_v3_hw/_x/link/vivado/vpl/prj/prj.gen/my_rm/bd/ulp/ip/ulp_hmss_0_0/bd_12/ip/ip_8/bd_0b53_sawn_0_clocks.xdc] for cell 'level0_i/ulp/hmss_0/inst/path_11/interconnect12_11/inst/s00_nodes/s00_aw_node/inst'
Parsing XDC File [/home/ae_reviewer/TempGNN/build/baselines/rtga_timingfix_v3_hw/_x/link/vivado/vpl/prj/prj.gen/my_rm/bd/ulp/ip/ulp_hmss_0_0/bd_12/ip/ip_3/bd_0b53_psr_aclk1_0.xdc] for cell 'level0_i/ulp/hmss_0/inst/path_11/interconnect12_11/inst/clk_map/psr_aclk1/U0'
Finished Parsing XDC File [/home/ae_reviewer/TempGNN/build/baselines/rtga_timingfix_v3_hw/_x/link/vivado/vpl/prj/prj.gen/my_rm/bd/ulp/ip/ulp_hmss_0_0/bd_12/ip/ip_3/bd_0b53_psr_aclk1_0.xdc] for cell 'level0_i/ulp/hmss_0/inst/path_11/interconnect12_11/inst/clk_map/psr_aclk1/U0'
Parsing XDC File [/home/ae_reviewer/TempGNN/build/baselines/rtga_timingfix_v3_hw/_x/link/vivado/vpl/prj/prj.gen/my_rm/bd/ulp/ip/ulp_hmss_0_0/bd_12/ip/ip_3/bd_0b53_psr_aclk1_0_board.xdc] for cell 'level0_i/ulp/hmss_0/inst/path_11/interconnect12_11/inst/clk_map/psr_aclk1/U0'
Finished Parsing XDC File [/home/ae_reviewer/TempGNN/build/baselines/rtga_timingfix_v3_hw/_x/link/vivado/vpl/prj/prj.gen/my_rm/bd/ulp/ip/ulp_hmss_0_0/bd_12/ip/ip_3/bd_0b53_psr_aclk1_0_board.xdc] for cell 'level0_i/ulp/hmss_0/inst/path_11/interconnect12_11/inst/clk_map/psr_aclk1/U0'
Parsing XDC File [/home/ae_reviewer/TempGNN/build/baselines/rtga_timingfix_v3_hw/_x/link/vivado/vpl/prj/prj.gen/my_rm/bd/ulp/ip/ulp_hmss_0_0/bd_12/ip/ip_2/bd_0b53_psr_aclk_0.xdc] for cell 'level0_i/ulp/hmss_0/inst/path_11/interconnect12_11/inst/clk_map/psr_aclk/U0'
Finished Parsing XDC File [/home/ae_reviewer/TempGNN/build/baselines/rtga_timingfix_v3_hw/_x/link/vivado/vpl/prj/prj.gen/my_rm/bd/ulp/ip/ulp_hmss_0_0/bd_12/ip/ip_2/bd_0b53_psr_aclk_0.xdc] for cell 'level0_i/ulp/hmss_0/inst/path_11/interconnect12_11/inst/clk_map/psr_aclk/U0'
Parsing XDC File [/home/ae_reviewer/TempGNN/build/baselines/rtga_timingfix_v3_hw/_x/link/vivado/vpl/prj/prj.gen/my_rm/bd/ulp/ip/ulp_hmss_0_0/bd_12/ip/ip_2/bd_0b53_psr_aclk_0_board.xdc] for cell 'level0_i/ulp/hmss_0/inst/path_11/interconnect12_11/inst/clk_map/psr_aclk/U0'
Finished Parsing XDC File [/home/ae_reviewer/TempGNN/build/baselines/rtga_timingfix_v3_hw/_x/link/vivado/vpl/prj/prj.gen/my_rm/bd/ulp/ip/ulp_hmss_0_0/bd_12/ip/ip_2/bd_0b53_psr_aclk_0_board.xdc] for cell 'level0_i/ulp/hmss_0/inst/path_11/interconnect12_11/inst/clk_map/psr_aclk/U0'
Parsing XDC File [/home/ae_reviewer/TempGNN/build/baselines/rtga_timingfix_v3_hw/_x/link/vivado/vpl/prj/prj.gen/my_rm/bd/ulp/ip/ulp_hmss_0_0/bd_13/ip/ip_2/bd_daa2_psr_aclk_0.xdc] for cell 'level0_i/ulp/hmss_0/inst/path_12/interconnect13_12/inst/clk_map/psr_aclk/U0'
Finished Parsing XDC File [/home/ae_reviewer/TempGNN/build/baselines/rtga_timingfix_v3_hw/_x/link/vivado/vpl/prj/prj.gen/my_rm/bd/ulp/ip/ulp_hmss_0_0/bd_13/ip/ip_2/bd_daa2_psr_aclk_0.xdc] for cell 'level0_i/ulp/hmss_0/inst/path_12/interconnect13_12/inst/clk_map/psr_aclk/U0'
Parsing XDC File [/home/ae_reviewer/TempGNN/build/baselines/rtga_timingfix_v3_hw/_x/link/vivado/vpl/prj/prj.gen/my_rm/bd/ulp/ip/ulp_hmss_0_0/bd_12/ip/ip_1/bd_0b53_psr0_0_board.xdc] for cell 'level0_i/ulp/hmss_0/inst/path_11/interconnect12_11/inst/clk_map/psr0/U0'
Finished Parsing XDC File [/home/ae_reviewer/TempGNN/build/baselines/rtga_timingfix_v3_hw/_x/link/vivado/vpl/prj/prj.gen/my_rm/bd/ulp/ip/ulp_hmss_0_0/bd_12/ip/ip_1/bd_0b53_psr0_0_board.xdc] for cell 'level0_i/ulp/hmss_0/inst/path_11/interconnect12_11/inst/clk_map/psr0/U0'
Parsing XDC File [/home/ae_reviewer/TempGNN/build/baselines/rtga_timingfix_v3_hw/_x/link/vivado/vpl/prj/prj.gen/my_rm/bd/ulp/ip/ulp_hmss_0_0/bd_0/ip/ip_33/smartconnect.xdc] for cell 'level0_i/ulp/hmss_0/inst/path_10/interconnect11_10/inst'
WARNING: [Vivado_Tcl 4-919] Waiver ID 'CDC-1' -from list should not be empty. [/home/ae_reviewer/TempGNN/build/baselines/rtga_timingfix_v3_hw/_x/link/vivado/vpl/prj/prj.gen/my_rm/bd/ulp/ip/ulp_hmss_0_0/bd_0/ip/ip_33/smartconnect.xdc:1]
Finished Parsing XDC File [/home/ae_reviewer/TempGNN/build/baselines/rtga_timingfix_v3_hw/_x/link/vivado/vpl/prj/prj.gen/my_rm/bd/ulp/ip/ulp_hmss_0_0/bd_0/ip/ip_33/smartconnect.xdc] for cell 'level0_i/ulp/hmss_0/inst/path_10/interconnect11_10/inst'
Parsing XDC File [/home/ae_reviewer/TempGNN/build/baselines/rtga_timingfix_v3_hw/_x/link/vivado/vpl/prj/prj.gen/my_rm/bd/ulp/ip/ulp_hmss_0_0/bd_11/ip/ip_9/bd_f802_srn_0_clocks.xdc] for cell 'level0_i/ulp/hmss_0/inst/path_10/interconnect11_10/inst/s00_nodes/s00_r_node/inst'
Finished Parsing XDC File [/home/ae_reviewer/TempGNN/build/baselines/rtga_timingfix_v3_hw/_x/link/vivado/vpl/prj/prj.gen/my_rm/bd/ulp/ip/ulp_hmss_0_0/bd_11/ip/ip_9/bd_f802_srn_0_clocks.xdc] for cell 'level0_i/ulp/hmss_0/inst/path_10/interconnect11_10/inst/s00_nodes/s00_r_node/inst'
Parsing XDC File [/home/ae_reviewer/TempGNN/build/baselines/rtga_timingfix_v3_hw/_x/link/vivado/vpl/prj/prj.gen/my_rm/bd/ulp/ip/ulp_hmss_0_0/bd_11/ip/ip_8/bd_f802_sarn_0_clocks.xdc] for cell 'level0_i/ulp/hmss_0/inst/path_10/interconnect11_10/inst/s00_nodes/s00_ar_node/inst'
Finished Parsing XDC File [/home/ae_reviewer/TempGNN/build/baselines/rtga_timingfix_v3_hw/_x/link/vivado/vpl/prj/prj.gen/my_rm/bd/ulp/ip/ulp_hmss_0_0/bd_11/ip/ip_8/bd_f802_sarn_0_clocks.xdc] for cell 'level0_i/ulp/hmss_0/inst/path_10/interconnect11_10/inst/s00_nodes/s00_ar_node/inst'
Parsing XDC File [/home/ae_reviewer/TempGNN/build/baselines/rtga_timingfix_v3_hw/_x/link/vivado/vpl/prj/prj.gen/my_rm/bd/ulp/ip/ulp_hmss_0_0/bd_11/ip/ip_3/bd_f802_psr_aclk1_0.xdc] for cell 'level0_i/ulp/hmss_0/inst/path_10/interconnect11_10/inst/clk_map/psr_aclk1/U0'
Finished Parsing XDC File [/home/ae_reviewer/TempGNN/build/baselines/rtga_timingfix_v3_hw/_x/link/vivado/vpl/prj/prj.gen/my_rm/bd/ulp/ip/ulp_hmss_0_0/bd_11/ip/ip_3/bd_f802_psr_aclk1_0.xdc] for cell 'level0_i/ulp/hmss_0/inst/path_10/interconnect11_10/inst/clk_map/psr_aclk1/U0'
Parsing XDC File [/home/ae_reviewer/TempGNN/build/baselines/rtga_timingfix_v3_hw/_x/link/vivado/vpl/prj/prj.gen/my_rm/bd/ulp/ip/ulp_hmss_0_0/bd_11/ip/ip_3/bd_f802_psr_aclk1_0_board.xdc] for cell 'level0_i/ulp/hmss_0/inst/path_10/interconnect11_10/inst/clk_map/psr_aclk1/U0'
Finished Parsing XDC File [/home/ae_reviewer/TempGNN/build/baselines/rtga_timingfix_v3_hw/_x/link/vivado/vpl/prj/prj.gen/my_rm/bd/ulp/ip/ulp_hmss_0_0/bd_11/ip/ip_3/bd_f802_psr_aclk1_0_board.xdc] for cell 'level0_i/ulp/hmss_0/inst/path_10/interconnect11_10/inst/clk_map/psr_aclk1/U0'
Parsing XDC File [/home/ae_reviewer/TempGNN/build/baselines/rtga_timingfix_v3_hw/_x/link/vivado/vpl/prj/prj.gen/my_rm/bd/ulp/ip/ulp_hmss_0_0/bd_11/ip/ip_2/bd_f802_psr_aclk_0.xdc] for cell 'level0_i/ulp/hmss_0/inst/path_10/interconnect11_10/inst/clk_map/psr_aclk/U0'
Finished Parsing XDC File [/home/ae_reviewer/TempGNN/build/baselines/rtga_timingfix_v3_hw/_x/link/vivado/vpl/prj/prj.gen/my_rm/bd/ulp/ip/ulp_hmss_0_0/bd_11/ip/ip_2/bd_f802_psr_aclk_0.xdc] for cell 'level0_i/ulp/hmss_0/inst/path_10/interconnect11_10/inst/clk_map/psr_aclk/U0'
Parsing XDC File [/home/ae_reviewer/TempGNN/build/baselines/rtga_timingfix_v3_hw/_x/link/vivado/vpl/prj/prj.gen/my_rm/bd/ulp/ip/ulp_hmss_0_0/bd_11/ip/ip_2/bd_f802_psr_aclk_0_board.xdc] for cell 'level0_i/ulp/hmss_0/inst/path_10/interconnect11_10/inst/clk_map/psr_aclk/U0'
Finished Parsing XDC File [/home/ae_reviewer/TempGNN/build/baselines/rtga_timingfix_v3_hw/_x/link/vivado/vpl/prj/prj.gen/my_rm/bd/ulp/ip/ulp_hmss_0_0/bd_11/ip/ip_2/bd_f802_psr_aclk_0_board.xdc] for cell 'level0_i/ulp/hmss_0/inst/path_10/interconnect11_10/inst/clk_map/psr_aclk/U0'
Parsing XDC File [/home/ae_reviewer/TempGNN/build/baselines/rtga_timingfix_v3_hw/_x/link/vivado/vpl/prj/prj.gen/my_rm/bd/ulp/ip/ulp_hmss_0_0/bd_11/ip/ip_1/bd_f802_psr0_0.xdc] for cell 'level0_i/ulp/hmss_0/inst/path_10/interconnect11_10/inst/clk_map/psr0/U0'
Finished Parsing XDC File [/home/ae_reviewer/TempGNN/build/baselines/rtga_timingfix_v3_hw/_x/link/vivado/vpl/prj/prj.gen/my_rm/bd/ulp/ip/ulp_hmss_0_0/bd_11/ip/ip_1/bd_f802_psr0_0.xdc] for cell 'level0_i/ulp/hmss_0/inst/path_10/interconnect11_10/inst/clk_map/psr0/U0'
Parsing XDC File [/home/ae_reviewer/TempGNN/build/baselines/rtga_timingfix_v3_hw/_x/link/vivado/vpl/prj/prj.gen/my_rm/bd/ulp/ip/ulp_hmss_0_0/bd_11/ip/ip_1/bd_f802_psr0_0_board.xdc] for cell 'level0_i/ulp/hmss_0/inst/path_10/interconnect11_10/inst/clk_map/psr0/U0'
Finished Parsing XDC File [/home/ae_reviewer/TempGNN/build/baselines/rtga_timingfix_v3_hw/_x/link/vivado/vpl/prj/prj.gen/my_rm/bd/ulp/ip/ulp_hmss_0_0/bd_11/ip/ip_1/bd_f802_psr0_0_board.xdc] for cell 'level0_i/ulp/hmss_0/inst/path_10/interconnect11_10/inst/clk_map/psr0/U0'
Parsing XDC File [/home/ae_reviewer/TempGNN/build/baselines/rtga_timingfix_v3_hw/_x/link/vivado/vpl/prj/prj.gen/my_rm/bd/ulp/ip/ulp_hmss_0_0/bd_0/ip/ip_30/smartconnect.xdc] for cell 'level0_i/ulp/hmss_0/inst/path_9/interconnect10_9/inst'
WARNING: [Vivado_Tcl 4-919] Waiver ID 'CDC-1' -from list should not be empty. [/home/ae_reviewer/TempGNN/build/baselines/rtga_timingfix_v3_hw/_x/link/vivado/vpl/prj/prj.gen/my_rm/bd/ulp/ip/ulp_hmss_0_0/bd_0/ip/ip_30/smartconnect.xdc:1]
Finished Parsing XDC File [/home/ae_reviewer/TempGNN/build/baselines/rtga_timingfix_v3_hw/_x/link/vivado/vpl/prj/prj.gen/my_rm/bd/ulp/ip/ulp_hmss_0_0/bd_0/ip/ip_30/smartconnect.xdc] for cell 'level0_i/ulp/hmss_0/inst/path_9/interconnect10_9/inst'
Parsing XDC File [/home/ae_reviewer/TempGNN/build/baselines/rtga_timingfix_v3_hw/_x/link/vivado/vpl/prj/prj.gen/my_rm/bd/ulp/ip/ulp_hmss_0_0/bd_14/ip/ip_3/bd_6f56_psr_aclk1_0_board.xdc] for cell 'level0_i/ulp/hmss_0/inst/path_13/interconnect0_13/inst/clk_map/psr_aclk1/U0'
Finished Parsing XDC File [/home/ae_reviewer/TempGNN/build/baselines/rtga_timingfix_v3_hw/_x/link/vivado/vpl/prj/prj.gen/my_rm/bd/ulp/ip/ulp_hmss_0_0/bd_14/ip/ip_3/bd_6f56_psr_aclk1_0_board.xdc] for cell 'level0_i/ulp/hmss_0/inst/path_13/interconnect0_13/inst/clk_map/psr_aclk1/U0'
Parsing XDC File [/home/ae_reviewer/TempGNN/build/baselines/rtga_timingfix_v3_hw/_x/link/vivado/vpl/prj/prj.gen/my_rm/bd/ulp/ip/ulp_ulp_ucs_0/bd_0/ip/ip_14/bd_22c0_gpio_ucs_control_status_0.xdc] for cell 'level0_i/ulp/ulp_ucs/inst/ucs_control_status/gpio_ucs_control_status/U0'
Finished Parsing XDC File [/home/ae_reviewer/TempGNN/build/baselines/rtga_timingfix_v3_hw/_x/link/vivado/vpl/prj/prj.gen/my_rm/bd/ulp/ip/ulp_ulp_ucs_0/bd_0/ip/ip_14/bd_22c0_gpio_ucs_control_status_0.xdc] for cell 'level0_i/ulp/ulp_ucs/inst/ucs_control_status/gpio_ucs_control_status/U0'
Parsing XDC File [/home/ae_reviewer/TempGNN/build/baselines/rtga_timingfix_v3_hw/_x/link/vivado/vpl/prj/prj.gen/my_rm/bd/ulp/ip/ulp_ulp_ucs_0/bd_0/ip/ip_14/bd_22c0_gpio_ucs_control_status_0_board.xdc] for cell 'level0_i/ulp/ulp_ucs/inst/ucs_control_status/gpio_ucs_control_status/U0'
Finished Parsing XDC File [/home/ae_reviewer/TempGNN/build/baselines/rtga_timingfix_v3_hw/_x/link/vivado/vpl/prj/prj.gen/my_rm/bd/ulp/ip/ulp_ulp_ucs_0/bd_0/ip/ip_14/bd_22c0_gpio_ucs_control_status_0_board.xdc] for cell 'level0_i/ulp/ulp_ucs/inst/ucs_control_status/gpio_ucs_control_status/U0'
Parsing XDC File [/home/ae_reviewer/TempGNN/build/baselines/rtga_timingfix_v3_hw/_x/link/vivado/vpl/prj/prj.gen/my_rm/bd/ulp/ip/ulp_ulp_ucs_0/bd_0/ip/ip_6/bd_22c0_gpio_gapping_demand_0.xdc] for cell 'level0_i/ulp/ulp_ucs/inst/gapping_demand/gpio_gapping_demand/U0'
Finished Parsing XDC File [/home/ae_reviewer/TempGNN/build/baselines/rtga_timingfix_v3_hw/_x/link/vivado/vpl/prj/prj.gen/my_rm/bd/ulp/ip/ulp_ulp_ucs_0/bd_0/ip/ip_6/bd_22c0_gpio_gapping_demand_0.xdc] for cell 'level0_i/ulp/ulp_ucs/inst/gapping_demand/gpio_gapping_demand/U0'
Parsing XDC File [/home/ae_reviewer/TempGNN/build/baselines/rtga_timingfix_v3_hw/_x/link/vivado/vpl/prj/prj.gen/my_rm/bd/ulp/ip/ulp_ulp_ucs_0/bd_0/ip/ip_6/bd_22c0_gpio_gapping_demand_0_board.xdc] for cell 'level0_i/ulp/ulp_ucs/inst/gapping_demand/gpio_gapping_demand/U0'
Finished Parsing XDC File [/home/ae_reviewer/TempGNN/build/baselines/rtga_timingfix_v3_hw/_x/link/vivado/vpl/prj/prj.gen/my_rm/bd/ulp/ip/ulp_ulp_ucs_0/bd_0/ip/ip_6/bd_22c0_gpio_gapping_demand_0_board.xdc] for cell 'level0_i/ulp/ulp_ucs/inst/gapping_demand/gpio_gapping_demand/U0'
Parsing XDC File [/home/ae_reviewer/TempGNN/build/baselines/rtga_timingfix_v3_hw/_x/link/vivado/vpl/prj/prj.gen/my_rm/bd/ulp/ip/ulp_hmss_0_0/bd_0/ip/ip_42/smartconnect.xdc] for cell 'level0_i/ulp/hmss_0/inst/path_13/interconnect0_13/inst'
WARNING: [Vivado_Tcl 4-919] Waiver ID 'CDC-1' -from list should not be empty. [/home/ae_reviewer/TempGNN/build/baselines/rtga_timingfix_v3_hw/_x/link/vivado/vpl/prj/prj.gen/my_rm/bd/ulp/ip/ulp_hmss_0_0/bd_0/ip/ip_42/smartconnect.xdc:1]
Finished Parsing XDC File [/home/ae_reviewer/TempGNN/build/baselines/rtga_timingfix_v3_hw/_x/link/vivado/vpl/prj/prj.gen/my_rm/bd/ulp/ip/ulp_hmss_0_0/bd_0/ip/ip_42/smartconnect.xdc] for cell 'level0_i/ulp/hmss_0/inst/path_13/interconnect0_13/inst'
Parsing XDC File [/home/ae_reviewer/TempGNN/build/baselines/rtga_timingfix_v3_hw/_x/link/vivado/vpl/prj/prj.gen/my_rm/bd/ulp/ip/ulp_hmss_0_0/bd_14/ip/ip_12/bd_6f56_sbn_0_clocks.xdc] for cell 'level0_i/ulp/hmss_0/inst/path_13/interconnect0_13/inst/s00_nodes/s00_b_node/inst'
Finished Parsing XDC File [/home/ae_reviewer/TempGNN/build/baselines/rtga_timingfix_v3_hw/_x/link/vivado/vpl/prj/prj.gen/my_rm/bd/ulp/ip/ulp_hmss_0_0/bd_14/ip/ip_12/bd_6f56_sbn_0_clocks.xdc] for cell 'level0_i/ulp/hmss_0/inst/path_13/interconnect0_13/inst/s00_nodes/s00_b_node/inst'
Parsing XDC File [/home/ae_reviewer/TempGNN/build/baselines/rtga_timingfix_v3_hw/_x/link/vivado/vpl/prj/prj.gen/my_rm/bd/ulp/ip/ulp_hmss_0_0/bd_14/ip/ip_11/bd_6f56_swn_0_clocks.xdc] for cell 'level0_i/ulp/hmss_0/inst/path_13/interconnect0_13/inst/s00_nodes/s00_w_node/inst'
Finished Parsing XDC File [/home/ae_reviewer/TempGNN/build/baselines/rtga_timingfix_v3_hw/_x/link/vivado/vpl/prj/prj.gen/my_rm/bd/ulp/ip/ulp_hmss_0_0/bd_14/ip/ip_11/bd_6f56_swn_0_clocks.xdc] for cell 'level0_i/ulp/hmss_0/inst/path_13/interconnect0_13/inst/s00_nodes/s00_w_node/inst'
Parsing XDC File [/home/ae_reviewer/TempGNN/build/baselines/rtga_timingfix_v3_hw/_x/link/vivado/vpl/prj/prj.gen/my_rm/bd/ulp/ip/ulp_hmss_0_0/bd_14/ip/ip_10/bd_6f56_sawn_0_clocks.xdc] for cell 'level0_i/ulp/hmss_0/inst/path_13/interconnect0_13/inst/s00_nodes/s00_aw_node/inst'
Finished Parsing XDC File [/home/ae_reviewer/TempGNN/build/baselines/rtga_timingfix_v3_hw/_x/link/vivado/vpl/prj/prj.gen/my_rm/bd/ulp/ip/ulp_hmss_0_0/bd_14/ip/ip_10/bd_6f56_sawn_0_clocks.xdc] for cell 'level0_i/ulp/hmss_0/inst/path_13/interconnect0_13/inst/s00_nodes/s00_aw_node/inst'
Parsing XDC File [/home/ae_reviewer/TempGNN/build/baselines/rtga_timingfix_v3_hw/_x/link/vivado/vpl/prj/prj.gen/my_rm/bd/ulp/ip/ulp_hmss_0_0/bd_14/ip/ip_9/bd_6f56_srn_0_clocks.xdc] for cell 'level0_i/ulp/hmss_0/inst/path_13/interconnect0_13/inst/s00_nodes/s00_r_node/inst'
Finished Parsing XDC File [/home/ae_reviewer/TempGNN/build/baselines/rtga_timingfix_v3_hw/_x/link/vivado/vpl/prj/prj.gen/my_rm/bd/ulp/ip/ulp_hmss_0_0/bd_14/ip/ip_9/bd_6f56_srn_0_clocks.xdc] for cell 'level0_i/ulp/hmss_0/inst/path_13/interconnect0_13/inst/s00_nodes/s00_r_node/inst'
Parsing XDC File [/home/ae_reviewer/TempGNN/build/baselines/rtga_timingfix_v3_hw/_x/link/vivado/vpl/prj/prj.gen/my_rm/bd/ulp/ip/ulp_hmss_0_0/bd_14/ip/ip_8/bd_6f56_sarn_0_clocks.xdc] for cell 'level0_i/ulp/hmss_0/inst/path_13/interconnect0_13/inst/s00_nodes/s00_ar_node/inst'
Finished Parsing XDC File [/home/ae_reviewer/TempGNN/build/baselines/rtga_timingfix_v3_hw/_x/link/vivado/vpl/prj/prj.gen/my_rm/bd/ulp/ip/ulp_hmss_0_0/bd_14/ip/ip_8/bd_6f56_sarn_0_clocks.xdc] for cell 'level0_i/ulp/hmss_0/inst/path_13/interconnect0_13/inst/s00_nodes/s00_ar_node/inst'
Parsing XDC File [/home/ae_reviewer/TempGNN/build/baselines/rtga_timingfix_v3_hw/_x/link/vivado/vpl/prj/prj.gen/my_rm/bd/ulp/ip/ulp_hmss_0_0/bd_14/ip/ip_3/bd_6f56_psr_aclk1_0.xdc] for cell 'level0_i/ulp/hmss_0/inst/path_13/interconnect0_13/inst/clk_map/psr_aclk1/U0'
Finished Parsing XDC File [/home/ae_reviewer/TempGNN/build/baselines/rtga_timingfix_v3_hw/_x/link/vivado/vpl/prj/prj.gen/my_rm/bd/ulp/ip/ulp_hmss_0_0/bd_14/ip/ip_3/bd_6f56_psr_aclk1_0.xdc] for cell 'level0_i/ulp/hmss_0/inst/path_13/interconnect0_13/inst/clk_map/psr_aclk1/U0'
Parsing XDC File [/home/ae_reviewer/TempGNN/build/baselines/rtga_timingfix_v3_hw/_x/link/vivado/vpl/prj/prj.gen/my_rm/bd/ulp/ip/ulp_ii_level0_wire_0/uuid_stamp.xdc] for cell 'level0_i/ulp/ii_level0_wire/inst'
Finished Parsing XDC File [/home/ae_reviewer/TempGNN/build/baselines/rtga_timingfix_v3_hw/_x/link/vivado/vpl/prj/prj.gen/my_rm/bd/ulp/ip/ulp_ii_level0_wire_0/uuid_stamp.xdc] for cell 'level0_i/ulp/ii_level0_wire/inst'
Parsing XDC File [/home/ae_reviewer/TempGNN/build/baselines/rtga_timingfix_v3_hw/_x/link/vivado/vpl/prj/prj.gen/my_rm/bd/ulp/ip/ulp_hmss_0_0/bd_14/ip/ip_2/bd_6f56_psr_aclk_0.xdc] for cell 'level0_i/ulp/hmss_0/inst/path_13/interconnect0_13/inst/clk_map/psr_aclk/U0'
Finished Parsing XDC File [/home/ae_reviewer/TempGNN/build/baselines/rtga_timingfix_v3_hw/_x/link/vivado/vpl/prj/prj.gen/my_rm/bd/ulp/ip/ulp_hmss_0_0/bd_14/ip/ip_2/bd_6f56_psr_aclk_0.xdc] for cell 'level0_i/ulp/hmss_0/inst/path_13/interconnect0_13/inst/clk_map/psr_aclk/U0'
Parsing XDC File [/home/ae_reviewer/TempGNN/build/baselines/rtga_timingfix_v3_hw/_x/link/vivado/vpl/prj/prj.gen/my_rm/bd/ulp/ip/ulp_hmss_0_0/bd_14/ip/ip_2/bd_6f56_psr_aclk_0_board.xdc] for cell 'level0_i/ulp/hmss_0/inst/path_13/interconnect0_13/inst/clk_map/psr_aclk/U0'
Finished Parsing XDC File [/home/ae_reviewer/TempGNN/build/baselines/rtga_timingfix_v3_hw/_x/link/vivado/vpl/prj/prj.gen/my_rm/bd/ulp/ip/ulp_hmss_0_0/bd_14/ip/ip_2/bd_6f56_psr_aclk_0_board.xdc] for cell 'level0_i/ulp/hmss_0/inst/path_13/interconnect0_13/inst/clk_map/psr_aclk/U0'
Parsing XDC File [/home/ae_reviewer/TempGNN/build/baselines/rtga_timingfix_v3_hw/_x/link/vivado/vpl/prj/prj.gen/my_rm/bd/ulp/ip/ulp_hmss_0_0/bd_14/ip/ip_1/bd_6f56_psr0_0.xdc] for cell 'level0_i/ulp/hmss_0/inst/path_13/interconnect0_13/inst/clk_map/psr0/U0'
Finished Parsing XDC File [/home/ae_reviewer/TempGNN/build/baselines/rtga_timingfix_v3_hw/_x/link/vivado/vpl/prj/prj.gen/my_rm/bd/ulp/ip/ulp_hmss_0_0/bd_14/ip/ip_1/bd_6f56_psr0_0.xdc] for cell 'level0_i/ulp/hmss_0/inst/path_13/interconnect0_13/inst/clk_map/psr0/U0'
Parsing XDC File [/home/ae_reviewer/TempGNN/build/baselines/rtga_timingfix_v3_hw/_x/link/vivado/vpl/prj/prj.gen/my_rm/bd/ulp/ip/ulp_hmss_0_0/bd_14/ip/ip_1/bd_6f56_psr0_0_board.xdc] for cell 'level0_i/ulp/hmss_0/inst/path_13/interconnect0_13/inst/clk_map/psr0/U0'
Finished Parsing XDC File [/home/ae_reviewer/TempGNN/build/baselines/rtga_timingfix_v3_hw/_x/link/vivado/vpl/prj/prj.gen/my_rm/bd/ulp/ip/ulp_hmss_0_0/bd_14/ip/ip_1/bd_6f56_psr0_0_board.xdc] for cell 'level0_i/ulp/hmss_0/inst/path_13/interconnect0_13/inst/clk_map/psr0/U0'
Parsing XDC File [/home/ae_reviewer/TempGNN/build/baselines/rtga_timingfix_v3_hw/_x/link/vivado/vpl/prj/prj.gen/my_rm/bd/ulp/ip/ulp_hmss_0_0/bd_0/ip/ip_39/smartconnect.xdc] for cell 'level0_i/ulp/hmss_0/inst/path_12/interconnect13_12/inst'
WARNING: [Vivado_Tcl 4-919] Waiver ID 'CDC-1' -from list should not be empty. [/home/ae_reviewer/TempGNN/build/baselines/rtga_timingfix_v3_hw/_x/link/vivado/vpl/prj/prj.gen/my_rm/bd/ulp/ip/ulp_hmss_0_0/bd_0/ip/ip_39/smartconnect.xdc:1]
Finished Parsing XDC File [/home/ae_reviewer/TempGNN/build/baselines/rtga_timingfix_v3_hw/_x/link/vivado/vpl/prj/prj.gen/my_rm/bd/ulp/ip/ulp_hmss_0_0/bd_0/ip/ip_39/smartconnect.xdc] for cell 'level0_i/ulp/hmss_0/inst/path_12/interconnect13_12/inst'
Parsing XDC File [/home/ae_reviewer/TempGNN/build/baselines/rtga_timingfix_v3_hw/_x/link/vivado/vpl/prj/prj.gen/my_rm/bd/ulp/ip/ulp_hmss_0_0/bd_13/ip/ip_10/bd_daa2_sbn_0_clocks.xdc] for cell 'level0_i/ulp/hmss_0/inst/path_12/interconnect13_12/inst/s00_nodes/s00_b_node/inst'
Finished Parsing XDC File [/home/ae_reviewer/TempGNN/build/baselines/rtga_timingfix_v3_hw/_x/link/vivado/vpl/prj/prj.gen/my_rm/bd/ulp/ip/ulp_hmss_0_0/bd_13/ip/ip_10/bd_daa2_sbn_0_clocks.xdc] for cell 'level0_i/ulp/hmss_0/inst/path_12/interconnect13_12/inst/s00_nodes/s00_b_node/inst'
Parsing XDC File [/home/ae_reviewer/TempGNN/build/baselines/rtga_timingfix_v3_hw/_x/link/vivado/vpl/prj/prj.gen/my_rm/bd/ulp/ip/ulp_hmss_0_0/bd_13/ip/ip_9/bd_daa2_swn_0_clocks.xdc] for cell 'level0_i/ulp/hmss_0/inst/path_12/interconnect13_12/inst/s00_nodes/s00_w_node/inst'
Finished Parsing XDC File [/home/ae_reviewer/TempGNN/build/baselines/rtga_timingfix_v3_hw/_x/link/vivado/vpl/prj/prj.gen/my_rm/bd/ulp/ip/ulp_hmss_0_0/bd_13/ip/ip_9/bd_daa2_swn_0_clocks.xdc] for cell 'level0_i/ulp/hmss_0/inst/path_12/interconnect13_12/inst/s00_nodes/s00_w_node/inst'
Parsing XDC File [/home/ae_reviewer/TempGNN/build/baselines/rtga_timingfix_v3_hw/_x/link/vivado/vpl/prj/prj.gen/my_rm/bd/ulp/ip/ulp_hmss_0_0/bd_13/ip/ip_8/bd_daa2_sawn_0_clocks.xdc] for cell 'level0_i/ulp/hmss_0/inst/path_12/interconnect13_12/inst/s00_nodes/s00_aw_node/inst'
Finished Parsing XDC File [/home/ae_reviewer/TempGNN/build/baselines/rtga_timingfix_v3_hw/_x/link/vivado/vpl/prj/prj.gen/my_rm/bd/ulp/ip/ulp_hmss_0_0/bd_13/ip/ip_8/bd_daa2_sawn_0_clocks.xdc] for cell 'level0_i/ulp/hmss_0/inst/path_12/interconnect13_12/inst/s00_nodes/s00_aw_node/inst'
Parsing XDC File [/home/ae_reviewer/TempGNN/build/baselines/rtga_timingfix_v3_hw/_x/link/vivado/vpl/prj/prj.gen/my_rm/bd/ulp/ip/ulp_hmss_0_0/bd_13/ip/ip_3/bd_daa2_psr_aclk1_0.xdc] for cell 'level0_i/ulp/hmss_0/inst/path_12/interconnect13_12/inst/clk_map/psr_aclk1/U0'
Finished Parsing XDC File [/home/ae_reviewer/TempGNN/build/baselines/rtga_timingfix_v3_hw/_x/link/vivado/vpl/prj/prj.gen/my_rm/bd/ulp/ip/ulp_hmss_0_0/bd_13/ip/ip_3/bd_daa2_psr_aclk1_0.xdc] for cell 'level0_i/ulp/hmss_0/inst/path_12/interconnect13_12/inst/clk_map/psr_aclk1/U0'
Parsing XDC File [/home/ae_reviewer/TempGNN/build/baselines/rtga_timingfix_v3_hw/_x/link/vivado/vpl/prj/prj.gen/my_rm/bd/ulp/ip/ulp_hmss_0_0/bd_13/ip/ip_3/bd_daa2_psr_aclk1_0_board.xdc] for cell 'level0_i/ulp/hmss_0/inst/path_12/interconnect13_12/inst/clk_map/psr_aclk1/U0'
Finished Parsing XDC File [/home/ae_reviewer/TempGNN/build/baselines/rtga_timingfix_v3_hw/_x/link/vivado/vpl/prj/prj.gen/my_rm/bd/ulp/ip/ulp_hmss_0_0/bd_13/ip/ip_3/bd_daa2_psr_aclk1_0_board.xdc] for cell 'level0_i/ulp/hmss_0/inst/path_12/interconnect13_12/inst/clk_map/psr_aclk1/U0'
Parsing XDC File [/home/ae_reviewer/TempGNN/build/baselines/rtga_timingfix_v3_hw/_x/link/vivado/vpl/prj/prj.gen/my_rm/bd/ulp/ip/ulp_hmss_0_0/bd_6/ip/ip_2/bd_7b01_psr_aclk_0_board.xdc] for cell 'level0_i/ulp/hmss_0/inst/path_5/interconnect6_5/inst/clk_map/psr_aclk/U0'
Finished Parsing XDC File [/home/ae_reviewer/TempGNN/build/baselines/rtga_timingfix_v3_hw/_x/link/vivado/vpl/prj/prj.gen/my_rm/bd/ulp/ip/ulp_hmss_0_0/bd_6/ip/ip_2/bd_7b01_psr_aclk_0_board.xdc] for cell 'level0_i/ulp/hmss_0/inst/path_5/interconnect6_5/inst/clk_map/psr_aclk/U0'
Parsing XDC File [/home/ae_reviewer/TempGNN/build/baselines/rtga_timingfix_v3_hw/_x/link/vivado/vpl/prj/prj.gen/my_rm/bd/ulp/ip/ulp_hmss_0_0/bd_7/ip/ip_3/bd_bbcc_psr_aclk1_0_board.xdc] for cell 'level0_i/ulp/hmss_0/inst/path_6/interconnect7_6/inst/clk_map/psr_aclk1/U0'
Finished Parsing XDC File [/home/ae_reviewer/TempGNN/build/baselines/rtga_timingfix_v3_hw/_x/link/vivado/vpl/prj/prj.gen/my_rm/bd/ulp/ip/ulp_hmss_0_0/bd_7/ip/ip_3/bd_bbcc_psr_aclk1_0_board.xdc] for cell 'level0_i/ulp/hmss_0/inst/path_6/interconnect7_6/inst/clk_map/psr_aclk1/U0'
Parsing XDC File [/home/ae_reviewer/TempGNN/build/baselines/rtga_timingfix_v3_hw/_x/link/vivado/vpl/prj/prj.gen/my_rm/bd/ulp/ip/ulp_hmss_0_0/bd_7/ip/ip_2/bd_bbcc_psr_aclk_0.xdc] for cell 'level0_i/ulp/hmss_0/inst/path_6/interconnect7_6/inst/clk_map/psr_aclk/U0'
WARNING: [Vivado_Tcl 4-935] Waiver ID 'CDC-11' is a duplicate and will not be added again. [/home/ae_reviewer/TempGNN/build/baselines/rtga_timingfix_v3_hw/_x/link/vivado/vpl/prj/prj.gen/my_rm/bd/ulp/ip/ulp_hmss_0_0/bd_7/ip/ip_2/bd_bbcc_psr_aclk_0.xdc:50]
Finished Parsing XDC File [/home/ae_reviewer/TempGNN/build/baselines/rtga_timingfix_v3_hw/_x/link/vivado/vpl/prj/prj.gen/my_rm/bd/ulp/ip/ulp_hmss_0_0/bd_7/ip/ip_2/bd_bbcc_psr_aclk_0.xdc] for cell 'level0_i/ulp/hmss_0/inst/path_6/interconnect7_6/inst/clk_map/psr_aclk/U0'
Parsing XDC File [/home/ae_reviewer/TempGNN/build/baselines/rtga_timingfix_v3_hw/_x/link/vivado/vpl/prj/prj.gen/my_rm/bd/ulp/ip/ulp_hmss_0_0/bd_7/ip/ip_2/bd_bbcc_psr_aclk_0_board.xdc] for cell 'level0_i/ulp/hmss_0/inst/path_6/interconnect7_6/inst/clk_map/psr_aclk/U0'
Finished Parsing XDC File [/home/ae_reviewer/TempGNN/build/baselines/rtga_timingfix_v3_hw/_x/link/vivado/vpl/prj/prj.gen/my_rm/bd/ulp/ip/ulp_hmss_0_0/bd_7/ip/ip_2/bd_bbcc_psr_aclk_0_board.xdc] for cell 'level0_i/ulp/hmss_0/inst/path_6/interconnect7_6/inst/clk_map/psr_aclk/U0'
Parsing XDC File [/home/ae_reviewer/TempGNN/build/baselines/rtga_timingfix_v3_hw/_x/link/vivado/vpl/prj/prj.gen/my_rm/bd/ulp/ip/ulp_hmss_0_0/bd_7/ip/ip_1/bd_bbcc_psr0_0.xdc] for cell 'level0_i/ulp/hmss_0/inst/path_6/interconnect7_6/inst/clk_map/psr0/U0'
WARNING: [Vivado_Tcl 4-935] Waiver ID 'CDC-11' is a duplicate and will not be added again. [/home/ae_reviewer/TempGNN/build/baselines/rtga_timingfix_v3_hw/_x/link/vivado/vpl/prj/prj.gen/my_rm/bd/ulp/ip/ulp_hmss_0_0/bd_7/ip/ip_1/bd_bbcc_psr0_0.xdc:50]
Finished Parsing XDC File [/home/ae_reviewer/TempGNN/build/baselines/rtga_timingfix_v3_hw/_x/link/vivado/vpl/prj/prj.gen/my_rm/bd/ulp/ip/ulp_hmss_0_0/bd_7/ip/ip_1/bd_bbcc_psr0_0.xdc] for cell 'level0_i/ulp/hmss_0/inst/path_6/interconnect7_6/inst/clk_map/psr0/U0'
Parsing XDC File [/home/ae_reviewer/TempGNN/build/baselines/rtga_timingfix_v3_hw/_x/link/vivado/vpl/prj/prj.gen/my_rm/bd/ulp/ip/ulp_hmss_0_0/bd_7/ip/ip_1/bd_bbcc_psr0_0_board.xdc] for cell 'level0_i/ulp/hmss_0/inst/path_6/interconnect7_6/inst/clk_map/psr0/U0'
Finished Parsing XDC File [/home/ae_reviewer/TempGNN/build/baselines/rtga_timingfix_v3_hw/_x/link/vivado/vpl/prj/prj.gen/my_rm/bd/ulp/ip/ulp_hmss_0_0/bd_7/ip/ip_1/bd_bbcc_psr0_0_board.xdc] for cell 'level0_i/ulp/hmss_0/inst/path_6/interconnect7_6/inst/clk_map/psr0/U0'
Parsing XDC File [/home/ae_reviewer/TempGNN/build/baselines/rtga_timingfix_v3_hw/_x/link/vivado/vpl/prj/prj.gen/my_rm/bd/ulp/ip/ulp_hmss_0_0/bd_0/ip/ip_18/smartconnect.xdc] for cell 'level0_i/ulp/hmss_0/inst/path_5/interconnect6_5/inst'
WARNING: [Vivado_Tcl 4-919] Waiver ID 'CDC-1' -from list should not be empty. [/home/ae_reviewer/TempGNN/build/baselines/rtga_timingfix_v3_hw/_x/link/vivado/vpl/prj/prj.gen/my_rm/bd/ulp/ip/ulp_hmss_0_0/bd_0/ip/ip_18/smartconnect.xdc:1]
Finished Parsing XDC File [/home/ae_reviewer/TempGNN/build/baselines/rtga_timingfix_v3_hw/_x/link/vivado/vpl/prj/prj.gen/my_rm/bd/ulp/ip/ulp_hmss_0_0/bd_0/ip/ip_18/smartconnect.xdc] for cell 'level0_i/ulp/hmss_0/inst/path_5/interconnect6_5/inst'
Parsing XDC File [/home/ae_reviewer/TempGNN/build/baselines/rtga_timingfix_v3_hw/_x/link/vivado/vpl/prj/prj.gen/my_rm/bd/ulp/ip/ulp_hmss_0_0/bd_6/ip/ip_9/bd_7b01_srn_0_clocks.xdc] for cell 'level0_i/ulp/hmss_0/inst/path_5/interconnect6_5/inst/s00_nodes/s00_r_node/inst'
WARNING: [Vivado_Tcl 4-935] Waiver ID 'CDC-1' is a duplicate and will not be added again. [/home/ae_reviewer/TempGNN/build/baselines/rtga_timingfix_v3_hw/_x/link/vivado/vpl/prj/prj.gen/my_rm/bd/ulp/ip/ulp_hmss_0_0/bd_6/ip/ip_9/bd_7b01_srn_0_clocks.xdc:140]
WARNING: [Vivado_Tcl 4-935] Waiver ID 'CDC-1' is a duplicate and will not be added again. [/home/ae_reviewer/TempGNN/build/baselines/rtga_timingfix_v3_hw/_x/link/vivado/vpl/prj/prj.gen/my_rm/bd/ulp/ip/ulp_hmss_0_0/bd_6/ip/ip_9/bd_7b01_srn_0_clocks.xdc:143]
WARNING: [Vivado_Tcl 4-935] Waiver ID 'CDC-1' is a duplicate and will not be added again. [/home/ae_reviewer/TempGNN/build/baselines/rtga_timingfix_v3_hw/_x/link/vivado/vpl/prj/prj.gen/my_rm/bd/ulp/ip/ulp_hmss_0_0/bd_6/ip/ip_9/bd_7b01_srn_0_clocks.xdc:146]
WARNING: [Vivado_Tcl 4-935] Waiver ID 'CDC-1' is a duplicate and will not be added again. [/home/ae_reviewer/TempGNN/build/baselines/rtga_timingfix_v3_hw/_x/link/vivado/vpl/prj/prj.gen/my_rm/bd/ulp/ip/ulp_hmss_0_0/bd_6/ip/ip_9/bd_7b01_srn_0_clocks.xdc:152]
WARNING: [Vivado_Tcl 4-935] Waiver ID 'CDC-1' is a duplicate and will not be added again. [/home/ae_reviewer/TempGNN/build/baselines/rtga_timingfix_v3_hw/_x/link/vivado/vpl/prj/prj.gen/my_rm/bd/ulp/ip/ulp_hmss_0_0/bd_6/ip/ip_9/bd_7b01_srn_0_clocks.xdc:155]
Finished Parsing XDC File [/home/ae_reviewer/TempGNN/build/baselines/rtga_timingfix_v3_hw/_x/link/vivado/vpl/prj/prj.gen/my_rm/bd/ulp/ip/ulp_hmss_0_0/bd_6/ip/ip_9/bd_7b01_srn_0_clocks.xdc] for cell 'level0_i/ulp/hmss_0/inst/path_5/interconnect6_5/inst/s00_nodes/s00_r_node/inst'
Parsing XDC File [/home/ae_reviewer/TempGNN/build/baselines/rtga_timingfix_v3_hw/_x/link/vivado/vpl/prj/prj.gen/my_rm/bd/ulp/ip/ulp_hmss_0_0/bd_6/ip/ip_8/bd_7b01_sarn_0_clocks.xdc] for cell 'level0_i/ulp/hmss_0/inst/path_5/interconnect6_5/inst/s00_nodes/s00_ar_node/inst'
Finished Parsing XDC File [/home/ae_reviewer/TempGNN/build/baselines/rtga_timingfix_v3_hw/_x/link/vivado/vpl/prj/prj.gen/my_rm/bd/ulp/ip/ulp_hmss_0_0/bd_6/ip/ip_8/bd_7b01_sarn_0_clocks.xdc] for cell 'level0_i/ulp/hmss_0/inst/path_5/interconnect6_5/inst/s00_nodes/s00_ar_node/inst'
Parsing XDC File [/home/ae_reviewer/TempGNN/build/baselines/rtga_timingfix_v3_hw/_x/link/vivado/vpl/prj/prj.gen/my_rm/bd/ulp/ip/ulp_hmss_0_0/bd_6/ip/ip_3/bd_7b01_psr_aclk1_0.xdc] for cell 'level0_i/ulp/hmss_0/inst/path_5/interconnect6_5/inst/clk_map/psr_aclk1/U0'
WARNING: [Vivado_Tcl 4-935] Waiver ID 'CDC-11' is a duplicate and will not be added again. [/home/ae_reviewer/TempGNN/build/baselines/rtga_timingfix_v3_hw/_x/link/vivado/vpl/prj/prj.gen/my_rm/bd/ulp/ip/ulp_hmss_0_0/bd_6/ip/ip_3/bd_7b01_psr_aclk1_0.xdc:50]
Finished Parsing XDC File [/home/ae_reviewer/TempGNN/build/baselines/rtga_timingfix_v3_hw/_x/link/vivado/vpl/prj/prj.gen/my_rm/bd/ulp/ip/ulp_hmss_0_0/bd_6/ip/ip_3/bd_7b01_psr_aclk1_0.xdc] for cell 'level0_i/ulp/hmss_0/inst/path_5/interconnect6_5/inst/clk_map/psr_aclk1/U0'
Parsing XDC File [/home/ae_reviewer/TempGNN/build/baselines/rtga_timingfix_v3_hw/_x/link/vivado/vpl/prj/prj.gen/my_rm/bd/ulp/ip/ulp_hmss_0_0/bd_6/ip/ip_3/bd_7b01_psr_aclk1_0_board.xdc] for cell 'level0_i/ulp/hmss_0/inst/path_5/interconnect6_5/inst/clk_map/psr_aclk1/U0'
Finished Parsing XDC File [/home/ae_reviewer/TempGNN/build/baselines/rtga_timingfix_v3_hw/_x/link/vivado/vpl/prj/prj.gen/my_rm/bd/ulp/ip/ulp_hmss_0_0/bd_6/ip/ip_3/bd_7b01_psr_aclk1_0_board.xdc] for cell 'level0_i/ulp/hmss_0/inst/path_5/interconnect6_5/inst/clk_map/psr_aclk1/U0'
Parsing XDC File [/home/ae_reviewer/TempGNN/build/baselines/rtga_timingfix_v3_hw/_x/link/vivado/vpl/prj/prj.gen/my_rm/bd/ulp/ip/ulp_hmss_0_0/bd_6/ip/ip_2/bd_7b01_psr_aclk_0.xdc] for cell 'level0_i/ulp/hmss_0/inst/path_5/interconnect6_5/inst/clk_map/psr_aclk/U0'
WARNING: [Vivado_Tcl 4-935] Waiver ID 'CDC-11' is a duplicate and will not be added again. [/home/ae_reviewer/TempGNN/build/baselines/rtga_timingfix_v3_hw/_x/link/vivado/vpl/prj/prj.gen/my_rm/bd/ulp/ip/ulp_hmss_0_0/bd_6/ip/ip_2/bd_7b01_psr_aclk_0.xdc:50]
Finished Parsing XDC File [/home/ae_reviewer/TempGNN/build/baselines/rtga_timingfix_v3_hw/_x/link/vivado/vpl/prj/prj.gen/my_rm/bd/ulp/ip/ulp_hmss_0_0/bd_6/ip/ip_2/bd_7b01_psr_aclk_0.xdc] for cell 'level0_i/ulp/hmss_0/inst/path_5/interconnect6_5/inst/clk_map/psr_aclk/U0'
Parsing XDC File [/home/ae_reviewer/TempGNN/build/baselines/rtga_timingfix_v3_hw/_x/link/vivado/vpl/prj/prj.gen/my_rm/bd/ulp/ip/ulp_hmss_0_0/bd_7/ip/ip_3/bd_bbcc_psr_aclk1_0.xdc] for cell 'level0_i/ulp/hmss_0/inst/path_6/interconnect7_6/inst/clk_map/psr_aclk1/U0'
WARNING: [Vivado_Tcl 4-935] Waiver ID 'CDC-11' is a duplicate and will not be added again. [/home/ae_reviewer/TempGNN/build/baselines/rtga_timingfix_v3_hw/_x/link/vivado/vpl/prj/prj.gen/my_rm/bd/ulp/ip/ulp_hmss_0_0/bd_7/ip/ip_3/bd_bbcc_psr_aclk1_0.xdc:50]
Finished Parsing XDC File [/home/ae_reviewer/TempGNN/build/baselines/rtga_timingfix_v3_hw/_x/link/vivado/vpl/prj/prj.gen/my_rm/bd/ulp/ip/ulp_hmss_0_0/bd_7/ip/ip_3/bd_bbcc_psr_aclk1_0.xdc] for cell 'level0_i/ulp/hmss_0/inst/path_6/interconnect7_6/inst/clk_map/psr_aclk1/U0'
Parsing XDC File [/home/ae_reviewer/TempGNN/build/baselines/rtga_timingfix_v3_hw/_x/link/vivado/vpl/prj/prj.gen/my_rm/bd/ulp/ip/ulp_hmss_0_0/bd_6/ip/ip_1/bd_7b01_psr0_0.xdc] for cell 'level0_i/ulp/hmss_0/inst/path_5/interconnect6_5/inst/clk_map/psr0/U0'
WARNING: [Vivado_Tcl 4-935] Waiver ID 'CDC-11' is a duplicate and will not be added again. [/home/ae_reviewer/TempGNN/build/baselines/rtga_timingfix_v3_hw/_x/link/vivado/vpl/prj/prj.gen/my_rm/bd/ulp/ip/ulp_hmss_0_0/bd_6/ip/ip_1/bd_7b01_psr0_0.xdc:50]
Finished Parsing XDC File [/home/ae_reviewer/TempGNN/build/baselines/rtga_timingfix_v3_hw/_x/link/vivado/vpl/prj/prj.gen/my_rm/bd/ulp/ip/ulp_hmss_0_0/bd_6/ip/ip_1/bd_7b01_psr0_0.xdc] for cell 'level0_i/ulp/hmss_0/inst/path_5/interconnect6_5/inst/clk_map/psr0/U0'
Parsing XDC File [/home/ae_reviewer/TempGNN/build/baselines/rtga_timingfix_v3_hw/_x/link/vivado/vpl/prj/prj.gen/my_rm/bd/ulp/ip/ulp_hmss_0_0/bd_6/ip/ip_1/bd_7b01_psr0_0_board.xdc] for cell 'level0_i/ulp/hmss_0/inst/path_5/interconnect6_5/inst/clk_map/psr0/U0'
Finished Parsing XDC File [/home/ae_reviewer/TempGNN/build/baselines/rtga_timingfix_v3_hw/_x/link/vivado/vpl/prj/prj.gen/my_rm/bd/ulp/ip/ulp_hmss_0_0/bd_6/ip/ip_1/bd_7b01_psr0_0_board.xdc] for cell 'level0_i/ulp/hmss_0/inst/path_5/interconnect6_5/inst/clk_map/psr0/U0'
Parsing XDC File [/home/ae_reviewer/TempGNN/build/baselines/rtga_timingfix_v3_hw/_x/link/vivado/vpl/prj/prj.gen/my_rm/bd/ulp/ip/ulp_hmss_0_0/bd_0/ip/ip_15/smartconnect.xdc] for cell 'level0_i/ulp/hmss_0/inst/path_4/interconnect5_4/inst'
WARNING: [Vivado_Tcl 4-919] Waiver ID 'CDC-1' -from list should not be empty. [/home/ae_reviewer/TempGNN/build/baselines/rtga_timingfix_v3_hw/_x/link/vivado/vpl/prj/prj.gen/my_rm/bd/ulp/ip/ulp_hmss_0_0/bd_0/ip/ip_15/smartconnect.xdc:1]
Finished Parsing XDC File [/home/ae_reviewer/TempGNN/build/baselines/rtga_timingfix_v3_hw/_x/link/vivado/vpl/prj/prj.gen/my_rm/bd/ulp/ip/ulp_hmss_0_0/bd_0/ip/ip_15/smartconnect.xdc] for cell 'level0_i/ulp/hmss_0/inst/path_4/interconnect5_4/inst'
Parsing XDC File [/home/ae_reviewer/TempGNN/build/baselines/rtga_timingfix_v3_hw/_x/link/vivado/vpl/prj/prj.gen/my_rm/bd/ulp/ip/ulp_hmss_0_0/bd_5/ip/ip_9/bd_bb14_srn_0_clocks.xdc] for cell 'level0_i/ulp/hmss_0/inst/path_4/interconnect5_4/inst/s00_nodes/s00_r_node/inst'
WARNING: [Vivado_Tcl 4-935] Waiver ID 'CDC-1' is a duplicate and will not be added again. [/home/ae_reviewer/TempGNN/build/baselines/rtga_timingfix_v3_hw/_x/link/vivado/vpl/prj/prj.gen/my_rm/bd/ulp/ip/ulp_hmss_0_0/bd_5/ip/ip_9/bd_bb14_srn_0_clocks.xdc:140]
WARNING: [Vivado_Tcl 4-935] Waiver ID 'CDC-1' is a duplicate and will not be added again. [/home/ae_reviewer/TempGNN/build/baselines/rtga_timingfix_v3_hw/_x/link/vivado/vpl/prj/prj.gen/my_rm/bd/ulp/ip/ulp_hmss_0_0/bd_5/ip/ip_9/bd_bb14_srn_0_clocks.xdc:143]
WARNING: [Vivado_Tcl 4-935] Waiver ID 'CDC-1' is a duplicate and will not be added again. [/home/ae_reviewer/TempGNN/build/baselines/rtga_timingfix_v3_hw/_x/link/vivado/vpl/prj/prj.gen/my_rm/bd/ulp/ip/ulp_hmss_0_0/bd_5/ip/ip_9/bd_bb14_srn_0_clocks.xdc:146]
WARNING: [Vivado_Tcl 4-935] Waiver ID 'CDC-1' is a duplicate and will not be added again. [/home/ae_reviewer/TempGNN/build/baselines/rtga_timingfix_v3_hw/_x/link/vivado/vpl/prj/prj.gen/my_rm/bd/ulp/ip/ulp_hmss_0_0/bd_5/ip/ip_9/bd_bb14_srn_0_clocks.xdc:152]
WARNING: [Vivado_Tcl 4-935] Waiver ID 'CDC-1' is a duplicate and will not be added again. [/home/ae_reviewer/TempGNN/build/baselines/rtga_timingfix_v3_hw/_x/link/vivado/vpl/prj/prj.gen/my_rm/bd/ulp/ip/ulp_hmss_0_0/bd_5/ip/ip_9/bd_bb14_srn_0_clocks.xdc:155]
Finished Parsing XDC File [/home/ae_reviewer/TempGNN/build/baselines/rtga_timingfix_v3_hw/_x/link/vivado/vpl/prj/prj.gen/my_rm/bd/ulp/ip/ulp_hmss_0_0/bd_5/ip/ip_9/bd_bb14_srn_0_clocks.xdc] for cell 'level0_i/ulp/hmss_0/inst/path_4/interconnect5_4/inst/s00_nodes/s00_r_node/inst'
Parsing XDC File [/home/ae_reviewer/TempGNN/build/baselines/rtga_timingfix_v3_hw/_x/link/vivado/vpl/prj/prj.gen/my_rm/bd/ulp/ip/ulp_hmss_0_0/bd_5/ip/ip_8/bd_bb14_sarn_0_clocks.xdc] for cell 'level0_i/ulp/hmss_0/inst/path_4/interconnect5_4/inst/s00_nodes/s00_ar_node/inst'
Finished Parsing XDC File [/home/ae_reviewer/TempGNN/build/baselines/rtga_timingfix_v3_hw/_x/link/vivado/vpl/prj/prj.gen/my_rm/bd/ulp/ip/ulp_hmss_0_0/bd_5/ip/ip_8/bd_bb14_sarn_0_clocks.xdc] for cell 'level0_i/ulp/hmss_0/inst/path_4/interconnect5_4/inst/s00_nodes/s00_ar_node/inst'
Parsing XDC File [/home/ae_reviewer/TempGNN/build/baselines/rtga_timingfix_v3_hw/_x/link/vivado/vpl/prj/prj.gen/my_rm/bd/ulp/ip/ulp_hmss_0_0/bd_5/ip/ip_3/bd_bb14_psr_aclk1_0.xdc] for cell 'level0_i/ulp/hmss_0/inst/path_4/interconnect5_4/inst/clk_map/psr_aclk1/U0'
WARNING: [Vivado_Tcl 4-935] Waiver ID 'CDC-11' is a duplicate and will not be added again. [/home/ae_reviewer/TempGNN/build/baselines/rtga_timingfix_v3_hw/_x/link/vivado/vpl/prj/prj.gen/my_rm/bd/ulp/ip/ulp_hmss_0_0/bd_5/ip/ip_3/bd_bb14_psr_aclk1_0.xdc:50]
Finished Parsing XDC File [/home/ae_reviewer/TempGNN/build/baselines/rtga_timingfix_v3_hw/_x/link/vivado/vpl/prj/prj.gen/my_rm/bd/ulp/ip/ulp_hmss_0_0/bd_5/ip/ip_3/bd_bb14_psr_aclk1_0.xdc] for cell 'level0_i/ulp/hmss_0/inst/path_4/interconnect5_4/inst/clk_map/psr_aclk1/U0'
Parsing XDC File [/home/ae_reviewer/TempGNN/build/baselines/rtga_timingfix_v3_hw/_x/link/vivado/vpl/prj/prj.gen/my_rm/bd/ulp/ip/ulp_hmss_0_0/bd_5/ip/ip_3/bd_bb14_psr_aclk1_0_board.xdc] for cell 'level0_i/ulp/hmss_0/inst/path_4/interconnect5_4/inst/clk_map/psr_aclk1/U0'
Finished Parsing XDC File [/home/ae_reviewer/TempGNN/build/baselines/rtga_timingfix_v3_hw/_x/link/vivado/vpl/prj/prj.gen/my_rm/bd/ulp/ip/ulp_hmss_0_0/bd_5/ip/ip_3/bd_bb14_psr_aclk1_0_board.xdc] for cell 'level0_i/ulp/hmss_0/inst/path_4/interconnect5_4/inst/clk_map/psr_aclk1/U0'
Parsing XDC File [/home/ae_reviewer/TempGNN/build/baselines/rtga_timingfix_v3_hw/_x/link/vivado/vpl/prj/prj.gen/my_rm/bd/ulp/ip/ulp_hmss_0_0/bd_5/ip/ip_2/bd_bb14_psr_aclk_0.xdc] for cell 'level0_i/ulp/hmss_0/inst/path_4/interconnect5_4/inst/clk_map/psr_aclk/U0'
WARNING: [Vivado_Tcl 4-935] Waiver ID 'CDC-11' is a duplicate and will not be added again. [/home/ae_reviewer/TempGNN/build/baselines/rtga_timingfix_v3_hw/_x/link/vivado/vpl/prj/prj.gen/my_rm/bd/ulp/ip/ulp_hmss_0_0/bd_5/ip/ip_2/bd_bb14_psr_aclk_0.xdc:50]
Finished Parsing XDC File [/home/ae_reviewer/TempGNN/build/baselines/rtga_timingfix_v3_hw/_x/link/vivado/vpl/prj/prj.gen/my_rm/bd/ulp/ip/ulp_hmss_0_0/bd_5/ip/ip_2/bd_bb14_psr_aclk_0.xdc] for cell 'level0_i/ulp/hmss_0/inst/path_4/interconnect5_4/inst/clk_map/psr_aclk/U0'
Parsing XDC File [/home/ae_reviewer/TempGNN/build/baselines/rtga_timingfix_v3_hw/_x/link/vivado/vpl/prj/prj.gen/my_rm/bd/ulp/ip/ulp_hmss_0_0/bd_5/ip/ip_2/bd_bb14_psr_aclk_0_board.xdc] for cell 'level0_i/ulp/hmss_0/inst/path_4/interconnect5_4/inst/clk_map/psr_aclk/U0'
Finished Parsing XDC File [/home/ae_reviewer/TempGNN/build/baselines/rtga_timingfix_v3_hw/_x/link/vivado/vpl/prj/prj.gen/my_rm/bd/ulp/ip/ulp_hmss_0_0/bd_5/ip/ip_2/bd_bb14_psr_aclk_0_board.xdc] for cell 'level0_i/ulp/hmss_0/inst/path_4/interconnect5_4/inst/clk_map/psr_aclk/U0'
Parsing XDC File [/home/ae_reviewer/TempGNN/build/baselines/rtga_timingfix_v3_hw/_x/link/vivado/vpl/prj/prj.gen/my_rm/bd/ulp/ip/ulp_hmss_0_0/bd_5/ip/ip_1/bd_bb14_psr0_0.xdc] for cell 'level0_i/ulp/hmss_0/inst/path_4/interconnect5_4/inst/clk_map/psr0/U0'
WARNING: [Vivado_Tcl 4-935] Waiver ID 'CDC-11' is a duplicate and will not be added again. [/home/ae_reviewer/TempGNN/build/baselines/rtga_timingfix_v3_hw/_x/link/vivado/vpl/prj/prj.gen/my_rm/bd/ulp/ip/ulp_hmss_0_0/bd_5/ip/ip_1/bd_bb14_psr0_0.xdc:50]
Finished Parsing XDC File [/home/ae_reviewer/TempGNN/build/baselines/rtga_timingfix_v3_hw/_x/link/vivado/vpl/prj/prj.gen/my_rm/bd/ulp/ip/ulp_hmss_0_0/bd_5/ip/ip_1/bd_bb14_psr0_0.xdc] for cell 'level0_i/ulp/hmss_0/inst/path_4/interconnect5_4/inst/clk_map/psr0/U0'
Parsing XDC File [/home/ae_reviewer/TempGNN/build/baselines/rtga_timingfix_v3_hw/_x/link/vivado/vpl/prj/prj.gen/my_rm/bd/ulp/ip/ulp_hmss_0_0/bd_5/ip/ip_1/bd_bb14_psr0_0_board.xdc] for cell 'level0_i/ulp/hmss_0/inst/path_4/interconnect5_4/inst/clk_map/psr0/U0'
Finished Parsing XDC File [/home/ae_reviewer/TempGNN/build/baselines/rtga_timingfix_v3_hw/_x/link/vivado/vpl/prj/prj.gen/my_rm/bd/ulp/ip/ulp_hmss_0_0/bd_5/ip/ip_1/bd_bb14_psr0_0_board.xdc] for cell 'level0_i/ulp/hmss_0/inst/path_4/interconnect5_4/inst/clk_map/psr0/U0'
Parsing XDC File [/home/ae_reviewer/TempGNN/build/baselines/rtga_timingfix_v3_hw/_x/link/vivado/vpl/prj/prj.gen/my_rm/bd/ulp/ip/ulp_hmss_0_0/bd_0/ip/ip_24/smartconnect.xdc] for cell 'level0_i/ulp/hmss_0/inst/path_7/interconnect8_7/inst'
WARNING: [Vivado_Tcl 4-919] Waiver ID 'CDC-1' -from list should not be empty. [/home/ae_reviewer/TempGNN/build/baselines/rtga_timingfix_v3_hw/_x/link/vivado/vpl/prj/prj.gen/my_rm/bd/ulp/ip/ulp_hmss_0_0/bd_0/ip/ip_24/smartconnect.xdc:1]
Finished Parsing XDC File [/home/ae_reviewer/TempGNN/build/baselines/rtga_timingfix_v3_hw/_x/link/vivado/vpl/prj/prj.gen/my_rm/bd/ulp/ip/ulp_hmss_0_0/bd_0/ip/ip_24/smartconnect.xdc] for cell 'level0_i/ulp/hmss_0/inst/path_7/interconnect8_7/inst'
Parsing XDC File [/home/ae_reviewer/TempGNN/build/baselines/rtga_timingfix_v3_hw/_x/link/vivado/vpl/prj/prj.gen/my_rm/bd/ulp/ip/ulp_hmss_0_0/bd_10/ip/ip_1/bd_5dbf_psr0_0.xdc] for cell 'level0_i/ulp/hmss_0/inst/path_9/interconnect10_9/inst/clk_map/psr0/U0'
WARNING: [Vivado_Tcl 4-935] Waiver ID 'CDC-11' is a duplicate and will not be added again. [/home/ae_reviewer/TempGNN/build/baselines/rtga_timingfix_v3_hw/_x/link/vivado/vpl/prj/prj.gen/my_rm/bd/ulp/ip/ulp_hmss_0_0/bd_10/ip/ip_1/bd_5dbf_psr0_0.xdc:50]
Finished Parsing XDC File [/home/ae_reviewer/TempGNN/build/baselines/rtga_timingfix_v3_hw/_x/link/vivado/vpl/prj/prj.gen/my_rm/bd/ulp/ip/ulp_hmss_0_0/bd_10/ip/ip_1/bd_5dbf_psr0_0.xdc] for cell 'level0_i/ulp/hmss_0/inst/path_9/interconnect10_9/inst/clk_map/psr0/U0'
Parsing XDC File [/home/ae_reviewer/TempGNN/build/baselines/rtga_timingfix_v3_hw/_x/link/vivado/vpl/prj/prj.gen/my_rm/bd/ulp/ip/ulp_hmss_0_0/bd_10/ip/ip_1/bd_5dbf_psr0_0_board.xdc] for cell 'level0_i/ulp/hmss_0/inst/path_9/interconnect10_9/inst/clk_map/psr0/U0'
Finished Parsing XDC File [/home/ae_reviewer/TempGNN/build/baselines/rtga_timingfix_v3_hw/_x/link/vivado/vpl/prj/prj.gen/my_rm/bd/ulp/ip/ulp_hmss_0_0/bd_10/ip/ip_1/bd_5dbf_psr0_0_board.xdc] for cell 'level0_i/ulp/hmss_0/inst/path_9/interconnect10_9/inst/clk_map/psr0/U0'
Parsing XDC File [/home/ae_reviewer/TempGNN/build/baselines/rtga_timingfix_v3_hw/_x/link/vivado/vpl/prj/prj.gen/my_rm/bd/ulp/ip/ulp_hmss_0_0/bd_0/ip/ip_27/smartconnect.xdc] for cell 'level0_i/ulp/hmss_0/inst/path_8/interconnect9_8/inst'
WARNING: [Vivado_Tcl 4-919] Waiver ID 'CDC-1' -from list should not be empty. [/home/ae_reviewer/TempGNN/build/baselines/rtga_timingfix_v3_hw/_x/link/vivado/vpl/prj/prj.gen/my_rm/bd/ulp/ip/ulp_hmss_0_0/bd_0/ip/ip_27/smartconnect.xdc:1]
Finished Parsing XDC File [/home/ae_reviewer/TempGNN/build/baselines/rtga_timingfix_v3_hw/_x/link/vivado/vpl/prj/prj.gen/my_rm/bd/ulp/ip/ulp_hmss_0_0/bd_0/ip/ip_27/smartconnect.xdc] for cell 'level0_i/ulp/hmss_0/inst/path_8/interconnect9_8/inst'
Parsing XDC File [/home/ae_reviewer/TempGNN/build/baselines/rtga_timingfix_v3_hw/_x/link/vivado/vpl/prj/prj.gen/my_rm/bd/ulp/ip/ulp_hmss_0_0/bd_9/ip/ip_9/bd_b9c4_srn_0_clocks.xdc] for cell 'level0_i/ulp/hmss_0/inst/path_8/interconnect9_8/inst/s00_nodes/s00_r_node/inst'
WARNING: [Vivado_Tcl 4-935] Waiver ID 'CDC-1' is a duplicate and will not be added again. [/home/ae_reviewer/TempGNN/build/baselines/rtga_timingfix_v3_hw/_x/link/vivado/vpl/prj/prj.gen/my_rm/bd/ulp/ip/ulp_hmss_0_0/bd_9/ip/ip_9/bd_b9c4_srn_0_clocks.xdc:140]
WARNING: [Vivado_Tcl 4-935] Waiver ID 'CDC-1' is a duplicate and will not be added again. [/home/ae_reviewer/TempGNN/build/baselines/rtga_timingfix_v3_hw/_x/link/vivado/vpl/prj/prj.gen/my_rm/bd/ulp/ip/ulp_hmss_0_0/bd_9/ip/ip_9/bd_b9c4_srn_0_clocks.xdc:143]
WARNING: [Vivado_Tcl 4-935] Waiver ID 'CDC-1' is a duplicate and will not be added again. [/home/ae_reviewer/TempGNN/build/baselines/rtga_timingfix_v3_hw/_x/link/vivado/vpl/prj/prj.gen/my_rm/bd/ulp/ip/ulp_hmss_0_0/bd_9/ip/ip_9/bd_b9c4_srn_0_clocks.xdc:146]
WARNING: [Vivado_Tcl 4-935] Waiver ID 'CDC-1' is a duplicate and will not be added again. [/home/ae_reviewer/TempGNN/build/baselines/rtga_timingfix_v3_hw/_x/link/vivado/vpl/prj/prj.gen/my_rm/bd/ulp/ip/ulp_hmss_0_0/bd_9/ip/ip_9/bd_b9c4_srn_0_clocks.xdc:152]
WARNING: [Vivado_Tcl 4-935] Waiver ID 'CDC-1' is a duplicate and will not be added again. [/home/ae_reviewer/TempGNN/build/baselines/rtga_timingfix_v3_hw/_x/link/vivado/vpl/prj/prj.gen/my_rm/bd/ulp/ip/ulp_hmss_0_0/bd_9/ip/ip_9/bd_b9c4_srn_0_clocks.xdc:155]
Finished Parsing XDC File [/home/ae_reviewer/TempGNN/build/baselines/rtga_timingfix_v3_hw/_x/link/vivado/vpl/prj/prj.gen/my_rm/bd/ulp/ip/ulp_hmss_0_0/bd_9/ip/ip_9/bd_b9c4_srn_0_clocks.xdc] for cell 'level0_i/ulp/hmss_0/inst/path_8/interconnect9_8/inst/s00_nodes/s00_r_node/inst'
Parsing XDC File [/home/ae_reviewer/TempGNN/build/baselines/rtga_timingfix_v3_hw/_x/link/vivado/vpl/prj/prj.gen/my_rm/bd/ulp/ip/ulp_hmss_0_0/bd_9/ip/ip_8/bd_b9c4_sarn_0_clocks.xdc] for cell 'level0_i/ulp/hmss_0/inst/path_8/interconnect9_8/inst/s00_nodes/s00_ar_node/inst'
Finished Parsing XDC File [/home/ae_reviewer/TempGNN/build/baselines/rtga_timingfix_v3_hw/_x/link/vivado/vpl/prj/prj.gen/my_rm/bd/ulp/ip/ulp_hmss_0_0/bd_9/ip/ip_8/bd_b9c4_sarn_0_clocks.xdc] for cell 'level0_i/ulp/hmss_0/inst/path_8/interconnect9_8/inst/s00_nodes/s00_ar_node/inst'
Parsing XDC File [/home/ae_reviewer/TempGNN/build/baselines/rtga_timingfix_v3_hw/_x/link/vivado/vpl/prj/prj.gen/my_rm/bd/ulp/ip/ulp_hmss_0_0/bd_9/ip/ip_3/bd_b9c4_psr_aclk1_0.xdc] for cell 'level0_i/ulp/hmss_0/inst/path_8/interconnect9_8/inst/clk_map/psr_aclk1/U0'
WARNING: [Vivado_Tcl 4-935] Waiver ID 'CDC-11' is a duplicate and will not be added again. [/home/ae_reviewer/TempGNN/build/baselines/rtga_timingfix_v3_hw/_x/link/vivado/vpl/prj/prj.gen/my_rm/bd/ulp/ip/ulp_hmss_0_0/bd_9/ip/ip_3/bd_b9c4_psr_aclk1_0.xdc:50]
Finished Parsing XDC File [/home/ae_reviewer/TempGNN/build/baselines/rtga_timingfix_v3_hw/_x/link/vivado/vpl/prj/prj.gen/my_rm/bd/ulp/ip/ulp_hmss_0_0/bd_9/ip/ip_3/bd_b9c4_psr_aclk1_0.xdc] for cell 'level0_i/ulp/hmss_0/inst/path_8/interconnect9_8/inst/clk_map/psr_aclk1/U0'
Parsing XDC File [/home/ae_reviewer/TempGNN/build/baselines/rtga_timingfix_v3_hw/_x/link/vivado/vpl/prj/prj.gen/my_rm/bd/ulp/ip/ulp_hmss_0_0/bd_9/ip/ip_3/bd_b9c4_psr_aclk1_0_board.xdc] for cell 'level0_i/ulp/hmss_0/inst/path_8/interconnect9_8/inst/clk_map/psr_aclk1/U0'
Finished Parsing XDC File [/home/ae_reviewer/TempGNN/build/baselines/rtga_timingfix_v3_hw/_x/link/vivado/vpl/prj/prj.gen/my_rm/bd/ulp/ip/ulp_hmss_0_0/bd_9/ip/ip_3/bd_b9c4_psr_aclk1_0_board.xdc] for cell 'level0_i/ulp/hmss_0/inst/path_8/interconnect9_8/inst/clk_map/psr_aclk1/U0'
Parsing XDC File [/home/ae_reviewer/TempGNN/build/baselines/rtga_timingfix_v3_hw/_x/link/vivado/vpl/prj/prj.gen/my_rm/bd/ulp/ip/ulp_hmss_0_0/bd_9/ip/ip_2/bd_b9c4_psr_aclk_0.xdc] for cell 'level0_i/ulp/hmss_0/inst/path_8/interconnect9_8/inst/clk_map/psr_aclk/U0'
WARNING: [Vivado_Tcl 4-935] Waiver ID 'CDC-11' is a duplicate and will not be added again. [/home/ae_reviewer/TempGNN/build/baselines/rtga_timingfix_v3_hw/_x/link/vivado/vpl/prj/prj.gen/my_rm/bd/ulp/ip/ulp_hmss_0_0/bd_9/ip/ip_2/bd_b9c4_psr_aclk_0.xdc:50]
Finished Parsing XDC File [/home/ae_reviewer/TempGNN/build/baselines/rtga_timingfix_v3_hw/_x/link/vivado/vpl/prj/prj.gen/my_rm/bd/ulp/ip/ulp_hmss_0_0/bd_9/ip/ip_2/bd_b9c4_psr_aclk_0.xdc] for cell 'level0_i/ulp/hmss_0/inst/path_8/interconnect9_8/inst/clk_map/psr_aclk/U0'
Parsing XDC File [/home/ae_reviewer/TempGNN/build/baselines/rtga_timingfix_v3_hw/_x/link/vivado/vpl/prj/prj.gen/my_rm/bd/ulp/ip/ulp_hmss_0_0/bd_9/ip/ip_2/bd_b9c4_psr_aclk_0_board.xdc] for cell 'level0_i/ulp/hmss_0/inst/path_8/interconnect9_8/inst/clk_map/psr_aclk/U0'
Finished Parsing XDC File [/home/ae_reviewer/TempGNN/build/baselines/rtga_timingfix_v3_hw/_x/link/vivado/vpl/prj/prj.gen/my_rm/bd/ulp/ip/ulp_hmss_0_0/bd_9/ip/ip_2/bd_b9c4_psr_aclk_0_board.xdc] for cell 'level0_i/ulp/hmss_0/inst/path_8/interconnect9_8/inst/clk_map/psr_aclk/U0'
Parsing XDC File [/home/ae_reviewer/TempGNN/build/baselines/rtga_timingfix_v3_hw/_x/link/vivado/vpl/prj/prj.gen/my_rm/bd/ulp/ip/ulp_hmss_0_0/bd_9/ip/ip_1/bd_b9c4_psr0_0.xdc] for cell 'level0_i/ulp/hmss_0/inst/path_8/interconnect9_8/inst/clk_map/psr0/U0'
WARNING: [Vivado_Tcl 4-935] Waiver ID 'CDC-11' is a duplicate and will not be added again. [/home/ae_reviewer/TempGNN/build/baselines/rtga_timingfix_v3_hw/_x/link/vivado/vpl/prj/prj.gen/my_rm/bd/ulp/ip/ulp_hmss_0_0/bd_9/ip/ip_1/bd_b9c4_psr0_0.xdc:50]
Finished Parsing XDC File [/home/ae_reviewer/TempGNN/build/baselines/rtga_timingfix_v3_hw/_x/link/vivado/vpl/prj/prj.gen/my_rm/bd/ulp/ip/ulp_hmss_0_0/bd_9/ip/ip_1/bd_b9c4_psr0_0.xdc] for cell 'level0_i/ulp/hmss_0/inst/path_8/interconnect9_8/inst/clk_map/psr0/U0'
Parsing XDC File [/home/ae_reviewer/TempGNN/build/baselines/rtga_timingfix_v3_hw/_x/link/vivado/vpl/prj/prj.gen/my_rm/bd/ulp/ip/ulp_hmss_0_0/bd_9/ip/ip_1/bd_b9c4_psr0_0_board.xdc] for cell 'level0_i/ulp/hmss_0/inst/path_8/interconnect9_8/inst/clk_map/psr0/U0'
Finished Parsing XDC File [/home/ae_reviewer/TempGNN/build/baselines/rtga_timingfix_v3_hw/_x/link/vivado/vpl/prj/prj.gen/my_rm/bd/ulp/ip/ulp_hmss_0_0/bd_9/ip/ip_1/bd_b9c4_psr0_0_board.xdc] for cell 'level0_i/ulp/hmss_0/inst/path_8/interconnect9_8/inst/clk_map/psr0/U0'
Parsing XDC File [/home/ae_reviewer/TempGNN/build/baselines/rtga_timingfix_v3_hw/_x/link/vivado/vpl/prj/prj.gen/my_rm/bd/ulp/ip/ulp_hmss_0_0/bd_0/ip/ip_12/smartconnect.xdc] for cell 'level0_i/ulp/hmss_0/inst/path_3/interconnect4_3/inst'
WARNING: [Vivado_Tcl 4-919] Waiver ID 'CDC-1' -from list should not be empty. [/home/ae_reviewer/TempGNN/build/baselines/rtga_timingfix_v3_hw/_x/link/vivado/vpl/prj/prj.gen/my_rm/bd/ulp/ip/ulp_hmss_0_0/bd_0/ip/ip_12/smartconnect.xdc:1]
Finished Parsing XDC File [/home/ae_reviewer/TempGNN/build/baselines/rtga_timingfix_v3_hw/_x/link/vivado/vpl/prj/prj.gen/my_rm/bd/ulp/ip/ulp_hmss_0_0/bd_0/ip/ip_12/smartconnect.xdc] for cell 'level0_i/ulp/hmss_0/inst/path_3/interconnect4_3/inst'
Parsing XDC File [/home/ae_reviewer/TempGNN/build/baselines/rtga_timingfix_v3_hw/_x/link/vivado/vpl/prj/prj.gen/my_rm/bd/ulp/ip/ulp_hmss_0_0/bd_8/ip/ip_9/bd_7ac9_srn_0_clocks.xdc] for cell 'level0_i/ulp/hmss_0/inst/path_7/interconnect8_7/inst/s00_nodes/s00_r_node/inst'
WARNING: [Vivado_Tcl 4-935] Waiver ID 'CDC-1' is a duplicate and will not be added again. [/home/ae_reviewer/TempGNN/build/baselines/rtga_timingfix_v3_hw/_x/link/vivado/vpl/prj/prj.gen/my_rm/bd/ulp/ip/ulp_hmss_0_0/bd_8/ip/ip_9/bd_7ac9_srn_0_clocks.xdc:140]
WARNING: [Vivado_Tcl 4-935] Waiver ID 'CDC-1' is a duplicate and will not be added again. [/home/ae_reviewer/TempGNN/build/baselines/rtga_timingfix_v3_hw/_x/link/vivado/vpl/prj/prj.gen/my_rm/bd/ulp/ip/ulp_hmss_0_0/bd_8/ip/ip_9/bd_7ac9_srn_0_clocks.xdc:143]
WARNING: [Vivado_Tcl 4-935] Waiver ID 'CDC-1' is a duplicate and will not be added again. [/home/ae_reviewer/TempGNN/build/baselines/rtga_timingfix_v3_hw/_x/link/vivado/vpl/prj/prj.gen/my_rm/bd/ulp/ip/ulp_hmss_0_0/bd_8/ip/ip_9/bd_7ac9_srn_0_clocks.xdc:146]
WARNING: [Vivado_Tcl 4-935] Waiver ID 'CDC-1' is a duplicate and will not be added again. [/home/ae_reviewer/TempGNN/build/baselines/rtga_timingfix_v3_hw/_x/link/vivado/vpl/prj/prj.gen/my_rm/bd/ulp/ip/ulp_hmss_0_0/bd_8/ip/ip_9/bd_7ac9_srn_0_clocks.xdc:152]
WARNING: [Vivado_Tcl 4-935] Waiver ID 'CDC-1' is a duplicate and will not be added again. [/home/ae_reviewer/TempGNN/build/baselines/rtga_timingfix_v3_hw/_x/link/vivado/vpl/prj/prj.gen/my_rm/bd/ulp/ip/ulp_hmss_0_0/bd_8/ip/ip_9/bd_7ac9_srn_0_clocks.xdc:155]
Finished Parsing XDC File [/home/ae_reviewer/TempGNN/build/baselines/rtga_timingfix_v3_hw/_x/link/vivado/vpl/prj/prj.gen/my_rm/bd/ulp/ip/ulp_hmss_0_0/bd_8/ip/ip_9/bd_7ac9_srn_0_clocks.xdc] for cell 'level0_i/ulp/hmss_0/inst/path_7/interconnect8_7/inst/s00_nodes/s00_r_node/inst'
Parsing XDC File [/home/ae_reviewer/TempGNN/build/baselines/rtga_timingfix_v3_hw/_x/link/vivado/vpl/prj/prj.gen/my_rm/bd/ulp/ip/ulp_hmss_0_0/bd_8/ip/ip_8/bd_7ac9_sarn_0_clocks.xdc] for cell 'level0_i/ulp/hmss_0/inst/path_7/interconnect8_7/inst/s00_nodes/s00_ar_node/inst'
Finished Parsing XDC File [/home/ae_reviewer/TempGNN/build/baselines/rtga_timingfix_v3_hw/_x/link/vivado/vpl/prj/prj.gen/my_rm/bd/ulp/ip/ulp_hmss_0_0/bd_8/ip/ip_8/bd_7ac9_sarn_0_clocks.xdc] for cell 'level0_i/ulp/hmss_0/inst/path_7/interconnect8_7/inst/s00_nodes/s00_ar_node/inst'
Parsing XDC File [/home/ae_reviewer/TempGNN/build/baselines/rtga_timingfix_v3_hw/_x/link/vivado/vpl/prj/prj.gen/my_rm/bd/ulp/ip/ulp_hmss_0_0/bd_8/ip/ip_3/bd_7ac9_psr_aclk1_0.xdc] for cell 'level0_i/ulp/hmss_0/inst/path_7/interconnect8_7/inst/clk_map/psr_aclk1/U0'
WARNING: [Vivado_Tcl 4-935] Waiver ID 'CDC-11' is a duplicate and will not be added again. [/home/ae_reviewer/TempGNN/build/baselines/rtga_timingfix_v3_hw/_x/link/vivado/vpl/prj/prj.gen/my_rm/bd/ulp/ip/ulp_hmss_0_0/bd_8/ip/ip_3/bd_7ac9_psr_aclk1_0.xdc:50]
Finished Parsing XDC File [/home/ae_reviewer/TempGNN/build/baselines/rtga_timingfix_v3_hw/_x/link/vivado/vpl/prj/prj.gen/my_rm/bd/ulp/ip/ulp_hmss_0_0/bd_8/ip/ip_3/bd_7ac9_psr_aclk1_0.xdc] for cell 'level0_i/ulp/hmss_0/inst/path_7/interconnect8_7/inst/clk_map/psr_aclk1/U0'
Parsing XDC File [/home/ae_reviewer/TempGNN/build/baselines/rtga_timingfix_v3_hw/_x/link/vivado/vpl/prj/prj.gen/my_rm/bd/ulp/ip/ulp_hmss_0_0/bd_8/ip/ip_3/bd_7ac9_psr_aclk1_0_board.xdc] for cell 'level0_i/ulp/hmss_0/inst/path_7/interconnect8_7/inst/clk_map/psr_aclk1/U0'
Finished Parsing XDC File [/home/ae_reviewer/TempGNN/build/baselines/rtga_timingfix_v3_hw/_x/link/vivado/vpl/prj/prj.gen/my_rm/bd/ulp/ip/ulp_hmss_0_0/bd_8/ip/ip_3/bd_7ac9_psr_aclk1_0_board.xdc] for cell 'level0_i/ulp/hmss_0/inst/path_7/interconnect8_7/inst/clk_map/psr_aclk1/U0'
Parsing XDC File [/home/ae_reviewer/TempGNN/build/baselines/rtga_timingfix_v3_hw/_x/link/vivado/vpl/prj/prj.gen/my_rm/bd/ulp/ip/ulp_hmss_0_0/bd_8/ip/ip_2/bd_7ac9_psr_aclk_0.xdc] for cell 'level0_i/ulp/hmss_0/inst/path_7/interconnect8_7/inst/clk_map/psr_aclk/U0'
WARNING: [Vivado_Tcl 4-935] Waiver ID 'CDC-11' is a duplicate and will not be added again. [/home/ae_reviewer/TempGNN/build/baselines/rtga_timingfix_v3_hw/_x/link/vivado/vpl/prj/prj.gen/my_rm/bd/ulp/ip/ulp_hmss_0_0/bd_8/ip/ip_2/bd_7ac9_psr_aclk_0.xdc:50]
Finished Parsing XDC File [/home/ae_reviewer/TempGNN/build/baselines/rtga_timingfix_v3_hw/_x/link/vivado/vpl/prj/prj.gen/my_rm/bd/ulp/ip/ulp_hmss_0_0/bd_8/ip/ip_2/bd_7ac9_psr_aclk_0.xdc] for cell 'level0_i/ulp/hmss_0/inst/path_7/interconnect8_7/inst/clk_map/psr_aclk/U0'
Parsing XDC File [/home/ae_reviewer/TempGNN/build/baselines/rtga_timingfix_v3_hw/_x/link/vivado/vpl/prj/prj.gen/my_rm/bd/ulp/ip/ulp_hmss_0_0/bd_8/ip/ip_2/bd_7ac9_psr_aclk_0_board.xdc] for cell 'level0_i/ulp/hmss_0/inst/path_7/interconnect8_7/inst/clk_map/psr_aclk/U0'
Finished Parsing XDC File [/home/ae_reviewer/TempGNN/build/baselines/rtga_timingfix_v3_hw/_x/link/vivado/vpl/prj/prj.gen/my_rm/bd/ulp/ip/ulp_hmss_0_0/bd_8/ip/ip_2/bd_7ac9_psr_aclk_0_board.xdc] for cell 'level0_i/ulp/hmss_0/inst/path_7/interconnect8_7/inst/clk_map/psr_aclk/U0'
Parsing XDC File [/home/ae_reviewer/TempGNN/build/baselines/rtga_timingfix_v3_hw/_x/link/vivado/vpl/prj/prj.gen/my_rm/bd/ulp/ip/ulp_hmss_0_0/bd_8/ip/ip_1/bd_7ac9_psr0_0.xdc] for cell 'level0_i/ulp/hmss_0/inst/path_7/interconnect8_7/inst/clk_map/psr0/U0'
WARNING: [Vivado_Tcl 4-935] Waiver ID 'CDC-11' is a duplicate and will not be added again. [/home/ae_reviewer/TempGNN/build/baselines/rtga_timingfix_v3_hw/_x/link/vivado/vpl/prj/prj.gen/my_rm/bd/ulp/ip/ulp_hmss_0_0/bd_8/ip/ip_1/bd_7ac9_psr0_0.xdc:50]
Finished Parsing XDC File [/home/ae_reviewer/TempGNN/build/baselines/rtga_timingfix_v3_hw/_x/link/vivado/vpl/prj/prj.gen/my_rm/bd/ulp/ip/ulp_hmss_0_0/bd_8/ip/ip_1/bd_7ac9_psr0_0.xdc] for cell 'level0_i/ulp/hmss_0/inst/path_7/interconnect8_7/inst/clk_map/psr0/U0'
Parsing XDC File [/home/ae_reviewer/TempGNN/build/baselines/rtga_timingfix_v3_hw/_x/link/vivado/vpl/prj/prj.gen/my_rm/bd/ulp/ip/ulp_hmss_0_0/bd_8/ip/ip_1/bd_7ac9_psr0_0_board.xdc] for cell 'level0_i/ulp/hmss_0/inst/path_7/interconnect8_7/inst/clk_map/psr0/U0'
Finished Parsing XDC File [/home/ae_reviewer/TempGNN/build/baselines/rtga_timingfix_v3_hw/_x/link/vivado/vpl/prj/prj.gen/my_rm/bd/ulp/ip/ulp_hmss_0_0/bd_8/ip/ip_1/bd_7ac9_psr0_0_board.xdc] for cell 'level0_i/ulp/hmss_0/inst/path_7/interconnect8_7/inst/clk_map/psr0/U0'
Parsing XDC File [/home/ae_reviewer/TempGNN/build/baselines/rtga_timingfix_v3_hw/_x/link/vivado/vpl/prj/prj.gen/my_rm/bd/ulp/ip/ulp_hmss_0_0/bd_0/ip/ip_21/smartconnect.xdc] for cell 'level0_i/ulp/hmss_0/inst/path_6/interconnect7_6/inst'
WARNING: [Vivado_Tcl 4-919] Waiver ID 'CDC-1' -from list should not be empty. [/home/ae_reviewer/TempGNN/build/baselines/rtga_timingfix_v3_hw/_x/link/vivado/vpl/prj/prj.gen/my_rm/bd/ulp/ip/ulp_hmss_0_0/bd_0/ip/ip_21/smartconnect.xdc:1]
Finished Parsing XDC File [/home/ae_reviewer/TempGNN/build/baselines/rtga_timingfix_v3_hw/_x/link/vivado/vpl/prj/prj.gen/my_rm/bd/ulp/ip/ulp_hmss_0_0/bd_0/ip/ip_21/smartconnect.xdc] for cell 'level0_i/ulp/hmss_0/inst/path_6/interconnect7_6/inst'
Parsing XDC File [/home/ae_reviewer/TempGNN/build/baselines/rtga_timingfix_v3_hw/_x/link/vivado/vpl/prj/prj.gen/my_rm/bd/ulp/ip/ulp_hmss_0_0/bd_7/ip/ip_9/bd_bbcc_srn_0_clocks.xdc] for cell 'level0_i/ulp/hmss_0/inst/path_6/interconnect7_6/inst/s00_nodes/s00_r_node/inst'
WARNING: [Vivado_Tcl 4-935] Waiver ID 'CDC-1' is a duplicate and will not be added again. [/home/ae_reviewer/TempGNN/build/baselines/rtga_timingfix_v3_hw/_x/link/vivado/vpl/prj/prj.gen/my_rm/bd/ulp/ip/ulp_hmss_0_0/bd_7/ip/ip_9/bd_bbcc_srn_0_clocks.xdc:140]
WARNING: [Vivado_Tcl 4-935] Waiver ID 'CDC-1' is a duplicate and will not be added again. [/home/ae_reviewer/TempGNN/build/baselines/rtga_timingfix_v3_hw/_x/link/vivado/vpl/prj/prj.gen/my_rm/bd/ulp/ip/ulp_hmss_0_0/bd_7/ip/ip_9/bd_bbcc_srn_0_clocks.xdc:143]
WARNING: [Vivado_Tcl 4-935] Waiver ID 'CDC-1' is a duplicate and will not be added again. [/home/ae_reviewer/TempGNN/build/baselines/rtga_timingfix_v3_hw/_x/link/vivado/vpl/prj/prj.gen/my_rm/bd/ulp/ip/ulp_hmss_0_0/bd_7/ip/ip_9/bd_bbcc_srn_0_clocks.xdc:146]
WARNING: [Vivado_Tcl 4-935] Waiver ID 'CDC-1' is a duplicate and will not be added again. [/home/ae_reviewer/TempGNN/build/baselines/rtga_timingfix_v3_hw/_x/link/vivado/vpl/prj/prj.gen/my_rm/bd/ulp/ip/ulp_hmss_0_0/bd_7/ip/ip_9/bd_bbcc_srn_0_clocks.xdc:152]
WARNING: [Vivado_Tcl 4-935] Waiver ID 'CDC-1' is a duplicate and will not be added again. [/home/ae_reviewer/TempGNN/build/baselines/rtga_timingfix_v3_hw/_x/link/vivado/vpl/prj/prj.gen/my_rm/bd/ulp/ip/ulp_hmss_0_0/bd_7/ip/ip_9/bd_bbcc_srn_0_clocks.xdc:155]
Finished Parsing XDC File [/home/ae_reviewer/TempGNN/build/baselines/rtga_timingfix_v3_hw/_x/link/vivado/vpl/prj/prj.gen/my_rm/bd/ulp/ip/ulp_hmss_0_0/bd_7/ip/ip_9/bd_bbcc_srn_0_clocks.xdc] for cell 'level0_i/ulp/hmss_0/inst/path_6/interconnect7_6/inst/s00_nodes/s00_r_node/inst'
Parsing XDC File [/home/ae_reviewer/TempGNN/build/baselines/rtga_timingfix_v3_hw/_x/link/vivado/vpl/prj/prj.gen/my_rm/bd/ulp/ip/ulp_hmss_0_0/bd_7/ip/ip_8/bd_bbcc_sarn_0_clocks.xdc] for cell 'level0_i/ulp/hmss_0/inst/path_6/interconnect7_6/inst/s00_nodes/s00_ar_node/inst'
Finished Parsing XDC File [/home/ae_reviewer/TempGNN/build/baselines/rtga_timingfix_v3_hw/_x/link/vivado/vpl/prj/prj.gen/my_rm/bd/ulp/ip/ulp_hmss_0_0/bd_7/ip/ip_8/bd_bbcc_sarn_0_clocks.xdc] for cell 'level0_i/ulp/hmss_0/inst/path_6/interconnect7_6/inst/s00_nodes/s00_ar_node/inst'
Parsing XDC File [/home/ae_reviewer/TempGNN/build/baselines/rtga_timingfix_v3_hw/_x/link/vivado/vpl/prj/prj.gen/my_rm/bd/ulp/ip/ulp_hmss_0_0/bd_0/ip/ip_2/bd_85ad_hbm_reset_sync_SLR2_0.xdc] for cell 'level0_i/ulp/hmss_0/inst/hbm_reset_sync_SLR2/U0'
Finished Parsing XDC File [/home/ae_reviewer/TempGNN/build/baselines/rtga_timingfix_v3_hw/_x/link/vivado/vpl/prj/prj.gen/my_rm/bd/ulp/ip/ulp_hmss_0_0/bd_0/ip/ip_2/bd_85ad_hbm_reset_sync_SLR2_0.xdc] for cell 'level0_i/ulp/hmss_0/inst/hbm_reset_sync_SLR2/U0'
Parsing XDC File [/home/ae_reviewer/TempGNN/build/baselines/rtga_timingfix_v3_hw/_x/link/vivado/vpl/prj/prj.gen/my_rm/bd/ulp/ip/ulp_hmss_0_0/bd_2/ip/ip_1/bd_7ab1_psr0_0.xdc] for cell 'level0_i/ulp/hmss_0/inst/path_1/interconnect2_1/inst/clk_map/psr0/U0'
WARNING: [Vivado_Tcl 4-935] Waiver ID 'CDC-11' is a duplicate and will not be added again. [/home/ae_reviewer/TempGNN/build/baselines/rtga_timingfix_v3_hw/_x/link/vivado/vpl/prj/prj.gen/my_rm/bd/ulp/ip/ulp_hmss_0_0/bd_2/ip/ip_1/bd_7ab1_psr0_0.xdc:50]
Finished Parsing XDC File [/home/ae_reviewer/TempGNN/build/baselines/rtga_timingfix_v3_hw/_x/link/vivado/vpl/prj/prj.gen/my_rm/bd/ulp/ip/ulp_hmss_0_0/bd_2/ip/ip_1/bd_7ab1_psr0_0.xdc] for cell 'level0_i/ulp/hmss_0/inst/path_1/interconnect2_1/inst/clk_map/psr0/U0'
Parsing XDC File [/home/ae_reviewer/TempGNN/build/baselines/rtga_timingfix_v3_hw/_x/link/vivado/vpl/prj/prj.gen/my_rm/bd/ulp/ip/ulp_hmss_0_0/bd_2/ip/ip_1/bd_7ab1_psr0_0_board.xdc] for cell 'level0_i/ulp/hmss_0/inst/path_1/interconnect2_1/inst/clk_map/psr0/U0'
Finished Parsing XDC File [/home/ae_reviewer/TempGNN/build/baselines/rtga_timingfix_v3_hw/_x/link/vivado/vpl/prj/prj.gen/my_rm/bd/ulp/ip/ulp_hmss_0_0/bd_2/ip/ip_1/bd_7ab1_psr0_0_board.xdc] for cell 'level0_i/ulp/hmss_0/inst/path_1/interconnect2_1/inst/clk_map/psr0/U0'
Parsing XDC File [/home/ae_reviewer/TempGNN/build/baselines/rtga_timingfix_v3_hw/_x/link/vivado/vpl/prj/prj.gen/my_rm/bd/ulp/ip/ulp_hmss_0_0/bd_0/ip/ip_3/smartconnect.xdc] for cell 'level0_i/ulp/hmss_0/inst/path_0/interconnect1_0/inst'
WARNING: [Vivado_Tcl 4-919] Waiver ID 'CDC-1' -from list should not be empty. [/home/ae_reviewer/TempGNN/build/baselines/rtga_timingfix_v3_hw/_x/link/vivado/vpl/prj/prj.gen/my_rm/bd/ulp/ip/ulp_hmss_0_0/bd_0/ip/ip_3/smartconnect.xdc:1]
Finished Parsing XDC File [/home/ae_reviewer/TempGNN/build/baselines/rtga_timingfix_v3_hw/_x/link/vivado/vpl/prj/prj.gen/my_rm/bd/ulp/ip/ulp_hmss_0_0/bd_0/ip/ip_3/smartconnect.xdc] for cell 'level0_i/ulp/hmss_0/inst/path_0/interconnect1_0/inst'
Parsing XDC File [/home/ae_reviewer/TempGNN/build/baselines/rtga_timingfix_v3_hw/_x/link/vivado/vpl/prj/prj.gen/my_rm/bd/ulp/ip/ulp_hmss_0_0/bd_1/ip/ip_9/bd_baa4_srn_0_clocks.xdc] for cell 'level0_i/ulp/hmss_0/inst/path_0/interconnect1_0/inst/s00_nodes/s00_r_node/inst'
WARNING: [Vivado_Tcl 4-935] Waiver ID 'CDC-1' is a duplicate and will not be added again. [/home/ae_reviewer/TempGNN/build/baselines/rtga_timingfix_v3_hw/_x/link/vivado/vpl/prj/prj.gen/my_rm/bd/ulp/ip/ulp_hmss_0_0/bd_1/ip/ip_9/bd_baa4_srn_0_clocks.xdc:140]
WARNING: [Vivado_Tcl 4-935] Waiver ID 'CDC-1' is a duplicate and will not be added again. [/home/ae_reviewer/TempGNN/build/baselines/rtga_timingfix_v3_hw/_x/link/vivado/vpl/prj/prj.gen/my_rm/bd/ulp/ip/ulp_hmss_0_0/bd_1/ip/ip_9/bd_baa4_srn_0_clocks.xdc:143]
WARNING: [Vivado_Tcl 4-935] Waiver ID 'CDC-1' is a duplicate and will not be added again. [/home/ae_reviewer/TempGNN/build/baselines/rtga_timingfix_v3_hw/_x/link/vivado/vpl/prj/prj.gen/my_rm/bd/ulp/ip/ulp_hmss_0_0/bd_1/ip/ip_9/bd_baa4_srn_0_clocks.xdc:146]
WARNING: [Vivado_Tcl 4-935] Waiver ID 'CDC-1' is a duplicate and will not be added again. [/home/ae_reviewer/TempGNN/build/baselines/rtga_timingfix_v3_hw/_x/link/vivado/vpl/prj/prj.gen/my_rm/bd/ulp/ip/ulp_hmss_0_0/bd_1/ip/ip_9/bd_baa4_srn_0_clocks.xdc:152]
WARNING: [Vivado_Tcl 4-935] Waiver ID 'CDC-1' is a duplicate and will not be added again. [/home/ae_reviewer/TempGNN/build/baselines/rtga_timingfix_v3_hw/_x/link/vivado/vpl/prj/prj.gen/my_rm/bd/ulp/ip/ulp_hmss_0_0/bd_1/ip/ip_9/bd_baa4_srn_0_clocks.xdc:155]
Finished Parsing XDC File [/home/ae_reviewer/TempGNN/build/baselines/rtga_timingfix_v3_hw/_x/link/vivado/vpl/prj/prj.gen/my_rm/bd/ulp/ip/ulp_hmss_0_0/bd_1/ip/ip_9/bd_baa4_srn_0_clocks.xdc] for cell 'level0_i/ulp/hmss_0/inst/path_0/interconnect1_0/inst/s00_nodes/s00_r_node/inst'
Parsing XDC File [/home/ae_reviewer/TempGNN/build/baselines/rtga_timingfix_v3_hw/_x/link/vivado/vpl/prj/prj.gen/my_rm/bd/ulp/ip/ulp_hmss_0_0/bd_1/ip/ip_8/bd_baa4_sarn_0_clocks.xdc] for cell 'level0_i/ulp/hmss_0/inst/path_0/interconnect1_0/inst/s00_nodes/s00_ar_node/inst'
Finished Parsing XDC File [/home/ae_reviewer/TempGNN/build/baselines/rtga_timingfix_v3_hw/_x/link/vivado/vpl/prj/prj.gen/my_rm/bd/ulp/ip/ulp_hmss_0_0/bd_1/ip/ip_8/bd_baa4_sarn_0_clocks.xdc] for cell 'level0_i/ulp/hmss_0/inst/path_0/interconnect1_0/inst/s00_nodes/s00_ar_node/inst'
Parsing XDC File [/home/ae_reviewer/TempGNN/build/baselines/rtga_timingfix_v3_hw/_x/link/vivado/vpl/prj/prj.gen/my_rm/bd/ulp/ip/ulp_hmss_0_0/bd_1/ip/ip_3/bd_baa4_psr_aclk1_0.xdc] for cell 'level0_i/ulp/hmss_0/inst/path_0/interconnect1_0/inst/clk_map/psr_aclk1/U0'
WARNING: [Vivado_Tcl 4-935] Waiver ID 'CDC-11' is a duplicate and will not be added again. [/home/ae_reviewer/TempGNN/build/baselines/rtga_timingfix_v3_hw/_x/link/vivado/vpl/prj/prj.gen/my_rm/bd/ulp/ip/ulp_hmss_0_0/bd_1/ip/ip_3/bd_baa4_psr_aclk1_0.xdc:50]
Finished Parsing XDC File [/home/ae_reviewer/TempGNN/build/baselines/rtga_timingfix_v3_hw/_x/link/vivado/vpl/prj/prj.gen/my_rm/bd/ulp/ip/ulp_hmss_0_0/bd_1/ip/ip_3/bd_baa4_psr_aclk1_0.xdc] for cell 'level0_i/ulp/hmss_0/inst/path_0/interconnect1_0/inst/clk_map/psr_aclk1/U0'
Parsing XDC File [/home/ae_reviewer/TempGNN/build/baselines/rtga_timingfix_v3_hw/_x/link/vivado/vpl/prj/prj.gen/my_rm/bd/ulp/ip/ulp_hmss_0_0/bd_1/ip/ip_3/bd_baa4_psr_aclk1_0_board.xdc] for cell 'level0_i/ulp/hmss_0/inst/path_0/interconnect1_0/inst/clk_map/psr_aclk1/U0'
Finished Parsing XDC File [/home/ae_reviewer/TempGNN/build/baselines/rtga_timingfix_v3_hw/_x/link/vivado/vpl/prj/prj.gen/my_rm/bd/ulp/ip/ulp_hmss_0_0/bd_1/ip/ip_3/bd_baa4_psr_aclk1_0_board.xdc] for cell 'level0_i/ulp/hmss_0/inst/path_0/interconnect1_0/inst/clk_map/psr_aclk1/U0'
Parsing XDC File [/home/ae_reviewer/TempGNN/build/baselines/rtga_timingfix_v3_hw/_x/link/vivado/vpl/prj/prj.gen/my_rm/bd/ulp/ip/ulp_hmss_0_0/bd_1/ip/ip_2/bd_baa4_psr_aclk_0.xdc] for cell 'level0_i/ulp/hmss_0/inst/path_0/interconnect1_0/inst/clk_map/psr_aclk/U0'
WARNING: [Vivado_Tcl 4-935] Waiver ID 'CDC-11' is a duplicate and will not be added again. [/home/ae_reviewer/TempGNN/build/baselines/rtga_timingfix_v3_hw/_x/link/vivado/vpl/prj/prj.gen/my_rm/bd/ulp/ip/ulp_hmss_0_0/bd_1/ip/ip_2/bd_baa4_psr_aclk_0.xdc:50]
Finished Parsing XDC File [/home/ae_reviewer/TempGNN/build/baselines/rtga_timingfix_v3_hw/_x/link/vivado/vpl/prj/prj.gen/my_rm/bd/ulp/ip/ulp_hmss_0_0/bd_1/ip/ip_2/bd_baa4_psr_aclk_0.xdc] for cell 'level0_i/ulp/hmss_0/inst/path_0/interconnect1_0/inst/clk_map/psr_aclk/U0'
Parsing XDC File [/home/ae_reviewer/TempGNN/build/baselines/rtga_timingfix_v3_hw/_x/link/vivado/vpl/prj/prj.gen/my_rm/bd/ulp/ip/ulp_hmss_0_0/bd_1/ip/ip_2/bd_baa4_psr_aclk_0_board.xdc] for cell 'level0_i/ulp/hmss_0/inst/path_0/interconnect1_0/inst/clk_map/psr_aclk/U0'
Finished Parsing XDC File [/home/ae_reviewer/TempGNN/build/baselines/rtga_timingfix_v3_hw/_x/link/vivado/vpl/prj/prj.gen/my_rm/bd/ulp/ip/ulp_hmss_0_0/bd_1/ip/ip_2/bd_baa4_psr_aclk_0_board.xdc] for cell 'level0_i/ulp/hmss_0/inst/path_0/interconnect1_0/inst/clk_map/psr_aclk/U0'
Parsing XDC File [/home/ae_reviewer/TempGNN/build/baselines/rtga_timingfix_v3_hw/_x/link/vivado/vpl/prj/prj.gen/my_rm/bd/ulp/ip/ulp_hmss_0_0/bd_1/ip/ip_1/bd_baa4_psr0_0.xdc] for cell 'level0_i/ulp/hmss_0/inst/path_0/interconnect1_0/inst/clk_map/psr0/U0'
WARNING: [Vivado_Tcl 4-935] Waiver ID 'CDC-11' is a duplicate and will not be added again. [/home/ae_reviewer/TempGNN/build/baselines/rtga_timingfix_v3_hw/_x/link/vivado/vpl/prj/prj.gen/my_rm/bd/ulp/ip/ulp_hmss_0_0/bd_1/ip/ip_1/bd_baa4_psr0_0.xdc:50]
Finished Parsing XDC File [/home/ae_reviewer/TempGNN/build/baselines/rtga_timingfix_v3_hw/_x/link/vivado/vpl/prj/prj.gen/my_rm/bd/ulp/ip/ulp_hmss_0_0/bd_1/ip/ip_1/bd_baa4_psr0_0.xdc] for cell 'level0_i/ulp/hmss_0/inst/path_0/interconnect1_0/inst/clk_map/psr0/U0'
Parsing XDC File [/home/ae_reviewer/TempGNN/build/baselines/rtga_timingfix_v3_hw/_x/link/vivado/vpl/prj/prj.gen/my_rm/bd/ulp/ip/ulp_hmss_0_0/bd_1/ip/ip_1/bd_baa4_psr0_0_board.xdc] for cell 'level0_i/ulp/hmss_0/inst/path_0/interconnect1_0/inst/clk_map/psr0/U0'
Finished Parsing XDC File [/home/ae_reviewer/TempGNN/build/baselines/rtga_timingfix_v3_hw/_x/link/vivado/vpl/prj/prj.gen/my_rm/bd/ulp/ip/ulp_hmss_0_0/bd_1/ip/ip_1/bd_baa4_psr0_0_board.xdc] for cell 'level0_i/ulp/hmss_0/inst/path_0/interconnect1_0/inst/clk_map/psr0/U0'
Parsing XDC File [/home/ae_reviewer/TempGNN/build/baselines/rtga_timingfix_v3_hw/_x/link/vivado/vpl/prj/prj.gen/my_rm/bd/ulp/ip/ulp_hmss_0_0/bd_2/ip/ip_2/bd_7ab1_psr_aclk_0_board.xdc] for cell 'level0_i/ulp/hmss_0/inst/path_1/interconnect2_1/inst/clk_map/psr_aclk/U0'
Finished Parsing XDC File [/home/ae_reviewer/TempGNN/build/baselines/rtga_timingfix_v3_hw/_x/link/vivado/vpl/prj/prj.gen/my_rm/bd/ulp/ip/ulp_hmss_0_0/bd_2/ip/ip_2/bd_7ab1_psr_aclk_0_board.xdc] for cell 'level0_i/ulp/hmss_0/inst/path_1/interconnect2_1/inst/clk_map/psr_aclk/U0'
Parsing XDC File [/home/ae_reviewer/TempGNN/build/baselines/rtga_timingfix_v3_hw/_x/link/vivado/vpl/prj/prj.gen/my_rm/bd/ulp/ip/ulp_hmss_0_0/bd_0/ip/ip_2/bd_85ad_hbm_reset_sync_SLR2_0_board.xdc] for cell 'level0_i/ulp/hmss_0/inst/hbm_reset_sync_SLR2/U0'
Finished Parsing XDC File [/home/ae_reviewer/TempGNN/build/baselines/rtga_timingfix_v3_hw/_x/link/vivado/vpl/prj/prj.gen/my_rm/bd/ulp/ip/ulp_hmss_0_0/bd_0/ip/ip_2/bd_85ad_hbm_reset_sync_SLR2_0_board.xdc] for cell 'level0_i/ulp/hmss_0/inst/hbm_reset_sync_SLR2/U0'
Parsing XDC File [/home/ae_reviewer/TempGNN/build/baselines/rtga_timingfix_v3_hw/_x/link/vivado/vpl/prj/prj.gen/my_rm/bd/ulp/ip/ulp_hmss_0_0/bd_0/ip/ip_1/bd_85ad_hbm_reset_sync_SLR0_0.xdc] for cell 'level0_i/ulp/hmss_0/inst/hbm_reset_sync_SLR0/U0'
Finished Parsing XDC File [/home/ae_reviewer/TempGNN/build/baselines/rtga_timingfix_v3_hw/_x/link/vivado/vpl/prj/prj.gen/my_rm/bd/ulp/ip/ulp_hmss_0_0/bd_0/ip/ip_1/bd_85ad_hbm_reset_sync_SLR0_0.xdc] for cell 'level0_i/ulp/hmss_0/inst/hbm_reset_sync_SLR0/U0'
Parsing XDC File [/home/ae_reviewer/TempGNN/build/baselines/rtga_timingfix_v3_hw/_x/link/vivado/vpl/prj/prj.gen/my_rm/bd/ulp/ip/ulp_hmss_0_0/bd_0/ip/ip_1/bd_85ad_hbm_reset_sync_SLR0_0_board.xdc] for cell 'level0_i/ulp/hmss_0/inst/hbm_reset_sync_SLR0/U0'
Finished Parsing XDC File [/home/ae_reviewer/TempGNN/build/baselines/rtga_timingfix_v3_hw/_x/link/vivado/vpl/prj/prj.gen/my_rm/bd/ulp/ip/ulp_hmss_0_0/bd_0/ip/ip_1/bd_85ad_hbm_reset_sync_SLR0_0_board.xdc] for cell 'level0_i/ulp/hmss_0/inst/hbm_reset_sync_SLR0/U0'
Parsing XDC File [/home/ae_reviewer/TempGNN/build/baselines/rtga_timingfix_v3_hw/_x/link/vivado/vpl/prj/prj.gen/my_rm/bd/ulp/ip/ulp_hmss_0_0/bd_0/ip/ip_0/hdl/par/hbm_ip.xdc] for cell 'level0_i/ulp/hmss_0/inst/hbm_inst/inst'
Finished Parsing XDC File [/home/ae_reviewer/TempGNN/build/baselines/rtga_timingfix_v3_hw/_x/link/vivado/vpl/prj/prj.gen/my_rm/bd/ulp/ip/ulp_hmss_0_0/bd_0/ip/ip_0/hdl/par/hbm_ip.xdc] for cell 'level0_i/ulp/hmss_0/inst/hbm_inst/inst'
Parsing XDC File [/home/ae_reviewer/TempGNN/build/baselines/rtga_timingfix_v3_hw/_x/link/vivado/vpl/prj/prj.gen/my_rm/bd/ulp/ip/ulp_clk_wiz_0/ulp_clk_wiz_0.xdc] for cell 'level0_i/ulp/clk_wiz/inst'
WARNING: [Constraints 18-619] A clock with name 'level0_i/ulp/clk_wiz/inst/clk_in1' already exists, overwriting the previous clock with the same name. [/home/ae_reviewer/TempGNN/build/baselines/rtga_timingfix_v3_hw/_x/link/vivado/vpl/prj/prj.gen/my_rm/bd/ulp/ip/ulp_clk_wiz_0/ulp_clk_wiz_0.xdc:53]
Finished Parsing XDC File [/home/ae_reviewer/TempGNN/build/baselines/rtga_timingfix_v3_hw/_x/link/vivado/vpl/prj/prj.gen/my_rm/bd/ulp/ip/ulp_clk_wiz_0/ulp_clk_wiz_0.xdc] for cell 'level0_i/ulp/clk_wiz/inst'
Parsing XDC File [/home/ae_reviewer/TempGNN/build/baselines/rtga_timingfix_v3_hw/_x/link/vivado/vpl/prj/prj.gen/my_rm/bd/ulp/ip/ulp_clk_wiz_0/ulp_clk_wiz_0_board.xdc] for cell 'level0_i/ulp/clk_wiz/inst'
Finished Parsing XDC File [/home/ae_reviewer/TempGNN/build/baselines/rtga_timingfix_v3_hw/_x/link/vivado/vpl/prj/prj.gen/my_rm/bd/ulp/ip/ulp_clk_wiz_0/ulp_clk_wiz_0_board.xdc] for cell 'level0_i/ulp/clk_wiz/inst'
Parsing XDC File [/home/ae_reviewer/TempGNN/build/baselines/rtga_timingfix_v3_hw/_x/link/vivado/vpl/prj/prj.gen/my_rm/bd/ulp/ip/ulp_axi_gpio_null_2/ulp_axi_gpio_null_2.xdc] for cell 'level0_i/ulp/SLR2/axi_gpio_null/U0'
Finished Parsing XDC File [/home/ae_reviewer/TempGNN/build/baselines/rtga_timingfix_v3_hw/_x/link/vivado/vpl/prj/prj.gen/my_rm/bd/ulp/ip/ulp_axi_gpio_null_2/ulp_axi_gpio_null_2.xdc] for cell 'level0_i/ulp/SLR2/axi_gpio_null/U0'
Parsing XDC File [/home/ae_reviewer/TempGNN/build/baselines/rtga_timingfix_v3_hw/_x/link/vivado/vpl/prj/prj.gen/my_rm/bd/ulp/ip/ulp_axi_gpio_null_2/ulp_axi_gpio_null_2_board.xdc] for cell 'level0_i/ulp/SLR2/axi_gpio_null/U0'
Finished Parsing XDC File [/home/ae_reviewer/TempGNN/build/baselines/rtga_timingfix_v3_hw/_x/link/vivado/vpl/prj/prj.gen/my_rm/bd/ulp/ip/ulp_axi_gpio_null_2/ulp_axi_gpio_null_2_board.xdc] for cell 'level0_i/ulp/SLR2/axi_gpio_null/U0'
Parsing XDC File [/home/ae_reviewer/TempGNN/build/baselines/rtga_timingfix_v3_hw/_x/link/vivado/vpl/prj/prj.gen/my_rm/bd/ulp/ip/ulp_axi_gpio_null_1/ulp_axi_gpio_null_1.xdc] for cell 'level0_i/ulp/SLR1/axi_gpio_null/U0'
Finished Parsing XDC File [/home/ae_reviewer/TempGNN/build/baselines/rtga_timingfix_v3_hw/_x/link/vivado/vpl/prj/prj.gen/my_rm/bd/ulp/ip/ulp_axi_gpio_null_1/ulp_axi_gpio_null_1.xdc] for cell 'level0_i/ulp/SLR1/axi_gpio_null/U0'
Parsing XDC File [/home/ae_reviewer/TempGNN/build/baselines/rtga_timingfix_v3_hw/_x/link/vivado/vpl/prj/prj.gen/my_rm/bd/ulp/ip/ulp_axi_gpio_null_1/ulp_axi_gpio_null_1_board.xdc] for cell 'level0_i/ulp/SLR1/axi_gpio_null/U0'
Finished Parsing XDC File [/home/ae_reviewer/TempGNN/build/baselines/rtga_timingfix_v3_hw/_x/link/vivado/vpl/prj/prj.gen/my_rm/bd/ulp/ip/ulp_axi_gpio_null_1/ulp_axi_gpio_null_1_board.xdc] for cell 'level0_i/ulp/SLR1/axi_gpio_null/U0'
Parsing XDC File [/home/ae_reviewer/TempGNN/build/baselines/rtga_timingfix_v3_hw/_x/link/vivado/vpl/prj/prj.gen/my_rm/bd/ulp/ip/ulp_axi_gpio_null_0/ulp_axi_gpio_null_0.xdc] for cell 'level0_i/ulp/SLR0/axi_gpio_null/U0'
Finished Parsing XDC File [/home/ae_reviewer/TempGNN/build/baselines/rtga_timingfix_v3_hw/_x/link/vivado/vpl/prj/prj.gen/my_rm/bd/ulp/ip/ulp_axi_gpio_null_0/ulp_axi_gpio_null_0.xdc] for cell 'level0_i/ulp/SLR0/axi_gpio_null/U0'
Parsing XDC File [/home/ae_reviewer/TempGNN/build/baselines/rtga_timingfix_v3_hw/_x/link/vivado/vpl/prj/prj.gen/my_rm/bd/ulp/ip/ulp_hmss_0_0/bd_3/ip/ip_3/bd_ba7c_psr_aclk1_0.xdc] for cell 'level0_i/ulp/hmss_0/inst/path_2/interconnect3_2/inst/clk_map/psr_aclk1/U0'
WARNING: [Vivado_Tcl 4-935] Waiver ID 'CDC-11' is a duplicate and will not be added again. [/home/ae_reviewer/TempGNN/build/baselines/rtga_timingfix_v3_hw/_x/link/vivado/vpl/prj/prj.gen/my_rm/bd/ulp/ip/ulp_hmss_0_0/bd_3/ip/ip_3/bd_ba7c_psr_aclk1_0.xdc:50]
Finished Parsing XDC File [/home/ae_reviewer/TempGNN/build/baselines/rtga_timingfix_v3_hw/_x/link/vivado/vpl/prj/prj.gen/my_rm/bd/ulp/ip/ulp_hmss_0_0/bd_3/ip/ip_3/bd_ba7c_psr_aclk1_0.xdc] for cell 'level0_i/ulp/hmss_0/inst/path_2/interconnect3_2/inst/clk_map/psr_aclk1/U0'
Parsing XDC File [/home/ae_reviewer/TempGNN/build/baselines/rtga_timingfix_v3_hw/_x/link/vivado/vpl/prj/prj.gen/my_rm/bd/ulp/ip/ulp_hmss_0_0/bd_4/ip/ip_9/bd_ba98_srn_0_clocks.xdc] for cell 'level0_i/ulp/hmss_0/inst/path_3/interconnect4_3/inst/s00_nodes/s00_r_node/inst'
WARNING: [Vivado_Tcl 4-935] Waiver ID 'CDC-1' is a duplicate and will not be added again. [/home/ae_reviewer/TempGNN/build/baselines/rtga_timingfix_v3_hw/_x/link/vivado/vpl/prj/prj.gen/my_rm/bd/ulp/ip/ulp_hmss_0_0/bd_4/ip/ip_9/bd_ba98_srn_0_clocks.xdc:140]
WARNING: [Vivado_Tcl 4-935] Waiver ID 'CDC-1' is a duplicate and will not be added again. [/home/ae_reviewer/TempGNN/build/baselines/rtga_timingfix_v3_hw/_x/link/vivado/vpl/prj/prj.gen/my_rm/bd/ulp/ip/ulp_hmss_0_0/bd_4/ip/ip_9/bd_ba98_srn_0_clocks.xdc:143]
WARNING: [Vivado_Tcl 4-935] Waiver ID 'CDC-1' is a duplicate and will not be added again. [/home/ae_reviewer/TempGNN/build/baselines/rtga_timingfix_v3_hw/_x/link/vivado/vpl/prj/prj.gen/my_rm/bd/ulp/ip/ulp_hmss_0_0/bd_4/ip/ip_9/bd_ba98_srn_0_clocks.xdc:146]
WARNING: [Vivado_Tcl 4-935] Waiver ID 'CDC-1' is a duplicate and will not be added again. [/home/ae_reviewer/TempGNN/build/baselines/rtga_timingfix_v3_hw/_x/link/vivado/vpl/prj/prj.gen/my_rm/bd/ulp/ip/ulp_hmss_0_0/bd_4/ip/ip_9/bd_ba98_srn_0_clocks.xdc:152]
WARNING: [Vivado_Tcl 4-935] Waiver ID 'CDC-1' is a duplicate and will not be added again. [/home/ae_reviewer/TempGNN/build/baselines/rtga_timingfix_v3_hw/_x/link/vivado/vpl/prj/prj.gen/my_rm/bd/ulp/ip/ulp_hmss_0_0/bd_4/ip/ip_9/bd_ba98_srn_0_clocks.xdc:155]
Finished Parsing XDC File [/home/ae_reviewer/TempGNN/build/baselines/rtga_timingfix_v3_hw/_x/link/vivado/vpl/prj/prj.gen/my_rm/bd/ulp/ip/ulp_hmss_0_0/bd_4/ip/ip_9/bd_ba98_srn_0_clocks.xdc] for cell 'level0_i/ulp/hmss_0/inst/path_3/interconnect4_3/inst/s00_nodes/s00_r_node/inst'
Parsing XDC File [/home/ae_reviewer/TempGNN/build/baselines/rtga_timingfix_v3_hw/_x/link/vivado/vpl/prj/prj.gen/my_rm/bd/ulp/ip/ulp_hmss_0_0/bd_4/ip/ip_8/bd_ba98_sarn_0_clocks.xdc] for cell 'level0_i/ulp/hmss_0/inst/path_3/interconnect4_3/inst/s00_nodes/s00_ar_node/inst'
Finished Parsing XDC File [/home/ae_reviewer/TempGNN/build/baselines/rtga_timingfix_v3_hw/_x/link/vivado/vpl/prj/prj.gen/my_rm/bd/ulp/ip/ulp_hmss_0_0/bd_4/ip/ip_8/bd_ba98_sarn_0_clocks.xdc] for cell 'level0_i/ulp/hmss_0/inst/path_3/interconnect4_3/inst/s00_nodes/s00_ar_node/inst'
Parsing XDC File [/home/ae_reviewer/TempGNN/build/baselines/rtga_timingfix_v3_hw/_x/link/vivado/vpl/prj/prj.gen/my_rm/bd/ulp/ip/ulp_hmss_0_0/bd_4/ip/ip_3/bd_ba98_psr_aclk1_0.xdc] for cell 'level0_i/ulp/hmss_0/inst/path_3/interconnect4_3/inst/clk_map/psr_aclk1/U0'
WARNING: [Vivado_Tcl 4-935] Waiver ID 'CDC-11' is a duplicate and will not be added again. [/home/ae_reviewer/TempGNN/build/baselines/rtga_timingfix_v3_hw/_x/link/vivado/vpl/prj/prj.gen/my_rm/bd/ulp/ip/ulp_hmss_0_0/bd_4/ip/ip_3/bd_ba98_psr_aclk1_0.xdc:50]
Finished Parsing XDC File [/home/ae_reviewer/TempGNN/build/baselines/rtga_timingfix_v3_hw/_x/link/vivado/vpl/prj/prj.gen/my_rm/bd/ulp/ip/ulp_hmss_0_0/bd_4/ip/ip_3/bd_ba98_psr_aclk1_0.xdc] for cell 'level0_i/ulp/hmss_0/inst/path_3/interconnect4_3/inst/clk_map/psr_aclk1/U0'
Parsing XDC File [/home/ae_reviewer/TempGNN/build/baselines/rtga_timingfix_v3_hw/_x/link/vivado/vpl/prj/prj.gen/my_rm/bd/ulp/ip/ulp_hmss_0_0/bd_4/ip/ip_3/bd_ba98_psr_aclk1_0_board.xdc] for cell 'level0_i/ulp/hmss_0/inst/path_3/interconnect4_3/inst/clk_map/psr_aclk1/U0'
Finished Parsing XDC File [/home/ae_reviewer/TempGNN/build/baselines/rtga_timingfix_v3_hw/_x/link/vivado/vpl/prj/prj.gen/my_rm/bd/ulp/ip/ulp_hmss_0_0/bd_4/ip/ip_3/bd_ba98_psr_aclk1_0_board.xdc] for cell 'level0_i/ulp/hmss_0/inst/path_3/interconnect4_3/inst/clk_map/psr_aclk1/U0'
Parsing XDC File [/home/ae_reviewer/TempGNN/build/baselines/rtga_timingfix_v3_hw/_x/link/vivado/vpl/prj/prj.gen/my_rm/bd/ulp/ip/ulp_hmss_0_0/bd_4/ip/ip_2/bd_ba98_psr_aclk_0.xdc] for cell 'level0_i/ulp/hmss_0/inst/path_3/interconnect4_3/inst/clk_map/psr_aclk/U0'
WARNING: [Vivado_Tcl 4-935] Waiver ID 'CDC-11' is a duplicate and will not be added again. [/home/ae_reviewer/TempGNN/build/baselines/rtga_timingfix_v3_hw/_x/link/vivado/vpl/prj/prj.gen/my_rm/bd/ulp/ip/ulp_hmss_0_0/bd_4/ip/ip_2/bd_ba98_psr_aclk_0.xdc:50]
Finished Parsing XDC File [/home/ae_reviewer/TempGNN/build/baselines/rtga_timingfix_v3_hw/_x/link/vivado/vpl/prj/prj.gen/my_rm/bd/ulp/ip/ulp_hmss_0_0/bd_4/ip/ip_2/bd_ba98_psr_aclk_0.xdc] for cell 'level0_i/ulp/hmss_0/inst/path_3/interconnect4_3/inst/clk_map/psr_aclk/U0'
Parsing XDC File [/home/ae_reviewer/TempGNN/build/baselines/rtga_timingfix_v3_hw/_x/link/vivado/vpl/prj/prj.gen/my_rm/bd/ulp/ip/ulp_hmss_0_0/bd_4/ip/ip_2/bd_ba98_psr_aclk_0_board.xdc] for cell 'level0_i/ulp/hmss_0/inst/path_3/interconnect4_3/inst/clk_map/psr_aclk/U0'
Finished Parsing XDC File [/home/ae_reviewer/TempGNN/build/baselines/rtga_timingfix_v3_hw/_x/link/vivado/vpl/prj/prj.gen/my_rm/bd/ulp/ip/ulp_hmss_0_0/bd_4/ip/ip_2/bd_ba98_psr_aclk_0_board.xdc] for cell 'level0_i/ulp/hmss_0/inst/path_3/interconnect4_3/inst/clk_map/psr_aclk/U0'
Parsing XDC File [/home/ae_reviewer/TempGNN/build/baselines/rtga_timingfix_v3_hw/_x/link/vivado/vpl/prj/prj.gen/my_rm/bd/ulp/ip/ulp_hmss_0_0/bd_4/ip/ip_1/bd_ba98_psr0_0.xdc] for cell 'level0_i/ulp/hmss_0/inst/path_3/interconnect4_3/inst/clk_map/psr0/U0'
WARNING: [Vivado_Tcl 4-935] Waiver ID 'CDC-11' is a duplicate and will not be added again. [/home/ae_reviewer/TempGNN/build/baselines/rtga_timingfix_v3_hw/_x/link/vivado/vpl/prj/prj.gen/my_rm/bd/ulp/ip/ulp_hmss_0_0/bd_4/ip/ip_1/bd_ba98_psr0_0.xdc:50]
Finished Parsing XDC File [/home/ae_reviewer/TempGNN/build/baselines/rtga_timingfix_v3_hw/_x/link/vivado/vpl/prj/prj.gen/my_rm/bd/ulp/ip/ulp_hmss_0_0/bd_4/ip/ip_1/bd_ba98_psr0_0.xdc] for cell 'level0_i/ulp/hmss_0/inst/path_3/interconnect4_3/inst/clk_map/psr0/U0'
Parsing XDC File [/home/ae_reviewer/TempGNN/build/baselines/rtga_timingfix_v3_hw/_x/link/vivado/vpl/prj/prj.gen/my_rm/bd/ulp/ip/ulp_hmss_0_0/bd_4/ip/ip_1/bd_ba98_psr0_0_board.xdc] for cell 'level0_i/ulp/hmss_0/inst/path_3/interconnect4_3/inst/clk_map/psr0/U0'
Finished Parsing XDC File [/home/ae_reviewer/TempGNN/build/baselines/rtga_timingfix_v3_hw/_x/link/vivado/vpl/prj/prj.gen/my_rm/bd/ulp/ip/ulp_hmss_0_0/bd_4/ip/ip_1/bd_ba98_psr0_0_board.xdc] for cell 'level0_i/ulp/hmss_0/inst/path_3/interconnect4_3/inst/clk_map/psr0/U0'
Parsing XDC File [/home/ae_reviewer/TempGNN/build/baselines/rtga_timingfix_v3_hw/_x/link/vivado/vpl/prj/prj.gen/my_rm/bd/ulp/ip/ulp_hmss_0_0/bd_0/ip/ip_9/smartconnect.xdc] for cell 'level0_i/ulp/hmss_0/inst/path_2/interconnect3_2/inst'
WARNING: [Vivado_Tcl 4-919] Waiver ID 'CDC-1' -from list should not be empty. [/home/ae_reviewer/TempGNN/build/baselines/rtga_timingfix_v3_hw/_x/link/vivado/vpl/prj/prj.gen/my_rm/bd/ulp/ip/ulp_hmss_0_0/bd_0/ip/ip_9/smartconnect.xdc:1]
Finished Parsing XDC File [/home/ae_reviewer/TempGNN/build/baselines/rtga_timingfix_v3_hw/_x/link/vivado/vpl/prj/prj.gen/my_rm/bd/ulp/ip/ulp_hmss_0_0/bd_0/ip/ip_9/smartconnect.xdc] for cell 'level0_i/ulp/hmss_0/inst/path_2/interconnect3_2/inst'
Parsing XDC File [/home/ae_reviewer/TempGNN/build/baselines/rtga_timingfix_v3_hw/_x/link/vivado/vpl/prj/prj.gen/my_rm/bd/ulp/ip/ulp_hmss_0_0/bd_3/ip/ip_9/bd_ba7c_srn_0_clocks.xdc] for cell 'level0_i/ulp/hmss_0/inst/path_2/interconnect3_2/inst/s00_nodes/s00_r_node/inst'
WARNING: [Vivado_Tcl 4-935] Waiver ID 'CDC-1' is a duplicate and will not be added again. [/home/ae_reviewer/TempGNN/build/baselines/rtga_timingfix_v3_hw/_x/link/vivado/vpl/prj/prj.gen/my_rm/bd/ulp/ip/ulp_hmss_0_0/bd_3/ip/ip_9/bd_ba7c_srn_0_clocks.xdc:140]
WARNING: [Vivado_Tcl 4-935] Waiver ID 'CDC-1' is a duplicate and will not be added again. [/home/ae_reviewer/TempGNN/build/baselines/rtga_timingfix_v3_hw/_x/link/vivado/vpl/prj/prj.gen/my_rm/bd/ulp/ip/ulp_hmss_0_0/bd_3/ip/ip_9/bd_ba7c_srn_0_clocks.xdc:143]
WARNING: [Vivado_Tcl 4-935] Waiver ID 'CDC-1' is a duplicate and will not be added again. [/home/ae_reviewer/TempGNN/build/baselines/rtga_timingfix_v3_hw/_x/link/vivado/vpl/prj/prj.gen/my_rm/bd/ulp/ip/ulp_hmss_0_0/bd_3/ip/ip_9/bd_ba7c_srn_0_clocks.xdc:146]
WARNING: [Vivado_Tcl 4-935] Waiver ID 'CDC-1' is a duplicate and will not be added again. [/home/ae_reviewer/TempGNN/build/baselines/rtga_timingfix_v3_hw/_x/link/vivado/vpl/prj/prj.gen/my_rm/bd/ulp/ip/ulp_hmss_0_0/bd_3/ip/ip_9/bd_ba7c_srn_0_clocks.xdc:152]
WARNING: [Vivado_Tcl 4-935] Waiver ID 'CDC-1' is a duplicate and will not be added again. [/home/ae_reviewer/TempGNN/build/baselines/rtga_timingfix_v3_hw/_x/link/vivado/vpl/prj/prj.gen/my_rm/bd/ulp/ip/ulp_hmss_0_0/bd_3/ip/ip_9/bd_ba7c_srn_0_clocks.xdc:155]
Finished Parsing XDC File [/home/ae_reviewer/TempGNN/build/baselines/rtga_timingfix_v3_hw/_x/link/vivado/vpl/prj/prj.gen/my_rm/bd/ulp/ip/ulp_hmss_0_0/bd_3/ip/ip_9/bd_ba7c_srn_0_clocks.xdc] for cell 'level0_i/ulp/hmss_0/inst/path_2/interconnect3_2/inst/s00_nodes/s00_r_node/inst'
Parsing XDC File [/home/ae_reviewer/TempGNN/build/baselines/rtga_timingfix_v3_hw/_x/link/vivado/vpl/prj/prj.gen/my_rm/bd/ulp/ip/ulp_hmss_0_0/bd_3/ip/ip_8/bd_ba7c_sarn_0_clocks.xdc] for cell 'level0_i/ulp/hmss_0/inst/path_2/interconnect3_2/inst/s00_nodes/s00_ar_node/inst'
Finished Parsing XDC File [/home/ae_reviewer/TempGNN/build/baselines/rtga_timingfix_v3_hw/_x/link/vivado/vpl/prj/prj.gen/my_rm/bd/ulp/ip/ulp_hmss_0_0/bd_3/ip/ip_8/bd_ba7c_sarn_0_clocks.xdc] for cell 'level0_i/ulp/hmss_0/inst/path_2/interconnect3_2/inst/s00_nodes/s00_ar_node/inst'
Parsing XDC File [/home/ae_reviewer/TempGNN/build/baselines/rtga_timingfix_v3_hw/_x/link/vivado/vpl/prj/prj.gen/my_rm/bd/ulp/ip/ulp_hmss_0_0/bd_10/ip/ip_2/bd_5dbf_psr_aclk_0_board.xdc] for cell 'level0_i/ulp/hmss_0/inst/path_9/interconnect10_9/inst/clk_map/psr_aclk/U0'
Finished Parsing XDC File [/home/ae_reviewer/TempGNN/build/baselines/rtga_timingfix_v3_hw/_x/link/vivado/vpl/prj/prj.gen/my_rm/bd/ulp/ip/ulp_hmss_0_0/bd_10/ip/ip_2/bd_5dbf_psr_aclk_0_board.xdc] for cell 'level0_i/ulp/hmss_0/inst/path_9/interconnect10_9/inst/clk_map/psr_aclk/U0'
Parsing XDC File [/home/ae_reviewer/TempGNN/build/baselines/rtga_timingfix_v3_hw/_x/link/vivado/vpl/prj/prj.gen/my_rm/bd/ulp/ip/ulp_hmss_0_0/bd_3/ip/ip_3/bd_ba7c_psr_aclk1_0_board.xdc] for cell 'level0_i/ulp/hmss_0/inst/path_2/interconnect3_2/inst/clk_map/psr_aclk1/U0'
Finished Parsing XDC File [/home/ae_reviewer/TempGNN/build/baselines/rtga_timingfix_v3_hw/_x/link/vivado/vpl/prj/prj.gen/my_rm/bd/ulp/ip/ulp_hmss_0_0/bd_3/ip/ip_3/bd_ba7c_psr_aclk1_0_board.xdc] for cell 'level0_i/ulp/hmss_0/inst/path_2/interconnect3_2/inst/clk_map/psr_aclk1/U0'
Parsing XDC File [/home/ae_reviewer/TempGNN/build/baselines/rtga_timingfix_v3_hw/_x/link/vivado/vpl/prj/prj.gen/my_rm/bd/ulp/ip/ulp_hmss_0_0/bd_3/ip/ip_2/bd_ba7c_psr_aclk_0.xdc] for cell 'level0_i/ulp/hmss_0/inst/path_2/interconnect3_2/inst/clk_map/psr_aclk/U0'
WARNING: [Vivado_Tcl 4-935] Waiver ID 'CDC-11' is a duplicate and will not be added again. [/home/ae_reviewer/TempGNN/build/baselines/rtga_timingfix_v3_hw/_x/link/vivado/vpl/prj/prj.gen/my_rm/bd/ulp/ip/ulp_hmss_0_0/bd_3/ip/ip_2/bd_ba7c_psr_aclk_0.xdc:50]
Finished Parsing XDC File [/home/ae_reviewer/TempGNN/build/baselines/rtga_timingfix_v3_hw/_x/link/vivado/vpl/prj/prj.gen/my_rm/bd/ulp/ip/ulp_hmss_0_0/bd_3/ip/ip_2/bd_ba7c_psr_aclk_0.xdc] for cell 'level0_i/ulp/hmss_0/inst/path_2/interconnect3_2/inst/clk_map/psr_aclk/U0'
Parsing XDC File [/home/ae_reviewer/TempGNN/build/baselines/rtga_timingfix_v3_hw/_x/link/vivado/vpl/prj/prj.gen/my_rm/bd/ulp/ip/ulp_hmss_0_0/bd_3/ip/ip_2/bd_ba7c_psr_aclk_0_board.xdc] for cell 'level0_i/ulp/hmss_0/inst/path_2/interconnect3_2/inst/clk_map/psr_aclk/U0'
Finished Parsing XDC File [/home/ae_reviewer/TempGNN/build/baselines/rtga_timingfix_v3_hw/_x/link/vivado/vpl/prj/prj.gen/my_rm/bd/ulp/ip/ulp_hmss_0_0/bd_3/ip/ip_2/bd_ba7c_psr_aclk_0_board.xdc] for cell 'level0_i/ulp/hmss_0/inst/path_2/interconnect3_2/inst/clk_map/psr_aclk/U0'
Parsing XDC File [/home/ae_reviewer/TempGNN/build/baselines/rtga_timingfix_v3_hw/_x/link/vivado/vpl/prj/prj.gen/my_rm/bd/ulp/ip/ulp_hmss_0_0/bd_3/ip/ip_1/bd_ba7c_psr0_0.xdc] for cell 'level0_i/ulp/hmss_0/inst/path_2/interconnect3_2/inst/clk_map/psr0/U0'
WARNING: [Vivado_Tcl 4-935] Waiver ID 'CDC-11' is a duplicate and will not be added again. [/home/ae_reviewer/TempGNN/build/baselines/rtga_timingfix_v3_hw/_x/link/vivado/vpl/prj/prj.gen/my_rm/bd/ulp/ip/ulp_hmss_0_0/bd_3/ip/ip_1/bd_ba7c_psr0_0.xdc:50]
Finished Parsing XDC File [/home/ae_reviewer/TempGNN/build/baselines/rtga_timingfix_v3_hw/_x/link/vivado/vpl/prj/prj.gen/my_rm/bd/ulp/ip/ulp_hmss_0_0/bd_3/ip/ip_1/bd_ba7c_psr0_0.xdc] for cell 'level0_i/ulp/hmss_0/inst/path_2/interconnect3_2/inst/clk_map/psr0/U0'
Parsing XDC File [/home/ae_reviewer/TempGNN/build/baselines/rtga_timingfix_v3_hw/_x/link/vivado/vpl/prj/prj.gen/my_rm/bd/ulp/ip/ulp_hmss_0_0/bd_3/ip/ip_1/bd_ba7c_psr0_0_board.xdc] for cell 'level0_i/ulp/hmss_0/inst/path_2/interconnect3_2/inst/clk_map/psr0/U0'
Finished Parsing XDC File [/home/ae_reviewer/TempGNN/build/baselines/rtga_timingfix_v3_hw/_x/link/vivado/vpl/prj/prj.gen/my_rm/bd/ulp/ip/ulp_hmss_0_0/bd_3/ip/ip_1/bd_ba7c_psr0_0_board.xdc] for cell 'level0_i/ulp/hmss_0/inst/path_2/interconnect3_2/inst/clk_map/psr0/U0'
Parsing XDC File [/home/ae_reviewer/TempGNN/build/baselines/rtga_timingfix_v3_hw/_x/link/vivado/vpl/prj/prj.gen/my_rm/bd/ulp/ip/ulp_hmss_0_0/bd_0/ip/ip_6/smartconnect.xdc] for cell 'level0_i/ulp/hmss_0/inst/path_1/interconnect2_1/inst'
WARNING: [Vivado_Tcl 4-919] Waiver ID 'CDC-1' -from list should not be empty. [/home/ae_reviewer/TempGNN/build/baselines/rtga_timingfix_v3_hw/_x/link/vivado/vpl/prj/prj.gen/my_rm/bd/ulp/ip/ulp_hmss_0_0/bd_0/ip/ip_6/smartconnect.xdc:1]
Finished Parsing XDC File [/home/ae_reviewer/TempGNN/build/baselines/rtga_timingfix_v3_hw/_x/link/vivado/vpl/prj/prj.gen/my_rm/bd/ulp/ip/ulp_hmss_0_0/bd_0/ip/ip_6/smartconnect.xdc] for cell 'level0_i/ulp/hmss_0/inst/path_1/interconnect2_1/inst'
Parsing XDC File [/home/ae_reviewer/TempGNN/build/baselines/rtga_timingfix_v3_hw/_x/link/vivado/vpl/prj/prj.gen/my_rm/bd/ulp/ip/ulp_hmss_0_0/bd_2/ip/ip_9/bd_7ab1_srn_0_clocks.xdc] for cell 'level0_i/ulp/hmss_0/inst/path_1/interconnect2_1/inst/s00_nodes/s00_r_node/inst'
WARNING: [Vivado_Tcl 4-935] Waiver ID 'CDC-1' is a duplicate and will not be added again. [/home/ae_reviewer/TempGNN/build/baselines/rtga_timingfix_v3_hw/_x/link/vivado/vpl/prj/prj.gen/my_rm/bd/ulp/ip/ulp_hmss_0_0/bd_2/ip/ip_9/bd_7ab1_srn_0_clocks.xdc:140]
WARNING: [Vivado_Tcl 4-935] Waiver ID 'CDC-1' is a duplicate and will not be added again. [/home/ae_reviewer/TempGNN/build/baselines/rtga_timingfix_v3_hw/_x/link/vivado/vpl/prj/prj.gen/my_rm/bd/ulp/ip/ulp_hmss_0_0/bd_2/ip/ip_9/bd_7ab1_srn_0_clocks.xdc:143]
WARNING: [Vivado_Tcl 4-935] Waiver ID 'CDC-1' is a duplicate and will not be added again. [/home/ae_reviewer/TempGNN/build/baselines/rtga_timingfix_v3_hw/_x/link/vivado/vpl/prj/prj.gen/my_rm/bd/ulp/ip/ulp_hmss_0_0/bd_2/ip/ip_9/bd_7ab1_srn_0_clocks.xdc:146]
WARNING: [Vivado_Tcl 4-935] Waiver ID 'CDC-1' is a duplicate and will not be added again. [/home/ae_reviewer/TempGNN/build/baselines/rtga_timingfix_v3_hw/_x/link/vivado/vpl/prj/prj.gen/my_rm/bd/ulp/ip/ulp_hmss_0_0/bd_2/ip/ip_9/bd_7ab1_srn_0_clocks.xdc:152]
WARNING: [Vivado_Tcl 4-935] Waiver ID 'CDC-1' is a duplicate and will not be added again. [/home/ae_reviewer/TempGNN/build/baselines/rtga_timingfix_v3_hw/_x/link/vivado/vpl/prj/prj.gen/my_rm/bd/ulp/ip/ulp_hmss_0_0/bd_2/ip/ip_9/bd_7ab1_srn_0_clocks.xdc:155]
Finished Parsing XDC File [/home/ae_reviewer/TempGNN/build/baselines/rtga_timingfix_v3_hw/_x/link/vivado/vpl/prj/prj.gen/my_rm/bd/ulp/ip/ulp_hmss_0_0/bd_2/ip/ip_9/bd_7ab1_srn_0_clocks.xdc] for cell 'level0_i/ulp/hmss_0/inst/path_1/interconnect2_1/inst/s00_nodes/s00_r_node/inst'
Parsing XDC File [/home/ae_reviewer/TempGNN/build/baselines/rtga_timingfix_v3_hw/_x/link/vivado/vpl/prj/prj.gen/my_rm/bd/ulp/ip/ulp_hmss_0_0/bd_2/ip/ip_8/bd_7ab1_sarn_0_clocks.xdc] for cell 'level0_i/ulp/hmss_0/inst/path_1/interconnect2_1/inst/s00_nodes/s00_ar_node/inst'
Finished Parsing XDC File [/home/ae_reviewer/TempGNN/build/baselines/rtga_timingfix_v3_hw/_x/link/vivado/vpl/prj/prj.gen/my_rm/bd/ulp/ip/ulp_hmss_0_0/bd_2/ip/ip_8/bd_7ab1_sarn_0_clocks.xdc] for cell 'level0_i/ulp/hmss_0/inst/path_1/interconnect2_1/inst/s00_nodes/s00_ar_node/inst'
Parsing XDC File [/home/ae_reviewer/TempGNN/build/baselines/rtga_timingfix_v3_hw/_x/link/vivado/vpl/prj/prj.gen/my_rm/bd/ulp/ip/ulp_hmss_0_0/bd_2/ip/ip_3/bd_7ab1_psr_aclk1_0.xdc] for cell 'level0_i/ulp/hmss_0/inst/path_1/interconnect2_1/inst/clk_map/psr_aclk1/U0'
WARNING: [Vivado_Tcl 4-935] Waiver ID 'CDC-11' is a duplicate and will not be added again. [/home/ae_reviewer/TempGNN/build/baselines/rtga_timingfix_v3_hw/_x/link/vivado/vpl/prj/prj.gen/my_rm/bd/ulp/ip/ulp_hmss_0_0/bd_2/ip/ip_3/bd_7ab1_psr_aclk1_0.xdc:50]
Finished Parsing XDC File [/home/ae_reviewer/TempGNN/build/baselines/rtga_timingfix_v3_hw/_x/link/vivado/vpl/prj/prj.gen/my_rm/bd/ulp/ip/ulp_hmss_0_0/bd_2/ip/ip_3/bd_7ab1_psr_aclk1_0.xdc] for cell 'level0_i/ulp/hmss_0/inst/path_1/interconnect2_1/inst/clk_map/psr_aclk1/U0'
Parsing XDC File [/home/ae_reviewer/TempGNN/build/baselines/rtga_timingfix_v3_hw/_x/link/vivado/vpl/prj/prj.gen/my_rm/bd/ulp/ip/ulp_hmss_0_0/bd_2/ip/ip_3/bd_7ab1_psr_aclk1_0_board.xdc] for cell 'level0_i/ulp/hmss_0/inst/path_1/interconnect2_1/inst/clk_map/psr_aclk1/U0'
Finished Parsing XDC File [/home/ae_reviewer/TempGNN/build/baselines/rtga_timingfix_v3_hw/_x/link/vivado/vpl/prj/prj.gen/my_rm/bd/ulp/ip/ulp_hmss_0_0/bd_2/ip/ip_3/bd_7ab1_psr_aclk1_0_board.xdc] for cell 'level0_i/ulp/hmss_0/inst/path_1/interconnect2_1/inst/clk_map/psr_aclk1/U0'
Parsing XDC File [/home/ae_reviewer/TempGNN/build/baselines/rtga_timingfix_v3_hw/_x/link/vivado/vpl/prj/prj.gen/my_rm/bd/ulp/ip/ulp_hmss_0_0/bd_2/ip/ip_2/bd_7ab1_psr_aclk_0.xdc] for cell 'level0_i/ulp/hmss_0/inst/path_1/interconnect2_1/inst/clk_map/psr_aclk/U0'
WARNING: [Vivado_Tcl 4-935] Waiver ID 'CDC-11' is a duplicate and will not be added again. [/home/ae_reviewer/TempGNN/build/baselines/rtga_timingfix_v3_hw/_x/link/vivado/vpl/prj/prj.gen/my_rm/bd/ulp/ip/ulp_hmss_0_0/bd_2/ip/ip_2/bd_7ab1_psr_aclk_0.xdc:50]
Finished Parsing XDC File [/home/ae_reviewer/TempGNN/build/baselines/rtga_timingfix_v3_hw/_x/link/vivado/vpl/prj/prj.gen/my_rm/bd/ulp/ip/ulp_hmss_0_0/bd_2/ip/ip_2/bd_7ab1_psr_aclk_0.xdc] for cell 'level0_i/ulp/hmss_0/inst/path_1/interconnect2_1/inst/clk_map/psr_aclk/U0'
Parsing XDC File [/home/ae_reviewer/TempGNN/build/baselines/rtga_timingfix_v3_hw/_x/link/vivado/vpl/prj/prj.gen/my_rm/bd/ulp/ip/ulp_proc_sys_reset_freerun_slr2_0/ulp_proc_sys_reset_freerun_slr2_0_board.xdc] for cell 'level0_i/ulp/proc_sys_reset_freerun_slr2/U0'
Finished Parsing XDC File [/home/ae_reviewer/TempGNN/build/baselines/rtga_timingfix_v3_hw/_x/link/vivado/vpl/prj/prj.gen/my_rm/bd/ulp/ip/ulp_proc_sys_reset_freerun_slr2_0/ulp_proc_sys_reset_freerun_slr2_0_board.xdc] for cell 'level0_i/ulp/proc_sys_reset_freerun_slr2/U0'
Parsing XDC File [/home/ae_reviewer/TempGNN/build/baselines/rtga_timingfix_v3_hw/_x/link/vivado/vpl/prj/prj.gen/my_rm/bd/ulp/ip/ulp_proc_sys_reset_kernel_slr1_0/ulp_proc_sys_reset_kernel_slr1_0.xdc] for cell 'level0_i/ulp/proc_sys_reset_kernel_slr1/U0'
WARNING: [Vivado_Tcl 4-935] Waiver ID 'CDC-11' is a duplicate and will not be added again. [/home/ae_reviewer/TempGNN/build/baselines/rtga_timingfix_v3_hw/_x/link/vivado/vpl/prj/prj.gen/my_rm/bd/ulp/ip/ulp_proc_sys_reset_kernel_slr1_0/ulp_proc_sys_reset_kernel_slr1_0.xdc:50]
Finished Parsing XDC File [/home/ae_reviewer/TempGNN/build/baselines/rtga_timingfix_v3_hw/_x/link/vivado/vpl/prj/prj.gen/my_rm/bd/ulp/ip/ulp_proc_sys_reset_kernel_slr1_0/ulp_proc_sys_reset_kernel_slr1_0.xdc] for cell 'level0_i/ulp/proc_sys_reset_kernel_slr1/U0'
Parsing XDC File [/home/ae_reviewer/TempGNN/build/baselines/rtga_timingfix_v3_hw/_x/link/vivado/vpl/prj/prj.gen/my_rm/bd/ulp/ip/ulp_proc_sys_reset_kernel_slr1_0/ulp_proc_sys_reset_kernel_slr1_0_board.xdc] for cell 'level0_i/ulp/proc_sys_reset_kernel_slr1/U0'
Finished Parsing XDC File [/home/ae_reviewer/TempGNN/build/baselines/rtga_timingfix_v3_hw/_x/link/vivado/vpl/prj/prj.gen/my_rm/bd/ulp/ip/ulp_proc_sys_reset_kernel_slr1_0/ulp_proc_sys_reset_kernel_slr1_0_board.xdc] for cell 'level0_i/ulp/proc_sys_reset_kernel_slr1/U0'
Parsing XDC File [/home/ae_reviewer/TempGNN/build/baselines/rtga_timingfix_v3_hw/_x/link/vivado/vpl/prj/prj.gen/my_rm/bd/ulp/ip/ulp_proc_sys_reset_kernel_slr0_0/ulp_proc_sys_reset_kernel_slr0_0.xdc] for cell 'level0_i/ulp/proc_sys_reset_kernel_slr0/U0'
WARNING: [Vivado_Tcl 4-935] Waiver ID 'CDC-11' is a duplicate and will not be added again. [/home/ae_reviewer/TempGNN/build/baselines/rtga_timingfix_v3_hw/_x/link/vivado/vpl/prj/prj.gen/my_rm/bd/ulp/ip/ulp_proc_sys_reset_kernel_slr0_0/ulp_proc_sys_reset_kernel_slr0_0.xdc:50]
Finished Parsing XDC File [/home/ae_reviewer/TempGNN/build/baselines/rtga_timingfix_v3_hw/_x/link/vivado/vpl/prj/prj.gen/my_rm/bd/ulp/ip/ulp_proc_sys_reset_kernel_slr0_0/ulp_proc_sys_reset_kernel_slr0_0.xdc] for cell 'level0_i/ulp/proc_sys_reset_kernel_slr0/U0'
Parsing XDC File [/home/ae_reviewer/TempGNN/build/baselines/rtga_timingfix_v3_hw/_x/link/vivado/vpl/prj/prj.gen/my_rm/bd/ulp/ip/ulp_proc_sys_reset_kernel_slr0_0/ulp_proc_sys_reset_kernel_slr0_0_board.xdc] for cell 'level0_i/ulp/proc_sys_reset_kernel_slr0/U0'
Finished Parsing XDC File [/home/ae_reviewer/TempGNN/build/baselines/rtga_timingfix_v3_hw/_x/link/vivado/vpl/prj/prj.gen/my_rm/bd/ulp/ip/ulp_proc_sys_reset_kernel_slr0_0/ulp_proc_sys_reset_kernel_slr0_0_board.xdc] for cell 'level0_i/ulp/proc_sys_reset_kernel_slr0/U0'
Parsing XDC File [/home/ae_reviewer/TempGNN/build/baselines/rtga_timingfix_v3_hw/_x/link/vivado/vpl/prj/prj.gen/my_rm/bd/ulp/ip/ulp_proc_sys_reset_kernel2_slr2_0/ulp_proc_sys_reset_kernel2_slr2_0.xdc] for cell 'level0_i/ulp/proc_sys_reset_kernel2_slr2/U0'
WARNING: [Vivado_Tcl 4-935] Waiver ID 'CDC-11' is a duplicate and will not be added again. [/home/ae_reviewer/TempGNN/build/baselines/rtga_timingfix_v3_hw/_x/link/vivado/vpl/prj/prj.gen/my_rm/bd/ulp/ip/ulp_proc_sys_reset_kernel2_slr2_0/ulp_proc_sys_reset_kernel2_slr2_0.xdc:50]
Finished Parsing XDC File [/home/ae_reviewer/TempGNN/build/baselines/rtga_timingfix_v3_hw/_x/link/vivado/vpl/prj/prj.gen/my_rm/bd/ulp/ip/ulp_proc_sys_reset_kernel2_slr2_0/ulp_proc_sys_reset_kernel2_slr2_0.xdc] for cell 'level0_i/ulp/proc_sys_reset_kernel2_slr2/U0'
Parsing XDC File [/home/ae_reviewer/TempGNN/build/baselines/rtga_timingfix_v3_hw/_x/link/vivado/vpl/prj/prj.gen/my_rm/bd/ulp/ip/ulp_proc_sys_reset_kernel2_slr2_0/ulp_proc_sys_reset_kernel2_slr2_0_board.xdc] for cell 'level0_i/ulp/proc_sys_reset_kernel2_slr2/U0'
Finished Parsing XDC File [/home/ae_reviewer/TempGNN/build/baselines/rtga_timingfix_v3_hw/_x/link/vivado/vpl/prj/prj.gen/my_rm/bd/ulp/ip/ulp_proc_sys_reset_kernel2_slr2_0/ulp_proc_sys_reset_kernel2_slr2_0_board.xdc] for cell 'level0_i/ulp/proc_sys_reset_kernel2_slr2/U0'
Parsing XDC File [/home/ae_reviewer/TempGNN/build/baselines/rtga_timingfix_v3_hw/_x/link/vivado/vpl/prj/prj.gen/my_rm/bd/ulp/ip/ulp_proc_sys_reset_kernel2_slr1_0/ulp_proc_sys_reset_kernel2_slr1_0.xdc] for cell 'level0_i/ulp/proc_sys_reset_kernel2_slr1/U0'
WARNING: [Vivado_Tcl 4-935] Waiver ID 'CDC-11' is a duplicate and will not be added again. [/home/ae_reviewer/TempGNN/build/baselines/rtga_timingfix_v3_hw/_x/link/vivado/vpl/prj/prj.gen/my_rm/bd/ulp/ip/ulp_proc_sys_reset_kernel2_slr1_0/ulp_proc_sys_reset_kernel2_slr1_0.xdc:50]
Finished Parsing XDC File [/home/ae_reviewer/TempGNN/build/baselines/rtga_timingfix_v3_hw/_x/link/vivado/vpl/prj/prj.gen/my_rm/bd/ulp/ip/ulp_proc_sys_reset_kernel2_slr1_0/ulp_proc_sys_reset_kernel2_slr1_0.xdc] for cell 'level0_i/ulp/proc_sys_reset_kernel2_slr1/U0'
Parsing XDC File [/home/ae_reviewer/TempGNN/build/baselines/rtga_timingfix_v3_hw/_x/link/vivado/vpl/prj/prj.gen/my_rm/bd/ulp/ip/ulp_proc_sys_reset_kernel2_slr1_0/ulp_proc_sys_reset_kernel2_slr1_0_board.xdc] for cell 'level0_i/ulp/proc_sys_reset_kernel2_slr1/U0'
Finished Parsing XDC File [/home/ae_reviewer/TempGNN/build/baselines/rtga_timingfix_v3_hw/_x/link/vivado/vpl/prj/prj.gen/my_rm/bd/ulp/ip/ulp_proc_sys_reset_kernel2_slr1_0/ulp_proc_sys_reset_kernel2_slr1_0_board.xdc] for cell 'level0_i/ulp/proc_sys_reset_kernel2_slr1/U0'
Parsing XDC File [/home/ae_reviewer/TempGNN/build/baselines/rtga_timingfix_v3_hw/_x/link/vivado/vpl/prj/prj.gen/my_rm/bd/ulp/ip/ulp_proc_sys_reset_kernel2_slr0_0/ulp_proc_sys_reset_kernel2_slr0_0.xdc] for cell 'level0_i/ulp/proc_sys_reset_kernel2_slr0/U0'
WARNING: [Vivado_Tcl 4-935] Waiver ID 'CDC-11' is a duplicate and will not be added again. [/home/ae_reviewer/TempGNN/build/baselines/rtga_timingfix_v3_hw/_x/link/vivado/vpl/prj/prj.gen/my_rm/bd/ulp/ip/ulp_proc_sys_reset_kernel2_slr0_0/ulp_proc_sys_reset_kernel2_slr0_0.xdc:50]
Finished Parsing XDC File [/home/ae_reviewer/TempGNN/build/baselines/rtga_timingfix_v3_hw/_x/link/vivado/vpl/prj/prj.gen/my_rm/bd/ulp/ip/ulp_proc_sys_reset_kernel2_slr0_0/ulp_proc_sys_reset_kernel2_slr0_0.xdc] for cell 'level0_i/ulp/proc_sys_reset_kernel2_slr0/U0'
Parsing XDC File [/home/ae_reviewer/TempGNN/build/baselines/rtga_timingfix_v3_hw/_x/link/vivado/vpl/prj/prj.gen/my_rm/bd/ulp/ip/ulp_proc_sys_reset_kernel2_slr0_0/ulp_proc_sys_reset_kernel2_slr0_0_board.xdc] for cell 'level0_i/ulp/proc_sys_reset_kernel2_slr0/U0'
Finished Parsing XDC File [/home/ae_reviewer/TempGNN/build/baselines/rtga_timingfix_v3_hw/_x/link/vivado/vpl/prj/prj.gen/my_rm/bd/ulp/ip/ulp_proc_sys_reset_kernel2_slr0_0/ulp_proc_sys_reset_kernel2_slr0_0_board.xdc] for cell 'level0_i/ulp/proc_sys_reset_kernel2_slr0/U0'
Parsing XDC File [/home/ae_reviewer/TempGNN/build/baselines/rtga_timingfix_v3_hw/_x/link/vivado/vpl/prj/prj.gen/my_rm/bd/ulp/ip/ulp_proc_sys_reset_freerun_slr2_0/ulp_proc_sys_reset_freerun_slr2_0.xdc] for cell 'level0_i/ulp/proc_sys_reset_freerun_slr2/U0'
WARNING: [Vivado_Tcl 4-935] Waiver ID 'CDC-11' is a duplicate and will not be added again. [/home/ae_reviewer/TempGNN/build/baselines/rtga_timingfix_v3_hw/_x/link/vivado/vpl/prj/prj.gen/my_rm/bd/ulp/ip/ulp_proc_sys_reset_freerun_slr2_0/ulp_proc_sys_reset_freerun_slr2_0.xdc:50]
Finished Parsing XDC File [/home/ae_reviewer/TempGNN/build/baselines/rtga_timingfix_v3_hw/_x/link/vivado/vpl/prj/prj.gen/my_rm/bd/ulp/ip/ulp_proc_sys_reset_freerun_slr2_0/ulp_proc_sys_reset_freerun_slr2_0.xdc] for cell 'level0_i/ulp/proc_sys_reset_freerun_slr2/U0'
Parsing XDC File [/home/ae_reviewer/TempGNN/build/baselines/rtga_timingfix_v3_hw/_x/link/vivado/vpl/prj/prj.gen/my_rm/bd/ulp/ip/ulp_proc_sys_reset_kernel_slr2_0/ulp_proc_sys_reset_kernel_slr2_0_board.xdc] for cell 'level0_i/ulp/proc_sys_reset_kernel_slr2/U0'
Finished Parsing XDC File [/home/ae_reviewer/TempGNN/build/baselines/rtga_timingfix_v3_hw/_x/link/vivado/vpl/prj/prj.gen/my_rm/bd/ulp/ip/ulp_proc_sys_reset_kernel_slr2_0/ulp_proc_sys_reset_kernel_slr2_0_board.xdc] for cell 'level0_i/ulp/proc_sys_reset_kernel_slr2/U0'
Parsing XDC File [/home/ae_reviewer/TempGNN/build/baselines/rtga_timingfix_v3_hw/_x/link/vivado/vpl/prj/prj.gen/my_rm/bd/ulp/ip/ulp_proc_sys_reset_freerun_slr1_0/ulp_proc_sys_reset_freerun_slr1_0.xdc] for cell 'level0_i/ulp/proc_sys_reset_freerun_slr1/U0'
WARNING: [Vivado_Tcl 4-935] Waiver ID 'CDC-11' is a duplicate and will not be added again. [/home/ae_reviewer/TempGNN/build/baselines/rtga_timingfix_v3_hw/_x/link/vivado/vpl/prj/prj.gen/my_rm/bd/ulp/ip/ulp_proc_sys_reset_freerun_slr1_0/ulp_proc_sys_reset_freerun_slr1_0.xdc:50]
Finished Parsing XDC File [/home/ae_reviewer/TempGNN/build/baselines/rtga_timingfix_v3_hw/_x/link/vivado/vpl/prj/prj.gen/my_rm/bd/ulp/ip/ulp_proc_sys_reset_freerun_slr1_0/ulp_proc_sys_reset_freerun_slr1_0.xdc] for cell 'level0_i/ulp/proc_sys_reset_freerun_slr1/U0'
Parsing XDC File [/home/ae_reviewer/TempGNN/build/baselines/rtga_timingfix_v3_hw/_x/link/vivado/vpl/prj/prj.gen/my_rm/bd/ulp/ip/ulp_proc_sys_reset_freerun_slr1_0/ulp_proc_sys_reset_freerun_slr1_0_board.xdc] for cell 'level0_i/ulp/proc_sys_reset_freerun_slr1/U0'
Finished Parsing XDC File [/home/ae_reviewer/TempGNN/build/baselines/rtga_timingfix_v3_hw/_x/link/vivado/vpl/prj/prj.gen/my_rm/bd/ulp/ip/ulp_proc_sys_reset_freerun_slr1_0/ulp_proc_sys_reset_freerun_slr1_0_board.xdc] for cell 'level0_i/ulp/proc_sys_reset_freerun_slr1/U0'
Parsing XDC File [/home/ae_reviewer/TempGNN/build/baselines/rtga_timingfix_v3_hw/_x/link/vivado/vpl/prj/prj.gen/my_rm/bd/ulp/ip/ulp_proc_sys_reset_freerun_slr0_0/ulp_proc_sys_reset_freerun_slr0_0.xdc] for cell 'level0_i/ulp/proc_sys_reset_freerun_slr0/U0'
WARNING: [Vivado_Tcl 4-935] Waiver ID 'CDC-11' is a duplicate and will not be added again. [/home/ae_reviewer/TempGNN/build/baselines/rtga_timingfix_v3_hw/_x/link/vivado/vpl/prj/prj.gen/my_rm/bd/ulp/ip/ulp_proc_sys_reset_freerun_slr0_0/ulp_proc_sys_reset_freerun_slr0_0.xdc:50]
Finished Parsing XDC File [/home/ae_reviewer/TempGNN/build/baselines/rtga_timingfix_v3_hw/_x/link/vivado/vpl/prj/prj.gen/my_rm/bd/ulp/ip/ulp_proc_sys_reset_freerun_slr0_0/ulp_proc_sys_reset_freerun_slr0_0.xdc] for cell 'level0_i/ulp/proc_sys_reset_freerun_slr0/U0'
Parsing XDC File [/home/ae_reviewer/TempGNN/build/baselines/rtga_timingfix_v3_hw/_x/link/vivado/vpl/prj/prj.gen/my_rm/bd/ulp/ip/ulp_proc_sys_reset_freerun_slr0_0/ulp_proc_sys_reset_freerun_slr0_0_board.xdc] for cell 'level0_i/ulp/proc_sys_reset_freerun_slr0/U0'
Finished Parsing XDC File [/home/ae_reviewer/TempGNN/build/baselines/rtga_timingfix_v3_hw/_x/link/vivado/vpl/prj/prj.gen/my_rm/bd/ulp/ip/ulp_proc_sys_reset_freerun_slr0_0/ulp_proc_sys_reset_freerun_slr0_0_board.xdc] for cell 'level0_i/ulp/proc_sys_reset_freerun_slr0/U0'
Parsing XDC File [/home/ae_reviewer/TempGNN/build/baselines/rtga_timingfix_v3_hw/_x/link/vivado/vpl/prj/prj.gen/my_rm/bd/ulp/ip/ulp_proc_sys_reset_ctrl_slr2_0/ulp_proc_sys_reset_ctrl_slr2_0.xdc] for cell 'level0_i/ulp/proc_sys_reset_ctrl_slr2/U0'
WARNING: [Vivado_Tcl 4-935] Waiver ID 'CDC-11' is a duplicate and will not be added again. [/home/ae_reviewer/TempGNN/build/baselines/rtga_timingfix_v3_hw/_x/link/vivado/vpl/prj/prj.gen/my_rm/bd/ulp/ip/ulp_proc_sys_reset_ctrl_slr2_0/ulp_proc_sys_reset_ctrl_slr2_0.xdc:50]
Finished Parsing XDC File [/home/ae_reviewer/TempGNN/build/baselines/rtga_timingfix_v3_hw/_x/link/vivado/vpl/prj/prj.gen/my_rm/bd/ulp/ip/ulp_proc_sys_reset_ctrl_slr2_0/ulp_proc_sys_reset_ctrl_slr2_0.xdc] for cell 'level0_i/ulp/proc_sys_reset_ctrl_slr2/U0'
Parsing XDC File [/home/ae_reviewer/TempGNN/build/baselines/rtga_timingfix_v3_hw/_x/link/vivado/vpl/prj/prj.gen/my_rm/bd/ulp/ip/ulp_proc_sys_reset_ctrl_slr2_0/ulp_proc_sys_reset_ctrl_slr2_0_board.xdc] for cell 'level0_i/ulp/proc_sys_reset_ctrl_slr2/U0'
Finished Parsing XDC File [/home/ae_reviewer/TempGNN/build/baselines/rtga_timingfix_v3_hw/_x/link/vivado/vpl/prj/prj.gen/my_rm/bd/ulp/ip/ulp_proc_sys_reset_ctrl_slr2_0/ulp_proc_sys_reset_ctrl_slr2_0_board.xdc] for cell 'level0_i/ulp/proc_sys_reset_ctrl_slr2/U0'
Parsing XDC File [/home/ae_reviewer/TempGNN/build/baselines/rtga_timingfix_v3_hw/_x/link/vivado/vpl/prj/prj.gen/my_rm/bd/ulp/ip/ulp_proc_sys_reset_ctrl_slr1_0/ulp_proc_sys_reset_ctrl_slr1_0.xdc] for cell 'level0_i/ulp/proc_sys_reset_ctrl_slr1/U0'
WARNING: [Vivado_Tcl 4-935] Waiver ID 'CDC-11' is a duplicate and will not be added again. [/home/ae_reviewer/TempGNN/build/baselines/rtga_timingfix_v3_hw/_x/link/vivado/vpl/prj/prj.gen/my_rm/bd/ulp/ip/ulp_proc_sys_reset_ctrl_slr1_0/ulp_proc_sys_reset_ctrl_slr1_0.xdc:50]
Finished Parsing XDC File [/home/ae_reviewer/TempGNN/build/baselines/rtga_timingfix_v3_hw/_x/link/vivado/vpl/prj/prj.gen/my_rm/bd/ulp/ip/ulp_proc_sys_reset_ctrl_slr1_0/ulp_proc_sys_reset_ctrl_slr1_0.xdc] for cell 'level0_i/ulp/proc_sys_reset_ctrl_slr1/U0'
Parsing XDC File [/home/ae_reviewer/TempGNN/build/baselines/rtga_timingfix_v3_hw/_x/link/vivado/vpl/prj/prj.gen/my_rm/bd/ulp/ip/ulp_proc_sys_reset_ctrl_slr1_0/ulp_proc_sys_reset_ctrl_slr1_0_board.xdc] for cell 'level0_i/ulp/proc_sys_reset_ctrl_slr1/U0'
Finished Parsing XDC File [/home/ae_reviewer/TempGNN/build/baselines/rtga_timingfix_v3_hw/_x/link/vivado/vpl/prj/prj.gen/my_rm/bd/ulp/ip/ulp_proc_sys_reset_ctrl_slr1_0/ulp_proc_sys_reset_ctrl_slr1_0_board.xdc] for cell 'level0_i/ulp/proc_sys_reset_ctrl_slr1/U0'
Parsing XDC File [/home/ae_reviewer/TempGNN/build/baselines/rtga_timingfix_v3_hw/_x/link/vivado/vpl/prj/prj.gen/my_rm/bd/ulp/ip/ulp_proc_sys_reset_ctrl_slr0_0/ulp_proc_sys_reset_ctrl_slr0_0.xdc] for cell 'level0_i/ulp/proc_sys_reset_ctrl_slr0/U0'
WARNING: [Vivado_Tcl 4-935] Waiver ID 'CDC-11' is a duplicate and will not be added again. [/home/ae_reviewer/TempGNN/build/baselines/rtga_timingfix_v3_hw/_x/link/vivado/vpl/prj/prj.gen/my_rm/bd/ulp/ip/ulp_proc_sys_reset_ctrl_slr0_0/ulp_proc_sys_reset_ctrl_slr0_0.xdc:50]
Finished Parsing XDC File [/home/ae_reviewer/TempGNN/build/baselines/rtga_timingfix_v3_hw/_x/link/vivado/vpl/prj/prj.gen/my_rm/bd/ulp/ip/ulp_proc_sys_reset_ctrl_slr0_0/ulp_proc_sys_reset_ctrl_slr0_0.xdc] for cell 'level0_i/ulp/proc_sys_reset_ctrl_slr0/U0'
Parsing XDC File [/home/ae_reviewer/TempGNN/build/baselines/rtga_timingfix_v3_hw/_x/link/vivado/vpl/prj/prj.gen/my_rm/bd/ulp/ip/ulp_proc_sys_reset_ctrl_slr0_0/ulp_proc_sys_reset_ctrl_slr0_0_board.xdc] for cell 'level0_i/ulp/proc_sys_reset_ctrl_slr0/U0'
Finished Parsing XDC File [/home/ae_reviewer/TempGNN/build/baselines/rtga_timingfix_v3_hw/_x/link/vivado/vpl/prj/prj.gen/my_rm/bd/ulp/ip/ulp_proc_sys_reset_ctrl_slr0_0/ulp_proc_sys_reset_ctrl_slr0_0_board.xdc] for cell 'level0_i/ulp/proc_sys_reset_ctrl_slr0/U0'
Parsing XDC File [/home/ae_reviewer/TempGNN/build/baselines/rtga_timingfix_v3_hw/_x/link/vivado/vpl/prj/prj.gen/my_rm/bd/ulp/ip/ulp_ii_level0_wire_0/uuid_stamp.xdc] for cell 'level0_i/ulp/ii_level0_wire/inst'
Finished Parsing XDC File [/home/ae_reviewer/TempGNN/build/baselines/rtga_timingfix_v3_hw/_x/link/vivado/vpl/prj/prj.gen/my_rm/bd/ulp/ip/ulp_ii_level0_wire_0/uuid_stamp.xdc] for cell 'level0_i/ulp/ii_level0_wire/inst'
Parsing XDC File [/home/ae_reviewer/TempGNN/build/baselines/rtga_timingfix_v3_hw/_x/link/vivado/vpl/prj/prj.gen/my_rm/bd/ulp/ip/ulp_ulp_ucs_0/bd_0/ip/ip_48/bd_22c0_psreset_hbm_0_board.xdc] for cell 'level0_i/ulp/ulp_ucs/inst/aclk_hbm_hierarchy/psreset_hbm/U0'
Finished Parsing XDC File [/home/ae_reviewer/TempGNN/build/baselines/rtga_timingfix_v3_hw/_x/link/vivado/vpl/prj/prj.gen/my_rm/bd/ulp/ip/ulp_ulp_ucs_0/bd_0/ip/ip_48/bd_22c0_psreset_hbm_0_board.xdc] for cell 'level0_i/ulp/ulp_ucs/inst/aclk_hbm_hierarchy/psreset_hbm/U0'
Parsing XDC File [/home/ae_reviewer/TempGNN/build/baselines/rtga_timingfix_v3_hw/_x/link/vivado/vpl/prj/prj.gen/my_rm/bd/ulp/ip/ulp_ulp_ucs_0/bd_0/ip/ip_92/bd_22c0_psreset_kernel_01_0.xdc] for cell 'level0_i/ulp/ulp_ucs/inst/aclk_kernel_01_hierarchy/psreset_kernel_01/U0'
WARNING: [Vivado_Tcl 4-935] Waiver ID 'CDC-11' is a duplicate and will not be added again. [/home/ae_reviewer/TempGNN/build/baselines/rtga_timingfix_v3_hw/_x/link/vivado/vpl/prj/prj.gen/my_rm/bd/ulp/ip/ulp_ulp_ucs_0/bd_0/ip/ip_92/bd_22c0_psreset_kernel_01_0.xdc:50]
Finished Parsing XDC File [/home/ae_reviewer/TempGNN/build/baselines/rtga_timingfix_v3_hw/_x/link/vivado/vpl/prj/prj.gen/my_rm/bd/ulp/ip/ulp_ulp_ucs_0/bd_0/ip/ip_92/bd_22c0_psreset_kernel_01_0.xdc] for cell 'level0_i/ulp/ulp_ucs/inst/aclk_kernel_01_hierarchy/psreset_kernel_01/U0'
Parsing XDC File [/home/ae_reviewer/TempGNN/build/baselines/rtga_timingfix_v3_hw/_x/link/vivado/vpl/prj/prj.gen/my_rm/bd/ulp/ip/ulp_ulp_ucs_0/bd_0/ip/ip_92/bd_22c0_psreset_kernel_01_0_board.xdc] for cell 'level0_i/ulp/ulp_ucs/inst/aclk_kernel_01_hierarchy/psreset_kernel_01/U0'
Finished Parsing XDC File [/home/ae_reviewer/TempGNN/build/baselines/rtga_timingfix_v3_hw/_x/link/vivado/vpl/prj/prj.gen/my_rm/bd/ulp/ip/ulp_ulp_ucs_0/bd_0/ip/ip_92/bd_22c0_psreset_kernel_01_0_board.xdc] for cell 'level0_i/ulp/ulp_ucs/inst/aclk_kernel_01_hierarchy/psreset_kernel_01/U0'
Parsing XDC File [/home/ae_reviewer/TempGNN/build/baselines/rtga_timingfix_v3_hw/_x/link/vivado/vpl/prj/prj.gen/my_rm/bd/ulp/ip/ulp_ulp_ucs_0/bd_0/ip/ip_77/bd_22c0_clkwiz_aclk_kernel_01_0.xdc] for cell 'level0_i/ulp/ulp_ucs/inst/aclk_kernel_01_hierarchy/clkwiz_aclk_kernel_01/inst'
Finished Parsing XDC File [/home/ae_reviewer/TempGNN/build/baselines/rtga_timingfix_v3_hw/_x/link/vivado/vpl/prj/prj.gen/my_rm/bd/ulp/ip/ulp_ulp_ucs_0/bd_0/ip/ip_77/bd_22c0_clkwiz_aclk_kernel_01_0.xdc] for cell 'level0_i/ulp/ulp_ucs/inst/aclk_kernel_01_hierarchy/clkwiz_aclk_kernel_01/inst'
Parsing XDC File [/home/ae_reviewer/TempGNN/build/baselines/rtga_timingfix_v3_hw/_x/link/vivado/vpl/prj/prj.gen/my_rm/bd/ulp/ip/ulp_ulp_ucs_0/bd_0/ip/ip_77/bd_22c0_clkwiz_aclk_kernel_01_0_board.xdc] for cell 'level0_i/ulp/ulp_ucs/inst/aclk_kernel_01_hierarchy/clkwiz_aclk_kernel_01/inst'
Finished Parsing XDC File [/home/ae_reviewer/TempGNN/build/baselines/rtga_timingfix_v3_hw/_x/link/vivado/vpl/prj/prj.gen/my_rm/bd/ulp/ip/ulp_ulp_ucs_0/bd_0/ip/ip_77/bd_22c0_clkwiz_aclk_kernel_01_0_board.xdc] for cell 'level0_i/ulp/ulp_ucs/inst/aclk_kernel_01_hierarchy/clkwiz_aclk_kernel_01/inst'
Parsing XDC File [/home/ae_reviewer/TempGNN/build/baselines/rtga_timingfix_v3_hw/_x/link/vivado/vpl/prj/prj.gen/my_rm/bd/ulp/ip/ulp_ulp_ucs_0/bd_0/ip/ip_74/bd_22c0_psreset_kernel_00_0.xdc] for cell 'level0_i/ulp/ulp_ucs/inst/aclk_kernel_00_hierarchy/psreset_kernel_00/U0'
WARNING: [Vivado_Tcl 4-935] Waiver ID 'CDC-11' is a duplicate and will not be added again. [/home/ae_reviewer/TempGNN/build/baselines/rtga_timingfix_v3_hw/_x/link/vivado/vpl/prj/prj.gen/my_rm/bd/ulp/ip/ulp_ulp_ucs_0/bd_0/ip/ip_74/bd_22c0_psreset_kernel_00_0.xdc:50]
Finished Parsing XDC File [/home/ae_reviewer/TempGNN/build/baselines/rtga_timingfix_v3_hw/_x/link/vivado/vpl/prj/prj.gen/my_rm/bd/ulp/ip/ulp_ulp_ucs_0/bd_0/ip/ip_74/bd_22c0_psreset_kernel_00_0.xdc] for cell 'level0_i/ulp/ulp_ucs/inst/aclk_kernel_00_hierarchy/psreset_kernel_00/U0'
Parsing XDC File [/home/ae_reviewer/TempGNN/build/baselines/rtga_timingfix_v3_hw/_x/link/vivado/vpl/prj/prj.gen/my_rm/bd/ulp/ip/ulp_ulp_ucs_0/bd_0/ip/ip_74/bd_22c0_psreset_kernel_00_0_board.xdc] for cell 'level0_i/ulp/ulp_ucs/inst/aclk_kernel_00_hierarchy/psreset_kernel_00/U0'
Finished Parsing XDC File [/home/ae_reviewer/TempGNN/build/baselines/rtga_timingfix_v3_hw/_x/link/vivado/vpl/prj/prj.gen/my_rm/bd/ulp/ip/ulp_ulp_ucs_0/bd_0/ip/ip_74/bd_22c0_psreset_kernel_00_0_board.xdc] for cell 'level0_i/ulp/ulp_ucs/inst/aclk_kernel_00_hierarchy/psreset_kernel_00/U0'
Parsing XDC File [/home/ae_reviewer/TempGNN/build/baselines/rtga_timingfix_v3_hw/_x/link/vivado/vpl/prj/prj.gen/my_rm/bd/ulp/ip/ulp_ulp_ucs_0/bd_0/ip/ip_59/bd_22c0_clkwiz_aclk_kernel_00_0.xdc] for cell 'level0_i/ulp/ulp_ucs/inst/aclk_kernel_00_hierarchy/clkwiz_aclk_kernel_00/inst'
Finished Parsing XDC File [/home/ae_reviewer/TempGNN/build/baselines/rtga_timingfix_v3_hw/_x/link/vivado/vpl/prj/prj.gen/my_rm/bd/ulp/ip/ulp_ulp_ucs_0/bd_0/ip/ip_59/bd_22c0_clkwiz_aclk_kernel_00_0.xdc] for cell 'level0_i/ulp/ulp_ucs/inst/aclk_kernel_00_hierarchy/clkwiz_aclk_kernel_00/inst'
Parsing XDC File [/home/ae_reviewer/TempGNN/build/baselines/rtga_timingfix_v3_hw/_x/link/vivado/vpl/prj/prj.gen/my_rm/bd/ulp/ip/ulp_ulp_ucs_0/bd_0/ip/ip_59/bd_22c0_clkwiz_aclk_kernel_00_0_board.xdc] for cell 'level0_i/ulp/ulp_ucs/inst/aclk_kernel_00_hierarchy/clkwiz_aclk_kernel_00/inst'
Finished Parsing XDC File [/home/ae_reviewer/TempGNN/build/baselines/rtga_timingfix_v3_hw/_x/link/vivado/vpl/prj/prj.gen/my_rm/bd/ulp/ip/ulp_ulp_ucs_0/bd_0/ip/ip_59/bd_22c0_clkwiz_aclk_kernel_00_0_board.xdc] for cell 'level0_i/ulp/ulp_ucs/inst/aclk_kernel_00_hierarchy/clkwiz_aclk_kernel_00/inst'
Parsing XDC File [/home/ae_reviewer/TempGNN/build/baselines/rtga_timingfix_v3_hw/_x/link/vivado/vpl/prj/prj.gen/my_rm/bd/ulp/ip/ulp_ulp_ucs_0/bd_0/ip/ip_56/bd_22c0_psreset_aclk_freerun_0.xdc] for cell 'level0_i/ulp/ulp_ucs/inst/frequency_counters/psreset_aclk_freerun/U0'
WARNING: [Vivado_Tcl 4-935] Waiver ID 'CDC-11' is a duplicate and will not be added again. [/home/ae_reviewer/TempGNN/build/baselines/rtga_timingfix_v3_hw/_x/link/vivado/vpl/prj/prj.gen/my_rm/bd/ulp/ip/ulp_ulp_ucs_0/bd_0/ip/ip_56/bd_22c0_psreset_aclk_freerun_0.xdc:50]
Finished Parsing XDC File [/home/ae_reviewer/TempGNN/build/baselines/rtga_timingfix_v3_hw/_x/link/vivado/vpl/prj/prj.gen/my_rm/bd/ulp/ip/ulp_ulp_ucs_0/bd_0/ip/ip_56/bd_22c0_psreset_aclk_freerun_0.xdc] for cell 'level0_i/ulp/ulp_ucs/inst/frequency_counters/psreset_aclk_freerun/U0'
Parsing XDC File [/home/ae_reviewer/TempGNN/build/baselines/rtga_timingfix_v3_hw/_x/link/vivado/vpl/prj/prj.gen/my_rm/bd/ulp/ip/ulp_ulp_ucs_0/bd_0/ip/ip_56/bd_22c0_psreset_aclk_freerun_0_board.xdc] for cell 'level0_i/ulp/ulp_ucs/inst/frequency_counters/psreset_aclk_freerun/U0'
Finished Parsing XDC File [/home/ae_reviewer/TempGNN/build/baselines/rtga_timingfix_v3_hw/_x/link/vivado/vpl/prj/prj.gen/my_rm/bd/ulp/ip/ulp_ulp_ucs_0/bd_0/ip/ip_56/bd_22c0_psreset_aclk_freerun_0_board.xdc] for cell 'level0_i/ulp/ulp_ucs/inst/frequency_counters/psreset_aclk_freerun/U0'
Parsing XDC File [/home/ae_reviewer/TempGNN/build/baselines/rtga_timingfix_v3_hw/_x/link/vivado/vpl/prj/prj.gen/my_rm/bd/ulp/ip/ulp_ulp_ucs_0/bd_0/ip/ip_48/bd_22c0_psreset_hbm_0.xdc] for cell 'level0_i/ulp/ulp_ucs/inst/aclk_hbm_hierarchy/psreset_hbm/U0'
WARNING: [Vivado_Tcl 4-935] Waiver ID 'CDC-11' is a duplicate and will not be added again. [/home/ae_reviewer/TempGNN/build/baselines/rtga_timingfix_v3_hw/_x/link/vivado/vpl/prj/prj.gen/my_rm/bd/ulp/ip/ulp_ulp_ucs_0/bd_0/ip/ip_48/bd_22c0_psreset_hbm_0.xdc:50]
Finished Parsing XDC File [/home/ae_reviewer/TempGNN/build/baselines/rtga_timingfix_v3_hw/_x/link/vivado/vpl/prj/prj.gen/my_rm/bd/ulp/ip/ulp_ulp_ucs_0/bd_0/ip/ip_48/bd_22c0_psreset_hbm_0.xdc] for cell 'level0_i/ulp/ulp_ucs/inst/aclk_hbm_hierarchy/psreset_hbm/U0'
Parsing XDC File [/home/ae_reviewer/TempGNN/build/baselines/rtga_timingfix_v3_hw/_x/link/vivado/vpl/prj/prj.gen/my_rm/bd/ulp/ip/ulp_hmss_0_0/bd_0/ip/ip_42/smartconnect.xdc] for cell 'level0_i/ulp/hmss_0/inst/path_13/interconnect0_13/inst'
WARNING: [Vivado_Tcl 4-919] Waiver ID 'CDC-1' -from list should not be empty. [/home/ae_reviewer/TempGNN/build/baselines/rtga_timingfix_v3_hw/_x/link/vivado/vpl/prj/prj.gen/my_rm/bd/ulp/ip/ulp_hmss_0_0/bd_0/ip/ip_42/smartconnect.xdc:1]
Finished Parsing XDC File [/home/ae_reviewer/TempGNN/build/baselines/rtga_timingfix_v3_hw/_x/link/vivado/vpl/prj/prj.gen/my_rm/bd/ulp/ip/ulp_hmss_0_0/bd_0/ip/ip_42/smartconnect.xdc] for cell 'level0_i/ulp/hmss_0/inst/path_13/interconnect0_13/inst'
Parsing XDC File [/home/ae_reviewer/TempGNN/build/baselines/rtga_timingfix_v3_hw/_x/link/vivado/vpl/prj/prj.gen/my_rm/bd/ulp/ip/ulp_ulp_ucs_0/bd_0/ip/ip_46/bd_22c0_clkwiz_hbm_0.xdc] for cell 'level0_i/ulp/ulp_ucs/inst/aclk_hbm_hierarchy/clkwiz_hbm/inst'
Finished Parsing XDC File [/home/ae_reviewer/TempGNN/build/baselines/rtga_timingfix_v3_hw/_x/link/vivado/vpl/prj/prj.gen/my_rm/bd/ulp/ip/ulp_ulp_ucs_0/bd_0/ip/ip_46/bd_22c0_clkwiz_hbm_0.xdc] for cell 'level0_i/ulp/ulp_ucs/inst/aclk_hbm_hierarchy/clkwiz_hbm/inst'
Parsing XDC File [/home/ae_reviewer/TempGNN/build/baselines/rtga_timingfix_v3_hw/_x/link/vivado/vpl/prj/prj.gen/my_rm/bd/ulp/ip/ulp_ulp_ucs_0/bd_0/ip/ip_46/bd_22c0_clkwiz_hbm_0_board.xdc] for cell 'level0_i/ulp/ulp_ucs/inst/aclk_hbm_hierarchy/clkwiz_hbm/inst'
Finished Parsing XDC File [/home/ae_reviewer/TempGNN/build/baselines/rtga_timingfix_v3_hw/_x/link/vivado/vpl/prj/prj.gen/my_rm/bd/ulp/ip/ulp_ulp_ucs_0/bd_0/ip/ip_46/bd_22c0_clkwiz_hbm_0_board.xdc] for cell 'level0_i/ulp/ulp_ucs/inst/aclk_hbm_hierarchy/clkwiz_hbm/inst'
Parsing XDC File [/home/ae_reviewer/TempGNN/build/baselines/rtga_timingfix_v3_hw/_x/link/vivado/vpl/prj/prj.gen/my_rm/bd/ulp/ip/ulp_ulp_ucs_0/bd_0/ip/ip_14/bd_22c0_gpio_ucs_control_status_0.xdc] for cell 'level0_i/ulp/ulp_ucs/inst/ucs_control_status/gpio_ucs_control_status/U0'
Finished Parsing XDC File [/home/ae_reviewer/TempGNN/build/baselines/rtga_timingfix_v3_hw/_x/link/vivado/vpl/prj/prj.gen/my_rm/bd/ulp/ip/ulp_ulp_ucs_0/bd_0/ip/ip_14/bd_22c0_gpio_ucs_control_status_0.xdc] for cell 'level0_i/ulp/ulp_ucs/inst/ucs_control_status/gpio_ucs_control_status/U0'
Parsing XDC File [/home/ae_reviewer/TempGNN/build/baselines/rtga_timingfix_v3_hw/_x/link/vivado/vpl/prj/prj.gen/my_rm/bd/ulp/ip/ulp_ulp_ucs_0/bd_0/ip/ip_14/bd_22c0_gpio_ucs_control_status_0_board.xdc] for cell 'level0_i/ulp/ulp_ucs/inst/ucs_control_status/gpio_ucs_control_status/U0'
Finished Parsing XDC File [/home/ae_reviewer/TempGNN/build/baselines/rtga_timingfix_v3_hw/_x/link/vivado/vpl/prj/prj.gen/my_rm/bd/ulp/ip/ulp_ulp_ucs_0/bd_0/ip/ip_14/bd_22c0_gpio_ucs_control_status_0_board.xdc] for cell 'level0_i/ulp/ulp_ucs/inst/ucs_control_status/gpio_ucs_control_status/U0'
Parsing XDC File [/home/ae_reviewer/TempGNN/build/baselines/rtga_timingfix_v3_hw/_x/link/vivado/vpl/prj/prj.gen/my_rm/bd/ulp/ip/ulp_ulp_ucs_0/bd_0/ip/ip_6/bd_22c0_gpio_gapping_demand_0.xdc] for cell 'level0_i/ulp/ulp_ucs/inst/gapping_demand/gpio_gapping_demand/U0'
Finished Parsing XDC File [/home/ae_reviewer/TempGNN/build/baselines/rtga_timingfix_v3_hw/_x/link/vivado/vpl/prj/prj.gen/my_rm/bd/ulp/ip/ulp_ulp_ucs_0/bd_0/ip/ip_6/bd_22c0_gpio_gapping_demand_0.xdc] for cell 'level0_i/ulp/ulp_ucs/inst/gapping_demand/gpio_gapping_demand/U0'
Parsing XDC File [/home/ae_reviewer/TempGNN/build/baselines/rtga_timingfix_v3_hw/_x/link/vivado/vpl/prj/prj.gen/my_rm/bd/ulp/ip/ulp_ulp_ucs_0/bd_0/ip/ip_6/bd_22c0_gpio_gapping_demand_0_board.xdc] for cell 'level0_i/ulp/ulp_ucs/inst/gapping_demand/gpio_gapping_demand/U0'
Finished Parsing XDC File [/home/ae_reviewer/TempGNN/build/baselines/rtga_timingfix_v3_hw/_x/link/vivado/vpl/prj/prj.gen/my_rm/bd/ulp/ip/ulp_ulp_ucs_0/bd_0/ip/ip_6/bd_22c0_gpio_gapping_demand_0_board.xdc] for cell 'level0_i/ulp/ulp_ucs/inst/gapping_demand/gpio_gapping_demand/U0'
Parsing XDC File [/home/ae_reviewer/TempGNN/build/baselines/rtga_timingfix_v3_hw/_x/link/vivado/vpl/prj/prj.gen/my_rm/bd/ulp/ip/ulp_ulp_cmp_0/bd_2/ip/ip_0/constraints/xsdbm_cc_early.xdc] for cell 'level0_i/ulp/ulp_cmp/inst/user_debug_hub/inst/xsdbm/inst'
Finished Parsing XDC File [/home/ae_reviewer/TempGNN/build/baselines/rtga_timingfix_v3_hw/_x/link/vivado/vpl/prj/prj.gen/my_rm/bd/ulp/ip/ulp_ulp_cmp_0/bd_2/ip/ip_0/constraints/xsdbm_cc_early.xdc] for cell 'level0_i/ulp/ulp_cmp/inst/user_debug_hub/inst/xsdbm/inst'
Parsing XDC File [/home/ae_reviewer/TempGNN/build/baselines/rtga_timingfix_v3_hw/_x/link/vivado/vpl/prj/prj.gen/my_rm/bd/ulp/ip/ulp_ulp_cmp_0/bd_1/ip/ip_2/constraints/bs_switch.xdc] for cell 'level0_i/ulp/ulp_cmp/inst/user_debug_bridge/inst/bs_switch_1/inst'
Finished Parsing XDC File [/home/ae_reviewer/TempGNN/build/baselines/rtga_timingfix_v3_hw/_x/link/vivado/vpl/prj/prj.gen/my_rm/bd/ulp/ip/ulp_ulp_cmp_0/bd_1/ip/ip_2/constraints/bs_switch.xdc] for cell 'level0_i/ulp/ulp_cmp/inst/user_debug_bridge/inst/bs_switch_1/inst'
Parsing XDC File [/home/ae_reviewer/TempGNN/build/baselines/rtga_timingfix_v3_hw/_x/link/vivado/vpl/prj/prj.gen/my_rm/bd/ulp/ip/ulp_rst_clk_wiz_225M_0/ulp_rst_clk_wiz_225M_0.xdc] for cell 'level0_i/ulp/rst_clk_wiz_225M/U0'
WARNING: [Vivado_Tcl 4-935] Waiver ID 'CDC-11' is a duplicate and will not be added again. [/home/ae_reviewer/TempGNN/build/baselines/rtga_timingfix_v3_hw/_x/link/vivado/vpl/prj/prj.gen/my_rm/bd/ulp/ip/ulp_rst_clk_wiz_225M_0/ulp_rst_clk_wiz_225M_0.xdc:50]
Finished Parsing XDC File [/home/ae_reviewer/TempGNN/build/baselines/rtga_timingfix_v3_hw/_x/link/vivado/vpl/prj/prj.gen/my_rm/bd/ulp/ip/ulp_rst_clk_wiz_225M_0/ulp_rst_clk_wiz_225M_0.xdc] for cell 'level0_i/ulp/rst_clk_wiz_225M/U0'
Parsing XDC File [/home/ae_reviewer/TempGNN/build/baselines/rtga_timingfix_v3_hw/_x/link/vivado/vpl/prj/prj.gen/my_rm/bd/ulp/ip/ulp_rst_clk_wiz_225M_0/ulp_rst_clk_wiz_225M_0_board.xdc] for cell 'level0_i/ulp/rst_clk_wiz_225M/U0'
Finished Parsing XDC File [/home/ae_reviewer/TempGNN/build/baselines/rtga_timingfix_v3_hw/_x/link/vivado/vpl/prj/prj.gen/my_rm/bd/ulp/ip/ulp_rst_clk_wiz_225M_0/ulp_rst_clk_wiz_225M_0_board.xdc] for cell 'level0_i/ulp/rst_clk_wiz_225M/U0'
Parsing XDC File [/home/ae_reviewer/TempGNN/build/baselines/rtga_timingfix_v3_hw/_x/link/vivado/vpl/prj/prj.gen/my_rm/bd/ulp/ip/ulp_proc_sys_reset_kernel_slr2_0/ulp_proc_sys_reset_kernel_slr2_0.xdc] for cell 'level0_i/ulp/proc_sys_reset_kernel_slr2/U0'
WARNING: [Vivado_Tcl 4-935] Waiver ID 'CDC-11' is a duplicate and will not be added again. [/home/ae_reviewer/TempGNN/build/baselines/rtga_timingfix_v3_hw/_x/link/vivado/vpl/prj/prj.gen/my_rm/bd/ulp/ip/ulp_proc_sys_reset_kernel_slr2_0/ulp_proc_sys_reset_kernel_slr2_0.xdc:50]
Finished Parsing XDC File [/home/ae_reviewer/TempGNN/build/baselines/rtga_timingfix_v3_hw/_x/link/vivado/vpl/prj/prj.gen/my_rm/bd/ulp/ip/ulp_proc_sys_reset_kernel_slr2_0/ulp_proc_sys_reset_kernel_slr2_0.xdc] for cell 'level0_i/ulp/proc_sys_reset_kernel_slr2/U0'
Parsing XDC File [/home/ae_reviewer/TempGNN/build/baselines/rtga_timingfix_v3_hw/_x/link/vivado/vpl/prj/prj.gen/my_rm/bd/ulp/ip/ulp_hmss_0_0/bd_11/ip/ip_3/bd_f802_psr_aclk1_0.xdc] for cell 'level0_i/ulp/hmss_0/inst/path_10/interconnect11_10/inst/clk_map/psr_aclk1/U0'
WARNING: [Vivado_Tcl 4-935] Waiver ID 'CDC-11' is a duplicate and will not be added again. [/home/ae_reviewer/TempGNN/build/baselines/rtga_timingfix_v3_hw/_x/link/vivado/vpl/prj/prj.gen/my_rm/bd/ulp/ip/ulp_hmss_0_0/bd_11/ip/ip_3/bd_f802_psr_aclk1_0.xdc:50]
Finished Parsing XDC File [/home/ae_reviewer/TempGNN/build/baselines/rtga_timingfix_v3_hw/_x/link/vivado/vpl/prj/prj.gen/my_rm/bd/ulp/ip/ulp_hmss_0_0/bd_11/ip/ip_3/bd_f802_psr_aclk1_0.xdc] for cell 'level0_i/ulp/hmss_0/inst/path_10/interconnect11_10/inst/clk_map/psr_aclk1/U0'
Parsing XDC File [/home/ae_reviewer/TempGNN/build/baselines/rtga_timingfix_v3_hw/_x/link/vivado/vpl/prj/prj.gen/my_rm/bd/ulp/ip/ulp_hmss_0_0/bd_12/ip/ip_9/bd_0b53_swn_0_clocks.xdc] for cell 'level0_i/ulp/hmss_0/inst/path_11/interconnect12_11/inst/s00_nodes/s00_w_node/inst'
Finished Parsing XDC File [/home/ae_reviewer/TempGNN/build/baselines/rtga_timingfix_v3_hw/_x/link/vivado/vpl/prj/prj.gen/my_rm/bd/ulp/ip/ulp_hmss_0_0/bd_12/ip/ip_9/bd_0b53_swn_0_clocks.xdc] for cell 'level0_i/ulp/hmss_0/inst/path_11/interconnect12_11/inst/s00_nodes/s00_w_node/inst'
Parsing XDC File [/home/ae_reviewer/TempGNN/build/baselines/rtga_timingfix_v3_hw/_x/link/vivado/vpl/prj/prj.gen/my_rm/bd/ulp/ip/ulp_hmss_0_0/bd_12/ip/ip_8/bd_0b53_sawn_0_clocks.xdc] for cell 'level0_i/ulp/hmss_0/inst/path_11/interconnect12_11/inst/s00_nodes/s00_aw_node/inst'
Finished Parsing XDC File [/home/ae_reviewer/TempGNN/build/baselines/rtga_timingfix_v3_hw/_x/link/vivado/vpl/prj/prj.gen/my_rm/bd/ulp/ip/ulp_hmss_0_0/bd_12/ip/ip_8/bd_0b53_sawn_0_clocks.xdc] for cell 'level0_i/ulp/hmss_0/inst/path_11/interconnect12_11/inst/s00_nodes/s00_aw_node/inst'
Parsing XDC File [/home/ae_reviewer/TempGNN/build/baselines/rtga_timingfix_v3_hw/_x/link/vivado/vpl/prj/prj.gen/my_rm/bd/ulp/ip/ulp_hmss_0_0/bd_12/ip/ip_3/bd_0b53_psr_aclk1_0.xdc] for cell 'level0_i/ulp/hmss_0/inst/path_11/interconnect12_11/inst/clk_map/psr_aclk1/U0'
WARNING: [Vivado_Tcl 4-935] Waiver ID 'CDC-11' is a duplicate and will not be added again. [/home/ae_reviewer/TempGNN/build/baselines/rtga_timingfix_v3_hw/_x/link/vivado/vpl/prj/prj.gen/my_rm/bd/ulp/ip/ulp_hmss_0_0/bd_12/ip/ip_3/bd_0b53_psr_aclk1_0.xdc:50]
Finished Parsing XDC File [/home/ae_reviewer/TempGNN/build/baselines/rtga_timingfix_v3_hw/_x/link/vivado/vpl/prj/prj.gen/my_rm/bd/ulp/ip/ulp_hmss_0_0/bd_12/ip/ip_3/bd_0b53_psr_aclk1_0.xdc] for cell 'level0_i/ulp/hmss_0/inst/path_11/interconnect12_11/inst/clk_map/psr_aclk1/U0'
Parsing XDC File [/home/ae_reviewer/TempGNN/build/baselines/rtga_timingfix_v3_hw/_x/link/vivado/vpl/prj/prj.gen/my_rm/bd/ulp/ip/ulp_hmss_0_0/bd_12/ip/ip_3/bd_0b53_psr_aclk1_0_board.xdc] for cell 'level0_i/ulp/hmss_0/inst/path_11/interconnect12_11/inst/clk_map/psr_aclk1/U0'
Finished Parsing XDC File [/home/ae_reviewer/TempGNN/build/baselines/rtga_timingfix_v3_hw/_x/link/vivado/vpl/prj/prj.gen/my_rm/bd/ulp/ip/ulp_hmss_0_0/bd_12/ip/ip_3/bd_0b53_psr_aclk1_0_board.xdc] for cell 'level0_i/ulp/hmss_0/inst/path_11/interconnect12_11/inst/clk_map/psr_aclk1/U0'
Parsing XDC File [/home/ae_reviewer/TempGNN/build/baselines/rtga_timingfix_v3_hw/_x/link/vivado/vpl/prj/prj.gen/my_rm/bd/ulp/ip/ulp_hmss_0_0/bd_12/ip/ip_2/bd_0b53_psr_aclk_0.xdc] for cell 'level0_i/ulp/hmss_0/inst/path_11/interconnect12_11/inst/clk_map/psr_aclk/U0'
WARNING: [Vivado_Tcl 4-935] Waiver ID 'CDC-11' is a duplicate and will not be added again. [/home/ae_reviewer/TempGNN/build/baselines/rtga_timingfix_v3_hw/_x/link/vivado/vpl/prj/prj.gen/my_rm/bd/ulp/ip/ulp_hmss_0_0/bd_12/ip/ip_2/bd_0b53_psr_aclk_0.xdc:50]
Finished Parsing XDC File [/home/ae_reviewer/TempGNN/build/baselines/rtga_timingfix_v3_hw/_x/link/vivado/vpl/prj/prj.gen/my_rm/bd/ulp/ip/ulp_hmss_0_0/bd_12/ip/ip_2/bd_0b53_psr_aclk_0.xdc] for cell 'level0_i/ulp/hmss_0/inst/path_11/interconnect12_11/inst/clk_map/psr_aclk/U0'
Parsing XDC File [/home/ae_reviewer/TempGNN/build/baselines/rtga_timingfix_v3_hw/_x/link/vivado/vpl/prj/prj.gen/my_rm/bd/ulp/ip/ulp_hmss_0_0/bd_12/ip/ip_2/bd_0b53_psr_aclk_0_board.xdc] for cell 'level0_i/ulp/hmss_0/inst/path_11/interconnect12_11/inst/clk_map/psr_aclk/U0'
Finished Parsing XDC File [/home/ae_reviewer/TempGNN/build/baselines/rtga_timingfix_v3_hw/_x/link/vivado/vpl/prj/prj.gen/my_rm/bd/ulp/ip/ulp_hmss_0_0/bd_12/ip/ip_2/bd_0b53_psr_aclk_0_board.xdc] for cell 'level0_i/ulp/hmss_0/inst/path_11/interconnect12_11/inst/clk_map/psr_aclk/U0'
Parsing XDC File [/home/ae_reviewer/TempGNN/build/baselines/rtga_timingfix_v3_hw/_x/link/vivado/vpl/prj/prj.gen/my_rm/bd/ulp/ip/ulp_hmss_0_0/bd_12/ip/ip_1/bd_0b53_psr0_0.xdc] for cell 'level0_i/ulp/hmss_0/inst/path_11/interconnect12_11/inst/clk_map/psr0/U0'
WARNING: [Vivado_Tcl 4-935] Waiver ID 'CDC-11' is a duplicate and will not be added again. [/home/ae_reviewer/TempGNN/build/baselines/rtga_timingfix_v3_hw/_x/link/vivado/vpl/prj/prj.gen/my_rm/bd/ulp/ip/ulp_hmss_0_0/bd_12/ip/ip_1/bd_0b53_psr0_0.xdc:50]
Finished Parsing XDC File [/home/ae_reviewer/TempGNN/build/baselines/rtga_timingfix_v3_hw/_x/link/vivado/vpl/prj/prj.gen/my_rm/bd/ulp/ip/ulp_hmss_0_0/bd_12/ip/ip_1/bd_0b53_psr0_0.xdc] for cell 'level0_i/ulp/hmss_0/inst/path_11/interconnect12_11/inst/clk_map/psr0/U0'
Parsing XDC File [/home/ae_reviewer/TempGNN/build/baselines/rtga_timingfix_v3_hw/_x/link/vivado/vpl/prj/prj.gen/my_rm/bd/ulp/ip/ulp_hmss_0_0/bd_12/ip/ip_1/bd_0b53_psr0_0_board.xdc] for cell 'level0_i/ulp/hmss_0/inst/path_11/interconnect12_11/inst/clk_map/psr0/U0'
Finished Parsing XDC File [/home/ae_reviewer/TempGNN/build/baselines/rtga_timingfix_v3_hw/_x/link/vivado/vpl/prj/prj.gen/my_rm/bd/ulp/ip/ulp_hmss_0_0/bd_12/ip/ip_1/bd_0b53_psr0_0_board.xdc] for cell 'level0_i/ulp/hmss_0/inst/path_11/interconnect12_11/inst/clk_map/psr0/U0'
Parsing XDC File [/home/ae_reviewer/TempGNN/build/baselines/rtga_timingfix_v3_hw/_x/link/vivado/vpl/prj/prj.gen/my_rm/bd/ulp/ip/ulp_hmss_0_0/bd_0/ip/ip_33/smartconnect.xdc] for cell 'level0_i/ulp/hmss_0/inst/path_10/interconnect11_10/inst'
WARNING: [Vivado_Tcl 4-919] Waiver ID 'CDC-1' -from list should not be empty. [/home/ae_reviewer/TempGNN/build/baselines/rtga_timingfix_v3_hw/_x/link/vivado/vpl/prj/prj.gen/my_rm/bd/ulp/ip/ulp_hmss_0_0/bd_0/ip/ip_33/smartconnect.xdc:1]
Finished Parsing XDC File [/home/ae_reviewer/TempGNN/build/baselines/rtga_timingfix_v3_hw/_x/link/vivado/vpl/prj/prj.gen/my_rm/bd/ulp/ip/ulp_hmss_0_0/bd_0/ip/ip_33/smartconnect.xdc] for cell 'level0_i/ulp/hmss_0/inst/path_10/interconnect11_10/inst'
Parsing XDC File [/home/ae_reviewer/TempGNN/build/baselines/rtga_timingfix_v3_hw/_x/link/vivado/vpl/prj/prj.gen/my_rm/bd/ulp/ip/ulp_hmss_0_0/bd_11/ip/ip_9/bd_f802_srn_0_clocks.xdc] for cell 'level0_i/ulp/hmss_0/inst/path_10/interconnect11_10/inst/s00_nodes/s00_r_node/inst'
WARNING: [Vivado_Tcl 4-935] Waiver ID 'CDC-1' is a duplicate and will not be added again. [/home/ae_reviewer/TempGNN/build/baselines/rtga_timingfix_v3_hw/_x/link/vivado/vpl/prj/prj.gen/my_rm/bd/ulp/ip/ulp_hmss_0_0/bd_11/ip/ip_9/bd_f802_srn_0_clocks.xdc:140]
WARNING: [Vivado_Tcl 4-935] Waiver ID 'CDC-1' is a duplicate and will not be added again. [/home/ae_reviewer/TempGNN/build/baselines/rtga_timingfix_v3_hw/_x/link/vivado/vpl/prj/prj.gen/my_rm/bd/ulp/ip/ulp_hmss_0_0/bd_11/ip/ip_9/bd_f802_srn_0_clocks.xdc:143]
WARNING: [Vivado_Tcl 4-935] Waiver ID 'CDC-1' is a duplicate and will not be added again. [/home/ae_reviewer/TempGNN/build/baselines/rtga_timingfix_v3_hw/_x/link/vivado/vpl/prj/prj.gen/my_rm/bd/ulp/ip/ulp_hmss_0_0/bd_11/ip/ip_9/bd_f802_srn_0_clocks.xdc:146]
WARNING: [Vivado_Tcl 4-935] Waiver ID 'CDC-1' is a duplicate and will not be added again. [/home/ae_reviewer/TempGNN/build/baselines/rtga_timingfix_v3_hw/_x/link/vivado/vpl/prj/prj.gen/my_rm/bd/ulp/ip/ulp_hmss_0_0/bd_11/ip/ip_9/bd_f802_srn_0_clocks.xdc:152]
WARNING: [Vivado_Tcl 4-935] Waiver ID 'CDC-1' is a duplicate and will not be added again. [/home/ae_reviewer/TempGNN/build/baselines/rtga_timingfix_v3_hw/_x/link/vivado/vpl/prj/prj.gen/my_rm/bd/ulp/ip/ulp_hmss_0_0/bd_11/ip/ip_9/bd_f802_srn_0_clocks.xdc:155]
Finished Parsing XDC File [/home/ae_reviewer/TempGNN/build/baselines/rtga_timingfix_v3_hw/_x/link/vivado/vpl/prj/prj.gen/my_rm/bd/ulp/ip/ulp_hmss_0_0/bd_11/ip/ip_9/bd_f802_srn_0_clocks.xdc] for cell 'level0_i/ulp/hmss_0/inst/path_10/interconnect11_10/inst/s00_nodes/s00_r_node/inst'
Parsing XDC File [/home/ae_reviewer/TempGNN/build/baselines/rtga_timingfix_v3_hw/_x/link/vivado/vpl/prj/prj.gen/my_rm/bd/ulp/ip/ulp_hmss_0_0/bd_11/ip/ip_8/bd_f802_sarn_0_clocks.xdc] for cell 'level0_i/ulp/hmss_0/inst/path_10/interconnect11_10/inst/s00_nodes/s00_ar_node/inst'
Finished Parsing XDC File [/home/ae_reviewer/TempGNN/build/baselines/rtga_timingfix_v3_hw/_x/link/vivado/vpl/prj/prj.gen/my_rm/bd/ulp/ip/ulp_hmss_0_0/bd_11/ip/ip_8/bd_f802_sarn_0_clocks.xdc] for cell 'level0_i/ulp/hmss_0/inst/path_10/interconnect11_10/inst/s00_nodes/s00_ar_node/inst'
Parsing XDC File [/home/ae_reviewer/TempGNN/build/baselines/rtga_timingfix_v3_hw/_x/link/vivado/vpl/prj/prj.gen/my_rm/bd/ulp/ip/ulp_hmss_0_0/bd_12/ip/ip_10/bd_0b53_sbn_0_clocks.xdc] for cell 'level0_i/ulp/hmss_0/inst/path_11/interconnect12_11/inst/s00_nodes/s00_b_node/inst'
Finished Parsing XDC File [/home/ae_reviewer/TempGNN/build/baselines/rtga_timingfix_v3_hw/_x/link/vivado/vpl/prj/prj.gen/my_rm/bd/ulp/ip/ulp_hmss_0_0/bd_12/ip/ip_10/bd_0b53_sbn_0_clocks.xdc] for cell 'level0_i/ulp/hmss_0/inst/path_11/interconnect12_11/inst/s00_nodes/s00_b_node/inst'
Parsing XDC File [/home/ae_reviewer/TempGNN/build/baselines/rtga_timingfix_v3_hw/_x/link/vivado/vpl/prj/prj.gen/my_rm/bd/ulp/ip/ulp_hmss_0_0/bd_11/ip/ip_3/bd_f802_psr_aclk1_0_board.xdc] for cell 'level0_i/ulp/hmss_0/inst/path_10/interconnect11_10/inst/clk_map/psr_aclk1/U0'
Finished Parsing XDC File [/home/ae_reviewer/TempGNN/build/baselines/rtga_timingfix_v3_hw/_x/link/vivado/vpl/prj/prj.gen/my_rm/bd/ulp/ip/ulp_hmss_0_0/bd_11/ip/ip_3/bd_f802_psr_aclk1_0_board.xdc] for cell 'level0_i/ulp/hmss_0/inst/path_10/interconnect11_10/inst/clk_map/psr_aclk1/U0'
Parsing XDC File [/home/ae_reviewer/TempGNN/build/baselines/rtga_timingfix_v3_hw/_x/link/vivado/vpl/prj/prj.gen/my_rm/bd/ulp/ip/ulp_hmss_0_0/bd_11/ip/ip_2/bd_f802_psr_aclk_0.xdc] for cell 'level0_i/ulp/hmss_0/inst/path_10/interconnect11_10/inst/clk_map/psr_aclk/U0'
WARNING: [Vivado_Tcl 4-935] Waiver ID 'CDC-11' is a duplicate and will not be added again. [/home/ae_reviewer/TempGNN/build/baselines/rtga_timingfix_v3_hw/_x/link/vivado/vpl/prj/prj.gen/my_rm/bd/ulp/ip/ulp_hmss_0_0/bd_11/ip/ip_2/bd_f802_psr_aclk_0.xdc:50]
INFO: [Common 17-14] Message 'Vivado_Tcl 4-935' appears 100 times and further instances of the messages will be disabled. Use the Tcl command set_msg_config to change the current settings. [/home/ae_reviewer/TempGNN/build/baselines/rtga_timingfix_v3_hw/_x/link/vivado/vpl/prj/prj.gen/my_rm/bd/ulp/ip/ulp_hmss_0_0/bd_11/ip/ip_2/bd_f802_psr_aclk_0.xdc:50]
Finished Parsing XDC File [/home/ae_reviewer/TempGNN/build/baselines/rtga_timingfix_v3_hw/_x/link/vivado/vpl/prj/prj.gen/my_rm/bd/ulp/ip/ulp_hmss_0_0/bd_11/ip/ip_2/bd_f802_psr_aclk_0.xdc] for cell 'level0_i/ulp/hmss_0/inst/path_10/interconnect11_10/inst/clk_map/psr_aclk/U0'
Parsing XDC File [/home/ae_reviewer/TempGNN/build/baselines/rtga_timingfix_v3_hw/_x/link/vivado/vpl/prj/prj.gen/my_rm/bd/ulp/ip/ulp_hmss_0_0/bd_11/ip/ip_2/bd_f802_psr_aclk_0_board.xdc] for cell 'level0_i/ulp/hmss_0/inst/path_10/interconnect11_10/inst/clk_map/psr_aclk/U0'
Finished Parsing XDC File [/home/ae_reviewer/TempGNN/build/baselines/rtga_timingfix_v3_hw/_x/link/vivado/vpl/prj/prj.gen/my_rm/bd/ulp/ip/ulp_hmss_0_0/bd_11/ip/ip_2/bd_f802_psr_aclk_0_board.xdc] for cell 'level0_i/ulp/hmss_0/inst/path_10/interconnect11_10/inst/clk_map/psr_aclk/U0'
Parsing XDC File [/home/ae_reviewer/TempGNN/build/baselines/rtga_timingfix_v3_hw/_x/link/vivado/vpl/prj/prj.gen/my_rm/bd/ulp/ip/ulp_hmss_0_0/bd_11/ip/ip_1/bd_f802_psr0_0.xdc] for cell 'level0_i/ulp/hmss_0/inst/path_10/interconnect11_10/inst/clk_map/psr0/U0'
Finished Parsing XDC File [/home/ae_reviewer/TempGNN/build/baselines/rtga_timingfix_v3_hw/_x/link/vivado/vpl/prj/prj.gen/my_rm/bd/ulp/ip/ulp_hmss_0_0/bd_11/ip/ip_1/bd_f802_psr0_0.xdc] for cell 'level0_i/ulp/hmss_0/inst/path_10/interconnect11_10/inst/clk_map/psr0/U0'
Parsing XDC File [/home/ae_reviewer/TempGNN/build/baselines/rtga_timingfix_v3_hw/_x/link/vivado/vpl/prj/prj.gen/my_rm/bd/ulp/ip/ulp_hmss_0_0/bd_11/ip/ip_1/bd_f802_psr0_0_board.xdc] for cell 'level0_i/ulp/hmss_0/inst/path_10/interconnect11_10/inst/clk_map/psr0/U0'
Finished Parsing XDC File [/home/ae_reviewer/TempGNN/build/baselines/rtga_timingfix_v3_hw/_x/link/vivado/vpl/prj/prj.gen/my_rm/bd/ulp/ip/ulp_hmss_0_0/bd_11/ip/ip_1/bd_f802_psr0_0_board.xdc] for cell 'level0_i/ulp/hmss_0/inst/path_10/interconnect11_10/inst/clk_map/psr0/U0'
Parsing XDC File [/home/ae_reviewer/TempGNN/build/baselines/rtga_timingfix_v3_hw/_x/link/vivado/vpl/prj/prj.gen/my_rm/bd/ulp/ip/ulp_hmss_0_0/bd_0/ip/ip_30/smartconnect.xdc] for cell 'level0_i/ulp/hmss_0/inst/path_9/interconnect10_9/inst'
WARNING: [Vivado_Tcl 4-919] Waiver ID 'CDC-1' -from list should not be empty. [/home/ae_reviewer/TempGNN/build/baselines/rtga_timingfix_v3_hw/_x/link/vivado/vpl/prj/prj.gen/my_rm/bd/ulp/ip/ulp_hmss_0_0/bd_0/ip/ip_30/smartconnect.xdc:1]
Finished Parsing XDC File [/home/ae_reviewer/TempGNN/build/baselines/rtga_timingfix_v3_hw/_x/link/vivado/vpl/prj/prj.gen/my_rm/bd/ulp/ip/ulp_hmss_0_0/bd_0/ip/ip_30/smartconnect.xdc] for cell 'level0_i/ulp/hmss_0/inst/path_9/interconnect10_9/inst'
Parsing XDC File [/home/ae_reviewer/TempGNN/build/baselines/rtga_timingfix_v3_hw/_x/link/vivado/vpl/prj/prj.gen/my_rm/bd/ulp/ip/ulp_hmss_0_0/bd_10/ip/ip_9/bd_5dbf_srn_0_clocks.xdc] for cell 'level0_i/ulp/hmss_0/inst/path_9/interconnect10_9/inst/s00_nodes/s00_r_node/inst'
Finished Parsing XDC File [/home/ae_reviewer/TempGNN/build/baselines/rtga_timingfix_v3_hw/_x/link/vivado/vpl/prj/prj.gen/my_rm/bd/ulp/ip/ulp_hmss_0_0/bd_10/ip/ip_9/bd_5dbf_srn_0_clocks.xdc] for cell 'level0_i/ulp/hmss_0/inst/path_9/interconnect10_9/inst/s00_nodes/s00_r_node/inst'
Parsing XDC File [/home/ae_reviewer/TempGNN/build/baselines/rtga_timingfix_v3_hw/_x/link/vivado/vpl/prj/prj.gen/my_rm/bd/ulp/ip/ulp_hmss_0_0/bd_10/ip/ip_8/bd_5dbf_sarn_0_clocks.xdc] for cell 'level0_i/ulp/hmss_0/inst/path_9/interconnect10_9/inst/s00_nodes/s00_ar_node/inst'
Finished Parsing XDC File [/home/ae_reviewer/TempGNN/build/baselines/rtga_timingfix_v3_hw/_x/link/vivado/vpl/prj/prj.gen/my_rm/bd/ulp/ip/ulp_hmss_0_0/bd_10/ip/ip_8/bd_5dbf_sarn_0_clocks.xdc] for cell 'level0_i/ulp/hmss_0/inst/path_9/interconnect10_9/inst/s00_nodes/s00_ar_node/inst'
Parsing XDC File [/home/ae_reviewer/TempGNN/build/baselines/rtga_timingfix_v3_hw/_x/link/vivado/vpl/prj/prj.gen/my_rm/bd/ulp/ip/ulp_hmss_0_0/bd_10/ip/ip_3/bd_5dbf_psr_aclk1_0.xdc] for cell 'level0_i/ulp/hmss_0/inst/path_9/interconnect10_9/inst/clk_map/psr_aclk1/U0'
Finished Parsing XDC File [/home/ae_reviewer/TempGNN/build/baselines/rtga_timingfix_v3_hw/_x/link/vivado/vpl/prj/prj.gen/my_rm/bd/ulp/ip/ulp_hmss_0_0/bd_10/ip/ip_3/bd_5dbf_psr_aclk1_0.xdc] for cell 'level0_i/ulp/hmss_0/inst/path_9/interconnect10_9/inst/clk_map/psr_aclk1/U0'
Parsing XDC File [/home/ae_reviewer/TempGNN/build/baselines/rtga_timingfix_v3_hw/_x/link/vivado/vpl/prj/prj.gen/my_rm/bd/ulp/ip/ulp_hmss_0_0/bd_10/ip/ip_3/bd_5dbf_psr_aclk1_0_board.xdc] for cell 'level0_i/ulp/hmss_0/inst/path_9/interconnect10_9/inst/clk_map/psr_aclk1/U0'
Finished Parsing XDC File [/home/ae_reviewer/TempGNN/build/baselines/rtga_timingfix_v3_hw/_x/link/vivado/vpl/prj/prj.gen/my_rm/bd/ulp/ip/ulp_hmss_0_0/bd_10/ip/ip_3/bd_5dbf_psr_aclk1_0_board.xdc] for cell 'level0_i/ulp/hmss_0/inst/path_9/interconnect10_9/inst/clk_map/psr_aclk1/U0'
Parsing XDC File [/home/ae_reviewer/TempGNN/build/baselines/rtga_timingfix_v3_hw/_x/link/vivado/vpl/prj/prj.gen/my_rm/bd/ulp/ip/ulp_hmss_0_0/bd_10/ip/ip_2/bd_5dbf_psr_aclk_0.xdc] for cell 'level0_i/ulp/hmss_0/inst/path_9/interconnect10_9/inst/clk_map/psr_aclk/U0'
Finished Parsing XDC File [/home/ae_reviewer/TempGNN/build/baselines/rtga_timingfix_v3_hw/_x/link/vivado/vpl/prj/prj.gen/my_rm/bd/ulp/ip/ulp_hmss_0_0/bd_10/ip/ip_2/bd_5dbf_psr_aclk_0.xdc] for cell 'level0_i/ulp/hmss_0/inst/path_9/interconnect10_9/inst/clk_map/psr_aclk/U0'
Parsing XDC File [/home/ae_reviewer/TempGNN/build/baselines/rtga_timingfix_v3_hw/_x/link/vivado/vpl/prj/prj.gen/my_rm/bd/ulp/ip/ulp_hmss_0_0/bd_0/ip/ip_39/smartconnect.xdc] for cell 'level0_i/ulp/hmss_0/inst/path_12/interconnect13_12/inst'
WARNING: [Vivado_Tcl 4-919] Waiver ID 'CDC-1' -from list should not be empty. [/home/ae_reviewer/TempGNN/build/baselines/rtga_timingfix_v3_hw/_x/link/vivado/vpl/prj/prj.gen/my_rm/bd/ulp/ip/ulp_hmss_0_0/bd_0/ip/ip_39/smartconnect.xdc:1]
Finished Parsing XDC File [/home/ae_reviewer/TempGNN/build/baselines/rtga_timingfix_v3_hw/_x/link/vivado/vpl/prj/prj.gen/my_rm/bd/ulp/ip/ulp_hmss_0_0/bd_0/ip/ip_39/smartconnect.xdc] for cell 'level0_i/ulp/hmss_0/inst/path_12/interconnect13_12/inst'
Parsing XDC File [/home/ae_reviewer/TempGNN/build/baselines/rtga_timingfix_v3_hw/_x/link/vivado/vpl/prj/prj.gen/my_rm/bd/ulp/ip/ulp_hmss_0_0/bd_14/ip/ip_12/bd_6f56_sbn_0_clocks.xdc] for cell 'level0_i/ulp/hmss_0/inst/path_13/interconnect0_13/inst/s00_nodes/s00_b_node/inst'
Finished Parsing XDC File [/home/ae_reviewer/TempGNN/build/baselines/rtga_timingfix_v3_hw/_x/link/vivado/vpl/prj/prj.gen/my_rm/bd/ulp/ip/ulp_hmss_0_0/bd_14/ip/ip_12/bd_6f56_sbn_0_clocks.xdc] for cell 'level0_i/ulp/hmss_0/inst/path_13/interconnect0_13/inst/s00_nodes/s00_b_node/inst'
Parsing XDC File [/home/ae_reviewer/TempGNN/build/baselines/rtga_timingfix_v3_hw/_x/link/vivado/vpl/prj/prj.gen/my_rm/bd/ulp/ip/ulp_hmss_0_0/bd_14/ip/ip_11/bd_6f56_swn_0_clocks.xdc] for cell 'level0_i/ulp/hmss_0/inst/path_13/interconnect0_13/inst/s00_nodes/s00_w_node/inst'
Finished Parsing XDC File [/home/ae_reviewer/TempGNN/build/baselines/rtga_timingfix_v3_hw/_x/link/vivado/vpl/prj/prj.gen/my_rm/bd/ulp/ip/ulp_hmss_0_0/bd_14/ip/ip_11/bd_6f56_swn_0_clocks.xdc] for cell 'level0_i/ulp/hmss_0/inst/path_13/interconnect0_13/inst/s00_nodes/s00_w_node/inst'
Parsing XDC File [/home/ae_reviewer/TempGNN/build/baselines/rtga_timingfix_v3_hw/_x/link/vivado/vpl/prj/prj.gen/my_rm/bd/ulp/ip/ulp_hmss_0_0/bd_14/ip/ip_10/bd_6f56_sawn_0_clocks.xdc] for cell 'level0_i/ulp/hmss_0/inst/path_13/interconnect0_13/inst/s00_nodes/s00_aw_node/inst'
Finished Parsing XDC File [/home/ae_reviewer/TempGNN/build/baselines/rtga_timingfix_v3_hw/_x/link/vivado/vpl/prj/prj.gen/my_rm/bd/ulp/ip/ulp_hmss_0_0/bd_14/ip/ip_10/bd_6f56_sawn_0_clocks.xdc] for cell 'level0_i/ulp/hmss_0/inst/path_13/interconnect0_13/inst/s00_nodes/s00_aw_node/inst'
Parsing XDC File [/home/ae_reviewer/TempGNN/build/baselines/rtga_timingfix_v3_hw/_x/link/vivado/vpl/prj/prj.gen/my_rm/bd/ulp/ip/ulp_hmss_0_0/bd_14/ip/ip_9/bd_6f56_srn_0_clocks.xdc] for cell 'level0_i/ulp/hmss_0/inst/path_13/interconnect0_13/inst/s00_nodes/s00_r_node/inst'
Finished Parsing XDC File [/home/ae_reviewer/TempGNN/build/baselines/rtga_timingfix_v3_hw/_x/link/vivado/vpl/prj/prj.gen/my_rm/bd/ulp/ip/ulp_hmss_0_0/bd_14/ip/ip_9/bd_6f56_srn_0_clocks.xdc] for cell 'level0_i/ulp/hmss_0/inst/path_13/interconnect0_13/inst/s00_nodes/s00_r_node/inst'
Parsing XDC File [/home/ae_reviewer/TempGNN/build/baselines/rtga_timingfix_v3_hw/_x/link/vivado/vpl/prj/prj.gen/my_rm/bd/ulp/ip/ulp_hmss_0_0/bd_14/ip/ip_8/bd_6f56_sarn_0_clocks.xdc] for cell 'level0_i/ulp/hmss_0/inst/path_13/interconnect0_13/inst/s00_nodes/s00_ar_node/inst'
Finished Parsing XDC File [/home/ae_reviewer/TempGNN/build/baselines/rtga_timingfix_v3_hw/_x/link/vivado/vpl/prj/prj.gen/my_rm/bd/ulp/ip/ulp_hmss_0_0/bd_14/ip/ip_8/bd_6f56_sarn_0_clocks.xdc] for cell 'level0_i/ulp/hmss_0/inst/path_13/interconnect0_13/inst/s00_nodes/s00_ar_node/inst'
Parsing XDC File [/home/ae_reviewer/TempGNN/build/baselines/rtga_timingfix_v3_hw/_x/link/vivado/vpl/prj/prj.gen/my_rm/bd/ulp/ip/ulp_hmss_0_0/bd_14/ip/ip_3/bd_6f56_psr_aclk1_0.xdc] for cell 'level0_i/ulp/hmss_0/inst/path_13/interconnect0_13/inst/clk_map/psr_aclk1/U0'
Finished Parsing XDC File [/home/ae_reviewer/TempGNN/build/baselines/rtga_timingfix_v3_hw/_x/link/vivado/vpl/prj/prj.gen/my_rm/bd/ulp/ip/ulp_hmss_0_0/bd_14/ip/ip_3/bd_6f56_psr_aclk1_0.xdc] for cell 'level0_i/ulp/hmss_0/inst/path_13/interconnect0_13/inst/clk_map/psr_aclk1/U0'
Parsing XDC File [/home/ae_reviewer/TempGNN/build/baselines/rtga_timingfix_v3_hw/_x/link/vivado/vpl/prj/prj.gen/my_rm/bd/ulp/ip/ulp_hmss_0_0/bd_14/ip/ip_3/bd_6f56_psr_aclk1_0_board.xdc] for cell 'level0_i/ulp/hmss_0/inst/path_13/interconnect0_13/inst/clk_map/psr_aclk1/U0'
Finished Parsing XDC File [/home/ae_reviewer/TempGNN/build/baselines/rtga_timingfix_v3_hw/_x/link/vivado/vpl/prj/prj.gen/my_rm/bd/ulp/ip/ulp_hmss_0_0/bd_14/ip/ip_3/bd_6f56_psr_aclk1_0_board.xdc] for cell 'level0_i/ulp/hmss_0/inst/path_13/interconnect0_13/inst/clk_map/psr_aclk1/U0'
Parsing XDC File [/home/ae_reviewer/TempGNN/build/baselines/rtga_timingfix_v3_hw/_x/link/vivado/vpl/prj/prj.gen/my_rm/bd/ulp/ip/ulp_hmss_0_0/bd_14/ip/ip_2/bd_6f56_psr_aclk_0.xdc] for cell 'level0_i/ulp/hmss_0/inst/path_13/interconnect0_13/inst/clk_map/psr_aclk/U0'
Finished Parsing XDC File [/home/ae_reviewer/TempGNN/build/baselines/rtga_timingfix_v3_hw/_x/link/vivado/vpl/prj/prj.gen/my_rm/bd/ulp/ip/ulp_hmss_0_0/bd_14/ip/ip_2/bd_6f56_psr_aclk_0.xdc] for cell 'level0_i/ulp/hmss_0/inst/path_13/interconnect0_13/inst/clk_map/psr_aclk/U0'
Parsing XDC File [/home/ae_reviewer/TempGNN/build/baselines/rtga_timingfix_v3_hw/_x/link/vivado/vpl/prj/prj.gen/my_rm/bd/ulp/ip/ulp_hmss_0_0/bd_14/ip/ip_2/bd_6f56_psr_aclk_0_board.xdc] for cell 'level0_i/ulp/hmss_0/inst/path_13/interconnect0_13/inst/clk_map/psr_aclk/U0'
Finished Parsing XDC File [/home/ae_reviewer/TempGNN/build/baselines/rtga_timingfix_v3_hw/_x/link/vivado/vpl/prj/prj.gen/my_rm/bd/ulp/ip/ulp_hmss_0_0/bd_14/ip/ip_2/bd_6f56_psr_aclk_0_board.xdc] for cell 'level0_i/ulp/hmss_0/inst/path_13/interconnect0_13/inst/clk_map/psr_aclk/U0'
Parsing XDC File [/home/ae_reviewer/TempGNN/build/baselines/rtga_timingfix_v3_hw/_x/link/vivado/vpl/prj/prj.gen/my_rm/bd/ulp/ip/ulp_hmss_0_0/bd_14/ip/ip_1/bd_6f56_psr0_0.xdc] for cell 'level0_i/ulp/hmss_0/inst/path_13/interconnect0_13/inst/clk_map/psr0/U0'
Finished Parsing XDC File [/home/ae_reviewer/TempGNN/build/baselines/rtga_timingfix_v3_hw/_x/link/vivado/vpl/prj/prj.gen/my_rm/bd/ulp/ip/ulp_hmss_0_0/bd_14/ip/ip_1/bd_6f56_psr0_0.xdc] for cell 'level0_i/ulp/hmss_0/inst/path_13/interconnect0_13/inst/clk_map/psr0/U0'
Parsing XDC File [/home/ae_reviewer/TempGNN/build/baselines/rtga_timingfix_v3_hw/_x/link/vivado/vpl/prj/prj.gen/my_rm/bd/ulp/ip/ulp_hmss_0_0/bd_14/ip/ip_1/bd_6f56_psr0_0_board.xdc] for cell 'level0_i/ulp/hmss_0/inst/path_13/interconnect0_13/inst/clk_map/psr0/U0'
Finished Parsing XDC File [/home/ae_reviewer/TempGNN/build/baselines/rtga_timingfix_v3_hw/_x/link/vivado/vpl/prj/prj.gen/my_rm/bd/ulp/ip/ulp_hmss_0_0/bd_14/ip/ip_1/bd_6f56_psr0_0_board.xdc] for cell 'level0_i/ulp/hmss_0/inst/path_13/interconnect0_13/inst/clk_map/psr0/U0'
Parsing XDC File [/home/ae_reviewer/TempGNN/build/baselines/rtga_timingfix_v3_hw/_x/link/vivado/vpl/prj/prj.gen/my_rm/bd/ulp/ip/ulp_axi_gpio_null_0/ulp_axi_gpio_null_0_board.xdc] for cell 'level0_i/ulp/SLR0/axi_gpio_null/U0'
Finished Parsing XDC File [/home/ae_reviewer/TempGNN/build/baselines/rtga_timingfix_v3_hw/_x/link/vivado/vpl/prj/prj.gen/my_rm/bd/ulp/ip/ulp_axi_gpio_null_0/ulp_axi_gpio_null_0_board.xdc] for cell 'level0_i/ulp/SLR0/axi_gpio_null/U0'
Parsing XDC File [/home/ae_reviewer/TempGNN/build/baselines/rtga_timingfix_v3_hw/_x/link/vivado/vpl/prj/prj.gen/my_rm/bd/ulp/ip/ulp_hmss_0_0/bd_13/ip/ip_10/bd_daa2_sbn_0_clocks.xdc] for cell 'level0_i/ulp/hmss_0/inst/path_12/interconnect13_12/inst/s00_nodes/s00_b_node/inst'
Finished Parsing XDC File [/home/ae_reviewer/TempGNN/build/baselines/rtga_timingfix_v3_hw/_x/link/vivado/vpl/prj/prj.gen/my_rm/bd/ulp/ip/ulp_hmss_0_0/bd_13/ip/ip_10/bd_daa2_sbn_0_clocks.xdc] for cell 'level0_i/ulp/hmss_0/inst/path_12/interconnect13_12/inst/s00_nodes/s00_b_node/inst'
Parsing XDC File [/home/ae_reviewer/TempGNN/build/baselines/rtga_timingfix_v3_hw/_x/link/vivado/vpl/prj/prj.gen/my_rm/bd/ulp/ip/ulp_hmss_0_0/bd_13/ip/ip_9/bd_daa2_swn_0_clocks.xdc] for cell 'level0_i/ulp/hmss_0/inst/path_12/interconnect13_12/inst/s00_nodes/s00_w_node/inst'
Finished Parsing XDC File [/home/ae_reviewer/TempGNN/build/baselines/rtga_timingfix_v3_hw/_x/link/vivado/vpl/prj/prj.gen/my_rm/bd/ulp/ip/ulp_hmss_0_0/bd_13/ip/ip_9/bd_daa2_swn_0_clocks.xdc] for cell 'level0_i/ulp/hmss_0/inst/path_12/interconnect13_12/inst/s00_nodes/s00_w_node/inst'
Parsing XDC File [/home/ae_reviewer/TempGNN/build/baselines/rtga_timingfix_v3_hw/_x/link/vivado/vpl/prj/prj.gen/my_rm/bd/ulp/ip/ulp_hmss_0_0/bd_13/ip/ip_8/bd_daa2_sawn_0_clocks.xdc] for cell 'level0_i/ulp/hmss_0/inst/path_12/interconnect13_12/inst/s00_nodes/s00_aw_node/inst'
Finished Parsing XDC File [/home/ae_reviewer/TempGNN/build/baselines/rtga_timingfix_v3_hw/_x/link/vivado/vpl/prj/prj.gen/my_rm/bd/ulp/ip/ulp_hmss_0_0/bd_13/ip/ip_8/bd_daa2_sawn_0_clocks.xdc] for cell 'level0_i/ulp/hmss_0/inst/path_12/interconnect13_12/inst/s00_nodes/s00_aw_node/inst'
Parsing XDC File [/home/ae_reviewer/TempGNN/build/baselines/rtga_timingfix_v3_hw/_x/link/vivado/vpl/prj/prj.gen/my_rm/bd/ulp/ip/ulp_hmss_0_0/bd_13/ip/ip_3/bd_daa2_psr_aclk1_0.xdc] for cell 'level0_i/ulp/hmss_0/inst/path_12/interconnect13_12/inst/clk_map/psr_aclk1/U0'
Finished Parsing XDC File [/home/ae_reviewer/TempGNN/build/baselines/rtga_timingfix_v3_hw/_x/link/vivado/vpl/prj/prj.gen/my_rm/bd/ulp/ip/ulp_hmss_0_0/bd_13/ip/ip_3/bd_daa2_psr_aclk1_0.xdc] for cell 'level0_i/ulp/hmss_0/inst/path_12/interconnect13_12/inst/clk_map/psr_aclk1/U0'
Parsing XDC File [/home/ae_reviewer/TempGNN/build/baselines/rtga_timingfix_v3_hw/_x/link/vivado/vpl/prj/prj.gen/my_rm/bd/ulp/ip/ulp_hmss_0_0/bd_13/ip/ip_3/bd_daa2_psr_aclk1_0_board.xdc] for cell 'level0_i/ulp/hmss_0/inst/path_12/interconnect13_12/inst/clk_map/psr_aclk1/U0'
Finished Parsing XDC File [/home/ae_reviewer/TempGNN/build/baselines/rtga_timingfix_v3_hw/_x/link/vivado/vpl/prj/prj.gen/my_rm/bd/ulp/ip/ulp_hmss_0_0/bd_13/ip/ip_3/bd_daa2_psr_aclk1_0_board.xdc] for cell 'level0_i/ulp/hmss_0/inst/path_12/interconnect13_12/inst/clk_map/psr_aclk1/U0'
Parsing XDC File [/home/ae_reviewer/TempGNN/build/baselines/rtga_timingfix_v3_hw/_x/link/vivado/vpl/prj/prj.gen/my_rm/bd/ulp/ip/ulp_hmss_0_0/bd_13/ip/ip_2/bd_daa2_psr_aclk_0.xdc] for cell 'level0_i/ulp/hmss_0/inst/path_12/interconnect13_12/inst/clk_map/psr_aclk/U0'
Finished Parsing XDC File [/home/ae_reviewer/TempGNN/build/baselines/rtga_timingfix_v3_hw/_x/link/vivado/vpl/prj/prj.gen/my_rm/bd/ulp/ip/ulp_hmss_0_0/bd_13/ip/ip_2/bd_daa2_psr_aclk_0.xdc] for cell 'level0_i/ulp/hmss_0/inst/path_12/interconnect13_12/inst/clk_map/psr_aclk/U0'
Parsing XDC File [/home/ae_reviewer/TempGNN/build/baselines/rtga_timingfix_v3_hw/_x/link/vivado/vpl/prj/prj.gen/my_rm/bd/ulp/ip/ulp_hmss_0_0/bd_13/ip/ip_2/bd_daa2_psr_aclk_0_board.xdc] for cell 'level0_i/ulp/hmss_0/inst/path_12/interconnect13_12/inst/clk_map/psr_aclk/U0'
Finished Parsing XDC File [/home/ae_reviewer/TempGNN/build/baselines/rtga_timingfix_v3_hw/_x/link/vivado/vpl/prj/prj.gen/my_rm/bd/ulp/ip/ulp_hmss_0_0/bd_13/ip/ip_2/bd_daa2_psr_aclk_0_board.xdc] for cell 'level0_i/ulp/hmss_0/inst/path_12/interconnect13_12/inst/clk_map/psr_aclk/U0'
Parsing XDC File [/home/ae_reviewer/TempGNN/build/baselines/rtga_timingfix_v3_hw/_x/link/vivado/vpl/prj/prj.gen/my_rm/bd/ulp/ip/ulp_hmss_0_0/bd_13/ip/ip_1/bd_daa2_psr0_0.xdc] for cell 'level0_i/ulp/hmss_0/inst/path_12/interconnect13_12/inst/clk_map/psr0/U0'
Finished Parsing XDC File [/home/ae_reviewer/TempGNN/build/baselines/rtga_timingfix_v3_hw/_x/link/vivado/vpl/prj/prj.gen/my_rm/bd/ulp/ip/ulp_hmss_0_0/bd_13/ip/ip_1/bd_daa2_psr0_0.xdc] for cell 'level0_i/ulp/hmss_0/inst/path_12/interconnect13_12/inst/clk_map/psr0/U0'
Parsing XDC File [/home/ae_reviewer/TempGNN/build/baselines/rtga_timingfix_v3_hw/_x/link/vivado/vpl/prj/prj.gen/my_rm/bd/ulp/ip/ulp_hmss_0_0/bd_13/ip/ip_1/bd_daa2_psr0_0_board.xdc] for cell 'level0_i/ulp/hmss_0/inst/path_12/interconnect13_12/inst/clk_map/psr0/U0'
Finished Parsing XDC File [/home/ae_reviewer/TempGNN/build/baselines/rtga_timingfix_v3_hw/_x/link/vivado/vpl/prj/prj.gen/my_rm/bd/ulp/ip/ulp_hmss_0_0/bd_13/ip/ip_1/bd_daa2_psr0_0_board.xdc] for cell 'level0_i/ulp/hmss_0/inst/path_12/interconnect13_12/inst/clk_map/psr0/U0'
Parsing XDC File [/home/ae_reviewer/TempGNN/build/baselines/rtga_timingfix_v3_hw/_x/link/vivado/vpl/prj/prj.gen/my_rm/bd/ulp/ip/ulp_hmss_0_0/bd_0/ip/ip_36/smartconnect.xdc] for cell 'level0_i/ulp/hmss_0/inst/path_11/interconnect12_11/inst'
WARNING: [Vivado_Tcl 4-919] Waiver ID 'CDC-1' -from list should not be empty. [/home/ae_reviewer/TempGNN/build/baselines/rtga_timingfix_v3_hw/_x/link/vivado/vpl/prj/prj.gen/my_rm/bd/ulp/ip/ulp_hmss_0_0/bd_0/ip/ip_36/smartconnect.xdc:1]
Finished Parsing XDC File [/home/ae_reviewer/TempGNN/build/baselines/rtga_timingfix_v3_hw/_x/link/vivado/vpl/prj/prj.gen/my_rm/bd/ulp/ip/ulp_hmss_0_0/bd_0/ip/ip_36/smartconnect.xdc] for cell 'level0_i/ulp/hmss_0/inst/path_11/interconnect12_11/inst'
Parsing XDC File [/home/ae_reviewer/TempGNN/build/baselines/rtga_timingfix_v3_hw/_x/link/vivado/vpl/.local/hw_platform/hw_bb_locked/level0_wrapper_board.xdc]
Finished Parsing XDC File [/home/ae_reviewer/TempGNN/build/baselines/rtga_timingfix_v3_hw/_x/link/vivado/vpl/.local/hw_platform/hw_bb_locked/level0_wrapper_board.xdc]
Parsing XDC File [/home/ae_reviewer/TempGNN/build/baselines/rtga_timingfix_v3_hw/_x/link/vivado/vpl/.local/hw_platform/hw_bb_locked/level0_wrapper_early.xdc]
WARNING: [Vivado 12-4775] Pblock ranges need to include all sites of a tile. The following ranges will be automatically aligned to a tile boundary: SLICE_X222Y540:SLICE_X232Y599, SLICE_X221Y0:SLICE_X221Y59, SLICE_X206Y540:SLICE_X219Y599, SLICE_X197Y60:SLICE_X205Y659 [impl.pblocks.xdc:153]
WARNING: [Vivado 12-4775] Pblock ranges need to include all sites of a tile. The following ranges will be automatically aligned to a tile boundary: BUFG_GT_X1Y216:BUFG_GT_X1Y239, BUFG_GT_X1Y0:BUFG_GT_X1Y23 [impl.pblocks.xdc:153]
WARNING: [Vivado 12-4775] Pblock ranges need to include all sites of a tile. The following ranges will be automatically aligned to a tile boundary: BUFG_GT_SYNC_X1Y135:BUFG_GT_SYNC_X1Y149, BUFG_GT_SYNC_X1Y0:BUFG_GT_SYNC_X1Y14 [impl.pblocks.xdc:153]
WARNING: [Vivado 12-4775] Pblock ranges need to include all sites of a tile. The following ranges will be automatically aligned to a tile boundary: DSP48E2_X30Y210:DSP48E2_X31Y233, DSP48E2_X29Y18:DSP48E2_X29Y257 [impl.pblocks.xdc:153]
WARNING: [Vivado 12-4775] Pblock ranges need to include all sites of a tile. The following ranges will be automatically aligned to a tile boundary: GTYE4_CHANNEL_X1Y0:GTYE4_CHANNEL_X1Y3 [impl.pblocks.xdc:153]
WARNING: [Vivado 12-4775] Pblock ranges need to include all sites of a tile. The following ranges will be automatically aligned to a tile boundary: IOB_X0Y572:IOB_X0Y623, IOB_X0Y156:IOB_X0Y207 [impl.pblocks.xdc:153]
WARNING: [Vivado 12-4775] Pblock ranges need to include all sites of a tile. The following ranges will be automatically aligned to a tile boundary: RAMB18_X12Y216:RAMB18_X13Y239 [impl.pblocks.xdc:153]
WARNING: [Vivado 12-4775] Pblock ranges need to include all sites of a tile. The following ranges will be automatically aligned to a tile boundary: RAMB36_X12Y108:RAMB36_X13Y119 [impl.pblocks.xdc:153]
WARNING: [Vivado 12-4775] Pblock ranges need to include all sites of a tile. The following ranges will be automatically aligned to a tile boundary: SLICE_X197Y60:SLICE_X205Y239, SLICE_X221Y0:SLICE_X221Y59 [impl.pblocks.xdc:166]
WARNING: [Vivado 12-4775] Pblock ranges need to include all sites of a tile. The following ranges will be automatically aligned to a tile boundary: BUFG_GT_X1Y0:BUFG_GT_X1Y23 [impl.pblocks.xdc:166]
WARNING: [Vivado 12-4775] Pblock ranges need to include all sites of a tile. The following ranges will be automatically aligned to a tile boundary: BUFG_GT_SYNC_X1Y0:BUFG_GT_SYNC_X1Y14 [impl.pblocks.xdc:166]
WARNING: [Vivado 12-4775] Pblock ranges need to include all sites of a tile. The following ranges will be automatically aligned to a tile boundary: DSP48E2_X29Y18:DSP48E2_X29Y89 [impl.pblocks.xdc:166]
WARNING: [Vivado 12-4775] Pblock ranges need to include all sites of a tile. The following ranges will be automatically aligned to a tile boundary: GTYE4_CHANNEL_X1Y0:GTYE4_CHANNEL_X1Y3 [impl.pblocks.xdc:166]
WARNING: [Vivado 12-4775] Pblock ranges need to include all sites of a tile. The following ranges will be automatically aligned to a tile boundary: IOB_X0Y156:IOB_X0Y207 [impl.pblocks.xdc:166]
WARNING: [Vivado 12-4775] Pblock ranges need to include all sites of a tile. The following ranges will be automatically aligned to a tile boundary: SLICE_X197Y240:SLICE_X205Y479 [impl.pblocks.xdc:179]
WARNING: [Vivado 12-4775] Pblock ranges need to include all sites of a tile. The following ranges will be automatically aligned to a tile boundary: DSP48E2_X29Y90:DSP48E2_X29Y185 [impl.pblocks.xdc:179]
WARNING: [Vivado 12-4775] Pblock ranges need to include all sites of a tile. The following ranges will be automatically aligned to a tile boundary: SLICE_X222Y540:SLICE_X232Y599, SLICE_X206Y540:SLICE_X219Y599, SLICE_X197Y480:SLICE_X205Y659 [impl.pblocks.xdc:184]
WARNING: [Vivado 12-4775] Pblock ranges need to include all sites of a tile. The following ranges will be automatically aligned to a tile boundary: BUFG_GT_X1Y216:BUFG_GT_X1Y239 [impl.pblocks.xdc:184]
WARNING: [Vivado 12-4775] Pblock ranges need to include all sites of a tile. The following ranges will be automatically aligned to a tile boundary: BUFG_GT_SYNC_X1Y135:BUFG_GT_SYNC_X1Y149 [impl.pblocks.xdc:184]
WARNING: [Vivado 12-4775] Pblock ranges need to include all sites of a tile. The following ranges will be automatically aligned to a tile boundary: DSP48E2_X30Y210:DSP48E2_X31Y233, DSP48E2_X29Y186:DSP48E2_X29Y257 [impl.pblocks.xdc:184]
WARNING: [Vivado 12-4775] Pblock ranges need to include all sites of a tile. The following ranges will be automatically aligned to a tile boundary: IOB_X0Y572:IOB_X0Y623 [impl.pblocks.xdc:184]
WARNING: [Vivado 12-4775] Pblock ranges need to include all sites of a tile. The following ranges will be automatically aligned to a tile boundary: RAMB18_X12Y216:RAMB18_X13Y239 [impl.pblocks.xdc:184]
WARNING: [Vivado 12-4775] Pblock ranges need to include all sites of a tile. The following ranges will be automatically aligned to a tile boundary: RAMB36_X12Y108:RAMB36_X13Y119 [impl.pblocks.xdc:184]
INFO: [Constraints 18-4422] SNAPPING_MODE is set so implementation will use the DERIVED_RANGES which may be different then the GRID_RANGES. [impl.pblocks.xdc:203]
WARNING: [Vivado 12-4775] Pblock ranges need to include all sites of a tile. The following ranges will be automatically aligned to a tile boundary: SLICE_X117Y660:SLICE_X145Y719, SLICE_X176Y60:SLICE_X196Y659, SLICE_X220Y540:SLICE_X221Y599, SLICE_X117Y180:SLICE_X145Y239, SLICE_X206Y0:SLICE_X232Y59 [impl.pblocks.xdc:203]
INFO: [Constraints 18-4421] A LAGUNA range, without usable sites, was added to DERIVED_RANGES for purposes of keeping the Programmable Unit together within the reconfigurable pblock. [impl.pblocks.xdc:203]
WARNING: [Vivado 12-4775] Pblock ranges need to include all sites of a tile. The following ranges will be automatically aligned to a tile boundary: BLI_HBM_APB_INTF_X30Y0:BLI_HBM_APB_INTF_X31Y0 [impl.pblocks.xdc:203]
WARNING: [Vivado 12-4775] Pblock ranges need to include all sites of a tile. The following ranges will be automatically aligned to a tile boundary: BLI_HBM_AXI_INTF_X30Y0:BLI_HBM_AXI_INTF_X31Y0 [impl.pblocks.xdc:203]
WARNING: [Vivado 12-4775] Pblock ranges need to include all sites of a tile. The following ranges will be automatically aligned to a tile boundary: DSP48E2_X16Y258:DSP48E2_X19Y281, DSP48E2_X25Y18:DSP48E2_X28Y257, DSP48E2_X16Y66:DSP48E2_X19Y89, DSP48E2_X30Y0:DSP48E2_X31Y17 [impl.pblocks.xdc:203]
WARNING: [Vivado 12-4775] Pblock ranges need to include all sites of a tile. The following ranges will be automatically aligned to a tile boundary: GTYE4_CHANNEL_X1Y36:GTYE4_CHANNEL_X1Y39 [impl.pblocks.xdc:203]
WARNING: [Vivado 12-4775] Pblock ranges need to include all sites of a tile. The following ranges will be automatically aligned to a tile boundary: LAGUNA_X16Y480:LAGUNA_X19Y599, LAGUNA_X24Y0:LAGUNA_X27Y479, LAGUNA_X16Y0:LAGUNA_X19Y119 [impl.pblocks.xdc:203]
WARNING: [Vivado 12-4775] Pblock ranges need to include all sites of a tile. The following ranges will be automatically aligned to a tile boundary: RAMB18_X8Y264:RAMB18_X9Y287, RAMB18_X11Y24:RAMB18_X11Y263, RAMB18_X8Y72:RAMB18_X9Y95, RAMB18_X12Y0:RAMB18_X13Y23 [impl.pblocks.xdc:203]
WARNING: [Vivado 12-4775] Pblock ranges need to include all sites of a tile. The following ranges will be automatically aligned to a tile boundary: RAMB36_X8Y132:RAMB36_X9Y143, RAMB36_X11Y12:RAMB36_X11Y131, RAMB36_X8Y36:RAMB36_X9Y47, RAMB36_X12Y0:RAMB36_X13Y11 [impl.pblocks.xdc:203]
WARNING: [Vivado 12-4775] Pblock ranges need to include all sites of a tile. The following ranges will be automatically aligned to a tile boundary: URAM288_X2Y176:URAM288_X2Y191, URAM288_X4Y16:URAM288_X4Y175, URAM288_X2Y48:URAM288_X2Y63 [impl.pblocks.xdc:203]
resize_pblock: Time (s): cpu = 00:00:07 ; elapsed = 00:00:07 . Memory (MB): peak = 6792.680 ; gain = 94.383 ; free physical = 45056 ; free virtual = 60585
INFO: [Power 33-23] Power model is not available for STARTUP_8SERIES_GEN.STARTUP3_8SERIES_inst [ip_pcie4c_uscale_plus_x1y0.xdc:228]
set_switching_activity: Time (s): cpu = 00:03:01 ; elapsed = 00:01:03 . Memory (MB): peak = 8157.637 ; gain = 1296.926 ; free physical = 43832 ; free virtual = 59362
Finished Parsing XDC File [/home/ae_reviewer/TempGNN/build/baselines/rtga_timingfix_v3_hw/_x/link/vivado/vpl/.local/hw_platform/hw_bb_locked/level0_wrapper_early.xdc]
Parsing XDC File [/home/ae_reviewer/TempGNN/build/baselines/rtga_timingfix_v3_hw/_x/link/vivado/vpl/.local/hw_platform/tcl_hooks/impl.xdc]
WARNING: [Vivado 12-4775] Pblock ranges need to include all sites of a tile. The following ranges will be automatically aligned to a tile boundary: SLICE_X117Y660:SLICE_X145Y719, SLICE_X176Y60:SLICE_X196Y659, SLICE_X220Y540:SLICE_X221Y599, SLICE_X117Y180:SLICE_X145Y239, SLICE_X206Y0:SLICE_X232Y59 [/home/ae_reviewer/TempGNN/build/baselines/rtga_timingfix_v3_hw/_x/link/vivado/vpl/.local/hw_platform/tcl_hooks/impl.xdc:7]
resize_pblock: Time (s): cpu = 00:00:08 ; elapsed = 00:00:08 . Memory (MB): peak = 8157.637 ; gain = 0.000 ; free physical = 43832 ; free virtual = 59362
WARNING: [Vivado 12-4775] Pblock ranges need to include all sites of a tile. The following ranges will be automatically aligned to a tile boundary: BLI_HBM_APB_INTF_X30Y0:BLI_HBM_APB_INTF_X31Y0 [/home/ae_reviewer/TempGNN/build/baselines/rtga_timingfix_v3_hw/_x/link/vivado/vpl/.local/hw_platform/tcl_hooks/impl.xdc:8]
resize_pblock: Time (s): cpu = 00:00:08 ; elapsed = 00:00:08 . Memory (MB): peak = 8157.637 ; gain = 0.000 ; free physical = 43833 ; free virtual = 59363
WARNING: [Vivado 12-4775] Pblock ranges need to include all sites of a tile. The following ranges will be automatically aligned to a tile boundary: BLI_HBM_AXI_INTF_X30Y0:BLI_HBM_AXI_INTF_X31Y0 [/home/ae_reviewer/TempGNN/build/baselines/rtga_timingfix_v3_hw/_x/link/vivado/vpl/.local/hw_platform/tcl_hooks/impl.xdc:9]
resize_pblock: Time (s): cpu = 00:00:08 ; elapsed = 00:00:08 . Memory (MB): peak = 8157.637 ; gain = 0.000 ; free physical = 43835 ; free virtual = 59365
resize_pblock: Time (s): cpu = 00:00:08 ; elapsed = 00:00:08 . Memory (MB): peak = 8157.637 ; gain = 0.000 ; free physical = 43834 ; free virtual = 59364
WARNING: [Vivado 12-4775] Pblock ranges need to include all sites of a tile. The following ranges will be automatically aligned to a tile boundary: DSP48E2_X16Y258:DSP48E2_X19Y281, DSP48E2_X25Y18:DSP48E2_X28Y257, DSP48E2_X16Y66:DSP48E2_X19Y89, DSP48E2_X30Y0:DSP48E2_X31Y17 [/home/ae_reviewer/TempGNN/build/baselines/rtga_timingfix_v3_hw/_x/link/vivado/vpl/.local/hw_platform/tcl_hooks/impl.xdc:11]
resize_pblock: Time (s): cpu = 00:00:08 ; elapsed = 00:00:08 . Memory (MB): peak = 8157.637 ; gain = 0.000 ; free physical = 43831 ; free virtual = 59361
WARNING: [Vivado 12-4775] Pblock ranges need to include all sites of a tile. The following ranges will be automatically aligned to a tile boundary: GTYE4_CHANNEL_X1Y36:GTYE4_CHANNEL_X1Y39 [/home/ae_reviewer/TempGNN/build/baselines/rtga_timingfix_v3_hw/_x/link/vivado/vpl/.local/hw_platform/tcl_hooks/impl.xdc:12]
resize_pblock: Time (s): cpu = 00:00:08 ; elapsed = 00:00:08 . Memory (MB): peak = 8157.637 ; gain = 0.000 ; free physical = 43831 ; free virtual = 59361
resize_pblock: Time (s): cpu = 00:00:08 ; elapsed = 00:00:08 . Memory (MB): peak = 8157.637 ; gain = 0.000 ; free physical = 43832 ; free virtual = 59362
WARNING: [Vivado 12-4775] Pblock ranges need to include all sites of a tile. The following ranges will be automatically aligned to a tile boundary: LAGUNA_X16Y480:LAGUNA_X19Y599, LAGUNA_X24Y0:LAGUNA_X27Y479, LAGUNA_X16Y0:LAGUNA_X19Y119 [/home/ae_reviewer/TempGNN/build/baselines/rtga_timingfix_v3_hw/_x/link/vivado/vpl/.local/hw_platform/tcl_hooks/impl.xdc:14]
resize_pblock: Time (s): cpu = 00:00:08 ; elapsed = 00:00:08 . Memory (MB): peak = 8157.637 ; gain = 0.000 ; free physical = 43833 ; free virtual = 59363
WARNING: [Vivado 12-4775] Pblock ranges need to include all sites of a tile. The following ranges will be automatically aligned to a tile boundary: RAMB18_X8Y264:RAMB18_X9Y287, RAMB18_X11Y24:RAMB18_X11Y263, RAMB18_X8Y72:RAMB18_X9Y95, RAMB18_X12Y0:RAMB18_X13Y23 [/home/ae_reviewer/TempGNN/build/baselines/rtga_timingfix_v3_hw/_x/link/vivado/vpl/.local/hw_platform/tcl_hooks/impl.xdc:15]
resize_pblock: Time (s): cpu = 00:00:08 ; elapsed = 00:00:08 . Memory (MB): peak = 8157.637 ; gain = 0.000 ; free physical = 43832 ; free virtual = 59362
WARNING: [Vivado 12-4775] Pblock ranges need to include all sites of a tile. The following ranges will be automatically aligned to a tile boundary: RAMB36_X8Y132:RAMB36_X9Y143, RAMB36_X11Y12:RAMB36_X11Y131, RAMB36_X8Y36:RAMB36_X9Y47, RAMB36_X12Y0:RAMB36_X13Y11 [/home/ae_reviewer/TempGNN/build/baselines/rtga_timingfix_v3_hw/_x/link/vivado/vpl/.local/hw_platform/tcl_hooks/impl.xdc:16]
resize_pblock: Time (s): cpu = 00:00:08 ; elapsed = 00:00:08 . Memory (MB): peak = 8157.637 ; gain = 0.000 ; free physical = 43833 ; free virtual = 59363
WARNING: [Vivado 12-4775] Pblock ranges need to include all sites of a tile. The following ranges will be automatically aligned to a tile boundary: URAM288_X2Y176:URAM288_X2Y191, URAM288_X4Y16:URAM288_X4Y175, URAM288_X2Y48:URAM288_X2Y63 [/home/ae_reviewer/TempGNN/build/baselines/rtga_timingfix_v3_hw/_x/link/vivado/vpl/.local/hw_platform/tcl_hooks/impl.xdc:17]
resize_pblock: Time (s): cpu = 00:00:07 ; elapsed = 00:00:07 . Memory (MB): peak = 8157.637 ; gain = 0.000 ; free physical = 43833 ; free virtual = 59363
resize_pblock: Time (s): cpu = 00:00:08 ; elapsed = 00:00:07 . Memory (MB): peak = 8157.637 ; gain = 0.000 ; free physical = 43833 ; free virtual = 59363
WARNING: [Vivado 12-4775] Pblock ranges need to include all sites of a tile. The following ranges will be automatically aligned to a tile boundary: SLICE_X206Y0:SLICE_X232Y59, SLICE_X176Y60:SLICE_X196Y239, SLICE_X117Y180:SLICE_X145Y239 [/home/ae_reviewer/TempGNN/build/baselines/rtga_timingfix_v3_hw/_x/link/vivado/vpl/.local/hw_platform/tcl_hooks/impl.xdc:23]
WARNING: [Vivado 12-4775] Pblock ranges need to include all sites of a tile. The following ranges will be automatically aligned to a tile boundary: DSP48E2_X25Y18:DSP48E2_X28Y89, DSP48E2_X16Y66:DSP48E2_X19Y89, DSP48E2_X30Y0:DSP48E2_X31Y17 [/home/ae_reviewer/TempGNN/build/baselines/rtga_timingfix_v3_hw/_x/link/vivado/vpl/.local/hw_platform/tcl_hooks/impl.xdc:24]
WARNING: [Vivado 12-4775] Pblock ranges need to include all sites of a tile. The following ranges will be automatically aligned to a tile boundary: LAGUNA_X24Y0:LAGUNA_X27Y119, LAGUNA_X16Y0:LAGUNA_X19Y119 [/home/ae_reviewer/TempGNN/build/baselines/rtga_timingfix_v3_hw/_x/link/vivado/vpl/.local/hw_platform/tcl_hooks/impl.xdc:25]
WARNING: [Vivado 12-4775] Pblock ranges need to include all sites of a tile. The following ranges will be automatically aligned to a tile boundary: RAMB18_X11Y24:RAMB18_X11Y95, RAMB18_X8Y72:RAMB18_X9Y95, RAMB18_X12Y0:RAMB18_X13Y23 [/home/ae_reviewer/TempGNN/build/baselines/rtga_timingfix_v3_hw/_x/link/vivado/vpl/.local/hw_platform/tcl_hooks/impl.xdc:26]
WARNING: [Vivado 12-4775] Pblock ranges need to include all sites of a tile. The following ranges will be automatically aligned to a tile boundary: RAMB36_X11Y12:RAMB36_X11Y47, RAMB36_X8Y36:RAMB36_X9Y47, RAMB36_X12Y0:RAMB36_X13Y11 [/home/ae_reviewer/TempGNN/build/baselines/rtga_timingfix_v3_hw/_x/link/vivado/vpl/.local/hw_platform/tcl_hooks/impl.xdc:27]
WARNING: [Vivado 12-4775] Pblock ranges need to include all sites of a tile. The following ranges will be automatically aligned to a tile boundary: URAM288_X4Y16:URAM288_X4Y63, URAM288_X2Y48:URAM288_X2Y63 [/home/ae_reviewer/TempGNN/build/baselines/rtga_timingfix_v3_hw/_x/link/vivado/vpl/.local/hw_platform/tcl_hooks/impl.xdc:28]
WARNING: [Vivado 12-4775] Pblock ranges need to include all sites of a tile. The following ranges will be automatically aligned to a tile boundary: SLICE_X176Y240:SLICE_X196Y479 [/home/ae_reviewer/TempGNN/build/baselines/rtga_timingfix_v3_hw/_x/link/vivado/vpl/.local/hw_platform/tcl_hooks/impl.xdc:35]
WARNING: [Vivado 12-4775] Pblock ranges need to include all sites of a tile. The following ranges will be automatically aligned to a tile boundary: DSP48E2_X25Y90:DSP48E2_X28Y185 [/home/ae_reviewer/TempGNN/build/baselines/rtga_timingfix_v3_hw/_x/link/vivado/vpl/.local/hw_platform/tcl_hooks/impl.xdc:36]
WARNING: [Vivado 12-4775] Pblock ranges need to include all sites of a tile. The following ranges will be automatically aligned to a tile boundary: LAGUNA_X24Y120:LAGUNA_X27Y359 [/home/ae_reviewer/TempGNN/build/baselines/rtga_timingfix_v3_hw/_x/link/vivado/vpl/.local/hw_platform/tcl_hooks/impl.xdc:37]
WARNING: [Vivado 12-4775] Pblock ranges need to include all sites of a tile. The following ranges will be automatically aligned to a tile boundary: RAMB18_X11Y96:RAMB18_X11Y191 [/home/ae_reviewer/TempGNN/build/baselines/rtga_timingfix_v3_hw/_x/link/vivado/vpl/.local/hw_platform/tcl_hooks/impl.xdc:38]
WARNING: [Vivado 12-4775] Pblock ranges need to include all sites of a tile. The following ranges will be automatically aligned to a tile boundary: RAMB36_X11Y48:RAMB36_X11Y95 [/home/ae_reviewer/TempGNN/build/baselines/rtga_timingfix_v3_hw/_x/link/vivado/vpl/.local/hw_platform/tcl_hooks/impl.xdc:39]
WARNING: [Vivado 12-4775] Pblock ranges need to include all sites of a tile. The following ranges will be automatically aligned to a tile boundary: URAM288_X4Y64:URAM288_X4Y127 [/home/ae_reviewer/TempGNN/build/baselines/rtga_timingfix_v3_hw/_x/link/vivado/vpl/.local/hw_platform/tcl_hooks/impl.xdc:40]
WARNING: [Vivado 12-4775] Pblock ranges need to include all sites of a tile. The following ranges will be automatically aligned to a tile boundary: SLICE_X117Y660:SLICE_X145Y719, SLICE_X176Y480:SLICE_X196Y659, SLICE_X220Y540:SLICE_X221Y599 [/home/ae_reviewer/TempGNN/build/baselines/rtga_timingfix_v3_hw/_x/link/vivado/vpl/.local/hw_platform/tcl_hooks/impl.xdc:47]
WARNING: [Vivado 12-4775] Pblock ranges need to include all sites of a tile. The following ranges will be automatically aligned to a tile boundary: DSP48E2_X16Y258:DSP48E2_X19Y281, DSP48E2_X25Y186:DSP48E2_X28Y257 [/home/ae_reviewer/TempGNN/build/baselines/rtga_timingfix_v3_hw/_x/link/vivado/vpl/.local/hw_platform/tcl_hooks/impl.xdc:48]
WARNING: [Vivado 12-4775] Pblock ranges need to include all sites of a tile. The following ranges will be automatically aligned to a tile boundary: LAGUNA_X16Y480:LAGUNA_X19Y599, LAGUNA_X24Y360:LAGUNA_X27Y479 [/home/ae_reviewer/TempGNN/build/baselines/rtga_timingfix_v3_hw/_x/link/vivado/vpl/.local/hw_platform/tcl_hooks/impl.xdc:49]
WARNING: [Vivado 12-4775] Pblock ranges need to include all sites of a tile. The following ranges will be automatically aligned to a tile boundary: RAMB18_X8Y264:RAMB18_X9Y287, RAMB18_X11Y192:RAMB18_X11Y263 [/home/ae_reviewer/TempGNN/build/baselines/rtga_timingfix_v3_hw/_x/link/vivado/vpl/.local/hw_platform/tcl_hooks/impl.xdc:50]
WARNING: [Vivado 12-4775] Pblock ranges need to include all sites of a tile. The following ranges will be automatically aligned to a tile boundary: RAMB36_X8Y132:RAMB36_X9Y143, RAMB36_X11Y96:RAMB36_X11Y131 [/home/ae_reviewer/TempGNN/build/baselines/rtga_timingfix_v3_hw/_x/link/vivado/vpl/.local/hw_platform/tcl_hooks/impl.xdc:51]
WARNING: [Vivado 12-4775] Pblock ranges need to include all sites of a tile. The following ranges will be automatically aligned to a tile boundary: URAM288_X2Y176:URAM288_X2Y191, URAM288_X4Y128:URAM288_X4Y175 [/home/ae_reviewer/TempGNN/build/baselines/rtga_timingfix_v3_hw/_x/link/vivado/vpl/.local/hw_platform/tcl_hooks/impl.xdc:52]
get_pins: Time (s): cpu = 00:00:09 ; elapsed = 00:00:09 . Memory (MB): peak = 9305.660 ; gain = 1148.023 ; free physical = 42664 ; free virtual = 58194
get_pins: Time (s): cpu = 00:00:08 ; elapsed = 00:00:08 . Memory (MB): peak = 9305.660 ; gain = 0.000 ; free physical = 42663 ; free virtual = 58193
Finished Parsing XDC File [/home/ae_reviewer/TempGNN/build/baselines/rtga_timingfix_v3_hw/_x/link/vivado/vpl/.local/hw_platform/tcl_hooks/impl.xdc]
Parsing XDC File [/home/ae_reviewer/TempGNN/build/baselines/rtga_timingfix_v3_hw/_x/link/vivado/vpl/output/dont_partition.xdc]
get_cells: Time (s): cpu = 00:00:08 ; elapsed = 00:00:08 . Memory (MB): peak = 9369.660 ; gain = 0.000 ; free physical = 42665 ; free virtual = 58195
Finished Parsing XDC File [/home/ae_reviewer/TempGNN/build/baselines/rtga_timingfix_v3_hw/_x/link/vivado/vpl/output/dont_partition.xdc]
Parsing XDC File [/home/ae_reviewer/TempGNN/build/baselines/rtga_timingfix_v3_hw/_x/link/vivado/vpl/.local/hw_platform/hw_bb_locked/level0_wrapper.xdc]
INFO: [Timing 38-2] Deriving generated clocks [xsdbm_gc_late_late.xdc:55]
all_fanout: Time (s): cpu = 00:00:43 ; elapsed = 00:00:10 . Memory (MB): peak = 9369.660 ; gain = 0.000 ; free physical = 42665 ; free virtual = 58195
Finished Parsing XDC File [/home/ae_reviewer/TempGNN/build/baselines/rtga_timingfix_v3_hw/_x/link/vivado/vpl/.local/hw_platform/hw_bb_locked/level0_wrapper.xdc]
Parsing XDC File [/home/ae_reviewer/TempGNN/build/baselines/rtga_timingfix_v3_hw/_x/link/vivado/vpl/.local/hw_platform/hw_bb_locked/level0_wrapper_late.xdc]
get_clocks: Time (s): cpu = 00:00:28 ; elapsed = 00:00:08 . Memory (MB): peak = 9369.660 ; gain = 0.000 ; free physical = 42665 ; free virtual = 58195
INFO: [Vivado 12-2286] Implicit search of objects for pattern 'clk_sck' matched to 'clock' objects. [impl.clocks.xdc:32]
Resolution: To avoid ambiguous patterns, provide proper objects using get commands e.g. [get_nets xyz].
INFO: [Vivado 12-2286] Implicit search of objects for pattern 'clk_sck' matched to 'clock' objects. [impl.clocks.xdc:33]
Resolution: To avoid ambiguous patterns, provide proper objects using get commands e.g. [get_nets xyz].
INFO: [Vivado 12-2286] Implicit search of objects for pattern 'clk_sck' matched to 'clock' objects. [impl.clocks.xdc:36]
Resolution: To avoid ambiguous patterns, provide proper objects using get commands e.g. [get_nets xyz].
Finished Parsing XDC File [/home/ae_reviewer/TempGNN/build/baselines/rtga_timingfix_v3_hw/_x/link/vivado/vpl/.local/hw_platform/hw_bb_locked/level0_wrapper_late.xdc]
INFO: [Designutils 20-5722] Start Reading Physical Databases.
Reading placement.
Reading placer database...
Read Old Netlist Cache: Time (s): cpu = 00:00:00.48 ; elapsed = 00:00:00.49 . Memory (MB): peak = 9369.660 ; gain = 0.000 ; free physical = 42663 ; free virtual = 58193
Read Device Cache: Time (s): cpu = 00:00:00.04 ; elapsed = 00:00:00.04 . Memory (MB): peak = 9369.660 ; gain = 0.000 ; free physical = 42663 ; free virtual = 58193
Read PlaceDB: Time (s): cpu = 00:00:08 ; elapsed = 00:00:08 . Memory (MB): peak = 9369.660 ; gain = 0.000 ; free physical = 42662 ; free virtual = 58192
Read PulsedLatchDB: Time (s): cpu = 00:00:00 ; elapsed = 00:00:00 . Memory (MB): peak = 9369.660 ; gain = 0.000 ; free physical = 42662 ; free virtual = 58192
Reading routing.
Read RouteStorage: Time (s): cpu = 00:00:06 ; elapsed = 00:00:06 . Memory (MB): peak = 9369.660 ; gain = 0.000 ; free physical = 42649 ; free virtual = 58179
Read Physdb Files: Time (s): cpu = 00:00:15 ; elapsed = 00:00:16 . Memory (MB): peak = 9369.660 ; gain = 0.000 ; free physical = 42649 ; free virtual = 58179
Restored from archive | CPU: 16.100000 secs | Memory: 242.122742 MB |
Finished XDEF File Restore: Time (s): cpu = 00:00:16 ; elapsed = 00:00:16 . Memory (MB): peak = 9369.660 ; gain = 0.000 ; free physical = 42649 ; free virtual = 58179
WARNING: [Constraints 18-4434] Global Clock Buffer 'level0_i/blp/blp_i/freerun_clk/bufg_div/U0/USE_BUFGCE_DIV2.GEN_BUFGCE_DIV2[0].BUFGCE_DIV2_I' is LOCed to site 'BUFGCE_DIV_X0Y44'. Using a LOC constraint to assign the placement of a Global Clock Buffer can result in sub-optimal placement results.
Resolution: Remove the LOC constraint and use the CLOCK_REGION constraint to assign a Global Clock Buffer to a CLOCK_REGION.
WARNING: [Constraints 18-4434] Global Clock Buffer 'level0_i/blp/blp_i/ss_cmp/inst/jtag_fallback/inst/bs_switch/inst/BSCAN_SWITCH.N_EXT_BSCAN.u_bufg_icon_tck' is LOCed to site 'BUFGCE_X0Y78'. Using a LOC constraint to assign the placement of a Global Clock Buffer can result in sub-optimal placement results.
Resolution: Remove the LOC constraint and use the CLOCK_REGION constraint to assign a Global Clock Buffer to a CLOCK_REGION.
WARNING: [Constraints 18-4434] Global Clock Buffer 'level0_i/blp/blp_i/ss_cmp/inst/mdm_board_control/U0/No_Dbg_Reg_Access.BUFG_DRCK/Using_FPGA.Native' is LOCed to site 'BUFGCTRL_X0Y28'. Using a LOC constraint to assign the placement of a Global Clock Buffer can result in sub-optimal placement results.
Resolution: Remove the LOC constraint and use the CLOCK_REGION constraint to assign a Global Clock Buffer to a CLOCK_REGION.
WARNING: [Constraints 18-4434] Global Clock Buffer 'level0_i/blp/blp_i/ss_cmp/inst/mdm_board_control/U0/Use_External.Use_BSCANID.No_Dbg_Reg_Access.BUFG_UPDATE/Using_FPGA.Native' is LOCed to site 'BUFGCE_X0Y81'. Using a LOC constraint to assign the placement of a Global Clock Buffer can result in sub-optimal placement results.
Resolution: Remove the LOC constraint and use the CLOCK_REGION constraint to assign a Global Clock Buffer to a CLOCK_REGION.
WARNING: [Constraints 18-4434] Global Clock Buffer 'level0_i/blp/blp_i/ss_cmp/inst/mgmt_debug_bridge/inst/bs_mux/inst/u_bufg_mux' is LOCed to site 'BUFGCTRL_X0Y29'. Using a LOC constraint to assign the placement of a Global Clock Buffer can result in sub-optimal placement results.
Resolution: Remove the LOC constraint and use the CLOCK_REGION constraint to assign a Global Clock Buffer to a CLOCK_REGION.
WARNING: [Constraints 18-4434] Global Clock Buffer 'level0_i/blp/blp_i/ss_cmp/inst/mgmt_debug_bridge/inst/bsip/inst/USE_SOFTBSCAN.U_TAP_TCKBUFG' is LOCed to site 'BUFGCE_X0Y79'. Using a LOC constraint to assign the placement of a Global Clock Buffer can result in sub-optimal placement results.
Resolution: Remove the LOC constraint and use the CLOCK_REGION constraint to assign a Global Clock Buffer to a CLOCK_REGION.
WARNING: [Constraints 18-4434] Global Clock Buffer 'level0_i/blp/blp_i/ss_hif/inst/clkwiz_level0_periph/inst/clkout1_buf' is LOCed to site 'BUFGCE_X0Y76'. Using a LOC constraint to assign the placement of a Global Clock Buffer can result in sub-optimal placement results.
Resolution: Remove the LOC constraint and use the CLOCK_REGION constraint to assign a Global Clock Buffer to a CLOCK_REGION.
WARNING: [Constraints 18-4434] Global Clock Buffer 'level0_i/blp/blp_i/ss_hif/inst/clkwiz_level0_periph/inst/clkout2_buf' is LOCed to site 'BUFGCE_X0Y72'. Using a LOC constraint to assign the placement of a Global Clock Buffer can result in sub-optimal placement results.
Resolution: Remove the LOC constraint and use the CLOCK_REGION constraint to assign a Global Clock Buffer to a CLOCK_REGION.
WARNING: [Constraints 18-4434] Global Clock Buffer 'level0_i/blp/blp_i/ss_hif/inst/pcie/inst/bufg_gt_sysclk' is LOCed to site 'BUFG_GT_X1Y25'. Using a LOC constraint to assign the placement of a Global Clock Buffer can result in sub-optimal placement results.
Resolution: Remove the LOC constraint and use the CLOCK_REGION constraint to assign a Global Clock Buffer to a CLOCK_REGION.
WARNING: [Constraints 18-4434] Global Clock Buffer 'level0_i/blp/blp_i/ss_hif/inst/pcie/inst/bd_39ab_pcie_0_gt_top_i/diablo_gt.diablo_gt_phy_wrapper/gt_wizard.gtwizard_top_i/bd_39ab_pcie_0_gt_i/inst/gen_gtwizard_gtye4_top.bd_39ab_pcie_0_gt_gtwizard_gtye4_inst/gen_gtwizard_gtye4.gen_cpll_cal_gtye4.gen_cpll_cal_inst[0].gen_inst_cpll_cal.gtwizard_ultrascale_v1_7_13_gtye4_cpll_cal_inst/gtwizard_ultrascale_v1_7_13_gtye4_cpll_cal_tx_i/bufg_gt_txoutclkmon_inst' is LOCed to site 'BUFG_GT_X1Y3'. Using a LOC constraint to assign the placement of a Global Clock Buffer can result in sub-optimal placement results.
Resolution: Remove the LOC constraint and use the CLOCK_REGION constraint to assign a Global Clock Buffer to a CLOCK_REGION.
WARNING: [Constraints 18-4434] Global Clock Buffer 'level0_i/blp/blp_i/ss_hif/inst/pcie/inst/bd_39ab_pcie_0_gt_top_i/diablo_gt.diablo_gt_phy_wrapper/gt_wizard.gtwizard_top_i/bd_39ab_pcie_0_gt_i/inst/gen_gtwizard_gtye4_top.bd_39ab_pcie_0_gt_gtwizard_gtye4_inst/gen_gtwizard_gtye4.gen_cpll_cal_gtye4.gen_cpll_cal_inst[10].gen_inst_cpll_cal.gtwizard_ultrascale_v1_7_13_gtye4_cpll_cal_inst/gtwizard_ultrascale_v1_7_13_gtye4_cpll_cal_tx_i/bufg_gt_txoutclkmon_inst' is LOCed to site 'BUFG_GT_X1Y65'. Using a LOC constraint to assign the placement of a Global Clock Buffer can result in sub-optimal placement results.
Resolution: Remove the LOC constraint and use the CLOCK_REGION constraint to assign a Global Clock Buffer to a CLOCK_REGION.
WARNING: [Constraints 18-4434] Global Clock Buffer 'level0_i/blp/blp_i/ss_hif/inst/pcie/inst/bd_39ab_pcie_0_gt_top_i/diablo_gt.diablo_gt_phy_wrapper/gt_wizard.gtwizard_top_i/bd_39ab_pcie_0_gt_i/inst/gen_gtwizard_gtye4_top.bd_39ab_pcie_0_gt_gtwizard_gtye4_inst/gen_gtwizard_gtye4.gen_cpll_cal_gtye4.gen_cpll_cal_inst[11].gen_inst_cpll_cal.gtwizard_ultrascale_v1_7_13_gtye4_cpll_cal_inst/gtwizard_ultrascale_v1_7_13_gtye4_cpll_cal_tx_i/bufg_gt_txoutclkmon_inst' is LOCed to site 'BUFG_GT_X1Y50'. Using a LOC constraint to assign the placement of a Global Clock Buffer can result in sub-optimal placement results.
Resolution: Remove the LOC constraint and use the CLOCK_REGION constraint to assign a Global Clock Buffer to a CLOCK_REGION.
WARNING: [Constraints 18-4434] Global Clock Buffer 'level0_i/blp/blp_i/ss_hif/inst/pcie/inst/bd_39ab_pcie_0_gt_top_i/diablo_gt.diablo_gt_phy_wrapper/gt_wizard.gtwizard_top_i/bd_39ab_pcie_0_gt_i/inst/gen_gtwizard_gtye4_top.bd_39ab_pcie_0_gt_gtwizard_gtye4_inst/gen_gtwizard_gtye4.gen_cpll_cal_gtye4.gen_cpll_cal_inst[12].gen_inst_cpll_cal.gtwizard_ultrascale_v1_7_13_gtye4_cpll_cal_inst/gtwizard_ultrascale_v1_7_13_gtye4_cpll_cal_tx_i/bufg_gt_txoutclkmon_inst' is LOCed to site 'BUFG_GT_X1Y80'. Using a LOC constraint to assign the placement of a Global Clock Buffer can result in sub-optimal placement results.
Resolution: Remove the LOC constraint and use the CLOCK_REGION constraint to assign a Global Clock Buffer to a CLOCK_REGION.
WARNING: [Constraints 18-4434] Global Clock Buffer 'level0_i/blp/blp_i/ss_hif/inst/pcie/inst/bd_39ab_pcie_0_gt_top_i/diablo_gt.diablo_gt_phy_wrapper/gt_wizard.gtwizard_top_i/bd_39ab_pcie_0_gt_i/inst/gen_gtwizard_gtye4_top.bd_39ab_pcie_0_gt_gtwizard_gtye4_inst/gen_gtwizard_gtye4.gen_cpll_cal_gtye4.gen_cpll_cal_inst[13].gen_inst_cpll_cal.gtwizard_ultrascale_v1_7_13_gtye4_cpll_cal_inst/gtwizard_ultrascale_v1_7_13_gtye4_cpll_cal_tx_i/bufg_gt_txoutclkmon_inst' is LOCed to site 'BUFG_GT_X1Y95'. Using a LOC constraint to assign the placement of a Global Clock Buffer can result in sub-optimal placement results.
Resolution: Remove the LOC constraint and use the CLOCK_REGION constraint to assign a Global Clock Buffer to a CLOCK_REGION.
WARNING: [Constraints 18-4434] Global Clock Buffer 'level0_i/blp/blp_i/ss_hif/inst/pcie/inst/bd_39ab_pcie_0_gt_top_i/diablo_gt.diablo_gt_phy_wrapper/gt_wizard.gtwizard_top_i/bd_39ab_pcie_0_gt_i/inst/gen_gtwizard_gtye4_top.bd_39ab_pcie_0_gt_gtwizard_gtye4_inst/gen_gtwizard_gtye4.gen_cpll_cal_gtye4.gen_cpll_cal_inst[14].gen_inst_cpll_cal.gtwizard_ultrascale_v1_7_13_gtye4_cpll_cal_inst/gtwizard_ultrascale_v1_7_13_gtye4_cpll_cal_tx_i/bufg_gt_txoutclkmon_inst' is LOCed to site 'BUFG_GT_X1Y87'. Using a LOC constraint to assign the placement of a Global Clock Buffer can result in sub-optimal placement results.
Resolution: Remove the LOC constraint and use the CLOCK_REGION constraint to assign a Global Clock Buffer to a CLOCK_REGION.
WARNING: [Constraints 18-4434] Global Clock Buffer 'level0_i/blp/blp_i/ss_hif/inst/pcie/inst/bd_39ab_pcie_0_gt_top_i/diablo_gt.diablo_gt_phy_wrapper/gt_wizard.gtwizard_top_i/bd_39ab_pcie_0_gt_i/inst/gen_gtwizard_gtye4_top.bd_39ab_pcie_0_gt_gtwizard_gtye4_inst/gen_gtwizard_gtye4.gen_cpll_cal_gtye4.gen_cpll_cal_inst[15].gen_inst_cpll_cal.gtwizard_ultrascale_v1_7_13_gtye4_cpll_cal_inst/gtwizard_ultrascale_v1_7_13_gtye4_cpll_cal_tx_i/bufg_gt_txoutclkmon_inst' is LOCed to site 'BUFG_GT_X1Y89'. Using a LOC constraint to assign the placement of a Global Clock Buffer can result in sub-optimal placement results.
Resolution: Remove the LOC constraint and use the CLOCK_REGION constraint to assign a Global Clock Buffer to a CLOCK_REGION.
WARNING: [Constraints 18-4434] Global Clock Buffer 'level0_i/blp/blp_i/ss_hif/inst/pcie/inst/bd_39ab_pcie_0_gt_top_i/diablo_gt.diablo_gt_phy_wrapper/gt_wizard.gtwizard_top_i/bd_39ab_pcie_0_gt_i/inst/gen_gtwizard_gtye4_top.bd_39ab_pcie_0_gt_gtwizard_gtye4_inst/gen_gtwizard_gtye4.gen_cpll_cal_gtye4.gen_cpll_cal_inst[1].gen_inst_cpll_cal.gtwizard_ultrascale_v1_7_13_gtye4_cpll_cal_inst/gtwizard_ultrascale_v1_7_13_gtye4_cpll_cal_tx_i/bufg_gt_txoutclkmon_inst' is LOCed to site 'BUFG_GT_X1Y17'. Using a LOC constraint to assign the placement of a Global Clock Buffer can result in sub-optimal placement results.
Resolution: Remove the LOC constraint and use the CLOCK_REGION constraint to assign a Global Clock Buffer to a CLOCK_REGION.
WARNING: [Constraints 18-4434] Global Clock Buffer 'level0_i/blp/blp_i/ss_hif/inst/pcie/inst/bd_39ab_pcie_0_gt_top_i/diablo_gt.diablo_gt_phy_wrapper/gt_wizard.gtwizard_top_i/bd_39ab_pcie_0_gt_i/inst/gen_gtwizard_gtye4_top.bd_39ab_pcie_0_gt_gtwizard_gtye4_inst/gen_gtwizard_gtye4.gen_cpll_cal_gtye4.gen_cpll_cal_inst[2].gen_inst_cpll_cal.gtwizard_ultrascale_v1_7_13_gtye4_cpll_cal_inst/gtwizard_ultrascale_v1_7_13_gtye4_cpll_cal_tx_i/bufg_gt_txoutclkmon_inst' is LOCed to site 'BUFG_GT_X1Y23'. Using a LOC constraint to assign the placement of a Global Clock Buffer can result in sub-optimal placement results.
Resolution: Remove the LOC constraint and use the CLOCK_REGION constraint to assign a Global Clock Buffer to a CLOCK_REGION.
WARNING: [Constraints 18-4434] Global Clock Buffer 'level0_i/blp/blp_i/ss_hif/inst/pcie/inst/bd_39ab_pcie_0_gt_top_i/diablo_gt.diablo_gt_phy_wrapper/gt_wizard.gtwizard_top_i/bd_39ab_pcie_0_gt_i/inst/gen_gtwizard_gtye4_top.bd_39ab_pcie_0_gt_gtwizard_gtye4_inst/gen_gtwizard_gtye4.gen_cpll_cal_gtye4.gen_cpll_cal_inst[3].gen_inst_cpll_cal.gtwizard_ultrascale_v1_7_13_gtye4_cpll_cal_inst/gtwizard_ultrascale_v1_7_13_gtye4_cpll_cal_tx_i/bufg_gt_txoutclkmon_inst' is LOCed to site 'BUFG_GT_X1Y15'. Using a LOC constraint to assign the placement of a Global Clock Buffer can result in sub-optimal placement results.
Resolution: Remove the LOC constraint and use the CLOCK_REGION constraint to assign a Global Clock Buffer to a CLOCK_REGION.
WARNING: [Constraints 18-4434] Global Clock Buffer 'level0_i/blp/blp_i/ss_hif/inst/pcie/inst/bd_39ab_pcie_0_gt_top_i/diablo_gt.diablo_gt_phy_wrapper/gt_wizard.gtwizard_top_i/bd_39ab_pcie_0_gt_i/inst/gen_gtwizard_gtye4_top.bd_39ab_pcie_0_gt_gtwizard_gtye4_inst/gen_gtwizard_gtye4.gen_cpll_cal_gtye4.gen_cpll_cal_inst[4].gen_inst_cpll_cal.gtwizard_ultrascale_v1_7_13_gtye4_cpll_cal_inst/gtwizard_ultrascale_v1_7_13_gtye4_cpll_cal_tx_i/bufg_gt_txoutclkmon_inst' is LOCed to site 'BUFG_GT_X1Y26'. Using a LOC constraint to assign the placement of a Global Clock Buffer can result in sub-optimal placement results.
Resolution: Remove the LOC constraint and use the CLOCK_REGION constraint to assign a Global Clock Buffer to a CLOCK_REGION.
WARNING: [Constraints 18-4434] Global Clock Buffer 'level0_i/blp/blp_i/ss_hif/inst/pcie/inst/bd_39ab_pcie_0_gt_top_i/diablo_gt.diablo_gt_phy_wrapper/gt_wizard.gtwizard_top_i/bd_39ab_pcie_0_gt_i/inst/gen_gtwizard_gtye4_top.bd_39ab_pcie_0_gt_gtwizard_gtye4_inst/gen_gtwizard_gtye4.gen_cpll_cal_gtye4.gen_cpll_cal_inst[5].gen_inst_cpll_cal.gtwizard_ultrascale_v1_7_13_gtye4_cpll_cal_inst/gtwizard_ultrascale_v1_7_13_gtye4_cpll_cal_tx_i/bufg_gt_txoutclkmon_inst' is LOCed to site 'BUFG_GT_X1Y32'. Using a LOC constraint to assign the placement of a Global Clock Buffer can result in sub-optimal placement results.
Resolution: Remove the LOC constraint and use the CLOCK_REGION constraint to assign a Global Clock Buffer to a CLOCK_REGION.
WARNING: [Constraints 18-4434] Global Clock Buffer 'level0_i/blp/blp_i/ss_hif/inst/pcie/inst/bd_39ab_pcie_0_gt_top_i/diablo_gt.diablo_gt_phy_wrapper/gt_wizard.gtwizard_top_i/bd_39ab_pcie_0_gt_i/inst/gen_gtwizard_gtye4_top.bd_39ab_pcie_0_gt_gtwizard_gtye4_inst/gen_gtwizard_gtye4.gen_cpll_cal_gtye4.gen_cpll_cal_inst[6].gen_inst_cpll_cal.gtwizard_ultrascale_v1_7_13_gtye4_cpll_cal_inst/gtwizard_ultrascale_v1_7_13_gtye4_cpll_cal_tx_i/bufg_gt_txoutclkmon_inst' is LOCed to site 'BUFG_GT_X1Y31'. Using a LOC constraint to assign the placement of a Global Clock Buffer can result in sub-optimal placement results.
Resolution: Remove the LOC constraint and use the CLOCK_REGION constraint to assign a Global Clock Buffer to a CLOCK_REGION.
WARNING: [Constraints 18-4434] Global Clock Buffer 'level0_i/blp/blp_i/ss_hif/inst/pcie/inst/bd_39ab_pcie_0_gt_top_i/diablo_gt.diablo_gt_phy_wrapper/gt_wizard.gtwizard_top_i/bd_39ab_pcie_0_gt_i/inst/gen_gtwizard_gtye4_top.bd_39ab_pcie_0_gt_gtwizard_gtye4_inst/gen_gtwizard_gtye4.gen_cpll_cal_gtye4.gen_cpll_cal_inst[7].gen_inst_cpll_cal.gtwizard_ultrascale_v1_7_13_gtye4_cpll_cal_inst/gtwizard_ultrascale_v1_7_13_gtye4_cpll_cal_tx_i/bufg_gt_txoutclkmon_inst' is LOCed to site 'BUFG_GT_X1Y33'. Using a LOC constraint to assign the placement of a Global Clock Buffer can result in sub-optimal placement results.
Resolution: Remove the LOC constraint and use the CLOCK_REGION constraint to assign a Global Clock Buffer to a CLOCK_REGION.
WARNING: [Constraints 18-4434] Global Clock Buffer 'level0_i/blp/blp_i/ss_hif/inst/pcie/inst/bd_39ab_pcie_0_gt_top_i/diablo_gt.diablo_gt_phy_wrapper/gt_wizard.gtwizard_top_i/bd_39ab_pcie_0_gt_i/inst/gen_gtwizard_gtye4_top.bd_39ab_pcie_0_gt_gtwizard_gtye4_inst/gen_gtwizard_gtye4.gen_cpll_cal_gtye4.gen_cpll_cal_inst[8].gen_inst_cpll_cal.gtwizard_ultrascale_v1_7_13_gtye4_cpll_cal_inst/gtwizard_ultrascale_v1_7_13_gtye4_cpll_cal_tx_i/bufg_gt_txoutclkmon_inst' is LOCed to site 'BUFG_GT_X1Y58'. Using a LOC constraint to assign the placement of a Global Clock Buffer can result in sub-optimal placement results.
Resolution: Remove the LOC constraint and use the CLOCK_REGION constraint to assign a Global Clock Buffer to a CLOCK_REGION.
WARNING: [Constraints 18-4434] Global Clock Buffer 'level0_i/blp/blp_i/ss_hif/inst/pcie/inst/bd_39ab_pcie_0_gt_top_i/diablo_gt.diablo_gt_phy_wrapper/gt_wizard.gtwizard_top_i/bd_39ab_pcie_0_gt_i/inst/gen_gtwizard_gtye4_top.bd_39ab_pcie_0_gt_gtwizard_gtye4_inst/gen_gtwizard_gtye4.gen_cpll_cal_gtye4.gen_cpll_cal_inst[9].gen_inst_cpll_cal.gtwizard_ultrascale_v1_7_13_gtye4_cpll_cal_inst/gtwizard_ultrascale_v1_7_13_gtye4_cpll_cal_tx_i/bufg_gt_txoutclkmon_inst' is LOCed to site 'BUFG_GT_X1Y63'. Using a LOC constraint to assign the placement of a Global Clock Buffer can result in sub-optimal placement results.
Resolution: Remove the LOC constraint and use the CLOCK_REGION constraint to assign a Global Clock Buffer to a CLOCK_REGION.
WARNING: [Constraints 18-4434] Global Clock Buffer 'level0_i/blp/blp_i/ss_hif/inst/pcie/inst/bd_39ab_pcie_0_gt_top_i/diablo_gt.diablo_gt_phy_wrapper/phy_clk_i/bufg_gt_coreclk' is LOCed to site 'BUFG_GT_X1Y86'. Using a LOC constraint to assign the placement of a Global Clock Buffer can result in sub-optimal placement results.
Resolution: Remove the LOC constraint and use the CLOCK_REGION constraint to assign a Global Clock Buffer to a CLOCK_REGION.
WARNING: [Constraints 18-4434] Global Clock Buffer 'level0_i/blp/blp_i/ss_hif/inst/pcie/inst/bd_39ab_pcie_0_gt_top_i/diablo_gt.diablo_gt_phy_wrapper/phy_clk_i/bufg_gt_intclk' is LOCed to site 'BUFG_GT_X1Y85'. Using a LOC constraint to assign the placement of a Global Clock Buffer can result in sub-optimal placement results.
Resolution: Remove the LOC constraint and use the CLOCK_REGION constraint to assign a Global Clock Buffer to a CLOCK_REGION.
WARNING: [Constraints 18-4434] Global Clock Buffer 'level0_i/blp/blp_i/ss_hif/inst/pcie/inst/bd_39ab_pcie_0_gt_top_i/diablo_gt.diablo_gt_phy_wrapper/phy_clk_i/bufg_gt_mcapclk' is LOCed to site 'BUFG_GT_X1Y94'. Using a LOC constraint to assign the placement of a Global Clock Buffer can result in sub-optimal placement results.
Resolution: Remove the LOC constraint and use the CLOCK_REGION constraint to assign a Global Clock Buffer to a CLOCK_REGION.
WARNING: [Constraints 18-4434] Global Clock Buffer 'level0_i/blp/blp_i/ss_hif/inst/pcie/inst/bd_39ab_pcie_0_gt_top_i/diablo_gt.diablo_gt_phy_wrapper/phy_clk_i/bufg_gt_pclk' is LOCed to site 'BUFG_GT_X1Y93'. Using a LOC constraint to assign the placement of a Global Clock Buffer can result in sub-optimal placement results.
Resolution: Remove the LOC constraint and use the CLOCK_REGION constraint to assign a Global Clock Buffer to a CLOCK_REGION.
WARNING: [Constraints 18-4434] Global Clock Buffer 'level0_i/blp/blp_i/ss_hif/inst/pcie/inst/bd_39ab_pcie_0_gt_top_i/diablo_gt.diablo_gt_phy_wrapper/phy_clk_i/bufg_gt_userclk' is LOCed to site 'BUFG_GT_X1Y92'. Using a LOC constraint to assign the placement of a Global Clock Buffer can result in sub-optimal placement results.
Resolution: Remove the LOC constraint and use the CLOCK_REGION constraint to assign a Global Clock Buffer to a CLOCK_REGION.
Parsing XDC File [/home/ae_reviewer/TempGNN/build/baselines/rtga_timingfix_v3_hw/_x/link/vivado/vpl/prj/prj.gen/my_rm/bd/ulp/ip/ulp_auto_cc_0/ulp_auto_cc_0_clocks.xdc] for cell 'level0_i/ulp/SLR0/interconnect_axilite_user/m00_couplers/auto_cc/inst'
WARNING: [Vivado_Tcl 4-939] Waiver ID 'LUTAR-1' object list should not be empty (perhaps an invalid wildcard was used or only unsupported objects). [/home/ae_reviewer/TempGNN/build/baselines/rtga_timingfix_v3_hw/_x/link/vivado/vpl/prj/prj.gen/my_rm/bd/ulp/ip/ulp_auto_cc_0/ulp_auto_cc_0_clocks.xdc:17]
Finished Parsing XDC File [/home/ae_reviewer/TempGNN/build/baselines/rtga_timingfix_v3_hw/_x/link/vivado/vpl/prj/prj.gen/my_rm/bd/ulp/ip/ulp_auto_cc_0/ulp_auto_cc_0_clocks.xdc] for cell 'level0_i/ulp/SLR0/interconnect_axilite_user/m00_couplers/auto_cc/inst'
Parsing XDC File [/home/ae_reviewer/TempGNN/build/baselines/rtga_timingfix_v3_hw/_x/link/vivado/vpl/prj/prj.gen/my_rm/bd/ulp/ip/ulp_auto_cc_1/ulp_auto_cc_1_clocks.xdc] for cell 'level0_i/ulp/SLR0/interconnect_axilite_user/m01_couplers/auto_cc/inst'
WARNING: [Vivado_Tcl 4-939] Waiver ID 'LUTAR-1' object list should not be empty (perhaps an invalid wildcard was used or only unsupported objects). [/home/ae_reviewer/TempGNN/build/baselines/rtga_timingfix_v3_hw/_x/link/vivado/vpl/prj/prj.gen/my_rm/bd/ulp/ip/ulp_auto_cc_1/ulp_auto_cc_1_clocks.xdc:17]
Finished Parsing XDC File [/home/ae_reviewer/TempGNN/build/baselines/rtga_timingfix_v3_hw/_x/link/vivado/vpl/prj/prj.gen/my_rm/bd/ulp/ip/ulp_auto_cc_1/ulp_auto_cc_1_clocks.xdc] for cell 'level0_i/ulp/SLR0/interconnect_axilite_user/m01_couplers/auto_cc/inst'
Parsing XDC File [/home/ae_reviewer/TempGNN/build/baselines/rtga_timingfix_v3_hw/_x/link/vivado/vpl/prj/prj.gen/my_rm/bd/ulp/ip/ulp_auto_cc_2/ulp_auto_cc_2_clocks.xdc] for cell 'level0_i/ulp/SLR1/interconnect_axilite_user/s00_couplers/auto_cc/inst'
WARNING: [Vivado_Tcl 4-939] Waiver ID 'LUTAR-1' object list should not be empty (perhaps an invalid wildcard was used or only unsupported objects). [/home/ae_reviewer/TempGNN/build/baselines/rtga_timingfix_v3_hw/_x/link/vivado/vpl/prj/prj.gen/my_rm/bd/ulp/ip/ulp_auto_cc_2/ulp_auto_cc_2_clocks.xdc:17]
Finished Parsing XDC File [/home/ae_reviewer/TempGNN/build/baselines/rtga_timingfix_v3_hw/_x/link/vivado/vpl/prj/prj.gen/my_rm/bd/ulp/ip/ulp_auto_cc_2/ulp_auto_cc_2_clocks.xdc] for cell 'level0_i/ulp/SLR1/interconnect_axilite_user/s00_couplers/auto_cc/inst'
Parsing XDC File [/home/ae_reviewer/TempGNN/build/baselines/rtga_timingfix_v3_hw/_x/link/vivado/vpl/prj/prj.gen/my_rm/bd/ulp/ip/ulp_auto_cc_3/ulp_auto_cc_3_clocks.xdc] for cell 'level0_i/ulp/SLR2/interconnect_axilite_user/s00_couplers/auto_cc/inst'
WARNING: [Vivado_Tcl 4-939] Waiver ID 'LUTAR-1' object list should not be empty (perhaps an invalid wildcard was used or only unsupported objects). [/home/ae_reviewer/TempGNN/build/baselines/rtga_timingfix_v3_hw/_x/link/vivado/vpl/prj/prj.gen/my_rm/bd/ulp/ip/ulp_auto_cc_3/ulp_auto_cc_3_clocks.xdc:17]
Finished Parsing XDC File [/home/ae_reviewer/TempGNN/build/baselines/rtga_timingfix_v3_hw/_x/link/vivado/vpl/prj/prj.gen/my_rm/bd/ulp/ip/ulp_auto_cc_3/ulp_auto_cc_3_clocks.xdc] for cell 'level0_i/ulp/SLR2/interconnect_axilite_user/s00_couplers/auto_cc/inst'
Parsing XDC File [/home/ae_reviewer/TempGNN/build/baselines/rtga_timingfix_v3_hw/_x/link/vivado/vpl/prj/prj.gen/my_rm/bd/ulp/ip/ulp_hmss_0_0/bd_0/ip/ip_4/bd_85ad_slice1_0_0_clocks.xdc] for cell 'level0_i/ulp/hmss_0/inst/path_0/slice1_0/inst'
Finished Parsing XDC File [/home/ae_reviewer/TempGNN/build/baselines/rtga_timingfix_v3_hw/_x/link/vivado/vpl/prj/prj.gen/my_rm/bd/ulp/ip/ulp_hmss_0_0/bd_0/ip/ip_4/bd_85ad_slice1_0_0_clocks.xdc] for cell 'level0_i/ulp/hmss_0/inst/path_0/slice1_0/inst'
Parsing XDC File [/home/ae_reviewer/TempGNN/build/baselines/rtga_timingfix_v3_hw/_x/link/vivado/vpl/prj/prj.gen/my_rm/bd/ulp/ip/ulp_hmss_0_0/bd_0/ip/ip_7/bd_85ad_slice2_1_0_clocks.xdc] for cell 'level0_i/ulp/hmss_0/inst/path_1/slice2_1/inst'
Finished Parsing XDC File [/home/ae_reviewer/TempGNN/build/baselines/rtga_timingfix_v3_hw/_x/link/vivado/vpl/prj/prj.gen/my_rm/bd/ulp/ip/ulp_hmss_0_0/bd_0/ip/ip_7/bd_85ad_slice2_1_0_clocks.xdc] for cell 'level0_i/ulp/hmss_0/inst/path_1/slice2_1/inst'
Parsing XDC File [/home/ae_reviewer/TempGNN/build/baselines/rtga_timingfix_v3_hw/_x/link/vivado/vpl/prj/prj.gen/my_rm/bd/ulp/ip/ulp_hmss_0_0/bd_0/ip/ip_10/bd_85ad_slice3_2_0_clocks.xdc] for cell 'level0_i/ulp/hmss_0/inst/path_2/slice3_2/inst'
Finished Parsing XDC File [/home/ae_reviewer/TempGNN/build/baselines/rtga_timingfix_v3_hw/_x/link/vivado/vpl/prj/prj.gen/my_rm/bd/ulp/ip/ulp_hmss_0_0/bd_0/ip/ip_10/bd_85ad_slice3_2_0_clocks.xdc] for cell 'level0_i/ulp/hmss_0/inst/path_2/slice3_2/inst'
Parsing XDC File [/home/ae_reviewer/TempGNN/build/baselines/rtga_timingfix_v3_hw/_x/link/vivado/vpl/prj/prj.gen/my_rm/bd/ulp/ip/ulp_hmss_0_0/bd_0/ip/ip_13/bd_85ad_slice4_3_0_clocks.xdc] for cell 'level0_i/ulp/hmss_0/inst/path_3/slice4_3/inst'
Finished Parsing XDC File [/home/ae_reviewer/TempGNN/build/baselines/rtga_timingfix_v3_hw/_x/link/vivado/vpl/prj/prj.gen/my_rm/bd/ulp/ip/ulp_hmss_0_0/bd_0/ip/ip_13/bd_85ad_slice4_3_0_clocks.xdc] for cell 'level0_i/ulp/hmss_0/inst/path_3/slice4_3/inst'
Parsing XDC File [/home/ae_reviewer/TempGNN/build/baselines/rtga_timingfix_v3_hw/_x/link/vivado/vpl/prj/prj.gen/my_rm/bd/ulp/ip/ulp_hmss_0_0/bd_0/ip/ip_16/bd_85ad_slice5_4_0_clocks.xdc] for cell 'level0_i/ulp/hmss_0/inst/path_4/slice5_4/inst'
Finished Parsing XDC File [/home/ae_reviewer/TempGNN/build/baselines/rtga_timingfix_v3_hw/_x/link/vivado/vpl/prj/prj.gen/my_rm/bd/ulp/ip/ulp_hmss_0_0/bd_0/ip/ip_16/bd_85ad_slice5_4_0_clocks.xdc] for cell 'level0_i/ulp/hmss_0/inst/path_4/slice5_4/inst'
Parsing XDC File [/home/ae_reviewer/TempGNN/build/baselines/rtga_timingfix_v3_hw/_x/link/vivado/vpl/prj/prj.gen/my_rm/bd/ulp/ip/ulp_hmss_0_0/bd_0/ip/ip_19/bd_85ad_slice6_5_0_clocks.xdc] for cell 'level0_i/ulp/hmss_0/inst/path_5/slice6_5/inst'
Finished Parsing XDC File [/home/ae_reviewer/TempGNN/build/baselines/rtga_timingfix_v3_hw/_x/link/vivado/vpl/prj/prj.gen/my_rm/bd/ulp/ip/ulp_hmss_0_0/bd_0/ip/ip_19/bd_85ad_slice6_5_0_clocks.xdc] for cell 'level0_i/ulp/hmss_0/inst/path_5/slice6_5/inst'
Parsing XDC File [/home/ae_reviewer/TempGNN/build/baselines/rtga_timingfix_v3_hw/_x/link/vivado/vpl/prj/prj.gen/my_rm/bd/ulp/ip/ulp_hmss_0_0/bd_0/ip/ip_22/bd_85ad_slice7_6_0_clocks.xdc] for cell 'level0_i/ulp/hmss_0/inst/path_6/slice7_6/inst'
Finished Parsing XDC File [/home/ae_reviewer/TempGNN/build/baselines/rtga_timingfix_v3_hw/_x/link/vivado/vpl/prj/prj.gen/my_rm/bd/ulp/ip/ulp_hmss_0_0/bd_0/ip/ip_22/bd_85ad_slice7_6_0_clocks.xdc] for cell 'level0_i/ulp/hmss_0/inst/path_6/slice7_6/inst'
Parsing XDC File [/home/ae_reviewer/TempGNN/build/baselines/rtga_timingfix_v3_hw/_x/link/vivado/vpl/prj/prj.gen/my_rm/bd/ulp/ip/ulp_hmss_0_0/bd_0/ip/ip_25/bd_85ad_slice8_7_0_clocks.xdc] for cell 'level0_i/ulp/hmss_0/inst/path_7/slice8_7/inst'
Finished Parsing XDC File [/home/ae_reviewer/TempGNN/build/baselines/rtga_timingfix_v3_hw/_x/link/vivado/vpl/prj/prj.gen/my_rm/bd/ulp/ip/ulp_hmss_0_0/bd_0/ip/ip_25/bd_85ad_slice8_7_0_clocks.xdc] for cell 'level0_i/ulp/hmss_0/inst/path_7/slice8_7/inst'
Parsing XDC File [/home/ae_reviewer/TempGNN/build/baselines/rtga_timingfix_v3_hw/_x/link/vivado/vpl/prj/prj.gen/my_rm/bd/ulp/ip/ulp_hmss_0_0/bd_0/ip/ip_28/bd_85ad_slice9_8_0_clocks.xdc] for cell 'level0_i/ulp/hmss_0/inst/path_8/slice9_8/inst'
Finished Parsing XDC File [/home/ae_reviewer/TempGNN/build/baselines/rtga_timingfix_v3_hw/_x/link/vivado/vpl/prj/prj.gen/my_rm/bd/ulp/ip/ulp_hmss_0_0/bd_0/ip/ip_28/bd_85ad_slice9_8_0_clocks.xdc] for cell 'level0_i/ulp/hmss_0/inst/path_8/slice9_8/inst'
Parsing XDC File [/home/ae_reviewer/TempGNN/build/baselines/rtga_timingfix_v3_hw/_x/link/vivado/vpl/prj/prj.gen/my_rm/bd/ulp/ip/ulp_hmss_0_0/bd_0/ip/ip_31/bd_85ad_slice10_9_0_clocks.xdc] for cell 'level0_i/ulp/hmss_0/inst/path_9/slice10_9/inst'
Finished Parsing XDC File [/home/ae_reviewer/TempGNN/build/baselines/rtga_timingfix_v3_hw/_x/link/vivado/vpl/prj/prj.gen/my_rm/bd/ulp/ip/ulp_hmss_0_0/bd_0/ip/ip_31/bd_85ad_slice10_9_0_clocks.xdc] for cell 'level0_i/ulp/hmss_0/inst/path_9/slice10_9/inst'
Parsing XDC File [/home/ae_reviewer/TempGNN/build/baselines/rtga_timingfix_v3_hw/_x/link/vivado/vpl/prj/prj.gen/my_rm/bd/ulp/ip/ulp_hmss_0_0/bd_0/ip/ip_34/bd_85ad_slice11_10_0_clocks.xdc] for cell 'level0_i/ulp/hmss_0/inst/path_10/slice11_10/inst'
Finished Parsing XDC File [/home/ae_reviewer/TempGNN/build/baselines/rtga_timingfix_v3_hw/_x/link/vivado/vpl/prj/prj.gen/my_rm/bd/ulp/ip/ulp_hmss_0_0/bd_0/ip/ip_34/bd_85ad_slice11_10_0_clocks.xdc] for cell 'level0_i/ulp/hmss_0/inst/path_10/slice11_10/inst'
Parsing XDC File [/home/ae_reviewer/TempGNN/build/baselines/rtga_timingfix_v3_hw/_x/link/vivado/vpl/prj/prj.gen/my_rm/bd/ulp/ip/ulp_hmss_0_0/bd_0/ip/ip_37/bd_85ad_slice12_11_0_clocks.xdc] for cell 'level0_i/ulp/hmss_0/inst/path_11/slice12_11/inst'
Finished Parsing XDC File [/home/ae_reviewer/TempGNN/build/baselines/rtga_timingfix_v3_hw/_x/link/vivado/vpl/prj/prj.gen/my_rm/bd/ulp/ip/ulp_hmss_0_0/bd_0/ip/ip_37/bd_85ad_slice12_11_0_clocks.xdc] for cell 'level0_i/ulp/hmss_0/inst/path_11/slice12_11/inst'
Parsing XDC File [/home/ae_reviewer/TempGNN/build/baselines/rtga_timingfix_v3_hw/_x/link/vivado/vpl/prj/prj.gen/my_rm/bd/ulp/ip/ulp_hmss_0_0/bd_0/ip/ip_40/bd_85ad_slice13_12_0_clocks.xdc] for cell 'level0_i/ulp/hmss_0/inst/path_12/slice13_12/inst'
Finished Parsing XDC File [/home/ae_reviewer/TempGNN/build/baselines/rtga_timingfix_v3_hw/_x/link/vivado/vpl/prj/prj.gen/my_rm/bd/ulp/ip/ulp_hmss_0_0/bd_0/ip/ip_40/bd_85ad_slice13_12_0_clocks.xdc] for cell 'level0_i/ulp/hmss_0/inst/path_12/slice13_12/inst'
Parsing XDC File [/home/ae_reviewer/TempGNN/build/baselines/rtga_timingfix_v3_hw/_x/link/vivado/vpl/prj/prj.gen/my_rm/bd/ulp/ip/ulp_hmss_0_0/bd_0/ip/ip_43/bd_85ad_slice0_13_0_clocks.xdc] for cell 'level0_i/ulp/hmss_0/inst/path_13/slice0_13/inst'
Finished Parsing XDC File [/home/ae_reviewer/TempGNN/build/baselines/rtga_timingfix_v3_hw/_x/link/vivado/vpl/prj/prj.gen/my_rm/bd/ulp/ip/ulp_hmss_0_0/bd_0/ip/ip_43/bd_85ad_slice0_13_0_clocks.xdc] for cell 'level0_i/ulp/hmss_0/inst/path_13/slice0_13/inst'
Parsing XDC File [/home/ae_reviewer/TempGNN/build/baselines/rtga_timingfix_v3_hw/_x/link/vivado/vpl/prj/prj.gen/my_rm/bd/ulp/ip/ulp_hmss_0_0/ulp_hmss_0_0.xdc] for cell 'level0_i/ulp/hmss_0/inst'
Finished Parsing XDC File [/home/ae_reviewer/TempGNN/build/baselines/rtga_timingfix_v3_hw/_x/link/vivado/vpl/prj/prj.gen/my_rm/bd/ulp/ip/ulp_hmss_0_0/ulp_hmss_0_0.xdc] for cell 'level0_i/ulp/hmss_0/inst'
Parsing XDC File [/home/ae_reviewer/TempGNN/build/baselines/rtga_timingfix_v3_hw/_x/link/vivado/vpl/prj/prj.gen/my_rm/bd/ulp/ip/ulp_ii_level0_wire_0/bd_0/ip/ip_5/bd_5941_s_ip_axi_ctrl_mgmt_00_0_clocks.xdc] for cell 'level0_i/ulp/ii_level0_wire/inst/pxi_ii_core/inst/s_ip_axi_ctrl_mgmt_00/inst'
Finished Parsing XDC File [/home/ae_reviewer/TempGNN/build/baselines/rtga_timingfix_v3_hw/_x/link/vivado/vpl/prj/prj.gen/my_rm/bd/ulp/ip/ulp_ii_level0_wire_0/bd_0/ip/ip_5/bd_5941_s_ip_axi_ctrl_mgmt_00_0_clocks.xdc] for cell 'level0_i/ulp/ii_level0_wire/inst/pxi_ii_core/inst/s_ip_axi_ctrl_mgmt_00/inst'
Parsing XDC File [/home/ae_reviewer/TempGNN/build/baselines/rtga_timingfix_v3_hw/_x/link/vivado/vpl/prj/prj.gen/my_rm/bd/ulp/ip/ulp_ii_level0_wire_0/bd_0/ip/ip_6/bd_5941_m_ip_axi_ctrl_mgmt_00_0_clocks.xdc] for cell 'level0_i/ulp/ii_level0_wire/inst/pxi_ii_core/inst/m_ip_axi_ctrl_mgmt_00/inst'
Finished Parsing XDC File [/home/ae_reviewer/TempGNN/build/baselines/rtga_timingfix_v3_hw/_x/link/vivado/vpl/prj/prj.gen/my_rm/bd/ulp/ip/ulp_ii_level0_wire_0/bd_0/ip/ip_6/bd_5941_m_ip_axi_ctrl_mgmt_00_0_clocks.xdc] for cell 'level0_i/ulp/ii_level0_wire/inst/pxi_ii_core/inst/m_ip_axi_ctrl_mgmt_00/inst'
Parsing XDC File [/home/ae_reviewer/TempGNN/build/baselines/rtga_timingfix_v3_hw/_x/link/vivado/vpl/prj/prj.gen/my_rm/bd/ulp/ip/ulp_ii_level0_wire_0/bd_0/ip/ip_7/bd_5941_s_ip_axi_ctrl_mgmt_01_0_clocks.xdc] for cell 'level0_i/ulp/ii_level0_wire/inst/pxi_ii_core/inst/s_ip_axi_ctrl_mgmt_01/inst'
Finished Parsing XDC File [/home/ae_reviewer/TempGNN/build/baselines/rtga_timingfix_v3_hw/_x/link/vivado/vpl/prj/prj.gen/my_rm/bd/ulp/ip/ulp_ii_level0_wire_0/bd_0/ip/ip_7/bd_5941_s_ip_axi_ctrl_mgmt_01_0_clocks.xdc] for cell 'level0_i/ulp/ii_level0_wire/inst/pxi_ii_core/inst/s_ip_axi_ctrl_mgmt_01/inst'
Parsing XDC File [/home/ae_reviewer/TempGNN/build/baselines/rtga_timingfix_v3_hw/_x/link/vivado/vpl/prj/prj.gen/my_rm/bd/ulp/ip/ulp_ii_level0_wire_0/bd_0/ip/ip_8/bd_5941_m_ip_axi_ctrl_mgmt_01_0_clocks.xdc] for cell 'level0_i/ulp/ii_level0_wire/inst/pxi_ii_core/inst/m_ip_axi_ctrl_mgmt_01/inst'
Finished Parsing XDC File [/home/ae_reviewer/TempGNN/build/baselines/rtga_timingfix_v3_hw/_x/link/vivado/vpl/prj/prj.gen/my_rm/bd/ulp/ip/ulp_ii_level0_wire_0/bd_0/ip/ip_8/bd_5941_m_ip_axi_ctrl_mgmt_01_0_clocks.xdc] for cell 'level0_i/ulp/ii_level0_wire/inst/pxi_ii_core/inst/m_ip_axi_ctrl_mgmt_01/inst'
Parsing XDC File [/home/ae_reviewer/TempGNN/build/baselines/rtga_timingfix_v3_hw/_x/link/vivado/vpl/prj/prj.gen/my_rm/bd/ulp/ip/ulp_ii_level0_wire_0/bd_0/ip/ip_9/bd_5941_s_ip_axi_ctrl_user_00_0_clocks.xdc] for cell 'level0_i/ulp/ii_level0_wire/inst/pxi_ii_core/inst/s_ip_axi_ctrl_user_00/inst'
Finished Parsing XDC File [/home/ae_reviewer/TempGNN/build/baselines/rtga_timingfix_v3_hw/_x/link/vivado/vpl/prj/prj.gen/my_rm/bd/ulp/ip/ulp_ii_level0_wire_0/bd_0/ip/ip_9/bd_5941_s_ip_axi_ctrl_user_00_0_clocks.xdc] for cell 'level0_i/ulp/ii_level0_wire/inst/pxi_ii_core/inst/s_ip_axi_ctrl_user_00/inst'
Parsing XDC File [/home/ae_reviewer/TempGNN/build/baselines/rtga_timingfix_v3_hw/_x/link/vivado/vpl/prj/prj.gen/my_rm/bd/ulp/ip/ulp_ii_level0_wire_0/bd_0/ip/ip_10/bd_5941_m_ip_axi_ctrl_user_00_0_clocks.xdc] for cell 'level0_i/ulp/ii_level0_wire/inst/pxi_ii_core/inst/m_ip_axi_ctrl_user_00/inst'
Finished Parsing XDC File [/home/ae_reviewer/TempGNN/build/baselines/rtga_timingfix_v3_hw/_x/link/vivado/vpl/prj/prj.gen/my_rm/bd/ulp/ip/ulp_ii_level0_wire_0/bd_0/ip/ip_10/bd_5941_m_ip_axi_ctrl_user_00_0_clocks.xdc] for cell 'level0_i/ulp/ii_level0_wire/inst/pxi_ii_core/inst/m_ip_axi_ctrl_user_00/inst'
Parsing XDC File [/home/ae_reviewer/TempGNN/build/baselines/rtga_timingfix_v3_hw/_x/link/vivado/vpl/prj/prj.gen/my_rm/bd/ulp/ip/ulp_ii_level0_wire_0/bd_0/ip/ip_11/bd_5941_s_ip_axi_ctrl_user_01_0_clocks.xdc] for cell 'level0_i/ulp/ii_level0_wire/inst/pxi_ii_core/inst/s_ip_axi_ctrl_user_01/inst'
Finished Parsing XDC File [/home/ae_reviewer/TempGNN/build/baselines/rtga_timingfix_v3_hw/_x/link/vivado/vpl/prj/prj.gen/my_rm/bd/ulp/ip/ulp_ii_level0_wire_0/bd_0/ip/ip_11/bd_5941_s_ip_axi_ctrl_user_01_0_clocks.xdc] for cell 'level0_i/ulp/ii_level0_wire/inst/pxi_ii_core/inst/s_ip_axi_ctrl_user_01/inst'
Parsing XDC File [/home/ae_reviewer/TempGNN/build/baselines/rtga_timingfix_v3_hw/_x/link/vivado/vpl/prj/prj.gen/my_rm/bd/ulp/ip/ulp_ii_level0_wire_0/bd_0/ip/ip_12/bd_5941_m_ip_axi_ctrl_user_01_0_clocks.xdc] for cell 'level0_i/ulp/ii_level0_wire/inst/pxi_ii_core/inst/m_ip_axi_ctrl_user_01/inst'
Finished Parsing XDC File [/home/ae_reviewer/TempGNN/build/baselines/rtga_timingfix_v3_hw/_x/link/vivado/vpl/prj/prj.gen/my_rm/bd/ulp/ip/ulp_ii_level0_wire_0/bd_0/ip/ip_12/bd_5941_m_ip_axi_ctrl_user_01_0_clocks.xdc] for cell 'level0_i/ulp/ii_level0_wire/inst/pxi_ii_core/inst/m_ip_axi_ctrl_user_01/inst'
Parsing XDC File [/home/ae_reviewer/TempGNN/build/baselines/rtga_timingfix_v3_hw/_x/link/vivado/vpl/prj/prj.gen/my_rm/bd/ulp/ip/ulp_ii_level0_wire_0/bd_0/ip/ip_13/bd_5941_s_ip_axi_ctrl_user_02_0_clocks.xdc] for cell 'level0_i/ulp/ii_level0_wire/inst/pxi_ii_core/inst/s_ip_axi_ctrl_user_02/inst'
Finished Parsing XDC File [/home/ae_reviewer/TempGNN/build/baselines/rtga_timingfix_v3_hw/_x/link/vivado/vpl/prj/prj.gen/my_rm/bd/ulp/ip/ulp_ii_level0_wire_0/bd_0/ip/ip_13/bd_5941_s_ip_axi_ctrl_user_02_0_clocks.xdc] for cell 'level0_i/ulp/ii_level0_wire/inst/pxi_ii_core/inst/s_ip_axi_ctrl_user_02/inst'
Parsing XDC File [/home/ae_reviewer/TempGNN/build/baselines/rtga_timingfix_v3_hw/_x/link/vivado/vpl/prj/prj.gen/my_rm/bd/ulp/ip/ulp_ii_level0_wire_0/bd_0/ip/ip_14/bd_5941_m_ip_axi_ctrl_user_02_0_clocks.xdc] for cell 'level0_i/ulp/ii_level0_wire/inst/pxi_ii_core/inst/m_ip_axi_ctrl_user_02/inst'
Finished Parsing XDC File [/home/ae_reviewer/TempGNN/build/baselines/rtga_timingfix_v3_hw/_x/link/vivado/vpl/prj/prj.gen/my_rm/bd/ulp/ip/ulp_ii_level0_wire_0/bd_0/ip/ip_14/bd_5941_m_ip_axi_ctrl_user_02_0_clocks.xdc] for cell 'level0_i/ulp/ii_level0_wire/inst/pxi_ii_core/inst/m_ip_axi_ctrl_user_02/inst'
Parsing XDC File [/home/ae_reviewer/TempGNN/build/baselines/rtga_timingfix_v3_hw/_x/link/vivado/vpl/prj/prj.gen/my_rm/bd/ulp/ip/ulp_ii_level0_wire_0/bd_0/ip/ip_15/bd_5941_s_ip_axi_ctrl_user_03_0_clocks.xdc] for cell 'level0_i/ulp/ii_level0_wire/inst/pxi_ii_core/inst/s_ip_axi_ctrl_user_03/inst'
Finished Parsing XDC File [/home/ae_reviewer/TempGNN/build/baselines/rtga_timingfix_v3_hw/_x/link/vivado/vpl/prj/prj.gen/my_rm/bd/ulp/ip/ulp_ii_level0_wire_0/bd_0/ip/ip_15/bd_5941_s_ip_axi_ctrl_user_03_0_clocks.xdc] for cell 'level0_i/ulp/ii_level0_wire/inst/pxi_ii_core/inst/s_ip_axi_ctrl_user_03/inst'
Parsing XDC File [/home/ae_reviewer/TempGNN/build/baselines/rtga_timingfix_v3_hw/_x/link/vivado/vpl/prj/prj.gen/my_rm/bd/ulp/ip/ulp_ii_level0_wire_0/bd_0/ip/ip_16/bd_5941_m_ip_axi_ctrl_user_03_0_clocks.xdc] for cell 'level0_i/ulp/ii_level0_wire/inst/pxi_ii_core/inst/m_ip_axi_ctrl_user_03/inst'
Finished Parsing XDC File [/home/ae_reviewer/TempGNN/build/baselines/rtga_timingfix_v3_hw/_x/link/vivado/vpl/prj/prj.gen/my_rm/bd/ulp/ip/ulp_ii_level0_wire_0/bd_0/ip/ip_16/bd_5941_m_ip_axi_ctrl_user_03_0_clocks.xdc] for cell 'level0_i/ulp/ii_level0_wire/inst/pxi_ii_core/inst/m_ip_axi_ctrl_user_03/inst'
Parsing XDC File [/home/ae_reviewer/TempGNN/build/baselines/rtga_timingfix_v3_hw/_x/link/vivado/vpl/prj/prj.gen/my_rm/bd/ulp/ip/ulp_ii_level0_wire_0/bd_0/ip/ip_17/bd_5941_s_ip_axi_data_c2h_00_0_clocks.xdc] for cell 'level0_i/ulp/ii_level0_wire/inst/pxi_ii_core/inst/s_ip_axi_data_c2h_00/inst'
Finished Parsing XDC File [/home/ae_reviewer/TempGNN/build/baselines/rtga_timingfix_v3_hw/_x/link/vivado/vpl/prj/prj.gen/my_rm/bd/ulp/ip/ulp_ii_level0_wire_0/bd_0/ip/ip_17/bd_5941_s_ip_axi_data_c2h_00_0_clocks.xdc] for cell 'level0_i/ulp/ii_level0_wire/inst/pxi_ii_core/inst/s_ip_axi_data_c2h_00/inst'
Parsing XDC File [/home/ae_reviewer/TempGNN/build/baselines/rtga_timingfix_v3_hw/_x/link/vivado/vpl/prj/prj.gen/my_rm/bd/ulp/ip/ulp_ii_level0_wire_0/bd_0/ip/ip_18/bd_5941_m_ip_axi_data_c2h_00_0_clocks.xdc] for cell 'level0_i/ulp/ii_level0_wire/inst/pxi_ii_core/inst/m_ip_axi_data_c2h_00/inst'
Finished Parsing XDC File [/home/ae_reviewer/TempGNN/build/baselines/rtga_timingfix_v3_hw/_x/link/vivado/vpl/prj/prj.gen/my_rm/bd/ulp/ip/ulp_ii_level0_wire_0/bd_0/ip/ip_18/bd_5941_m_ip_axi_data_c2h_00_0_clocks.xdc] for cell 'level0_i/ulp/ii_level0_wire/inst/pxi_ii_core/inst/m_ip_axi_data_c2h_00/inst'
Parsing XDC File [/home/ae_reviewer/TempGNN/build/baselines/rtga_timingfix_v3_hw/_x/link/vivado/vpl/prj/prj.gen/my_rm/bd/ulp/ip/ulp_ii_level0_wire_0/bd_0/ip/ip_19/bd_5941_s_ip_axi_data_h2c_00_0_clocks.xdc] for cell 'level0_i/ulp/ii_level0_wire/inst/pxi_ii_core/inst/s_ip_axi_data_h2c_00/inst'
Finished Parsing XDC File [/home/ae_reviewer/TempGNN/build/baselines/rtga_timingfix_v3_hw/_x/link/vivado/vpl/prj/prj.gen/my_rm/bd/ulp/ip/ulp_ii_level0_wire_0/bd_0/ip/ip_19/bd_5941_s_ip_axi_data_h2c_00_0_clocks.xdc] for cell 'level0_i/ulp/ii_level0_wire/inst/pxi_ii_core/inst/s_ip_axi_data_h2c_00/inst'
Parsing XDC File [/home/ae_reviewer/TempGNN/build/baselines/rtga_timingfix_v3_hw/_x/link/vivado/vpl/prj/prj.gen/my_rm/bd/ulp/ip/ulp_ii_level0_wire_0/bd_0/ip/ip_20/bd_5941_m_ip_axi_data_h2c_00_0_clocks.xdc] for cell 'level0_i/ulp/ii_level0_wire/inst/pxi_ii_core/inst/m_ip_axi_data_h2c_00/inst'
Finished Parsing XDC File [/home/ae_reviewer/TempGNN/build/baselines/rtga_timingfix_v3_hw/_x/link/vivado/vpl/prj/prj.gen/my_rm/bd/ulp/ip/ulp_ii_level0_wire_0/bd_0/ip/ip_20/bd_5941_m_ip_axi_data_h2c_00_0_clocks.xdc] for cell 'level0_i/ulp/ii_level0_wire/inst/pxi_ii_core/inst/m_ip_axi_data_h2c_00/inst'
Parsing XDC File [/home/ae_reviewer/TempGNN/build/baselines/rtga_timingfix_v3_hw/_x/link/vivado/vpl/prj/prj.gen/my_rm/bd/ulp/ip/ulp_m00_regslice_0/ulp_m00_regslice_0_clocks.xdc] for cell 'level0_i/ulp/SLR0/interconnect_axilite_user/m00_couplers/m00_regslice/inst'
Finished Parsing XDC File [/home/ae_reviewer/TempGNN/build/baselines/rtga_timingfix_v3_hw/_x/link/vivado/vpl/prj/prj.gen/my_rm/bd/ulp/ip/ulp_m00_regslice_0/ulp_m00_regslice_0_clocks.xdc] for cell 'level0_i/ulp/SLR0/interconnect_axilite_user/m00_couplers/m00_regslice/inst'
Parsing XDC File [/home/ae_reviewer/TempGNN/build/baselines/rtga_timingfix_v3_hw/_x/link/vivado/vpl/prj/prj.gen/my_rm/bd/ulp/ip/ulp_m01_regslice_0/ulp_m01_regslice_0_clocks.xdc] for cell 'level0_i/ulp/SLR0/interconnect_axilite_user/m01_couplers/m01_regslice/inst'
Finished Parsing XDC File [/home/ae_reviewer/TempGNN/build/baselines/rtga_timingfix_v3_hw/_x/link/vivado/vpl/prj/prj.gen/my_rm/bd/ulp/ip/ulp_m01_regslice_0/ulp_m01_regslice_0_clocks.xdc] for cell 'level0_i/ulp/SLR0/interconnect_axilite_user/m01_couplers/m01_regslice/inst'
Parsing XDC File [/home/ae_reviewer/TempGNN/build/baselines/rtga_timingfix_v3_hw/_x/link/vivado/vpl/prj/prj.gen/my_rm/bd/ulp/ip/ulp_proc_sys_reset_ctrl_slr0_0/ulp_proc_sys_reset_ctrl_slr0_0_slr.xdc] for cell 'level0_i/ulp/proc_sys_reset_ctrl_slr0/U0'
INFO: [Vivado 12-3520] Assignment of 'BSR_OUT_DFF[0].FDRE_BSR, EXT_LPF, VCC, SEQ, PR_OUT_DFF[0].FDRE_PER, GND, FDRE_inst, ACTIVE_LOW_BSR_OUT_DFF[0].FDRE_BSR_N, and ACTIVE_LOW_PR_OUT_DFF[0].FDRE_PER_N' to a pblock 'pblock_dynamic_SLR0' means that all children of 'proc_sys_reset_ctrl_slr0' are in the pblock. Changing the pblock assignment to 'proc_sys_reset_ctrl_slr0'. [/home/ae_reviewer/TempGNN/build/baselines/rtga_timingfix_v3_hw/_x/link/vivado/vpl/prj/prj.gen/my_rm/bd/ulp/ip/ulp_proc_sys_reset_ctrl_slr0_0/ulp_proc_sys_reset_ctrl_slr0_0_slr.xdc:55]
Finished Parsing XDC File [/home/ae_reviewer/TempGNN/build/baselines/rtga_timingfix_v3_hw/_x/link/vivado/vpl/prj/prj.gen/my_rm/bd/ulp/ip/ulp_proc_sys_reset_ctrl_slr0_0/ulp_proc_sys_reset_ctrl_slr0_0_slr.xdc] for cell 'level0_i/ulp/proc_sys_reset_ctrl_slr0/U0'
Parsing XDC File [/home/ae_reviewer/TempGNN/build/baselines/rtga_timingfix_v3_hw/_x/link/vivado/vpl/prj/prj.gen/my_rm/bd/ulp/ip/ulp_proc_sys_reset_ctrl_slr1_0/ulp_proc_sys_reset_ctrl_slr1_0_slr.xdc] for cell 'level0_i/ulp/proc_sys_reset_ctrl_slr1/U0'
INFO: [Vivado 12-3520] Assignment of 'BSR_OUT_DFF[0].FDRE_BSR, EXT_LPF, ACTIVE_LOW_PR_OUT_DFF[0].FDRE_PER_N, ACTIVE_LOW_BSR_OUT_DFF[0].FDRE_BSR_N, FDRE_inst, GND, PR_OUT_DFF[0].FDRE_PER, SEQ, and VCC' to a pblock 'pblock_dynamic_SLR1' means that all children of 'proc_sys_reset_ctrl_slr1' are in the pblock. Changing the pblock assignment to 'proc_sys_reset_ctrl_slr1'. [/home/ae_reviewer/TempGNN/build/baselines/rtga_timingfix_v3_hw/_x/link/vivado/vpl/prj/prj.gen/my_rm/bd/ulp/ip/ulp_proc_sys_reset_ctrl_slr1_0/ulp_proc_sys_reset_ctrl_slr1_0_slr.xdc:55]
Finished Parsing XDC File [/home/ae_reviewer/TempGNN/build/baselines/rtga_timingfix_v3_hw/_x/link/vivado/vpl/prj/prj.gen/my_rm/bd/ulp/ip/ulp_proc_sys_reset_ctrl_slr1_0/ulp_proc_sys_reset_ctrl_slr1_0_slr.xdc] for cell 'level0_i/ulp/proc_sys_reset_ctrl_slr1/U0'
Parsing XDC File [/home/ae_reviewer/TempGNN/build/baselines/rtga_timingfix_v3_hw/_x/link/vivado/vpl/prj/prj.gen/my_rm/bd/ulp/ip/ulp_proc_sys_reset_ctrl_slr2_0/ulp_proc_sys_reset_ctrl_slr2_0_slr.xdc] for cell 'level0_i/ulp/proc_sys_reset_ctrl_slr2/U0'
INFO: [Vivado 12-3520] Assignment of 'BSR_OUT_DFF[0].FDRE_BSR, EXT_LPF, ACTIVE_LOW_PR_OUT_DFF[0].FDRE_PER_N, ACTIVE_LOW_BSR_OUT_DFF[0].FDRE_BSR_N, FDRE_inst, GND, PR_OUT_DFF[0].FDRE_PER, SEQ, and VCC' to a pblock 'pblock_dynamic_SLR2' means that all children of 'proc_sys_reset_ctrl_slr2' are in the pblock. Changing the pblock assignment to 'proc_sys_reset_ctrl_slr2'. [/home/ae_reviewer/TempGNN/build/baselines/rtga_timingfix_v3_hw/_x/link/vivado/vpl/prj/prj.gen/my_rm/bd/ulp/ip/ulp_proc_sys_reset_ctrl_slr2_0/ulp_proc_sys_reset_ctrl_slr2_0_slr.xdc:55]
Finished Parsing XDC File [/home/ae_reviewer/TempGNN/build/baselines/rtga_timingfix_v3_hw/_x/link/vivado/vpl/prj/prj.gen/my_rm/bd/ulp/ip/ulp_proc_sys_reset_ctrl_slr2_0/ulp_proc_sys_reset_ctrl_slr2_0_slr.xdc] for cell 'level0_i/ulp/proc_sys_reset_ctrl_slr2/U0'
Parsing XDC File [/home/ae_reviewer/TempGNN/build/baselines/rtga_timingfix_v3_hw/_x/link/vivado/vpl/prj/prj.gen/my_rm/bd/ulp/ip/ulp_proc_sys_reset_freerun_slr0_0/ulp_proc_sys_reset_freerun_slr0_0_slr.xdc] for cell 'level0_i/ulp/proc_sys_reset_freerun_slr0/U0'
INFO: [Vivado 12-3520] Assignment of 'EXT_LPF, ACTIVE_LOW_PR_OUT_DFF[0].FDRE_PER_N, BSR_OUT_DFF[0].FDRE_BSR, ACTIVE_LOW_BSR_OUT_DFF[0].FDRE_BSR_N, FDRE_inst, GND, PR_OUT_DFF[0].FDRE_PER, SEQ, and VCC' to a pblock 'pblock_dynamic_SLR0' means that all children of 'proc_sys_reset_freerun_slr0' are in the pblock. Changing the pblock assignment to 'proc_sys_reset_freerun_slr0'. [/home/ae_reviewer/TempGNN/build/baselines/rtga_timingfix_v3_hw/_x/link/vivado/vpl/prj/prj.gen/my_rm/bd/ulp/ip/ulp_proc_sys_reset_freerun_slr0_0/ulp_proc_sys_reset_freerun_slr0_0_slr.xdc:55]
Finished Parsing XDC File [/home/ae_reviewer/TempGNN/build/baselines/rtga_timingfix_v3_hw/_x/link/vivado/vpl/prj/prj.gen/my_rm/bd/ulp/ip/ulp_proc_sys_reset_freerun_slr0_0/ulp_proc_sys_reset_freerun_slr0_0_slr.xdc] for cell 'level0_i/ulp/proc_sys_reset_freerun_slr0/U0'
Parsing XDC File [/home/ae_reviewer/TempGNN/build/baselines/rtga_timingfix_v3_hw/_x/link/vivado/vpl/prj/prj.gen/my_rm/bd/ulp/ip/ulp_proc_sys_reset_freerun_slr1_0/ulp_proc_sys_reset_freerun_slr1_0_slr.xdc] for cell 'level0_i/ulp/proc_sys_reset_freerun_slr1/U0'
INFO: [Vivado 12-3520] Assignment of 'EXT_LPF, ACTIVE_LOW_PR_OUT_DFF[0].FDRE_PER_N, BSR_OUT_DFF[0].FDRE_BSR, ACTIVE_LOW_BSR_OUT_DFF[0].FDRE_BSR_N, FDRE_inst, GND, PR_OUT_DFF[0].FDRE_PER, SEQ, and VCC' to a pblock 'pblock_dynamic_SLR1' means that all children of 'proc_sys_reset_freerun_slr1' are in the pblock. Changing the pblock assignment to 'proc_sys_reset_freerun_slr1'. [/home/ae_reviewer/TempGNN/build/baselines/rtga_timingfix_v3_hw/_x/link/vivado/vpl/prj/prj.gen/my_rm/bd/ulp/ip/ulp_proc_sys_reset_freerun_slr1_0/ulp_proc_sys_reset_freerun_slr1_0_slr.xdc:55]
Finished Parsing XDC File [/home/ae_reviewer/TempGNN/build/baselines/rtga_timingfix_v3_hw/_x/link/vivado/vpl/prj/prj.gen/my_rm/bd/ulp/ip/ulp_proc_sys_reset_freerun_slr1_0/ulp_proc_sys_reset_freerun_slr1_0_slr.xdc] for cell 'level0_i/ulp/proc_sys_reset_freerun_slr1/U0'
Parsing XDC File [/home/ae_reviewer/TempGNN/build/baselines/rtga_timingfix_v3_hw/_x/link/vivado/vpl/prj/prj.gen/my_rm/bd/ulp/ip/ulp_proc_sys_reset_freerun_slr2_0/ulp_proc_sys_reset_freerun_slr2_0_slr.xdc] for cell 'level0_i/ulp/proc_sys_reset_freerun_slr2/U0'
INFO: [Vivado 12-3520] Assignment of 'EXT_LPF, ACTIVE_LOW_PR_OUT_DFF[0].FDRE_PER_N, BSR_OUT_DFF[0].FDRE_BSR, ACTIVE_LOW_BSR_OUT_DFF[0].FDRE_BSR_N, FDRE_inst, GND, PR_OUT_DFF[0].FDRE_PER, SEQ, and VCC' to a pblock 'pblock_dynamic_SLR2' means that all children of 'proc_sys_reset_freerun_slr2' are in the pblock. Changing the pblock assignment to 'proc_sys_reset_freerun_slr2'. [/home/ae_reviewer/TempGNN/build/baselines/rtga_timingfix_v3_hw/_x/link/vivado/vpl/prj/prj.gen/my_rm/bd/ulp/ip/ulp_proc_sys_reset_freerun_slr2_0/ulp_proc_sys_reset_freerun_slr2_0_slr.xdc:55]
Finished Parsing XDC File [/home/ae_reviewer/TempGNN/build/baselines/rtga_timingfix_v3_hw/_x/link/vivado/vpl/prj/prj.gen/my_rm/bd/ulp/ip/ulp_proc_sys_reset_freerun_slr2_0/ulp_proc_sys_reset_freerun_slr2_0_slr.xdc] for cell 'level0_i/ulp/proc_sys_reset_freerun_slr2/U0'
Parsing XDC File [/home/ae_reviewer/TempGNN/build/baselines/rtga_timingfix_v3_hw/_x/link/vivado/vpl/prj/prj.gen/my_rm/bd/ulp/ip/ulp_proc_sys_reset_kernel2_slr0_0/ulp_proc_sys_reset_kernel2_slr0_0_slr.xdc] for cell 'level0_i/ulp/proc_sys_reset_kernel2_slr0/U0'
INFO: [Vivado 12-3520] Assignment of 'EXT_LPF, ACTIVE_LOW_PR_OUT_DFF[0].FDRE_PER_N, BSR_OUT_DFF[0].FDRE_BSR, ACTIVE_LOW_BSR_OUT_DFF[0].FDRE_BSR_N, FDRE_inst, GND, PR_OUT_DFF[0].FDRE_PER, SEQ, and VCC' to a pblock 'pblock_dynamic_SLR0' means that all children of 'proc_sys_reset_kernel2_slr0' are in the pblock. Changing the pblock assignment to 'proc_sys_reset_kernel2_slr0'. [/home/ae_reviewer/TempGNN/build/baselines/rtga_timingfix_v3_hw/_x/link/vivado/vpl/prj/prj.gen/my_rm/bd/ulp/ip/ulp_proc_sys_reset_kernel2_slr0_0/ulp_proc_sys_reset_kernel2_slr0_0_slr.xdc:55]
Finished Parsing XDC File [/home/ae_reviewer/TempGNN/build/baselines/rtga_timingfix_v3_hw/_x/link/vivado/vpl/prj/prj.gen/my_rm/bd/ulp/ip/ulp_proc_sys_reset_kernel2_slr0_0/ulp_proc_sys_reset_kernel2_slr0_0_slr.xdc] for cell 'level0_i/ulp/proc_sys_reset_kernel2_slr0/U0'
Parsing XDC File [/home/ae_reviewer/TempGNN/build/baselines/rtga_timingfix_v3_hw/_x/link/vivado/vpl/prj/prj.gen/my_rm/bd/ulp/ip/ulp_proc_sys_reset_kernel2_slr1_0/ulp_proc_sys_reset_kernel2_slr1_0_slr.xdc] for cell 'level0_i/ulp/proc_sys_reset_kernel2_slr1/U0'
INFO: [Vivado 12-3520] Assignment of 'EXT_LPF, ACTIVE_LOW_PR_OUT_DFF[0].FDRE_PER_N, BSR_OUT_DFF[0].FDRE_BSR, ACTIVE_LOW_BSR_OUT_DFF[0].FDRE_BSR_N, FDRE_inst, GND, PR_OUT_DFF[0].FDRE_PER, SEQ, and VCC' to a pblock 'pblock_dynamic_SLR1' means that all children of 'proc_sys_reset_kernel2_slr1' are in the pblock. Changing the pblock assignment to 'proc_sys_reset_kernel2_slr1'. [/home/ae_reviewer/TempGNN/build/baselines/rtga_timingfix_v3_hw/_x/link/vivado/vpl/prj/prj.gen/my_rm/bd/ulp/ip/ulp_proc_sys_reset_kernel2_slr1_0/ulp_proc_sys_reset_kernel2_slr1_0_slr.xdc:55]
Finished Parsing XDC File [/home/ae_reviewer/TempGNN/build/baselines/rtga_timingfix_v3_hw/_x/link/vivado/vpl/prj/prj.gen/my_rm/bd/ulp/ip/ulp_proc_sys_reset_kernel2_slr1_0/ulp_proc_sys_reset_kernel2_slr1_0_slr.xdc] for cell 'level0_i/ulp/proc_sys_reset_kernel2_slr1/U0'
Parsing XDC File [/home/ae_reviewer/TempGNN/build/baselines/rtga_timingfix_v3_hw/_x/link/vivado/vpl/prj/prj.gen/my_rm/bd/ulp/ip/ulp_proc_sys_reset_kernel2_slr2_0/ulp_proc_sys_reset_kernel2_slr2_0_slr.xdc] for cell 'level0_i/ulp/proc_sys_reset_kernel2_slr2/U0'
INFO: [Vivado 12-3520] Assignment of 'EXT_LPF, ACTIVE_LOW_PR_OUT_DFF[0].FDRE_PER_N, BSR_OUT_DFF[0].FDRE_BSR, ACTIVE_LOW_BSR_OUT_DFF[0].FDRE_BSR_N, FDRE_inst, GND, PR_OUT_DFF[0].FDRE_PER, SEQ, and VCC' to a pblock 'pblock_dynamic_SLR2' means that all children of 'proc_sys_reset_kernel2_slr2' are in the pblock. Changing the pblock assignment to 'proc_sys_reset_kernel2_slr2'. [/home/ae_reviewer/TempGNN/build/baselines/rtga_timingfix_v3_hw/_x/link/vivado/vpl/prj/prj.gen/my_rm/bd/ulp/ip/ulp_proc_sys_reset_kernel2_slr2_0/ulp_proc_sys_reset_kernel2_slr2_0_slr.xdc:55]
Finished Parsing XDC File [/home/ae_reviewer/TempGNN/build/baselines/rtga_timingfix_v3_hw/_x/link/vivado/vpl/prj/prj.gen/my_rm/bd/ulp/ip/ulp_proc_sys_reset_kernel2_slr2_0/ulp_proc_sys_reset_kernel2_slr2_0_slr.xdc] for cell 'level0_i/ulp/proc_sys_reset_kernel2_slr2/U0'
Parsing XDC File [/home/ae_reviewer/TempGNN/build/baselines/rtga_timingfix_v3_hw/_x/link/vivado/vpl/prj/prj.gen/my_rm/bd/ulp/ip/ulp_proc_sys_reset_kernel_slr0_0/ulp_proc_sys_reset_kernel_slr0_0_slr.xdc] for cell 'level0_i/ulp/proc_sys_reset_kernel_slr0/U0'
INFO: [Vivado 12-3520] Assignment of 'BSR_OUT_DFF[0].FDRE_BSR, EXT_LPF, ACTIVE_LOW_PR_OUT_DFF[0].FDRE_PER_N, ACTIVE_LOW_BSR_OUT_DFF[0].FDRE_BSR_N, FDRE_inst, GND, PR_OUT_DFF[0].FDRE_PER, SEQ, and VCC' to a pblock 'pblock_dynamic_SLR0' means that all children of 'proc_sys_reset_kernel_slr0' are in the pblock. Changing the pblock assignment to 'proc_sys_reset_kernel_slr0'. [/home/ae_reviewer/TempGNN/build/baselines/rtga_timingfix_v3_hw/_x/link/vivado/vpl/prj/prj.gen/my_rm/bd/ulp/ip/ulp_proc_sys_reset_kernel_slr0_0/ulp_proc_sys_reset_kernel_slr0_0_slr.xdc:55]
Finished Parsing XDC File [/home/ae_reviewer/TempGNN/build/baselines/rtga_timingfix_v3_hw/_x/link/vivado/vpl/prj/prj.gen/my_rm/bd/ulp/ip/ulp_proc_sys_reset_kernel_slr0_0/ulp_proc_sys_reset_kernel_slr0_0_slr.xdc] for cell 'level0_i/ulp/proc_sys_reset_kernel_slr0/U0'
Parsing XDC File [/home/ae_reviewer/TempGNN/build/baselines/rtga_timingfix_v3_hw/_x/link/vivado/vpl/prj/prj.gen/my_rm/bd/ulp/ip/ulp_proc_sys_reset_kernel_slr1_0/ulp_proc_sys_reset_kernel_slr1_0_slr.xdc] for cell 'level0_i/ulp/proc_sys_reset_kernel_slr1/U0'
INFO: [Vivado 12-3520] Assignment of 'BSR_OUT_DFF[0].FDRE_BSR, EXT_LPF, ACTIVE_LOW_PR_OUT_DFF[0].FDRE_PER_N, ACTIVE_LOW_BSR_OUT_DFF[0].FDRE_BSR_N, FDRE_inst, GND, PR_OUT_DFF[0].FDRE_PER, SEQ, and VCC' to a pblock 'pblock_dynamic_SLR1' means that all children of 'proc_sys_reset_kernel_slr1' are in the pblock. Changing the pblock assignment to 'proc_sys_reset_kernel_slr1'. [/home/ae_reviewer/TempGNN/build/baselines/rtga_timingfix_v3_hw/_x/link/vivado/vpl/prj/prj.gen/my_rm/bd/ulp/ip/ulp_proc_sys_reset_kernel_slr1_0/ulp_proc_sys_reset_kernel_slr1_0_slr.xdc:55]
Finished Parsing XDC File [/home/ae_reviewer/TempGNN/build/baselines/rtga_timingfix_v3_hw/_x/link/vivado/vpl/prj/prj.gen/my_rm/bd/ulp/ip/ulp_proc_sys_reset_kernel_slr1_0/ulp_proc_sys_reset_kernel_slr1_0_slr.xdc] for cell 'level0_i/ulp/proc_sys_reset_kernel_slr1/U0'
Parsing XDC File [/home/ae_reviewer/TempGNN/build/baselines/rtga_timingfix_v3_hw/_x/link/vivado/vpl/prj/prj.gen/my_rm/bd/ulp/ip/ulp_proc_sys_reset_kernel_slr2_0/ulp_proc_sys_reset_kernel_slr2_0_slr.xdc] for cell 'level0_i/ulp/proc_sys_reset_kernel_slr2/U0'
INFO: [Vivado 12-3520] Assignment of 'BSR_OUT_DFF[0].FDRE_BSR, EXT_LPF, ACTIVE_LOW_PR_OUT_DFF[0].FDRE_PER_N, ACTIVE_LOW_BSR_OUT_DFF[0].FDRE_BSR_N, FDRE_inst, GND, PR_OUT_DFF[0].FDRE_PER, SEQ, and VCC' to a pblock 'pblock_dynamic_SLR2' means that all children of 'proc_sys_reset_kernel_slr2' are in the pblock. Changing the pblock assignment to 'proc_sys_reset_kernel_slr2'. [/home/ae_reviewer/TempGNN/build/baselines/rtga_timingfix_v3_hw/_x/link/vivado/vpl/prj/prj.gen/my_rm/bd/ulp/ip/ulp_proc_sys_reset_kernel_slr2_0/ulp_proc_sys_reset_kernel_slr2_0_slr.xdc:55]
Finished Parsing XDC File [/home/ae_reviewer/TempGNN/build/baselines/rtga_timingfix_v3_hw/_x/link/vivado/vpl/prj/prj.gen/my_rm/bd/ulp/ip/ulp_proc_sys_reset_kernel_slr2_0/ulp_proc_sys_reset_kernel_slr2_0_slr.xdc] for cell 'level0_i/ulp/proc_sys_reset_kernel_slr2/U0'
Parsing XDC File [/home/ae_reviewer/TempGNN/build/baselines/rtga_timingfix_v3_hw/_x/link/vivado/vpl/prj/prj.gen/my_rm/bd/ulp/ip/ulp_regslice_control_userpf_0/ulp_regslice_control_userpf_0_clocks.xdc] for cell 'level0_i/ulp/SLR0/regslice_control_userpf/inst'
Finished Parsing XDC File [/home/ae_reviewer/TempGNN/build/baselines/rtga_timingfix_v3_hw/_x/link/vivado/vpl/prj/prj.gen/my_rm/bd/ulp/ip/ulp_regslice_control_userpf_0/ulp_regslice_control_userpf_0_clocks.xdc] for cell 'level0_i/ulp/SLR0/regslice_control_userpf/inst'
Parsing XDC File [/home/ae_reviewer/TempGNN/build/baselines/rtga_timingfix_v3_hw/_x/link/vivado/vpl/prj/prj.gen/my_rm/bd/ulp/ip/ulp_regslice_control_userpf_0/ulp_regslice_control_userpf_0_slr.xdc] for cell 'level0_i/ulp/SLR0/regslice_control_userpf/inst'
Finished Parsing XDC File [/home/ae_reviewer/TempGNN/build/baselines/rtga_timingfix_v3_hw/_x/link/vivado/vpl/prj/prj.gen/my_rm/bd/ulp/ip/ulp_regslice_control_userpf_0/ulp_regslice_control_userpf_0_slr.xdc] for cell 'level0_i/ulp/SLR0/regslice_control_userpf/inst'
Parsing XDC File [/home/ae_reviewer/TempGNN/build/baselines/rtga_timingfix_v3_hw/_x/link/vivado/vpl/prj/prj.gen/my_rm/bd/ulp/ip/ulp_regslice_control_userpf_1/ulp_regslice_control_userpf_1_clocks.xdc] for cell 'level0_i/ulp/SLR1/regslice_control_userpf/inst'
Finished Parsing XDC File [/home/ae_reviewer/TempGNN/build/baselines/rtga_timingfix_v3_hw/_x/link/vivado/vpl/prj/prj.gen/my_rm/bd/ulp/ip/ulp_regslice_control_userpf_1/ulp_regslice_control_userpf_1_clocks.xdc] for cell 'level0_i/ulp/SLR1/regslice_control_userpf/inst'
Parsing XDC File [/home/ae_reviewer/TempGNN/build/baselines/rtga_timingfix_v3_hw/_x/link/vivado/vpl/prj/prj.gen/my_rm/bd/ulp/ip/ulp_regslice_control_userpf_1/ulp_regslice_control_userpf_1_slr.xdc] for cell 'level0_i/ulp/SLR1/regslice_control_userpf/inst'
Finished Parsing XDC File [/home/ae_reviewer/TempGNN/build/baselines/rtga_timingfix_v3_hw/_x/link/vivado/vpl/prj/prj.gen/my_rm/bd/ulp/ip/ulp_regslice_control_userpf_1/ulp_regslice_control_userpf_1_slr.xdc] for cell 'level0_i/ulp/SLR1/regslice_control_userpf/inst'
Parsing XDC File [/home/ae_reviewer/TempGNN/build/baselines/rtga_timingfix_v3_hw/_x/link/vivado/vpl/prj/prj.gen/my_rm/bd/ulp/ip/ulp_regslice_control_userpf_2/ulp_regslice_control_userpf_2_clocks.xdc] for cell 'level0_i/ulp/SLR2/regslice_control_userpf/inst'
Finished Parsing XDC File [/home/ae_reviewer/TempGNN/build/baselines/rtga_timingfix_v3_hw/_x/link/vivado/vpl/prj/prj.gen/my_rm/bd/ulp/ip/ulp_regslice_control_userpf_2/ulp_regslice_control_userpf_2_clocks.xdc] for cell 'level0_i/ulp/SLR2/regslice_control_userpf/inst'
Parsing XDC File [/home/ae_reviewer/TempGNN/build/baselines/rtga_timingfix_v3_hw/_x/link/vivado/vpl/prj/prj.gen/my_rm/bd/ulp/ip/ulp_regslice_control_userpf_2/ulp_regslice_control_userpf_2_slr.xdc] for cell 'level0_i/ulp/SLR2/regslice_control_userpf/inst'
Finished Parsing XDC File [/home/ae_reviewer/TempGNN/build/baselines/rtga_timingfix_v3_hw/_x/link/vivado/vpl/prj/prj.gen/my_rm/bd/ulp/ip/ulp_regslice_control_userpf_2/ulp_regslice_control_userpf_2_slr.xdc] for cell 'level0_i/ulp/SLR2/regslice_control_userpf/inst'
Parsing XDC File [/home/ae_reviewer/TempGNN/build/baselines/rtga_timingfix_v3_hw/_x/link/vivado/vpl/prj/prj.gen/my_rm/bd/ulp/ip/ulp_rst_clk_wiz_225M_0/ulp_rst_clk_wiz_225M_0_slr.xdc] for cell 'level0_i/ulp/rst_clk_wiz_225M/U0'
INFO: [Vivado 12-3520] Assignment of 'BSR_OUT_DFF[0].FDRE_BSR, EXT_LPF, ACTIVE_LOW_PR_OUT_DFF[0].FDRE_PER_N, ACTIVE_LOW_BSR_OUT_DFF[0].FDRE_BSR_N, FDRE_inst, GND, PR_OUT_DFF[0].FDRE_PER, SEQ, and VCC' to a pblock 'pblock_dynamic_SLR0' means that all children of 'rst_clk_wiz_225M' are in the pblock. Changing the pblock assignment to 'rst_clk_wiz_225M'. [/home/ae_reviewer/TempGNN/build/baselines/rtga_timingfix_v3_hw/_x/link/vivado/vpl/prj/prj.gen/my_rm/bd/ulp/ip/ulp_rst_clk_wiz_225M_0/ulp_rst_clk_wiz_225M_0_slr.xdc:55]
Finished Parsing XDC File [/home/ae_reviewer/TempGNN/build/baselines/rtga_timingfix_v3_hw/_x/link/vivado/vpl/prj/prj.gen/my_rm/bd/ulp/ip/ulp_rst_clk_wiz_225M_0/ulp_rst_clk_wiz_225M_0_slr.xdc] for cell 'level0_i/ulp/rst_clk_wiz_225M/U0'
Parsing XDC File [/home/ae_reviewer/TempGNN/build/baselines/rtga_timingfix_v3_hw/_x/link/vivado/vpl/prj/prj.gen/my_rm/bd/ulp/ip/ulp_s00_regslice_18/ulp_s00_regslice_18_clocks.xdc] for cell 'level0_i/ulp/SLR0/interconnect_axilite_user/s00_couplers/s00_regslice/inst'
Finished Parsing XDC File [/home/ae_reviewer/TempGNN/build/baselines/rtga_timingfix_v3_hw/_x/link/vivado/vpl/prj/prj.gen/my_rm/bd/ulp/ip/ulp_s00_regslice_18/ulp_s00_regslice_18_clocks.xdc] for cell 'level0_i/ulp/SLR0/interconnect_axilite_user/s00_couplers/s00_regslice/inst'
Parsing XDC File [/home/ae_reviewer/TempGNN/build/baselines/rtga_timingfix_v3_hw/_x/link/vivado/vpl/prj/prj.gen/my_rm/bd/ulp/ip/ulp_s00_regslice_19/ulp_s00_regslice_19_clocks.xdc] for cell 'level0_i/ulp/SLR1/interconnect_axilite_user/s00_couplers/s00_regslice/inst'
Finished Parsing XDC File [/home/ae_reviewer/TempGNN/build/baselines/rtga_timingfix_v3_hw/_x/link/vivado/vpl/prj/prj.gen/my_rm/bd/ulp/ip/ulp_s00_regslice_19/ulp_s00_regslice_19_clocks.xdc] for cell 'level0_i/ulp/SLR1/interconnect_axilite_user/s00_couplers/s00_regslice/inst'
Parsing XDC File [/home/ae_reviewer/TempGNN/build/baselines/rtga_timingfix_v3_hw/_x/link/vivado/vpl/prj/prj.gen/my_rm/bd/ulp/ip/ulp_s00_regslice_20/ulp_s00_regslice_20_clocks.xdc] for cell 'level0_i/ulp/SLR2/interconnect_axilite_user/s00_couplers/s00_regslice/inst'
Finished Parsing XDC File [/home/ae_reviewer/TempGNN/build/baselines/rtga_timingfix_v3_hw/_x/link/vivado/vpl/prj/prj.gen/my_rm/bd/ulp/ip/ulp_s00_regslice_20/ulp_s00_regslice_20_clocks.xdc] for cell 'level0_i/ulp/SLR2/interconnect_axilite_user/s00_couplers/s00_regslice/inst'
Parsing XDC File [/home/ae_reviewer/TempGNN/build/baselines/rtga_timingfix_v3_hw/_x/link/vivado/vpl/prj/prj.gen/my_rm/bd/ulp/ip/ulp_ulp_cmp_0/bd_1/ip/ip_0/constraints/axi_jtag.xdc] for cell 'level0_i/ulp/ulp_cmp/inst/user_debug_bridge/inst/axi_jtag/inst'
Finished Parsing XDC File [/home/ae_reviewer/TempGNN/build/baselines/rtga_timingfix_v3_hw/_x/link/vivado/vpl/prj/prj.gen/my_rm/bd/ulp/ip/ulp_ulp_cmp_0/bd_1/ip/ip_0/constraints/axi_jtag.xdc] for cell 'level0_i/ulp/ulp_cmp/inst/user_debug_bridge/inst/axi_jtag/inst'
Parsing XDC File [/home/ae_reviewer/TempGNN/build/baselines/rtga_timingfix_v3_hw/_x/link/vivado/vpl/prj/prj.gen/my_rm/bd/ulp/ip/ulp_ulp_cmp_0/bd_1/ip/ip_1/constraints/bsip.xdc] for cell 'level0_i/ulp/ulp_cmp/inst/user_debug_bridge/inst/bsip/inst'
Finished Parsing XDC File [/home/ae_reviewer/TempGNN/build/baselines/rtga_timingfix_v3_hw/_x/link/vivado/vpl/prj/prj.gen/my_rm/bd/ulp/ip/ulp_ulp_cmp_0/bd_1/ip/ip_1/constraints/bsip.xdc] for cell 'level0_i/ulp/ulp_cmp/inst/user_debug_bridge/inst/bsip/inst'
Parsing XDC File [/home/ae_reviewer/TempGNN/build/baselines/rtga_timingfix_v3_hw/_x/link/vivado/vpl/prj/prj.gen/my_rm/bd/ulp/ip/ulp_ulp_cmp_0/bd_2/ip/ip_0/constraints/xsdbm_cc_late.xdc] for cell 'level0_i/ulp/ulp_cmp/inst/user_debug_hub/inst/xsdbm/inst'
Finished Parsing XDC File [/home/ae_reviewer/TempGNN/build/baselines/rtga_timingfix_v3_hw/_x/link/vivado/vpl/prj/prj.gen/my_rm/bd/ulp/ip/ulp_ulp_cmp_0/bd_2/ip/ip_0/constraints/xsdbm_cc_late.xdc] for cell 'level0_i/ulp/ulp_cmp/inst/user_debug_hub/inst/xsdbm/inst'
Parsing XDC File [/home/ae_reviewer/TempGNN/build/baselines/rtga_timingfix_v3_hw/_x/link/vivado/vpl/prj/prj.gen/my_rm/bd/ulp/ip/ulp_ulp_cmp_0/bd_2/ip/ip_0/constraints/xsdbm_gc_late.xdc] for cell 'level0_i/ulp/ulp_cmp/inst/user_debug_hub/inst/xsdbm/inst'
Finished Parsing XDC File [/home/ae_reviewer/TempGNN/build/baselines/rtga_timingfix_v3_hw/_x/link/vivado/vpl/prj/prj.gen/my_rm/bd/ulp/ip/ulp_ulp_cmp_0/bd_2/ip/ip_0/constraints/xsdbm_gc_late.xdc] for cell 'level0_i/ulp/ulp_cmp/inst/user_debug_hub/inst/xsdbm/inst'
Parsing XDC File [/home/ae_reviewer/TempGNN/build/baselines/rtga_timingfix_v3_hw/_x/link/vivado/vpl/prj/prj.gen/my_rm/bd/ulp/ip/ulp_ulp_cmp_0/ulp_ulp_cmp_0.xdc] for cell 'level0_i/ulp/ulp_cmp/inst'
Finished Parsing XDC File [/home/ae_reviewer/TempGNN/build/baselines/rtga_timingfix_v3_hw/_x/link/vivado/vpl/prj/prj.gen/my_rm/bd/ulp/ip/ulp_ulp_cmp_0/ulp_ulp_cmp_0.xdc] for cell 'level0_i/ulp/ulp_cmp/inst'
Parsing XDC File [/home/ae_reviewer/TempGNN/build/baselines/rtga_timingfix_v3_hw/_x/link/vivado/vpl/prj/prj.gen/my_rm/bd/ulp/ip/ulp_ulp_ucs_0/bd_0/ip/ip_46/bd_22c0_clkwiz_hbm_0_late.xdc] for cell 'level0_i/ulp/ulp_ucs/inst/aclk_hbm_hierarchy/clkwiz_hbm/inst'
Finished Parsing XDC File [/home/ae_reviewer/TempGNN/build/baselines/rtga_timingfix_v3_hw/_x/link/vivado/vpl/prj/prj.gen/my_rm/bd/ulp/ip/ulp_ulp_ucs_0/bd_0/ip/ip_46/bd_22c0_clkwiz_hbm_0_late.xdc] for cell 'level0_i/ulp/ulp_ucs/inst/aclk_hbm_hierarchy/clkwiz_hbm/inst'
Parsing XDC File [/home/ae_reviewer/TempGNN/build/baselines/rtga_timingfix_v3_hw/_x/link/vivado/vpl/prj/prj.gen/my_rm/bd/ulp/ip/ulp_ulp_ucs_0/bd_0/ip/ip_93/bd_22c0_auto_cc_0_clocks.xdc] for cell 'level0_i/ulp/ulp_ucs/inst/frequency_counters/axi_ic_ctrl_mgmt_freq/s00_couplers/auto_cc/inst'
WARNING: [Vivado_Tcl 4-939] Waiver ID 'LUTAR-1' object list should not be empty (perhaps an invalid wildcard was used or only unsupported objects). [/home/ae_reviewer/TempGNN/build/baselines/rtga_timingfix_v3_hw/_x/link/vivado/vpl/prj/prj.gen/my_rm/bd/ulp/ip/ulp_ulp_ucs_0/bd_0/ip/ip_93/bd_22c0_auto_cc_0_clocks.xdc:17]
Finished Parsing XDC File [/home/ae_reviewer/TempGNN/build/baselines/rtga_timingfix_v3_hw/_x/link/vivado/vpl/prj/prj.gen/my_rm/bd/ulp/ip/ulp_ulp_ucs_0/bd_0/ip/ip_93/bd_22c0_auto_cc_0_clocks.xdc] for cell 'level0_i/ulp/ulp_ucs/inst/frequency_counters/axi_ic_ctrl_mgmt_freq/s00_couplers/auto_cc/inst'
Parsing XDC File [/home/ae_reviewer/TempGNN/build/baselines/rtga_timingfix_v3_hw/_x/link/vivado/vpl/prj/prj.gen/my_rm/bd/ulp/ip/ulp_ulp_ucs_0/bd_0/ip/ip_59/bd_22c0_clkwiz_aclk_kernel_00_0_late.xdc] for cell 'level0_i/ulp/ulp_ucs/inst/aclk_kernel_00_hierarchy/clkwiz_aclk_kernel_00/inst'
Finished Parsing XDC File [/home/ae_reviewer/TempGNN/build/baselines/rtga_timingfix_v3_hw/_x/link/vivado/vpl/prj/prj.gen/my_rm/bd/ulp/ip/ulp_ulp_ucs_0/bd_0/ip/ip_59/bd_22c0_clkwiz_aclk_kernel_00_0_late.xdc] for cell 'level0_i/ulp/ulp_ucs/inst/aclk_kernel_00_hierarchy/clkwiz_aclk_kernel_00/inst'
Parsing XDC File [/home/ae_reviewer/TempGNN/build/baselines/rtga_timingfix_v3_hw/_x/link/vivado/vpl/prj/prj.gen/my_rm/bd/ulp/ip/ulp_ulp_ucs_0/bd_0/ip/ip_60/bd_22c0_clock_throttling_aclk_kernel_00_0.xdc] for cell 'level0_i/ulp/ulp_ucs/inst/aclk_kernel_00_hierarchy/clock_throttling_aclk_kernel_00/U0'
Finished Parsing XDC File [/home/ae_reviewer/TempGNN/build/baselines/rtga_timingfix_v3_hw/_x/link/vivado/vpl/prj/prj.gen/my_rm/bd/ulp/ip/ulp_ulp_ucs_0/bd_0/ip/ip_60/bd_22c0_clock_throttling_aclk_kernel_00_0.xdc] for cell 'level0_i/ulp/ulp_ucs/inst/aclk_kernel_00_hierarchy/clock_throttling_aclk_kernel_00/U0'
Parsing XDC File [/home/ae_reviewer/TempGNN/build/baselines/rtga_timingfix_v3_hw/_x/link/vivado/vpl/prj/prj.gen/my_rm/bd/ulp/ip/ulp_ulp_ucs_0/bd_0/ip/ip_77/bd_22c0_clkwiz_aclk_kernel_01_0_late.xdc] for cell 'level0_i/ulp/ulp_ucs/inst/aclk_kernel_01_hierarchy/clkwiz_aclk_kernel_01/inst'
Finished Parsing XDC File [/home/ae_reviewer/TempGNN/build/baselines/rtga_timingfix_v3_hw/_x/link/vivado/vpl/prj/prj.gen/my_rm/bd/ulp/ip/ulp_ulp_ucs_0/bd_0/ip/ip_77/bd_22c0_clkwiz_aclk_kernel_01_0_late.xdc] for cell 'level0_i/ulp/ulp_ucs/inst/aclk_kernel_01_hierarchy/clkwiz_aclk_kernel_01/inst'
Parsing XDC File [/home/ae_reviewer/TempGNN/build/baselines/rtga_timingfix_v3_hw/_x/link/vivado/vpl/prj/prj.gen/my_rm/bd/ulp/ip/ulp_ulp_ucs_0/bd_0/ip/ip_78/bd_22c0_clock_throttling_aclk_kernel_01_0.xdc] for cell 'level0_i/ulp/ulp_ucs/inst/aclk_kernel_01_hierarchy/clock_throttling_aclk_kernel_01/U0'
Finished Parsing XDC File [/home/ae_reviewer/TempGNN/build/baselines/rtga_timingfix_v3_hw/_x/link/vivado/vpl/prj/prj.gen/my_rm/bd/ulp/ip/ulp_ulp_ucs_0/bd_0/ip/ip_78/bd_22c0_clock_throttling_aclk_kernel_01_0.xdc] for cell 'level0_i/ulp/ulp_ucs/inst/aclk_kernel_01_hierarchy/clock_throttling_aclk_kernel_01/U0'
Parsing XDC File [/home/ae_reviewer/TempGNN/build/baselines/rtga_timingfix_v3_hw/_x/link/vivado/vpl/prj/prj.gen/my_rm/bd/ulp/ip/ulp_ulp_ucs_0/ulp_ulp_ucs_0.xdc] for cell 'level0_i/ulp/ulp_ucs/inst'
Finished Parsing XDC File [/home/ae_reviewer/TempGNN/build/baselines/rtga_timingfix_v3_hw/_x/link/vivado/vpl/prj/prj.gen/my_rm/bd/ulp/ip/ulp_ulp_ucs_0/ulp_ulp_ucs_0.xdc] for cell 'level0_i/ulp/ulp_ucs/inst'
Parsing XDC File [/home/ae_reviewer/TempGNN/build/baselines/rtga_timingfix_v3_hw/_x/link/vivado/vpl/prj/prj.gen/my_rm/bd/ulp/ip/ulp_ii_level0_wire_0/bd_0/ip/ip_5/bd_5941_s_ip_axi_ctrl_mgmt_00_0_clocks.xdc] for cell 'level0_i/ulp/ii_level0_wire/inst/pxi_ii_core/inst/s_ip_axi_ctrl_mgmt_00/inst'
Finished Parsing XDC File [/home/ae_reviewer/TempGNN/build/baselines/rtga_timingfix_v3_hw/_x/link/vivado/vpl/prj/prj.gen/my_rm/bd/ulp/ip/ulp_ii_level0_wire_0/bd_0/ip/ip_5/bd_5941_s_ip_axi_ctrl_mgmt_00_0_clocks.xdc] for cell 'level0_i/ulp/ii_level0_wire/inst/pxi_ii_core/inst/s_ip_axi_ctrl_mgmt_00/inst'
Parsing XDC File [/home/ae_reviewer/TempGNN/build/baselines/rtga_timingfix_v3_hw/_x/link/vivado/vpl/prj/prj.gen/my_rm/bd/ulp/ip/ulp_ii_level0_wire_0/bd_0/ip/ip_6/bd_5941_m_ip_axi_ctrl_mgmt_00_0_clocks.xdc] for cell 'level0_i/ulp/ii_level0_wire/inst/pxi_ii_core/inst/m_ip_axi_ctrl_mgmt_00/inst'
Finished Parsing XDC File [/home/ae_reviewer/TempGNN/build/baselines/rtga_timingfix_v3_hw/_x/link/vivado/vpl/prj/prj.gen/my_rm/bd/ulp/ip/ulp_ii_level0_wire_0/bd_0/ip/ip_6/bd_5941_m_ip_axi_ctrl_mgmt_00_0_clocks.xdc] for cell 'level0_i/ulp/ii_level0_wire/inst/pxi_ii_core/inst/m_ip_axi_ctrl_mgmt_00/inst'
Parsing XDC File [/home/ae_reviewer/TempGNN/build/baselines/rtga_timingfix_v3_hw/_x/link/vivado/vpl/prj/prj.gen/my_rm/bd/ulp/ip/ulp_ii_level0_wire_0/bd_0/ip/ip_7/bd_5941_s_ip_axi_ctrl_mgmt_01_0_clocks.xdc] for cell 'level0_i/ulp/ii_level0_wire/inst/pxi_ii_core/inst/s_ip_axi_ctrl_mgmt_01/inst'
Finished Parsing XDC File [/home/ae_reviewer/TempGNN/build/baselines/rtga_timingfix_v3_hw/_x/link/vivado/vpl/prj/prj.gen/my_rm/bd/ulp/ip/ulp_ii_level0_wire_0/bd_0/ip/ip_7/bd_5941_s_ip_axi_ctrl_mgmt_01_0_clocks.xdc] for cell 'level0_i/ulp/ii_level0_wire/inst/pxi_ii_core/inst/s_ip_axi_ctrl_mgmt_01/inst'
Parsing XDC File [/home/ae_reviewer/TempGNN/build/baselines/rtga_timingfix_v3_hw/_x/link/vivado/vpl/prj/prj.gen/my_rm/bd/ulp/ip/ulp_ii_level0_wire_0/bd_0/ip/ip_8/bd_5941_m_ip_axi_ctrl_mgmt_01_0_clocks.xdc] for cell 'level0_i/ulp/ii_level0_wire/inst/pxi_ii_core/inst/m_ip_axi_ctrl_mgmt_01/inst'
Finished Parsing XDC File [/home/ae_reviewer/TempGNN/build/baselines/rtga_timingfix_v3_hw/_x/link/vivado/vpl/prj/prj.gen/my_rm/bd/ulp/ip/ulp_ii_level0_wire_0/bd_0/ip/ip_8/bd_5941_m_ip_axi_ctrl_mgmt_01_0_clocks.xdc] for cell 'level0_i/ulp/ii_level0_wire/inst/pxi_ii_core/inst/m_ip_axi_ctrl_mgmt_01/inst'
Parsing XDC File [/home/ae_reviewer/TempGNN/build/baselines/rtga_timingfix_v3_hw/_x/link/vivado/vpl/prj/prj.gen/my_rm/bd/ulp/ip/ulp_ii_level0_wire_0/bd_0/ip/ip_9/bd_5941_s_ip_axi_ctrl_user_00_0_clocks.xdc] for cell 'level0_i/ulp/ii_level0_wire/inst/pxi_ii_core/inst/s_ip_axi_ctrl_user_00/inst'
Finished Parsing XDC File [/home/ae_reviewer/TempGNN/build/baselines/rtga_timingfix_v3_hw/_x/link/vivado/vpl/prj/prj.gen/my_rm/bd/ulp/ip/ulp_ii_level0_wire_0/bd_0/ip/ip_9/bd_5941_s_ip_axi_ctrl_user_00_0_clocks.xdc] for cell 'level0_i/ulp/ii_level0_wire/inst/pxi_ii_core/inst/s_ip_axi_ctrl_user_00/inst'
Parsing XDC File [/home/ae_reviewer/TempGNN/build/baselines/rtga_timingfix_v3_hw/_x/link/vivado/vpl/prj/prj.gen/my_rm/bd/ulp/ip/ulp_ii_level0_wire_0/bd_0/ip/ip_10/bd_5941_m_ip_axi_ctrl_user_00_0_clocks.xdc] for cell 'level0_i/ulp/ii_level0_wire/inst/pxi_ii_core/inst/m_ip_axi_ctrl_user_00/inst'
Finished Parsing XDC File [/home/ae_reviewer/TempGNN/build/baselines/rtga_timingfix_v3_hw/_x/link/vivado/vpl/prj/prj.gen/my_rm/bd/ulp/ip/ulp_ii_level0_wire_0/bd_0/ip/ip_10/bd_5941_m_ip_axi_ctrl_user_00_0_clocks.xdc] for cell 'level0_i/ulp/ii_level0_wire/inst/pxi_ii_core/inst/m_ip_axi_ctrl_user_00/inst'
Parsing XDC File [/home/ae_reviewer/TempGNN/build/baselines/rtga_timingfix_v3_hw/_x/link/vivado/vpl/prj/prj.gen/my_rm/bd/ulp/ip/ulp_ii_level0_wire_0/bd_0/ip/ip_11/bd_5941_s_ip_axi_ctrl_user_01_0_clocks.xdc] for cell 'level0_i/ulp/ii_level0_wire/inst/pxi_ii_core/inst/s_ip_axi_ctrl_user_01/inst'
Finished Parsing XDC File [/home/ae_reviewer/TempGNN/build/baselines/rtga_timingfix_v3_hw/_x/link/vivado/vpl/prj/prj.gen/my_rm/bd/ulp/ip/ulp_ii_level0_wire_0/bd_0/ip/ip_11/bd_5941_s_ip_axi_ctrl_user_01_0_clocks.xdc] for cell 'level0_i/ulp/ii_level0_wire/inst/pxi_ii_core/inst/s_ip_axi_ctrl_user_01/inst'
Parsing XDC File [/home/ae_reviewer/TempGNN/build/baselines/rtga_timingfix_v3_hw/_x/link/vivado/vpl/prj/prj.gen/my_rm/bd/ulp/ip/ulp_ii_level0_wire_0/bd_0/ip/ip_12/bd_5941_m_ip_axi_ctrl_user_01_0_clocks.xdc] for cell 'level0_i/ulp/ii_level0_wire/inst/pxi_ii_core/inst/m_ip_axi_ctrl_user_01/inst'
Finished Parsing XDC File [/home/ae_reviewer/TempGNN/build/baselines/rtga_timingfix_v3_hw/_x/link/vivado/vpl/prj/prj.gen/my_rm/bd/ulp/ip/ulp_ii_level0_wire_0/bd_0/ip/ip_12/bd_5941_m_ip_axi_ctrl_user_01_0_clocks.xdc] for cell 'level0_i/ulp/ii_level0_wire/inst/pxi_ii_core/inst/m_ip_axi_ctrl_user_01/inst'
Parsing XDC File [/home/ae_reviewer/TempGNN/build/baselines/rtga_timingfix_v3_hw/_x/link/vivado/vpl/prj/prj.gen/my_rm/bd/ulp/ip/ulp_ii_level0_wire_0/bd_0/ip/ip_13/bd_5941_s_ip_axi_ctrl_user_02_0_clocks.xdc] for cell 'level0_i/ulp/ii_level0_wire/inst/pxi_ii_core/inst/s_ip_axi_ctrl_user_02/inst'
Finished Parsing XDC File [/home/ae_reviewer/TempGNN/build/baselines/rtga_timingfix_v3_hw/_x/link/vivado/vpl/prj/prj.gen/my_rm/bd/ulp/ip/ulp_ii_level0_wire_0/bd_0/ip/ip_13/bd_5941_s_ip_axi_ctrl_user_02_0_clocks.xdc] for cell 'level0_i/ulp/ii_level0_wire/inst/pxi_ii_core/inst/s_ip_axi_ctrl_user_02/inst'
Parsing XDC File [/home/ae_reviewer/TempGNN/build/baselines/rtga_timingfix_v3_hw/_x/link/vivado/vpl/prj/prj.gen/my_rm/bd/ulp/ip/ulp_ii_level0_wire_0/bd_0/ip/ip_14/bd_5941_m_ip_axi_ctrl_user_02_0_clocks.xdc] for cell 'level0_i/ulp/ii_level0_wire/inst/pxi_ii_core/inst/m_ip_axi_ctrl_user_02/inst'
Finished Parsing XDC File [/home/ae_reviewer/TempGNN/build/baselines/rtga_timingfix_v3_hw/_x/link/vivado/vpl/prj/prj.gen/my_rm/bd/ulp/ip/ulp_ii_level0_wire_0/bd_0/ip/ip_14/bd_5941_m_ip_axi_ctrl_user_02_0_clocks.xdc] for cell 'level0_i/ulp/ii_level0_wire/inst/pxi_ii_core/inst/m_ip_axi_ctrl_user_02/inst'
Parsing XDC File [/home/ae_reviewer/TempGNN/build/baselines/rtga_timingfix_v3_hw/_x/link/vivado/vpl/prj/prj.gen/my_rm/bd/ulp/ip/ulp_ii_level0_wire_0/bd_0/ip/ip_15/bd_5941_s_ip_axi_ctrl_user_03_0_clocks.xdc] for cell 'level0_i/ulp/ii_level0_wire/inst/pxi_ii_core/inst/s_ip_axi_ctrl_user_03/inst'
Finished Parsing XDC File [/home/ae_reviewer/TempGNN/build/baselines/rtga_timingfix_v3_hw/_x/link/vivado/vpl/prj/prj.gen/my_rm/bd/ulp/ip/ulp_ii_level0_wire_0/bd_0/ip/ip_15/bd_5941_s_ip_axi_ctrl_user_03_0_clocks.xdc] for cell 'level0_i/ulp/ii_level0_wire/inst/pxi_ii_core/inst/s_ip_axi_ctrl_user_03/inst'
Parsing XDC File [/home/ae_reviewer/TempGNN/build/baselines/rtga_timingfix_v3_hw/_x/link/vivado/vpl/prj/prj.gen/my_rm/bd/ulp/ip/ulp_ii_level0_wire_0/bd_0/ip/ip_16/bd_5941_m_ip_axi_ctrl_user_03_0_clocks.xdc] for cell 'level0_i/ulp/ii_level0_wire/inst/pxi_ii_core/inst/m_ip_axi_ctrl_user_03/inst'
Finished Parsing XDC File [/home/ae_reviewer/TempGNN/build/baselines/rtga_timingfix_v3_hw/_x/link/vivado/vpl/prj/prj.gen/my_rm/bd/ulp/ip/ulp_ii_level0_wire_0/bd_0/ip/ip_16/bd_5941_m_ip_axi_ctrl_user_03_0_clocks.xdc] for cell 'level0_i/ulp/ii_level0_wire/inst/pxi_ii_core/inst/m_ip_axi_ctrl_user_03/inst'
Parsing XDC File [/home/ae_reviewer/TempGNN/build/baselines/rtga_timingfix_v3_hw/_x/link/vivado/vpl/prj/prj.gen/my_rm/bd/ulp/ip/ulp_ii_level0_wire_0/bd_0/ip/ip_17/bd_5941_s_ip_axi_data_c2h_00_0_clocks.xdc] for cell 'level0_i/ulp/ii_level0_wire/inst/pxi_ii_core/inst/s_ip_axi_data_c2h_00/inst'
Finished Parsing XDC File [/home/ae_reviewer/TempGNN/build/baselines/rtga_timingfix_v3_hw/_x/link/vivado/vpl/prj/prj.gen/my_rm/bd/ulp/ip/ulp_ii_level0_wire_0/bd_0/ip/ip_17/bd_5941_s_ip_axi_data_c2h_00_0_clocks.xdc] for cell 'level0_i/ulp/ii_level0_wire/inst/pxi_ii_core/inst/s_ip_axi_data_c2h_00/inst'
Parsing XDC File [/home/ae_reviewer/TempGNN/build/baselines/rtga_timingfix_v3_hw/_x/link/vivado/vpl/prj/prj.gen/my_rm/bd/ulp/ip/ulp_ii_level0_wire_0/bd_0/ip/ip_18/bd_5941_m_ip_axi_data_c2h_00_0_clocks.xdc] for cell 'level0_i/ulp/ii_level0_wire/inst/pxi_ii_core/inst/m_ip_axi_data_c2h_00/inst'
Finished Parsing XDC File [/home/ae_reviewer/TempGNN/build/baselines/rtga_timingfix_v3_hw/_x/link/vivado/vpl/prj/prj.gen/my_rm/bd/ulp/ip/ulp_ii_level0_wire_0/bd_0/ip/ip_18/bd_5941_m_ip_axi_data_c2h_00_0_clocks.xdc] for cell 'level0_i/ulp/ii_level0_wire/inst/pxi_ii_core/inst/m_ip_axi_data_c2h_00/inst'
Parsing XDC File [/home/ae_reviewer/TempGNN/build/baselines/rtga_timingfix_v3_hw/_x/link/vivado/vpl/prj/prj.gen/my_rm/bd/ulp/ip/ulp_ii_level0_wire_0/bd_0/ip/ip_19/bd_5941_s_ip_axi_data_h2c_00_0_clocks.xdc] for cell 'level0_i/ulp/ii_level0_wire/inst/pxi_ii_core/inst/s_ip_axi_data_h2c_00/inst'
Finished Parsing XDC File [/home/ae_reviewer/TempGNN/build/baselines/rtga_timingfix_v3_hw/_x/link/vivado/vpl/prj/prj.gen/my_rm/bd/ulp/ip/ulp_ii_level0_wire_0/bd_0/ip/ip_19/bd_5941_s_ip_axi_data_h2c_00_0_clocks.xdc] for cell 'level0_i/ulp/ii_level0_wire/inst/pxi_ii_core/inst/s_ip_axi_data_h2c_00/inst'
Parsing XDC File [/home/ae_reviewer/TempGNN/build/baselines/rtga_timingfix_v3_hw/_x/link/vivado/vpl/prj/prj.gen/my_rm/bd/ulp/ip/ulp_ii_level0_wire_0/bd_0/ip/ip_20/bd_5941_m_ip_axi_data_h2c_00_0_clocks.xdc] for cell 'level0_i/ulp/ii_level0_wire/inst/pxi_ii_core/inst/m_ip_axi_data_h2c_00/inst'
Finished Parsing XDC File [/home/ae_reviewer/TempGNN/build/baselines/rtga_timingfix_v3_hw/_x/link/vivado/vpl/prj/prj.gen/my_rm/bd/ulp/ip/ulp_ii_level0_wire_0/bd_0/ip/ip_20/bd_5941_m_ip_axi_data_h2c_00_0_clocks.xdc] for cell 'level0_i/ulp/ii_level0_wire/inst/pxi_ii_core/inst/m_ip_axi_data_h2c_00/inst'
Parsing XDC File [/home/ae_reviewer/TempGNN/build/baselines/rtga_timingfix_v3_hw/_x/link/vivado/vpl/prj/prj.gen/my_rm/bd/ulp/ip/ulp_ulp_cmp_0/bd_1/ip/ip_0/constraints/axi_jtag.xdc] for cell 'level0_i/ulp/ulp_cmp/inst/user_debug_bridge/inst/axi_jtag/inst'
WARNING: [Constraints 18-619] A clock with name 'level0_i/ulp/ulp_cmp/inst/user_debug_bridge/inst/axi_jtag/inst/u_jtag_proc/tck_i_reg/Q' already exists, overwriting the previous clock with the same name. [/home/ae_reviewer/TempGNN/build/baselines/rtga_timingfix_v3_hw/_x/link/vivado/vpl/prj/prj.gen/my_rm/bd/ulp/ip/ulp_ulp_cmp_0/bd_1/ip/ip_0/constraints/axi_jtag.xdc:8]
Finished Parsing XDC File [/home/ae_reviewer/TempGNN/build/baselines/rtga_timingfix_v3_hw/_x/link/vivado/vpl/prj/prj.gen/my_rm/bd/ulp/ip/ulp_ulp_cmp_0/bd_1/ip/ip_0/constraints/axi_jtag.xdc] for cell 'level0_i/ulp/ulp_cmp/inst/user_debug_bridge/inst/axi_jtag/inst'
Parsing XDC File [/home/ae_reviewer/TempGNN/build/baselines/rtga_timingfix_v3_hw/_x/link/vivado/vpl/prj/prj.gen/my_rm/bd/ulp/ip/ulp_ulp_cmp_0/bd_1/ip/ip_1/constraints/bsip.xdc] for cell 'level0_i/ulp/ulp_cmp/inst/user_debug_bridge/inst/bsip/inst'
WARNING: [Constraints 18-619] A clock with name 'level0_i/ulp/ulp_cmp/inst/user_debug_bridge/inst/bsip/inst/USE_SOFTBSCAN.U_BSCAN_TAP/U_BASETAP/U_TAP/UPDATEDR_O_reg/Q' already exists, overwriting the previous clock with the same name. [/home/ae_reviewer/TempGNN/build/baselines/rtga_timingfix_v3_hw/_x/link/vivado/vpl/prj/prj.gen/my_rm/bd/ulp/ip/ulp_ulp_cmp_0/bd_1/ip/ip_1/constraints/bsip.xdc:8]
Finished Parsing XDC File [/home/ae_reviewer/TempGNN/build/baselines/rtga_timingfix_v3_hw/_x/link/vivado/vpl/prj/prj.gen/my_rm/bd/ulp/ip/ulp_ulp_cmp_0/bd_1/ip/ip_1/constraints/bsip.xdc] for cell 'level0_i/ulp/ulp_cmp/inst/user_debug_bridge/inst/bsip/inst'
Parsing XDC File [/home/ae_reviewer/TempGNN/build/baselines/rtga_timingfix_v3_hw/_x/link/vivado/vpl/prj/prj.gen/my_rm/bd/ulp/ip/ulp_ulp_cmp_0/bd_2/ip/ip_0/constraints/xsdbm_cc_late.xdc] for cell 'level0_i/ulp/ulp_cmp/inst/user_debug_hub/inst/xsdbm/inst'
Finished Parsing XDC File [/home/ae_reviewer/TempGNN/build/baselines/rtga_timingfix_v3_hw/_x/link/vivado/vpl/prj/prj.gen/my_rm/bd/ulp/ip/ulp_ulp_cmp_0/bd_2/ip/ip_0/constraints/xsdbm_cc_late.xdc] for cell 'level0_i/ulp/ulp_cmp/inst/user_debug_hub/inst/xsdbm/inst'
Parsing XDC File [/home/ae_reviewer/TempGNN/build/baselines/rtga_timingfix_v3_hw/_x/link/vivado/vpl/prj/prj.gen/my_rm/bd/ulp/ip/ulp_ulp_cmp_0/bd_2/ip/ip_0/constraints/xsdbm_gc_late.xdc] for cell 'level0_i/ulp/ulp_cmp/inst/user_debug_hub/inst/xsdbm/inst'
Finished Parsing XDC File [/home/ae_reviewer/TempGNN/build/baselines/rtga_timingfix_v3_hw/_x/link/vivado/vpl/prj/prj.gen/my_rm/bd/ulp/ip/ulp_ulp_cmp_0/bd_2/ip/ip_0/constraints/xsdbm_gc_late.xdc] for cell 'level0_i/ulp/ulp_cmp/inst/user_debug_hub/inst/xsdbm/inst'
Parsing XDC File [/home/ae_reviewer/TempGNN/build/baselines/rtga_timingfix_v3_hw/_x/link/vivado/vpl/prj/prj.gen/my_rm/bd/ulp/ip/ulp_ulp_cmp_0/ulp_ulp_cmp_0.xdc] for cell 'level0_i/ulp/ulp_cmp/inst'
Finished Parsing XDC File [/home/ae_reviewer/TempGNN/build/baselines/rtga_timingfix_v3_hw/_x/link/vivado/vpl/prj/prj.gen/my_rm/bd/ulp/ip/ulp_ulp_cmp_0/ulp_ulp_cmp_0.xdc] for cell 'level0_i/ulp/ulp_cmp/inst'
Parsing XDC File [/home/ae_reviewer/TempGNN/build/baselines/rtga_timingfix_v3_hw/_x/link/vivado/vpl/prj/prj.gen/my_rm/bd/ulp/ip/ulp_hmss_0_0/bd_0/ip/ip_4/bd_85ad_slice1_0_0_clocks.xdc] for cell 'level0_i/ulp/hmss_0/inst/path_0/slice1_0/inst'
Finished Parsing XDC File [/home/ae_reviewer/TempGNN/build/baselines/rtga_timingfix_v3_hw/_x/link/vivado/vpl/prj/prj.gen/my_rm/bd/ulp/ip/ulp_hmss_0_0/bd_0/ip/ip_4/bd_85ad_slice1_0_0_clocks.xdc] for cell 'level0_i/ulp/hmss_0/inst/path_0/slice1_0/inst'
Parsing XDC File [/home/ae_reviewer/TempGNN/build/baselines/rtga_timingfix_v3_hw/_x/link/vivado/vpl/prj/prj.gen/my_rm/bd/ulp/ip/ulp_hmss_0_0/bd_0/ip/ip_7/bd_85ad_slice2_1_0_clocks.xdc] for cell 'level0_i/ulp/hmss_0/inst/path_1/slice2_1/inst'
Finished Parsing XDC File [/home/ae_reviewer/TempGNN/build/baselines/rtga_timingfix_v3_hw/_x/link/vivado/vpl/prj/prj.gen/my_rm/bd/ulp/ip/ulp_hmss_0_0/bd_0/ip/ip_7/bd_85ad_slice2_1_0_clocks.xdc] for cell 'level0_i/ulp/hmss_0/inst/path_1/slice2_1/inst'
Parsing XDC File [/home/ae_reviewer/TempGNN/build/baselines/rtga_timingfix_v3_hw/_x/link/vivado/vpl/prj/prj.gen/my_rm/bd/ulp/ip/ulp_hmss_0_0/bd_0/ip/ip_10/bd_85ad_slice3_2_0_clocks.xdc] for cell 'level0_i/ulp/hmss_0/inst/path_2/slice3_2/inst'
Finished Parsing XDC File [/home/ae_reviewer/TempGNN/build/baselines/rtga_timingfix_v3_hw/_x/link/vivado/vpl/prj/prj.gen/my_rm/bd/ulp/ip/ulp_hmss_0_0/bd_0/ip/ip_10/bd_85ad_slice3_2_0_clocks.xdc] for cell 'level0_i/ulp/hmss_0/inst/path_2/slice3_2/inst'
Parsing XDC File [/home/ae_reviewer/TempGNN/build/baselines/rtga_timingfix_v3_hw/_x/link/vivado/vpl/prj/prj.gen/my_rm/bd/ulp/ip/ulp_hmss_0_0/bd_0/ip/ip_13/bd_85ad_slice4_3_0_clocks.xdc] for cell 'level0_i/ulp/hmss_0/inst/path_3/slice4_3/inst'
Finished Parsing XDC File [/home/ae_reviewer/TempGNN/build/baselines/rtga_timingfix_v3_hw/_x/link/vivado/vpl/prj/prj.gen/my_rm/bd/ulp/ip/ulp_hmss_0_0/bd_0/ip/ip_13/bd_85ad_slice4_3_0_clocks.xdc] for cell 'level0_i/ulp/hmss_0/inst/path_3/slice4_3/inst'
Parsing XDC File [/home/ae_reviewer/TempGNN/build/baselines/rtga_timingfix_v3_hw/_x/link/vivado/vpl/prj/prj.gen/my_rm/bd/ulp/ip/ulp_hmss_0_0/bd_0/ip/ip_16/bd_85ad_slice5_4_0_clocks.xdc] for cell 'level0_i/ulp/hmss_0/inst/path_4/slice5_4/inst'
Finished Parsing XDC File [/home/ae_reviewer/TempGNN/build/baselines/rtga_timingfix_v3_hw/_x/link/vivado/vpl/prj/prj.gen/my_rm/bd/ulp/ip/ulp_hmss_0_0/bd_0/ip/ip_16/bd_85ad_slice5_4_0_clocks.xdc] for cell 'level0_i/ulp/hmss_0/inst/path_4/slice5_4/inst'
Parsing XDC File [/home/ae_reviewer/TempGNN/build/baselines/rtga_timingfix_v3_hw/_x/link/vivado/vpl/prj/prj.gen/my_rm/bd/ulp/ip/ulp_hmss_0_0/bd_0/ip/ip_19/bd_85ad_slice6_5_0_clocks.xdc] for cell 'level0_i/ulp/hmss_0/inst/path_5/slice6_5/inst'
Finished Parsing XDC File [/home/ae_reviewer/TempGNN/build/baselines/rtga_timingfix_v3_hw/_x/link/vivado/vpl/prj/prj.gen/my_rm/bd/ulp/ip/ulp_hmss_0_0/bd_0/ip/ip_19/bd_85ad_slice6_5_0_clocks.xdc] for cell 'level0_i/ulp/hmss_0/inst/path_5/slice6_5/inst'
Parsing XDC File [/home/ae_reviewer/TempGNN/build/baselines/rtga_timingfix_v3_hw/_x/link/vivado/vpl/prj/prj.gen/my_rm/bd/ulp/ip/ulp_hmss_0_0/bd_0/ip/ip_22/bd_85ad_slice7_6_0_clocks.xdc] for cell 'level0_i/ulp/hmss_0/inst/path_6/slice7_6/inst'
Finished Parsing XDC File [/home/ae_reviewer/TempGNN/build/baselines/rtga_timingfix_v3_hw/_x/link/vivado/vpl/prj/prj.gen/my_rm/bd/ulp/ip/ulp_hmss_0_0/bd_0/ip/ip_22/bd_85ad_slice7_6_0_clocks.xdc] for cell 'level0_i/ulp/hmss_0/inst/path_6/slice7_6/inst'
Parsing XDC File [/home/ae_reviewer/TempGNN/build/baselines/rtga_timingfix_v3_hw/_x/link/vivado/vpl/prj/prj.gen/my_rm/bd/ulp/ip/ulp_hmss_0_0/bd_0/ip/ip_25/bd_85ad_slice8_7_0_clocks.xdc] for cell 'level0_i/ulp/hmss_0/inst/path_7/slice8_7/inst'
Finished Parsing XDC File [/home/ae_reviewer/TempGNN/build/baselines/rtga_timingfix_v3_hw/_x/link/vivado/vpl/prj/prj.gen/my_rm/bd/ulp/ip/ulp_hmss_0_0/bd_0/ip/ip_25/bd_85ad_slice8_7_0_clocks.xdc] for cell 'level0_i/ulp/hmss_0/inst/path_7/slice8_7/inst'
Parsing XDC File [/home/ae_reviewer/TempGNN/build/baselines/rtga_timingfix_v3_hw/_x/link/vivado/vpl/prj/prj.gen/my_rm/bd/ulp/ip/ulp_hmss_0_0/bd_0/ip/ip_28/bd_85ad_slice9_8_0_clocks.xdc] for cell 'level0_i/ulp/hmss_0/inst/path_8/slice9_8/inst'
Finished Parsing XDC File [/home/ae_reviewer/TempGNN/build/baselines/rtga_timingfix_v3_hw/_x/link/vivado/vpl/prj/prj.gen/my_rm/bd/ulp/ip/ulp_hmss_0_0/bd_0/ip/ip_28/bd_85ad_slice9_8_0_clocks.xdc] for cell 'level0_i/ulp/hmss_0/inst/path_8/slice9_8/inst'
Parsing XDC File [/home/ae_reviewer/TempGNN/build/baselines/rtga_timingfix_v3_hw/_x/link/vivado/vpl/prj/prj.gen/my_rm/bd/ulp/ip/ulp_hmss_0_0/bd_0/ip/ip_31/bd_85ad_slice10_9_0_clocks.xdc] for cell 'level0_i/ulp/hmss_0/inst/path_9/slice10_9/inst'
Finished Parsing XDC File [/home/ae_reviewer/TempGNN/build/baselines/rtga_timingfix_v3_hw/_x/link/vivado/vpl/prj/prj.gen/my_rm/bd/ulp/ip/ulp_hmss_0_0/bd_0/ip/ip_31/bd_85ad_slice10_9_0_clocks.xdc] for cell 'level0_i/ulp/hmss_0/inst/path_9/slice10_9/inst'
Parsing XDC File [/home/ae_reviewer/TempGNN/build/baselines/rtga_timingfix_v3_hw/_x/link/vivado/vpl/prj/prj.gen/my_rm/bd/ulp/ip/ulp_hmss_0_0/bd_0/ip/ip_34/bd_85ad_slice11_10_0_clocks.xdc] for cell 'level0_i/ulp/hmss_0/inst/path_10/slice11_10/inst'
Finished Parsing XDC File [/home/ae_reviewer/TempGNN/build/baselines/rtga_timingfix_v3_hw/_x/link/vivado/vpl/prj/prj.gen/my_rm/bd/ulp/ip/ulp_hmss_0_0/bd_0/ip/ip_34/bd_85ad_slice11_10_0_clocks.xdc] for cell 'level0_i/ulp/hmss_0/inst/path_10/slice11_10/inst'
Parsing XDC File [/home/ae_reviewer/TempGNN/build/baselines/rtga_timingfix_v3_hw/_x/link/vivado/vpl/prj/prj.gen/my_rm/bd/ulp/ip/ulp_hmss_0_0/bd_0/ip/ip_37/bd_85ad_slice12_11_0_clocks.xdc] for cell 'level0_i/ulp/hmss_0/inst/path_11/slice12_11/inst'
Finished Parsing XDC File [/home/ae_reviewer/TempGNN/build/baselines/rtga_timingfix_v3_hw/_x/link/vivado/vpl/prj/prj.gen/my_rm/bd/ulp/ip/ulp_hmss_0_0/bd_0/ip/ip_37/bd_85ad_slice12_11_0_clocks.xdc] for cell 'level0_i/ulp/hmss_0/inst/path_11/slice12_11/inst'
Parsing XDC File [/home/ae_reviewer/TempGNN/build/baselines/rtga_timingfix_v3_hw/_x/link/vivado/vpl/prj/prj.gen/my_rm/bd/ulp/ip/ulp_hmss_0_0/bd_0/ip/ip_40/bd_85ad_slice13_12_0_clocks.xdc] for cell 'level0_i/ulp/hmss_0/inst/path_12/slice13_12/inst'
Finished Parsing XDC File [/home/ae_reviewer/TempGNN/build/baselines/rtga_timingfix_v3_hw/_x/link/vivado/vpl/prj/prj.gen/my_rm/bd/ulp/ip/ulp_hmss_0_0/bd_0/ip/ip_40/bd_85ad_slice13_12_0_clocks.xdc] for cell 'level0_i/ulp/hmss_0/inst/path_12/slice13_12/inst'
Parsing XDC File [/home/ae_reviewer/TempGNN/build/baselines/rtga_timingfix_v3_hw/_x/link/vivado/vpl/prj/prj.gen/my_rm/bd/ulp/ip/ulp_hmss_0_0/bd_0/ip/ip_43/bd_85ad_slice0_13_0_clocks.xdc] for cell 'level0_i/ulp/hmss_0/inst/path_13/slice0_13/inst'
Finished Parsing XDC File [/home/ae_reviewer/TempGNN/build/baselines/rtga_timingfix_v3_hw/_x/link/vivado/vpl/prj/prj.gen/my_rm/bd/ulp/ip/ulp_hmss_0_0/bd_0/ip/ip_43/bd_85ad_slice0_13_0_clocks.xdc] for cell 'level0_i/ulp/hmss_0/inst/path_13/slice0_13/inst'
Parsing XDC File [/home/ae_reviewer/TempGNN/build/baselines/rtga_timingfix_v3_hw/_x/link/vivado/vpl/prj/prj.gen/my_rm/bd/ulp/ip/ulp_hmss_0_0/ulp_hmss_0_0.xdc] for cell 'level0_i/ulp/hmss_0/inst'
Finished Parsing XDC File [/home/ae_reviewer/TempGNN/build/baselines/rtga_timingfix_v3_hw/_x/link/vivado/vpl/prj/prj.gen/my_rm/bd/ulp/ip/ulp_hmss_0_0/ulp_hmss_0_0.xdc] for cell 'level0_i/ulp/hmss_0/inst'
Parsing XDC File [/home/ae_reviewer/TempGNN/build/baselines/rtga_timingfix_v3_hw/_x/link/vivado/vpl/prj/prj.gen/my_rm/bd/ulp/ip/ulp_ulp_ucs_0/bd_0/ip/ip_46/bd_22c0_clkwiz_hbm_0_late.xdc] for cell 'level0_i/ulp/ulp_ucs/inst/aclk_hbm_hierarchy/clkwiz_hbm/inst'
Finished Parsing XDC File [/home/ae_reviewer/TempGNN/build/baselines/rtga_timingfix_v3_hw/_x/link/vivado/vpl/prj/prj.gen/my_rm/bd/ulp/ip/ulp_ulp_ucs_0/bd_0/ip/ip_46/bd_22c0_clkwiz_hbm_0_late.xdc] for cell 'level0_i/ulp/ulp_ucs/inst/aclk_hbm_hierarchy/clkwiz_hbm/inst'
Parsing XDC File [/home/ae_reviewer/TempGNN/build/baselines/rtga_timingfix_v3_hw/_x/link/vivado/vpl/prj/prj.gen/my_rm/bd/ulp/ip/ulp_ulp_ucs_0/bd_0/ip/ip_93/bd_22c0_auto_cc_0_clocks.xdc] for cell 'level0_i/ulp/ulp_ucs/inst/frequency_counters/axi_ic_ctrl_mgmt_freq/s00_couplers/auto_cc/inst'
WARNING: [Vivado_Tcl 4-939] Waiver ID 'LUTAR-1' object list should not be empty (perhaps an invalid wildcard was used or only unsupported objects). [/home/ae_reviewer/TempGNN/build/baselines/rtga_timingfix_v3_hw/_x/link/vivado/vpl/prj/prj.gen/my_rm/bd/ulp/ip/ulp_ulp_ucs_0/bd_0/ip/ip_93/bd_22c0_auto_cc_0_clocks.xdc:17]
Finished Parsing XDC File [/home/ae_reviewer/TempGNN/build/baselines/rtga_timingfix_v3_hw/_x/link/vivado/vpl/prj/prj.gen/my_rm/bd/ulp/ip/ulp_ulp_ucs_0/bd_0/ip/ip_93/bd_22c0_auto_cc_0_clocks.xdc] for cell 'level0_i/ulp/ulp_ucs/inst/frequency_counters/axi_ic_ctrl_mgmt_freq/s00_couplers/auto_cc/inst'
Parsing XDC File [/home/ae_reviewer/TempGNN/build/baselines/rtga_timingfix_v3_hw/_x/link/vivado/vpl/prj/prj.gen/my_rm/bd/ulp/ip/ulp_ulp_ucs_0/bd_0/ip/ip_59/bd_22c0_clkwiz_aclk_kernel_00_0_late.xdc] for cell 'level0_i/ulp/ulp_ucs/inst/aclk_kernel_00_hierarchy/clkwiz_aclk_kernel_00/inst'
Finished Parsing XDC File [/home/ae_reviewer/TempGNN/build/baselines/rtga_timingfix_v3_hw/_x/link/vivado/vpl/prj/prj.gen/my_rm/bd/ulp/ip/ulp_ulp_ucs_0/bd_0/ip/ip_59/bd_22c0_clkwiz_aclk_kernel_00_0_late.xdc] for cell 'level0_i/ulp/ulp_ucs/inst/aclk_kernel_00_hierarchy/clkwiz_aclk_kernel_00/inst'
Parsing XDC File [/home/ae_reviewer/TempGNN/build/baselines/rtga_timingfix_v3_hw/_x/link/vivado/vpl/prj/prj.gen/my_rm/bd/ulp/ip/ulp_ulp_ucs_0/bd_0/ip/ip_60/bd_22c0_clock_throttling_aclk_kernel_00_0.xdc] for cell 'level0_i/ulp/ulp_ucs/inst/aclk_kernel_00_hierarchy/clock_throttling_aclk_kernel_00/U0'
Finished Parsing XDC File [/home/ae_reviewer/TempGNN/build/baselines/rtga_timingfix_v3_hw/_x/link/vivado/vpl/prj/prj.gen/my_rm/bd/ulp/ip/ulp_ulp_ucs_0/bd_0/ip/ip_60/bd_22c0_clock_throttling_aclk_kernel_00_0.xdc] for cell 'level0_i/ulp/ulp_ucs/inst/aclk_kernel_00_hierarchy/clock_throttling_aclk_kernel_00/U0'
Parsing XDC File [/home/ae_reviewer/TempGNN/build/baselines/rtga_timingfix_v3_hw/_x/link/vivado/vpl/prj/prj.gen/my_rm/bd/ulp/ip/ulp_ulp_ucs_0/bd_0/ip/ip_77/bd_22c0_clkwiz_aclk_kernel_01_0_late.xdc] for cell 'level0_i/ulp/ulp_ucs/inst/aclk_kernel_01_hierarchy/clkwiz_aclk_kernel_01/inst'
Finished Parsing XDC File [/home/ae_reviewer/TempGNN/build/baselines/rtga_timingfix_v3_hw/_x/link/vivado/vpl/prj/prj.gen/my_rm/bd/ulp/ip/ulp_ulp_ucs_0/bd_0/ip/ip_77/bd_22c0_clkwiz_aclk_kernel_01_0_late.xdc] for cell 'level0_i/ulp/ulp_ucs/inst/aclk_kernel_01_hierarchy/clkwiz_aclk_kernel_01/inst'
Parsing XDC File [/home/ae_reviewer/TempGNN/build/baselines/rtga_timingfix_v3_hw/_x/link/vivado/vpl/prj/prj.gen/my_rm/bd/ulp/ip/ulp_ulp_ucs_0/bd_0/ip/ip_78/bd_22c0_clock_throttling_aclk_kernel_01_0.xdc] for cell 'level0_i/ulp/ulp_ucs/inst/aclk_kernel_01_hierarchy/clock_throttling_aclk_kernel_01/U0'
Finished Parsing XDC File [/home/ae_reviewer/TempGNN/build/baselines/rtga_timingfix_v3_hw/_x/link/vivado/vpl/prj/prj.gen/my_rm/bd/ulp/ip/ulp_ulp_ucs_0/bd_0/ip/ip_78/bd_22c0_clock_throttling_aclk_kernel_01_0.xdc] for cell 'level0_i/ulp/ulp_ucs/inst/aclk_kernel_01_hierarchy/clock_throttling_aclk_kernel_01/U0'
Parsing XDC File [/home/ae_reviewer/TempGNN/build/baselines/rtga_timingfix_v3_hw/_x/link/vivado/vpl/prj/prj.gen/my_rm/bd/ulp/ip/ulp_ulp_ucs_0/ulp_ulp_ucs_0.xdc] for cell 'level0_i/ulp/ulp_ucs/inst'
Finished Parsing XDC File [/home/ae_reviewer/TempGNN/build/baselines/rtga_timingfix_v3_hw/_x/link/vivado/vpl/prj/prj.gen/my_rm/bd/ulp/ip/ulp_ulp_ucs_0/ulp_ulp_ucs_0.xdc] for cell 'level0_i/ulp/ulp_ucs/inst'
Parsing XDC File [/home/ae_reviewer/TempGNN/build/baselines/rtga_timingfix_v3_hw/_x/link/vivado/vpl/prj/prj.gen/my_rm/bd/ulp/ip/ulp_proc_sys_reset_ctrl_slr0_0/ulp_proc_sys_reset_ctrl_slr0_0_slr.xdc] for cell 'level0_i/ulp/proc_sys_reset_ctrl_slr0/U0'
Finished Parsing XDC File [/home/ae_reviewer/TempGNN/build/baselines/rtga_timingfix_v3_hw/_x/link/vivado/vpl/prj/prj.gen/my_rm/bd/ulp/ip/ulp_proc_sys_reset_ctrl_slr0_0/ulp_proc_sys_reset_ctrl_slr0_0_slr.xdc] for cell 'level0_i/ulp/proc_sys_reset_ctrl_slr0/U0'
Parsing XDC File [/home/ae_reviewer/TempGNN/build/baselines/rtga_timingfix_v3_hw/_x/link/vivado/vpl/prj/prj.gen/my_rm/bd/ulp/ip/ulp_proc_sys_reset_ctrl_slr1_0/ulp_proc_sys_reset_ctrl_slr1_0_slr.xdc] for cell 'level0_i/ulp/proc_sys_reset_ctrl_slr1/U0'
Finished Parsing XDC File [/home/ae_reviewer/TempGNN/build/baselines/rtga_timingfix_v3_hw/_x/link/vivado/vpl/prj/prj.gen/my_rm/bd/ulp/ip/ulp_proc_sys_reset_ctrl_slr1_0/ulp_proc_sys_reset_ctrl_slr1_0_slr.xdc] for cell 'level0_i/ulp/proc_sys_reset_ctrl_slr1/U0'
Parsing XDC File [/home/ae_reviewer/TempGNN/build/baselines/rtga_timingfix_v3_hw/_x/link/vivado/vpl/prj/prj.gen/my_rm/bd/ulp/ip/ulp_proc_sys_reset_ctrl_slr2_0/ulp_proc_sys_reset_ctrl_slr2_0_slr.xdc] for cell 'level0_i/ulp/proc_sys_reset_ctrl_slr2/U0'
Finished Parsing XDC File [/home/ae_reviewer/TempGNN/build/baselines/rtga_timingfix_v3_hw/_x/link/vivado/vpl/prj/prj.gen/my_rm/bd/ulp/ip/ulp_proc_sys_reset_ctrl_slr2_0/ulp_proc_sys_reset_ctrl_slr2_0_slr.xdc] for cell 'level0_i/ulp/proc_sys_reset_ctrl_slr2/U0'
Parsing XDC File [/home/ae_reviewer/TempGNN/build/baselines/rtga_timingfix_v3_hw/_x/link/vivado/vpl/prj/prj.gen/my_rm/bd/ulp/ip/ulp_proc_sys_reset_kernel_slr0_0/ulp_proc_sys_reset_kernel_slr0_0_slr.xdc] for cell 'level0_i/ulp/proc_sys_reset_kernel_slr0/U0'
Finished Parsing XDC File [/home/ae_reviewer/TempGNN/build/baselines/rtga_timingfix_v3_hw/_x/link/vivado/vpl/prj/prj.gen/my_rm/bd/ulp/ip/ulp_proc_sys_reset_kernel_slr0_0/ulp_proc_sys_reset_kernel_slr0_0_slr.xdc] for cell 'level0_i/ulp/proc_sys_reset_kernel_slr0/U0'
Parsing XDC File [/home/ae_reviewer/TempGNN/build/baselines/rtga_timingfix_v3_hw/_x/link/vivado/vpl/prj/prj.gen/my_rm/bd/ulp/ip/ulp_proc_sys_reset_kernel_slr1_0/ulp_proc_sys_reset_kernel_slr1_0_slr.xdc] for cell 'level0_i/ulp/proc_sys_reset_kernel_slr1/U0'
Finished Parsing XDC File [/home/ae_reviewer/TempGNN/build/baselines/rtga_timingfix_v3_hw/_x/link/vivado/vpl/prj/prj.gen/my_rm/bd/ulp/ip/ulp_proc_sys_reset_kernel_slr1_0/ulp_proc_sys_reset_kernel_slr1_0_slr.xdc] for cell 'level0_i/ulp/proc_sys_reset_kernel_slr1/U0'
Parsing XDC File [/home/ae_reviewer/TempGNN/build/baselines/rtga_timingfix_v3_hw/_x/link/vivado/vpl/prj/prj.gen/my_rm/bd/ulp/ip/ulp_proc_sys_reset_kernel_slr2_0/ulp_proc_sys_reset_kernel_slr2_0_slr.xdc] for cell 'level0_i/ulp/proc_sys_reset_kernel_slr2/U0'
Finished Parsing XDC File [/home/ae_reviewer/TempGNN/build/baselines/rtga_timingfix_v3_hw/_x/link/vivado/vpl/prj/prj.gen/my_rm/bd/ulp/ip/ulp_proc_sys_reset_kernel_slr2_0/ulp_proc_sys_reset_kernel_slr2_0_slr.xdc] for cell 'level0_i/ulp/proc_sys_reset_kernel_slr2/U0'
Parsing XDC File [/home/ae_reviewer/TempGNN/build/baselines/rtga_timingfix_v3_hw/_x/link/vivado/vpl/prj/prj.gen/my_rm/bd/ulp/ip/ulp_proc_sys_reset_kernel2_slr0_0/ulp_proc_sys_reset_kernel2_slr0_0_slr.xdc] for cell 'level0_i/ulp/proc_sys_reset_kernel2_slr0/U0'
Finished Parsing XDC File [/home/ae_reviewer/TempGNN/build/baselines/rtga_timingfix_v3_hw/_x/link/vivado/vpl/prj/prj.gen/my_rm/bd/ulp/ip/ulp_proc_sys_reset_kernel2_slr0_0/ulp_proc_sys_reset_kernel2_slr0_0_slr.xdc] for cell 'level0_i/ulp/proc_sys_reset_kernel2_slr0/U0'
Parsing XDC File [/home/ae_reviewer/TempGNN/build/baselines/rtga_timingfix_v3_hw/_x/link/vivado/vpl/prj/prj.gen/my_rm/bd/ulp/ip/ulp_proc_sys_reset_kernel2_slr1_0/ulp_proc_sys_reset_kernel2_slr1_0_slr.xdc] for cell 'level0_i/ulp/proc_sys_reset_kernel2_slr1/U0'
Finished Parsing XDC File [/home/ae_reviewer/TempGNN/build/baselines/rtga_timingfix_v3_hw/_x/link/vivado/vpl/prj/prj.gen/my_rm/bd/ulp/ip/ulp_proc_sys_reset_kernel2_slr1_0/ulp_proc_sys_reset_kernel2_slr1_0_slr.xdc] for cell 'level0_i/ulp/proc_sys_reset_kernel2_slr1/U0'
Parsing XDC File [/home/ae_reviewer/TempGNN/build/baselines/rtga_timingfix_v3_hw/_x/link/vivado/vpl/prj/prj.gen/my_rm/bd/ulp/ip/ulp_proc_sys_reset_kernel2_slr2_0/ulp_proc_sys_reset_kernel2_slr2_0_slr.xdc] for cell 'level0_i/ulp/proc_sys_reset_kernel2_slr2/U0'
Finished Parsing XDC File [/home/ae_reviewer/TempGNN/build/baselines/rtga_timingfix_v3_hw/_x/link/vivado/vpl/prj/prj.gen/my_rm/bd/ulp/ip/ulp_proc_sys_reset_kernel2_slr2_0/ulp_proc_sys_reset_kernel2_slr2_0_slr.xdc] for cell 'level0_i/ulp/proc_sys_reset_kernel2_slr2/U0'
Parsing XDC File [/home/ae_reviewer/TempGNN/build/baselines/rtga_timingfix_v3_hw/_x/link/vivado/vpl/prj/prj.gen/my_rm/bd/ulp/ip/ulp_proc_sys_reset_freerun_slr0_0/ulp_proc_sys_reset_freerun_slr0_0_slr.xdc] for cell 'level0_i/ulp/proc_sys_reset_freerun_slr0/U0'
Finished Parsing XDC File [/home/ae_reviewer/TempGNN/build/baselines/rtga_timingfix_v3_hw/_x/link/vivado/vpl/prj/prj.gen/my_rm/bd/ulp/ip/ulp_proc_sys_reset_freerun_slr0_0/ulp_proc_sys_reset_freerun_slr0_0_slr.xdc] for cell 'level0_i/ulp/proc_sys_reset_freerun_slr0/U0'
Parsing XDC File [/home/ae_reviewer/TempGNN/build/baselines/rtga_timingfix_v3_hw/_x/link/vivado/vpl/prj/prj.gen/my_rm/bd/ulp/ip/ulp_proc_sys_reset_freerun_slr1_0/ulp_proc_sys_reset_freerun_slr1_0_slr.xdc] for cell 'level0_i/ulp/proc_sys_reset_freerun_slr1/U0'
Finished Parsing XDC File [/home/ae_reviewer/TempGNN/build/baselines/rtga_timingfix_v3_hw/_x/link/vivado/vpl/prj/prj.gen/my_rm/bd/ulp/ip/ulp_proc_sys_reset_freerun_slr1_0/ulp_proc_sys_reset_freerun_slr1_0_slr.xdc] for cell 'level0_i/ulp/proc_sys_reset_freerun_slr1/U0'
Parsing XDC File [/home/ae_reviewer/TempGNN/build/baselines/rtga_timingfix_v3_hw/_x/link/vivado/vpl/prj/prj.gen/my_rm/bd/ulp/ip/ulp_proc_sys_reset_freerun_slr2_0/ulp_proc_sys_reset_freerun_slr2_0_slr.xdc] for cell 'level0_i/ulp/proc_sys_reset_freerun_slr2/U0'
Finished Parsing XDC File [/home/ae_reviewer/TempGNN/build/baselines/rtga_timingfix_v3_hw/_x/link/vivado/vpl/prj/prj.gen/my_rm/bd/ulp/ip/ulp_proc_sys_reset_freerun_slr2_0/ulp_proc_sys_reset_freerun_slr2_0_slr.xdc] for cell 'level0_i/ulp/proc_sys_reset_freerun_slr2/U0'
Parsing XDC File [/home/ae_reviewer/TempGNN/build/baselines/rtga_timingfix_v3_hw/_x/link/vivado/vpl/prj/prj.gen/my_rm/bd/ulp/ip/ulp_s00_regslice_18/ulp_s00_regslice_18_clocks.xdc] for cell 'level0_i/ulp/SLR0/interconnect_axilite_user/s00_couplers/s00_regslice/inst'
Finished Parsing XDC File [/home/ae_reviewer/TempGNN/build/baselines/rtga_timingfix_v3_hw/_x/link/vivado/vpl/prj/prj.gen/my_rm/bd/ulp/ip/ulp_s00_regslice_18/ulp_s00_regslice_18_clocks.xdc] for cell 'level0_i/ulp/SLR0/interconnect_axilite_user/s00_couplers/s00_regslice/inst'
Parsing XDC File [/home/ae_reviewer/TempGNN/build/baselines/rtga_timingfix_v3_hw/_x/link/vivado/vpl/prj/prj.gen/my_rm/bd/ulp/ip/ulp_m00_regslice_0/ulp_m00_regslice_0_clocks.xdc] for cell 'level0_i/ulp/SLR0/interconnect_axilite_user/m00_couplers/m00_regslice/inst'
Finished Parsing XDC File [/home/ae_reviewer/TempGNN/build/baselines/rtga_timingfix_v3_hw/_x/link/vivado/vpl/prj/prj.gen/my_rm/bd/ulp/ip/ulp_m00_regslice_0/ulp_m00_regslice_0_clocks.xdc] for cell 'level0_i/ulp/SLR0/interconnect_axilite_user/m00_couplers/m00_regslice/inst'
Parsing XDC File [/home/ae_reviewer/TempGNN/build/baselines/rtga_timingfix_v3_hw/_x/link/vivado/vpl/prj/prj.gen/my_rm/bd/ulp/ip/ulp_auto_cc_0/ulp_auto_cc_0_clocks.xdc] for cell 'level0_i/ulp/SLR0/interconnect_axilite_user/m00_couplers/auto_cc/inst'
WARNING: [Vivado_Tcl 4-939] Waiver ID 'LUTAR-1' object list should not be empty (perhaps an invalid wildcard was used or only unsupported objects). [/home/ae_reviewer/TempGNN/build/baselines/rtga_timingfix_v3_hw/_x/link/vivado/vpl/prj/prj.gen/my_rm/bd/ulp/ip/ulp_auto_cc_0/ulp_auto_cc_0_clocks.xdc:17]
Finished Parsing XDC File [/home/ae_reviewer/TempGNN/build/baselines/rtga_timingfix_v3_hw/_x/link/vivado/vpl/prj/prj.gen/my_rm/bd/ulp/ip/ulp_auto_cc_0/ulp_auto_cc_0_clocks.xdc] for cell 'level0_i/ulp/SLR0/interconnect_axilite_user/m00_couplers/auto_cc/inst'
Parsing XDC File [/home/ae_reviewer/TempGNN/build/baselines/rtga_timingfix_v3_hw/_x/link/vivado/vpl/prj/prj.gen/my_rm/bd/ulp/ip/ulp_m01_regslice_0/ulp_m01_regslice_0_clocks.xdc] for cell 'level0_i/ulp/SLR0/interconnect_axilite_user/m01_couplers/m01_regslice/inst'
Finished Parsing XDC File [/home/ae_reviewer/TempGNN/build/baselines/rtga_timingfix_v3_hw/_x/link/vivado/vpl/prj/prj.gen/my_rm/bd/ulp/ip/ulp_m01_regslice_0/ulp_m01_regslice_0_clocks.xdc] for cell 'level0_i/ulp/SLR0/interconnect_axilite_user/m01_couplers/m01_regslice/inst'
Parsing XDC File [/home/ae_reviewer/TempGNN/build/baselines/rtga_timingfix_v3_hw/_x/link/vivado/vpl/prj/prj.gen/my_rm/bd/ulp/ip/ulp_auto_cc_1/ulp_auto_cc_1_clocks.xdc] for cell 'level0_i/ulp/SLR0/interconnect_axilite_user/m01_couplers/auto_cc/inst'
WARNING: [Vivado_Tcl 4-939] Waiver ID 'LUTAR-1' object list should not be empty (perhaps an invalid wildcard was used or only unsupported objects). [/home/ae_reviewer/TempGNN/build/baselines/rtga_timingfix_v3_hw/_x/link/vivado/vpl/prj/prj.gen/my_rm/bd/ulp/ip/ulp_auto_cc_1/ulp_auto_cc_1_clocks.xdc:17]
Finished Parsing XDC File [/home/ae_reviewer/TempGNN/build/baselines/rtga_timingfix_v3_hw/_x/link/vivado/vpl/prj/prj.gen/my_rm/bd/ulp/ip/ulp_auto_cc_1/ulp_auto_cc_1_clocks.xdc] for cell 'level0_i/ulp/SLR0/interconnect_axilite_user/m01_couplers/auto_cc/inst'
Parsing XDC File [/home/ae_reviewer/TempGNN/build/baselines/rtga_timingfix_v3_hw/_x/link/vivado/vpl/prj/prj.gen/my_rm/bd/ulp/ip/ulp_regslice_control_userpf_0/ulp_regslice_control_userpf_0_clocks.xdc] for cell 'level0_i/ulp/SLR0/regslice_control_userpf/inst'
Finished Parsing XDC File [/home/ae_reviewer/TempGNN/build/baselines/rtga_timingfix_v3_hw/_x/link/vivado/vpl/prj/prj.gen/my_rm/bd/ulp/ip/ulp_regslice_control_userpf_0/ulp_regslice_control_userpf_0_clocks.xdc] for cell 'level0_i/ulp/SLR0/regslice_control_userpf/inst'
Parsing XDC File [/home/ae_reviewer/TempGNN/build/baselines/rtga_timingfix_v3_hw/_x/link/vivado/vpl/prj/prj.gen/my_rm/bd/ulp/ip/ulp_regslice_control_userpf_0/ulp_regslice_control_userpf_0_slr.xdc] for cell 'level0_i/ulp/SLR0/regslice_control_userpf/inst'
Finished Parsing XDC File [/home/ae_reviewer/TempGNN/build/baselines/rtga_timingfix_v3_hw/_x/link/vivado/vpl/prj/prj.gen/my_rm/bd/ulp/ip/ulp_regslice_control_userpf_0/ulp_regslice_control_userpf_0_slr.xdc] for cell 'level0_i/ulp/SLR0/regslice_control_userpf/inst'
Parsing XDC File [/home/ae_reviewer/TempGNN/build/baselines/rtga_timingfix_v3_hw/_x/link/vivado/vpl/prj/prj.gen/my_rm/bd/ulp/ip/ulp_s00_regslice_19/ulp_s00_regslice_19_clocks.xdc] for cell 'level0_i/ulp/SLR1/interconnect_axilite_user/s00_couplers/s00_regslice/inst'
Finished Parsing XDC File [/home/ae_reviewer/TempGNN/build/baselines/rtga_timingfix_v3_hw/_x/link/vivado/vpl/prj/prj.gen/my_rm/bd/ulp/ip/ulp_s00_regslice_19/ulp_s00_regslice_19_clocks.xdc] for cell 'level0_i/ulp/SLR1/interconnect_axilite_user/s00_couplers/s00_regslice/inst'
Parsing XDC File [/home/ae_reviewer/TempGNN/build/baselines/rtga_timingfix_v3_hw/_x/link/vivado/vpl/prj/prj.gen/my_rm/bd/ulp/ip/ulp_auto_cc_2/ulp_auto_cc_2_clocks.xdc] for cell 'level0_i/ulp/SLR1/interconnect_axilite_user/s00_couplers/auto_cc/inst'
WARNING: [Vivado_Tcl 4-939] Waiver ID 'LUTAR-1' object list should not be empty (perhaps an invalid wildcard was used or only unsupported objects). [/home/ae_reviewer/TempGNN/build/baselines/rtga_timingfix_v3_hw/_x/link/vivado/vpl/prj/prj.gen/my_rm/bd/ulp/ip/ulp_auto_cc_2/ulp_auto_cc_2_clocks.xdc:17]
Finished Parsing XDC File [/home/ae_reviewer/TempGNN/build/baselines/rtga_timingfix_v3_hw/_x/link/vivado/vpl/prj/prj.gen/my_rm/bd/ulp/ip/ulp_auto_cc_2/ulp_auto_cc_2_clocks.xdc] for cell 'level0_i/ulp/SLR1/interconnect_axilite_user/s00_couplers/auto_cc/inst'
Parsing XDC File [/home/ae_reviewer/TempGNN/build/baselines/rtga_timingfix_v3_hw/_x/link/vivado/vpl/prj/prj.gen/my_rm/bd/ulp/ip/ulp_regslice_control_userpf_1/ulp_regslice_control_userpf_1_clocks.xdc] for cell 'level0_i/ulp/SLR1/regslice_control_userpf/inst'
Finished Parsing XDC File [/home/ae_reviewer/TempGNN/build/baselines/rtga_timingfix_v3_hw/_x/link/vivado/vpl/prj/prj.gen/my_rm/bd/ulp/ip/ulp_regslice_control_userpf_1/ulp_regslice_control_userpf_1_clocks.xdc] for cell 'level0_i/ulp/SLR1/regslice_control_userpf/inst'
Parsing XDC File [/home/ae_reviewer/TempGNN/build/baselines/rtga_timingfix_v3_hw/_x/link/vivado/vpl/prj/prj.gen/my_rm/bd/ulp/ip/ulp_regslice_control_userpf_1/ulp_regslice_control_userpf_1_slr.xdc] for cell 'level0_i/ulp/SLR1/regslice_control_userpf/inst'
Finished Parsing XDC File [/home/ae_reviewer/TempGNN/build/baselines/rtga_timingfix_v3_hw/_x/link/vivado/vpl/prj/prj.gen/my_rm/bd/ulp/ip/ulp_regslice_control_userpf_1/ulp_regslice_control_userpf_1_slr.xdc] for cell 'level0_i/ulp/SLR1/regslice_control_userpf/inst'
Parsing XDC File [/home/ae_reviewer/TempGNN/build/baselines/rtga_timingfix_v3_hw/_x/link/vivado/vpl/prj/prj.gen/my_rm/bd/ulp/ip/ulp_s00_regslice_20/ulp_s00_regslice_20_clocks.xdc] for cell 'level0_i/ulp/SLR2/interconnect_axilite_user/s00_couplers/s00_regslice/inst'
Finished Parsing XDC File [/home/ae_reviewer/TempGNN/build/baselines/rtga_timingfix_v3_hw/_x/link/vivado/vpl/prj/prj.gen/my_rm/bd/ulp/ip/ulp_s00_regslice_20/ulp_s00_regslice_20_clocks.xdc] for cell 'level0_i/ulp/SLR2/interconnect_axilite_user/s00_couplers/s00_regslice/inst'
Parsing XDC File [/home/ae_reviewer/TempGNN/build/baselines/rtga_timingfix_v3_hw/_x/link/vivado/vpl/prj/prj.gen/my_rm/bd/ulp/ip/ulp_auto_cc_3/ulp_auto_cc_3_clocks.xdc] for cell 'level0_i/ulp/SLR2/interconnect_axilite_user/s00_couplers/auto_cc/inst'
WARNING: [Vivado_Tcl 4-939] Waiver ID 'LUTAR-1' object list should not be empty (perhaps an invalid wildcard was used or only unsupported objects). [/home/ae_reviewer/TempGNN/build/baselines/rtga_timingfix_v3_hw/_x/link/vivado/vpl/prj/prj.gen/my_rm/bd/ulp/ip/ulp_auto_cc_3/ulp_auto_cc_3_clocks.xdc:17]
Finished Parsing XDC File [/home/ae_reviewer/TempGNN/build/baselines/rtga_timingfix_v3_hw/_x/link/vivado/vpl/prj/prj.gen/my_rm/bd/ulp/ip/ulp_auto_cc_3/ulp_auto_cc_3_clocks.xdc] for cell 'level0_i/ulp/SLR2/interconnect_axilite_user/s00_couplers/auto_cc/inst'
Parsing XDC File [/home/ae_reviewer/TempGNN/build/baselines/rtga_timingfix_v3_hw/_x/link/vivado/vpl/prj/prj.gen/my_rm/bd/ulp/ip/ulp_regslice_control_userpf_2/ulp_regslice_control_userpf_2_clocks.xdc] for cell 'level0_i/ulp/SLR2/regslice_control_userpf/inst'
Finished Parsing XDC File [/home/ae_reviewer/TempGNN/build/baselines/rtga_timingfix_v3_hw/_x/link/vivado/vpl/prj/prj.gen/my_rm/bd/ulp/ip/ulp_regslice_control_userpf_2/ulp_regslice_control_userpf_2_clocks.xdc] for cell 'level0_i/ulp/SLR2/regslice_control_userpf/inst'
Parsing XDC File [/home/ae_reviewer/TempGNN/build/baselines/rtga_timingfix_v3_hw/_x/link/vivado/vpl/prj/prj.gen/my_rm/bd/ulp/ip/ulp_regslice_control_userpf_2/ulp_regslice_control_userpf_2_slr.xdc] for cell 'level0_i/ulp/SLR2/regslice_control_userpf/inst'
Finished Parsing XDC File [/home/ae_reviewer/TempGNN/build/baselines/rtga_timingfix_v3_hw/_x/link/vivado/vpl/prj/prj.gen/my_rm/bd/ulp/ip/ulp_regslice_control_userpf_2/ulp_regslice_control_userpf_2_slr.xdc] for cell 'level0_i/ulp/SLR2/regslice_control_userpf/inst'
Parsing XDC File [/home/ae_reviewer/TempGNN/build/baselines/rtga_timingfix_v3_hw/_x/link/vivado/vpl/prj/prj.gen/my_rm/bd/ulp/ip/ulp_rst_clk_wiz_225M_0/ulp_rst_clk_wiz_225M_0_slr.xdc] for cell 'level0_i/ulp/rst_clk_wiz_225M/U0'
Finished Parsing XDC File [/home/ae_reviewer/TempGNN/build/baselines/rtga_timingfix_v3_hw/_x/link/vivado/vpl/prj/prj.gen/my_rm/bd/ulp/ip/ulp_rst_clk_wiz_225M_0/ulp_rst_clk_wiz_225M_0_slr.xdc] for cell 'level0_i/ulp/rst_clk_wiz_225M/U0'
WARNING: [XPM_CDC_GRAY: TCL-1000] The source and destination clocks are the same. 
     Instance: level0_i/blp/blp_i/ss_hif/inst/flash_programmer/U0/NO_DUAL_QUAD_MODE.QSPI_NORMAL/QSPI_LEGACY_MD_GEN.QSPI_CORE_INTERFACE_I/FIFO_EXISTS.TX_FIFO_II/xpm_fifo_instance.xpm_fifo_async_inst/gnuram_async_fifo.xpm_fifo_base_inst/gen_cdc_pntr.rd_pntr_cdc_inst 
  This will add unnecessary latency to the design. Please check the design for the following: 
 1) Manually instantiated XPM_CDC modules: AMD recommends that you remove these modules. 
 2) AMD IP that contains XPM_CDC modules: Verify the connections to the IP to determine whether you can safely ignore this message.
 [/tools/Xilinx/Vivado/2023.2/data/ip/xpm/xpm_cdc/tcl/xpm_cdc_gray.tcl:16]
WARNING: [XPM_CDC_GRAY: TCL-1000] The source and destination clocks are the same. 
     Instance: level0_i/blp/blp_i/ss_hif/inst/flash_programmer/U0/NO_DUAL_QUAD_MODE.QSPI_NORMAL/QSPI_LEGACY_MD_GEN.QSPI_CORE_INTERFACE_I/FIFO_EXISTS.RX_FIFO_II/gnuram_async_fifo.xpm_fifo_base_inst/gen_cdc_pntr.wr_pntr_cdc_inst 
  This will add unnecessary latency to the design. Please check the design for the following: 
 1) Manually instantiated XPM_CDC modules: AMD recommends that you remove these modules. 
 2) AMD IP that contains XPM_CDC modules: Verify the connections to the IP to determine whether you can safely ignore this message.
 [/tools/Xilinx/Vivado/2023.2/data/ip/xpm/xpm_cdc/tcl/xpm_cdc_gray.tcl:16]
WARNING: [XPM_CDC_GRAY: TCL-1000] The source and destination clocks are the same. 
     Instance: level0_i/blp/blp_i/ss_hif/inst/flash_programmer/U0/NO_DUAL_QUAD_MODE.QSPI_NORMAL/QSPI_LEGACY_MD_GEN.QSPI_CORE_INTERFACE_I/FIFO_EXISTS.RX_FIFO_II/gnuram_async_fifo.xpm_fifo_base_inst/gen_cdc_pntr.rd_pntr_cdc_inst 
  This will add unnecessary latency to the design. Please check the design for the following: 
 1) Manually instantiated XPM_CDC modules: AMD recommends that you remove these modules. 
 2) AMD IP that contains XPM_CDC modules: Verify the connections to the IP to determine whether you can safely ignore this message.
 [/tools/Xilinx/Vivado/2023.2/data/ip/xpm/xpm_cdc/tcl/xpm_cdc_gray.tcl:16]
WARNING: [XPM_CDC_GRAY: TCL-1000] The source and destination clocks are the same. 
     Instance: level0_i/blp/blp_i/ss_hif/inst/flash_programmer/U0/NO_DUAL_QUAD_MODE.QSPI_NORMAL/QSPI_LEGACY_MD_GEN.QSPI_CORE_INTERFACE_I/FIFO_EXISTS.TX_FIFO_II/xpm_fifo_instance.xpm_fifo_async_inst/gnuram_async_fifo.xpm_fifo_base_inst/gen_cdc_pntr.wr_pntr_cdc_inst 
  This will add unnecessary latency to the design. Please check the design for the following: 
 1) Manually instantiated XPM_CDC modules: AMD recommends that you remove these modules. 
 2) AMD IP that contains XPM_CDC modules: Verify the connections to the IP to determine whether you can safely ignore this message.
 [/tools/Xilinx/Vivado/2023.2/data/ip/xpm/xpm_cdc/tcl/xpm_cdc_gray.tcl:16]
WARNING: [XPM_CDC_GRAY: TCL-1000] The source and destination clocks are the same. 
     Instance: level0_i/blp/blp_i/ss_hif/inst/flash_programmer/U0/NO_DUAL_QUAD_MODE.QSPI_NORMAL/QSPI_LEGACY_MD_GEN.QSPI_CORE_INTERFACE_I/FIFO_EXISTS.RX_FIFO_II/gnuram_async_fifo.xpm_fifo_base_inst/gen_cdc_pntr.wr_pntr_cdc_dc_inst 
  This will add unnecessary latency to the design. Please check the design for the following: 
 1) Manually instantiated XPM_CDC modules: AMD recommends that you remove these modules. 
 2) AMD IP that contains XPM_CDC modules: Verify the connections to the IP to determine whether you can safely ignore this message.
 [/tools/Xilinx/Vivado/2023.2/data/ip/xpm/xpm_cdc/tcl/xpm_cdc_gray.tcl:16]
WARNING: [XPM_CDC_GRAY: TCL-1000] The source and destination clocks are the same. 
     Instance: level0_i/blp/blp_i/ss_hif/inst/flash_programmer/U0/NO_DUAL_QUAD_MODE.QSPI_NORMAL/QSPI_LEGACY_MD_GEN.QSPI_CORE_INTERFACE_I/FIFO_EXISTS.TX_FIFO_II/xpm_fifo_instance.xpm_fifo_async_inst/gnuram_async_fifo.xpm_fifo_base_inst/gen_cdc_pntr.rd_pntr_cdc_dc_inst 
  This will add unnecessary latency to the design. Please check the design for the following: 
 1) Manually instantiated XPM_CDC modules: AMD recommends that you remove these modules. 
 2) AMD IP that contains XPM_CDC modules: Verify the connections to the IP to determine whether you can safely ignore this message.
 [/tools/Xilinx/Vivado/2023.2/data/ip/xpm/xpm_cdc/tcl/xpm_cdc_gray.tcl:16]
INFO: [Project 1-1714] 612 XPM XDC files have been applied to the design.
INFO: [Opt 31-138] Pushed 0 inverter(s) to 0 load pin(s).
INFO: [Project 1-1687] 4318 scoped IP constraints or related sub-commands were skipped due to synthesis logic optimizations usually triggered by constant connectivity or unconnected output pins. To review the skipped constraints and messages, run the command 'set_param netlist.IPMsgFiltering false' before opening the design.
Netlist sorting complete. Time (s): cpu = 00:00:00.13 ; elapsed = 00:00:00.12 . Memory (MB): peak = 9369.660 ; gain = 0.000 ; free physical = 42643 ; free virtual = 58175
INFO: [Project 1-111] Unisim Transformation Summary:
  A total of 2856 instances were transformed.
  DSP48E1 => DSP48E2 (DSP_ALU, DSP_A_B_DATA, DSP_C_DATA, DSP_MULTIPLIER, DSP_M_DATA, DSP_OUTPUT, DSP_PREADD, DSP_PREADD_DATA): 4 instances
  DSP48E2 => DSP48E2 (DSP_ALU, DSP_A_B_DATA, DSP_C_DATA, DSP_MULTIPLIER, DSP_M_DATA, DSP_OUTPUT, DSP_PREADD, DSP_PREADD_DATA): 136 instances
  HBM_ONE_STACK_INTF => HBM_ONE_STACK_INTF (HBM_REF_CLK, HBM_SNGLBLI_INTF_APB, HBM_SNGLBLI_INTF_AXI(x16)): 1 instance 
  IBUF => IBUF (IBUFCTRL, INBUF): 7 instances
  IBUFDS => IBUFDS (DIFFINBUF, IBUFCTRL): 1 instance 
  LUT6_2 => LUT6_2 (LUT5, LUT6): 158 instances
  RAM128X1D => RAM128X1D (MUXF7(x2), RAMD64E(x4)): 1 instance 
  RAM16X1D => RAM32X1D (RAMD32(x2)): 1353 instances
  RAM16X1S => RAM32X1S (RAMS32): 46 instances
  RAM256X1S => RAM256X1S (MUXF7(x2), MUXF8, RAMS64E(x4)): 10 instances
  RAM32M => RAM32M (RAMD32(x6), RAMS32(x2)): 46 instances
  RAM32M16 => RAM32M16 (RAMD32(x14), RAMS32(x2)): 898 instances
  RAM32X1D => RAM32X1D (RAMD32(x2)): 123 instances
  RAM64M => RAM64M (RAMD64E(x4)): 1 instance 
  RAM64M8 => RAM64M8 (RAMD64E(x8)): 63 instances
  RAM64X1D => RAM64X1D (RAMD64E(x2)): 8 instances

142 Infos, 344 Warnings, 0 Critical Warnings and 0 Errors encountered.
link_design completed successfully
link_design: Time (s): cpu = 00:15:52 ; elapsed = 00:11:01 . Memory (MB): peak = 9369.695 ; gain = 7769.211 ; free physical = 42643 ; free virtual = 58175
source /home/ae_reviewer/TempGNN/build/baselines/rtga_timingfix_v3_hw/_x/link/vivado/vpl/scripts/impl_1/_full_init_post.tcl
Parsing XDC File [/home/ae_reviewer/TempGNN/build/baselines/rtga_timingfix_v3_hw/_x/link/vivado/vpl/output/_user_impl_clk.xdc]
Finished Parsing XDC File [/home/ae_reviewer/TempGNN/build/baselines/rtga_timingfix_v3_hw/_x/link/vivado/vpl/output/_user_impl_clk.xdc]
source /home/ae_reviewer/TempGNN/build/baselines/rtga_timingfix_v3_hw/_x/link/vivado/vpl/scripts/impl_1/_full_opt_pre.tcl
Post-synthesis utilization DRC check...
available resources:
   luts      : 1133280
   registers : 2266560
   brams     : 1776
   dsps      : 8304
required resources:
   luts      : 79531
   registers : 101138
   brams     : 28
   dsps      : 136
report_accelerator_utilization: Time (s): cpu = 00:00:13 ; elapsed = 00:00:14 . Memory (MB): peak = 9369.695 ; gain = 0.000 ; free physical = 42633 ; free virtual = 58165
report_utilization: Time (s): cpu = 00:00:23 ; elapsed = 00:00:24 . Memory (MB): peak = 9369.695 ; gain = 0.000 ; free physical = 42630 ; free virtual = 58162
INFO: System Diagram: Run step: synthed

INFO: [Timing 38-35] Done setting XDC timing constraints.
create_generated_clock: Time (s): cpu = 00:00:54 ; elapsed = 00:00:18 . Memory (MB): peak = 9369.695 ; gain = 0.000 ; free physical = 42602 ; free virtual = 58134
Command: opt_design
Attempting to get a license for feature 'Implementation' and/or device 'xcu280'
INFO: [Common 17-349] Got license for feature 'Implementation' and/or device 'xcu280'
Running DRC as a precondition to command opt_design

Starting DRC Task
INFO: [DRC 23-27] Running DRC with 8 threads
INFO: [Project 1-461] DRC finished with 0 Errors, 216 Warnings
INFO: [Project 1-462] Please refer to the DRC report (report_drc) for more information.

Time (s): cpu = 00:00:33 ; elapsed = 00:00:15 . Memory (MB): peak = 9401.676 ; gain = 31.980 ; free physical = 42598 ; free virtual = 58130

Starting Cache Timing Information Task
Ending Cache Timing Information Task | Checksum: 1aee3093b

Time (s): cpu = 00:00:13 ; elapsed = 00:00:09 . Memory (MB): peak = 9401.676 ; gain = 0.000 ; free physical = 42595 ; free virtual = 58127

Starting Logic Optimization Task

Phase 1 Initialization

Phase 1.1 Core Generation And Design Setup
Phase 1.1 Core Generation And Design Setup | Checksum: 1aee3093b

Time (s): cpu = 00:00:56 ; elapsed = 00:00:36 . Memory (MB): peak = 9401.676 ; gain = 0.000 ; free physical = 42536 ; free virtual = 58068

Phase 1.2 Setup Constraints And Sort Netlist
Phase 1.2 Setup Constraints And Sort Netlist | Checksum: 1aee3093b

Time (s): cpu = 00:01:04 ; elapsed = 00:00:44 . Memory (MB): peak = 9401.676 ; gain = 0.000 ; free physical = 42539 ; free virtual = 58072
Phase 1 Initialization | Checksum: 1aee3093b

Time (s): cpu = 00:01:12 ; elapsed = 00:00:52 . Memory (MB): peak = 9401.676 ; gain = 0.000 ; free physical = 42540 ; free virtual = 58072

Phase 2 Timer Update And Timing Data Collection

Phase 2.1 Timer Update
Phase 2.1 Timer Update | Checksum: 1aee3093b

Time (s): cpu = 00:01:49 ; elapsed = 00:01:07 . Memory (MB): peak = 9401.676 ; gain = 0.000 ; free physical = 42549 ; free virtual = 58081

Phase 2.2 Timing Data Collection
Phase 2.2 Timing Data Collection | Checksum: 1aee3093b

Time (s): cpu = 00:01:59 ; elapsed = 00:01:16 . Memory (MB): peak = 9497.660 ; gain = 95.984 ; free physical = 42502 ; free virtual = 58034
Phase 2 Timer Update And Timing Data Collection | Checksum: 1aee3093b

Time (s): cpu = 00:02:06 ; elapsed = 00:01:24 . Memory (MB): peak = 9497.660 ; gain = 95.984 ; free physical = 42502 ; free virtual = 58034

Phase 3 Retarget
INFO: [Opt 31-1566] Pulled 3 inverters resulting in an inversion of 10 pins
INFO: [Opt 31-138] Pushed 339 inverter(s) to 2702 load pin(s).
INFO: [Opt 31-49] Retargeted 0 cell(s).
Phase 3 Retarget | Checksum: 20abd8c0f

Time (s): cpu = 00:02:42 ; elapsed = 00:01:59 . Memory (MB): peak = 9497.660 ; gain = 95.984 ; free physical = 42501 ; free virtual = 58033
Retarget | Checksum: 20abd8c0f
INFO: [Opt 31-389] Phase Retarget created 3642 cells and removed 4174 cells
INFO: [Opt 31-1021] In phase Retarget, 9644 netlist objects are constrained preventing optimization. Please run opt_design with -debug_log to get more detail. 

Phase 4 Constant propagation
INFO: [Opt 31-138] Pushed 1 inverter(s) to 2 load pin(s).
Phase 4 Constant propagation | Checksum: 28d57ee8a

Time (s): cpu = 00:03:23 ; elapsed = 00:02:41 . Memory (MB): peak = 9497.660 ; gain = 95.984 ; free physical = 42508 ; free virtual = 58040
Constant propagation | Checksum: 28d57ee8a
INFO: [Opt 31-389] Phase Constant propagation created 89 cells and removed 11112 cells
INFO: [Opt 31-1021] In phase Constant propagation, 1808 netlist objects are constrained preventing optimization. Please run opt_design with -debug_log to get more detail. 

Phase 5 Sweep
Phase 5 Sweep | Checksum: 254daba65

Time (s): cpu = 00:06:48 ; elapsed = 00:06:06 . Memory (MB): peak = 9497.660 ; gain = 95.984 ; free physical = 42509 ; free virtual = 58041
Sweep | Checksum: 254daba65
INFO: [Opt 31-389] Phase Sweep created 0 cells and removed 8994 cells
INFO: [Opt 31-1021] In phase Sweep, 1411563 netlist objects are constrained preventing optimization. Please run opt_design with -debug_log to get more detail. 

Phase 6 BUFG optimization
INFO: [Opt 31-1077] Phase BUFG optimization inserted 0 global clock buffer(s) for CLOCK_LOW_FANOUT.
Phase 6 BUFG optimization | Checksum: 254daba65

Time (s): cpu = 00:07:14 ; elapsed = 00:06:28 . Memory (MB): peak = 9497.660 ; gain = 95.984 ; free physical = 42512 ; free virtual = 58045
BUFG optimization | Checksum: 254daba65
INFO: [Opt 31-662] Phase BUFG optimization created 0 cells of which 0 are BUFGs and removed 0 cells.
INFO: [Opt 31-1021] In phase BUFG optimization, 63 netlist objects are constrained preventing optimization. Please run opt_design with -debug_log to get more detail. 

Phase 7 Shift Register Optimization
WARNING: [Opt 31-1131] Can not pull register out from level0_i/ulp/rtga_kernel_1/inst/fifo_burst/U_fifo_srl/mem_reg[14][0]_srl15 due to none static srl address bits
WARNING: [Opt 31-1131] Can not pull register out from level0_i/ulp/rtga_kernel_1/inst/fifo_burst/U_fifo_srl/mem_reg[14][0]_srl15__0 due to none static srl address bits
WARNING: [Opt 31-1131] Can not pull register out from level0_i/ulp/rtga_kernel_1/inst/fifo_burst/U_fifo_srl/mem_reg[14][0]_srl15__0__0 due to none static srl address bits
WARNING: [Opt 31-1131] Can not pull register out from level0_i/ulp/rtga_kernel_1/inst/fifo_burst/U_fifo_srl/mem_reg[14][0]_srl15__0__1 due to none static srl address bits
WARNING: [Opt 31-1131] Can not pull register out from level0_i/ulp/rtga_kernel_1/inst/fifo_burst/U_fifo_srl/mem_reg[14][0]_srl15__1 due to none static srl address bits
WARNING: [Opt 31-1131] Can not pull register out from level0_i/ulp/rtga_kernel_1/inst/fifo_burst/U_fifo_srl/mem_reg[14][0]_srl15__1__0 due to none static srl address bits
WARNING: [Opt 31-1131] Can not pull register out from level0_i/ulp/rtga_kernel_1/inst/fifo_burst/U_fifo_srl/mem_reg[14][0]_srl15__1__1 due to none static srl address bits
WARNING: [Opt 31-1131] Can not pull register out from level0_i/ulp/rtga_kernel_1/inst/fifo_burst/U_fifo_srl/mem_reg[14][0]_srl15__2 due to none static srl address bits
WARNING: [Opt 31-1131] Can not pull register out from level0_i/ulp/rtga_kernel_1/inst/fifo_burst/U_fifo_srl/mem_reg[14][0]_srl15__3 due to none static srl address bits
WARNING: [Opt 31-1131] Can not pull register out from level0_i/ulp/rtga_kernel_1/inst/fifo_burst/U_fifo_srl/mem_reg[14][0]_srl15__4 due to none static srl address bits
WARNING: [Opt 31-1131] Can not pull register out from level0_i/ulp/rtga_kernel_1/inst/fifo_burst/U_fifo_srl/mem_reg[14][0]_srl15__5 due to none static srl address bits
WARNING: [Opt 31-1131] Can not pull register out from level0_i/blp/blp_i/ss_cmc/inst/psreset_cmc/U0/EXT_LPF/POR_SRL_I due to physical constraint on it
WARNING: [Opt 31-1131] Can not pull register out from level0_i/blp/blp_i/ss_cmp/inst/mdm_board_control/U0/MDM_Core_I1/Use_BSCAN.Config_Reg_reg[12]_srl13_MDM_Core_I1_Use_BSCAN.Config_Reg_reg_c_11 due to physical constraint on it
WARNING: [Opt 31-1131] Can not pull register out from level0_i/blp/blp_i/ss_cmp/inst/mdm_board_control/U0/MDM_Core_I1/Use_BSCAN.Config_Reg_reg[28]_srl2_MDM_Core_I1_Use_BSCAN.Config_Reg_reg_c_0 due to physical constraint on it
WARNING: [Opt 31-1131] Can not pull register out from level0_i/blp/blp_i/ss_cmp/inst/mdm_board_control/U0/MDM_Core_I1/Use_BSCAN.Config_Reg_reg[5]_srl4_MDM_Core_I1_Use_BSCAN.Config_Reg_reg_c_2 due to physical constraint on it
WARNING: [Opt 31-1131] Can not pull register out from level0_i/blp/blp_i/ss_cmp/inst/psreset_mdm/U0/EXT_LPF/POR_SRL_I due to physical constraint on it
WARNING: [Opt 31-1131] Can not pull register out from level0_i/blp/blp_i/ss_hif/inst/psreset_static_ctrl/U0/EXT_LPF/POR_SRL_I due to physical constraint on it
WARNING: [Opt 31-1131] Can not pull register out from level0_i/blp/blp_i/ss_hif/inst/psreset_static_pcie/U0/EXT_LPF/POR_SRL_I due to physical constraint on it
WARNING: [Opt 31-1131] Can not pull register out from level0_i/ulp/rtga_kernel_1/inst/gmem0_m_axi_U/load_unit/fifo_rreq/U_fifo_srl/mem_reg[68][9]_srl32__1 due to none static srl address bits
WARNING: [Opt 31-1131] Can not pull register out from level0_i/ulp/rtga_kernel_1/inst/gmem0_m_axi_U/load_unit/fifo_rreq/U_fifo_srl/mem_reg[68][9]_srl32__0 due to none static srl address bits
WARNING: [Opt 31-1131] Can not pull register out from level0_i/ulp/rtga_kernel_1/inst/gmem0_m_axi_U/load_unit/fifo_rreq/U_fifo_srl/mem_reg[68][9]_srl32 due to none static srl address bits
WARNING: [Opt 31-1131] Can not pull register out from level0_i/ulp/rtga_kernel_1/inst/gmem0_m_axi_U/load_unit/fifo_rreq/U_fifo_srl/mem_reg[68][8]_srl32__1 due to none static srl address bits
WARNING: [Opt 31-1131] Can not pull register out from level0_i/ulp/rtga_kernel_1/inst/gmem0_m_axi_U/load_unit/fifo_rreq/U_fifo_srl/mem_reg[68][8]_srl32__0 due to none static srl address bits
WARNING: [Opt 31-1131] Can not pull register out from level0_i/ulp/rtga_kernel_1/inst/gmem0_m_axi_U/load_unit/fifo_rreq/U_fifo_srl/mem_reg[68][8]_srl32 due to none static srl address bits
WARNING: [Opt 31-1131] Can not pull register out from level0_i/ulp/rtga_kernel_1/inst/gmem0_m_axi_U/load_unit/fifo_rreq/U_fifo_srl/mem_reg[68][7]_srl32__1 due to none static srl address bits
WARNING: [Opt 31-1131] Can not pull register out from level0_i/ulp/rtga_kernel_1/inst/gmem0_m_axi_U/load_unit/fifo_rreq/U_fifo_srl/mem_reg[68][7]_srl32__0 due to none static srl address bits
WARNING: [Opt 31-1131] Can not pull register out from level0_i/ulp/rtga_kernel_1/inst/gmem0_m_axi_U/load_unit/fifo_rreq/U_fifo_srl/mem_reg[68][7]_srl32 due to none static srl address bits
WARNING: [Opt 31-1131] Can not pull register out from level0_i/ulp/rtga_kernel_1/inst/gmem0_m_axi_U/load_unit/fifo_rreq/U_fifo_srl/mem_reg[68][6]_srl32__1 due to none static srl address bits
WARNING: [Opt 31-1131] Can not pull register out from level0_i/ulp/rtga_kernel_1/inst/gmem0_m_axi_U/load_unit/fifo_rreq/U_fifo_srl/mem_reg[68][6]_srl32__0 due to none static srl address bits
WARNING: [Opt 31-1131] Can not pull register out from level0_i/ulp/rtga_kernel_1/inst/gmem0_m_axi_U/load_unit/fifo_rreq/U_fifo_srl/mem_reg[68][6]_srl32 due to none static srl address bits
WARNING: [Opt 31-1131] Can not pull register out from level0_i/ulp/rtga_kernel_1/inst/gmem0_m_axi_U/load_unit/fifo_rreq/U_fifo_srl/mem_reg[68][64]_srl32__1 due to none static srl address bits
WARNING: [Opt 31-1131] Can not pull register out from level0_i/ulp/rtga_kernel_1/inst/gmem0_m_axi_U/load_unit/fifo_rreq/U_fifo_srl/mem_reg[68][64]_srl32__0 due to none static srl address bits
WARNING: [Opt 31-1131] Can not pull register out from level0_i/ulp/rtga_kernel_1/inst/gmem0_m_axi_U/load_unit/fifo_rreq/U_fifo_srl/mem_reg[68][64]_srl32 due to none static srl address bits
WARNING: [Opt 31-1131] Can not pull register out from level0_i/ulp/rtga_kernel_1/inst/gmem0_m_axi_U/load_unit/fifo_rreq/U_fifo_srl/mem_reg[68][0]_srl32 due to none static srl address bits
WARNING: [Opt 31-1131] Can not pull register out from level0_i/ulp/rtga_kernel_1/inst/gmem0_m_axi_U/load_unit/fifo_rreq/U_fifo_srl/mem_reg[68][0]_srl32__0 due to none static srl address bits
WARNING: [Opt 31-1131] Can not pull register out from level0_i/ulp/rtga_kernel_1/inst/gmem0_m_axi_U/load_unit/fifo_rreq/U_fifo_srl/mem_reg[68][0]_srl32__1 due to none static srl address bits
WARNING: [Opt 31-1131] Can not pull register out from level0_i/ulp/rtga_kernel_1/inst/gmem0_m_axi_U/load_unit/fifo_rreq/U_fifo_srl/mem_reg[68][10]_srl32 due to none static srl address bits
WARNING: [Opt 31-1131] Can not pull register out from level0_i/ulp/rtga_kernel_1/inst/gmem0_m_axi_U/load_unit/fifo_rreq/U_fifo_srl/mem_reg[68][10]_srl32__0 due to none static srl address bits
WARNING: [Opt 31-1131] Can not pull register out from level0_i/ulp/rtga_kernel_1/inst/gmem0_m_axi_U/load_unit/fifo_rreq/U_fifo_srl/mem_reg[68][10]_srl32__1 due to none static srl address bits
WARNING: [Opt 31-1131] Can not pull register out from level0_i/ulp/rtga_kernel_1/inst/gmem0_m_axi_U/load_unit/fifo_rreq/U_fifo_srl/mem_reg[68][11]_srl32 due to none static srl address bits
WARNING: [Opt 31-1131] Can not pull register out from level0_i/ulp/rtga_kernel_1/inst/gmem0_m_axi_U/load_unit/fifo_rreq/U_fifo_srl/mem_reg[68][11]_srl32__0 due to none static srl address bits
WARNING: [Opt 31-1131] Can not pull register out from level0_i/ulp/rtga_kernel_1/inst/gmem0_m_axi_U/load_unit/fifo_rreq/U_fifo_srl/mem_reg[68][11]_srl32__1 due to none static srl address bits
WARNING: [Opt 31-1131] Can not pull register out from level0_i/ulp/rtga_kernel_1/inst/gmem0_m_axi_U/load_unit/fifo_rreq/U_fifo_srl/mem_reg[68][12]_srl32 due to none static srl address bits
WARNING: [Opt 31-1131] Can not pull register out from level0_i/ulp/rtga_kernel_1/inst/gmem0_m_axi_U/load_unit/fifo_rreq/U_fifo_srl/mem_reg[68][12]_srl32__0 due to none static srl address bits
WARNING: [Opt 31-1131] Can not pull register out from level0_i/ulp/rtga_kernel_1/inst/gmem0_m_axi_U/load_unit/fifo_rreq/U_fifo_srl/mem_reg[68][12]_srl32__1 due to none static srl address bits
WARNING: [Opt 31-1131] Can not pull register out from level0_i/ulp/rtga_kernel_1/inst/gmem0_m_axi_U/load_unit/fifo_rreq/U_fifo_srl/mem_reg[68][13]_srl32 due to none static srl address bits
WARNING: [Opt 31-1131] Can not pull register out from level0_i/ulp/rtga_kernel_1/inst/gmem0_m_axi_U/load_unit/fifo_rreq/U_fifo_srl/mem_reg[68][13]_srl32__0 due to none static srl address bits
WARNING: [Opt 31-1131] Can not pull register out from level0_i/ulp/rtga_kernel_1/inst/gmem0_m_axi_U/load_unit/fifo_rreq/U_fifo_srl/mem_reg[68][13]_srl32__1 due to none static srl address bits
WARNING: [Opt 31-1131] Can not pull register out from level0_i/ulp/rtga_kernel_1/inst/gmem0_m_axi_U/load_unit/fifo_rreq/U_fifo_srl/mem_reg[68][14]_srl32 due to none static srl address bits
WARNING: [Opt 31-1131] Can not pull register out from level0_i/ulp/rtga_kernel_1/inst/gmem0_m_axi_U/load_unit/fifo_rreq/U_fifo_srl/mem_reg[68][14]_srl32__0 due to none static srl address bits
WARNING: [Opt 31-1131] Can not pull register out from level0_i/ulp/rtga_kernel_1/inst/gmem0_m_axi_U/load_unit/fifo_rreq/U_fifo_srl/mem_reg[68][14]_srl32__1 due to none static srl address bits
WARNING: [Opt 31-1131] Can not pull register out from level0_i/ulp/rtga_kernel_1/inst/gmem0_m_axi_U/load_unit/fifo_rreq/U_fifo_srl/mem_reg[68][15]_srl32 due to none static srl address bits
WARNING: [Opt 31-1131] Can not pull register out from level0_i/ulp/rtga_kernel_1/inst/gmem0_m_axi_U/load_unit/fifo_rreq/U_fifo_srl/mem_reg[68][15]_srl32__0 due to none static srl address bits
WARNING: [Opt 31-1131] Can not pull register out from level0_i/ulp/rtga_kernel_1/inst/gmem0_m_axi_U/load_unit/fifo_rreq/U_fifo_srl/mem_reg[68][15]_srl32__1 due to none static srl address bits
WARNING: [Opt 31-1131] Can not pull register out from level0_i/ulp/rtga_kernel_1/inst/gmem0_m_axi_U/load_unit/fifo_rreq/U_fifo_srl/mem_reg[68][16]_srl32 due to none static srl address bits
WARNING: [Opt 31-1131] Can not pull register out from level0_i/ulp/rtga_kernel_1/inst/gmem0_m_axi_U/load_unit/fifo_rreq/U_fifo_srl/mem_reg[68][16]_srl32__0 due to none static srl address bits
WARNING: [Opt 31-1131] Can not pull register out from level0_i/ulp/rtga_kernel_1/inst/gmem0_m_axi_U/load_unit/fifo_rreq/U_fifo_srl/mem_reg[68][16]_srl32__1 due to none static srl address bits
WARNING: [Opt 31-1131] Can not pull register out from level0_i/ulp/rtga_kernel_1/inst/gmem0_m_axi_U/load_unit/fifo_rreq/U_fifo_srl/mem_reg[68][17]_srl32 due to none static srl address bits
WARNING: [Opt 31-1131] Can not pull register out from level0_i/ulp/rtga_kernel_1/inst/gmem0_m_axi_U/load_unit/fifo_rreq/U_fifo_srl/mem_reg[68][17]_srl32__0 due to none static srl address bits
WARNING: [Opt 31-1131] Can not pull register out from level0_i/ulp/rtga_kernel_1/inst/gmem0_m_axi_U/load_unit/fifo_rreq/U_fifo_srl/mem_reg[68][17]_srl32__1 due to none static srl address bits
WARNING: [Opt 31-1131] Can not pull register out from level0_i/ulp/rtga_kernel_1/inst/gmem0_m_axi_U/load_unit/fifo_rreq/U_fifo_srl/mem_reg[68][18]_srl32 due to none static srl address bits
WARNING: [Opt 31-1131] Can not pull register out from level0_i/ulp/rtga_kernel_1/inst/gmem0_m_axi_U/load_unit/fifo_rreq/U_fifo_srl/mem_reg[68][18]_srl32__0 due to none static srl address bits
WARNING: [Opt 31-1131] Can not pull register out from level0_i/ulp/rtga_kernel_1/inst/gmem0_m_axi_U/load_unit/fifo_rreq/U_fifo_srl/mem_reg[68][18]_srl32__1 due to none static srl address bits
WARNING: [Opt 31-1131] Can not pull register out from level0_i/ulp/rtga_kernel_1/inst/gmem0_m_axi_U/load_unit/fifo_rreq/U_fifo_srl/mem_reg[68][19]_srl32 due to none static srl address bits
WARNING: [Opt 31-1131] Can not pull register out from level0_i/ulp/rtga_kernel_1/inst/gmem0_m_axi_U/load_unit/fifo_rreq/U_fifo_srl/mem_reg[68][19]_srl32__0 due to none static srl address bits
WARNING: [Opt 31-1131] Can not pull register out from level0_i/ulp/rtga_kernel_1/inst/gmem0_m_axi_U/load_unit/fifo_rreq/U_fifo_srl/mem_reg[68][19]_srl32__1 due to none static srl address bits
WARNING: [Opt 31-1131] Can not pull register out from level0_i/ulp/rtga_kernel_1/inst/gmem0_m_axi_U/load_unit/fifo_rreq/U_fifo_srl/mem_reg[68][1]_srl32 due to none static srl address bits
WARNING: [Opt 31-1131] Can not pull register out from level0_i/ulp/rtga_kernel_1/inst/gmem0_m_axi_U/load_unit/fifo_rreq/U_fifo_srl/mem_reg[68][1]_srl32__0 due to none static srl address bits
WARNING: [Opt 31-1131] Can not pull register out from level0_i/ulp/rtga_kernel_1/inst/gmem0_m_axi_U/load_unit/fifo_rreq/U_fifo_srl/mem_reg[68][1]_srl32__1 due to none static srl address bits
WARNING: [Opt 31-1131] Can not pull register out from level0_i/ulp/rtga_kernel_1/inst/gmem0_m_axi_U/load_unit/fifo_rreq/U_fifo_srl/mem_reg[68][20]_srl32 due to none static srl address bits
WARNING: [Opt 31-1131] Can not pull register out from level0_i/ulp/rtga_kernel_1/inst/gmem0_m_axi_U/load_unit/fifo_rreq/U_fifo_srl/mem_reg[68][20]_srl32__0 due to none static srl address bits
WARNING: [Opt 31-1131] Can not pull register out from level0_i/ulp/rtga_kernel_1/inst/gmem0_m_axi_U/load_unit/fifo_rreq/U_fifo_srl/mem_reg[68][20]_srl32__1 due to none static srl address bits
WARNING: [Opt 31-1131] Can not pull register out from level0_i/ulp/rtga_kernel_1/inst/gmem0_m_axi_U/load_unit/fifo_rreq/U_fifo_srl/mem_reg[68][21]_srl32 due to none static srl address bits
WARNING: [Opt 31-1131] Can not pull register out from level0_i/ulp/rtga_kernel_1/inst/gmem0_m_axi_U/load_unit/fifo_rreq/U_fifo_srl/mem_reg[68][21]_srl32__0 due to none static srl address bits
WARNING: [Opt 31-1131] Can not pull register out from level0_i/ulp/rtga_kernel_1/inst/gmem0_m_axi_U/load_unit/fifo_rreq/U_fifo_srl/mem_reg[68][21]_srl32__1 due to none static srl address bits
WARNING: [Opt 31-1131] Can not pull register out from level0_i/ulp/rtga_kernel_1/inst/gmem0_m_axi_U/load_unit/fifo_rreq/U_fifo_srl/mem_reg[68][22]_srl32 due to none static srl address bits
WARNING: [Opt 31-1131] Can not pull register out from level0_i/ulp/rtga_kernel_1/inst/gmem0_m_axi_U/load_unit/fifo_rreq/U_fifo_srl/mem_reg[68][22]_srl32__0 due to none static srl address bits
WARNING: [Opt 31-1131] Can not pull register out from level0_i/ulp/rtga_kernel_1/inst/gmem0_m_axi_U/load_unit/fifo_rreq/U_fifo_srl/mem_reg[68][22]_srl32__1 due to none static srl address bits
WARNING: [Opt 31-1131] Can not pull register out from level0_i/ulp/rtga_kernel_1/inst/gmem0_m_axi_U/load_unit/fifo_rreq/U_fifo_srl/mem_reg[68][23]_srl32 due to none static srl address bits
WARNING: [Opt 31-1131] Can not pull register out from level0_i/ulp/rtga_kernel_1/inst/gmem0_m_axi_U/load_unit/fifo_rreq/U_fifo_srl/mem_reg[68][23]_srl32__0 due to none static srl address bits
WARNING: [Opt 31-1131] Can not pull register out from level0_i/ulp/rtga_kernel_1/inst/gmem0_m_axi_U/load_unit/fifo_rreq/U_fifo_srl/mem_reg[68][23]_srl32__1 due to none static srl address bits
WARNING: [Opt 31-1131] Can not pull register out from level0_i/ulp/rtga_kernel_1/inst/gmem0_m_axi_U/load_unit/fifo_rreq/U_fifo_srl/mem_reg[68][24]_srl32 due to none static srl address bits
WARNING: [Opt 31-1131] Can not pull register out from level0_i/ulp/rtga_kernel_1/inst/gmem0_m_axi_U/load_unit/fifo_rreq/U_fifo_srl/mem_reg[68][24]_srl32__0 due to none static srl address bits
WARNING: [Opt 31-1131] Can not pull register out from level0_i/ulp/rtga_kernel_1/inst/gmem0_m_axi_U/load_unit/fifo_rreq/U_fifo_srl/mem_reg[68][24]_srl32__1 due to none static srl address bits
WARNING: [Opt 31-1131] Can not pull register out from level0_i/ulp/rtga_kernel_1/inst/gmem0_m_axi_U/load_unit/fifo_rreq/U_fifo_srl/mem_reg[68][25]_srl32 due to none static srl address bits
WARNING: [Opt 31-1131] Can not pull register out from level0_i/ulp/rtga_kernel_1/inst/gmem0_m_axi_U/load_unit/fifo_rreq/U_fifo_srl/mem_reg[68][25]_srl32__0 due to none static srl address bits
WARNING: [Opt 31-1131] Can not pull register out from level0_i/ulp/rtga_kernel_1/inst/gmem0_m_axi_U/load_unit/fifo_rreq/U_fifo_srl/mem_reg[68][25]_srl32__1 due to none static srl address bits
WARNING: [Opt 31-1131] Can not pull register out from level0_i/ulp/rtga_kernel_1/inst/gmem0_m_axi_U/load_unit/fifo_rreq/U_fifo_srl/mem_reg[68][26]_srl32 due to none static srl address bits
WARNING: [Opt 31-1131] Can not pull register out from level0_i/ulp/rtga_kernel_1/inst/gmem0_m_axi_U/load_unit/fifo_rreq/U_fifo_srl/mem_reg[68][26]_srl32__0 due to none static srl address bits
WARNING: [Opt 31-1131] Can not pull register out from level0_i/ulp/rtga_kernel_1/inst/gmem0_m_axi_U/load_unit/fifo_rreq/U_fifo_srl/mem_reg[68][26]_srl32__1 due to none static srl address bits
WARNING: [Opt 31-1131] Can not pull register out from level0_i/ulp/rtga_kernel_1/inst/gmem0_m_axi_U/load_unit/fifo_rreq/U_fifo_srl/mem_reg[68][27]_srl32 due to none static srl address bits
WARNING: [Opt 31-1131] Can not pull register out from level0_i/ulp/rtga_kernel_1/inst/gmem0_m_axi_U/load_unit/fifo_rreq/U_fifo_srl/mem_reg[68][27]_srl32__0 due to none static srl address bits
WARNING: [Opt 31-1131] Can not pull register out from level0_i/ulp/rtga_kernel_1/inst/gmem0_m_axi_U/load_unit/fifo_rreq/U_fifo_srl/mem_reg[68][27]_srl32__1 due to none static srl address bits
WARNING: [Opt 31-1131] Can not pull register out from level0_i/ulp/rtga_kernel_1/inst/gmem0_m_axi_U/load_unit/fifo_rreq/U_fifo_srl/mem_reg[68][28]_srl32 due to none static srl address bits
WARNING: [Opt 31-1131] Can not pull register out from level0_i/ulp/rtga_kernel_1/inst/gmem0_m_axi_U/load_unit/fifo_rreq/U_fifo_srl/mem_reg[68][28]_srl32__0 due to none static srl address bits
WARNING: [Opt 31-1131] Can not pull register out from level0_i/ulp/rtga_kernel_1/inst/gmem0_m_axi_U/load_unit/fifo_rreq/U_fifo_srl/mem_reg[68][28]_srl32__1 due to none static srl address bits
WARNING: [Opt 31-1131] Can not pull register out from level0_i/ulp/rtga_kernel_1/inst/gmem0_m_axi_U/load_unit/fifo_rreq/U_fifo_srl/mem_reg[68][29]_srl32 due to none static srl address bits
WARNING: [Opt 31-1131] Can not pull register out from level0_i/ulp/rtga_kernel_1/inst/gmem0_m_axi_U/load_unit/fifo_rreq/U_fifo_srl/mem_reg[68][29]_srl32__0 due to none static srl address bits
WARNING: [Opt 31-1131] Can not pull register out from level0_i/ulp/rtga_kernel_1/inst/gmem0_m_axi_U/load_unit/fifo_rreq/U_fifo_srl/mem_reg[68][29]_srl32__1 due to none static srl address bits
WARNING: [Opt 31-1131] Can not pull register out from level0_i/ulp/rtga_kernel_1/inst/gmem0_m_axi_U/load_unit/fifo_rreq/U_fifo_srl/mem_reg[68][2]_srl32 due to none static srl address bits
INFO: [Common 17-14] Message 'Opt 31-1131' appears 100 times and further instances of the messages will be disabled. Use the Tcl command set_msg_config to change the current settings.
INFO: [Opt 31-1064] SRL Remap converted 0 SRLs to 0 registers and converted 0 registers of register chains to 0 SRLs
Phase 7 Shift Register Optimization | Checksum: 254daba65

Time (s): cpu = 00:07:30 ; elapsed = 00:06:44 . Memory (MB): peak = 9497.660 ; gain = 95.984 ; free physical = 42512 ; free virtual = 58045
Shift Register Optimization | Checksum: 254daba65
INFO: [Opt 31-389] Phase Shift Register Optimization created 0 cells and removed 0 cells

Phase 8 Post Processing Netlist
Phase 8 Post Processing Netlist | Checksum: 2991216e3

Time (s): cpu = 00:07:56 ; elapsed = 00:07:09 . Memory (MB): peak = 9497.660 ; gain = 95.984 ; free physical = 42507 ; free virtual = 58040
Post Processing Netlist | Checksum: 2991216e3
INFO: [Opt 31-389] Phase Post Processing Netlist created 0 cells and removed 0 cells
INFO: [Opt 31-1021] In phase Post Processing Netlist, 1323 netlist objects are constrained preventing optimization. Please run opt_design with -debug_log to get more detail. 

Phase 9 Finalization

Phase 9.1 Finalizing Design Cores and Updating Shapes
Phase 9.1 Finalizing Design Cores and Updating Shapes | Checksum: 2ac4ce1ea

Time (s): cpu = 00:08:21 ; elapsed = 00:07:34 . Memory (MB): peak = 9497.660 ; gain = 95.984 ; free physical = 42506 ; free virtual = 58039

Phase 9.2 Verifying Netlist Connectivity

Starting Connectivity Check Task

Time (s): cpu = 00:00:00.91 ; elapsed = 00:00:00.92 . Memory (MB): peak = 9497.660 ; gain = 0.000 ; free physical = 42509 ; free virtual = 58042
Phase 9.2 Verifying Netlist Connectivity | Checksum: 2ac4ce1ea

Time (s): cpu = 00:08:30 ; elapsed = 00:07:43 . Memory (MB): peak = 9497.660 ; gain = 95.984 ; free physical = 42509 ; free virtual = 58042
Phase 9 Finalization | Checksum: 2ac4ce1ea

Time (s): cpu = 00:08:37 ; elapsed = 00:07:50 . Memory (MB): peak = 9497.660 ; gain = 95.984 ; free physical = 42509 ; free virtual = 58041
Opt_design Change Summary
=========================


-------------------------------------------------------------------------------------------------------------------------
|  Phase                        |  #Cells created  |  #Cells Removed  |  #Constrained objects preventing optimizations  |
-------------------------------------------------------------------------------------------------------------------------
|  Retarget                     |            3642  |            4174  |                                           9644  |
|  Constant propagation         |              89  |           11112  |                                           1808  |
|  Sweep                        |               0  |            8994  |                                        1411563  |
|  BUFG optimization            |               0  |               0  |                                             63  |
|  Shift Register Optimization  |               0  |               0  |                                              0  |
|  Post Processing Netlist      |               0  |               0  |                                           1323  |
-------------------------------------------------------------------------------------------------------------------------


Ending Logic Optimization Task | Checksum: 2ac4ce1ea

Time (s): cpu = 00:08:45 ; elapsed = 00:07:58 . Memory (MB): peak = 9497.660 ; gain = 95.984 ; free physical = 42509 ; free virtual = 58042
INFO: [Constraints 18-11670] Building netlist checker database with flags, 0x8
Done building netlist checker database: Time (s): cpu = 00:00:00.3 ; elapsed = 00:00:00.33 . Memory (MB): peak = 9497.660 ; gain = 0.000 ; free physical = 42508 ; free virtual = 58041

Starting Power Optimization Task
INFO: [Pwropt 34-132] Skipping clock gating for clocks with a period < 2.00 ns.
INFO: [Pwropt 34-232] Skipping BRAM gating because all BRAMs are in high frequency (i.e. period < 3.12 ns) clock domains.
INFO: [Pwropt 34-162] WRITE_MODE attribute of 0 BRAM(s) out of a total of 235 has been updated to save power. Run report_power_opt to get a complete listing of the BRAMs updated.
Ending Power Optimization Task | Checksum: 2ac4ce1ea

Time (s): cpu = 00:00:17 ; elapsed = 00:00:17 . Memory (MB): peak = 9864.770 ; gain = 367.109 ; free physical = 42084 ; free virtual = 57617

Starting Final Cleanup Task
Ending Final Cleanup Task | Checksum: 2ac4ce1ea

Time (s): cpu = 00:00:08 ; elapsed = 00:00:08 . Memory (MB): peak = 9864.770 ; gain = 0.000 ; free physical = 42084 ; free virtual = 57617

Starting Netlist Obfuscation Task
Netlist sorting complete. Time (s): cpu = 00:00:00.1 ; elapsed = 00:00:00.1 . Memory (MB): peak = 9864.770 ; gain = 0.000 ; free physical = 42084 ; free virtual = 57617
Ending Netlist Obfuscation Task | Checksum: 2ac4ce1ea

Time (s): cpu = 00:00:08 ; elapsed = 00:00:08 . Memory (MB): peak = 9864.770 ; gain = 0.000 ; free physical = 42084 ; free virtual = 57617
INFO: [Common 17-83] Releasing license: Implementation
170 Infos, 444 Warnings, 0 Critical Warnings and 0 Errors encountered.
opt_design completed successfully
opt_design: Time (s): cpu = 00:10:08 ; elapsed = 00:09:00 . Memory (MB): peak = 9864.770 ; gain = 495.074 ; free physical = 42084 ; free virtual = 57617
source /home/ae_reviewer/TempGNN/build/baselines/rtga_timingfix_v3_hw/_x/link/vivado/vpl/scripts/impl_1/_full_opt_post.tcl
source /home/ae_reviewer/TempGNN/build/baselines/rtga_timingfix_v3_hw/_x/link/vivado/vpl/scripts/impl_1/_full_place_pre.tcl
CRITICAL WARNING: [Vivado 12-4430] You are lowering the severity from an ERROR. This can potentially lead to board damage or other functionality issues on hardware. If this is not desired, please run 'reset_property SEVERITY [get_drc_checks HDPR-5]' to undo this change.
INFO: [Chipscope 16-240] Debug cores have already been implemented
Command: place_design
Attempting to get a license for feature 'Implementation' and/or device 'xcu280'
INFO: [Common 17-349] Got license for feature 'Implementation' and/or device 'xcu280'
INFO: [Common 17-83] Releasing license: Implementation
INFO: [DRC 23-27] Running DRC with 8 threads
INFO: [Vivado_Tcl 4-198] DRC finished with 0 Errors
INFO: [Vivado_Tcl 4-199] Please refer to the DRC report (report_drc) for more information.
Running DRC as a precondition to command place_design
INFO: [DRC 23-27] Running DRC with 8 threads
INFO: [Vivado_Tcl 4-198] DRC finished with 0 Errors, 216 Warnings
INFO: [Vivado_Tcl 4-199] Please refer to the DRC report (report_drc) for more information.
INFO: [Place 30-611] Multithreading enabled for place_design using a maximum of 8 CPUs

Starting Placer Task

Phase 1 Placer Initialization

Phase 1.1 Placer Initialization Netlist Sorting
Netlist sorting complete. Time (s): cpu = 00:00:00.13 ; elapsed = 00:00:00.14 . Memory (MB): peak = 9896.785 ; gain = 0.000 ; free physical = 42072 ; free virtual = 57605
Phase 1.1 Placer Initialization Netlist Sorting | Checksum: 199c482a6

Time (s): cpu = 00:00:09 ; elapsed = 00:00:10 . Memory (MB): peak = 9896.785 ; gain = 0.000 ; free physical = 42075 ; free virtual = 57608
Netlist sorting complete. Time (s): cpu = 00:00:00.09 ; elapsed = 00:00:00.11 . Memory (MB): peak = 9896.785 ; gain = 0.000 ; free physical = 42075 ; free virtual = 57608

Phase 1.2 IO Placement/ Clock Placement/ Build Placer Device
INFO: [Timing 38-35] Done setting XDC timing constraints.
Phase 1.2 IO Placement/ Clock Placement/ Build Placer Device | Checksum: 185e02a52

Time (s): cpu = 00:06:46 ; elapsed = 00:05:29 . Memory (MB): peak = 10033.184 ; gain = 136.398 ; free physical = 41873 ; free virtual = 57407

Phase 1.3 Build Placer Netlist Model
INFO: [Place 30-1040]   HIGH_PRIORITY Clock: clk_kernel_00_unbuffered_net
INFO: [Place 30-1040]   HIGH_PRIORITY Clock: clk_kernel_01_unbuffered_net
INFO: [Place 30-1040]   HIGH_PRIORITY Clock: hbm_aclk
INFO: [Place 30-1040]   HIGH_PRIORITY Clock: clk_out1_bd_39ab_clkwiz_level0_periph_0
INFO: [Place 30-1040]   HIGH_PRIORITY Clock: GTYE4_CHANNEL_TXOUTCLK[3]_3
INFO: [Place 30-1040]   HIGH_PRIORITY Clock: clk_out2_bd_39ab_clkwiz_level0_periph_0
Phase 1.3 Build Placer Netlist Model | Checksum: 21eaa6917

Time (s): cpu = 00:13:29 ; elapsed = 00:08:28 . Memory (MB): peak = 11540.848 ; gain = 1644.062 ; free physical = 40338 ; free virtual = 55872

Phase 1.4 Constrain Clocks/Macros
Phase 1.4 Constrain Clocks/Macros | Checksum: 21eaa6917

Time (s): cpu = 00:13:39 ; elapsed = 00:08:38 . Memory (MB): peak = 11540.848 ; gain = 1644.062 ; free physical = 40341 ; free virtual = 55874
Phase 1 Placer Initialization | Checksum: 21eaa6917

Time (s): cpu = 00:13:59 ; elapsed = 00:08:58 . Memory (MB): peak = 11540.848 ; gain = 1644.062 ; free physical = 40343 ; free virtual = 55876

Phase 2 Global Placement

Phase 2.1 Floorplanning
INFO: [Place 30-2086] Applied CLOCK_LOW_FANOUT constraint to clock net level0_i/ulp/ulp_ucs/inst/aclk_kernel_00_hierarchy/clock_throttling_aclk_kernel_00/U0/Clk_Int_Cont and placed all loads in clock region(s) X4Y2
INFO: [Place 30-2086] Applied CLOCK_LOW_FANOUT constraint to clock net level0_i/ulp/ulp_ucs/inst/aclk_kernel_01_hierarchy/clock_throttling_aclk_kernel_01/U0/Clk_Int_Cont and placed all loads in clock region(s) X4Y1
WARNING: [Place 30-1239] Failed to find partition obeying SLR constraint, SLR -1, for Cell level0_i/ulp/rtga_kernel_1/inst.

Phase 2.1.1 Partition Driven Placement

Phase 2.1.1.1 PBP: Partition Driven Placement
Phase 2.1.1.1 PBP: Partition Driven Placement | Checksum: 1fea45614

Time (s): cpu = 00:17:55 ; elapsed = 00:10:42 . Memory (MB): peak = 11620.887 ; gain = 1724.102 ; free physical = 40311 ; free virtual = 55845

Phase 2.1.1.2 PBP: Clock Region Placement
WARNING: [Place 30-1995] Horizontal BUFCE_ROW programmable delay is capped at 3 for clock net level0_i/blp/blp_i/ss_hif/inst/pcie/inst/bd_39ab_pcie_0_gt_top_i/diablo_gt.diablo_gt_phy_wrapper/phy_clk_i/CLK_USERCLK due to PCIE_GT_DIFF_REGION MAX_SKEW requirements
Phase 2.1.1.2 PBP: Clock Region Placement | Checksum: 1739fc6a3

Time (s): cpu = 00:19:13 ; elapsed = 00:11:59 . Memory (MB): peak = 11620.887 ; gain = 1724.102 ; free physical = 40317 ; free virtual = 55852

Phase 2.1.1.3 PBP: Compute Congestion
Phase 2.1.1.3 PBP: Compute Congestion | Checksum: 1739fc6a3

Time (s): cpu = 00:20:49 ; elapsed = 00:12:31 . Memory (MB): peak = 11620.887 ; gain = 1724.102 ; free physical = 40304 ; free virtual = 55838

Phase 2.1.1.4 PBP: UpdateTiming
Phase 2.1.1.4 PBP: UpdateTiming | Checksum: 1f1ecb75c

Time (s): cpu = 00:22:36 ; elapsed = 00:12:58 . Memory (MB): peak = 11749.082 ; gain = 1852.297 ; free physical = 40190 ; free virtual = 55725

Phase 2.1.1.5 PBP: Add part constraints
Phase 2.1.1.5 PBP: Add part constraints | Checksum: 1f1ecb75c

Time (s): cpu = 00:22:49 ; elapsed = 00:13:11 . Memory (MB): peak = 11749.082 ; gain = 1852.297 ; free physical = 40193 ; free virtual = 55727
Phase 2.1.1 Partition Driven Placement | Checksum: 1f1ecb75c

Time (s): cpu = 00:22:57 ; elapsed = 00:13:19 . Memory (MB): peak = 11749.082 ; gain = 1852.297 ; free physical = 40195 ; free virtual = 55729
Phase 2.1 Floorplanning | Checksum: 1f1ecb75c

Time (s): cpu = 00:23:05 ; elapsed = 00:13:27 . Memory (MB): peak = 11749.082 ; gain = 1852.297 ; free physical = 40186 ; free virtual = 55721

Phase 2.2 Physical Synthesis After Floorplan
INFO: [Physopt 32-46] Identified 22 candidate nets for critical-cell optimization.
INFO: [Physopt 32-81] Processed net level0_i/ulp/ulp_ucs/inst/gapping_demand/gpio_gapping_demand/U0/AXI_LITE_IPIF_I/I_SLAVE_ATTACHMENT/SR[0]. Replicated 1 times.
INFO: [Physopt 32-81] Processed net level0_i/ulp/ulp_ucs/inst/ucs_control_status/gpio_ucs_control_status/U0/AXI_LITE_IPIF_I/I_SLAVE_ATTACHMENT/SR[0]. Replicated 1 times.
INFO: [Physopt 32-81] Processed net level0_i/ulp/ulp_ucs/inst/axi_ic_ctrl_mgmt_top/xbar/inst/gen_sasd.crossbar_sasd_0/m_atarget_enc[0]. Replicated 1 times.
INFO: [Physopt 32-81] Processed net level0_i/ulp/ulp_ucs/inst/axi_ic_ctrl_mgmt_top/xbar/inst/gen_sasd.crossbar_sasd_0/m_atarget_enc[1]. Replicated 1 times.
INFO: [Physopt 32-81] Processed net level0_i/ulp/ulp_ucs/inst/axi_ic_ctrl_mgmt_top/xbar/inst/gen_sasd.crossbar_sasd_0/m_atarget_enc[2]. Replicated 1 times.
INFO: [Physopt 32-81] Processed net level0_i/ulp/ulp_ucs/inst/aclk_hbm_hierarchy/clkwiz_hbm/inst/AXI_LITE_IPIF_I/I_SLAVE_ATTACHMENT/SR[0]. Replicated 1 times.
INFO: [Physopt 32-81] Processed net level0_i/ulp/ulp_ucs/inst/aclk_kernel_00_hierarchy/clkwiz_aclk_kernel_00/inst/AXI_LITE_IPIF_I/I_SLAVE_ATTACHMENT/SR[0]. Replicated 1 times.
INFO: [Physopt 32-81] Processed net level0_i/ulp/ulp_ucs/inst/aclk_kernel_01_hierarchy/clkwiz_aclk_kernel_01/inst/AXI_LITE_IPIF_I/I_SLAVE_ATTACHMENT/SR[0]. Replicated 1 times.
INFO: [Physopt 32-81] Processed net level0_i/ulp/ulp_ucs/inst/axi_ic_ctrl_mgmt_top/xbar/inst/gen_sasd.crossbar_sasd_0/aresetn_d. Replicated 1 times.
INFO: [Physopt 32-81] Processed net level0_i/ulp/ulp_ucs/inst/build_info/U0/axi_lite_ipif_1/I_SLAVE_ATTACHMENT/rst. Replicated 1 times.
INFO: [Physopt 32-81] Processed net level0_i/ulp/ulp_ucs/inst/axi_ic_ctrl_mgmt_top/xbar/inst/gen_sasd.crossbar_sasd_0/addr_arbiter_inst/aa_grant_rnw. Replicated 1 times.
INFO: [Physopt 32-81] Processed net level0_i/ulp/ulp_ucs/inst/axi_ic_ctrl_mgmt_top/xbar/inst/gen_sasd.crossbar_sasd_0/addr_arbiter_inst/m_valid_i. Replicated 1 times.
INFO: [Physopt 32-81] Processed net level0_i/ulp/ulp_ucs/inst/axi_ic_ctrl_mgmt_top/xbar/inst/gen_sasd.crossbar_sasd_0/addr_arbiter_inst/p_0_in1_in. Replicated 1 times.
INFO: [Physopt 32-81] Processed net level0_i/ulp/ulp_ucs/inst/gapping_demand/gpio_gapping_demand/U0/AXI_LITE_IPIF_I/I_SLAVE_ATTACHMENT/Q[0]. Replicated 1 times.
INFO: [Physopt 32-81] Processed net level0_i/ulp/ulp_ucs/inst/gapping_demand/gpio_gapping_demand/U0/AXI_LITE_IPIF_I/I_SLAVE_ATTACHMENT/Q[1]. Replicated 1 times.
INFO: [Physopt 32-81] Processed net level0_i/ulp/ulp_ucs/inst/aclk_hbm_hierarchy/clkwiz_hbm/inst/AXI_LITE_IPIF_I/I_SLAVE_ATTACHMENT/s_axi_rresp_i. Replicated 1 times.
INFO: [Physopt 32-81] Processed net level0_i/ulp/ulp_ucs/inst/aclk_kernel_00_hierarchy/clkwiz_aclk_kernel_00/inst/AXI_LITE_IPIF_I/I_SLAVE_ATTACHMENT/s_axi_rresp_i. Replicated 1 times.
INFO: [Physopt 32-81] Processed net level0_i/ulp/ulp_ucs/inst/aclk_kernel_01_hierarchy/clkwiz_aclk_kernel_01/inst/AXI_LITE_IPIF_I/I_SLAVE_ATTACHMENT/s_axi_rresp_i. Replicated 1 times.
INFO: [Physopt 32-81] Processed net level0_i/ulp/ulp_ucs/inst/build_info/U0/axi_lite_ipif_1/I_SLAVE_ATTACHMENT/s_axi_rresp_i. Replicated 1 times.
INFO: [Physopt 32-81] Processed net level0_i/ulp/ulp_ucs/inst/gapping_demand/gpio_gapping_demand/U0/AXI_LITE_IPIF_I/I_SLAVE_ATTACHMENT/s_axi_rresp_i. Replicated 1 times.
INFO: [Physopt 32-81] Processed net level0_i/ulp/ulp_ucs/inst/ucs_control_status/gpio_ucs_control_status/U0/AXI_LITE_IPIF_I/I_SLAVE_ATTACHMENT/s_axi_rresp_i. Replicated 1 times.
INFO: [Physopt 32-775] End 1 Pass. Optimized 21 nets or cells. Created 21 new cells, deleted 0 existing cell and moved 0 existing cell
Netlist sorting complete. Time (s): cpu = 00:00:00.21 ; elapsed = 00:00:00.22 . Memory (MB): peak = 11749.082 ; gain = 0.000 ; free physical = 40187 ; free virtual = 55722
Netlist sorting complete. Time (s): cpu = 00:00:00.09 ; elapsed = 00:00:00.09 . Memory (MB): peak = 11749.082 ; gain = 0.000 ; free physical = 40187 ; free virtual = 55722

Summary of Physical Synthesis Optimizations
============================================


-----------------------------------------------------------------------------------------------------------------------------------------------
|  Optimization                         |  Added Cells  |  Removed Cells  |  Optimized Cells/Nets  |  Dont Touch  |  Iterations  |  Elapsed   |
-----------------------------------------------------------------------------------------------------------------------------------------------
|  PSIP Post Floorplan SLR Replication  |           21  |              0  |                    21  |           0  |           1  |  00:00:18  |
|  Total                                |           21  |              0  |                    21  |           0  |           1  |  00:00:18  |
-----------------------------------------------------------------------------------------------------------------------------------------------


Phase 2.2 Physical Synthesis After Floorplan | Checksum: 19566d560

Time (s): cpu = 00:25:16 ; elapsed = 00:14:12 . Memory (MB): peak = 11749.082 ; gain = 1852.297 ; free physical = 40189 ; free virtual = 55723

Phase 2.3 Update Timing before SLR Path Opt
Phase 2.3 Update Timing before SLR Path Opt | Checksum: 248541d1e

Time (s): cpu = 00:25:28 ; elapsed = 00:14:22 . Memory (MB): peak = 11749.082 ; gain = 1852.297 ; free physical = 40194 ; free virtual = 55728

Phase 2.4 Post-Processing in Floorplanning
Phase 2.4 Post-Processing in Floorplanning | Checksum: 1f6929a93

Time (s): cpu = 00:25:38 ; elapsed = 00:14:32 . Memory (MB): peak = 11749.082 ; gain = 1852.297 ; free physical = 40194 ; free virtual = 55728

Phase 2.5 Global Placement Core

Phase 2.5.1 UpdateTiming Before Physical Synthesis
Phase 2.5.1 UpdateTiming Before Physical Synthesis | Checksum: 23998c29b

Time (s): cpu = 00:59:44 ; elapsed = 00:28:59 . Memory (MB): peak = 12692.512 ; gain = 2795.727 ; free physical = 39347 ; free virtual = 54882

Phase 2.5.2 Physical Synthesis In Placer
INFO: [Physopt 32-1035] Found 9 LUTNM shape to break, 3040 LUT instances to create LUTNM shape
INFO: [Physopt 32-1044] Break lutnm for timing: one critical 7, two critical 2, total 9, new lutff created 0
INFO: [Physopt 32-1138] End 1 Pass. Optimized 1279 nets or LUTs. Breaked 9 LUTs, combined 1270 existing LUTs and moved 0 existing LUT
INFO: [Physopt 32-1030] Pass 1. Identified 92 candidate driver sets for equivalent driver rewiring.
INFO: [Physopt 32-661] Optimized 35 nets.  Re-placed 118 instances.
INFO: [Physopt 32-775] End 1 Pass. Optimized 35 nets or cells. Created 0 new cell, deleted 1 existing cell and moved 118 existing cells
Netlist sorting complete. Time (s): cpu = 00:00:00.66 ; elapsed = 00:00:00.67 . Memory (MB): peak = 12692.512 ; gain = 0.000 ; free physical = 39322 ; free virtual = 54868
INFO: [Physopt 32-76] Pass 1. Identified 4 candidate nets for fanout optimization.
INFO: [Physopt 32-81] Processed net level0_i/ulp/rtga_kernel_1/inst/ap_rst_n_inv. Replicated 57 times.
INFO: [Physopt 32-81] Processed net level0_i/ulp/rtga_kernel_1/inst/grp_rtga_kernel_Pipeline_rtga_tau_groups_fu_3444/ap_CS_fsm_pp0_stage1. Replicated 18 times.
INFO: [Physopt 32-81] Processed net level0_i/ulp/rtga_kernel_1/inst/grp_rtga_kernel_Pipeline_rtga_tau_groups_fu_3444/ap_CS_fsm_pp0_stage0. Replicated 12 times.
INFO: [Physopt 32-81] Processed net level0_i/ulp/rtga_kernel_1/inst/grp_rtga_kernel_Pipeline_rtga_tau_groups_fu_3444/ap_CS_fsm_pp0_stage3. Replicated 10 times.
INFO: [Physopt 32-232] Optimized 4 nets. Created 97 new instances.
INFO: [Physopt 32-775] End 1 Pass. Optimized 4 nets or cells. Created 97 new cells, deleted 0 existing cell and moved 0 existing cell
Netlist sorting complete. Time (s): cpu = 00:00:01 ; elapsed = 00:00:01 . Memory (MB): peak = 12692.512 ; gain = 0.000 ; free physical = 39317 ; free virtual = 54863
INFO: [Physopt 32-896] DSP level0_i/blp/blp_i/ss_cmc/inst/microblaze_cmc/U0/MicroBlaze_Core_I/Performance.Core/Data_Flow_I/MUL_Unit_I/Use_HW_MUL.Using_DSP48_Architectures.Doing_mul64.Virtex_MUL64.dsp_module_I2/Using_DSP48E1.DSP48E1_I1/Using_FPGA.DSP48E1_I1 is not considered for optimization due to don't touch constraint
INFO: [Physopt 32-896] DSP level0_i/blp/blp_i/ss_cmc/inst/microblaze_cmc/U0/MicroBlaze_Core_I/Performance.Core/Data_Flow_I/MUL_Unit_I/Use_HW_MUL.Using_DSP48_Architectures.Doing_mul64.Virtex_MUL64.dsp_module_I3/Using_DSP48E1.DSP48E1_I1/Using_FPGA.DSP48E1_I1 is not considered for optimization due to don't touch constraint
INFO: [Physopt 32-896] DSP level0_i/blp/blp_i/ss_cmc/inst/microblaze_cmc/U0/MicroBlaze_Core_I/Performance.Core/Data_Flow_I/MUL_Unit_I/Use_HW_MUL.Using_DSP48_Architectures.Doing_mul64.Virtex_MUL64.dsp_module_I4/Using_DSP48E1.DSP48E1_I1/Using_FPGA.DSP48E1_I1 is not considered for optimization due to don't touch constraint
INFO: [Physopt 32-896] DSP level0_i/blp/blp_i/ss_cmc/inst/microblaze_cmc/U0/MicroBlaze_Core_I/Performance.Core/Data_Flow_I/MUL_Unit_I/Use_HW_MUL.Using_DSP48_Architectures.dsp_module_I1/Using_DSP48E1.DSP48E1_I1/Using_FPGA.DSP48E1_I1 is not considered for optimization due to don't touch constraint
INFO: [Physopt 32-456] No candidate cells for DSP register optimization found in the design.
INFO: [Physopt 32-775] End 2 Pass. Optimized 0 net or cell. Created 0 new cell, deleted 0 existing cell and moved 0 existing cell
INFO: [Physopt 32-1123] No candidate cells found for Shift Register to Pipeline optimization
INFO: [Physopt 32-775] End 2 Pass. Optimized 0 net or cell. Created 0 new cell, deleted 0 existing cell and moved 0 existing cell
INFO: [Physopt 32-1402] Pass 1: Identified 18 candidate cells for Shift Register optimization.
INFO: [Physopt 32-775] End 1 Pass. Optimized 15 nets or cells. Created 105 new cells, deleted 0 existing cell and moved 0 existing cell
Netlist sorting complete. Time (s): cpu = 00:00:00.2 ; elapsed = 00:00:00.2 . Memory (MB): peak = 12692.512 ; gain = 0.000 ; free physical = 39318 ; free virtual = 54864
INFO: [Physopt 32-526] No candidate cells for BRAM register optimization found in the design
INFO: [Physopt 32-775] End 1 Pass. Optimized 0 net or cell. Created 0 new cell, deleted 0 existing cell and moved 0 existing cell
INFO: [Physopt 32-846] No candidate cells for URAM register optimization found in the design
INFO: [Physopt 32-775] End 1 Pass. Optimized 0 net or cell. Created 0 new cell, deleted 0 existing cell and moved 0 existing cell
INFO: [Physopt 32-846] No candidate cells for URAM register optimization found in the design
INFO: [Physopt 32-775] End 1 Pass. Optimized 0 net or cell. Created 0 new cell, deleted 0 existing cell and moved 0 existing cell
INFO: [Physopt 32-949] No candidate nets found for dynamic/static region interface net replication
INFO: [Physopt 32-775] End 1 Pass. Optimized 0 net or cell. Created 0 new cell, deleted 0 existing cell and moved 0 existing cell
Netlist sorting complete. Time (s): cpu = 00:00:00.1 ; elapsed = 00:00:00.09 . Memory (MB): peak = 12692.512 ; gain = 0.000 ; free physical = 39319 ; free virtual = 54864

Summary of Physical Synthesis Optimizations
============================================


-----------------------------------------------------------------------------------------------------------------------------------------------------------
|  Optimization                                     |  Added Cells  |  Removed Cells  |  Optimized Cells/Nets  |  Dont Touch  |  Iterations  |  Elapsed   |
-----------------------------------------------------------------------------------------------------------------------------------------------------------
|  LUT Combining                                    |            9  |           1270  |                  1279  |           0  |           1  |  00:00:04  |
|  Retime                                           |            0  |              0  |                     0  |           0  |           1  |  00:00:00  |
|  Equivalent Driver Rewiring                       |            0  |              1  |                    35  |           2  |           1  |  00:00:08  |
|  Very High Fanout                                 |           97  |              0  |                     4  |           0  |           1  |  00:00:16  |
|  DSP Register                                     |            0  |              0  |                     0  |           4  |           1  |  00:00:00  |
|  Shift Register to Pipeline                       |            0  |              0  |                     0  |           0  |           1  |  00:00:00  |
|  Shift Register                                   |          105  |              0  |                    15  |           0  |           1  |  00:00:01  |
|  BRAM Register                                    |            0  |              0  |                     0  |         198  |           1  |  00:00:00  |
|  URAM Register                                    |            0  |              0  |                     0  |           0  |           1  |  00:00:00  |
|  Dynamic/Static Region Interface Net Replication  |            0  |              0  |                     0  |           0  |           1  |  00:00:00  |
|  Total                                            |          211  |           1271  |                  1333  |         204  |          10  |  00:00:30  |
-----------------------------------------------------------------------------------------------------------------------------------------------------------


Phase 2.5.2 Physical Synthesis In Placer | Checksum: 2033373e5

Time (s): cpu = 01:02:15 ; elapsed = 00:30:17 . Memory (MB): peak = 12692.512 ; gain = 2795.727 ; free physical = 39331 ; free virtual = 54877
Phase 2.5 Global Placement Core | Checksum: 1961f00d8

Time (s): cpu = 01:06:44 ; elapsed = 00:31:58 . Memory (MB): peak = 12692.512 ; gain = 2795.727 ; free physical = 39319 ; free virtual = 54865
Phase 2 Global Placement | Checksum: 1961f00d8

Time (s): cpu = 01:06:53 ; elapsed = 00:32:06 . Memory (MB): peak = 12692.512 ; gain = 2795.727 ; free physical = 39316 ; free virtual = 54862

Phase 3 Detail Placement

Phase 3.1 Commit Multi Column Macros
Phase 3.1 Commit Multi Column Macros | Checksum: 18399a665

Time (s): cpu = 01:09:05 ; elapsed = 00:32:59 . Memory (MB): peak = 12692.512 ; gain = 2795.727 ; free physical = 39324 ; free virtual = 54870

Phase 3.2 Commit Most Macros & LUTRAMs
Phase 3.2 Commit Most Macros & LUTRAMs | Checksum: 241e290f8

Time (s): cpu = 01:10:17 ; elapsed = 00:33:44 . Memory (MB): peak = 12692.512 ; gain = 2795.727 ; free physical = 39329 ; free virtual = 54875

Phase 3.3 Small Shape DP

Phase 3.3.1 Small Shape Clustering
Phase 3.3.1 Small Shape Clustering | Checksum: 1ed361ba8

Time (s): cpu = 01:15:30 ; elapsed = 00:35:23 . Memory (MB): peak = 12692.512 ; gain = 2795.727 ; free physical = 39331 ; free virtual = 54877

Phase 3.3.2 Slice Area Swap

Phase 3.3.2.1 Slice Area Swap Initial
Phase 3.3.2.1 Slice Area Swap Initial | Checksum: 1917af2d4

Time (s): cpu = 01:16:44 ; elapsed = 00:36:16 . Memory (MB): peak = 12692.512 ; gain = 2795.727 ; free physical = 39334 ; free virtual = 54880
Phase 3.3.2 Slice Area Swap | Checksum: 1ad66e932

Time (s): cpu = 01:17:24 ; elapsed = 00:36:52 . Memory (MB): peak = 12692.512 ; gain = 2795.727 ; free physical = 39332 ; free virtual = 54878
Phase 3.3 Small Shape DP | Checksum: 1dfe7c6ff

Time (s): cpu = 01:18:26 ; elapsed = 00:37:24 . Memory (MB): peak = 12692.512 ; gain = 2795.727 ; free physical = 39330 ; free virtual = 54876

Phase 3.4 Place Remaining
Phase 3.4 Place Remaining | Checksum: 1dfe7c6ff

Time (s): cpu = 01:18:36 ; elapsed = 00:37:34 . Memory (MB): peak = 12692.512 ; gain = 2795.727 ; free physical = 39330 ; free virtual = 54877

Phase 3.5 Re-assign LUT pins
Phase 3.5 Re-assign LUT pins | Checksum: 2705c9a7c

Time (s): cpu = 01:20:21 ; elapsed = 00:38:15 . Memory (MB): peak = 12692.512 ; gain = 2795.727 ; free physical = 39325 ; free virtual = 54871

Phase 3.6 Pipeline Register Optimization
Phase 3.6 Pipeline Register Optimization | Checksum: 2705c9a7c

Time (s): cpu = 01:20:56 ; elapsed = 00:38:50 . Memory (MB): peak = 12692.512 ; gain = 2795.727 ; free physical = 39332 ; free virtual = 54878

Phase 3.7 Fast Optimization
Phase 3.7 Fast Optimization | Checksum: 354c52482

Time (s): cpu = 01:24:50 ; elapsed = 00:39:37 . Memory (MB): peak = 12692.512 ; gain = 2795.727 ; free physical = 39304 ; free virtual = 54850
Phase 3 Detail Placement | Checksum: 354c52482

Time (s): cpu = 01:24:59 ; elapsed = 00:39:46 . Memory (MB): peak = 12692.512 ; gain = 2795.727 ; free physical = 39305 ; free virtual = 54851

Phase 4 Post Placement Optimization and Clean-Up

Phase 4.1 Post Commit Optimization
INFO: [Timing 38-35] Done setting XDC timing constraints.
WARNING: [Place 30-1995] Horizontal BUFCE_ROW programmable delay is capped at 3 for clock net level0_i/blp/blp_i/ss_hif/inst/pcie/inst/bd_39ab_pcie_0_gt_top_i/diablo_gt.diablo_gt_phy_wrapper/phy_clk_i/CLK_USERCLK due to PCIE_GT_DIFF_REGION MAX_SKEW requirements

Phase 4.1.1 Post Placement Optimization
Post Placement Optimization Initialization | Checksum: 1b463101b

Phase 4.1.1.1 BUFG Insertion

Starting Physical Synthesis Task

Phase 1 Physical Synthesis Initialization
INFO: [Physopt 32-721] Multithreading enabled for phys_opt_design using a maximum of 8 CPUs
INFO: [Physopt 32-619] Estimated Timing Summary | WNS=0.004 | TNS=0.000 |
Phase 1 Physical Synthesis Initialization | Checksum: 1d7b1c347

Time (s): cpu = 00:00:37 ; elapsed = 00:00:10 . Memory (MB): peak = 12692.512 ; gain = 0.000 ; free physical = 39317 ; free virtual = 54863
INFO: [Place 46-35] Processed net level0_i/ulp/rtga_kernel_1/inst/control_s_axi_U/SR[0], inserted BUFG to drive 2305 loads.
INFO: [Place 46-34] Processed net level0_i/ulp/rtga_kernel_1/inst/grp_rtga_kernel_Pipeline_rtga_tau_groups_fu_3444/mac_muladd_16s_16s_32s_32_4_1_U473/rtga_kernel_mac_muladd_16s_16s_32s_32_4_1_DSP48_0_U/CEA1, BUFG insertion was skipped due to possible timing degradation.
INFO: [Place 46-34] Processed net level0_i/ulp/rtga_kernel_1/inst/grp_rtga_kernel_Pipeline_rtga_temporal_tree_construction_fu_3120/or_ln183_reg_3062_pp0_iter23_reg_reg[0]__0_0[0], BUFG insertion was skipped due to possible timing degradation.
INFO: [Place 46-35] Processed net level0_i/ulp/rtga_kernel_1/inst/grp_rtga_kernel_Pipeline_rtga_tau_groups_fu_3444/ap_CS_fsm_pp0_stage2, inserted BUFG to drive 1833 loads.
INFO: [Place 46-45] Replicated bufg driver level0_i/ulp/rtga_kernel_1/inst/grp_rtga_kernel_Pipeline_rtga_tau_groups_fu_3444/ap_CS_fsm_reg[2]_replica
INFO: [Place 46-34] Processed net level0_i/ulp/rtga_kernel_1/inst/grp_rtga_kernel_Pipeline_rtga_temporal_aware_cache_fu_3200/udiv_32ns_13ns_32_36_1_U126/rtga_kernel_udiv_32ns_13ns_32_36_1_divider_u/grp_fu_5318_ce, BUFG insertion was skipped due to possible timing degradation.
INFO: [Place 46-35] Processed net level0_i/ulp/rtga_kernel_1/inst/ap_CS_fsm_state271, inserted BUFG to drive 1347 loads.
INFO: [Place 46-45] Replicated bufg driver level0_i/ulp/rtga_kernel_1/inst/ap_CS_fsm_reg[270]_replica
INFO: [Place 46-35] Processed net level0_i/ulp/rtga_kernel_1/inst/grp_rtga_kernel_Pipeline_rtga_temporal_aware_cache_fu_3200/cache_hits_1_loc_fu_6600, inserted BUFG to drive 1093 loads.
INFO: [Place 46-35] Processed net level0_i/ulp/ulp_ucs/inst/aclk_hbm_hierarchy/clkwiz_hbm/inst/AXI_LITE_IPIF_I/I_SLAVE_ATTACHMENT/rst_reg_0, inserted BUFG to drive 1087 loads.
INFO: [Place 46-35] Processed net level0_i/ulp/ulp_ucs/inst/aclk_kernel_00_hierarchy/clkwiz_aclk_kernel_00/inst/AXI_LITE_IPIF_I/I_SLAVE_ATTACHMENT/rst_reg_0, inserted BUFG to drive 1087 loads.
INFO: [Place 46-35] Processed net level0_i/ulp/ulp_ucs/inst/aclk_kernel_01_hierarchy/clkwiz_aclk_kernel_01/inst/AXI_LITE_IPIF_I/I_SLAVE_ATTACHMENT/rst_reg_0, inserted BUFG to drive 1087 loads.
INFO: [Place 46-56] BUFG insertion identified 10 candidate nets. Inserted BUFG: 7, Replicated BUFG Driver: 2, Skipped due to Placement/Routing Conflicts: 0, Skipped due to Timing Degradation: 3, Skipped due to netlist editing failed: 0.
Ending Physical Synthesis Task | Checksum: 2213e4ca6

Time (s): cpu = 00:01:27 ; elapsed = 00:00:51 . Memory (MB): peak = 12692.512 ; gain = 0.000 ; free physical = 39304 ; free virtual = 54851
Phase 4.1.1.1 BUFG Insertion | Checksum: 21172cb2e

Time (s): cpu = 01:33:43 ; elapsed = 00:43:05 . Memory (MB): peak = 12692.512 ; gain = 2795.727 ; free physical = 39302 ; free virtual = 54849

Phase 4.1.1.2 BUFG Replication
INFO: [Place 46-63] BUFG replication identified 0 candidate nets: Replicated nets: 0, Replicated BUFGs: 0, Replicated BUFG Driver: 0, moved BUFGs: 0, Skipped due to Placement / Routing Conflict: 0, Skipped due to Timing: 0, Skipped due to constraints: 0
Phase 4.1.1.2 BUFG Replication | Checksum: 21172cb2e

Time (s): cpu = 01:33:52 ; elapsed = 00:43:15 . Memory (MB): peak = 12692.512 ; gain = 2795.727 ; free physical = 39302 ; free virtual = 54848

Phase 4.1.1.3 Post Placement Timing Optimization
INFO: [Place 30-746] Post Placement Timing Summary WNS=0.004. For the most accurate timing information please run report_timing.
Phase 4.1.1.3 Post Placement Timing Optimization | Checksum: 2665bdc05

Time (s): cpu = 01:36:03 ; elapsed = 00:45:23 . Memory (MB): peak = 12692.512 ; gain = 2795.727 ; free physical = 39318 ; free virtual = 54864

Phase 4.1.1.4 Replication
INFO: [Place 46-19] Post Replication Timing Summary WNS=0.004. For the most accurate timing information please run report_timing.
Phase 4.1.1.4 Replication | Checksum: 2665bdc05

Time (s): cpu = 01:36:15 ; elapsed = 00:45:35 . Memory (MB): peak = 12692.512 ; gain = 2795.727 ; free physical = 39315 ; free virtual = 54862

Time (s): cpu = 01:36:15 ; elapsed = 00:45:35 . Memory (MB): peak = 12692.512 ; gain = 2795.727 ; free physical = 39315 ; free virtual = 54862
Phase 4.1 Post Commit Optimization | Checksum: 2665bdc05

Time (s): cpu = 01:36:24 ; elapsed = 00:45:45 . Memory (MB): peak = 12692.512 ; gain = 2795.727 ; free physical = 39320 ; free virtual = 54867
WARNING: [Place 30-1995] Horizontal BUFCE_ROW programmable delay is capped at 3 for clock net level0_i/blp/blp_i/ss_hif/inst/pcie/inst/bd_39ab_pcie_0_gt_top_i/diablo_gt.diablo_gt_phy_wrapper/phy_clk_i/CLK_USERCLK due to PCIE_GT_DIFF_REGION MAX_SKEW requirements
Netlist sorting complete. Time (s): cpu = 00:00:00.68 ; elapsed = 00:00:00.68 . Memory (MB): peak = 12736.512 ; gain = 0.000 ; free physical = 39269 ; free virtual = 54816

Phase 4.2 Post Placement Cleanup
Phase 4.2 Post Placement Cleanup | Checksum: 272b37582

Time (s): cpu = 01:39:07 ; elapsed = 00:47:13 . Memory (MB): peak = 12736.512 ; gain = 2839.727 ; free physical = 39272 ; free virtual = 54818

Phase 4.3 Placer Reporting

Phase 4.3.1 Print Estimated Congestion
INFO: [Place 30-612] Post-Placement Estimated Congestion 
 ________________________________________________________________________
|           | Global Congestion | Long Congestion   | Short Congestion  |
| Direction | Region Size       | Region Size       | Region Size       |
|___________|___________________|___________________|___________________|
|      North|              16x16|              16x16|              16x16|
|___________|___________________|___________________|___________________|
|      South|              16x16|              32x32|              16x16|
|___________|___________________|___________________|___________________|
|       East|                4x4|                1x1|              32x32|
|___________|___________________|___________________|___________________|
|       West|                8x8|                2x2|              16x16|
|___________|___________________|___________________|___________________|

SLR0:
 ________________________________________________________________________
|           | Global Congestion | Long Congestion   | Short Congestion  |
| Direction | Region Size       | Region Size       | Region Size       |
|___________|___________________|___________________|___________________|
|      North|              16x16|              16x16|              16x16|
|___________|___________________|___________________|___________________|
|      South|              16x16|              16x16|              16x16|
|___________|___________________|___________________|___________________|
|       East|                4x4|                1x1|              32x32|
|___________|___________________|___________________|___________________|
|       West|                8x8|                2x2|              16x16|
|___________|___________________|___________________|___________________|

SLR1:
 ________________________________________________________________________
|           | Global Congestion | Long Congestion   | Short Congestion  |
| Direction | Region Size       | Region Size       | Region Size       |
|___________|___________________|___________________|___________________|
|      North|              16x16|              16x16|              16x16|
|___________|___________________|___________________|___________________|
|      South|              16x16|              32x32|              16x16|
|___________|___________________|___________________|___________________|
|       East|                4x4|                1x1|              16x16|
|___________|___________________|___________________|___________________|
|       West|                8x8|                1x1|              16x16|
|___________|___________________|___________________|___________________|

SLR2:
 ________________________________________________________________________
|           | Global Congestion | Long Congestion   | Short Congestion  |
| Direction | Region Size       | Region Size       | Region Size       |
|___________|___________________|___________________|___________________|
|      North|                2x2|                1x1|                4x4|
|___________|___________________|___________________|___________________|
|      South|                1x1|                2x2|                2x2|
|___________|___________________|___________________|___________________|
|       East|                1x1|                1x1|                1x1|
|___________|___________________|___________________|___________________|
|       West|                1x1|                1x1|                8x8|
|___________|___________________|___________________|___________________|

Phase 4.3.1 Print Estimated Congestion | Checksum: 272b37582

Time (s): cpu = 01:39:16 ; elapsed = 00:47:23 . Memory (MB): peak = 12736.512 ; gain = 2839.727 ; free physical = 39271 ; free virtual = 54818
Phase 4.3 Placer Reporting | Checksum: 272b37582

Time (s): cpu = 01:39:25 ; elapsed = 00:47:31 . Memory (MB): peak = 12736.512 ; gain = 2839.727 ; free physical = 39270 ; free virtual = 54816

Phase 4.4 Final Placement Cleanup
Netlist sorting complete. Time (s): cpu = 00:00:00.09 ; elapsed = 00:00:00.09 . Memory (MB): peak = 12736.512 ; gain = 0.000 ; free physical = 39269 ; free virtual = 54816

Time (s): cpu = 01:39:25 ; elapsed = 00:47:31 . Memory (MB): peak = 12736.512 ; gain = 2839.727 ; free physical = 39269 ; free virtual = 54816
Phase 4 Post Placement Optimization and Clean-Up | Checksum: 28d30a78f

Time (s): cpu = 01:39:34 ; elapsed = 00:47:40 . Memory (MB): peak = 12736.512 ; gain = 2839.727 ; free physical = 39275 ; free virtual = 54821
Ending Placer Task | Checksum: 1b018f17b

Time (s): cpu = 01:39:43 ; elapsed = 00:47:49 . Memory (MB): peak = 12736.512 ; gain = 2839.727 ; free physical = 39276 ; free virtual = 54822
263 Infos, 448 Warnings, 1 Critical Warnings and 0 Errors encountered.
place_design completed successfully
place_design: Time (s): cpu = 01:41:40 ; elapsed = 00:48:38 . Memory (MB): peak = 12736.512 ; gain = 2871.742 ; free physical = 39274 ; free virtual = 54821
source /home/ae_reviewer/TempGNN/build/baselines/rtga_timingfix_v3_hw/_x/link/vivado/vpl/scripts/impl_1/_full_place_post.tcl
report_accelerator_utilization: Time (s): cpu = 00:00:19 ; elapsed = 00:00:20 . Memory (MB): peak = 12736.512 ; gain = 0.000 ; free physical = 39271 ; free virtual = 54818
INFO: System Diagram: Run step: placed

report_utilization: Time (s): cpu = 00:00:45 ; elapsed = 00:00:46 . Memory (MB): peak = 12736.512 ; gain = 0.000 ; free physical = 39273 ; free virtual = 54820
report_utilization: Time (s): cpu = 00:00:30 ; elapsed = 00:00:31 . Memory (MB): peak = 12736.512 ; gain = 0.000 ; free physical = 39267 ; free virtual = 54814
Command: phys_opt_design
Attempting to get a license for feature 'Implementation' and/or device 'xcu280'
INFO: [Common 17-349] Got license for feature 'Implementation' and/or device 'xcu280'

Starting Initial Update Timing Task
WARNING: [Timing 38-172] LUT was found on clock network. Both rising/falling clock edges are propagated from LUT output pin. Use set_clock_sense to specify if that clock should be inverted or not. e.g. set_clock_sense -positive/-negative level0_i/blp/blp_i/ss_cmp/inst/mgmt_debug_bridge/inst/bs_mux/inst/update_INST_0/O

Time (s): cpu = 00:04:13 ; elapsed = 00:00:52 . Memory (MB): peak = 12736.512 ; gain = 0.000 ; free physical = 39257 ; free virtual = 54804
INFO: [Vivado_Tcl 4-383] Design worst setup slack (WNS) is greater than or equal to 0.000 ns. Skipping all physical synthesis optimizations.
INFO: [Vivado_Tcl 4-232] No setup violation found. The netlist was not modified.
INFO: [Common 17-83] Releasing license: Implementation
267 Infos, 449 Warnings, 1 Critical Warnings and 0 Errors encountered.
phys_opt_design completed successfully
phys_opt_design: Time (s): cpu = 00:04:57 ; elapsed = 00:01:14 . Memory (MB): peak = 12736.512 ; gain = 0.000 ; free physical = 39257 ; free virtual = 54804
Command: route_design
Attempting to get a license for feature 'Implementation' and/or device 'xcu280'
INFO: [Common 17-349] Got license for feature 'Implementation' and/or device 'xcu280'
Running DRC as a precondition to command route_design
INFO: [DRC 23-27] Running DRC with 8 threads
INFO: [Vivado_Tcl 4-198] DRC finished with 0 Errors
INFO: [Vivado_Tcl 4-199] Please refer to the DRC report (report_drc) for more information.


Starting Routing Task
INFO: [Route 35-254] Multithreading enabled for route_design using a maximum of 8 CPUs

Phase 1 Build RT Design
Checksum: PlaceDB: c87bd26f ConstDB: 0 ShapeSum: 3e3e9a0e RouteDB: a95e84fe
Nodegraph reading from file.  Time (s): cpu = 00:00:03 ; elapsed = 00:00:03 . Memory (MB): peak = 12736.512 ; gain = 0.000 ; free physical = 39282 ; free virtual = 54829
Post Restoration Checksum: NetGraph: 2fc6760d | NumContArr: 5d9d916c | Constraints: 938c9665 | Timing: c2a8fa9d
Phase 1 Build RT Design | Checksum: 1e399987b

Time (s): cpu = 00:06:48 ; elapsed = 00:02:03 . Memory (MB): peak = 12736.512 ; gain = 0.000 ; free physical = 39282 ; free virtual = 54829

Phase 2 Router Initialization

Phase 2.1 Fix Topology Constraints
Phase 2.1 Fix Topology Constraints | Checksum: 1e399987b

Time (s): cpu = 00:07:01 ; elapsed = 00:02:06 . Memory (MB): peak = 12736.512 ; gain = 0.000 ; free physical = 39282 ; free virtual = 54829

Phase 2.2 Pre Route Cleanup
Phase 2.2 Pre Route Cleanup | Checksum: 1e399987b

Time (s): cpu = 00:07:13 ; elapsed = 00:02:09 . Memory (MB): peak = 12736.512 ; gain = 0.000 ; free physical = 39282 ; free virtual = 54829
INFO: [Route 35-445] Local routing congestion detected. At least 423 CLBs have high pin utilization, which can impact runtime and timing closure. Top ten contiguous CLBs with high pin utilization are:
	(642 252) -> (642 256)	[CLEL_L_X127Y477 -> CLEL_L_X127Y473]
	(639 272) -> (639 273)	[CLEM_X126Y457 -> CLEM_X126Y456]
	(639 349) -> (639 350)	[CLEM_X126Y383 -> CLEM_X126Y382]
	(641 256) -> (641 257)	[CLEL_R_X126Y473 -> CLEL_R_X126Y472]
	(641 473) -> (641 474)	[CLEL_R_X126Y263 -> CLEL_R_X126Y262]

Phase 2.3 Global Clock Net Routing
 Number of Nodes with overlaps = 0
Phase 2.3 Global Clock Net Routing | Checksum: 1bd99e8e9

Time (s): cpu = 00:08:16 ; elapsed = 00:02:45 . Memory (MB): peak = 12835.996 ; gain = 99.484 ; free physical = 39131 ; free virtual = 54678

Phase 2.4 Update Timing
Phase 2.4 Update Timing | Checksum: 11d293e3a

Time (s): cpu = 00:11:38 ; elapsed = 00:03:49 . Memory (MB): peak = 12835.996 ; gain = 99.484 ; free physical = 39128 ; free virtual = 54675
INFO: [Route 35-416] Intermediate Timing Summary | WNS=0.015  | TNS=0.000  | WHS=-0.083 | THS=-19.731|


Phase 2.5 Update Timing for Bus Skew

Phase 2.5.1 Update Timing
Phase 2.5.1 Update Timing | Checksum: 179330cb9

Time (s): cpu = 00:17:49 ; elapsed = 00:05:28 . Memory (MB): peak = 12835.996 ; gain = 99.484 ; free physical = 39113 ; free virtual = 54660
INFO: [Route 35-416] Intermediate Timing Summary | WNS=0.015  | TNS=0.000  | WHS=N/A    | THS=N/A    |

Phase 2.5 Update Timing for Bus Skew | Checksum: e0017b81

Time (s): cpu = 00:18:05 ; elapsed = 00:05:36 . Memory (MB): peak = 12835.996 ; gain = 99.484 ; free physical = 39121 ; free virtual = 54668
INFO: [Route 35-445] Local routing congestion detected. At least 423 CLBs have high pin utilization, which can impact runtime and timing closure. Top ten contiguous CLBs with high pin utilization are:
	(642 252) -> (642 256)	[CLEL_L_X127Y477 -> CLEL_L_X127Y473]
	(639 272) -> (639 273)	[CLEM_X126Y457 -> CLEM_X126Y456]
	(639 349) -> (639 350)	[CLEM_X126Y383 -> CLEM_X126Y382]
	(641 256) -> (641 257)	[CLEL_R_X126Y473 -> CLEL_R_X126Y472]
	(641 473) -> (641 474)	[CLEL_R_X126Y263 -> CLEL_R_X126Y262]

Router Utilization Summary
  Global Vertical Routing Utilization    = 0.00089023 %
  Global Horizontal Routing Utilization  = 0.000235497 %
  Routable Net Status*
  *Does not include unroutable nets such as driverless and loadless.
  Run report_route_status for detailed report.
  Number of Failed Nets               = 148848
    (Failed Nets is the sum of unrouted and partially routed nets)
  Number of Unrouted Nets             = 135400
  Number of Partially Routed Nets     = 13448
  Number of Node Overlaps             = 4

Phase 2 Router Initialization | Checksum: 1904cc572

Time (s): cpu = 00:18:38 ; elapsed = 00:05:45 . Memory (MB): peak = 12868.871 ; gain = 132.359 ; free physical = 39074 ; free virtual = 54622

Phase 3 Initial Routing

Phase 3.1 Global Routing
Phase 3.1 Global Routing | Checksum: 1904cc572

Time (s): cpu = 00:18:48 ; elapsed = 00:05:47 . Memory (MB): peak = 12868.871 ; gain = 132.359 ; free physical = 39074 ; free virtual = 54622

Phase 3.2 Initial Net Routing
WARNING: [Route 35-3387] High violations detected on bus-skew constraints. This can potentially cause WNS degradation and routing congestion.
Resolution: Please review the set_bus_skew constraints.
Phase 3.2 Initial Net Routing | Checksum: 233e9b706

Time (s): cpu = 00:20:58 ; elapsed = 00:06:37 . Memory (MB): peak = 12868.871 ; gain = 132.359 ; free physical = 39073 ; free virtual = 54621
Phase 3 Initial Routing | Checksum: 2d6ee267a

Time (s): cpu = 00:21:20 ; elapsed = 00:06:41 . Memory (MB): peak = 12868.871 ; gain = 132.359 ; free physical = 39072 ; free virtual = 54619

INFO: [Route 35-449] Initial Estimated Congestion
 ________________________________________________________________________
|           | Global Congestion | Long Congestion   | Short Congestion  |
|           |___________________|___________________|___________________|
| Direction | Size   | % Tiles  | Size   | % Tiles  | Size   | % Tiles  |
|___________|________|__________|________|__________|________|__________|
|      NORTH|     8x8|      0.15|     4x4|      0.21|   16x16|      0.28|
|___________|________|__________|________|__________|________|__________|
|      SOUTH|     4x4|      0.08|     4x4|      0.26|     8x8|      0.18|
|___________|________|__________|________|__________|________|__________|
|       EAST|     4x4|      0.09|     4x4|      0.06|   16x16|      0.45|
|___________|________|__________|________|__________|________|__________|
|       WEST|     8x8|      0.14|     4x4|      0.07|   16x16|      0.55|
|___________|________|__________|________|__________|________|__________|
Congestion Report
SHORT Congestion bounded by tiles (Lower Left Tile -> Upper Right Tile):
NORTH
	INT_X56Y8->INT_X63Y23 (BRAM_X56Y5->CLEL_R_X63Y23)
	INT_X56Y16->INT_X63Y23 (BRAM_X56Y15->CLEL_R_X63Y23)
	INT_X56Y8->INT_X63Y15 (BRAM_X56Y5->CLEL_R_X63Y15)
	INT_X56Y15->INT_X63Y22 (BRAM_X56Y15->CLEL_R_X63Y22)
	INT_X56Y7->INT_X63Y14 (BRAM_X56Y5->CLEL_R_X63Y14)
EAST
	INT_X48Y0->INT_X63Y23 (CLEM_X48Y0->CLEL_R_X63Y23)
	INT_X56Y8->INT_X63Y15 (BRAM_X56Y5->CLEL_R_X63Y15)
	INT_X32Y0->INT_X39Y6 (CLEM_X32Y0->BLI_BLI_FT_X39Y0)
	INT_X56Y15->INT_X63Y22 (BRAM_X56Y15->CLEL_R_X63Y22)
	INT_X56Y7->INT_X63Y14 (BRAM_X56Y5->CLEL_R_X63Y14)
WEST
	INT_X48Y4->INT_X63Y19 (CLEM_X48Y4->CLEL_R_X63Y19)
	INT_X16Y0->INT_X31Y14 (CLEL_L_X16Y0->CLEL_R_X31Y14)
	INT_X16Y0->INT_X31Y13 (CLEL_L_X16Y0->CLEL_R_X31Y13)
	INT_X16Y0->INT_X31Y12 (CLEL_L_X16Y0->CLEL_R_X31Y12)

Phase 4 Rip-up And Reroute

Phase 4.1 Global Iteration 0
 Number of Nodes with overlaps = 33289
 Number of Nodes with overlaps = 5212
 Number of Nodes with overlaps = 1262
 Number of Nodes with overlaps = 430
 Number of Nodes with overlaps = 212
 Number of Nodes with overlaps = 146
 Number of Nodes with overlaps = 83
 Number of Nodes with overlaps = 65
 Number of Nodes with overlaps = 53
 Number of Nodes with overlaps = 36
 Number of Nodes with overlaps = 27
 Number of Nodes with overlaps = 20
 Number of Nodes with overlaps = 20
 Number of Nodes with overlaps = 16
 Number of Nodes with overlaps = 22
 Number of Nodes with overlaps = 11
 Number of Nodes with overlaps = 7
 Number of Nodes with overlaps = 4
 Number of Nodes with overlaps = 3
 Number of Nodes with overlaps = 1
INFO: [Route 35-443] CLB routing congestion detected. Several CLBs have high routing utilization, which can impact timing closure. Congested CLBs and Nets are dumped in: iter_100_CongestedCLBsAndNets.txt
 Number of Nodes with overlaps = 1
 Number of Nodes with overlaps = 2
 Number of Nodes with overlaps = 1
 Number of Nodes with overlaps = 0
INFO: [Route 35-416] Intermediate Timing Summary | WNS=0.016  | TNS=0.000  | WHS=-0.135 | THS=-27.783|

Phase 4.1 Global Iteration 0 | Checksum: 27cbae9bf

Time (s): cpu = 01:02:30 ; elapsed = 00:22:59 . Memory (MB): peak = 12868.871 ; gain = 132.359 ; free physical = 39114 ; free virtual = 54662

Phase 4.2 Global Iteration 1
 Number of Nodes with overlaps = 1
 Number of Nodes with overlaps = 0
INFO: [Route 35-416] Intermediate Timing Summary | WNS=0.002  | TNS=0.000  | WHS=N/A    | THS=N/A    |

Phase 4.2 Global Iteration 1 | Checksum: 1af317d16

Time (s): cpu = 01:04:29 ; elapsed = 00:23:28 . Memory (MB): peak = 12868.871 ; gain = 132.359 ; free physical = 39115 ; free virtual = 54663

Phase 4.3 Global Iteration 2
 Number of Nodes with overlaps = 242
 Number of Nodes with overlaps = 87
 Number of Nodes with overlaps = 42
 Number of Nodes with overlaps = 21
 Number of Nodes with overlaps = 18
 Number of Nodes with overlaps = 18
 Number of Nodes with overlaps = 12
 Number of Nodes with overlaps = 5
 Number of Nodes with overlaps = 5
 Number of Nodes with overlaps = 2
 Number of Nodes with overlaps = 1
 Number of Nodes with overlaps = 2
 Number of Nodes with overlaps = 2
 Number of Nodes with overlaps = 3
 Number of Nodes with overlaps = 1
 Number of Nodes with overlaps = 0
INFO: [Route 35-416] Intermediate Timing Summary | WNS=0.002  | TNS=0.000  | WHS=N/A    | THS=N/A    |

Phase 4.3 Global Iteration 2 | Checksum: 1132112c3

Time (s): cpu = 01:09:26 ; elapsed = 00:26:25 . Memory (MB): peak = 12868.871 ; gain = 132.359 ; free physical = 39140 ; free virtual = 54688
Phase 4 Rip-up And Reroute | Checksum: 1132112c3

Time (s): cpu = 01:09:36 ; elapsed = 00:26:27 . Memory (MB): peak = 12868.871 ; gain = 132.359 ; free physical = 39140 ; free virtual = 54688

Phase 5 Delay and Skew Optimization

Phase 5.1 Delay CleanUp

Phase 5.1.1 Update Timing
Phase 5.1.1 Update Timing | Checksum: 11e2b3ae3

Time (s): cpu = 01:12:17 ; elapsed = 00:27:02 . Memory (MB): peak = 12868.871 ; gain = 132.359 ; free physical = 39130 ; free virtual = 54679
INFO: [Route 35-416] Intermediate Timing Summary | WNS=0.002  | TNS=0.000  | WHS=0.003  | THS=0.000  |


Phase 5.1.2 Update Timing
Phase 5.1.2 Update Timing | Checksum: cb3a89ff

Time (s): cpu = 01:14:18 ; elapsed = 00:27:32 . Memory (MB): peak = 12868.871 ; gain = 132.359 ; free physical = 39129 ; free virtual = 54677
INFO: [Route 35-416] Intermediate Timing Summary | WNS=0.002  | TNS=0.000  | WHS=0.003  | THS=0.000  |

Phase 5.1 Delay CleanUp | Checksum: 16a41f4ac

Time (s): cpu = 01:14:29 ; elapsed = 00:27:34 . Memory (MB): peak = 12868.871 ; gain = 132.359 ; free physical = 39129 ; free virtual = 54678

Phase 5.2 Clock Skew Optimization
Phase 5.2 Clock Skew Optimization | Checksum: 16a41f4ac

Time (s): cpu = 01:14:39 ; elapsed = 00:27:36 . Memory (MB): peak = 12868.871 ; gain = 132.359 ; free physical = 39129 ; free virtual = 54677
Phase 5 Delay and Skew Optimization | Checksum: 16a41f4ac

Time (s): cpu = 01:14:49 ; elapsed = 00:27:38 . Memory (MB): peak = 12868.871 ; gain = 132.359 ; free physical = 39129 ; free virtual = 54677

Phase 6 Post Hold Fix

Phase 6.1 Hold Fix Iter

Phase 6.1.1 Update Timing
Phase 6.1.1 Update Timing | Checksum: 137874cfa

Time (s): cpu = 01:16:57 ; elapsed = 00:28:09 . Memory (MB): peak = 12868.871 ; gain = 132.359 ; free physical = 39138 ; free virtual = 54687
INFO: [Route 35-416] Intermediate Timing Summary | WNS=0.002  | TNS=0.000  | WHS=0.003  | THS=0.000  |

Phase 6.1 Hold Fix Iter | Checksum: e21a78d1

Time (s): cpu = 01:17:07 ; elapsed = 00:28:11 . Memory (MB): peak = 12868.871 ; gain = 132.359 ; free physical = 39138 ; free virtual = 54686
Phase 6 Post Hold Fix | Checksum: e21a78d1

Time (s): cpu = 01:17:17 ; elapsed = 00:28:13 . Memory (MB): peak = 12868.871 ; gain = 132.359 ; free physical = 39138 ; free virtual = 54687

Phase 7 Leaf Clock Prog Delay Opt
Phase 7 Leaf Clock Prog Delay Opt | Checksum: 17ab766d6

Time (s): cpu = 01:20:03 ; elapsed = 00:28:49 . Memory (MB): peak = 12868.871 ; gain = 132.359 ; free physical = 39132 ; free virtual = 54680

Phase 8 Route finalize

Router Utilization Summary
  Global Vertical Routing Utilization    = 2.67287 %
  Global Horizontal Routing Utilization  = 2.61167 %
  Routable Net Status*
  *Does not include unroutable nets such as driverless and loadless.
  Run report_route_status for detailed report.
  Number of Failed Nets               = 0
    (Failed Nets is the sum of unrouted and partially routed nets)
  Number of Unrouted Nets             = 0
  Number of Partially Routed Nets     = 0
  Number of Node Overlaps             = 0

Phase 8 Route finalize | Checksum: 17ab766d6

Time (s): cpu = 01:20:32 ; elapsed = 00:28:55 . Memory (MB): peak = 12868.871 ; gain = 132.359 ; free physical = 39129 ; free virtual = 54678

Phase 9 Verifying routed nets

 Verification completed successfully
Phase 9 Verifying routed nets | Checksum: 17ab766d6

Time (s): cpu = 01:20:43 ; elapsed = 00:28:58 . Memory (MB): peak = 12868.871 ; gain = 132.359 ; free physical = 39128 ; free virtual = 54676

Phase 10 Depositing Routes
Phase 10 Depositing Routes | Checksum: 17ab766d6

Time (s): cpu = 01:21:46 ; elapsed = 00:29:36 . Memory (MB): peak = 12868.871 ; gain = 132.359 ; free physical = 39136 ; free virtual = 54684

Phase 11 Resolve XTalk
Phase 11 Resolve XTalk | Checksum: 17ab766d6

Time (s): cpu = 01:21:58 ; elapsed = 00:29:40 . Memory (MB): peak = 12868.871 ; gain = 132.359 ; free physical = 39135 ; free virtual = 54683

Phase 12 Post Router Timing
INFO: [Route 35-57] Estimated Timing Summary | WNS=0.002  | TNS=0.000  | WHS=0.003  | THS=0.000  |

INFO: [Route 35-327] The final timing numbers are based on the router estimated timing analysis. For a complete and accurate timing signoff, please run report_timing_summary.
Phase 12 Post Router Timing | Checksum: 17ab766d6

Time (s): cpu = 01:23:10 ; elapsed = 00:29:52 . Memory (MB): peak = 12868.871 ; gain = 132.359 ; free physical = 39136 ; free virtual = 54684
INFO: [Route 35-16] Router Completed Successfully

Phase 13 Post-Route Event Processing
Phase 13 Post-Route Event Processing | Checksum: 10659e49f

Time (s): cpu = 01:24:50 ; elapsed = 00:30:56 . Memory (MB): peak = 12892.883 ; gain = 156.371 ; free physical = 39147 ; free virtual = 54696
Ending Routing Task | Checksum: 10659e49f

Time (s): cpu = 01:25:02 ; elapsed = 00:31:08 . Memory (MB): peak = 12892.883 ; gain = 156.371 ; free physical = 39149 ; free virtual = 54697

Routing Is Done.
INFO: [Common 17-83] Releasing license: Implementation
288 Infos, 450 Warnings, 1 Critical Warnings and 0 Errors encountered.
route_design completed successfully
route_design: Time (s): cpu = 01:27:21 ; elapsed = 00:32:19 . Memory (MB): peak = 12892.883 ; gain = 156.371 ; free physical = 39147 ; free virtual = 54696
INFO: [runtcl-4] Executing : report_timing_summary -max_paths 10 -file hw_bb_locked_timing_summary_routed.rpt -pb hw_bb_locked_timing_summary_routed.pb -rpx hw_bb_locked_timing_summary_routed.rpx -warn_on_violation 
INFO: [Timing 38-91] UpdateTimingParams: Speed grade: -2L, Temperature grade: E, Delay Type: min_max.
INFO: [Timing 38-191] Multithreading enabled for timing update using a maximum of 8 CPUs
WARNING: [Timing 38-172] LUT was found on clock network. Both rising/falling clock edges are propagated from LUT output pin. Use set_clock_sense to specify if that clock should be inverted or not. e.g. set_clock_sense -positive/-negative level0_i/blp/blp_i/ss_cmp/inst/mgmt_debug_bridge/inst/bs_mux/inst/update_INST_0/O
WARNING: [Timing 38-436] There are set_bus_skew constraint(s) in this design. Please run report_bus_skew to ensure that bus skew requirements are met.
report_timing_summary: Time (s): cpu = 00:04:22 ; elapsed = 00:00:52 . Memory (MB): peak = 12892.883 ; gain = 0.000 ; free physical = 39059 ; free virtual = 54638
source /home/ae_reviewer/TempGNN/build/baselines/rtga_timingfix_v3_hw/_x/link/vivado/vpl/scripts/impl_1/_full_route_post.tcl
report_accelerator_utilization: Time (s): cpu = 00:00:27 ; elapsed = 00:00:28 . Memory (MB): peak = 12892.883 ; gain = 0.000 ; free physical = 39050 ; free virtual = 54628
INFO: System Diagram: Run step: routed

report_utilization: Time (s): cpu = 00:00:51 ; elapsed = 00:00:52 . Memory (MB): peak = 12892.883 ; gain = 0.000 ; free physical = 39054 ; free virtual = 54633
report_utilization: Time (s): cpu = 00:00:33 ; elapsed = 00:00:33 . Memory (MB): peak = 12892.883 ; gain = 0.000 ; free physical = 39053 ; free virtual = 54632
get_utilization: Time (s): cpu = 00:00:29 ; elapsed = 00:00:29 . Memory (MB): peak = 12892.883 ; gain = 0.000 ; free physical = 39055 ; free virtual = 54634
get_cells: Time (s): cpu = 00:00:13 ; elapsed = 00:00:13 . Memory (MB): peak = 12892.883 ; gain = 0.000 ; free physical = 39059 ; free virtual = 54638
WARNING: Unable to find metadata file: /home/ae_reviewer/TempGNN/build/baselines/rtga_timingfix_v3_hw/_x/link/int/debug_ip_layout.rtd
Command: report_power
Running Vector-less Activity Propagation...

Finished Running Vector-less Activity Propagation
WARNING: [Power 33-404] DATARATE_xx properties have zero value for HBM Instance level0_i/ulp/hmss_0/inst/hbm_inst/inst/ONE_STACK.u_hbm_top/ONE_STACK_HBM.hbm_one_stack_intf. Please ensure correct values are entered for DATARATE to do an accurate power analysis.
WARNING: [Power 33-332] Found switching activity that implies high-fanout reset nets being asserted for excessive periods of time which may result in inaccurate power analysis.
Resolution: To review and fix problems, please run Power Constraints Advisor in the GUI from Tools > Power Constraints Advisor or run report_power with the -advisory option to generate a text report.
Copyright 1986-2022 Xilinx, Inc. All Rights Reserved. Copyright 2022-2023 Advanced Micro Devices, Inc. All Rights Reserved.
-------------------------------------------------------------------------------------------------------------------------------------------------
| Tool Version     : Vivado v.2023.2 (lin64) Build 4029153 Fri Oct 13 20:13:54 MDT 2023
| Date             : Wed Jul 15 09:50:15 2026
| Host             : u280-ae-host running 64-bit Ubuntu 22.04.5 LTS
| Command          : report_power
| Design           : level0_wrapper
| Device           : xcu280-fsvh2892-2L-e
| Design State     : routed
| Grade            : extended
| Process          : typical
| Characterization : Production
-------------------------------------------------------------------------------------------------------------------------------------------------

Power Report

Table of Contents
-----------------
1. Summary
1.1 On-Chip Components
1.2 Power Supply Summary
1.3 Confidence Level
2. Settings
2.1 Environment
2.2 Clock Constraints
3. Detailed Reports
3.1 By Hierarchy

1. Summary
----------

+--------------------------+---------------+
| Total On-Chip Power (W)  | 27.835        |
|   FPGA Power (W)         | 23.253        |
|   HBM Power (W)          | 4.583         |
| Design Power Budget (W)  | 160.000       |
| Power Budget Margin (W)  | 132.165 (MET) |
| Dynamic (W)              | 19.429        |
| Device Static (W)        | 8.406         |
| Effective TJA (C/W)      | 0.8           |
| Max Ambient (C)          | 79.1          |
| Junction Temperature (C) | 75.9          |
| Confidence Level         | Low           |
| Setting File             | ---           |
| Simulation Activity File | ---           |
| Design Nets Matched      | NA            |
+--------------------------+---------------+


1.1 On-Chip Components
----------------------

+--------------------------+-----------+----------+-----------+-----------------+
| On-Chip                  | Power (W) | Used     | Available | Utilization (%) |
+--------------------------+-----------+----------+-----------+-----------------+
| Clocks                   |     1.753 |       71 |       --- |             --- |
| CLB Logic                |     1.581 |   475112 |       --- |             --- |
|   LUT as Logic           |     0.855 |   163906 |   1303680 |           12.57 |
|   LUT as Distributed RAM |     0.476 |     9104 |    600960 |            1.51 |
|   LUT as Shift Register  |     0.109 |     6198 |    600960 |            1.03 |
|   Register               |     0.109 |   225171 |   2607360 |            8.64 |
|   CARRY8                 |     0.034 |     5051 |    162960 |            3.10 |
|   BUFG                   |    <0.001 |        7 |        96 |            7.29 |
|   Others                 |    <0.001 |     8732 |       --- |             --- |
|   F7/F8 Muxes            |     0.000 |     4535 |   1303680 |            0.35 |
| Signals                  |     2.173 |   362924 |       --- |             --- |
| Block RAM                |     1.017 |    223.5 |      2016 |           11.09 |
| HBM                      |     7.789 |        1 |         2 |           50.00 |
| MMCM                     |     0.086 |        0 |       --- |             --- |
| PLL                      |     0.054 |        1 |       --- |             --- |
| DSPs                     |     0.036 |      140 |      9024 |            1.55 |
| I/O                      |     0.007 |       16 |       624 |            2.56 |
| GTY                      |     4.360 |       16 |        24 |           66.67 |
| Hard IPs                 |     0.538 |        1 |       --- |             --- |
|   PCIE                   |     0.538 |        1 |       --- |             --- |
| Static Power             |     8.406 |          |           |                 |
|   HBM Static             |     0.448 |          |           |                 |
|   Device Static          |     7.958 |          |           |                 |
| Total                    |    27.801 |          |           |                 |
+--------------------------+-----------+----------+-----------+-----------------+


1.2 Power Supply Summary
------------------------

+------------+-------------+-----------+-------------+------------+-------------+-------------+---------------+
| Source     | Voltage (V) | Total (A) | Dynamic (A) | Static (A) | Powerup (A) | Budget (A)  | Margin (A)    |
+------------+-------------+-----------+-------------+------------+-------------+-------------+---------------+
| Vccint     |       0.850 |    15.963 |       9.251 |      6.712 |       NA    |     150.000 | 134.037 (MET) |
| Vccint_io  |       0.850 |     3.684 |       2.975 |      0.709 |       NA    |       5.000 | 1.316 (MET)   |
| Vccbram    |       0.850 |     0.294 |       0.118 |      0.176 |       NA    |       3.000 | 2.706 (MET)   |
| Vccaux     |       1.800 |     0.847 |       0.133 |      0.714 |       NA    |       4.000 | 3.153 (MET)   |
| Vccaux_io  |       1.800 |     0.039 |       0.004 |      0.035 |       NA    |       3.000 | 2.961 (MET)   |
| Vcco33     |       3.300 |     0.000 |       0.000 |      0.000 |       NA    | Unspecified | NA            |
| Vcco25     |       2.500 |     0.000 |       0.000 |      0.000 |       NA    | Unspecified | NA            |
| Vcco18     |       1.800 |     0.000 |       0.000 |      0.000 |       NA    |       0.500 | 0.500 (MET)   |
| Vcco15     |       1.500 |     0.000 |       0.000 |      0.000 |       NA    | Unspecified | NA            |
| Vcco135    |       1.350 |     0.000 |       0.000 |      0.000 |       NA    | Unspecified | NA            |
| Vcco12     |       1.200 |     0.000 |       0.000 |      0.000 |       NA    |       2.000 | 2.000 (MET)   |
| Vcco10     |       1.000 |     0.000 |       0.000 |      0.000 |       NA    | Unspecified | NA            |
| Vccadc     |       1.800 |     0.024 |       0.000 |      0.024 |       NA    |       0.025 | 0.001 (MET)   |
| VCC_IO_HBM |       1.200 |     2.090 |       1.941 |      0.149 |       NA    |       6.000 | 3.910 (MET)   |
| VCC_HBM    |       1.200 |     2.250 |       2.077 |      0.173 |       NA    |      12.000 | 9.750 (MET)   |
| VCCAUX_HBM |       2.500 |     0.066 |       0.041 |      0.025 |       NA    |       4.000 | 3.934 (MET)   |
| MGTYAVcc   |       0.900 |     0.699 |       0.616 |      0.083 |       NA    |       4.000 | 3.301 (MET)   |
| MGTYAVtt   |       1.200 |     2.561 |       2.536 |      0.025 |       NA    |       8.000 | 5.439 (MET)   |
| MGTYVccaux |       1.800 |     0.096 |       0.093 |      0.002 |       NA    |       0.500 | 0.404 (MET)   |
+------------+-------------+-----------+-------------+------------+-------------+-------------+---------------+


1.3 Confidence Level
--------------------

+-----------------------------+------------+--------------------------------------------------------+------------------------------------------------------------------------------------------------------------+
| User Input Data             | Confidence | Details                                                | Action                                                                                                     |
+-----------------------------+------------+--------------------------------------------------------+------------------------------------------------------------------------------------------------------------+
| Design implementation state | High       | Design is routed                                       |                                                                                                            |
| Clock nodes activity        | High       | User specified more than 95% of clocks                 |                                                                                                            |
| I/O nodes activity          | Low        | More than 75% of inputs are missing user specification | Provide missing input activity with simulation results or by editing the "By Resource Type -> I/Os" view   |
| Internal nodes activity     | Medium     | User specified less than 25% of internal nodes         | Provide missing internal nodes activity with simulation results or by editing the "By Resource Type" views |
| Device models               | High       | Device models are Production                           |                                                                                                            |
|                             |            |                                                        |                                                                                                            |
| Overall confidence level    | Low        |                                                        |                                                                                                            |
+-----------------------------+------------+--------------------------------------------------------+------------------------------------------------------------------------------------------------------------+


2. Settings
-----------

2.1 Environment
---------------

+-----------------------+--------------------------+
| Ambient Temp (C)      | 55.0                     |
| ThetaJA (C/W)         | 0.8                      |
| Airflow (LFM)         | 250                      |
| Heat Sink             | medium (Medium Profile)  |
| ThetaSA (C/W)         | 0.5                      |
| Board Selection       | medium (10"x10")         |
| # of Board Layers     | 12to15 (12 to 15 Layers) |
| Board Temperature (C) | 25.0                     |
+-----------------------+--------------------------+


2.2 Clock Constraints
---------------------

+--------------------------------------------------------------------------------------------------------------------------------------------------------------------------------------------------------------------------------------------------------------------------------------------------------------------------------------------------------------------------------------------------------------------------+-----------------------------------------------------------------------------------------------------------------------------------------------------------------------------------------------------------------------------------------------------------------------------------------------------------------------------------------------------------------------------------------------------------+-----------------+
| Clock                                                                                                                                                                                                                                                                                                                                                                                                                    | Domain                                                                                                                                                                                                                                                                                                                                                                                                    | Constraint (ns) |
+--------------------------------------------------------------------------------------------------------------------------------------------------------------------------------------------------------------------------------------------------------------------------------------------------------------------------------------------------------------------------------------------------------------------------+-----------------------------------------------------------------------------------------------------------------------------------------------------------------------------------------------------------------------------------------------------------------------------------------------------------------------------------------------------------------------------------------------------------+-----------------+
| GTYE4_CHANNEL_QPLL0CLK[0]                                                                                                                                                                                                                                                                                                                                                                                                | level0_i/blp/blp_i/ss_hif/inst/pcie/inst/bd_39ab_pcie_0_gt_top_i/diablo_gt.diablo_gt_phy_wrapper/gt_wizard.gtwizard_top_i/bd_39ab_pcie_0_gt_i/inst/gen_gtwizard_gtye4_top.bd_39ab_pcie_0_gt_gtwizard_gtye4_inst/gen_gtwizard_gtye4.gen_common.gen_common_container[24].gen_enabled_common.gtye4_common_wrapper_inst/common_inst/GTYE4_CHANNEL_QPLL0CLK[0]                                                 |             0.2 |
| GTYE4_CHANNEL_QPLL0CLK[0]_1                                                                                                                                                                                                                                                                                                                                                                                              | level0_i/blp/blp_i/ss_hif/inst/pcie/inst/bd_39ab_pcie_0_gt_top_i/diablo_gt.diablo_gt_phy_wrapper/gt_wizard.gtwizard_top_i/bd_39ab_pcie_0_gt_i/inst/gen_gtwizard_gtye4_top.bd_39ab_pcie_0_gt_gtwizard_gtye4_inst/gen_gtwizard_gtye4.gen_common.gen_common_container[25].gen_enabled_common.gtye4_common_wrapper_inst/common_inst/GTYE4_CHANNEL_QPLL0CLK[0]                                                 |             0.2 |
| GTYE4_CHANNEL_QPLL0CLK[0]_2                                                                                                                                                                                                                                                                                                                                                                                              | level0_i/blp/blp_i/ss_hif/inst/pcie/inst/bd_39ab_pcie_0_gt_top_i/diablo_gt.diablo_gt_phy_wrapper/gt_wizard.gtwizard_top_i/bd_39ab_pcie_0_gt_i/inst/gen_gtwizard_gtye4_top.bd_39ab_pcie_0_gt_gtwizard_gtye4_inst/gen_gtwizard_gtye4.gen_common.gen_common_container[26].gen_enabled_common.gtye4_common_wrapper_inst/common_inst/GTYE4_CHANNEL_QPLL0CLK[0]                                                 |             0.2 |
| GTYE4_CHANNEL_QPLL0CLK[0]_3                                                                                                                                                                                                                                                                                                                                                                                              | level0_i/blp/blp_i/ss_hif/inst/pcie/inst/bd_39ab_pcie_0_gt_top_i/diablo_gt.diablo_gt_phy_wrapper/gt_wizard.gtwizard_top_i/bd_39ab_pcie_0_gt_i/inst/gen_gtwizard_gtye4_top.bd_39ab_pcie_0_gt_gtwizard_gtye4_inst/gen_gtwizard_gtye4.gen_common.gen_common_container[27].gen_enabled_common.gtye4_common_wrapper_inst/common_inst/GTYE4_CHANNEL_QPLL0CLK[0]                                                 |             0.2 |
| GTYE4_CHANNEL_QPLL0REFCLK[0]                                                                                                                                                                                                                                                                                                                                                                                             | level0_i/blp/blp_i/ss_hif/inst/pcie/inst/bd_39ab_pcie_0_gt_top_i/diablo_gt.diablo_gt_phy_wrapper/gt_wizard.gtwizard_top_i/bd_39ab_pcie_0_gt_i/inst/gen_gtwizard_gtye4_top.bd_39ab_pcie_0_gt_gtwizard_gtye4_inst/gen_gtwizard_gtye4.gen_common.gen_common_container[24].gen_enabled_common.gtye4_common_wrapper_inst/common_inst/GTYE4_CHANNEL_QPLL0REFCLK[0]                                              |            10.0 |
| GTYE4_CHANNEL_QPLL0REFCLK[0]_1                                                                                                                                                                                                                                                                                                                                                                                           | level0_i/blp/blp_i/ss_hif/inst/pcie/inst/bd_39ab_pcie_0_gt_top_i/diablo_gt.diablo_gt_phy_wrapper/gt_wizard.gtwizard_top_i/bd_39ab_pcie_0_gt_i/inst/gen_gtwizard_gtye4_top.bd_39ab_pcie_0_gt_gtwizard_gtye4_inst/gen_gtwizard_gtye4.gen_common.gen_common_container[25].gen_enabled_common.gtye4_common_wrapper_inst/common_inst/GTYE4_CHANNEL_QPLL0REFCLK[0]                                              |            10.0 |
| GTYE4_CHANNEL_QPLL0REFCLK[0]_2                                                                                                                                                                                                                                                                                                                                                                                           | level0_i/blp/blp_i/ss_hif/inst/pcie/inst/bd_39ab_pcie_0_gt_top_i/diablo_gt.diablo_gt_phy_wrapper/gt_wizard.gtwizard_top_i/bd_39ab_pcie_0_gt_i/inst/gen_gtwizard_gtye4_top.bd_39ab_pcie_0_gt_gtwizard_gtye4_inst/gen_gtwizard_gtye4.gen_common.gen_common_container[26].gen_enabled_common.gtye4_common_wrapper_inst/common_inst/GTYE4_CHANNEL_QPLL0REFCLK[0]                                              |            10.0 |
| GTYE4_CHANNEL_QPLL0REFCLK[0]_3                                                                                                                                                                                                                                                                                                                                                                                           | level0_i/blp/blp_i/ss_hif/inst/pcie/inst/bd_39ab_pcie_0_gt_top_i/diablo_gt.diablo_gt_phy_wrapper/gt_wizard.gtwizard_top_i/bd_39ab_pcie_0_gt_i/inst/gen_gtwizard_gtye4_top.bd_39ab_pcie_0_gt_gtwizard_gtye4_inst/gen_gtwizard_gtye4.gen_common.gen_common_container[27].gen_enabled_common.gtye4_common_wrapper_inst/common_inst/GTYE4_CHANNEL_QPLL0REFCLK[0]                                              |            10.0 |
| GTYE4_CHANNEL_QPLL1CLK[0]                                                                                                                                                                                                                                                                                                                                                                                                | level0_i/blp/blp_i/ss_hif/inst/pcie/inst/bd_39ab_pcie_0_gt_top_i/diablo_gt.diablo_gt_phy_wrapper/gt_wizard.gtwizard_top_i/bd_39ab_pcie_0_gt_i/inst/gen_gtwizard_gtye4_top.bd_39ab_pcie_0_gt_gtwizard_gtye4_inst/gen_gtwizard_gtye4.gen_common.gen_common_container[24].gen_enabled_common.gtye4_common_wrapper_inst/common_inst/GTYE4_CHANNEL_QPLL1CLK[0]                                                 |             0.2 |
| GTYE4_CHANNEL_QPLL1CLK[0]_1                                                                                                                                                                                                                                                                                                                                                                                              | level0_i/blp/blp_i/ss_hif/inst/pcie/inst/bd_39ab_pcie_0_gt_top_i/diablo_gt.diablo_gt_phy_wrapper/gt_wizard.gtwizard_top_i/bd_39ab_pcie_0_gt_i/inst/gen_gtwizard_gtye4_top.bd_39ab_pcie_0_gt_gtwizard_gtye4_inst/gen_gtwizard_gtye4.gen_common.gen_common_container[25].gen_enabled_common.gtye4_common_wrapper_inst/common_inst/GTYE4_CHANNEL_QPLL1CLK[0]                                                 |             0.2 |
| GTYE4_CHANNEL_QPLL1CLK[0]_2                                                                                                                                                                                                                                                                                                                                                                                              | level0_i/blp/blp_i/ss_hif/inst/pcie/inst/bd_39ab_pcie_0_gt_top_i/diablo_gt.diablo_gt_phy_wrapper/gt_wizard.gtwizard_top_i/bd_39ab_pcie_0_gt_i/inst/gen_gtwizard_gtye4_top.bd_39ab_pcie_0_gt_gtwizard_gtye4_inst/gen_gtwizard_gtye4.gen_common.gen_common_container[26].gen_enabled_common.gtye4_common_wrapper_inst/common_inst/GTYE4_CHANNEL_QPLL1CLK[0]                                                 |             0.2 |
| GTYE4_CHANNEL_QPLL1CLK[0]_3                                                                                                                                                                                                                                                                                                                                                                                              | level0_i/blp/blp_i/ss_hif/inst/pcie/inst/bd_39ab_pcie_0_gt_top_i/diablo_gt.diablo_gt_phy_wrapper/gt_wizard.gtwizard_top_i/bd_39ab_pcie_0_gt_i/inst/gen_gtwizard_gtye4_top.bd_39ab_pcie_0_gt_gtwizard_gtye4_inst/gen_gtwizard_gtye4.gen_common.gen_common_container[27].gen_enabled_common.gtye4_common_wrapper_inst/common_inst/GTYE4_CHANNEL_QPLL1CLK[0]                                                 |             0.2 |
| GTYE4_CHANNEL_QPLL1REFCLK[0]                                                                                                                                                                                                                                                                                                                                                                                             | level0_i/blp/blp_i/ss_hif/inst/pcie/inst/bd_39ab_pcie_0_gt_top_i/diablo_gt.diablo_gt_phy_wrapper/gt_wizard.gtwizard_top_i/bd_39ab_pcie_0_gt_i/inst/gen_gtwizard_gtye4_top.bd_39ab_pcie_0_gt_gtwizard_gtye4_inst/gen_gtwizard_gtye4.gen_common.gen_common_container[24].gen_enabled_common.gtye4_common_wrapper_inst/common_inst/GTYE4_CHANNEL_QPLL1REFCLK[0]                                              |            10.0 |
| GTYE4_CHANNEL_QPLL1REFCLK[0]_1                                                                                                                                                                                                                                                                                                                                                                                           | level0_i/blp/blp_i/ss_hif/inst/pcie/inst/bd_39ab_pcie_0_gt_top_i/diablo_gt.diablo_gt_phy_wrapper/gt_wizard.gtwizard_top_i/bd_39ab_pcie_0_gt_i/inst/gen_gtwizard_gtye4_top.bd_39ab_pcie_0_gt_gtwizard_gtye4_inst/gen_gtwizard_gtye4.gen_common.gen_common_container[25].gen_enabled_common.gtye4_common_wrapper_inst/common_inst/GTYE4_CHANNEL_QPLL1REFCLK[0]                                              |            10.0 |
| GTYE4_CHANNEL_QPLL1REFCLK[0]_2                                                                                                                                                                                                                                                                                                                                                                                           | level0_i/blp/blp_i/ss_hif/inst/pcie/inst/bd_39ab_pcie_0_gt_top_i/diablo_gt.diablo_gt_phy_wrapper/gt_wizard.gtwizard_top_i/bd_39ab_pcie_0_gt_i/inst/gen_gtwizard_gtye4_top.bd_39ab_pcie_0_gt_gtwizard_gtye4_inst/gen_gtwizard_gtye4.gen_common.gen_common_container[26].gen_enabled_common.gtye4_common_wrapper_inst/common_inst/GTYE4_CHANNEL_QPLL1REFCLK[0]                                              |            10.0 |
| GTYE4_CHANNEL_QPLL1REFCLK[0]_3                                                                                                                                                                                                                                                                                                                                                                                           | level0_i/blp/blp_i/ss_hif/inst/pcie/inst/bd_39ab_pcie_0_gt_top_i/diablo_gt.diablo_gt_phy_wrapper/gt_wizard.gtwizard_top_i/bd_39ab_pcie_0_gt_i/inst/gen_gtwizard_gtye4_top.bd_39ab_pcie_0_gt_gtwizard_gtye4_inst/gen_gtwizard_gtye4.gen_common.gen_common_container[27].gen_enabled_common.gtye4_common_wrapper_inst/common_inst/GTYE4_CHANNEL_QPLL1REFCLK[0]                                              |            10.0 |
| GTYE4_CHANNEL_TXOUTCLK[0]                                                                                                                                                                                                                                                                                                                                                                                                | level0_i/blp/blp_i/ss_hif/inst/pcie/inst/bd_39ab_pcie_0_gt_top_i/diablo_gt.diablo_gt_phy_wrapper/gt_wizard.gtwizard_top_i/bd_39ab_pcie_0_gt_i/inst/gen_gtwizard_gtye4_top.bd_39ab_pcie_0_gt_gtwizard_gtye4_inst/gen_gtwizard_gtye4.gen_channel_container[24].gen_enabled_channel.gtye4_channel_wrapper_inst/channel_inst/GTYE4_CHANNEL_TXOUTCLK[0]                                                        |             2.0 |
| GTYE4_CHANNEL_TXOUTCLK[0]_1                                                                                                                                                                                                                                                                                                                                                                                              | level0_i/blp/blp_i/ss_hif/inst/pcie/inst/bd_39ab_pcie_0_gt_top_i/diablo_gt.diablo_gt_phy_wrapper/gt_wizard.gtwizard_top_i/bd_39ab_pcie_0_gt_i/inst/gen_gtwizard_gtye4_top.bd_39ab_pcie_0_gt_gtwizard_gtye4_inst/gen_gtwizard_gtye4.gen_channel_container[25].gen_enabled_channel.gtye4_channel_wrapper_inst/channel_inst/GTYE4_CHANNEL_TXOUTCLK[0]                                                        |             2.0 |
| GTYE4_CHANNEL_TXOUTCLK[0]_2                                                                                                                                                                                                                                                                                                                                                                                              | level0_i/blp/blp_i/ss_hif/inst/pcie/inst/bd_39ab_pcie_0_gt_top_i/diablo_gt.diablo_gt_phy_wrapper/gt_wizard.gtwizard_top_i/bd_39ab_pcie_0_gt_i/inst/gen_gtwizard_gtye4_top.bd_39ab_pcie_0_gt_gtwizard_gtye4_inst/gen_gtwizard_gtye4.gen_channel_container[26].gen_enabled_channel.gtye4_channel_wrapper_inst/channel_inst/GTYE4_CHANNEL_TXOUTCLK[0]                                                        |             2.0 |
| GTYE4_CHANNEL_TXOUTCLK[0]_3                                                                                                                                                                                                                                                                                                                                                                                              | level0_i/blp/blp_i/ss_hif/inst/pcie/inst/bd_39ab_pcie_0_gt_top_i/diablo_gt.diablo_gt_phy_wrapper/gt_wizard.gtwizard_top_i/bd_39ab_pcie_0_gt_i/inst/gen_gtwizard_gtye4_top.bd_39ab_pcie_0_gt_gtwizard_gtye4_inst/gen_gtwizard_gtye4.gen_channel_container[27].gen_enabled_channel.gtye4_channel_wrapper_inst/channel_inst/GTYE4_CHANNEL_TXOUTCLK[0]                                                        |             2.0 |
| GTYE4_CHANNEL_TXOUTCLK[1]                                                                                                                                                                                                                                                                                                                                                                                                | level0_i/blp/blp_i/ss_hif/inst/pcie/inst/bd_39ab_pcie_0_gt_top_i/diablo_gt.diablo_gt_phy_wrapper/gt_wizard.gtwizard_top_i/bd_39ab_pcie_0_gt_i/inst/gen_gtwizard_gtye4_top.bd_39ab_pcie_0_gt_gtwizard_gtye4_inst/gen_gtwizard_gtye4.gen_channel_container[24].gen_enabled_channel.gtye4_channel_wrapper_inst/channel_inst/GTYE4_CHANNEL_TXOUTCLK[1]                                                        |             2.0 |
| GTYE4_CHANNEL_TXOUTCLK[1]_1                                                                                                                                                                                                                                                                                                                                                                                              | level0_i/blp/blp_i/ss_hif/inst/pcie/inst/bd_39ab_pcie_0_gt_top_i/diablo_gt.diablo_gt_phy_wrapper/gt_wizard.gtwizard_top_i/bd_39ab_pcie_0_gt_i/inst/gen_gtwizard_gtye4_top.bd_39ab_pcie_0_gt_gtwizard_gtye4_inst/gen_gtwizard_gtye4.gen_channel_container[25].gen_enabled_channel.gtye4_channel_wrapper_inst/channel_inst/GTYE4_CHANNEL_TXOUTCLK[1]                                                        |             2.0 |
| GTYE4_CHANNEL_TXOUTCLK[1]_2                                                                                                                                                                                                                                                                                                                                                                                              | level0_i/blp/blp_i/ss_hif/inst/pcie/inst/bd_39ab_pcie_0_gt_top_i/diablo_gt.diablo_gt_phy_wrapper/gt_wizard.gtwizard_top_i/bd_39ab_pcie_0_gt_i/inst/gen_gtwizard_gtye4_top.bd_39ab_pcie_0_gt_gtwizard_gtye4_inst/gen_gtwizard_gtye4.gen_channel_container[26].gen_enabled_channel.gtye4_channel_wrapper_inst/channel_inst/GTYE4_CHANNEL_TXOUTCLK[1]                                                        |             2.0 |
| GTYE4_CHANNEL_TXOUTCLK[1]_3                                                                                                                                                                                                                                                                                                                                                                                              | level0_i/blp/blp_i/ss_hif/inst/pcie/inst/bd_39ab_pcie_0_gt_top_i/diablo_gt.diablo_gt_phy_wrapper/gt_wizard.gtwizard_top_i/bd_39ab_pcie_0_gt_i/inst/gen_gtwizard_gtye4_top.bd_39ab_pcie_0_gt_gtwizard_gtye4_inst/gen_gtwizard_gtye4.gen_channel_container[27].gen_enabled_channel.gtye4_channel_wrapper_inst/channel_inst/GTYE4_CHANNEL_TXOUTCLK[1]                                                        |             2.0 |
| GTYE4_CHANNEL_TXOUTCLK[2]                                                                                                                                                                                                                                                                                                                                                                                                | level0_i/blp/blp_i/ss_hif/inst/pcie/inst/bd_39ab_pcie_0_gt_top_i/diablo_gt.diablo_gt_phy_wrapper/gt_wizard.gtwizard_top_i/bd_39ab_pcie_0_gt_i/inst/gen_gtwizard_gtye4_top.bd_39ab_pcie_0_gt_gtwizard_gtye4_inst/gen_gtwizard_gtye4.gen_channel_container[24].gen_enabled_channel.gtye4_channel_wrapper_inst/channel_inst/GTYE4_CHANNEL_TXOUTCLK[2]                                                        |             2.0 |
| GTYE4_CHANNEL_TXOUTCLK[2]_1                                                                                                                                                                                                                                                                                                                                                                                              | level0_i/blp/blp_i/ss_hif/inst/pcie/inst/bd_39ab_pcie_0_gt_top_i/diablo_gt.diablo_gt_phy_wrapper/gt_wizard.gtwizard_top_i/bd_39ab_pcie_0_gt_i/inst/gen_gtwizard_gtye4_top.bd_39ab_pcie_0_gt_gtwizard_gtye4_inst/gen_gtwizard_gtye4.gen_channel_container[25].gen_enabled_channel.gtye4_channel_wrapper_inst/channel_inst/GTYE4_CHANNEL_TXOUTCLK[2]                                                        |             2.0 |
| GTYE4_CHANNEL_TXOUTCLK[2]_2                                                                                                                                                                                                                                                                                                                                                                                              | level0_i/blp/blp_i/ss_hif/inst/pcie/inst/bd_39ab_pcie_0_gt_top_i/diablo_gt.diablo_gt_phy_wrapper/gt_wizard.gtwizard_top_i/bd_39ab_pcie_0_gt_i/inst/gen_gtwizard_gtye4_top.bd_39ab_pcie_0_gt_gtwizard_gtye4_inst/gen_gtwizard_gtye4.gen_channel_container[26].gen_enabled_channel.gtye4_channel_wrapper_inst/channel_inst/GTYE4_CHANNEL_TXOUTCLK[2]                                                        |             2.0 |
| GTYE4_CHANNEL_TXOUTCLK[2]_3                                                                                                                                                                                                                                                                                                                                                                                              | level0_i/blp/blp_i/ss_hif/inst/pcie/inst/bd_39ab_pcie_0_gt_top_i/diablo_gt.diablo_gt_phy_wrapper/gt_wizard.gtwizard_top_i/bd_39ab_pcie_0_gt_i/inst/gen_gtwizard_gtye4_top.bd_39ab_pcie_0_gt_gtwizard_gtye4_inst/gen_gtwizard_gtye4.gen_channel_container[27].gen_enabled_channel.gtye4_channel_wrapper_inst/channel_inst/GTYE4_CHANNEL_TXOUTCLK[2]                                                        |             2.0 |
| GTYE4_CHANNEL_TXOUTCLK[3]                                                                                                                                                                                                                                                                                                                                                                                                | level0_i/blp/blp_i/ss_hif/inst/pcie/inst/bd_39ab_pcie_0_gt_top_i/diablo_gt.diablo_gt_phy_wrapper/gt_wizard.gtwizard_top_i/bd_39ab_pcie_0_gt_i/inst/gen_gtwizard_gtye4_top.bd_39ab_pcie_0_gt_gtwizard_gtye4_inst/gen_gtwizard_gtye4.gen_channel_container[24].gen_enabled_channel.gtye4_channel_wrapper_inst/channel_inst/GTYE4_CHANNEL_TXOUTCLK[3]                                                        |             2.0 |
| GTYE4_CHANNEL_TXOUTCLK[3]_1                                                                                                                                                                                                                                                                                                                                                                                              | level0_i/blp/blp_i/ss_hif/inst/pcie/inst/bd_39ab_pcie_0_gt_top_i/diablo_gt.diablo_gt_phy_wrapper/gt_wizard.gtwizard_top_i/bd_39ab_pcie_0_gt_i/inst/gen_gtwizard_gtye4_top.bd_39ab_pcie_0_gt_gtwizard_gtye4_inst/gen_gtwizard_gtye4.gen_channel_container[25].gen_enabled_channel.gtye4_channel_wrapper_inst/channel_inst/GTYE4_CHANNEL_TXOUTCLK[3]                                                        |             2.0 |
| GTYE4_CHANNEL_TXOUTCLK[3]_2                                                                                                                                                                                                                                                                                                                                                                                              | level0_i/blp/blp_i/ss_hif/inst/pcie/inst/bd_39ab_pcie_0_gt_top_i/diablo_gt.diablo_gt_phy_wrapper/gt_wizard.gtwizard_top_i/bd_39ab_pcie_0_gt_i/inst/gen_gtwizard_gtye4_top.bd_39ab_pcie_0_gt_gtwizard_gtye4_inst/gen_gtwizard_gtye4.gen_channel_container[26].gen_enabled_channel.gtye4_channel_wrapper_inst/channel_inst/GTYE4_CHANNEL_TXOUTCLK[3]                                                        |             2.0 |
| GTYE4_CHANNEL_TXOUTCLK[3]_3                                                                                                                                                                                                                                                                                                                                                                                              | level0_i/blp/blp_i/ss_hif/inst/pcie/inst/bd_39ab_pcie_0_gt_top_i/diablo_gt.diablo_gt_phy_wrapper/gt_wizard.gtwizard_top_i/bd_39ab_pcie_0_gt_i/inst/gen_gtwizard_gtye4_top.bd_39ab_pcie_0_gt_gtwizard_gtye4_inst/gen_gtwizard_gtye4.gen_channel_container[27].gen_enabled_channel.gtye4_channel_wrapper_inst/channel_inst/GTYE4_CHANNEL_TXOUTCLK[3]                                                        |             2.0 |
| clk_kernel_00_unbuffered_net                                                                                                                                                                                                                                                                                                                                                                                             | level0_i/ulp/ulp_ucs/inst/aclk_kernel_00_hierarchy/clkwiz_aclk_kernel_00/inst/CLK_CORE_DRP_I/clk_inst/clk_out1                                                                                                                                                                                                                                                                                            |             3.3 |
| clk_kernel_01_unbuffered_net                                                                                                                                                                                                                                                                                                                                                                                             | level0_i/ulp/ulp_ucs/inst/aclk_kernel_01_hierarchy/clkwiz_aclk_kernel_01/inst/CLK_CORE_DRP_I/clk_inst/clk_out1                                                                                                                                                                                                                                                                                            |             2.0 |
| clk_out1_bd_39ab_clkwiz_level0_periph_0                                                                                                                                                                                                                                                                                                                                                                                  | level0_i/blp/blp_i/ss_hif/inst/clkwiz_level0_periph/inst/clk_out1_bd_39ab_clkwiz_level0_periph_0                                                                                                                                                                                                                                                                                                          |            10.0 |
| clk_out1_ulp_clk_wiz_0                                                                                                                                                                                                                                                                                                                                                                                                   | level0_i/ulp/clk_wiz/inst/clk_out1_ulp_clk_wiz_0                                                                                                                                                                                                                                                                                                                                                          |             4.4 |
| clk_out2_bd_39ab_clkwiz_level0_periph_0                                                                                                                                                                                                                                                                                                                                                                                  | level0_i/blp/blp_i/ss_hif/inst/clkwiz_level0_periph/inst/clk_out2_bd_39ab_clkwiz_level0_periph_0                                                                                                                                                                                                                                                                                                          |            20.0 |
| cq_ram_data_p2p_net_CLK                                                                                                                                                                                                                                                                                                                                                                                                  | level0_i/blp/blp_i/ss_hif/inst/pcie/inst/bd_39ab_pcie_0_gt_top_i/diablo_gt.diablo_gt_phy_wrapper/phy_clk_i/CLK_USERCLK                                                                                                                                                                                                                                                                                    |             4.0 |
| hbm_aclk                                                                                                                                                                                                                                                                                                                                                                                                                 | level0_i/ulp/ulp_ucs/inst/aclk_hbm_hierarchy/clkwiz_hbm/inst/CLK_CORE_DRP_I/clk_inst/clk_out1_bd_22c0_clkwiz_hbm_0                                                                                                                                                                                                                                                                                        |             2.2 |
| io_clk_freerun_00_clk_p                                                                                                                                                                                                                                                                                                                                                                                                  | io_clk_freerun_00_clk_p                                                                                                                                                                                                                                                                                                                                                                                   |            10.0 |
| io_clk_freerun_00_clk_p                                                                                                                                                                                                                                                                                                                                                                                                  | level0_i/blp/blp_i/freerun_clk/bufg_div/U0/BUFGCE_O[0]                                                                                                                                                                                                                                                                                                                                                    |            10.0 |
| io_clk_pcie_00_clk_p                                                                                                                                                                                                                                                                                                                                                                                                     | io_clk_pcie_00_clk_p                                                                                                                                                                                                                                                                                                                                                                                      |            10.0 |
| level0_i/blp/blp_i/ss_cmp/inst/jtag_fallback/inst/bs_switch/inst/BSCAN_SWITCH.N_EXT_BSCAN.bscan_inst/SERIES7_BSCAN.bscan_inst/INTERNAL_TCK                                                                                                                                                                                                                                                                               | level0_i/blp/blp_i/ss_cmp/inst/jtag_fallback/inst/bs_switch/inst/BSCAN_SWITCH.N_EXT_BSCAN.bscan_inst/DRCK                                                                                                                                                                                                                                                                                                 |            50.0 |
| level0_i/blp/blp_i/ss_cmp/inst/mdm_board_control/U0/No_Dbg_Reg_Access.BUFG_DRCK/Using_FPGA.Native/O                                                                                                                                                                                                                                                                                                                      | level0_i/blp/blp_i/ss_cmp/inst/mdm_board_control/U0/No_Dbg_Reg_Access.BUFG_DRCK/Dbg_Clk_0                                                                                                                                                                                                                                                                                                                 |           160.0 |
| level0_i/blp/blp_i/ss_cmp/inst/mdm_board_control/U0/Use_External.Use_BSCANID.No_Dbg_Reg_Access.BUFG_UPDATE/Using_FPGA.Native/O                                                                                                                                                                                                                                                                                           | level0_i/blp/blp_i/ss_cmp/inst/mdm_board_control/U0/Use_External.Use_BSCANID.No_Dbg_Reg_Access.BUFG_UPDATE/Dbg_Update_0                                                                                                                                                                                                                                                                                   |           100.0 |
| level0_i/blp/blp_i/ss_cmp/inst/mgmt_debug_bridge/inst/axi_jtag/inst/u_jtag_proc/tck_i_reg/Q                                                                                                                                                                                                                                                                                                                              | level0_i/blp/blp_i/ss_cmp/inst/mgmt_debug_bridge/inst/axi_jtag/inst/u_jtag_proc/tck                                                                                                                                                                                                                                                                                                                       |           160.0 |
| level0_i/blp/blp_i/ss_cmp/inst/mgmt_debug_bridge/inst/bsip/inst/USE_SOFTBSCAN.U_BSCAN_TAP/U_BASETAP/U_TAP/UPDATEDR_O_reg/Q                                                                                                                                                                                                                                                                                               | level0_i/blp/blp_i/ss_cmp/inst/mgmt_debug_bridge/inst/bsip/inst/USE_SOFTBSCAN.U_BSCAN_TAP/U_BASETAP/U_TAP/UPDATEDR_O                                                                                                                                                                                                                                                                                      |           160.0 |
| level0_i/blp/blp_i/ss_hif/inst/pcie/inst/bd_39ab_pcie_0_gt_top_i/diablo_gt.diablo_gt_phy_wrapper/gt_wizard.gtwizard_top_i/bd_39ab_pcie_0_gt_i/inst/gen_gtwizard_gtye4_top.bd_39ab_pcie_0_gt_gtwizard_gtye4_inst/gen_gtwizard_gtye4.gen_cpll_cal_gtye4.gen_cpll_cal_inst[0].gen_inst_cpll_cal.gtwizard_ultrascale_v1_7_13_gtye4_cpll_cal_inst/gtwizard_ultrascale_v1_7_13_gtye4_cpll_cal_tx_i/bufg_gt_txoutclkmon_inst/O  | level0_i/blp/blp_i/ss_hif/inst/pcie/inst/bd_39ab_pcie_0_gt_top_i/diablo_gt.diablo_gt_phy_wrapper/gt_wizard.gtwizard_top_i/bd_39ab_pcie_0_gt_i/inst/gen_gtwizard_gtye4_top.bd_39ab_pcie_0_gt_gtwizard_gtye4_inst/gen_gtwizard_gtye4.gen_cpll_cal_gtye4.gen_cpll_cal_inst[0].gen_inst_cpll_cal.gtwizard_ultrascale_v1_7_13_gtye4_cpll_cal_inst/gtwizard_ultrascale_v1_7_13_gtye4_cpll_cal_tx_i/txoutclkmon  |             8.0 |
| level0_i/blp/blp_i/ss_hif/inst/pcie/inst/bd_39ab_pcie_0_gt_top_i/diablo_gt.diablo_gt_phy_wrapper/gt_wizard.gtwizard_top_i/bd_39ab_pcie_0_gt_i/inst/gen_gtwizard_gtye4_top.bd_39ab_pcie_0_gt_gtwizard_gtye4_inst/gen_gtwizard_gtye4.gen_cpll_cal_gtye4.gen_cpll_cal_inst[10].gen_inst_cpll_cal.gtwizard_ultrascale_v1_7_13_gtye4_cpll_cal_inst/gtwizard_ultrascale_v1_7_13_gtye4_cpll_cal_tx_i/bufg_gt_txoutclkmon_inst/O | level0_i/blp/blp_i/ss_hif/inst/pcie/inst/bd_39ab_pcie_0_gt_top_i/diablo_gt.diablo_gt_phy_wrapper/gt_wizard.gtwizard_top_i/bd_39ab_pcie_0_gt_i/inst/gen_gtwizard_gtye4_top.bd_39ab_pcie_0_gt_gtwizard_gtye4_inst/gen_gtwizard_gtye4.gen_cpll_cal_gtye4.gen_cpll_cal_inst[10].gen_inst_cpll_cal.gtwizard_ultrascale_v1_7_13_gtye4_cpll_cal_inst/gtwizard_ultrascale_v1_7_13_gtye4_cpll_cal_tx_i/txoutclkmon |             8.0 |
| level0_i/blp/blp_i/ss_hif/inst/pcie/inst/bd_39ab_pcie_0_gt_top_i/diablo_gt.diablo_gt_phy_wrapper/gt_wizard.gtwizard_top_i/bd_39ab_pcie_0_gt_i/inst/gen_gtwizard_gtye4_top.bd_39ab_pcie_0_gt_gtwizard_gtye4_inst/gen_gtwizard_gtye4.gen_cpll_cal_gtye4.gen_cpll_cal_inst[11].gen_inst_cpll_cal.gtwizard_ultrascale_v1_7_13_gtye4_cpll_cal_inst/gtwizard_ultrascale_v1_7_13_gtye4_cpll_cal_tx_i/bufg_gt_txoutclkmon_inst/O | level0_i/blp/blp_i/ss_hif/inst/pcie/inst/bd_39ab_pcie_0_gt_top_i/diablo_gt.diablo_gt_phy_wrapper/gt_wizard.gtwizard_top_i/bd_39ab_pcie_0_gt_i/inst/gen_gtwizard_gtye4_top.bd_39ab_pcie_0_gt_gtwizard_gtye4_inst/gen_gtwizard_gtye4.gen_cpll_cal_gtye4.gen_cpll_cal_inst[11].gen_inst_cpll_cal.gtwizard_ultrascale_v1_7_13_gtye4_cpll_cal_inst/gtwizard_ultrascale_v1_7_13_gtye4_cpll_cal_tx_i/txoutclkmon |             8.0 |
| level0_i/blp/blp_i/ss_hif/inst/pcie/inst/bd_39ab_pcie_0_gt_top_i/diablo_gt.diablo_gt_phy_wrapper/gt_wizard.gtwizard_top_i/bd_39ab_pcie_0_gt_i/inst/gen_gtwizard_gtye4_top.bd_39ab_pcie_0_gt_gtwizard_gtye4_inst/gen_gtwizard_gtye4.gen_cpll_cal_gtye4.gen_cpll_cal_inst[12].gen_inst_cpll_cal.gtwizard_ultrascale_v1_7_13_gtye4_cpll_cal_inst/gtwizard_ultrascale_v1_7_13_gtye4_cpll_cal_tx_i/bufg_gt_txoutclkmon_inst/O | level0_i/blp/blp_i/ss_hif/inst/pcie/inst/bd_39ab_pcie_0_gt_top_i/diablo_gt.diablo_gt_phy_wrapper/gt_wizard.gtwizard_top_i/bd_39ab_pcie_0_gt_i/inst/gen_gtwizard_gtye4_top.bd_39ab_pcie_0_gt_gtwizard_gtye4_inst/gen_gtwizard_gtye4.gen_cpll_cal_gtye4.gen_cpll_cal_inst[12].gen_inst_cpll_cal.gtwizard_ultrascale_v1_7_13_gtye4_cpll_cal_inst/gtwizard_ultrascale_v1_7_13_gtye4_cpll_cal_tx_i/txoutclkmon |             8.0 |
| level0_i/blp/blp_i/ss_hif/inst/pcie/inst/bd_39ab_pcie_0_gt_top_i/diablo_gt.diablo_gt_phy_wrapper/gt_wizard.gtwizard_top_i/bd_39ab_pcie_0_gt_i/inst/gen_gtwizard_gtye4_top.bd_39ab_pcie_0_gt_gtwizard_gtye4_inst/gen_gtwizard_gtye4.gen_cpll_cal_gtye4.gen_cpll_cal_inst[13].gen_inst_cpll_cal.gtwizard_ultrascale_v1_7_13_gtye4_cpll_cal_inst/gtwizard_ultrascale_v1_7_13_gtye4_cpll_cal_tx_i/bufg_gt_txoutclkmon_inst/O | level0_i/blp/blp_i/ss_hif/inst/pcie/inst/bd_39ab_pcie_0_gt_top_i/diablo_gt.diablo_gt_phy_wrapper/gt_wizard.gtwizard_top_i/bd_39ab_pcie_0_gt_i/inst/gen_gtwizard_gtye4_top.bd_39ab_pcie_0_gt_gtwizard_gtye4_inst/gen_gtwizard_gtye4.gen_cpll_cal_gtye4.gen_cpll_cal_inst[13].gen_inst_cpll_cal.gtwizard_ultrascale_v1_7_13_gtye4_cpll_cal_inst/gtwizard_ultrascale_v1_7_13_gtye4_cpll_cal_tx_i/txoutclkmon |             8.0 |
| level0_i/blp/blp_i/ss_hif/inst/pcie/inst/bd_39ab_pcie_0_gt_top_i/diablo_gt.diablo_gt_phy_wrapper/gt_wizard.gtwizard_top_i/bd_39ab_pcie_0_gt_i/inst/gen_gtwizard_gtye4_top.bd_39ab_pcie_0_gt_gtwizard_gtye4_inst/gen_gtwizard_gtye4.gen_cpll_cal_gtye4.gen_cpll_cal_inst[14].gen_inst_cpll_cal.gtwizard_ultrascale_v1_7_13_gtye4_cpll_cal_inst/gtwizard_ultrascale_v1_7_13_gtye4_cpll_cal_tx_i/bufg_gt_txoutclkmon_inst/O | level0_i/blp/blp_i/ss_hif/inst/pcie/inst/bd_39ab_pcie_0_gt_top_i/diablo_gt.diablo_gt_phy_wrapper/gt_wizard.gtwizard_top_i/bd_39ab_pcie_0_gt_i/inst/gen_gtwizard_gtye4_top.bd_39ab_pcie_0_gt_gtwizard_gtye4_inst/gen_gtwizard_gtye4.gen_cpll_cal_gtye4.gen_cpll_cal_inst[14].gen_inst_cpll_cal.gtwizard_ultrascale_v1_7_13_gtye4_cpll_cal_inst/gtwizard_ultrascale_v1_7_13_gtye4_cpll_cal_tx_i/txoutclkmon |             8.0 |
| level0_i/blp/blp_i/ss_hif/inst/pcie/inst/bd_39ab_pcie_0_gt_top_i/diablo_gt.diablo_gt_phy_wrapper/gt_wizard.gtwizard_top_i/bd_39ab_pcie_0_gt_i/inst/gen_gtwizard_gtye4_top.bd_39ab_pcie_0_gt_gtwizard_gtye4_inst/gen_gtwizard_gtye4.gen_cpll_cal_gtye4.gen_cpll_cal_inst[15].gen_inst_cpll_cal.gtwizard_ultrascale_v1_7_13_gtye4_cpll_cal_inst/gtwizard_ultrascale_v1_7_13_gtye4_cpll_cal_tx_i/bufg_gt_txoutclkmon_inst/O | level0_i/blp/blp_i/ss_hif/inst/pcie/inst/bd_39ab_pcie_0_gt_top_i/diablo_gt.diablo_gt_phy_wrapper/gt_wizard.gtwizard_top_i/bd_39ab_pcie_0_gt_i/inst/gen_gtwizard_gtye4_top.bd_39ab_pcie_0_gt_gtwizard_gtye4_inst/gen_gtwizard_gtye4.gen_cpll_cal_gtye4.gen_cpll_cal_inst[15].gen_inst_cpll_cal.gtwizard_ultrascale_v1_7_13_gtye4_cpll_cal_inst/gtwizard_ultrascale_v1_7_13_gtye4_cpll_cal_tx_i/txoutclkmon |             8.0 |
| level0_i/blp/blp_i/ss_hif/inst/pcie/inst/bd_39ab_pcie_0_gt_top_i/diablo_gt.diablo_gt_phy_wrapper/gt_wizard.gtwizard_top_i/bd_39ab_pcie_0_gt_i/inst/gen_gtwizard_gtye4_top.bd_39ab_pcie_0_gt_gtwizard_gtye4_inst/gen_gtwizard_gtye4.gen_cpll_cal_gtye4.gen_cpll_cal_inst[1].gen_inst_cpll_cal.gtwizard_ultrascale_v1_7_13_gtye4_cpll_cal_inst/gtwizard_ultrascale_v1_7_13_gtye4_cpll_cal_tx_i/bufg_gt_txoutclkmon_inst/O  | level0_i/blp/blp_i/ss_hif/inst/pcie/inst/bd_39ab_pcie_0_gt_top_i/diablo_gt.diablo_gt_phy_wrapper/gt_wizard.gtwizard_top_i/bd_39ab_pcie_0_gt_i/inst/gen_gtwizard_gtye4_top.bd_39ab_pcie_0_gt_gtwizard_gtye4_inst/gen_gtwizard_gtye4.gen_cpll_cal_gtye4.gen_cpll_cal_inst[1].gen_inst_cpll_cal.gtwizard_ultrascale_v1_7_13_gtye4_cpll_cal_inst/gtwizard_ultrascale_v1_7_13_gtye4_cpll_cal_tx_i/txoutclkmon  |             8.0 |
| level0_i/blp/blp_i/ss_hif/inst/pcie/inst/bd_39ab_pcie_0_gt_top_i/diablo_gt.diablo_gt_phy_wrapper/gt_wizard.gtwizard_top_i/bd_39ab_pcie_0_gt_i/inst/gen_gtwizard_gtye4_top.bd_39ab_pcie_0_gt_gtwizard_gtye4_inst/gen_gtwizard_gtye4.gen_cpll_cal_gtye4.gen_cpll_cal_inst[2].gen_inst_cpll_cal.gtwizard_ultrascale_v1_7_13_gtye4_cpll_cal_inst/gtwizard_ultrascale_v1_7_13_gtye4_cpll_cal_tx_i/bufg_gt_txoutclkmon_inst/O  | level0_i/blp/blp_i/ss_hif/inst/pcie/inst/bd_39ab_pcie_0_gt_top_i/diablo_gt.diablo_gt_phy_wrapper/gt_wizard.gtwizard_top_i/bd_39ab_pcie_0_gt_i/inst/gen_gtwizard_gtye4_top.bd_39ab_pcie_0_gt_gtwizard_gtye4_inst/gen_gtwizard_gtye4.gen_cpll_cal_gtye4.gen_cpll_cal_inst[2].gen_inst_cpll_cal.gtwizard_ultrascale_v1_7_13_gtye4_cpll_cal_inst/gtwizard_ultrascale_v1_7_13_gtye4_cpll_cal_tx_i/txoutclkmon  |             8.0 |
| level0_i/blp/blp_i/ss_hif/inst/pcie/inst/bd_39ab_pcie_0_gt_top_i/diablo_gt.diablo_gt_phy_wrapper/gt_wizard.gtwizard_top_i/bd_39ab_pcie_0_gt_i/inst/gen_gtwizard_gtye4_top.bd_39ab_pcie_0_gt_gtwizard_gtye4_inst/gen_gtwizard_gtye4.gen_cpll_cal_gtye4.gen_cpll_cal_inst[3].gen_inst_cpll_cal.gtwizard_ultrascale_v1_7_13_gtye4_cpll_cal_inst/gtwizard_ultrascale_v1_7_13_gtye4_cpll_cal_tx_i/bufg_gt_txoutclkmon_inst/O  | level0_i/blp/blp_i/ss_hif/inst/pcie/inst/bd_39ab_pcie_0_gt_top_i/diablo_gt.diablo_gt_phy_wrapper/gt_wizard.gtwizard_top_i/bd_39ab_pcie_0_gt_i/inst/gen_gtwizard_gtye4_top.bd_39ab_pcie_0_gt_gtwizard_gtye4_inst/gen_gtwizard_gtye4.gen_cpll_cal_gtye4.gen_cpll_cal_inst[3].gen_inst_cpll_cal.gtwizard_ultrascale_v1_7_13_gtye4_cpll_cal_inst/gtwizard_ultrascale_v1_7_13_gtye4_cpll_cal_tx_i/txoutclkmon  |             8.0 |
| level0_i/blp/blp_i/ss_hif/inst/pcie/inst/bd_39ab_pcie_0_gt_top_i/diablo_gt.diablo_gt_phy_wrapper/gt_wizard.gtwizard_top_i/bd_39ab_pcie_0_gt_i/inst/gen_gtwizard_gtye4_top.bd_39ab_pcie_0_gt_gtwizard_gtye4_inst/gen_gtwizard_gtye4.gen_cpll_cal_gtye4.gen_cpll_cal_inst[4].gen_inst_cpll_cal.gtwizard_ultrascale_v1_7_13_gtye4_cpll_cal_inst/gtwizard_ultrascale_v1_7_13_gtye4_cpll_cal_tx_i/bufg_gt_txoutclkmon_inst/O  | level0_i/blp/blp_i/ss_hif/inst/pcie/inst/bd_39ab_pcie_0_gt_top_i/diablo_gt.diablo_gt_phy_wrapper/gt_wizard.gtwizard_top_i/bd_39ab_pcie_0_gt_i/inst/gen_gtwizard_gtye4_top.bd_39ab_pcie_0_gt_gtwizard_gtye4_inst/gen_gtwizard_gtye4.gen_cpll_cal_gtye4.gen_cpll_cal_inst[4].gen_inst_cpll_cal.gtwizard_ultrascale_v1_7_13_gtye4_cpll_cal_inst/gtwizard_ultrascale_v1_7_13_gtye4_cpll_cal_tx_i/txoutclkmon  |             8.0 |
| level0_i/blp/blp_i/ss_hif/inst/pcie/inst/bd_39ab_pcie_0_gt_top_i/diablo_gt.diablo_gt_phy_wrapper/gt_wizard.gtwizard_top_i/bd_39ab_pcie_0_gt_i/inst/gen_gtwizard_gtye4_top.bd_39ab_pcie_0_gt_gtwizard_gtye4_inst/gen_gtwizard_gtye4.gen_cpll_cal_gtye4.gen_cpll_cal_inst[5].gen_inst_cpll_cal.gtwizard_ultrascale_v1_7_13_gtye4_cpll_cal_inst/gtwizard_ultrascale_v1_7_13_gtye4_cpll_cal_tx_i/bufg_gt_txoutclkmon_inst/O  | level0_i/blp/blp_i/ss_hif/inst/pcie/inst/bd_39ab_pcie_0_gt_top_i/diablo_gt.diablo_gt_phy_wrapper/gt_wizard.gtwizard_top_i/bd_39ab_pcie_0_gt_i/inst/gen_gtwizard_gtye4_top.bd_39ab_pcie_0_gt_gtwizard_gtye4_inst/gen_gtwizard_gtye4.gen_cpll_cal_gtye4.gen_cpll_cal_inst[5].gen_inst_cpll_cal.gtwizard_ultrascale_v1_7_13_gtye4_cpll_cal_inst/gtwizard_ultrascale_v1_7_13_gtye4_cpll_cal_tx_i/txoutclkmon  |             8.0 |
| level0_i/blp/blp_i/ss_hif/inst/pcie/inst/bd_39ab_pcie_0_gt_top_i/diablo_gt.diablo_gt_phy_wrapper/gt_wizard.gtwizard_top_i/bd_39ab_pcie_0_gt_i/inst/gen_gtwizard_gtye4_top.bd_39ab_pcie_0_gt_gtwizard_gtye4_inst/gen_gtwizard_gtye4.gen_cpll_cal_gtye4.gen_cpll_cal_inst[6].gen_inst_cpll_cal.gtwizard_ultrascale_v1_7_13_gtye4_cpll_cal_inst/gtwizard_ultrascale_v1_7_13_gtye4_cpll_cal_tx_i/bufg_gt_txoutclkmon_inst/O  | level0_i/blp/blp_i/ss_hif/inst/pcie/inst/bd_39ab_pcie_0_gt_top_i/diablo_gt.diablo_gt_phy_wrapper/gt_wizard.gtwizard_top_i/bd_39ab_pcie_0_gt_i/inst/gen_gtwizard_gtye4_top.bd_39ab_pcie_0_gt_gtwizard_gtye4_inst/gen_gtwizard_gtye4.gen_cpll_cal_gtye4.gen_cpll_cal_inst[6].gen_inst_cpll_cal.gtwizard_ultrascale_v1_7_13_gtye4_cpll_cal_inst/gtwizard_ultrascale_v1_7_13_gtye4_cpll_cal_tx_i/txoutclkmon  |             8.0 |
| level0_i/blp/blp_i/ss_hif/inst/pcie/inst/bd_39ab_pcie_0_gt_top_i/diablo_gt.diablo_gt_phy_wrapper/gt_wizard.gtwizard_top_i/bd_39ab_pcie_0_gt_i/inst/gen_gtwizard_gtye4_top.bd_39ab_pcie_0_gt_gtwizard_gtye4_inst/gen_gtwizard_gtye4.gen_cpll_cal_gtye4.gen_cpll_cal_inst[7].gen_inst_cpll_cal.gtwizard_ultrascale_v1_7_13_gtye4_cpll_cal_inst/gtwizard_ultrascale_v1_7_13_gtye4_cpll_cal_tx_i/bufg_gt_txoutclkmon_inst/O  | level0_i/blp/blp_i/ss_hif/inst/pcie/inst/bd_39ab_pcie_0_gt_top_i/diablo_gt.diablo_gt_phy_wrapper/gt_wizard.gtwizard_top_i/bd_39ab_pcie_0_gt_i/inst/gen_gtwizard_gtye4_top.bd_39ab_pcie_0_gt_gtwizard_gtye4_inst/gen_gtwizard_gtye4.gen_cpll_cal_gtye4.gen_cpll_cal_inst[7].gen_inst_cpll_cal.gtwizard_ultrascale_v1_7_13_gtye4_cpll_cal_inst/gtwizard_ultrascale_v1_7_13_gtye4_cpll_cal_tx_i/txoutclkmon  |             8.0 |
| level0_i/blp/blp_i/ss_hif/inst/pcie/inst/bd_39ab_pcie_0_gt_top_i/diablo_gt.diablo_gt_phy_wrapper/gt_wizard.gtwizard_top_i/bd_39ab_pcie_0_gt_i/inst/gen_gtwizard_gtye4_top.bd_39ab_pcie_0_gt_gtwizard_gtye4_inst/gen_gtwizard_gtye4.gen_cpll_cal_gtye4.gen_cpll_cal_inst[8].gen_inst_cpll_cal.gtwizard_ultrascale_v1_7_13_gtye4_cpll_cal_inst/gtwizard_ultrascale_v1_7_13_gtye4_cpll_cal_tx_i/bufg_gt_txoutclkmon_inst/O  | level0_i/blp/blp_i/ss_hif/inst/pcie/inst/bd_39ab_pcie_0_gt_top_i/diablo_gt.diablo_gt_phy_wrapper/gt_wizard.gtwizard_top_i/bd_39ab_pcie_0_gt_i/inst/gen_gtwizard_gtye4_top.bd_39ab_pcie_0_gt_gtwizard_gtye4_inst/gen_gtwizard_gtye4.gen_cpll_cal_gtye4.gen_cpll_cal_inst[8].gen_inst_cpll_cal.gtwizard_ultrascale_v1_7_13_gtye4_cpll_cal_inst/gtwizard_ultrascale_v1_7_13_gtye4_cpll_cal_tx_i/txoutclkmon  |             8.0 |
| level0_i/blp/blp_i/ss_hif/inst/pcie/inst/bd_39ab_pcie_0_gt_top_i/diablo_gt.diablo_gt_phy_wrapper/gt_wizard.gtwizard_top_i/bd_39ab_pcie_0_gt_i/inst/gen_gtwizard_gtye4_top.bd_39ab_pcie_0_gt_gtwizard_gtye4_inst/gen_gtwizard_gtye4.gen_cpll_cal_gtye4.gen_cpll_cal_inst[9].gen_inst_cpll_cal.gtwizard_ultrascale_v1_7_13_gtye4_cpll_cal_inst/gtwizard_ultrascale_v1_7_13_gtye4_cpll_cal_tx_i/bufg_gt_txoutclkmon_inst/O  | level0_i/blp/blp_i/ss_hif/inst/pcie/inst/bd_39ab_pcie_0_gt_top_i/diablo_gt.diablo_gt_phy_wrapper/gt_wizard.gtwizard_top_i/bd_39ab_pcie_0_gt_i/inst/gen_gtwizard_gtye4_top.bd_39ab_pcie_0_gt_gtwizard_gtye4_inst/gen_gtwizard_gtye4.gen_cpll_cal_gtye4.gen_cpll_cal_inst[9].gen_inst_cpll_cal.gtwizard_ultrascale_v1_7_13_gtye4_cpll_cal_inst/gtwizard_ultrascale_v1_7_13_gtye4_cpll_cal_tx_i/txoutclkmon  |             8.0 |
| level0_i/blp/blp_i/ss_hif/inst/pcie/inst/bd_39ab_pcie_0_gt_top_i/diablo_gt.diablo_gt_phy_wrapper/phy_clk_i/bufg_gt_intclk/O                                                                                                                                                                                                                                                                                              | level0_i/blp/blp_i/ss_hif/inst/pcie/inst/bd_39ab_pcie_0_gt_top_i/diablo_gt.diablo_gt_phy_wrapper/phy_clk_i/CLK_INTCLK                                                                                                                                                                                                                                                                                     |          1000.0 |
| level0_i/ulp/ulp_cmp/inst/user_debug_bridge/inst/axi_jtag/inst/u_jtag_proc/tck_i_reg/Q                                                                                                                                                                                                                                                                                                                                   | level0_i/ulp/ulp_cmp/inst/user_debug_bridge/inst/axi_jtag/inst/u_jtag_proc/tck                                                                                                                                                                                                                                                                                                                            |           160.0 |
| level0_i/ulp/ulp_cmp/inst/user_debug_bridge/inst/bsip/inst/USE_SOFTBSCAN.U_BSCAN_TAP/U_BASETAP/U_TAP/UPDATEDR_O_reg/Q                                                                                                                                                                                                                                                                                                    | level0_i/ulp/ulp_cmp/inst/user_debug_bridge/inst/bsip/inst/USE_SOFTBSCAN.U_BSCAN_TAP/U_BASETAP/U_TAP/UPDATEDR_O                                                                                                                                                                                                                                                                                           |           160.0 |
| mcap_clk                                                                                                                                                                                                                                                                                                                                                                                                                 | level0_i/blp/blp_i/ss_hif/inst/pcie/inst/bd_39ab_pcie_0_gt_top_i/diablo_gt.diablo_gt_phy_wrapper/phy_clk_i/mcap_clk                                                                                                                                                                                                                                                                                       |             8.0 |
| pipe_clk                                                                                                                                                                                                                                                                                                                                                                                                                 | level0_i/blp/blp_i/ss_hif/inst/pcie/inst/bd_39ab_pcie_0_gt_top_i/diablo_gt.diablo_gt_phy_wrapper/phy_clk_i/CLK_PCLK2_GT                                                                                                                                                                                                                                                                                   |             4.0 |
+--------------------------------------------------------------------------------------------------------------------------------------------------------------------------------------------------------------------------------------------------------------------------------------------------------------------------------------------------------------------------------------------------------------------------+-----------------------------------------------------------------------------------------------------------------------------------------------------------------------------------------------------------------------------------------------------------------------------------------------------------------------------------------------------------------------------------------------------------+-----------------+


3. Detailed Reports
-------------------

3.1 By Hierarchy
----------------

+---------------------+-----------+
| Name                | Power (W) |
+---------------------+-----------+
| level0_wrapper      |    19.395 |
|   level0_i          |    19.392 |
|     blp             |     8.737 |
|       blp_i         |     8.737 |
|     ii_level0_pipe  |     0.071 |
|       inst          |     0.071 |
|     ulp             |    10.585 |
|       SLR0          |     0.020 |
|       SLR1          |     0.005 |
|       SLR2          |     0.005 |
|       clk_wiz       |     0.083 |
|       hmss_0        |     9.316 |
|       rtga_kernel_1 |     1.080 |
|       ulp_cmp       |     0.002 |
|       ulp_ucs       |     0.071 |
+---------------------+-----------+


291 Infos, 454 Warnings, 1 Critical Warnings and 0 Errors encountered.
report_power completed successfully
report_power: Time (s): cpu = 00:02:34 ; elapsed = 00:00:54 . Memory (MB): peak = 12924.898 ; gain = 32.016 ; free physical = 39072 ; free virtual = 54651
INFO: [Timing 38-480] Writing timing data to binary archive.
Write ShapeDB Complete: Time (s): cpu = 00:00:04 ; elapsed = 00:00:00.85 . Memory (MB): peak = 12924.898 ; gain = 0.000 ; free physical = 39014 ; free virtual = 54650
Wrote PlaceDB: Time (s): cpu = 00:01:09 ; elapsed = 00:00:21 . Memory (MB): peak = 12924.898 ; gain = 0.000 ; free physical = 38581 ; free virtual = 54623
Wrote PulsedLatchDB: Time (s): cpu = 00:00:00 ; elapsed = 00:00:00 . Memory (MB): peak = 12924.898 ; gain = 0.000 ; free physical = 38580 ; free virtual = 54623
Writing XDEF routing.
Writing XDEF routing logical nets.
Writing XDEF routing special nets.
Wrote RouteStorage: Time (s): cpu = 00:00:18 ; elapsed = 00:00:07 . Memory (MB): peak = 12924.898 ; gain = 0.000 ; free physical = 38479 ; free virtual = 54629
Wrote Netlist Cache: Time (s): cpu = 00:00:02 ; elapsed = 00:00:00.56 . Memory (MB): peak = 12924.898 ; gain = 0.000 ; free physical = 38435 ; free virtual = 54623
Wrote Device Cache: Time (s): cpu = 00:00:00.07 ; elapsed = 00:00:00.02 . Memory (MB): peak = 12924.898 ; gain = 0.000 ; free physical = 38437 ; free virtual = 54628
Write Physdb Complete: Time (s): cpu = 00:01:29 ; elapsed = 00:00:29 . Memory (MB): peak = 12924.898 ; gain = 0.000 ; free physical = 38433 ; free virtual = 54625
INFO: [Common 17-1381] The checkpoint '/home/ae_reviewer/TempGNN/build/baselines/rtga_timingfix_v3_hw/_x/link/vivado/vpl/prj/prj.runs/impl_1/level0_wrapper_routed.dcp' has been generated.
write_checkpoint: Time (s): cpu = 00:02:28 ; elapsed = 00:01:26 . Memory (MB): peak = 12924.898 ; gain = 0.000 ; free physical = 38847 ; free virtual = 54638
source /home/ae_reviewer/TempGNN/build/baselines/rtga_timingfix_v3_hw/_x/link/vivado/vpl/scripts/impl_1/_full_write_bitstream_pre.tcl
Starting auto-frequency scaling ...
kernel clock 'ulp_ucs/aclk_kernel_00':
   clock pin path     : level0_i/ulp/ulp_ucs/aclk_kernel_00
   original frequency : 300.0 MHz
kernel clock 'ulp_ucs/aclk_kernel_01':
   clock pin path     : level0_i/ulp/ulp_ucs/aclk_kernel_01
   original frequency : 500.0 MHz

system clock 'hbm_aclk':
   clock pin path     : level0_i/ulp/ulp_ucs/inst/aclk_hbm_hierarchy/clkwiz_hbm/inst/CLK_CORE_DRP_I/clk_inst/mmcme4_adv_inst/CLKOUT0
   original frequency : 450.0 MHz

WARNING: [Vivado 12-1008] No clocks found for command 'get_clocks -of_objects [get_pins level0_i/ulp/ulp_ucs/aclk_kernel_01]'.
Resolution: Verify the create_clock command was called to create the clock object before it is referenced.
INFO: [Vivado 12-626] No clocks found. Please use 'create_clock' or 'create_generated_clock' command to create clocks.
INFO: Pin level0_i/ulp/ulp_ucs/aclk_kernel_01 has no clock
INFO: [OCL_UTIL] clock is 'hbm_aclk' for pin 'level0_i/ulp/ulp_ucs/inst/aclk_hbm_hierarchy/clkwiz_hbm/inst/CLK_CORE_DRP_I/clk_inst/mmcme4_adv_inst/CLKOUT0'
WARNING: [Vivado 12-1008] No clocks found for command 'get_clocks -of_objects [get_pins level0_i/ulp/ulp_ucs/aclk_kernel_00]'.
Resolution: Verify the create_clock command was called to create the clock object before it is referenced.
INFO: [Vivado 12-626] No clocks found. Please use 'create_clock' or 'create_generated_clock' command to create clocks.
INFO: Pin level0_i/ulp/ulp_ucs/aclk_kernel_00 has no clock
Auto-frequency scaling completed
kernel clock 'ulp_ucs/aclk_kernel_01':
   original frequency : 500.0 MHz
   scaled frequency   : 500.0 MHz
WARNING: [Vivado 12-1008] No clocks found for command 'get_clocks -of_objects [get_pins level0_i/ulp/ulp_ucs/aclk_kernel_01]'.
Resolution: Verify the create_clock command was called to create the clock object before it is referenced.
INFO: [Vivado 12-626] No clocks found. Please use 'create_clock' or 'create_generated_clock' command to create clocks.
kernel clock 'ulp_ucs/aclk_kernel_00':
   original frequency : 300.0 MHz
   scaled frequency   : 300.0 MHz
WARNING: [Vivado 12-1008] No clocks found for command 'get_clocks -of_objects [get_pins level0_i/ulp/ulp_ucs/aclk_kernel_00]'.
Resolution: Verify the create_clock command was called to create the clock object before it is referenced.
INFO: [Vivado 12-626] No clocks found. Please use 'create_clock' or 'create_generated_clock' command to create clocks.
system clock 'hbm_aclk':
   original frequency : 450.0 MHz
   scaled frequency   : 450.4 MHz
WARNING: The auto scaled frequency '450.4 MHz' exceeds the original specified frequency. The compiler will select the original specified frequency of '450.0' MHz.
WARNING: [Timing 38-436] There are set_bus_skew constraint(s) in this design. Please run report_bus_skew to ensure that bus skew requirements are met.
report_timing_summary: Time (s): cpu = 00:00:54 ; elapsed = 00:00:20 . Memory (MB): peak = 12924.898 ; gain = 0.000 ; free physical = 38842 ; free virtual = 54633
Command: write_bitstream -force -cell level0_i/ulp level0_i_ulp_my_rm_partial.bit
Attempting to get a license for feature 'Implementation' and/or device 'xcu280'
INFO: [Common 17-349] Got license for feature 'Implementation' and/or device 'xcu280'
Running DRC as a precondition to command write_bitstream
INFO: [IP_Flow 19-1839] IP Catalog is up to date.
INFO: [DRC 23-27] Running DRC with 8 threads
WARNING: [DRC DPOP-3] PREG Output pipelining: DSP level0_i/ulp/rtga_kernel_1/inst/mul_16s_16s_32_1_1_U587/tmp_product output level0_i/ulp/rtga_kernel_1/inst/mul_16s_16s_32_1_1_U587/tmp_product/P[47:0] is not pipelined (PREG=0). Pipelining the DSP48 output will improve performance and often saves power so it is suggested whenever possible to fully pipeline this function.  If this DSP48 function was inferred, it is suggested to describe an additional register stage after this function.  If the DSP48 was instantiated in the design, it is suggested to set the PREG attribute to 1.
WARNING: [DRC DPOP-3] PREG Output pipelining: DSP level0_i/ulp/rtga_kernel_1/inst/mul_16s_16s_32_1_1_U588/tmp_product output level0_i/ulp/rtga_kernel_1/inst/mul_16s_16s_32_1_1_U588/tmp_product/P[47:0] is not pipelined (PREG=0). Pipelining the DSP48 output will improve performance and often saves power so it is suggested whenever possible to fully pipeline this function.  If this DSP48 function was inferred, it is suggested to describe an additional register stage after this function.  If the DSP48 was instantiated in the design, it is suggested to set the PREG attribute to 1.
WARNING: [DRC DPOP-3] PREG Output pipelining: DSP level0_i/ulp/rtga_kernel_1/inst/mul_16s_16s_32_1_1_U589/tmp_product output level0_i/ulp/rtga_kernel_1/inst/mul_16s_16s_32_1_1_U589/tmp_product/P[47:0] is not pipelined (PREG=0). Pipelining the DSP48 output will improve performance and often saves power so it is suggested whenever possible to fully pipeline this function.  If this DSP48 function was inferred, it is suggested to describe an additional register stage after this function.  If the DSP48 was instantiated in the design, it is suggested to set the PREG attribute to 1.
WARNING: [DRC DPOP-3] PREG Output pipelining: DSP level0_i/ulp/rtga_kernel_1/inst/mul_16s_16s_32_1_1_U590/tmp_product output level0_i/ulp/rtga_kernel_1/inst/mul_16s_16s_32_1_1_U590/tmp_product/P[47:0] is not pipelined (PREG=0). Pipelining the DSP48 output will improve performance and often saves power so it is suggested whenever possible to fully pipeline this function.  If this DSP48 function was inferred, it is suggested to describe an additional register stage after this function.  If the DSP48 was instantiated in the design, it is suggested to set the PREG attribute to 1.
WARNING: [DRC DPOP-3] PREG Output pipelining: DSP level0_i/ulp/rtga_kernel_1/inst/mul_16s_16s_32_1_1_U591/tmp_product output level0_i/ulp/rtga_kernel_1/inst/mul_16s_16s_32_1_1_U591/tmp_product/P[47:0] is not pipelined (PREG=0). Pipelining the DSP48 output will improve performance and often saves power so it is suggested whenever possible to fully pipeline this function.  If this DSP48 function was inferred, it is suggested to describe an additional register stage after this function.  If the DSP48 was instantiated in the design, it is suggested to set the PREG attribute to 1.
WARNING: [DRC DPOP-3] PREG Output pipelining: DSP level0_i/ulp/rtga_kernel_1/inst/mul_16s_16s_32_1_1_U592/tmp_product output level0_i/ulp/rtga_kernel_1/inst/mul_16s_16s_32_1_1_U592/tmp_product/P[47:0] is not pipelined (PREG=0). Pipelining the DSP48 output will improve performance and often saves power so it is suggested whenever possible to fully pipeline this function.  If this DSP48 function was inferred, it is suggested to describe an additional register stage after this function.  If the DSP48 was instantiated in the design, it is suggested to set the PREG attribute to 1.
WARNING: [DRC DPOP-3] PREG Output pipelining: DSP level0_i/ulp/rtga_kernel_1/inst/mul_16s_16s_32_1_1_U593/tmp_product output level0_i/ulp/rtga_kernel_1/inst/mul_16s_16s_32_1_1_U593/tmp_product/P[47:0] is not pipelined (PREG=0). Pipelining the DSP48 output will improve performance and often saves power so it is suggested whenever possible to fully pipeline this function.  If this DSP48 function was inferred, it is suggested to describe an additional register stage after this function.  If the DSP48 was instantiated in the design, it is suggested to set the PREG attribute to 1.
WARNING: [DRC DPOP-4] MREG Output pipelining: DSP level0_i/ulp/rtga_kernel_1/inst/mul_16s_16s_32_1_1_U587/tmp_product multiplier stage level0_i/ulp/rtga_kernel_1/inst/mul_16s_16s_32_1_1_U587/tmp_product/P[47:0] is not pipelined (MREG=0). Pipelining the multiplier function will improve performance and will save significant power so it is suggested whenever possible to fully pipeline this function.  If this multiplier was inferred, it is suggested to describe an additional register stage after this function.  If there is no registered adder/accumulator following the multiply function, two pipeline stages are suggested to allow both the MREG and PREG registers to be used.  If the DSP48 was instantiated in the design, it is suggested to set both the MREG and PREG attributes to 1 when performing multiply functions.
WARNING: [DRC DPOP-4] MREG Output pipelining: DSP level0_i/ulp/rtga_kernel_1/inst/mul_16s_16s_32_1_1_U588/tmp_product multiplier stage level0_i/ulp/rtga_kernel_1/inst/mul_16s_16s_32_1_1_U588/tmp_product/P[47:0] is not pipelined (MREG=0). Pipelining the multiplier function will improve performance and will save significant power so it is suggested whenever possible to fully pipeline this function.  If this multiplier was inferred, it is suggested to describe an additional register stage after this function.  If there is no registered adder/accumulator following the multiply function, two pipeline stages are suggested to allow both the MREG and PREG registers to be used.  If the DSP48 was instantiated in the design, it is suggested to set both the MREG and PREG attributes to 1 when performing multiply functions.
WARNING: [DRC DPOP-4] MREG Output pipelining: DSP level0_i/ulp/rtga_kernel_1/inst/mul_16s_16s_32_1_1_U589/tmp_product multiplier stage level0_i/ulp/rtga_kernel_1/inst/mul_16s_16s_32_1_1_U589/tmp_product/P[47:0] is not pipelined (MREG=0). Pipelining the multiplier function will improve performance and will save significant power so it is suggested whenever possible to fully pipeline this function.  If this multiplier was inferred, it is suggested to describe an additional register stage after this function.  If there is no registered adder/accumulator following the multiply function, two pipeline stages are suggested to allow both the MREG and PREG registers to be used.  If the DSP48 was instantiated in the design, it is suggested to set both the MREG and PREG attributes to 1 when performing multiply functions.
WARNING: [DRC DPOP-4] MREG Output pipelining: DSP level0_i/ulp/rtga_kernel_1/inst/mul_16s_16s_32_1_1_U590/tmp_product multiplier stage level0_i/ulp/rtga_kernel_1/inst/mul_16s_16s_32_1_1_U590/tmp_product/P[47:0] is not pipelined (MREG=0). Pipelining the multiplier function will improve performance and will save significant power so it is suggested whenever possible to fully pipeline this function.  If this multiplier was inferred, it is suggested to describe an additional register stage after this function.  If there is no registered adder/accumulator following the multiply function, two pipeline stages are suggested to allow both the MREG and PREG registers to be used.  If the DSP48 was instantiated in the design, it is suggested to set both the MREG and PREG attributes to 1 when performing multiply functions.
WARNING: [DRC DPOP-4] MREG Output pipelining: DSP level0_i/ulp/rtga_kernel_1/inst/mul_16s_16s_32_1_1_U591/tmp_product multiplier stage level0_i/ulp/rtga_kernel_1/inst/mul_16s_16s_32_1_1_U591/tmp_product/P[47:0] is not pipelined (MREG=0). Pipelining the multiplier function will improve performance and will save significant power so it is suggested whenever possible to fully pipeline this function.  If this multiplier was inferred, it is suggested to describe an additional register stage after this function.  If there is no registered adder/accumulator following the multiply function, two pipeline stages are suggested to allow both the MREG and PREG registers to be used.  If the DSP48 was instantiated in the design, it is suggested to set both the MREG and PREG attributes to 1 when performing multiply functions.
WARNING: [DRC DPOP-4] MREG Output pipelining: DSP level0_i/ulp/rtga_kernel_1/inst/mul_16s_16s_32_1_1_U592/tmp_product multiplier stage level0_i/ulp/rtga_kernel_1/inst/mul_16s_16s_32_1_1_U592/tmp_product/P[47:0] is not pipelined (MREG=0). Pipelining the multiplier function will improve performance and will save significant power so it is suggested whenever possible to fully pipeline this function.  If this multiplier was inferred, it is suggested to describe an additional register stage after this function.  If there is no registered adder/accumulator following the multiply function, two pipeline stages are suggested to allow both the MREG and PREG registers to be used.  If the DSP48 was instantiated in the design, it is suggested to set both the MREG and PREG attributes to 1 when performing multiply functions.
WARNING: [DRC DPOP-4] MREG Output pipelining: DSP level0_i/ulp/rtga_kernel_1/inst/mul_16s_16s_32_1_1_U593/tmp_product multiplier stage level0_i/ulp/rtga_kernel_1/inst/mul_16s_16s_32_1_1_U593/tmp_product/P[47:0] is not pipelined (MREG=0). Pipelining the multiplier function will improve performance and will save significant power so it is suggested whenever possible to fully pipeline this function.  If this multiplier was inferred, it is suggested to describe an additional register stage after this function.  If there is no registered adder/accumulator following the multiply function, two pipeline stages are suggested to allow both the MREG and PREG registers to be used.  If the DSP48 was instantiated in the design, it is suggested to set both the MREG and PREG attributes to 1 when performing multiply functions.
WARNING: [DRC DPOP-4] MREG Output pipelining: DSP level0_i/ulp/rtga_kernel_1/inst/mul_ln296_7_reg_9421_reg multiplier stage level0_i/ulp/rtga_kernel_1/inst/mul_ln296_7_reg_9421_reg/P[47:0] is not pipelined (MREG=0). Pipelining the multiplier function will improve performance and will save significant power so it is suggested whenever possible to fully pipeline this function.  If this multiplier was inferred, it is suggested to describe an additional register stage after this function.  If there is no registered adder/accumulator following the multiply function, two pipeline stages are suggested to allow both the MREG and PREG registers to be used.  If the DSP48 was instantiated in the design, it is suggested to set both the MREG and PREG attributes to 1 when performing multiply functions.
WARNING: [DRC FLBO-1] Pblock overlap: pblock_blp overlaps with pblock_dynamic_SLR0: 0.43%, pblock_dynamic_region: 3.60%.
WARNING: [DRC FLBO-1] Pblock overlap: pblock_blp_slr0 overlaps with pblock_dynamic_SLR0: 1.29%, pblock_dynamic_region: 1.29%.
WARNING: [DRC FLBO-1] Pblock overlap: pblock_blp_slr2 overlaps with pblock_dynamic_region:10.97%.
WARNING: [DRC FLBO-1] Pblock overlap: pblock_dynamic_SLR0 overlaps with pblock_blp: 0.27%, pblock_blp_slr0: 0.27%.
WARNING: [DRC FLBO-1] Pblock overlap: pblock_dynamic_region overlaps with pblock_blp: 0.73%, pblock_blp_slr0: 0.09%, pblock_blp_slr2: 0.64%.
WARNING: [DRC LOCE-1] Pblock ranges contradict LOC constraints on logic assigned to the Pblock: Pblock pblock_blp's ranges fail to contain LOC constraints on assigned instance level0_i/blp/blp_i/ss_hif/inst/pcie/inst/FSM_sequential_snoop_state_reg[0], level0_i/blp/blp_i/ss_hif/inst/pcie/inst/FSM_sequential_snoop_state_reg[1], level0_i/blp/blp_i/ss_hif/inst/pcie/inst/cfg_ext_register_number_snoop_reg[0], level0_i/blp/blp_i/ss_hif/inst/pcie/inst/cfg_ext_register_number_snoop_reg[1], level0_i/blp/blp_i/ss_hif/inst/pcie/inst/cfg_ext_register_number_snoop_reg[2], level0_i/blp/blp_i/ss_hif/inst/pcie/inst/cfg_ext_register_number_snoop_reg[3], level0_i/blp/blp_i/ss_hif/inst/pcie/inst/cfg_ext_register_number_snoop_reg[7], level0_i/blp/blp_i/ss_hif/inst/pcie/inst/cfg_ext_register_number_snoop_reg[8], level0_i/blp/blp_i/ss_hif/inst/pcie/inst/cfg_ext_register_number_snoop_reg[9], level0_i/blp/blp_i/ss_hif/inst/pcie/inst/cfg_ext_write_byte_enable_snoop_reg[1], level0_i/blp/blp_i/ss_hif/inst/pcie/inst/cfg_ext_write_byte_enable_snoop_reg[2], level0_i/blp/blp_i/ss_hif/inst/pcie/inst/cfg_ext_write_byte_enable_snoop_reg[3], level0_i/blp/blp_i/ss_hif/inst/pcie/inst/cfg_ext_write_data_snoop_reg[0], level0_i/blp/blp_i/ss_hif/inst/pcie/inst/cfg_ext_write_data_snoop_reg[11], level0_i/blp/blp_i/ss_hif/inst/pcie/inst/cfg_ext_write_data_snoop_reg[13]... and (the first 15 of 1014 listed)
WARNING: [DRC LOCE-1] Pblock ranges contradict LOC constraints on logic assigned to the Pblock: Pblock pblock_blp_slr0's ranges fail to contain LOC constraints on assigned instance level0_i/blp/blp_i/ss_hif/inst/pcie/inst/FSM_sequential_snoop_state_reg[0], level0_i/blp/blp_i/ss_hif/inst/pcie/inst/FSM_sequential_snoop_state_reg[1], level0_i/blp/blp_i/ss_hif/inst/pcie/inst/cfg_ext_register_number_snoop_reg[0], level0_i/blp/blp_i/ss_hif/inst/pcie/inst/cfg_ext_register_number_snoop_reg[1], level0_i/blp/blp_i/ss_hif/inst/pcie/inst/cfg_ext_register_number_snoop_reg[2], level0_i/blp/blp_i/ss_hif/inst/pcie/inst/cfg_ext_register_number_snoop_reg[3], level0_i/blp/blp_i/ss_hif/inst/pcie/inst/cfg_ext_register_number_snoop_reg[7], level0_i/blp/blp_i/ss_hif/inst/pcie/inst/cfg_ext_register_number_snoop_reg[8], level0_i/blp/blp_i/ss_hif/inst/pcie/inst/cfg_ext_register_number_snoop_reg[9], level0_i/blp/blp_i/ss_hif/inst/pcie/inst/cfg_ext_write_byte_enable_snoop_reg[1], level0_i/blp/blp_i/ss_hif/inst/pcie/inst/cfg_ext_write_byte_enable_snoop_reg[2], level0_i/blp/blp_i/ss_hif/inst/pcie/inst/cfg_ext_write_byte_enable_snoop_reg[3], level0_i/blp/blp_i/ss_hif/inst/pcie/inst/cfg_ext_write_data_snoop_reg[0], level0_i/blp/blp_i/ss_hif/inst/pcie/inst/cfg_ext_write_data_snoop_reg[11], level0_i/blp/blp_i/ss_hif/inst/pcie/inst/cfg_ext_write_data_snoop_reg[13]... and (the first 15 of 870 listed)
WARNING: [DRC LOCE-1] Pblock ranges contradict LOC constraints on logic assigned to the Pblock: Pblock pblock_blp_slr2's ranges fail to contain LOC constraints on assigned instance level0_i/blp/blp_i/PLP/ss_fic/inst/data_firewalls_and_regslices/axi_firewall_data_h2c/inst/gen_mi.s_w_reg/state[s_ready_i]_i_1, level0_i/blp/blp_i/PLP/ss_fic/inst/data_firewalls_and_regslices/axi_firewall_data_h2c/inst/gen_mi.s_w_reg/state[s_ready_i]_i_2, and level0_i/blp/blp_i/PLP/ss_fic/inst/data_firewalls_and_regslices/axi_firewall_data_h2c/inst/gen_mi.s_w_reg/state_reg[s_ready_i]
WARNING: [DRC PDCN-1569] LUT equation term check: Used physical LUT pin 'A1' of cell level0_i/blp/blp_i/PLP/plp_axi/axi_ic_data_p2p/m01_couplers/auto_ds/inst/gen_downsizer.gen_simple_downsizer.axi_downsizer_inst/USE_WRITE.write_addr_inst/USE_B_CHANNEL.cmd_b_queue/inst/fifo_gen_inst/inst_fifo_gen/gconvfifo.rf/grf.rf/gntv_or_sync_fifo.gl0.rd/gr1.gr1_int.rfwft/gpregsm1.user_valid_i_1 (pin level0_i/blp/blp_i/PLP/plp_axi/axi_ic_data_p2p/m01_couplers/auto_ds/inst/gen_downsizer.gen_simple_downsizer.axi_downsizer_inst/USE_WRITE.write_addr_inst/USE_B_CHANNEL.cmd_b_queue/inst/fifo_gen_inst/inst_fifo_gen/gconvfifo.rf/grf.rf/gntv_or_sync_fifo.gl0.rd/gr1.gr1_int.rfwft/gpregsm1.user_valid_i_1/I1) is not included in the LUT equation: 'O6=(A3)+((~A3)*(~A6)*A2)'. If this cell is a user instantiated LUT in the design, please remove connectivity to the pin or change the equation and/or INIT string of the LUT to prevent this issue. If the cell is inferred or IP created LUT, please regenerate the IP and/or resynthesize the design to attempt to correct the issue.
WARNING: [DRC PDCN-1569] LUT equation term check: Used physical LUT pin 'A1' of cell level0_i/blp/blp_i/PLP/ss_cmp/inst/jtag_axi_master/inst/jtag_axi_engine_u/tx_fifo_i/inst_fifo_gen/gconvfifo.rf/grf.rf/gntv_or_sync_fifo.gl0.rd/gr1.gr1_int.rfwft/gpregsm1.user_valid_i_1__0 (pin level0_i/blp/blp_i/PLP/ss_cmp/inst/jtag_axi_master/inst/jtag_axi_engine_u/tx_fifo_i/inst_fifo_gen/gconvfifo.rf/grf.rf/gntv_or_sync_fifo.gl0.rd/gr1.gr1_int.rfwft/gpregsm1.user_valid_i_1__0/I1) is not included in the LUT equation: 'O6=(A2)+((~A2)*(~A3)*A6)'. If this cell is a user instantiated LUT in the design, please remove connectivity to the pin or change the equation and/or INIT string of the LUT to prevent this issue. If the cell is inferred or IP created LUT, please regenerate the IP and/or resynthesize the design to attempt to correct the issue.
WARNING: [DRC PDCN-1569] LUT equation term check: Used physical LUT pin 'A1' of cell level0_i/blp/blp_i/ss_cmp/inst/jtag_fallback/inst/bs_switch/inst/BSCAN_SWITCH.N_EXT_BSCAN.bscan_switch/temp_curid[31]_i_1 (pin level0_i/blp/blp_i/ss_cmp/inst/jtag_fallback/inst/bs_switch/inst/BSCAN_SWITCH.N_EXT_BSCAN.bscan_switch/temp_curid[31]_i_1/I1) is not included in the LUT equation: 'O5=(A2*A3)+(A2*(~A3)*(~A4))+((~A2))'. If this cell is a user instantiated LUT in the design, please remove connectivity to the pin or change the equation and/or INIT string of the LUT to prevent this issue. If the cell is inferred or IP created LUT, please regenerate the IP and/or resynthesize the design to attempt to correct the issue.
WARNING: [DRC PDCN-1569] LUT equation term check: Used physical LUT pin 'A1' of cell level0_i/blp/blp_i/ss_cmp/inst/mgmt_debug_hub/inst/bs_switch/inst/BSCAN_SWITCH.EXT_BSCAN.bscan_switch/temp_curid[31]_i_1 (pin level0_i/blp/blp_i/ss_cmp/inst/mgmt_debug_hub/inst/bs_switch/inst/BSCAN_SWITCH.EXT_BSCAN.bscan_switch/temp_curid[31]_i_1/I1) is not included in the LUT equation: 'O6=(A6+~A6)*((A2*A5)+(A2*(~A5)*(~A3))+((~A2)))'. If this cell is a user instantiated LUT in the design, please remove connectivity to the pin or change the equation and/or INIT string of the LUT to prevent this issue. If the cell is inferred or IP created LUT, please regenerate the IP and/or resynthesize the design to attempt to correct the issue.
WARNING: [DRC PDCN-1569] LUT equation term check: Used physical LUT pin 'A1' of cell level0_i/blp/blp_i/ss_hif/inst/pcie/inst/debug_wrapper_U/jtag_axi4l_m_inst/inst/jtag_axi_engine_u/rd_cmd_fifo_i/inst_fifo_gen/gconvfifo.rf/grf.rf/gntv_or_sync_fifo.gl0.rd/gr1.gr1_int.rfwft/gpregsm1.curr_fwft_state[0]_i_1__2 (pin level0_i/blp/blp_i/ss_hif/inst/pcie/inst/debug_wrapper_U/jtag_axi4l_m_inst/inst/jtag_axi_engine_u/rd_cmd_fifo_i/inst_fifo_gen/gconvfifo.rf/grf.rf/gntv_or_sync_fifo.gl0.rd/gr1.gr1_int.rfwft/gpregsm1.curr_fwft_state[0]_i_1__2/I1) is not included in the LUT equation: 'O6=(A6+~A6)*((A3)+((~A3)*(~A4)*A2))'. If this cell is a user instantiated LUT in the design, please remove connectivity to the pin or change the equation and/or INIT string of the LUT to prevent this issue. If the cell is inferred or IP created LUT, please regenerate the IP and/or resynthesize the design to attempt to correct the issue.
WARNING: [DRC PDCN-1569] LUT equation term check: Used physical LUT pin 'A1' of cell level0_i/blp/blp_i/ss_hif/inst/pcie/inst/debug_wrapper_U/jtag_axi4l_m_inst/inst/jtag_axi_engine_u/tx_fifo_i/inst_fifo_gen/gconvfifo.rf/grf.rf/gntv_or_sync_fifo.gl0.rd/gr1.gr1_int.rfwft/gpregsm1.curr_fwft_state[0]_i_1__0 (pin level0_i/blp/blp_i/ss_hif/inst/pcie/inst/debug_wrapper_U/jtag_axi4l_m_inst/inst/jtag_axi_engine_u/tx_fifo_i/inst_fifo_gen/gconvfifo.rf/grf.rf/gntv_or_sync_fifo.gl0.rd/gr1.gr1_int.rfwft/gpregsm1.curr_fwft_state[0]_i_1__0/I1) is not included in the LUT equation: 'O6=(A6+~A6)*((A4)+((~A4)*(~A2)*A3))'. If this cell is a user instantiated LUT in the design, please remove connectivity to the pin or change the equation and/or INIT string of the LUT to prevent this issue. If the cell is inferred or IP created LUT, please regenerate the IP and/or resynthesize the design to attempt to correct the issue.
WARNING: [DRC PDCN-1569] LUT equation term check: Used physical LUT pin 'A1' of cell level0_i/blp/blp_i/ss_hif/inst/pcie/inst/debug_wrapper_U/jtag_axi4l_m_inst/inst/jtag_axi_engine_u/tx_fifo_i/inst_fifo_gen/gconvfifo.rf/grf.rf/gntv_or_sync_fifo.gl0.rd/gr1.gr1_int.rfwft/gpregsm1.user_valid_i_1__0 (pin level0_i/blp/blp_i/ss_hif/inst/pcie/inst/debug_wrapper_U/jtag_axi4l_m_inst/inst/jtag_axi_engine_u/tx_fifo_i/inst_fifo_gen/gconvfifo.rf/grf.rf/gntv_or_sync_fifo.gl0.rd/gr1.gr1_int.rfwft/gpregsm1.user_valid_i_1__0/I1) is not included in the LUT equation: 'O6=(A5)+((~A5)*(~A3)*A6)'. If this cell is a user instantiated LUT in the design, please remove connectivity to the pin or change the equation and/or INIT string of the LUT to prevent this issue. If the cell is inferred or IP created LUT, please regenerate the IP and/or resynthesize the design to attempt to correct the issue.
WARNING: [DRC PDCN-1569] LUT equation term check: Used physical LUT pin 'A1' of cell level0_i/blp/blp_i/ss_hif/inst/pcie/inst/debug_wrapper_U/jtag_axi4l_m_inst/inst/jtag_axi_engine_u/wr_cmd_fifo_i/inst_fifo_gen/gconvfifo.rf/grf.rf/gntv_or_sync_fifo.gl0.rd/gr1.gr1_int.rfwft/gpregsm1.curr_fwft_state[0]_i_1__1 (pin level0_i/blp/blp_i/ss_hif/inst/pcie/inst/debug_wrapper_U/jtag_axi4l_m_inst/inst/jtag_axi_engine_u/wr_cmd_fifo_i/inst_fifo_gen/gconvfifo.rf/grf.rf/gntv_or_sync_fifo.gl0.rd/gr1.gr1_int.rfwft/gpregsm1.curr_fwft_state[0]_i_1__1/I1) is not included in the LUT equation: 'O6=(A6+~A6)*((A2)+((~A2)*(~A5)*A4))'. If this cell is a user instantiated LUT in the design, please remove connectivity to the pin or change the equation and/or INIT string of the LUT to prevent this issue. If the cell is inferred or IP created LUT, please regenerate the IP and/or resynthesize the design to attempt to correct the issue.
WARNING: [DRC PDCN-1569] LUT equation term check: Used physical LUT pin 'A1' of cell level0_i/blp/blp_i/ss_hif/inst/pcie/inst/debug_wrapper_U/jtag_axi4l_m_inst/inst/jtag_axi_engine_u/wr_cmd_fifo_i/inst_fifo_gen/gconvfifo.rf/grf.rf/gntv_or_sync_fifo.gl0.rd/gr1.gr1_int.rfwft/gpregsm1.user_valid_i_1__1 (pin level0_i/blp/blp_i/ss_hif/inst/pcie/inst/debug_wrapper_U/jtag_axi4l_m_inst/inst/jtag_axi_engine_u/wr_cmd_fifo_i/inst_fifo_gen/gconvfifo.rf/grf.rf/gntv_or_sync_fifo.gl0.rd/gr1.gr1_int.rfwft/gpregsm1.user_valid_i_1__1/I1) is not included in the LUT equation: 'O6=(A2)+((~A2)*(~A5)*A4)'. If this cell is a user instantiated LUT in the design, please remove connectivity to the pin or change the equation and/or INIT string of the LUT to prevent this issue. If the cell is inferred or IP created LUT, please regenerate the IP and/or resynthesize the design to attempt to correct the issue.
WARNING: [DRC PDCN-1569] LUT equation term check: Used physical LUT pin 'A2' of cell level0_i/blp/blp_i/PLP/plp_axi/axi_ic_data_p2p/m01_couplers/auto_ds/inst/gen_downsizer.gen_simple_downsizer.axi_downsizer_inst/USE_READ.read_addr_inst/cmd_queue/inst/fifo_gen_inst/inst_fifo_gen/gconvfifo.rf/grf.rf/gntv_or_sync_fifo.gl0.rd/gr1.gr1_int.rfwft/gpregsm1.user_valid_i_1 (pin level0_i/blp/blp_i/PLP/plp_axi/axi_ic_data_p2p/m01_couplers/auto_ds/inst/gen_downsizer.gen_simple_downsizer.axi_downsizer_inst/USE_READ.read_addr_inst/cmd_queue/inst/fifo_gen_inst/inst_fifo_gen/gconvfifo.rf/grf.rf/gntv_or_sync_fifo.gl0.rd/gr1.gr1_int.rfwft/gpregsm1.user_valid_i_1/I1) is not included in the LUT equation: 'O5=(A1)+((~A1)*(~A5)*A4)'. If this cell is a user instantiated LUT in the design, please remove connectivity to the pin or change the equation and/or INIT string of the LUT to prevent this issue. If the cell is inferred or IP created LUT, please regenerate the IP and/or resynthesize the design to attempt to correct the issue.
WARNING: [DRC PDCN-1569] LUT equation term check: Used physical LUT pin 'A2' of cell level0_i/blp/blp_i/ss_cmp/inst/mgmt_debug_bridge/inst/bs_switch/inst/BSCAN_SWITCH.EXT_BSCAN.bscan_switch/temp_curid[31]_i_1 (pin level0_i/blp/blp_i/ss_cmp/inst/mgmt_debug_bridge/inst/bs_switch/inst/BSCAN_SWITCH.EXT_BSCAN.bscan_switch/temp_curid[31]_i_1/I0) is not included in the LUT equation: 'O6=(A6+~A6)*((A4*A1)+(A4*(~A1)*(~A5))+((~A4)))'. If this cell is a user instantiated LUT in the design, please remove connectivity to the pin or change the equation and/or INIT string of the LUT to prevent this issue. If the cell is inferred or IP created LUT, please regenerate the IP and/or resynthesize the design to attempt to correct the issue.
WARNING: [DRC PDCN-1569] LUT equation term check: Used physical LUT pin 'A2' of cell level0_i/ulp/ulp_cmp/inst/user_debug_bridge/inst/bs_switch_1/inst/BSCAN_SWITCH.EXT_BSCAN.bscan_switch/temp_curid[31]_i_1 (pin level0_i/ulp/ulp_cmp/inst/user_debug_bridge/inst/bs_switch_1/inst/BSCAN_SWITCH.EXT_BSCAN.bscan_switch/temp_curid[31]_i_1/I1) is not included in the LUT equation: 'O6=(A6+~A6)*((A4*A1)+(A4*(~A1)*(~A5))+((~A4)))'. If this cell is a user instantiated LUT in the design, please remove connectivity to the pin or change the equation and/or INIT string of the LUT to prevent this issue. If the cell is inferred or IP created LUT, please regenerate the IP and/or resynthesize the design to attempt to correct the issue.
WARNING: [DRC PDCN-1569] LUT equation term check: Used physical LUT pin 'A3' of cell level0_i/blp/blp_i/PLP/ss_cmp/inst/jtag_axi_master/inst/jtag_axi_engine_u/rd_cmd_fifo_i/inst_fifo_gen/gconvfifo.rf/grf.rf/gntv_or_sync_fifo.gl0.rd/gr1.gr1_int.rfwft/gpregsm1.user_valid_i_1__2 (pin level0_i/blp/blp_i/PLP/ss_cmp/inst/jtag_axi_master/inst/jtag_axi_engine_u/rd_cmd_fifo_i/inst_fifo_gen/gconvfifo.rf/grf.rf/gntv_or_sync_fifo.gl0.rd/gr1.gr1_int.rfwft/gpregsm1.user_valid_i_1__2/I1) is not included in the LUT equation: 'O6=(A6)+((~A6)*(~A2)*A5)'. If this cell is a user instantiated LUT in the design, please remove connectivity to the pin or change the equation and/or INIT string of the LUT to prevent this issue. If the cell is inferred or IP created LUT, please regenerate the IP and/or resynthesize the design to attempt to correct the issue.
WARNING: [DRC PDCN-1569] LUT equation term check: Used physical LUT pin 'A3' of cell level0_i/blp/blp_i/PLP/ss_cmp/inst/jtag_axi_master/inst/jtag_axi_engine_u/wr_cmd_fifo_i/inst_fifo_gen/gconvfifo.rf/grf.rf/gntv_or_sync_fifo.gl0.rd/gr1.gr1_int.rfwft/gpregsm1.curr_fwft_state[0]_i_1__1 (pin level0_i/blp/blp_i/PLP/ss_cmp/inst/jtag_axi_master/inst/jtag_axi_engine_u/wr_cmd_fifo_i/inst_fifo_gen/gconvfifo.rf/grf.rf/gntv_or_sync_fifo.gl0.rd/gr1.gr1_int.rfwft/gpregsm1.curr_fwft_state[0]_i_1__1/I1) is not included in the LUT equation: 'O6=(A6+~A6)*((A4)+((~A4)*(~A5)*A1))'. If this cell is a user instantiated LUT in the design, please remove connectivity to the pin or change the equation and/or INIT string of the LUT to prevent this issue. If the cell is inferred or IP created LUT, please regenerate the IP and/or resynthesize the design to attempt to correct the issue.
WARNING: [DRC PDCN-1569] LUT equation term check: Used physical LUT pin 'A3' of cell level0_i/blp/blp_i/ss_cmp/inst/mgmt_debug_bridge/inst/bs_switch/inst/BSCAN_SWITCH.EXT_BSCAN.bscan_switch/temp_curid[31]_i_1 (pin level0_i/blp/blp_i/ss_cmp/inst/mgmt_debug_bridge/inst/bs_switch/inst/BSCAN_SWITCH.EXT_BSCAN.bscan_switch/temp_curid[31]_i_1/I1) is not included in the LUT equation: 'O6=(A6+~A6)*((A4*A1)+(A4*(~A1)*(~A5))+((~A4)))'. If this cell is a user instantiated LUT in the design, please remove connectivity to the pin or change the equation and/or INIT string of the LUT to prevent this issue. If the cell is inferred or IP created LUT, please regenerate the IP and/or resynthesize the design to attempt to correct the issue.
WARNING: [DRC PDCN-1569] LUT equation term check: Used physical LUT pin 'A3' of cell level0_i/blp/blp_i/ss_cmp/inst/mgmt_debug_bridge/inst/bs_switch_1/inst/BSCAN_SWITCH.EXT_BSCAN.bscan_switch/temp_curid[31]_i_1 (pin level0_i/blp/blp_i/ss_cmp/inst/mgmt_debug_bridge/inst/bs_switch_1/inst/BSCAN_SWITCH.EXT_BSCAN.bscan_switch/temp_curid[31]_i_1/I0) is not included in the LUT equation: 'O6=(A6+~A6)*((A1*A2)+(A1*(~A2)*(~A4))+((~A1)))'. If this cell is a user instantiated LUT in the design, please remove connectivity to the pin or change the equation and/or INIT string of the LUT to prevent this issue. If the cell is inferred or IP created LUT, please regenerate the IP and/or resynthesize the design to attempt to correct the issue.
WARNING: [DRC PDCN-1569] LUT equation term check: Used physical LUT pin 'A3' of cell level0_i/ulp/ulp_cmp/inst/user_debug_bridge/inst/bs_switch_1/inst/BSCAN_SWITCH.EXT_BSCAN.bscan_switch/temp_curid[31]_i_1 (pin level0_i/ulp/ulp_cmp/inst/user_debug_bridge/inst/bs_switch_1/inst/BSCAN_SWITCH.EXT_BSCAN.bscan_switch/temp_curid[31]_i_1/I0) is not included in the LUT equation: 'O6=(A6+~A6)*((A4*A1)+(A4*(~A1)*(~A5))+((~A4)))'. If this cell is a user instantiated LUT in the design, please remove connectivity to the pin or change the equation and/or INIT string of the LUT to prevent this issue. If the cell is inferred or IP created LUT, please regenerate the IP and/or resynthesize the design to attempt to correct the issue.
WARNING: [DRC PDCN-1569] LUT equation term check: Used physical LUT pin 'A4' of cell level0_i/blp/blp_i/PLP/ss_cmp/inst/jtag_axi_master/inst/jtag_axi_engine_u/rd_cmd_fifo_i/inst_fifo_gen/gconvfifo.rf/grf.rf/gntv_or_sync_fifo.gl0.rd/gr1.gr1_int.rfwft/gpregsm1.curr_fwft_state[0]_i_1__2 (pin level0_i/blp/blp_i/PLP/ss_cmp/inst/jtag_axi_master/inst/jtag_axi_engine_u/rd_cmd_fifo_i/inst_fifo_gen/gconvfifo.rf/grf.rf/gntv_or_sync_fifo.gl0.rd/gr1.gr1_int.rfwft/gpregsm1.curr_fwft_state[0]_i_1__2/I1) is not included in the LUT equation: 'O5=(A1)+((~A1)*(~A5)*A3)'. If this cell is a user instantiated LUT in the design, please remove connectivity to the pin or change the equation and/or INIT string of the LUT to prevent this issue. If the cell is inferred or IP created LUT, please regenerate the IP and/or resynthesize the design to attempt to correct the issue.
WARNING: [DRC PDCN-1569] LUT equation term check: Used physical LUT pin 'A4' of cell level0_i/blp/blp_i/PLP/ss_cmp/inst/jtag_axi_master/inst/jtag_axi_engine_u/tx_fifo_i/inst_fifo_gen/gconvfifo.rf/grf.rf/gntv_or_sync_fifo.gl0.rd/gr1.gr1_int.rfwft/gpregsm1.curr_fwft_state[0]_i_1__0 (pin level0_i/blp/blp_i/PLP/ss_cmp/inst/jtag_axi_master/inst/jtag_axi_engine_u/tx_fifo_i/inst_fifo_gen/gconvfifo.rf/grf.rf/gntv_or_sync_fifo.gl0.rd/gr1.gr1_int.rfwft/gpregsm1.curr_fwft_state[0]_i_1__0/I1) is not included in the LUT equation: 'O6=(A6+~A6)*((A2)+((~A2)*(~A3)*A5))'. If this cell is a user instantiated LUT in the design, please remove connectivity to the pin or change the equation and/or INIT string of the LUT to prevent this issue. If the cell is inferred or IP created LUT, please regenerate the IP and/or resynthesize the design to attempt to correct the issue.
WARNING: [DRC PDCN-1569] LUT equation term check: Used physical LUT pin 'A4' of cell level0_i/blp/blp_i/ss_cmp/inst/mgmt_debug_hub/inst/bs_switch/inst/BSCAN_SWITCH.EXT_BSCAN.bscan_switch/temp_curid[31]_i_1 (pin level0_i/blp/blp_i/ss_cmp/inst/mgmt_debug_hub/inst/bs_switch/inst/BSCAN_SWITCH.EXT_BSCAN.bscan_switch/temp_curid[31]_i_1/I0) is not included in the LUT equation: 'O6=(A6+~A6)*((A2*A5)+(A2*(~A5)*(~A3))+((~A2)))'. If this cell is a user instantiated LUT in the design, please remove connectivity to the pin or change the equation and/or INIT string of the LUT to prevent this issue. If the cell is inferred or IP created LUT, please regenerate the IP and/or resynthesize the design to attempt to correct the issue.
WARNING: [DRC PDCN-1569] LUT equation term check: Used physical LUT pin 'A4' of cell level0_i/blp/blp_i/ss_cmp/inst/mgmt_debug_hub/inst/xsdbm/inst/BSCANID.u_xsdbm_id/EXT_BSCAN.id_state[0]_i_1 (pin level0_i/blp/blp_i/ss_cmp/inst/mgmt_debug_hub/inst/xsdbm/inst/BSCANID.u_xsdbm_id/EXT_BSCAN.id_state[0]_i_1/I0) is not included in the LUT equation: 'O6=(A6+~A6)*((A3))'. If this cell is a user instantiated LUT in the design, please remove connectivity to the pin or change the equation and/or INIT string of the LUT to prevent this issue. If the cell is inferred or IP created LUT, please regenerate the IP and/or resynthesize the design to attempt to correct the issue.
WARNING: [DRC PDCN-1569] LUT equation term check: Used physical LUT pin 'A5' of cell level0_i/blp/blp_i/PLP/plp_axi/axi_ic_data_p2p/m01_couplers/auto_ds/inst/gen_downsizer.gen_simple_downsizer.axi_downsizer_inst/USE_WRITE.write_addr_inst/cmd_queue/inst/fifo_gen_inst/inst_fifo_gen/gconvfifo.rf/grf.rf/gntv_or_sync_fifo.gl0.rd/gr1.gr1_int.rfwft/gpregsm1.user_valid_i_1 (pin level0_i/blp/blp_i/PLP/plp_axi/axi_ic_data_p2p/m01_couplers/auto_ds/inst/gen_downsizer.gen_simple_downsizer.axi_downsizer_inst/USE_WRITE.write_addr_inst/cmd_queue/inst/fifo_gen_inst/inst_fifo_gen/gconvfifo.rf/grf.rf/gntv_or_sync_fifo.gl0.rd/gr1.gr1_int.rfwft/gpregsm1.user_valid_i_1/I1) is not included in the LUT equation: 'O5=(A1)+((~A1)*(~A4)*A2)'. If this cell is a user instantiated LUT in the design, please remove connectivity to the pin or change the equation and/or INIT string of the LUT to prevent this issue. If the cell is inferred or IP created LUT, please regenerate the IP and/or resynthesize the design to attempt to correct the issue.
WARNING: [DRC PDCN-1569] LUT equation term check: Used physical LUT pin 'A5' of cell level0_i/blp/blp_i/PLP/ss_cmp/inst/jtag_axi_master/inst/jtag_axi_engine_u/wr_cmd_fifo_i/inst_fifo_gen/gconvfifo.rf/grf.rf/gntv_or_sync_fifo.gl0.rd/gr1.gr1_int.rfwft/gpregsm1.user_valid_i_1__1 (pin level0_i/blp/blp_i/PLP/ss_cmp/inst/jtag_axi_master/inst/jtag_axi_engine_u/wr_cmd_fifo_i/inst_fifo_gen/gconvfifo.rf/grf.rf/gntv_or_sync_fifo.gl0.rd/gr1.gr1_int.rfwft/gpregsm1.user_valid_i_1__1/I1) is not included in the LUT equation: 'O6=(A3)+((~A3)*(~A6)*A4)'. If this cell is a user instantiated LUT in the design, please remove connectivity to the pin or change the equation and/or INIT string of the LUT to prevent this issue. If the cell is inferred or IP created LUT, please regenerate the IP and/or resynthesize the design to attempt to correct the issue.
WARNING: [DRC PDCN-1569] LUT equation term check: Used physical LUT pin 'A5' of cell level0_i/blp/blp_i/ss_cmp/inst/jtag_fallback/inst/bs_switch/inst/BSCAN_SWITCH.N_EXT_BSCAN.bscan_switch/temp_curid[31]_i_1 (pin level0_i/blp/blp_i/ss_cmp/inst/jtag_fallback/inst/bs_switch/inst/BSCAN_SWITCH.N_EXT_BSCAN.bscan_switch/temp_curid[31]_i_1/I0) is not included in the LUT equation: 'O5=(A2*A3)+(A2*(~A3)*(~A4))+((~A2))'. If this cell is a user instantiated LUT in the design, please remove connectivity to the pin or change the equation and/or INIT string of the LUT to prevent this issue. If the cell is inferred or IP created LUT, please regenerate the IP and/or resynthesize the design to attempt to correct the issue.
WARNING: [DRC PDCN-1569] LUT equation term check: Used physical LUT pin 'A5' of cell level0_i/blp/blp_i/ss_cmp/inst/mgmt_debug_bridge/inst/bs_mux/inst/id_state[0]_i_1 (pin level0_i/blp/blp_i/ss_cmp/inst/mgmt_debug_bridge/inst/bs_mux/inst/id_state[0]_i_1/I0) is not included in the LUT equation: 'O6=(A6+~A6)*((A3))'. If this cell is a user instantiated LUT in the design, please remove connectivity to the pin or change the equation and/or INIT string of the LUT to prevent this issue. If the cell is inferred or IP created LUT, please regenerate the IP and/or resynthesize the design to attempt to correct the issue.
WARNING: [DRC PDCN-1569] LUT equation term check: Used physical LUT pin 'A5' of cell level0_i/blp/blp_i/ss_cmp/inst/mgmt_debug_bridge/inst/bs_switch_1/inst/BSCAN_SWITCH.EXT_BSCAN.bscan_switch/temp_curid[31]_i_1 (pin level0_i/blp/blp_i/ss_cmp/inst/mgmt_debug_bridge/inst/bs_switch_1/inst/BSCAN_SWITCH.EXT_BSCAN.bscan_switch/temp_curid[31]_i_1/I1) is not included in the LUT equation: 'O6=(A6+~A6)*((A1*A2)+(A1*(~A2)*(~A4))+((~A1)))'. If this cell is a user instantiated LUT in the design, please remove connectivity to the pin or change the equation and/or INIT string of the LUT to prevent this issue. If the cell is inferred or IP created LUT, please regenerate the IP and/or resynthesize the design to attempt to correct the issue.
WARNING: [DRC PDCN-1569] LUT equation term check: Used physical LUT pin 'A6' of cell level0_i/blp/blp_i/ss_hif/inst/pcie/inst/debug_wrapper_U/jtag_axi4l_m_inst/inst/jtag_axi_engine_u/rd_cmd_fifo_i/inst_fifo_gen/gconvfifo.rf/grf.rf/gntv_or_sync_fifo.gl0.rd/gr1.gr1_int.rfwft/gpregsm1.user_valid_i_1__2 (pin level0_i/blp/blp_i/ss_hif/inst/pcie/inst/debug_wrapper_U/jtag_axi4l_m_inst/inst/jtag_axi_engine_u/rd_cmd_fifo_i/inst_fifo_gen/gconvfifo.rf/grf.rf/gntv_or_sync_fifo.gl0.rd/gr1.gr1_int.rfwft/gpregsm1.user_valid_i_1__2/I1) is not included in the LUT equation: 'O6=(A1)+((~A1)*(~A4)*A3)'. If this cell is a user instantiated LUT in the design, please remove connectivity to the pin or change the equation and/or INIT string of the LUT to prevent this issue. If the cell is inferred or IP created LUT, please regenerate the IP and/or resynthesize the design to attempt to correct the issue.
WARNING: [DRC REQP-1774] RAMB36E2_WRITE_WIDTH_A_18_doesnt_use_WEA32: The RAMB36E2 cell level0_i/blp/blp_i/ss_cmc/inst/reg_map_bram/U0/inst_blk_mem_gen/gnbram.gnative_mem_map_bmg.native_mem_map_blk_mem_gen/valid.cstr/ramloop[0].ram.r/prim_noinit.ram/DEVICE_8SERIES.WITH_BMM_INFO.TRUE_DP.SIMPLE_PRIM36.SERIES8_TDP_SP36_NO_ECC_ATTR.ram has WRITE_WIDTH_A set to 18. The WEA[3:2] pins should not be connected to active signal.
WARNING: [DRC REQP-1774] RAMB36E2_WRITE_WIDTH_A_18_doesnt_use_WEA32: The RAMB36E2 cell level0_i/blp/blp_i/ss_cmc/inst/reg_map_bram/U0/inst_blk_mem_gen/gnbram.gnative_mem_map_bmg.native_mem_map_blk_mem_gen/valid.cstr/ramloop[1].ram.r/prim_noinit.ram/DEVICE_8SERIES.WITH_BMM_INFO.TRUE_DP.SIMPLE_PRIM36.SERIES8_TDP_SP36_NO_ECC_ATTR.ram has WRITE_WIDTH_A set to 18. The WEA[3:2] pins should not be connected to active signal.
WARNING: [DRC REQP-1776] RAMB36E2_WRITE_WIDTH_B_18_doesnt_use_WEB72: The RAMB36E2 cell level0_i/blp/blp_i/ss_cmc/inst/reg_map_bram/U0/inst_blk_mem_gen/gnbram.gnative_mem_map_bmg.native_mem_map_blk_mem_gen/valid.cstr/ramloop[0].ram.r/prim_noinit.ram/DEVICE_8SERIES.WITH_BMM_INFO.TRUE_DP.SIMPLE_PRIM36.SERIES8_TDP_SP36_NO_ECC_ATTR.ram has WRITE_WIDTH_B set to 18. The WEBWE[7:2] pins should not be connected to active signal.
WARNING: [DRC REQP-1776] RAMB36E2_WRITE_WIDTH_B_18_doesnt_use_WEB72: The RAMB36E2 cell level0_i/blp/blp_i/ss_cmc/inst/reg_map_bram/U0/inst_blk_mem_gen/gnbram.gnative_mem_map_bmg.native_mem_map_blk_mem_gen/valid.cstr/ramloop[1].ram.r/prim_noinit.ram/DEVICE_8SERIES.WITH_BMM_INFO.TRUE_DP.SIMPLE_PRIM36.SERIES8_TDP_SP36_NO_ECC_ATTR.ram has WRITE_WIDTH_B set to 18. The WEBWE[7:2] pins should not be connected to active signal.
WARNING: [DRC REQP-1858] RAMB36E2_writefirst_collision_advisory: Synchronous clocking is detected for BRAM (level0_i/blp/blp_i/ss_hif/inst/pcie/inst/bd_39ab_pcie_0_pcie_4_0_pipe_inst/pcie_4_0_bram_inst/RAM32K.bram_comp_inst/bram_16k_0_int/ECC_RAM.RAMB36E2[0].ramb36e2_inst) in SDP mode with WRITE_FIRST write-mode. It is strongly suggested to change this mode to NO_CHANGE for best power characteristics. However, both WRITE_FIRST and NO_CHANGE may exhibit address collisions if the same address appears on both read and write ports resulting in unknown or corrupted read data. It is suggested to confirm via simulation that an address collision never occurs and if so it is suggested to try and avoid this situation. If address collisions cannot be avoided, the write-mode may be set to READ_FIRST which guarantees that the read data is the prior contents of the memory at the cost of additional power in the design. See the FPGA Memory Resources User Guide for additional information.
WARNING: [DRC REQP-1858] RAMB36E2_writefirst_collision_advisory: Synchronous clocking is detected for BRAM (level0_i/blp/blp_i/ss_hif/inst/pcie/inst/bd_39ab_pcie_0_pcie_4_0_pipe_inst/pcie_4_0_bram_inst/RAM32K.bram_comp_inst/bram_16k_0_int/ECC_RAM.RAMB36E2[1].ramb36e2_inst) in SDP mode with WRITE_FIRST write-mode. It is strongly suggested to change this mode to NO_CHANGE for best power characteristics. However, both WRITE_FIRST and NO_CHANGE may exhibit address collisions if the same address appears on both read and write ports resulting in unknown or corrupted read data. It is suggested to confirm via simulation that an address collision never occurs and if so it is suggested to try and avoid this situation. If address collisions cannot be avoided, the write-mode may be set to READ_FIRST which guarantees that the read data is the prior contents of the memory at the cost of additional power in the design. See the FPGA Memory Resources User Guide for additional information.
WARNING: [DRC REQP-1858] RAMB36E2_writefirst_collision_advisory: Synchronous clocking is detected for BRAM (level0_i/blp/blp_i/ss_hif/inst/pcie/inst/bd_39ab_pcie_0_pcie_4_0_pipe_inst/pcie_4_0_bram_inst/RAM32K.bram_comp_inst/bram_16k_0_int/ECC_RAM.RAMB36E2[2].ramb36e2_inst) in SDP mode with WRITE_FIRST write-mode. It is strongly suggested to change this mode to NO_CHANGE for best power characteristics. However, both WRITE_FIRST and NO_CHANGE may exhibit address collisions if the same address appears on both read and write ports resulting in unknown or corrupted read data. It is suggested to confirm via simulation that an address collision never occurs and if so it is suggested to try and avoid this situation. If address collisions cannot be avoided, the write-mode may be set to READ_FIRST which guarantees that the read data is the prior contents of the memory at the cost of additional power in the design. See the FPGA Memory Resources User Guide for additional information.
WARNING: [DRC REQP-1858] RAMB36E2_writefirst_collision_advisory: Synchronous clocking is detected for BRAM (level0_i/blp/blp_i/ss_hif/inst/pcie/inst/bd_39ab_pcie_0_pcie_4_0_pipe_inst/pcie_4_0_bram_inst/RAM32K.bram_comp_inst/bram_16k_0_int/ECC_RAM.RAMB36E2[3].ramb36e2_inst) in SDP mode with WRITE_FIRST write-mode. It is strongly suggested to change this mode to NO_CHANGE for best power characteristics. However, both WRITE_FIRST and NO_CHANGE may exhibit address collisions if the same address appears on both read and write ports resulting in unknown or corrupted read data. It is suggested to confirm via simulation that an address collision never occurs and if so it is suggested to try and avoid this situation. If address collisions cannot be avoided, the write-mode may be set to READ_FIRST which guarantees that the read data is the prior contents of the memory at the cost of additional power in the design. See the FPGA Memory Resources User Guide for additional information.
WARNING: [DRC REQP-1858] RAMB36E2_writefirst_collision_advisory: Synchronous clocking is detected for BRAM (level0_i/blp/blp_i/ss_hif/inst/pcie/inst/bd_39ab_pcie_0_pcie_4_0_pipe_inst/pcie_4_0_bram_inst/RAM32K.bram_comp_inst/bram_16k_0_int/ECC_RAM.RAMB36E2[4].ramb36e2_inst) in SDP mode with WRITE_FIRST write-mode. It is strongly suggested to change this mode to NO_CHANGE for best power characteristics. However, both WRITE_FIRST and NO_CHANGE may exhibit address collisions if the same address appears on both read and write ports resulting in unknown or corrupted read data. It is suggested to confirm via simulation that an address collision never occurs and if so it is suggested to try and avoid this situation. If address collisions cannot be avoided, the write-mode may be set to READ_FIRST which guarantees that the read data is the prior contents of the memory at the cost of additional power in the design. See the FPGA Memory Resources User Guide for additional information.
WARNING: [DRC REQP-1858] RAMB36E2_writefirst_collision_advisory: Synchronous clocking is detected for BRAM (level0_i/blp/blp_i/ss_hif/inst/pcie/inst/bd_39ab_pcie_0_pcie_4_0_pipe_inst/pcie_4_0_bram_inst/RAM32K.bram_comp_inst/bram_16k_0_int/ECC_RAM.RAMB36E2[5].ramb36e2_inst) in SDP mode with WRITE_FIRST write-mode. It is strongly suggested to change this mode to NO_CHANGE for best power characteristics. However, both WRITE_FIRST and NO_CHANGE may exhibit address collisions if the same address appears on both read and write ports resulting in unknown or corrupted read data. It is suggested to confirm via simulation that an address collision never occurs and if so it is suggested to try and avoid this situation. If address collisions cannot be avoided, the write-mode may be set to READ_FIRST which guarantees that the read data is the prior contents of the memory at the cost of additional power in the design. See the FPGA Memory Resources User Guide for additional information.
WARNING: [DRC REQP-1858] RAMB36E2_writefirst_collision_advisory: Synchronous clocking is detected for BRAM (level0_i/blp/blp_i/ss_hif/inst/pcie/inst/bd_39ab_pcie_0_pcie_4_0_pipe_inst/pcie_4_0_bram_inst/RAM32K.bram_comp_inst/bram_16k_1_int/ECC_RAM.RAMB36E2[0].ramb36e2_inst) in SDP mode with WRITE_FIRST write-mode. It is strongly suggested to change this mode to NO_CHANGE for best power characteristics. However, both WRITE_FIRST and NO_CHANGE may exhibit address collisions if the same address appears on both read and write ports resulting in unknown or corrupted read data. It is suggested to confirm via simulation that an address collision never occurs and if so it is suggested to try and avoid this situation. If address collisions cannot be avoided, the write-mode may be set to READ_FIRST which guarantees that the read data is the prior contents of the memory at the cost of additional power in the design. See the FPGA Memory Resources User Guide for additional information.
WARNING: [DRC REQP-1858] RAMB36E2_writefirst_collision_advisory: Synchronous clocking is detected for BRAM (level0_i/blp/blp_i/ss_hif/inst/pcie/inst/bd_39ab_pcie_0_pcie_4_0_pipe_inst/pcie_4_0_bram_inst/RAM32K.bram_comp_inst/bram_16k_1_int/ECC_RAM.RAMB36E2[1].ramb36e2_inst) in SDP mode with WRITE_FIRST write-mode. It is strongly suggested to change this mode to NO_CHANGE for best power characteristics. However, both WRITE_FIRST and NO_CHANGE may exhibit address collisions if the same address appears on both read and write ports resulting in unknown or corrupted read data. It is suggested to confirm via simulation that an address collision never occurs and if so it is suggested to try and avoid this situation. If address collisions cannot be avoided, the write-mode may be set to READ_FIRST which guarantees that the read data is the prior contents of the memory at the cost of additional power in the design. See the FPGA Memory Resources User Guide for additional information.
WARNING: [DRC REQP-1858] RAMB36E2_writefirst_collision_advisory: Synchronous clocking is detected for BRAM (level0_i/blp/blp_i/ss_hif/inst/pcie/inst/bd_39ab_pcie_0_pcie_4_0_pipe_inst/pcie_4_0_bram_inst/RAM32K.bram_comp_inst/bram_16k_1_int/ECC_RAM.RAMB36E2[2].ramb36e2_inst) in SDP mode with WRITE_FIRST write-mode. It is strongly suggested to change this mode to NO_CHANGE for best power characteristics. However, both WRITE_FIRST and NO_CHANGE may exhibit address collisions if the same address appears on both read and write ports resulting in unknown or corrupted read data. It is suggested to confirm via simulation that an address collision never occurs and if so it is suggested to try and avoid this situation. If address collisions cannot be avoided, the write-mode may be set to READ_FIRST which guarantees that the read data is the prior contents of the memory at the cost of additional power in the design. See the FPGA Memory Resources User Guide for additional information.
WARNING: [DRC REQP-1858] RAMB36E2_writefirst_collision_advisory: Synchronous clocking is detected for BRAM (level0_i/blp/blp_i/ss_hif/inst/pcie/inst/bd_39ab_pcie_0_pcie_4_0_pipe_inst/pcie_4_0_bram_inst/RAM32K.bram_comp_inst/bram_16k_1_int/ECC_RAM.RAMB36E2[3].ramb36e2_inst) in SDP mode with WRITE_FIRST write-mode. It is strongly suggested to change this mode to NO_CHANGE for best power characteristics. However, both WRITE_FIRST and NO_CHANGE may exhibit address collisions if the same address appears on both read and write ports resulting in unknown or corrupted read data. It is suggested to confirm via simulation that an address collision never occurs and if so it is suggested to try and avoid this situation. If address collisions cannot be avoided, the write-mode may be set to READ_FIRST which guarantees that the read data is the prior contents of the memory at the cost of additional power in the design. See the FPGA Memory Resources User Guide for additional information.
WARNING: [DRC REQP-1858] RAMB36E2_writefirst_collision_advisory: Synchronous clocking is detected for BRAM (level0_i/blp/blp_i/ss_hif/inst/pcie/inst/bd_39ab_pcie_0_pcie_4_0_pipe_inst/pcie_4_0_bram_inst/RAM32K.bram_comp_inst/bram_16k_1_int/ECC_RAM.RAMB36E2[4].ramb36e2_inst) in SDP mode with WRITE_FIRST write-mode. It is strongly suggested to change this mode to NO_CHANGE for best power characteristics. However, both WRITE_FIRST and NO_CHANGE may exhibit address collisions if the same address appears on both read and write ports resulting in unknown or corrupted read data. It is suggested to confirm via simulation that an address collision never occurs and if so it is suggested to try and avoid this situation. If address collisions cannot be avoided, the write-mode may be set to READ_FIRST which guarantees that the read data is the prior contents of the memory at the cost of additional power in the design. See the FPGA Memory Resources User Guide for additional information.
WARNING: [DRC REQP-1858] RAMB36E2_writefirst_collision_advisory: Synchronous clocking is detected for BRAM (level0_i/blp/blp_i/ss_hif/inst/pcie/inst/bd_39ab_pcie_0_pcie_4_0_pipe_inst/pcie_4_0_bram_inst/RAM32K.bram_comp_inst/bram_16k_1_int/ECC_RAM.RAMB36E2[5].ramb36e2_inst) in SDP mode with WRITE_FIRST write-mode. It is strongly suggested to change this mode to NO_CHANGE for best power characteristics. However, both WRITE_FIRST and NO_CHANGE may exhibit address collisions if the same address appears on both read and write ports resulting in unknown or corrupted read data. It is suggested to confirm via simulation that an address collision never occurs and if so it is suggested to try and avoid this situation. If address collisions cannot be avoided, the write-mode may be set to READ_FIRST which guarantees that the read data is the prior contents of the memory at the cost of additional power in the design. See the FPGA Memory Resources User Guide for additional information.
WARNING: [DRC REQP-1858] RAMB36E2_writefirst_collision_advisory: Synchronous clocking is detected for BRAM (level0_i/blp/blp_i/ss_hif/inst/pcie/inst/bd_39ab_pcie_0_pcie_4_0_pipe_inst/pcie_4_0_bram_inst/bram_post_inst/bram_16k_int/ECC_RAM.RAMB36E2[0].ramb36e2_inst) in SDP mode with WRITE_FIRST write-mode. It is strongly suggested to change this mode to NO_CHANGE for best power characteristics. However, both WRITE_FIRST and NO_CHANGE may exhibit address collisions if the same address appears on both read and write ports resulting in unknown or corrupted read data. It is suggested to confirm via simulation that an address collision never occurs and if so it is suggested to try and avoid this situation. If address collisions cannot be avoided, the write-mode may be set to READ_FIRST which guarantees that the read data is the prior contents of the memory at the cost of additional power in the design. See the FPGA Memory Resources User Guide for additional information.
WARNING: [DRC REQP-1858] RAMB36E2_writefirst_collision_advisory: Synchronous clocking is detected for BRAM (level0_i/blp/blp_i/ss_hif/inst/pcie/inst/bd_39ab_pcie_0_pcie_4_0_pipe_inst/pcie_4_0_bram_inst/bram_post_inst/bram_16k_int/ECC_RAM.RAMB36E2[1].ramb36e2_inst) in SDP mode with WRITE_FIRST write-mode. It is strongly suggested to change this mode to NO_CHANGE for best power characteristics. However, both WRITE_FIRST and NO_CHANGE may exhibit address collisions if the same address appears on both read and write ports resulting in unknown or corrupted read data. It is suggested to confirm via simulation that an address collision never occurs and if so it is suggested to try and avoid this situation. If address collisions cannot be avoided, the write-mode may be set to READ_FIRST which guarantees that the read data is the prior contents of the memory at the cost of additional power in the design. See the FPGA Memory Resources User Guide for additional information.
WARNING: [DRC REQP-1858] RAMB36E2_writefirst_collision_advisory: Synchronous clocking is detected for BRAM (level0_i/blp/blp_i/ss_hif/inst/pcie/inst/bd_39ab_pcie_0_pcie_4_0_pipe_inst/pcie_4_0_bram_inst/bram_post_inst/bram_16k_int/ECC_RAM.RAMB36E2[2].ramb36e2_inst) in SDP mode with WRITE_FIRST write-mode. It is strongly suggested to change this mode to NO_CHANGE for best power characteristics. However, both WRITE_FIRST and NO_CHANGE may exhibit address collisions if the same address appears on both read and write ports resulting in unknown or corrupted read data. It is suggested to confirm via simulation that an address collision never occurs and if so it is suggested to try and avoid this situation. If address collisions cannot be avoided, the write-mode may be set to READ_FIRST which guarantees that the read data is the prior contents of the memory at the cost of additional power in the design. See the FPGA Memory Resources User Guide for additional information.
WARNING: [DRC REQP-1858] RAMB36E2_writefirst_collision_advisory: Synchronous clocking is detected for BRAM (level0_i/blp/blp_i/ss_hif/inst/pcie/inst/bd_39ab_pcie_0_pcie_4_0_pipe_inst/pcie_4_0_bram_inst/bram_post_inst/bram_16k_int/ECC_RAM.RAMB36E2[3].ramb36e2_inst) in SDP mode with WRITE_FIRST write-mode. It is strongly suggested to change this mode to NO_CHANGE for best power characteristics. However, both WRITE_FIRST and NO_CHANGE may exhibit address collisions if the same address appears on both read and write ports resulting in unknown or corrupted read data. It is suggested to confirm via simulation that an address collision never occurs and if so it is suggested to try and avoid this situation. If address collisions cannot be avoided, the write-mode may be set to READ_FIRST which guarantees that the read data is the prior contents of the memory at the cost of additional power in the design. See the FPGA Memory Resources User Guide for additional information.
WARNING: [DRC REQP-1858] RAMB36E2_writefirst_collision_advisory: Synchronous clocking is detected for BRAM (level0_i/blp/blp_i/ss_hif/inst/pcie/inst/bd_39ab_pcie_0_pcie_4_0_pipe_inst/pcie_4_0_bram_inst/bram_post_inst/bram_16k_int/ECC_RAM.RAMB36E2[4].ramb36e2_inst) in SDP mode with WRITE_FIRST write-mode. It is strongly suggested to change this mode to NO_CHANGE for best power characteristics. However, both WRITE_FIRST and NO_CHANGE may exhibit address collisions if the same address appears on both read and write ports resulting in unknown or corrupted read data. It is suggested to confirm via simulation that an address collision never occurs and if so it is suggested to try and avoid this situation. If address collisions cannot be avoided, the write-mode may be set to READ_FIRST which guarantees that the read data is the prior contents of the memory at the cost of additional power in the design. See the FPGA Memory Resources User Guide for additional information.
WARNING: [DRC REQP-1858] RAMB36E2_writefirst_collision_advisory: Synchronous clocking is detected for BRAM (level0_i/blp/blp_i/ss_hif/inst/pcie/inst/bd_39ab_pcie_0_pcie_4_0_pipe_inst/pcie_4_0_bram_inst/bram_post_inst/bram_16k_int/ECC_RAM.RAMB36E2[5].ramb36e2_inst) in SDP mode with WRITE_FIRST write-mode. It is strongly suggested to change this mode to NO_CHANGE for best power characteristics. However, both WRITE_FIRST and NO_CHANGE may exhibit address collisions if the same address appears on both read and write ports resulting in unknown or corrupted read data. It is suggested to confirm via simulation that an address collision never occurs and if so it is suggested to try and avoid this situation. If address collisions cannot be avoided, the write-mode may be set to READ_FIRST which guarantees that the read data is the prior contents of the memory at the cost of additional power in the design. See the FPGA Memory Resources User Guide for additional information.
WARNING: [DRC REQP-1858] RAMB36E2_writefirst_collision_advisory: Synchronous clocking is detected for BRAM (level0_i/blp/blp_i/ss_hif/inst/pcie/inst/bd_39ab_pcie_0_pcie_4_0_pipe_inst/pcie_4_0_bram_inst/bram_repl_inst/bram_rep_int_0/ECC_RAM.RAMB36E2[0].ramb36e2_inst) in SDP mode with WRITE_FIRST write-mode. It is strongly suggested to change this mode to NO_CHANGE for best power characteristics. However, both WRITE_FIRST and NO_CHANGE may exhibit address collisions if the same address appears on both read and write ports resulting in unknown or corrupted read data. It is suggested to confirm via simulation that an address collision never occurs and if so it is suggested to try and avoid this situation. If address collisions cannot be avoided, the write-mode may be set to READ_FIRST which guarantees that the read data is the prior contents of the memory at the cost of additional power in the design. See the FPGA Memory Resources User Guide for additional information.
WARNING: [DRC REQP-1858] RAMB36E2_writefirst_collision_advisory: Synchronous clocking is detected for BRAM (level0_i/blp/blp_i/ss_hif/inst/pcie/inst/bd_39ab_pcie_0_pcie_4_0_pipe_inst/pcie_4_0_bram_inst/bram_repl_inst/bram_rep_int_0/ECC_RAM.RAMB36E2[1].ramb36e2_inst) in SDP mode with WRITE_FIRST write-mode. It is strongly suggested to change this mode to NO_CHANGE for best power characteristics. However, both WRITE_FIRST and NO_CHANGE may exhibit address collisions if the same address appears on both read and write ports resulting in unknown or corrupted read data. It is suggested to confirm via simulation that an address collision never occurs and if so it is suggested to try and avoid this situation. If address collisions cannot be avoided, the write-mode may be set to READ_FIRST which guarantees that the read data is the prior contents of the memory at the cost of additional power in the design. See the FPGA Memory Resources User Guide for additional information.
WARNING: [DRC REQP-1858] RAMB36E2_writefirst_collision_advisory: Synchronous clocking is detected for BRAM (level0_i/blp/blp_i/ss_hif/inst/pcie/inst/bd_39ab_pcie_0_pcie_4_0_pipe_inst/pcie_4_0_bram_inst/bram_repl_inst/bram_rep_int_0/ECC_RAM.RAMB36E2[2].ramb36e2_inst) in SDP mode with WRITE_FIRST write-mode. It is strongly suggested to change this mode to NO_CHANGE for best power characteristics. However, both WRITE_FIRST and NO_CHANGE may exhibit address collisions if the same address appears on both read and write ports resulting in unknown or corrupted read data. It is suggested to confirm via simulation that an address collision never occurs and if so it is suggested to try and avoid this situation. If address collisions cannot be avoided, the write-mode may be set to READ_FIRST which guarantees that the read data is the prior contents of the memory at the cost of additional power in the design. See the FPGA Memory Resources User Guide for additional information.
WARNING: [DRC REQP-1858] RAMB36E2_writefirst_collision_advisory: Synchronous clocking is detected for BRAM (level0_i/blp/blp_i/ss_hif/inst/pcie/inst/bd_39ab_pcie_0_pcie_4_0_pipe_inst/pcie_4_0_bram_inst/bram_repl_inst/bram_rep_int_0/ECC_RAM.RAMB36E2[3].ramb36e2_inst) in SDP mode with WRITE_FIRST write-mode. It is strongly suggested to change this mode to NO_CHANGE for best power characteristics. However, both WRITE_FIRST and NO_CHANGE may exhibit address collisions if the same address appears on both read and write ports resulting in unknown or corrupted read data. It is suggested to confirm via simulation that an address collision never occurs and if so it is suggested to try and avoid this situation. If address collisions cannot be avoided, the write-mode may be set to READ_FIRST which guarantees that the read data is the prior contents of the memory at the cost of additional power in the design. See the FPGA Memory Resources User Guide for additional information.
WARNING: [DRC RTSTAT-10] No routable loads: 199 net(s) have no routable loads. The problem bus(es) and/or net(s) are level0_i/blp/blp_i/ss_cmp/inst/mgmt_debug_hub/inst/xsdbm/inst/BSCANID.u_xsdbm_id/EXT_BSCAN.reset_i, level0_i/blp/blp_i/ss_cmp/inst/mgmt_debug_hub/inst/xsdbm/inst/BSCANID.u_xsdbm_id/EXT_BSCAN.runtest_i, level0_i/blp/blp_i/ss_cmp/inst/mgmt_debug_hub/inst/xsdbm/inst/BSCANID.u_xsdbm_id/EXT_BSCAN.tck_i, level0_i/blp/blp_i/ss_cmp/inst/mgmt_debug_hub/inst/xsdbm/inst/BSCANID.u_xsdbm_id/EXT_BSCAN.tms_i, level0_i/ulp/ulp_ucs/inst/aclk_kernel_00_hierarchy/clock_throttling_aclk_kernel_00/U0/Gate_Div_d1, level0_i/ulp/ulp_ucs/inst/aclk_kernel_01_hierarchy/clock_throttling_aclk_kernel_01/U0/Gate_Div_d1, level0_i/ulp/ulp_cmp/inst/user_debug_hub/inst/xsdbm/inst/BSCANID.u_xsdbm_id/ZERO_SLAVES.bscanid_en_i, level0_i/ulp/ulp_cmp/inst/user_debug_hub/inst/xsdbm/inst/BSCANID.u_xsdbm_id/ZERO_SLAVES.capture_i, level0_i/ulp/ulp_cmp/inst/user_debug_hub/inst/xsdbm/inst/BSCANID.u_xsdbm_id/ZERO_SLAVES.drck_i, level0_i/ulp/ulp_cmp/inst/user_debug_hub/inst/xsdbm/inst/BSCANID.u_xsdbm_id/ZERO_SLAVES.reset_i, level0_i/ulp/ulp_cmp/inst/user_debug_hub/inst/xsdbm/inst/BSCANID.u_xsdbm_id/ZERO_SLAVES.runtest_i, level0_i/ulp/ulp_cmp/inst/user_debug_hub/inst/xsdbm/inst/BSCANID.u_xsdbm_id/ZERO_SLAVES.sel_i, level0_i/ulp/ulp_cmp/inst/user_debug_hub/inst/xsdbm/inst/BSCANID.u_xsdbm_id/ZERO_SLAVES.shift_i, level0_i/ulp/ulp_cmp/inst/user_debug_hub/inst/xsdbm/inst/BSCANID.u_xsdbm_id/ZERO_SLAVES.tdi_i, level0_i/ulp/ulp_cmp/inst/user_debug_hub/inst/xsdbm/inst/BSCANID.u_xsdbm_id/ZERO_SLAVES.tms_i... and (the first 15 of 106 listed).
INFO: [Vivado 12-3199] DRC finished with 0 Errors, 77 Warnings
INFO: [Vivado 12-3200] Please refer to the DRC report (report_drc) for more information.
Partition "pblock_dynamic_region" Reconfigurable Module "level0_i/ulp"
INFO: [Vivado 12-4077] No full design bitstream will be created with the use of the -cell option.
Process Partition "pblock_dynamic_region"
INFO: [Designutils 20-2272] Running write_bitstream with 8 threads.
Loading data files...
Loading site data...
Loading route data...
Processing options...
Creating bitmap...
Creating bitstream...
Partial bitstream contains 391291648 bits.
Writing bitstream ./level0_i_ulp_my_rm_partial.bit...
INFO: [Vivado 12-1842] Bitgen Completed Successfully.
INFO: [Project 1-1876] WebTalk data collection is mandatory when using a ULT device. To see the specific WebTalk data collected for your design, open the usage_statistics_webtalk.html or usage_statistics_webtalk.xml file in the implementation directory.
INFO: [Common 17-83] Releasing license: Implementation
307 Infos, 536 Warnings, 1 Critical Warnings and 0 Errors encountered.
write_bitstream completed successfully
write_bitstream: Time (s): cpu = 00:26:29 ; elapsed = 00:11:42 . Memory (MB): peak = 14866.348 ; gain = 1941.449 ; free physical = 37081 ; free virtual = 52919
source /home/ae_reviewer/TempGNN/build/baselines/rtga_timingfix_v3_hw/_x/link/vivado/vpl/scripts/impl_1/_full_write_bitstream_post.tcl
INFO: [Common 17-206] Exiting Vivado at Wed Jul 15 10:03:53 2026...
[Wed Jul 15 10:03:59 2026] impl_1 finished
wait_on_runs: Time (s): cpu = 00:01:18 ; elapsed = 02:04:07 . Memory (MB): peak = 5184.426 ; gain = 0.000 ; free physical = 50404 ; free virtual = 66238
INFO: [OCL_UTIL] internal step: log_generated_reports for implementation '/home/ae_reviewer/TempGNN/build/baselines/rtga_timingfix_v3_hw/_x/link/vivado/vpl/output/generated_reports.log'
INFO: [OCL_UTIL] internal step: copy implementation run (impl_1) output files
Check VPL, containing 12 checks, has run: 0 errors, 1 advisory violation
ADVISORY: [AUTO-FREQ-SCALING-08] For clock hbm_aclk, the auto scaled frequency 450.4 MHz exceeds the original specified frequency. The compiler will select the original specified frequency of 450.0 MHz.
[10:04:45] Run vpl: Step impl: Completed
INFO: [Common 17-206] Exiting Vivado at Wed Jul 15 10:04:45 2026...
